t,RssAnon,RssFile,RssShmem,VmRSS,VmHWM,majflt,read_bytes,psi_io_full
0.001,44,256,0,300,300,0,0,20.83
0.101,8152,11680,0,19832,20672,1,73728000,20.83
0.202,8776,11680,0,20456,20672,1,129703936,20.83
0.302,8480,11680,0,20160,20852,1,192544768,20.83
0.403,8992,11680,0,20672,20852,1,266928128,20.83
0.503,85412,12664,0,98076,151604,1,266928128,20.83
0.603,102900,12728,0,115628,175592,1,266928128,20.83
0.704,104828,12728,0,117556,175592,1,266928128,20.83
0.804,113108,12728,0,125836,175592,1,275316736,20.83
0.904,113108,12728,0,125836,175592,1,275316736,20.83
1.005,113108,12728,0,125836,175592,1,275316736,20.83
1.105,113108,12728,0,125836,175592,1,283705344,20.83
1.206,113108,12728,0,125836,175592,1,283705344,20.83
1.306,113608,12728,0,126336,175592,1,283705344,20.83
1.406,113812,12728,0,126540,175592,1,292093952,20.83
1.507,117804,12728,0,130532,175592,1,292093952,20.83
1.607,117804,12728,0,130532,175592,1,292093952,20.83
1.707,117804,12728,0,130532,175592,1,292093952,20.83
1.808,117804,12728,0,130532,175592,1,300482560,19.41
1.908,117804,12728,0,130532,175592,1,300482560,19.41
2.009,117804,12728,0,130532,175592,1,300482560,19.41
2.109,117804,12728,0,130532,175592,1,307822592,19.41
2.209,117804,12728,0,130532,175592,1,307822592,19.41
2.310,117804,12728,0,130532,175592,1,307822592,19.41
2.410,118188,12728,0,130916,175592,1,308871168,19.41
2.510,118216,12728,0,130944,175592,1,308871168,19.41
2.611,118216,12728,0,130944,175592,1,308871168,19.41
2.711,118216,12728,0,130944,175592,1,315162624,19.41
2.812,118216,12728,0,130944,175592,1,315162624,19.41
2.912,118216,12728,0,130944,175592,1,315162624,19.41
3.012,118216,12728,0,130944,175592,1,315162624,19.41
3.113,118216,12728,0,130944,175592,1,320405504,19.41
3.213,118216,12728,0,130944,175592,1,320405504,19.41
3.314,118216,12728,0,130944,175592,1,320405504,19.41
3.414,118216,12728,0,130944,175592,1,326696960,19.41
3.515,118216,12728,0,130944,175592,1,326696960,19.41
3.615,118216,12728,0,130944,175592,1,326696960,19.41
3.716,139352,12792,0,152144,175592,1,326696960,19.41
3.816,159884,12792,0,172676,175592,1,326696960,17.89
3.916,180576,12792,0,193368,193368,1,326696960,17.89
4.017,205068,12792,0,217860,217860,1,326696960,17.89
4.117,225824,12792,0,238616,238616,1,326696960,17.89
4.218,242408,12792,0,255200,255200,1,326696960,17.89
4.318,258300,12792,0,271092,271092,1,326696960,17.89
4.418,277256,12792,0,290048,290048,1,326696960,17.89
4.519,299476,12792,0,312268,312268,1,326696960,17.89
4.619,322020,12792,0,334812,334812,1,326696960,17.89
4.719,341876,12792,0,354668,354668,1,326696960,17.89
4.820,363512,12792,0,376304,376304,1,326696960,17.89
4.920,385308,12792,0,398100,398100,1,326696960,17.89
5.021,407760,12792,0,420552,420552,1,326696960,17.89
5.121,430300,12792,0,443092,443092,1,326696960,17.89
5.221,453220,12792,0,466012,466012,1,326696960,17.89
5.322,474000,12792,0,486792,486792,1,326696960,17.89
5.422,498116,12792,0,510908,510908,1,326696960,17.89
5.522,522352,12792,0,535144,535144,1,326696960,17.89
5.623,543204,12792,0,555996,555996,1,326696960,17.89
5.723,567256,12792,0,580048,580048,1,326696960,16.82
5.823,587988,12792,0,600780,600780,1,326696960,16.82
5.924,613224,12792,0,626016,626016,1,326696960,16.82
6.024,633180,12792,0,645972,645972,1,326696960,16.82
6.124,657704,12792,0,670496,670496,1,326696960,16.82
6.225,677184,12792,0,689976,689976,1,326696960,16.82
6.325,699508,12792,0,712300,712300,1,326696960,16.82
6.426,723132,12792,0,735924,735924,1,326696960,16.82
6.526,746544,12792,0,759336,759336,1,326696960,16.82
6.626,769684,12792,0,782476,782476,1,326696960,16.82
6.727,790484,12792,0,803276,803276,1,326696960,16.82
6.827,812680,12792,0,825472,825472,1,326696960,16.82
6.927,835096,12792,0,847888,847888,1,326696960,16.82
7.028,838972,12792,0,851764,851764,1,326696960,16.82
7.128,838972,12792,0,851764,851764,1,326696960,16.82
7.228,838972,12792,0,851764,851764,1,326696960,16.82
7.329,124908,12944,0,137852,851108,1,326885376,16.82
7.429,145460,12944,0,158404,851108,1,326885376,16.82
7.529,169852,12944,0,182796,851108,1,326885376,16.82
7.630,190620,12944,0,203564,851108,1,326885376,16.82
7.730,211660,12944,0,224604,851108,1,326885376,16.49
7.831,235068,12944,0,248012,851108,1,326885376,16.49
7.931,258768,12944,0,271712,851108,1,326885376,16.49
8.031,278736,12944,0,291680,851108,1,326885376,16.49
8.132,300608,12944,0,313552,851108,1,326885376,16.49
8.232,322740,12944,0,335684,851108,1,326885376,16.49
8.333,347380,12944,0,360324,851108,1,326885376,16.49
8.433,368876,12944,0,381820,851108,1,326885376,16.49
8.533,390792,12944,0,403736,851108,1,326885376,16.49
8.634,412240,12944,0,425184,851108,1,326885376,16.49
8.734,431896,12944,0,444840,851108,1,326885376,16.49
8.834,454352,12944,0,467296,851108,1,326885376,16.49
8.935,479212,12944,0,492156,851108,1,326885376,16.49
9.035,499156,12944,0,512100,851108,1,326885376,16.49
9.136,523540,12944,0,536484,851108,1,326885376,16.49
9.236,545848,12944,0,558792,851108,1,326885376,16.49
9.336,567264,12944,0,580208,851108,1,326885376,16.49
9.437,587996,12944,0,600940,851108,1,326885376,16.49
9.537,611336,12944,0,624280,851108,1,326885376,16.49
9.637,633188,12944,0,646132,851108,1,326885376,17.12
9.738,653760,12944,0,666704,851108,1,326885376,17.12
9.838,676656,12944,0,689600,851108,1,326885376,17.12
9.938,699516,12944,0,712460,851108,1,326885376,17.12
10.039,721316,12944,0,734260,851108,1,326885376,17.12
10.139,743704,12944,0,756648,851108,1,326885376,17.12
10.239,765748,12944,0,778692,851108,1,326885376,17.12
10.340,787620,12944,0,800564,851108,1,326885376,17.12
10.440,809216,12944,0,822160,851108,1,326885376,17.12
10.541,832152,12944,0,845096,851108,1,326885376,17.12
10.641,882428,12944,0,895372,895372,1,326885376,17.12
10.741,1063348,12944,0,1076292,1076292,1,326885376,17.12
10.842,1243260,12944,0,1256204,1256204,1,326885376,17.12
10.942,1413580,12944,0,1426524,1426524,1,326885376,17.12
11.042,1558004,12944,0,1570948,1570948,1,326885376,17.12
11.143,1558016,12944,0,1570960,1570960,1,326885376,17.12
11.244,1558064,12944,0,1571008,1571008,1,326885376,17.12
11.348,1558092,12944,0,1571036,1571036,1,326885376,17.12
11.449,1596900,12944,0,1609844,1609844,1,326885376,17.12
11.549,1715600,12944,0,1728544,1728544,1,326885376,18.19
11.649,1872016,12944,0,1884960,1884960,1,326885376,18.19
11.750,1298568,12944,0,1311512,1968900,1,326885376,18.19
11.850,616324,12944,0,629268,1968900,1,326885376,18.19
11.951,709764,12944,0,722708,1968900,1,326885376,18.19
12.051,729348,20012,0,749360,1968900,3,326885376,18.19
12.151,608624,103364,0,711988,1968900,5,326885376,18.19
12.252,608636,169264,0,777900,1968900,5,326885376,18.19
12.356,608636,169264,0,777900,1968900,5,326885376,18.19
12.456,659080,169264,0,828344,1968900,5,326885376,18.19
12.557,749924,169264,0,919188,1968900,5,326885376,18.19
12.657,803960,169264,0,973224,1968900,5,326885376,18.19
12.758,863488,169264,0,1032752,1968900,5,326885376,18.19
12.858,1000356,169264,0,1169620,1968900,5,326885376,18.19
12.958,1093244,169264,0,1262508,1968900,5,326885376,18.19
13.059,1161264,169264,0,1330528,1968900,5,326885376,18.19
13.159,1193192,169264,0,1362456,1968900,5,326885376,18.19
13.259,1205032,169264,0,1374296,1968900,5,326885376,18.19
13.360,1133172,169264,0,1302436,1968900,5,326885376,18.19
13.460,1015520,169264,0,1184784,1968900,5,326885376,15.62
13.560,1015520,169264,0,1184784,1968900,5,326885376,15.62
13.661,1015520,169264,0,1184784,1968900,5,326885376,15.62
13.761,906168,169328,0,1075496,1968900,5,326885376,15.62
13.861,909248,169328,0,1078576,1968900,5,326885376,15.62
13.962,909280,169328,0,1078608,1968900,5,326885376,15.62
14.062,909304,169328,0,1078632,1968900,5,326885376,15.62
14.162,909312,169328,0,1078640,1968900,5,326885376,15.62
14.263,909348,169328,0,1078676,1968900,5,326885376,15.62
14.363,909364,169328,0,1078692,1968900,5,326885376,15.62
14.463,909412,169328,0,1078740,1968900,5,326885376,15.62
14.564,909428,169328,0,1078756,1968900,5,326885376,15.62
14.664,909452,169328,0,1078780,1968900,5,326885376,15.62
14.765,909460,169328,0,1078788,1968900,5,326885376,15.62
14.865,909512,169328,0,1078840,1968900,5,326885376,15.62
14.965,909524,169328,0,1078852,1968900,5,326885376,15.62
15.066,909528,169328,0,1078856,1968900,5,326885376,15.62
15.166,909532,169328,0,1078860,1968900,5,326885376,15.62
15.266,909536,169328,0,1078864,1968900,5,326885376,15.62
15.366,909536,169328,0,1078864,1968900,5,326885376,16.41
15.467,909536,169328,0,1078864,1968900,5,326885376,16.41
15.567,909536,169328,0,1078864,1968900,5,326885376,16.41
15.668,909536,169328,0,1078864,1968900,5,326885376,16.41
15.768,909536,169328,0,1078864,1968900,5,326885376,16.41
15.868,909536,169328,0,1078864,1968900,5,326885376,16.41
15.969,909536,169328,0,1078864,1968900,5,326885376,16.41
16.069,909536,169328,0,1078864,1968900,5,326885376,16.41
16.169,909536,169328,0,1078864,1968900,5,326885376,16.41
16.270,909536,169328,0,1078864,1968900,5,326885376,16.41
16.370,909536,169328,0,1078864,1968900,5,326885376,16.41
16.470,909544,169328,0,1078872,1968900,5,326885376,16.41
16.571,909556,169328,0,1078884,1968900,5,326885376,16.41
16.671,909808,169328,0,1079136,1968900,5,326885376,16.41
16.771,909820,169328,0,1079148,1968900,5,326885376,16.41
16.872,909820,169328,0,1079148,1968900,5,326885376,16.41
16.972,354992,91200,0,446192,1968900,5,326889472,16.41
17.073,366332,91520,0,457852,1968900,5,326889472,16.41
17.173,393736,91520,0,485256,1968900,5,326889472,16.41
17.273,421040,91520,0,512560,1968900,5,326889472,17.24
17.374,448392,91520,0,539912,1968900,5,326889472,17.24
17.474,475572,91520,0,567092,1968900,5,326889472,17.24
17.574,502576,91520,0,594096,1968900,5,326889472,17.24
17.674,530060,91520,0,621580,1968900,5,326889472,17.24
17.775,536524,92224,0,628748,1968900,5,326889472,17.24
17.875,536524,92224,0,628748,1968900,5,326889472,17.24
17.975,536524,92224,0,628748,1968900,5,326889472,17.24
18.076,536524,92224,0,628748,1968900,5,326889472,17.24
18.176,536524,92224,0,628748,1968900,5,326889472,17.24
18.276,383960,92328,0,476288,1968900,5,357253120,17.24
18.377,403340,116616,0,519956,1968900,29,387727360,17.24
18.477,394820,118264,0,513084,1968900,35,419184640,17.24
18.577,397536,178100,0,575636,1968900,37,448544768,17.24
18.678,416488,161252,0,577740,1968900,39,473718784,17.24
18.778,459148,167896,0,627044,1968900,41,507273216,17.24
18.879,442984,208976,0,651960,1968900,41,540827648,17.24
18.979,413852,141816,0,555668,1968900,42,566001664,17.24
19.079,409292,206208,0,615500,1968900,42,585842688,17.24
19.180,458928,245672,0,704600,1968900,43,619397120,16.65
19.280,464504,259584,0,724088,1968900,43,644562944,16.65
19.381,437936,316224,0,754160,1968900,43,668749824,16.65
19.481,412464,343680,0,756144,1968900,44,685531136,16.65
19.581,458608,371276,0,829884,1968900,45,710696960,16.65
19.682,450572,398192,0,848764,1968900,45,727474176,16.65
19.782,437604,184700,0,622304,1968900,46,744267776,16.65
19.882,427708,233296,0,661004,1968900,46,756613120,16.65
19.982,416732,280980,0,697712,1968900,46,796356608,16.65
20.083,423376,330548,0,753924,1968900,46,804220928,16.65
20.183,427472,361960,0,789432,1968900,47,835551232,16.65
20.284,431568,337432,0,769000,1968900,49,858484736,16.65
20.384,476048,365440,0,841488,1968900,49,892039168,16.65
20.484,445176,415008,0,860184,1968900,49,918102016,16.65
20.585,456204,458896,0,915100,1968900,49,934879232,16.65
20.685,438052,508840,0,946892,1968900,49,960045056,16.65
20.785,466624,573716,0,1040340,1968900,49,968433664,16.65
20.886,485180,616664,0,1101844,1968900,49,982712320,16.65
20.986,485976,637236,0,1123212,1968900,49,1035960320,16.65
21.086,518000,878748,0,1396748,1968900,134,1040154624,15.27
21.186,518000,1230680,0,1748680,1968900,150,1040158720,15.27
21.287,518000,1463200,0,1981200,1986992,155,1040171008,15.27
21.387,518000,1531496,0,2049496,2199392,157,1040183296,15.27
21.488,518000,1748796,0,2266796,2266796,157,1040183296,15.27
21.588,518000,1913772,0,2431772,2431772,157,1040183296,15.27
21.688,518000,1811460,0,2329460,2590340,157,1040199680,15.27
21.789,518000,1909896,0,2427896,2590340,158,1040199680,15.27
21.889,518000,1997684,0,2515684,2590340,158,1040199680,15.27
21.990,518000,2090276,0,2608276,2608276,158,1040199680,15.27
22.090,518000,2172260,0,2690260,2690260,158,1040199680,15.27
22.190,480236,2184444,0,2664680,2701284,158,1056976896,15.27
22.291,460020,2184444,0,2644464,2701284,158,1080193024,15.27
22.391,514956,2184444,0,2699400,2701284,158,1115844608,15.27
22.491,506672,2184444,0,2691116,2701284,158,1142960128,15.27
22.592,501124,2184444,0,2685568,2701284,158,1178611712,15.27
22.692,473540,2184444,0,2657984,2703308,158,1218457600,15.27
22.792,460020,2184444,0,2644464,2707300,158,1248866304,15.27
22.893,460020,2184444,0,2644464,2707300,158,1282420736,15.27
22.993,517172,2184444,0,2701616,2707300,158,1319120896,15.22
23.093,495300,2184444,0,2679744,2707300,158,1344286720,15.22
23.194,460020,2184444,0,2644464,2707300,158,1369452544,15.22
23.294,460020,2184444,0,2644464,2707300,158,1401589760,15.22
23.394,486952,2184444,0,2671396,2707300,158,1444950016,15.22
23.495,500436,2184444,0,2684880,2707300,158,1470115840,15.22
23.595,487684,2184444,0,2672128,2707300,158,1503690752,15.22
23.695,460020,2184444,0,2644464,2707300,158,1528856576,15.22
23.796,460020,2184444,0,2644464,2707300,158,1562411008,15.22
23.896,522360,2184444,0,2706804,2707300,158,1581375488,15.22
23.997,500152,2200268,0,2700420,2721576,158,1623162880,15.22
24.097,460020,2253900,0,2713920,2766328,158,1636941824,15.22
24.197,522300,2270572,0,2792872,2792872,158,1670496256,15.22
24.298,460020,2316372,0,2776392,2837448,158,1702764544,15.22
24.398,522476,1506668,0,2029144,2857456,158,1719574528,15.22
24.498,471780,1329192,0,1800972,2857456,159,1753128960,15.22
24.599,527292,1361264,0,1888556,2857456,159,1769906176,15.22
24.699,497840,1396080,0,1893920,2857456,159,1787969536,15.22
24.800,461276,1461616,0,1922892,2857456,159,1813135360,15.22
24.900,524808,1461616,0,1986424,2857456,159,1855078400,15.22
25.000,461276,1526400,0,1987676,2857456,159,1871855616,15.54
25.101,483512,1542208,0,2025720,2857456,159,1895981056,15.54
25.201,461276,1585788,0,2047064,2857456,159,1921146880,15.54
25.301,482588,1617464,0,2100052,2857456,159,1937924096,15.54
25.402,513404,1664452,0,2177856,2857456,159,1954701312,15.54
25.502,513516,1673884,0,2187400,2857456,159,1975234560,15.54
25.603,461276,1616096,0,2077372,2857456,160,1994137600,15.54
25.703,517212,1635556,0,2152768,2857456,160,2034741248,15.54
25.803,517212,1851008,0,2368220,2857456,162,2034745344,15.54
25.904,517212,1502364,0,2019576,2857456,164,2034794496,15.54
26.004,517212,1942984,0,2460196,2857456,164,2034794496,15.54
26.105,517212,2153632,0,2670844,2857456,164,2034794496,15.54
26.205,517212,2281372,0,2798584,2857456,164,2034794496,15.54
26.306,517212,2425888,0,2943100,2943100,164,2034794496,15.54
26.406,517212,2667000,0,3184212,3184212,164,2034794496,15.54
26.506,517212,2838044,0,3355256,3355256,164,2034794496,15.54
26.607,517212,2954968,0,3472180,3472180,164,2034794496,15.54
26.707,517212,3077520,0,3594732,3594732,164,2034794496,15.54
26.807,517212,3256876,0,3774088,3774088,164,2034794496,15.54
26.908,517212,3404492,0,3921704,3921704,164,2034794496,14.53
27.008,517212,3523892,0,4041104,4041104,164,2034794496,14.53
27.108,517212,3594104,0,4111316,4111316,164,2034794496,14.53
27.209,517212,2731380,0,3248592,4148840,164,2034860032,14.53
27.309,517212,2664616,0,3181828,4148840,165,2034860032,14.53
27.410,517212,2755968,0,3273180,4148840,165,2034860032,14.53
27.510,517212,2851780,0,3368992,4148840,165,2034860032,14.53
27.611,463356,2851780,0,3315136,4148840,165,2060025856,14.53
27.711,533032,2851780,0,3384812,4148840,165,2085191680,14.53
27.811,507120,2851780,0,3358900,4148840,165,2120450048,14.53
27.912,424544,2851780,0,3276324,4148840,165,2137227264,14.53
28.012,506980,2851780,0,3358760,4148840,165,2170781696,14.53
28.113,495104,2851780,0,3346884,4148840,165,2195947520,14.53
28.213,421784,2851780,0,3273564,4148840,165,2221113344,14.53
28.313,500928,2849732,0,3350660,4148840,165,2254667776,14.53
28.414,501572,2851780,0,3353352,4148840,165,2283388928,14.53
28.514,460264,2848612,0,3308876,4148840,165,2321776640,14.53
28.615,526124,2848612,0,3374736,4148840,165,2346942464,14.53
28.715,460264,2848580,0,3308844,4148840,165,2372108288,14.53
28.815,529016,2848580,0,3377596,4148840,165,2397274112,13.89
28.916,494356,2848580,0,3342936,4148840,165,2422439936,13.89
29.016,496248,2847556,0,3343804,4148840,165,2447605760,13.89
29.116,469988,2847556,0,3317544,4148840,165,2482487296,13.89
29.217,461504,2847556,0,3309060,4148840,165,2499264512,13.89
29.317,525260,2847540,0,3372800,4148840,165,2541207552,13.89
29.418,483472,2847540,0,3331012,4148840,165,2558365696,13.89
29.518,486664,2847348,0,3334012,4148840,165,2583531520,13.89
29.618,490288,2847604,0,3337892,4148840,165,2608697344,13.89
29.719,521200,2847604,0,3368804,4148840,165,2630905856,13.89
29.819,466108,2845876,0,3311984,4148840,165,2676539392,13.89
29.919,530892,2846548,0,3377440,4148840,165,2706161664,13.89
30.020,505676,2846548,0,3352224,4148840,165,2731679744,13.89
30.120,482380,2846548,0,3328928,4148840,165,2770935808,13.89
30.221,461504,2846548,0,3308052,4148840,165,2812878848,13.89
30.321,479276,2846548,0,3325824,4148840,165,2846433280,13.89
30.421,461504,2846548,0,3308052,4148840,165,2879987712,13.89
30.522,461504,2846548,0,3308052,4148840,165,2930319360,13.89
30.622,461504,2845540,0,3307044,4148840,165,2955485184,13.89
30.722,524740,2845540,0,3370280,4148840,165,2989039616,13.89
30.823,484312,2869452,0,3353764,4148840,165,3022594048,14.64
30.923,531048,2924852,0,3455900,4148840,165,3047759872,14.64
31.024,517744,2941236,0,3458980,4148840,165,3079086080,14.64
31.124,533360,2997884,0,3531244,4148840,165,3095863296,14.64
31.225,490248,3013980,0,3504228,4148840,165,3121029120,14.64
31.325,534112,3039580,0,3573692,4148840,165,3137806336,14.64
31.426,461504,3087832,0,3549336,4148840,165,3162972160,14.64
31.526,533860,3109068,0,3642928,4148840,165,3179749376,14.64
31.626,461504,3161408,0,3622912,4148840,165,3201331200,14.64
31.727,533840,3175832,0,3709672,4148840,165,3226497024,14.64
31.827,471880,3233960,0,3705840,4148840,165,3243274240,14.64
31.928,535560,3250380,0,3785940,4148840,165,3268440064,14.64
32.028,461504,3310280,0,3771784,4148840,165,3284168704,14.64
32.128,534704,3322060,0,3856764,4148840,165,3310383104,14.64
32.229,534704,3383524,0,3918228,4148840,165,3310383104,14.64
32.330,497636,3391884,0,3889520,4148840,165,3335548928,14.64
32.430,536068,3444012,0,3980080,4148840,165,3344097280,14.64
32.530,487432,3471864,0,3959296,4148840,165,3398070272,14.64
32.631,535984,3482180,0,4018164,4148840,165,3419041792,14.64
32.732,535984,3567908,0,4103892,4148840,165,3419041792,14.64
32.832,535984,3560840,0,4096824,4149920,166,3419054080,12.89
32.933,535984,3733284,0,4269268,4269268,167,3419058176,12.89
33.033,535984,3845984,0,4381968,4381968,167,3419058176,12.89
33.134,535984,3931964,0,4467948,4467948,167,3419058176,12.89
33.234,535984,3730684,0,4266668,4523840,168,3419078656,12.89
33.335,535984,3818172,0,4354156,4523840,168,3419078656,12.89
33.435,535984,3881760,0,4417744,4523840,168,3419078656,12.89
33.536,535984,3956156,0,4492140,4523840,168,3419078656,12.89
33.636,535984,4038124,0,4574108,4574108,168,3419078656,12.89
33.737,535984,4121144,0,4657128,4657128,168,3419078656,12.89
33.837,535984,4175256,0,4711240,4711240,168,3419078656,12.89
33.938,535984,4234800,0,4770784,4770784,168,3419078656,12.89
34.038,535984,4312484,0,4848468,4848468,168,3419078656,12.89
34.139,535984,4353488,0,4889472,4889472,168,3419078656,12.89
34.239,535984,4404132,0,4940116,4940116,168,3419078656,12.89
34.340,535984,4475160,0,5011144,5011144,168,3419078656,12.89
34.440,535984,4541420,0,5077404,5077404,168,3419078656,12.89
34.541,535984,4592920,0,5128904,5128904,168,3419078656,12.89
34.641,535984,4670604,0,5206588,5206588,168,3419078656,12.89
34.741,535984,4741396,0,5277380,5277380,168,3419078656,11.82
34.842,535984,4797196,0,5333180,5333180,168,3419078656,11.82
34.943,535984,4868696,0,5404680,5404680,168,3419078656,11.82
35.043,535984,4952724,0,5488708,5488708,168,3419078656,11.82
35.143,535984,4991996,0,5527980,5527980,168,3419078656,11.82
35.244,535984,5045752,0,5581736,5581736,168,3419078656,11.82
35.344,535984,5111636,0,5647620,5647620,168,3419078656,11.82
35.445,535984,5185024,0,5721008,5721008,168,3419078656,11.82
35.545,535984,4402688,0,4938672,5744632,168,3419160576,11.82
35.646,535984,3145216,0,3681200,5744632,169,3419160576,11.82
35.746,535984,3221668,0,3757652,5744632,169,3419160576,11.82
35.846,535984,3286532,0,3822516,5744632,169,3419160576,11.82
35.947,535984,3354384,0,3890368,5744632,169,3419160576,11.82
36.047,477720,3362712,0,3840432,5744632,169,3444326400,11.82
36.148,535972,3362712,0,3898684,5744632,169,3477880832,11.82
36.248,504600,3362712,0,3867312,5744632,169,3499835392,11.82
36.349,461504,3362840,0,3824344,5744632,169,3525001216,11.82
36.449,522536,3362840,0,3885376,5744632,169,3566944256,11.82
36.549,475172,3364992,0,3840164,5744632,169,3583721472,11.82
36.650,536212,3366936,0,3903148,5744632,169,3617275904,11.82
36.750,517348,3366936,0,3884284,5744632,169,3650830336,10.22
36.851,461504,3366936,0,3828440,5744632,169,3675996160,10.22
36.951,516024,3366680,0,3882704,5744632,169,3703259136,10.22
37.052,536880,3366664,0,3903544,5744632,169,3717939200,10.22
37.152,503224,3366664,0,3869888,5744632,169,3751493632,10.22
37.252,537920,3366664,0,3904584,5744632,169,3768270848,10.22
37.353,509792,3366664,0,3876456,5744632,169,3808612352,10.22
37.453,461504,3366664,0,3828168,5744632,169,3817000960,10.22
37.553,519904,3366664,0,3886568,5744632,169,3858944000,10.22
37.654,461504,3366664,0,3828168,5744632,169,3875721216,10.22
37.754,528304,3366664,0,3894968,5744632,169,3909275648,10.22
37.855,461504,3366680,0,3828184,5744632,169,3934441472,10.22
37.955,537740,3366696,0,3904436,5744632,169,3967995904,10.22
38.055,461504,3366696,0,3828200,5744632,169,3973361664,10.22
38.156,498416,3366696,0,3865112,5744632,169,3998527488,10.22
38.256,537936,3366696,0,3904632,5744632,169,4015304704,10.22
38.356,498712,3366696,0,3865408,5744632,169,4040470528,10.22
38.457,538016,3366952,0,3904968,5744632,169,4057247744,10.22
38.557,517720,3366952,0,3884672,5744632,169,4090802176,10.22
38.658,466104,3372328,0,3838432,5744632,169,4107579392,10.22
38.758,530212,3372328,0,3902540,5744632,169,4133761024,11.27
38.858,434820,3374376,0,3809196,5744632,169,4179902464,11.27
38.959,516264,3374376,0,3890640,5744632,169,4211097600,11.27
39.059,484516,3374376,0,3858892,5744632,169,4244652032,11.27
39.159,518000,3374376,0,3892376,5744632,169,4269817856,11.27
39.260,511568,3374376,0,3885944,5744632,169,4297998336,11.27
39.360,462232,3374376,0,3836608,5744632,169,4314775552,11.27
39.460,524080,3374376,0,3898456,5744632,169,4356718592,11.27
39.561,462232,3374376,0,3836608,5744632,169,4365107200,11.27
39.661,493920,3374376,0,3868296,5744632,169,4381884416,11.27
39.762,541024,3374376,0,3915400,5744632,169,4415438848,11.27
39.862,513624,3374376,0,3888000,5744632,169,4448993280,11.27
39.962,467584,3374376,0,3841960,5744632,169,4482547712,11.27
40.063,539764,3374376,0,3914140,5744632,169,4516102144,11.27
40.163,475772,3374376,0,3850148,5744632,169,4539621376,11.27
40.263,540236,3374376,0,3914612,5744632,169,4564787200,11.27
40.364,464852,3374344,0,3839196,5744632,169,4598341632,11.27
40.464,536816,3374344,0,3911160,5744632,169,4606730240,11.27
40.565,525900,3374344,0,3900244,5744632,169,4641931264,11.27
40.665,470896,3374344,0,3845240,5744632,169,4658708480,11.94
40.765,536956,3374344,0,3911300,5744632,169,4700651520,11.94
40.866,470896,3374344,0,3845240,5744632,169,4717428736,11.94
40.966,545996,3374344,0,3920340,5744632,169,4750983168,11.94
41.067,545996,2394156,0,2940152,5744632,169,4751052800,11.94
41.168,470896,1321776,0,1792672,5744632,170,4778799104,11.94
41.268,539332,1321776,0,1861108,5744632,170,4803964928,11.94
41.368,551960,1382292,0,1934252,5744632,170,4812353536,11.94
41.469,506324,1402916,0,1909240,5744632,170,4830085120,11.94
41.569,551992,1434848,0,1986840,5744632,170,4855250944,11.94
41.670,470900,1488500,0,1959400,5744632,170,4880416768,11.94
41.770,556124,1527060,0,2083184,5744632,170,4905582592,11.94
41.870,495160,1577460,0,2072620,5744632,170,4930748416,11.94
41.971,555992,1632400,0,2188392,5744632,170,4938977280,11.94
42.071,474100,1666284,0,2140384,5744632,170,4993470464,11.94
42.171,555452,1674364,0,2229816,5744632,170,5021782016,11.94
42.272,555452,1847548,0,2403000,5744632,170,5021782016,11.94
42.372,555452,2070780,0,2626232,5744632,170,5021782016,11.94
42.473,555452,2284120,0,2839572,5744632,170,5021782016,11.94
42.573,555452,2444256,0,2999708,5744632,170,5021782016,9.78
42.674,555452,2603868,0,3159320,5744632,170,5021782016,9.78
42.774,555452,2726780,0,3282232,5744632,170,5021782016,9.78
42.874,555452,2838420,0,3393872,5744632,170,5021782016,9.78
42.975,555452,3018280,0,3573732,5744632,170,5021782016,9.78
43.075,555452,3280448,0,3835900,5744632,170,5021782016,9.78
43.176,555452,3395136,0,3950588,5744632,170,5021782016,9.78
43.276,555452,3673672,0,4229124,5744632,170,5021782016,9.78
43.377,555452,3831776,0,4387228,5744632,170,5021782016,9.78
43.477,555452,3958268,0,4513720,5744632,170,5021782016,9.78
43.577,555452,4082796,0,4638248,5744632,170,5021782016,9.78
43.678,555452,4208896,0,4764348,5744632,170,5021782016,9.78
43.778,555452,4381288,0,4936740,5744632,170,5021782016,9.78
43.879,555452,4643220,0,5198672,5744632,170,5021782016,9.78
43.979,555452,4799760,0,5355212,5744632,170,5021782016,9.78
44.079,555452,4888492,0,5443944,5744632,170,5021782016,9.78
44.180,555452,5018524,0,5573976,5744632,170,5021782016,9.78
44.280,555452,5138980,0,5694432,5744632,170,5021782016,9.78
44.380,555452,5275080,0,5830532,5830532,170,5021782016,9.78
44.481,555452,5442368,0,5997820,5997820,170,5021782016,10.72
44.581,555452,5665104,0,6220556,6220556,170,5021782016,10.72
44.681,555452,5901160,0,6456612,6456612,170,5021782016,10.72
44.782,555452,6149288,0,6704740,6704740,170,5021782016,10.72
44.882,555452,6269988,0,6825440,6825440,170,5021782016,10.72
44.982,555452,6374128,0,6929580,6929580,170,5021782016,10.72
45.083,555452,6482452,0,7037904,7037904,170,5021782016,10.72
45.183,555452,6568952,0,7124404,7124404,170,5021782016,10.72
45.283,461396,6569496,0,7030892,7124040,170,5042753536,10.72
45.384,521908,6569416,0,7091324,7124040,170,5080502272,10.72
45.484,473372,6569416,0,7042788,7124040,170,5097279488,10.72
45.585,473372,6569416,0,7042788,7124040,170,5097279488,10.72
45.685,487376,6569416,0,7056792,7124040,170,5105668096,10.72
45.785,458500,6569416,0,7027916,7124040,170,5122445312,10.72
45.886,508672,6569416,0,7078088,7124040,170,5166092288,10.72
45.986,447532,6569352,0,7016884,7124040,170,5191258112,10.72
46.087,536792,6569352,0,7106144,7124040,170,5224812544,10.72
46.187,464476,6569608,0,7034084,7124040,170,5249978368,10.72
46.287,515056,6569576,0,7084632,7124040,170,5283532800,10.72
46.388,484380,6569576,0,7053956,7124040,170,5308698624,10.72
46.488,527352,6569640,0,7096992,7124040,170,5333864448,12.22
46.588,477820,6569704,0,7047524,7124040,170,5359030272,12.22
46.689,531208,6569784,0,7100992,7124040,170,5384196096,12.22
46.789,484088,6569736,0,7053824,7124040,170,5421649920,12.22
46.889,531220,6569736,0,7100956,7124040,170,5446815744,12.22
46.990,485248,6569736,0,7054984,7124040,170,5467021312,12.22
47.090,530440,6569736,0,7100176,7124040,170,5492187136,12.22
47.191,518648,6569736,0,7088384,7124040,170,5542518784,12.22
47.291,451000,6569768,0,7020768,7124040,170,5550907392,12.22
47.392,504024,6569768,0,7073792,7124040,170,5584461824,12.22
47.493,535080,6569832,0,7104912,7124040,170,5601239040,12.22
47.593,478152,6569832,0,7047984,7124040,170,5626404864,12.22
47.693,535992,6569832,0,7105824,7124040,170,5659959296,12.22
47.794,489240,6568744,0,7057984,7124040,170,5676736512,12.22
47.894,536952,6568744,0,7105696,7124040,170,5701902336,12.22
47.995,488144,6568744,0,7056888,7124040,170,5727506432,12.22
48.095,451452,6568536,0,7019988,7124040,170,5752672256,12.22
48.195,515020,6567512,0,7082532,7124040,170,5786226688,12.22
48.296,451452,6567512,0,7018964,7124040,170,5810962432,12.22
48.396,531076,6567512,0,7098588,7124040,170,5857034240,12.36
48.496,466408,6567512,0,7033920,7124040,170,5873811456,12.36
48.597,537272,6567512,0,7104784,7124040,170,5915754496,12.36
48.697,451452,6567512,0,7018964,7124040,170,5924675584,12.36
48.798,506908,6567512,0,7074420,7124040,170,5949841408,12.36
48.898,451452,6567528,0,7018980,7124040,170,5984051200,12.36
48.998,536536,6567528,0,7104064,7124040,170,6017605632,12.36
49.099,484980,6567544,0,7052524,7124040,170,6051160064,12.36
49.199,533872,6567544,0,7101416,7124040,170,6076325888,12.36
49.299,498552,6567544,0,7066096,7124040,170,6109433856,12.36
49.400,535736,6567560,0,7103296,7124040,170,6134599680,12.36
49.501,482876,6567560,0,7050436,7124040,170,6151376896,12.36
49.601,529612,6567560,0,7097172,7124040,170,6176542720,12.36
49.701,451452,6567560,0,7019012,7124040,170,6193319936,12.36
49.802,535636,6567560,0,7103196,7124040,170,6226874368,12.36
49.902,464212,6568584,0,7032796,7124040,170,6243188736,12.36
50.003,451452,6581352,0,7032804,7124040,170,6243188736,12.36
50.103,451452,6675884,0,7127336,7127336,170,6243188736,12.36
50.204,451452,6775928,0,7227380,7227380,170,6243188736,12.36
50.304,451452,6608200,0,7059652,7265372,171,6243209216,12.66
50.405,451452,6685568,0,7137020,7265372,171,6243209216,12.66
50.505,451452,6785824,0,7237276,7265372,171,6243209216,12.66
50.606,451452,6838036,0,7289488,7289488,171,6243209216,12.66
50.706,451452,6878280,0,7329732,7329732,171,6243209216,12.66
50.806,451452,6942792,0,7394244,7394244,171,6243209216,12.66
50.907,451452,6998400,0,7449852,7449852,171,6243209216,12.66
51.007,451452,7067048,0,7518500,7518500,171,6243209216,12.66
51.108,451452,7114832,0,7566284,7566284,171,6243209216,12.66
51.208,451452,7172176,0,7623628,7623628,171,6243209216,12.66
51.308,451452,7250808,0,7702260,7702260,171,6243209216,12.66
51.409,451452,7309992,0,7761444,7761444,171,6243209216,12.66
51.509,451452,7364424,0,7815876,7815876,171,6243209216,12.66
51.610,451452,7443204,0,7894656,7894656,171,6243209216,12.66
51.710,451452,7532600,0,7984052,7984052,171,6243209216,12.66
51.810,451452,7614524,0,8065976,8065976,171,6243209216,12.66
51.911,451452,7671868,0,8123320,8123320,171,6243209216,12.66
52.011,451452,7737408,0,8188860,8188860,171,6243209216,12.66
52.112,451452,7823828,0,8275280,8275280,171,6243209216,13.08
52.212,451452,7916944,0,8368396,8368396,171,6243209216,13.08
52.312,451452,7978324,0,8429776,8429776,171,6243209216,13.08
52.413,451452,8036724,0,8488176,8488176,171,6243209216,13.08
52.513,451452,6225992,0,6677444,8499540,171,6243504128,13.08
52.614,451452,3856460,0,4307912,8499540,172,6243504128,13.08
52.714,451452,3950892,0,4402344,8499540,172,6243504128,13.08
52.814,451452,4025400,0,4476852,8499540,172,6243504128,13.08
52.915,451452,4099368,0,4550820,8499540,172,6243504128,13.08
53.015,451452,4179972,0,4631424,8499540,172,6243504128,13.08
53.116,451452,4259256,0,4710708,8499540,172,6243504128,13.08
53.216,451452,4331572,0,4783024,8499540,172,6243504128,13.08
53.316,451452,4406504,0,4857956,8499540,172,6243504128,13.08
53.417,451452,3266744,0,3718196,8499540,172,6243504128,13.08
53.517,451452,1554696,0,2006148,8499540,172,6243504128,13.08
53.618,451452,1554696,0,2006148,8499540,172,6243504128,13.08
53.718,451452,1554696,0,2006148,8499540,172,6243504128,13.08
53.818,402300,1513384,0,1915684,8499540,172,6260289536,13.08
53.919,402300,1513384,0,1915684,8499540,172,6277066752,13.08
54.019,408880,1513384,0,1922264,8499540,172,6285455360,10.71
54.119,424824,1513384,0,1938208,8499540,172,6289268736,10.71
54.220,439776,1513384,0,1953160,8499540,172,6289268736,10.71
54.320,476580,1513704,0,1990284,8499540,172,6291820544,10.71
54.420,483824,1513704,0,1997528,8499540,172,6297096192,10.71
54.521,490016,1513704,0,2003720,8499540,172,6304960512,10.71
54.621,496032,1513704,0,2009736,8499540,172,6304960512,10.71
54.722,502988,1513704,0,2016692,8499540,172,6304960512,10.71
54.822,509320,1513704,0,2023024,8499540,172,6304960512,10.71
54.922,516192,1513704,0,2029896,8499540,172,6311251968,10.71
55.023,523364,1513704,0,2037068,8499540,172,6311251968,10.71
55.123,530196,1513704,0,2043900,8499540,172,6311251968,10.71
55.223,538132,1513704,0,2051836,8499540,172,6311251968,10.71
55.324,543720,1513704,0,2057424,8499540,172,6311251968,10.71
55.424,549532,1513704,0,2063236,8499540,172,6311251968,10.71
55.524,559056,1513704,0,2072760,8499540,172,6311251968,10.71
55.625,563952,1513704,0,2077656,8499540,172,6315446272,10.71
55.725,569072,1513704,0,2082776,8499540,172,6315446272,10.71
55.825,574976,1513704,0,2088680,8499540,172,6315446272,10.71
55.926,582244,1513704,0,2095948,8499540,172,6315446272,10.71
56.026,587428,1513704,0,2101132,8499540,172,6315446272,11.49
56.126,593848,1513704,0,2107552,8499540,172,6315446272,11.49
56.227,598352,1513704,0,2112056,8499540,172,6315446272,11.49
56.327,603900,1513704,0,2117604,8499540,172,6323834880,11.49
56.428,609196,1513704,0,2122900,8499540,172,6323834880,11.49
56.528,616312,1513704,0,2130016,8499540,172,6323834880,11.49
56.628,623408,1513704,0,2137112,8499540,172,6323834880,11.49
56.729,630656,1513704,0,2144360,8499540,172,6332223488,11.49
56.829,635260,1513704,0,2148964,8499540,172,6332223488,11.49
56.929,639980,1513704,0,2153684,8499540,172,6332223488,11.49
57.030,645096,1513704,0,2158800,8499540,172,6332223488,11.49
57.130,650044,1513704,0,2163748,8499540,172,6332223488,11.49
57.230,656184,1513704,0,2169888,8499540,172,6332223488,11.49
57.331,662976,1513704,0,2176680,8499540,172,6332223488,11.49
57.431,668484,1513704,0,2182188,8499540,172,6332223488,11.49
57.531,676624,1513704,0,2190328,8499540,172,6340612096,11.49
57.632,684152,1513704,0,2197856,8499540,172,6340612096,11.49
57.732,690076,1513704,0,2203780,8499540,172,6340612096,11.49
57.832,694656,1513704,0,2208360,8499540,172,6340612096,11.49
57.933,699772,1513704,0,2213476,8499540,172,6340612096,12.3
58.033,705848,1513704,0,2219552,8499540,172,6340612096,12.3
58.133,710256,1513704,0,2223960,8499540,172,6340612096,12.3
58.234,715852,1513704,0,2229556,8499540,172,6340612096,12.3
58.334,720512,1513704,0,2234216,8499540,172,6340612096,12.3
58.434,724800,1513704,0,2238504,8499540,172,6349000704,12.3
58.535,729108,1513704,0,2242812,8499540,172,6349000704,12.3
58.635,734592,1513704,0,2248296,8499540,172,6349000704,12.3
58.735,739864,1513704,0,2253568,8499540,172,6349000704,12.3
58.836,743596,1513704,0,2257300,8499540,172,6349000704,12.3
58.936,750584,1513704,0,2264288,8499540,172,6349000704,12.3
59.036,754532,1513704,0,2268236,8499540,172,6349000704,12.3
59.137,761696,1513704,0,2275400,8499540,172,6349000704,12.3
59.237,768120,1513704,0,2281824,8499540,172,6357389312,12.3
59.337,779072,1513704,0,2292776,8499540,172,6357389312,12.3
59.438,789348,1513704,0,2303052,8499540,172,6357389312,12.3
59.538,791392,1513704,0,2305096,8499540,172,6357389312,12.3
59.639,793792,1513704,0,2307496,8499540,172,6357389312,12.3
59.739,799692,1513704,0,2313396,8499540,172,6357389312,12.3
59.839,806144,1513704,0,2319848,8499540,172,6357389312,12.3
59.940,809676,1513704,0,2323380,8499540,172,6357389312,10.07
60.040,812836,1513704,0,2326540,8499540,172,6357389312,10.07
60.140,816100,1513704,0,2329804,8499540,172,6357389312,10.07
60.241,819836,1513704,0,2333540,8499540,172,6365777920,10.07
60.341,824612,1513704,0,2338316,8499540,172,6365777920,10.07
60.442,828360,1513704,0,2342064,8499540,172,6365777920,10.07
60.542,832536,1513704,0,2346240,8499540,172,6365777920,10.07
60.642,838872,1513704,0,2352576,8499540,172,6365777920,10.07
60.743,844744,1513704,0,2358448,8499540,172,6365777920,10.07
60.843,850084,1513704,0,2363788,8499540,172,6365777920,10.07
60.943,856308,1513704,0,2370012,8499540,172,6365777920,10.07
61.044,861136,1513704,0,2374840,8499540,172,6365777920,10.07
61.144,866548,1513704,0,2380252,8499540,172,6374166528,10.07
61.245,884648,1513704,0,2398352,8499540,172,6374166528,10.07
61.345,886632,1513704,0,2400336,8499540,172,6374166528,10.07
61.445,888608,1513704,0,2402312,8499540,172,6374166528,10.07
61.546,894880,1513704,0,2408584,8499540,172,6374166528,10.07
61.646,900284,1513704,0,2413988,8499540,172,6374166528,10.07
61.746,904192,1513704,0,2417896,8499540,172,6374166528,10.07
61.847,907936,1513704,0,2421640,8499540,172,6374166528,10.97
61.947,913372,1513704,0,2427076,8499540,172,6374166528,10.97
62.048,918276,1513704,0,2431980,8499540,172,6382555136,10.97
62.148,922584,1513704,0,2436288,8499540,172,6382555136,10.97
62.248,929752,1513704,0,2443456,8499540,172,6382555136,10.97
62.349,932880,1513704,0,2446584,8499540,172,6382555136,10.97
62.449,936636,1513704,0,2450340,8499540,172,6382555136,10.97
62.549,942032,1513704,0,2455736,8499540,172,6382555136,10.97
62.650,947588,1513704,0,2461292,8499540,172,6382555136,10.97
62.750,952476,1513704,0,2466180,8499540,172,6382555136,10.97
62.850,959100,1513704,0,2472804,8499540,172,6382555136,10.97
62.951,963304,1513704,0,2477008,8499540,172,6382555136,10.97
63.051,968336,1513704,0,2482040,8499540,172,6390943744,10.97
63.151,974160,1513704,0,2487864,8499540,172,6390943744,10.97
63.252,977884,1513704,0,2491588,8499540,172,6390943744,10.97
63.352,984600,1513704,0,2498304,8499540,172,6390943744,10.97
63.452,988596,1513704,0,2502300,8499540,172,6390943744,10.97
63.553,995484,1513704,0,2509188,8499540,172,6390943744,10.97
63.653,1003920,1513704,0,2517624,8499540,172,6390943744,10.97
63.754,1006096,1513704,0,2519800,8499540,172,6390943744,11.88
63.854,1008872,1513704,0,2522576,8499540,172,6390943744,11.88
63.954,1012868,1513704,0,2526572,8499540,172,6399332352,11.88
64.055,1016148,1513704,0,2529852,8499540,172,6399332352,11.88
64.155,1027516,1513832,0,2541348,8499540,172,6399332352,11.88
64.256,1027516,1513832,0,2541348,8499540,172,6399332352,11.88
64.356,1027516,1513832,0,2541348,8499540,172,6399332352,11.88
64.457,1027516,1513832,0,2541348,8499540,172,6399332352,11.88
64.557,1027516,1513832,0,2541348,8499540,172,6399332352,11.88
64.657,1027516,1513832,0,2541348,8499540,172,6399332352,11.88
64.758,775208,1513832,0,2289040,8499540,172,6399332352,11.88
64.858,775940,1513832,0,2289772,8499540,172,6399332352,11.88
64.958,776388,1513832,0,2290220,8499540,172,6399332352,11.88
65.059,776440,1513832,0,2290272,8499540,172,6399332352,11.88
65.159,777416,1513832,0,2291248,8499540,172,6407720960,11.88
65.260,779008,1513832,0,2292840,8499540,172,6407720960,11.88
65.360,779852,1513832,0,2293684,8499540,172,6407720960,11.88
65.460,780160,1513832,0,2293992,8499540,172,6407720960,11.88
65.561,782100,1513832,0,2295932,8499540,172,6407720960,11.88
65.661,783060,1513832,0,2296892,8499540,172,6407720960,11.88
65.762,783332,1513832,0,2297164,8499540,172,6407720960,13.17
65.862,783888,1513832,0,2297720,8499540,172,6407720960,13.17
65.962,784992,1513832,0,2298824,8499540,172,6407720960,13.17
66.063,785472,1513832,0,2299304,8499540,172,6407720960,13.17
66.163,786448,1513832,0,2300280,8499540,172,6416109568,13.17
66.264,787964,1513832,0,2301796,8499540,172,6416109568,13.17
66.364,788240,1513832,0,2302072,8499540,172,6416109568,13.17
66.464,788500,1513832,0,2302332,8499540,172,6416109568,13.17
66.565,788736,1513832,0,2302568,8499540,172,6416109568,13.17
66.665,789124,1513832,0,2302956,8499540,172,6416109568,13.17
66.766,789504,1513832,0,2303336,8499540,172,6416109568,13.17
66.866,789876,1513832,0,2303708,8499540,172,6424498176,13.17
66.966,790428,1513832,0,2304260,8499540,172,6424498176,13.17
67.067,790960,1513832,0,2304792,8499540,172,6424498176,13.17
67.167,791368,1513832,0,2305200,8499540,172,6424498176,13.17
67.267,791556,1513832,0,2305388,8499540,172,6424498176,13.17
67.368,791592,1513832,0,2305424,8499540,172,6424498176,13.17
67.468,791620,1513832,0,2305452,8499540,172,6424498176,13.17
67.569,791632,1513832,0,2305464,8499540,172,6424498176,13.17
67.669,791644,1513832,0,2305476,8499540,172,6432886784,13.17
67.769,791656,1513832,0,2305488,8499540,172,6432886784,14.59
67.870,791664,1513832,0,2305496,8499540,172,6432886784,14.59
67.970,791680,1513832,0,2305512,8499540,172,6432886784,14.59
68.071,791684,1513832,0,2305516,8499540,172,6432886784,14.59
68.171,791688,1513832,0,2305520,8499540,172,6432886784,14.59
68.272,791688,1513832,0,2305520,8499540,172,6432886784,14.59
68.372,791688,1513832,0,2305520,8499540,172,6432886784,14.59
68.472,791688,1513832,0,2305520,8499540,172,6432886784,14.59
68.573,791688,1513832,0,2305520,8499540,172,6441275392,14.59
68.673,791688,1513832,0,2305520,8499540,172,6441275392,14.59
68.774,791688,1513832,0,2305520,8499540,172,6441275392,14.59
68.874,791688,1513832,0,2305520,8499540,172,6441275392,14.59
68.975,791688,1513832,0,2305520,8499540,172,6441275392,14.59
69.075,791688,1513832,0,2305520,8499540,172,6441275392,14.59
69.175,791688,1513832,0,2305520,8499540,172,6441275392,14.59
69.275,791688,1513832,0,2305520,8499540,172,6441275392,14.59
69.376,791688,1513832,0,2305520,8499540,172,6441275392,14.59
69.476,791688,1513832,0,2305520,8499540,172,6449664000,14.59
69.576,791688,1513832,0,2305520,8499540,172,6449664000,14.59
69.677,791688,1513832,0,2305520,8499540,172,6449664000,14.59
69.777,791688,1513832,0,2305520,8499540,172,6449664000,14.84
69.877,791688,1513832,0,2305520,8499540,172,6449664000,14.84
69.978,791688,1513832,0,2305520,8499540,172,6449664000,14.84
70.078,791688,1513832,0,2305520,8499540,172,6449664000,14.84
70.178,791688,1513832,0,2305520,8499540,172,6458052608,14.84
70.279,791688,1513832,0,2305520,8499540,172,6458052608,14.84
70.379,791688,1513832,0,2305520,8499540,172,6458052608,14.84
70.480,791688,1513832,0,2305520,8499540,172,6458052608,14.84
70.580,792264,1513832,0,2306096,8499540,172,6458052608,14.84
70.680,796820,1513832,0,2310652,8499540,172,6458052608,14.84
70.781,800844,1513832,0,2314676,8499540,172,6458052608,14.84
70.881,802784,1513832,0,2316616,8499540,172,6458052608,14.84
70.981,804740,1513832,0,2318572,8499540,172,6458052608,14.84
71.082,819364,1513832,0,2333196,8499540,172,6458052608,14.84
71.182,823908,1513832,0,2337740,8499540,172,6466441216,14.84
71.282,824904,1513832,0,2338736,8499540,172,6466441216,14.84
71.383,827440,1513832,0,2341272,8499540,172,6466441216,14.84
71.483,831636,1513832,0,2345468,8499540,172,6466441216,14.84
71.583,834028,1513832,0,2347860,8499540,172,6466441216,14.84
71.684,838936,1513832,0,2352768,8499540,172,6466441216,12.33
71.784,839316,1513832,0,2353148,8499540,172,6466441216,12.33
71.884,842228,1513832,0,2356060,8499540,172,6466441216,12.33
71.985,845908,1513832,0,2359740,8499540,172,6466441216,12.33
72.085,850500,1513832,0,2364332,8499540,172,6466441216,12.33
72.185,853496,1513832,0,2367328,8499540,172,6474829824,12.33
72.286,857584,1513832,0,2371416,8499540,172,6474829824,12.33
72.386,860400,1513832,0,2374232,8499540,172,6474829824,12.33
72.486,864448,1513832,0,2378280,8499540,172,6474829824,12.33
72.587,867868,1513832,0,2381700,8499540,172,6474829824,12.33
72.687,873216,1513832,0,2387048,8499540,172,6474829824,12.33
72.787,876144,1513832,0,2389976,8499540,172,6474829824,12.33
72.888,878568,1513832,0,2392400,8499540,172,6483218432,12.33
72.988,882256,1513832,0,2396088,8499540,172,6483218432,12.33
73.089,884896,1513832,0,2398728,8499540,172,6483218432,12.33
73.189,888500,1513832,0,2402332,8499540,172,6483218432,12.33
73.289,894092,1513832,0,2407924,8499540,172,6483218432,12.33
73.390,897360,1513832,0,2411192,8499540,172,6483218432,12.33
73.490,903848,1513832,0,2417680,8499540,172,6483218432,12.33
73.590,906632,1513832,0,2420464,8499540,172,6483218432,12.33
73.691,917744,1513832,0,2431576,8499540,172,6483218432,13.9
73.791,919080,1513832,0,2432912,8499540,172,6491607040,13.9
73.891,921528,1513832,0,2435360,8499540,172,6491607040,13.9
73.992,925064,1513832,0,2438896,8499540,172,6491607040,13.9
74.092,930816,1513832,0,2444648,8499540,172,6491607040,13.9
74.193,933884,1513832,0,2447716,8499540,172,6491607040,13.9
74.293,944056,1513832,0,2457888,8499540,172,6491607040,13.9
74.393,945156,1513832,0,2458988,8499540,172,6491607040,13.9
74.494,954448,1513832,0,2468280,8499540,172,6491607040,13.9
74.594,955732,1513832,0,2469564,8499540,172,6491607040,13.9
74.694,957316,1513832,0,2471148,8499540,172,6499995648,13.9
74.795,963368,1513832,0,2477200,8499540,172,6499995648,13.9
74.895,984660,1513832,0,2498492,8499540,172,6499995648,13.9
74.995,986344,1513832,0,2500176,8499540,172,6499995648,13.9
75.096,988008,1513832,0,2501840,8499540,172,6499995648,13.9
75.196,997804,1513832,0,2511636,8499540,172,6499995648,13.9
75.296,1000152,1513832,0,2513984,8499540,172,6499995648,13.9
75.397,1005472,1513832,0,2519304,8499540,172,6499995648,13.9
75.497,1009120,1513832,0,2522952,8499540,172,6499995648,13.9
75.597,1016960,1513832,0,2530792,8499540,172,6499995648,12.11
75.698,1022028,1513832,0,2535860,8499540,172,6508384256,12.11
75.798,1027152,1513832,0,2540984,8499540,172,6508384256,12.11
75.898,1031168,1513832,0,2545000,8499540,172,6508384256,12.11
75.999,1037252,1513832,0,2551084,8499540,172,6508384256,12.11
76.099,1037252,1513832,0,2551084,8499540,172,6508384256,12.11
76.199,1037252,1513832,0,2551084,8499540,172,6508384256,12.11
76.300,1037252,1513832,0,2551084,8499540,172,6508384256,12.11
76.400,1037252,1513832,0,2551084,8499540,172,6508388352,12.11
76.500,698828,1513832,0,2212660,8499540,172,6508388352,12.11
76.601,698828,1513832,0,2212660,8499540,172,6508388352,12.11
76.701,698828,1513832,0,2212660,8499540,172,6508388352,12.11
76.802,698828,1513832,0,2212660,8499540,172,6508388352,12.11
76.902,698828,1513832,0,2212660,8499540,172,6516776960,12.11
77.002,698828,1513832,0,2212660,8499540,172,6516776960,12.11
77.103,698828,1513832,0,2212660,8499540,172,6516776960,12.11
77.203,698828,1513832,0,2212660,8499540,172,6516776960,12.11
77.303,698828,1513832,0,2212660,8499540,172,6516776960,12.11
77.404,698828,1513832,0,2212660,8499540,172,6516776960,12.11
77.504,698828,1513832,0,2212660,8499540,172,6516776960,12.99
77.604,698828,1513832,0,2212660,8499540,172,6516776960,12.99
77.705,698828,1513832,0,2212660,8499540,172,6525165568,12.99
77.805,698828,1513832,0,2212660,8499540,172,6525165568,12.99
77.905,698828,1513832,0,2212660,8499540,172,6525165568,12.99
78.006,698828,1513832,0,2212660,8499540,172,6525165568,12.99
78.106,698828,1513832,0,2212660,8499540,172,6525165568,12.99
78.206,698828,1513832,0,2212660,8499540,172,6525165568,12.99
78.307,698828,1513832,0,2212660,8499540,172,6525165568,12.99
78.407,698828,1513832,0,2212660,8499540,172,6533554176,12.99
78.508,698828,1513832,0,2212660,8499540,172,6533554176,12.99
78.608,698828,1513832,0,2212660,8499540,172,6533554176,12.99
78.708,698828,1513832,0,2212660,8499540,172,6533554176,12.99
78.809,698828,1513832,0,2212660,8499540,172,6533554176,12.99
78.909,698828,1513832,0,2212660,8499540,172,6533554176,12.99
79.009,698828,1513832,0,2212660,8499540,172,6533554176,12.99
79.110,698828,1513832,0,2212660,8499540,172,6533554176,12.99
79.210,698828,1513832,0,2212660,8499540,172,6541942784,12.99
79.310,698828,1513832,0,2212660,8499540,172,6541942784,12.99
79.411,698828,1513832,0,2212660,8499540,172,6541942784,14.62
79.511,698828,1513832,0,2212660,8499540,172,6541942784,14.62
79.611,698828,1513832,0,2212660,8499540,172,6541942784,14.62
79.712,698828,1513832,0,2212660,8499540,172,6541942784,14.62
79.812,698828,1513832,0,2212660,8499540,172,6541942784,14.62
79.913,698828,1513832,0,2212660,8499540,172,6541942784,14.62
80.013,698828,1513832,0,2212660,8499540,172,6550331392,14.62
80.113,698828,1513832,0,2212660,8499540,172,6550331392,14.62
80.214,698828,1513832,0,2212660,8499540,172,6550331392,14.62
80.314,698828,1513832,0,2212660,8499540,172,6550331392,14.62
80.414,698828,1513832,0,2212660,8499540,172,6550331392,14.62
80.515,698828,1513832,0,2212660,8499540,172,6550331392,14.62
80.615,698828,1513832,0,2212660,8499540,172,6550331392,14.62
80.715,698828,1513832,0,2212660,8499540,172,6558720000,14.62
80.816,698908,1513832,0,2212740,8499540,172,6558720000,14.62
80.916,700480,1513832,0,2214312,8499540,172,6558720000,14.62
81.017,703488,1513832,0,2217320,8499540,172,6558720000,14.62
81.117,707204,1513832,0,2221036,8499540,172,6558720000,14.62
81.217,710568,1513832,0,2224400,8499540,172,6558720000,14.62
81.317,713024,1513832,0,2226856,8499540,172,6558720000,15.23
81.418,717284,1513832,0,2231116,8499540,172,6558720000,15.23
81.518,720976,1513832,0,2234808,8499540,172,6558720000,15.23
81.618,723992,1513832,0,2237824,8499540,172,6567108608,15.23
81.719,727552,1513832,0,2241384,8499540,172,6567108608,15.23
81.819,731324,1513832,0,2245156,8499540,172,6567108608,15.23
81.919,735668,1513832,0,2249500,8499540,172,6567108608,15.23
82.020,741612,1513832,0,2255444,8499540,172,6567108608,15.23
82.120,746636,1513832,0,2260468,8499540,172,6567108608,15.23
82.220,756260,1513832,0,2270092,8499540,172,6567108608,15.23
82.321,760968,1513832,0,2274800,8499540,172,6567108608,15.23
82.421,765836,1513832,0,2279668,8499540,172,6567108608,15.23
82.522,768636,1513832,0,2282468,8499540,172,6575497216,15.23
82.622,773032,1513832,0,2286864,8499540,172,6575497216,15.23
82.722,775848,1513832,0,2289680,8499540,172,6575497216,15.23
82.822,780068,1513832,0,2293900,8499540,172,6575497216,15.23
82.923,783488,1513832,0,2297320,8499540,172,6575497216,15.23
83.023,788960,1513832,0,2302792,8499540,172,6575497216,15.23
83.123,793240,1513832,0,2307072,8499540,172,6575497216,15.23
83.224,797760,1513832,0,2311592,8499540,172,6583885824,15.92
83.324,803940,1513832,0,2317772,8499540,172,6583885824,15.92
83.424,807888,1513832,0,2321720,8499540,172,6583885824,15.92
83.525,813212,1513832,0,2327044,8499540,172,6583885824,15.92
83.625,831628,1513832,0,2345460,8499540,172,6583885824,15.92
83.725,837404,1513832,0,2351236,8499540,172,6583885824,15.92
83.826,841676,1513832,0,2355508,8499540,172,6583885824,15.92
83.926,847540,1513832,0,2361372,8499540,172,6583885824,15.92
84.026,850356,1513832,0,2364188,8499540,172,6592274432,15.92
84.127,853632,1513832,0,2367464,8499540,172,6592274432,15.92
84.227,857224,1513832,0,2371056,8499540,172,6592274432,15.92
84.327,862748,1513832,0,2376580,8499540,172,6592274432,15.92
84.428,868380,1513832,0,2382212,8499540,172,6592274432,15.92
84.528,872700,1513832,0,2386532,8499540,172,6592274432,15.92
84.628,876484,1513832,0,2390316,8499540,172,6592274432,15.92
84.729,880320,1513832,0,2394152,8499540,172,6592274432,15.92
84.829,883744,1513832,0,2397576,8499540,172,6592274432,15.92
84.929,891592,1513832,0,2405424,8499540,172,6600663040,15.92
85.030,894108,1513832,0,2407940,8499540,172,6600663040,15.92
85.130,901864,1513832,0,2415696,8499540,172,6600663040,15.57
85.230,904996,1513832,0,2418828,8499540,172,6600663040,15.57
85.331,911820,1513832,0,2425652,8499540,172,6600663040,15.57
85.431,916816,1513832,0,2430648,8499540,172,6600663040,15.57
85.531,919372,1513832,0,2433204,8499540,172,6600663040,15.57
85.632,923532,1513832,0,2437364,8499540,172,6600663040,15.57
85.732,928268,1513832,0,2442100,8499540,172,6600663040,15.57
85.832,936024,1513832,0,2449856,8499540,172,6609051648,15.57
85.933,941104,1513832,0,2454936,8499540,172,6609051648,15.57
86.033,946840,1513832,0,2460672,8499540,172,6609051648,15.57
86.133,952156,1513832,0,2465988,8499540,172,6609051648,15.57
86.234,956784,1513832,0,2470616,8499540,172,6609051648,15.57
86.334,964688,1513832,0,2478520,8499540,172,6609051648,15.57
86.434,969660,1513832,0,2483492,8499540,172,6609051648,15.57
86.535,974400,1513832,0,2488232,8499540,172,6609051648,15.57
86.635,979976,1513832,0,2493808,8499540,172,6609051648,15.57
86.735,984320,1513832,0,2498152,8499540,172,6617440256,15.57
86.836,993144,1513832,0,2506976,8499540,172,6617440256,15.57
86.936,1003340,1513832,0,2517172,8499540,172,6617440256,15.57
87.036,1013560,1513832,0,2527392,8499540,172,6617440256,16.37
87.137,1015596,1513832,0,2529428,8499540,172,6617440256,16.37
87.237,1018688,1513832,0,2532520,8499540,172,6617440256,16.37
87.337,1036744,1513832,0,2550576,8499540,172,6617440256,16.37
87.438,1037672,1513832,0,2551504,8499540,172,6617440256,16.37
87.538,1037672,1513832,0,2551504,8499540,172,6617440256,16.37
87.639,1037672,1513832,0,2551504,8499540,172,6617440256,16.37
87.739,1037672,1513832,0,2551504,8499540,172,6617440256,16.37
87.839,752112,1513832,0,2265944,8499540,172,6617444352,16.37
87.940,752112,1513832,0,2265944,8499540,172,6617444352,16.37
88.040,752112,1513832,0,2265944,8499540,172,6625832960,16.37
88.140,752112,1513832,0,2265944,8499540,172,6625832960,16.37
88.241,752112,1513832,0,2265944,8499540,172,6625832960,16.37
88.341,752112,1513832,0,2265944,8499540,172,6625832960,16.37
88.441,752112,1513832,0,2265944,8499540,172,6625832960,16.37
88.542,752112,1513832,0,2265944,8499540,172,6625832960,16.37
88.642,752112,1513832,0,2265944,8499540,172,6625832960,16.37
88.742,752112,1513832,0,2265944,8499540,172,6634221568,16.37
88.843,752112,1513832,0,2265944,8499540,172,6634221568,16.37
88.943,752112,1513832,0,2265944,8499540,172,6634221568,16.85
89.044,752112,1513832,0,2265944,8499540,172,6634221568,16.85
89.144,752112,1513832,0,2265944,8499540,172,6634221568,16.85
89.244,752112,1513832,0,2265944,8499540,172,6634221568,16.85
89.345,752112,1513832,0,2265944,8499540,172,6634221568,16.85
89.445,752112,1513832,0,2265944,8499540,172,6634221568,16.85
89.546,752112,1513832,0,2265944,8499540,172,6634221568,16.85
89.646,752112,1513832,0,2265944,8499540,172,6642610176,16.85
89.746,752112,1513832,0,2265944,8499540,172,6642610176,16.85
89.847,752112,1513832,0,2265944,8499540,172,6642610176,16.85
89.947,752112,1513832,0,2265944,8499540,172,6642610176,16.85
90.048,752112,1513832,0,2265944,8499540,172,6642610176,16.85
90.148,752112,1513832,0,2265944,8499540,172,6642610176,16.85
90.249,752112,1513832,0,2265944,8499540,172,6642610176,16.85
90.349,752112,1513832,0,2265944,8499540,172,6642610176,16.85
90.449,752112,1513832,0,2265944,8499540,172,6642610176,16.85
90.550,752112,1513832,0,2265944,8499540,172,6650998784,16.85
90.650,752112,1513832,0,2265944,8499540,172,6650998784,16.85
90.751,752112,1513832,0,2265944,8499540,172,6650998784,16.85
90.851,752112,1513832,0,2265944,8499540,172,6650998784,16.85
90.951,752112,1513832,0,2265944,8499540,172,6650998784,17.05
91.052,752112,1513832,0,2265944,8499540,172,6650998784,17.05
91.152,752112,1513832,0,2265944,8499540,172,6650998784,17.05
91.252,752112,1513832,0,2265944,8499540,172,6650998784,17.05
91.353,752112,1513832,0,2265944,8499540,172,6659387392,17.05
91.453,752112,1513832,0,2265944,8499540,172,6659387392,17.05
91.553,752112,1513832,0,2265944,8499540,172,6659387392,17.05
91.654,752112,1513832,0,2265944,8499540,172,6659387392,17.05
91.754,752112,1513832,0,2265944,8499540,172,6659387392,17.05
91.854,752112,1513832,0,2265944,8499540,172,6659387392,17.05
91.955,752112,1513832,0,2265944,8499540,172,6659387392,17.05
92.055,752112,1513832,0,2265944,8499540,172,6659387392,17.05
92.155,752112,1513832,0,2265944,8499540,172,6659387392,17.05
92.256,752112,1513832,0,2265944,8499540,172,6667776000,17.05
92.356,752112,1513832,0,2265944,8499540,172,6667776000,17.05
92.456,752112,1513832,0,2265944,8499540,172,6667776000,17.05
92.557,752112,1513832,0,2265944,8499540,172,6667776000,17.05
92.657,752112,1513832,0,2265944,8499540,172,6667776000,17.05
92.758,752112,1513832,0,2265944,8499540,172,6667776000,17.05
92.858,752112,1513832,0,2265944,8499540,172,6667776000,15.23
92.958,752112,1513832,0,2265944,8499540,172,6667776000,15.23
93.059,752180,1513832,0,2266012,8499540,172,6676164608,15.23
93.159,752180,1513832,0,2266012,8499540,172,6676164608,15.23
93.259,752180,1513832,0,2266012,8499540,172,6676164608,15.23
93.360,752288,1513832,0,2266120,8499540,172,6676164608,15.23
93.460,752288,1513832,0,2266120,8499540,172,6676164608,15.23
93.561,752436,1513832,0,2266268,8499540,172,6676164608,15.23
93.661,758100,1513832,0,2271932,8499540,172,6676164608,15.23
93.761,763908,1513832,0,2277740,8499540,172,6676164608,15.23
93.862,773392,1513832,0,2287224,8499540,172,6684553216,15.23
93.962,773704,1513832,0,2287536,8499540,172,6684553216,15.23
94.063,775648,1513832,0,2289480,8499540,172,6684553216,15.23
94.163,779388,1513832,0,2293220,8499540,172,6684553216,15.23
94.263,782824,1513832,0,2296656,8499540,172,6684553216,15.23
94.364,784460,1510584,0,2295044,8499540,172,6684553216,15.23
94.464,787268,1505448,0,2292716,8499540,172,6684553216,15.23
94.564,790408,1505448,0,2295856,8499540,172,6684553216,15.23
94.665,793732,1505448,0,2299180,8499540,172,6692941824,15.23
94.765,799296,1505448,0,2304744,8499540,172,6692941824,15.23
94.865,802840,1505448,0,2308288,8499540,172,6692941824,16.1
94.966,819912,1505448,0,2325360,8499540,172,6692941824,16.1
95.066,820732,1505448,0,2326180,8499540,172,6692941824,16.1
95.166,825708,1505448,0,2331156,8499540,172,6692941824,16.1
95.267,830832,1505448,0,2336280,8499540,172,6692941824,16.1
95.367,834384,1505448,0,2339832,8499540,172,6692941824,16.1
95.467,838456,1505448,0,2343904,8499540,172,6692941824,16.1
95.568,844528,1505448,0,2349976,8499540,172,6701330432,16.1
95.668,845740,1505448,0,2351188,8499540,172,6701330432,16.1
95.769,850184,1505448,0,2355632,8499540,172,6701330432,16.1
95.869,853856,1505448,0,2359304,8499540,172,6701330432,16.1
95.970,858352,1505448,0,2363800,8499540,172,6701330432,16.1
96.070,862000,1505448,0,2367448,8499540,172,6701330432,16.1
96.171,865164,1505448,0,2370612,8499540,172,6701330432,16.1
96.271,869588,1505448,0,2375036,8499540,172,6701330432,16.1
96.372,872300,1505448,0,2377748,8499540,172,6701330432,16.1
96.472,874804,1505448,0,2380252,8499540,172,6709719040,16.1
96.573,878536,1505448,0,2383984,8499540,172,6709719040,16.1
96.674,881788,1505448,0,2387236,8499540,172,6709719040,16.1
96.774,885328,1505448,0,2390776,8499540,172,6709719040,16.08
96.875,890764,1505448,0,2396212,8499540,172,6709719040,16.08
96.975,900336,1505448,0,2405784,8499540,172,6709719040,16.08
97.076,901844,1505448,0,2407292,8499540,172,6709719040,16.08
97.176,905256,1505448,0,2410704,8499540,172,6709719040,16.08
97.277,909544,1505448,0,2414992,8499540,172,6709719040,16.08
97.378,915764,1505448,0,2421212,8499540,172,6718107648,16.08
97.478,919052,1505448,0,2424500,8499540,172,6718107648,16.08
97.579,923660,1505448,0,2429108,8499540,172,6718107648,16.08
97.679,927848,1505448,0,2433296,8499540,172,6718107648,16.08
97.780,932512,1505448,0,2437960,8499540,172,6718107648,16.08
97.880,935848,1505448,0,2441296,8499540,172,6718107648,16.08
97.981,939456,1505448,0,2444904,8499540,172,6718107648,16.08
98.081,943124,1505448,0,2448572,8499540,172,6718107648,16.08
98.182,948328,1505448,0,2453776,8499540,172,6718107648,16.08
98.283,952080,1505448,0,2457528,8499540,172,6726496256,16.08
98.383,956624,1505448,0,2462072,8499540,172,6726496256,16.08
98.484,960028,1505448,0,2465476,8499540,172,6726496256,16.08
98.585,963684,1505448,0,2469132,8499540,172,6726496256,16.08
98.685,971380,1505448,0,2476828,8499540,172,6726496256,16.08
98.785,978180,1505448,0,2483628,8499540,172,6726496256,16.42
98.886,979904,1505448,0,2485352,8499540,172,6726496256,16.42
98.987,982560,1505448,0,2488008,8499540,172,6726496256,16.42
99.087,985000,1505448,0,2490448,8499540,172,6726496256,16.42
99.188,989888,1505448,0,2495336,8499540,172,6734884864,16.42
99.288,992356,1505448,0,2497804,8499540,172,6734884864,16.42
99.388,995928,1505448,0,2501376,8499540,172,6734884864,16.42
99.489,1000444,1505448,0,2505892,8499540,172,6734884864,16.42
99.589,1003152,1505448,0,2508600,8499540,172,6734884864,16.42
99.690,1008644,1505448,0,2514092,8499540,172,6734884864,16.42
99.790,1013324,1505448,0,2518772,8499540,172,6734884864,16.42
99.891,1017488,1505448,0,2522936,8499540,172,6734884864,16.42
99.991,1017488,1505448,0,2522936,8499540,172,6734884864,16.42
100.092,1017488,1505448,0,2522936,8499540,172,6734884864,16.42
100.192,1017488,1505448,0,2522936,8499540,172,6734884864,16.42
100.293,1017488,1505448,0,2522936,8499540,172,6734884864,16.42
100.393,742096,1505448,0,2247544,8499540,172,6734884864,16.42
100.494,742096,1505448,0,2247544,8499540,172,6734884864,16.42
100.594,742096,1505448,0,2247544,8499540,172,6743273472,16.42
100.694,742096,1505448,0,2247544,8499540,172,6743273472,16.42
100.795,742096,1505448,0,2247544,8499540,172,6743273472,15.26
100.895,742096,1505448,0,2247544,8499540,172,6743273472,15.26
100.995,742096,1505448,0,2247544,8499540,172,6743273472,15.26
101.096,742096,1505448,0,2247544,8499540,172,6743273472,15.26
101.196,742096,1505448,0,2247544,8499540,172,6743273472,15.26
101.297,742096,1505448,0,2247544,8499540,172,6743273472,15.26
101.397,742096,1505448,0,2247544,8499540,172,6751662080,15.26
101.497,742096,1505448,0,2247544,8499540,172,6751662080,15.26
101.598,742096,1505448,0,2247544,8499540,172,6751662080,15.26
101.698,742096,1505448,0,2247544,8499540,172,6751662080,15.26
101.798,742096,1505448,0,2247544,8499540,172,6751662080,15.26
101.899,742096,1505448,0,2247544,8499540,172,6751662080,15.26
101.999,742096,1505448,0,2247544,8499540,172,6751662080,15.26
102.100,742096,1505448,0,2247544,8499540,172,6751662080,15.26
102.200,742096,1505448,0,2247544,8499540,172,6751662080,15.26
102.300,742096,1505448,0,2247544,8499540,172,6760050688,15.26
102.401,742096,1505448,0,2247544,8499540,172,6760050688,15.26
102.501,742096,1505448,0,2247544,8499540,172,6760050688,15.26
102.601,742096,1505448,0,2247544,8499540,172,6760050688,15.26
102.702,742096,1505448,0,2247544,8499540,172,6760050688,15.26
102.802,742096,1505448,0,2247544,8499540,172,6760050688,14.12
102.903,742096,1505448,0,2247544,8499540,172,6760050688,14.12
103.003,742096,1505448,0,2247544,8499540,172,6760050688,14.12
103.103,742096,1505448,0,2247544,8499540,172,6768439296,14.12
103.204,742096,1505448,0,2247544,8499540,172,6768439296,14.12
103.304,742096,1505448,0,2247544,8499540,172,6768439296,14.12
103.404,742096,1505448,0,2247544,8499540,172,6768439296,14.12
103.505,742096,1505448,0,2247544,8499540,172,6768439296,14.12
103.605,742096,1505448,0,2247544,8499540,172,6768439296,14.12
103.705,742096,1505448,0,2247544,8499540,172,6768439296,14.12
103.806,742096,1505448,0,2247544,8499540,172,6768439296,14.12
103.906,742096,1505448,0,2247544,8499540,172,6768439296,14.12
104.006,742096,1505448,0,2247544,8499540,172,6776827904,14.12
104.107,742096,1505448,0,2247544,8499540,172,6776827904,14.12
104.207,742096,1505448,0,2247544,8499540,172,6776827904,14.12
104.308,742096,1505448,0,2247544,8499540,172,6776827904,14.12
104.408,742096,1505448,0,2247544,8499540,172,6776827904,14.12
104.508,742096,1505448,0,2247544,8499540,172,6776827904,14.12
104.609,742096,1505448,0,2247544,8499540,172,6776827904,14.12
104.709,742096,1505448,0,2247544,8499540,172,6776827904,15.19
104.809,742096,1505448,0,2247544,8499540,172,6785216512,15.19
104.910,742096,1505448,0,2247544,8499540,172,6785216512,15.19
105.010,742096,1505448,0,2247544,8499540,172,6785216512,15.19
105.110,742096,1505448,0,2247544,8499540,172,6785216512,15.19
105.211,742096,1505448,0,2247544,8499540,172,6785216512,15.19
105.311,742096,1505448,0,2247544,8499540,172,6785216512,15.19
105.411,742096,1505448,0,2247544,8499540,172,6785216512,15.19
105.512,742096,1505448,0,2247544,8499540,172,6785216512,15.19
105.612,742096,1505448,0,2247544,8499540,172,6793605120,15.19
105.712,742096,1505448,0,2247544,8499540,172,6793605120,15.19
105.813,742096,1505448,0,2247544,8499540,172,6793605120,15.19
105.913,742096,1505448,0,2247544,8499540,172,6793605120,15.19
106.013,745248,1505448,0,2250696,8499540,172,6793605120,15.19
106.114,747180,1505448,0,2252628,8499540,172,6793605120,15.19
106.214,749480,1505448,0,2254928,8499540,172,6793605120,15.19
106.314,757500,1505448,0,2262948,8499540,172,6793605120,15.19
106.415,760420,1505448,0,2265868,8499540,172,6793605120,15.19
106.515,762728,1505448,0,2268176,8499540,172,6793605120,15.19
106.615,768656,1505448,0,2274104,8499540,172,6801993728,12.44
106.716,772888,1505448,0,2278336,8499540,172,6801993728,12.44
106.816,783080,1505448,0,2288528,8499540,172,6801993728,12.44
106.917,793840,1505448,0,2299288,8499540,172,6801993728,12.44
107.017,794544,1505448,0,2299992,8499540,172,6801993728,12.44
107.117,795252,1505448,0,2300700,8499540,172,6801993728,12.44
107.217,800016,1505448,0,2305464,8499540,172,6801993728,12.44
107.318,804680,1505448,0,2310128,8499540,172,6810382336,12.44
107.418,806916,1505448,0,2312364,8499540,172,6810382336,12.44
107.518,813228,1505448,0,2318676,8499540,172,6810382336,12.44
107.619,816704,1505448,0,2322152,8499540,172,6810382336,12.44
107.719,821836,1505448,0,2327284,8499540,172,6810382336,12.44
107.819,825472,1505448,0,2330920,8499540,172,6810382336,12.44
107.920,843484,1505448,0,2348932,8499540,172,6810382336,12.44
108.020,844808,1505448,0,2350256,8499540,172,6810382336,12.44
108.120,846692,1505448,0,2352140,8499540,172,6810382336,12.44
108.221,852872,1505448,0,2358320,8499540,172,6818770944,12.44
108.321,855664,1505448,0,2361112,8499540,172,6818770944,12.44
108.421,858936,1505448,0,2364384,8499540,172,6818770944,12.44
108.522,862232,1505448,0,2367680,8499540,172,6818770944,13.99
108.622,865852,1505448,0,2371300,8499540,172,6818770944,13.99
108.722,870148,1505448,0,2375596,8499540,172,6818770944,13.99
108.823,872644,1505448,0,2378092,8499540,172,6818770944,13.99
108.923,876600,1505448,0,2382048,8499540,172,6818770944,13.99
109.023,882928,1505448,0,2388376,8499540,172,6818770944,13.99
109.124,886404,1505448,0,2391852,8499540,172,6827159552,13.99
109.224,891184,1505448,0,2396632,8499540,172,6827159552,13.99
109.324,894172,1505448,0,2399620,8499540,172,6827159552,13.99
109.425,897904,1505448,0,2403352,8499540,172,6827159552,13.99
109.525,901168,1505448,0,2406616,8499540,172,6827159552,13.99
109.625,904796,1505448,0,2410244,8499540,172,6827159552,13.99
109.726,910604,1505448,0,2416052,8499540,172,6827159552,13.99
109.826,913200,1505448,0,2418648,8499540,172,6827159552,13.99
109.926,916836,1505448,0,2422284,8499540,172,6827159552,13.99
110.027,922132,1505448,0,2427580,8499540,172,6835548160,13.99
110.127,924220,1505448,0,2429668,8499540,172,6835548160,13.99
110.227,927568,1505448,0,2433016,8499540,172,6835548160,13.99
110.328,932756,1505448,0,2438204,8499540,172,6835548160,13.99
110.428,936780,1505448,0,2442228,8499540,172,6835548160,11.45
110.528,941236,1505448,0,2446684,8499540,172,6835548160,11.45
110.629,945444,1505448,0,2450892,8499540,172,6835548160,11.45
110.729,948952,1505448,0,2454400,8499540,172,6835548160,11.45
110.829,953620,1505448,0,2459068,8499540,172,6843936768,11.45
110.930,961432,1505448,0,2466880,8499540,172,6843936768,11.45
111.030,967524,1505448,0,2472972,8499540,172,6843936768,11.45
111.130,971928,1505448,0,2477376,8499540,172,6843936768,11.45
111.231,978376,1505448,0,2483824,8499540,172,6843936768,11.45
111.331,981636,1505448,0,2487084,8499540,172,6843936768,11.45
111.431,986472,1505448,0,2491920,8499540,172,6843936768,11.45
111.531,992992,1505448,0,2498440,8499540,172,6843936768,11.45
111.632,997348,1505448,0,2502796,8499540,172,6843936768,11.45
111.732,1001336,1505448,0,2506784,8499540,172,6852325376,11.45
111.832,1005320,1505448,0,2510768,8499540,172,6852325376,11.45
111.933,1010220,1505448,0,2515668,8499540,172,6852325376,11.45
112.033,1017500,1505448,0,2522948,8499540,172,6852325376,11.45
112.134,1017500,1505448,0,2522948,8499540,172,6852325376,11.45
112.234,1017500,1505448,0,2522948,8499540,172,6852325376,11.45
112.334,1017500,1505448,0,2522948,8499540,172,6852325376,14.27
112.434,1017500,1505448,0,2522948,8499540,172,6852325376,14.27
112.535,749908,1505448,0,2255356,8499540,172,6852325376,14.27
112.635,742096,1505448,0,2247544,8499540,172,6852325376,14.27
112.736,742096,1505448,0,2247544,8499540,172,6852325376,14.27
112.836,742096,1505448,0,2247544,8499540,172,6852325376,14.27
112.936,742096,1505448,0,2247544,8499540,172,6852325376,14.27
113.037,742096,1505448,0,2247544,8499540,172,6852325376,14.27
113.137,742096,1505448,0,2247544,8499540,172,6860713984,14.27
113.237,742096,1505448,0,2247544,8499540,172,6860713984,14.27
113.338,742096,1505448,0,2247544,8499540,172,6860713984,14.27
113.438,742096,1505448,0,2247544,8499540,172,6860713984,14.27
113.538,742096,1505448,0,2247544,8499540,172,6860713984,14.27
113.639,742096,1505448,0,2247544,8499540,172,6860713984,14.27
113.739,742096,1505448,0,2247544,8499540,172,6860713984,14.27
113.839,742096,1505448,0,2247544,8499540,172,6869102592,14.27
113.939,742096,1505448,0,2247544,8499540,172,6869102592,14.27
114.040,742096,1505448,0,2247544,8499540,172,6869102592,14.27
114.140,742096,1505448,0,2247544,8499540,172,6869102592,14.27
114.241,742096,1505448,0,2247544,8499540,172,6869102592,15.49
114.341,742096,1505448,0,2247544,8499540,172,6869102592,15.49
114.441,742096,1505448,0,2247544,8499540,172,6869102592,15.49
114.542,742096,1505448,0,2247544,8499540,172,6869102592,15.49
114.642,742096,1505448,0,2247544,8499540,172,6877491200,15.49
114.743,742096,1505448,0,2247544,8499540,172,6877491200,15.49
114.843,742096,1505448,0,2247544,8499540,172,6877491200,15.49
114.943,742096,1505448,0,2247544,8499540,172,6877491200,15.49
115.044,742096,1505448,0,2247544,8499540,172,6877491200,15.49
115.144,742096,1505448,0,2247544,8499540,172,6877491200,15.49
115.244,742096,1505448,0,2247544,8499540,172,6877491200,15.49
115.345,742096,1505448,0,2247544,8499540,172,6877491200,15.49
115.445,742096,1505448,0,2247544,8499540,172,6885879808,15.49
115.545,742096,1505448,0,2247544,8499540,172,6885879808,15.49
115.646,742096,1505448,0,2247544,8499540,172,6885879808,15.49
115.746,742096,1505448,0,2247544,8499540,172,6885879808,15.49
115.846,742096,1505448,0,2247544,8499540,172,6885879808,15.49
115.946,742096,1505448,0,2247544,8499540,172,6885879808,15.49
116.047,742096,1505448,0,2247544,8499540,172,6885879808,15.49
116.147,742096,1505396,0,2247492,8499540,172,6894268416,15.94
116.247,742096,1505396,0,2247492,8499540,172,6894268416,15.94
116.348,742096,1505396,0,2247492,8499540,172,6894268416,15.94
116.448,742096,1505396,0,2247492,8499540,172,6894268416,15.94
116.549,742096,1505396,0,2247492,8499540,172,6894268416,15.94
116.649,742096,1505396,0,2247492,8499540,172,6894268416,15.94
116.749,742096,1505396,0,2247492,8499540,172,6894268416,15.94
116.850,742096,1505396,0,2247492,8499540,172,6894268416,15.94
116.950,742096,1505396,0,2247492,8499540,172,6894268416,15.94
117.050,742096,1505396,0,2247492,8499540,172,6902657024,15.94
117.151,742096,1505396,0,2247492,8499540,172,6902657024,15.94
117.251,742096,1505396,0,2247492,8499540,172,6902657024,15.94
117.351,742096,1505396,0,2247492,8499540,172,6902657024,15.94
117.452,742096,1505396,0,2247492,8499540,172,6902657024,15.94
117.552,742096,1505396,0,2247492,8499540,172,6902657024,15.94
117.652,742096,1505396,0,2247492,8499540,172,6902657024,15.94
117.753,742096,1505396,0,2247492,8499540,172,6902657024,15.94
117.853,742096,1505396,0,2247492,8499540,172,6902657024,15.94
117.953,742096,1505348,0,2247444,8499540,172,6911045632,15.94
118.054,742096,1505348,0,2247444,8499540,172,6911045632,14.32
118.154,742912,1505348,0,2248260,8499540,172,6911045632,14.32
118.255,745912,1505348,0,2251260,8499540,172,6911045632,14.32
118.355,752576,1505348,0,2257924,8499540,172,6911045632,14.32
118.455,756904,1505348,0,2262252,8499540,172,6911045632,14.32
118.556,761380,1505348,0,2266728,8499540,172,6911045632,14.32
118.656,765792,1505348,0,2271140,8499540,172,6911045632,14.32
118.756,769004,1505348,0,2274352,8499540,172,6911045632,14.32
118.857,779744,1505348,0,2285092,8499540,172,6919434240,14.32
118.957,790592,1505348,0,2295940,8499540,172,6919434240,14.32
119.057,791380,1505348,0,2296728,8499540,172,6919434240,14.32
119.158,793376,1505348,0,2298724,8499540,172,6919434240,14.32
119.258,799728,1505348,0,2305076,8499540,172,6919434240,14.32
119.358,800448,1505348,0,2305796,8499540,172,6919434240,14.32
119.459,803672,1505348,0,2309020,8499540,172,6919434240,14.32
119.559,806448,1505348,0,2311796,8499540,172,6919434240,14.32
119.659,811268,1505348,0,2316616,8499540,172,6919434240,14.32
119.760,815964,1505348,0,2321312,8499540,172,6927822848,14.32
119.860,831428,1505348,0,2336776,8499540,172,6927822848,14.32
119.961,840776,1505348,0,2346124,8499540,172,6927822848,16.07
120.061,841960,1505348,0,2347308,8499540,172,6927822848,16.07
120.161,843064,1505348,0,2348412,8499540,172,6927822848,16.07
120.262,844196,1505348,0,2349544,8499540,172,6927822848,16.07
120.362,845408,1505348,0,2350756,8499540,172,6927822848,16.07
120.462,848068,1505348,0,2353416,8499540,172,6927822848,16.07
120.563,852816,1505348,0,2358164,8499540,172,6927822848,16.07
120.663,856728,1505348,0,2362076,8499540,172,6927822848,16.07
120.763,861580,1505348,0,2366928,8499540,172,6936211456,16.07
120.864,865288,1505348,0,2370636,8499540,172,6936211456,16.07
120.964,869312,1505348,0,2374660,8499540,172,6936211456,16.07
121.064,874084,1505348,0,2379432,8499540,172,6936211456,16.07
121.165,882516,1505348,0,2387864,8499540,172,6936211456,16.07
121.265,886216,1505348,0,2391564,8499540,172,6936211456,16.07
121.366,890600,1505348,0,2395948,8499540,172,6936211456,16.07
121.466,893564,1505348,0,2398912,8499540,172,6936211456,16.07
121.566,899632,1505348,0,2404980,8499540,172,6944600064,16.07
121.667,902784,1505348,0,2408132,8499540,172,6944600064,16.07
121.767,905944,1505348,0,2411292,8499540,172,6944600064,16.07
121.867,909608,1505348,0,2414956,8499540,172,6944600064,16.07
121.968,915044,1505348,0,2420392,8499540,172,6944600064,16.6
122.068,918320,1505348,0,2423668,8499540,172,6944600064,16.6
122.169,922952,1505348,0,2428300,8499540,172,6944600064,16.6
122.269,929148,1505348,0,2434496,8499540,172,6944600064,16.6
122.369,932064,1505348,0,2437412,8499540,172,6952988672,16.6
122.470,934356,1505348,0,2439704,8499540,172,6952988672,16.6
122.570,938236,1505348,0,2443584,8499540,172,6952988672,16.6
122.671,941580,1505348,0,2446928,8499540,172,6952988672,16.6
122.771,949568,1505348,0,2454916,8499540,172,6952988672,16.6
122.871,953304,1505348,0,2458652,8499540,172,6952988672,16.6
122.972,958608,1505348,0,2463956,8499540,172,6952988672,16.6
123.072,961384,1505348,0,2466732,8499540,172,6952988672,16.6
123.172,965288,1505348,0,2470636,8499540,172,6952988672,16.6
123.273,969428,1505348,0,2474776,8499540,172,6952988672,16.6
123.373,975196,1505348,0,2480544,8499540,172,6952988672,16.6
123.473,977360,1505348,0,2482708,8499540,172,6961377280,16.6
123.574,981884,1505348,0,2487232,8499540,172,6961377280,16.6
123.674,987092,1505348,0,2492440,8499540,172,6961377280,16.6
123.774,992360,1505348,0,2497708,8499540,172,6961377280,16.6
123.875,998044,1505348,0,2503392,8499540,172,6961377280,13.59
123.975,1000424,1505348,0,2505772,8499540,172,6961377280,13.59
124.076,1004592,1505348,0,2509940,8499540,172,6961377280,13.59
124.176,1009348,1505348,0,2514696,8499540,172,6969765888,13.59
124.276,1016712,1505352,0,2522064,8499540,173,6969856000,13.59
124.377,1017908,1505352,0,2523260,8499540,173,6969856000,13.59
124.477,1017908,1505352,0,2523260,8499540,173,6969856000,13.59
124.577,1017908,1505352,0,2523260,8499540,173,6969856000,13.59
124.678,1017908,1505324,0,2523232,8499540,173,6969856000,13.59
124.778,749460,1505328,0,2254788,8499540,174,6969872384,13.59
124.878,749460,1505328,0,2254788,8499540,174,6969872384,13.59
124.979,749460,1505328,0,2254788,8499540,174,6969872384,13.59
125.079,749460,1505328,0,2254788,8499540,174,6969872384,13.59
125.180,749460,1505328,0,2254788,8499540,174,6969872384,13.59
125.280,749460,1505328,0,2254788,8499540,174,6969872384,13.59
125.380,749460,1505328,0,2254788,8499540,174,6969872384,13.59
125.481,749460,1505328,0,2254788,8499540,174,6969872384,13.59
125.581,749460,1505328,0,2254788,8499540,174,6969872384,13.59
125.681,749460,1505324,0,2254784,8499540,174,6978260992,13.59
125.782,749460,1505324,0,2254784,8499540,174,6978260992,13.59
125.882,749460,1505324,0,2254784,8499540,174,6978260992,14.57
125.982,749460,1505324,0,2254784,8499540,174,6978260992,14.57
126.083,749460,1505324,0,2254784,8499540,174,6978260992,14.57
126.183,749460,1505324,0,2254784,8499540,174,6978260992,14.57
126.284,749460,1505324,0,2254784,8499540,174,6978260992,14.57
126.384,749460,1505324,0,2254784,8499540,174,6978260992,14.57
126.484,749460,1505324,0,2254784,8499540,174,6986649600,14.57
126.585,749460,1505324,0,2254784,8499540,174,6986649600,14.57
126.685,749460,1505324,0,2254784,8499540,174,6986649600,14.57
126.785,749460,1505324,0,2254784,8499540,174,6986649600,14.57
126.886,749460,1505324,0,2254784,8499540,174,6986649600,14.57
126.986,749460,1505324,0,2254784,8499540,174,6986649600,14.57
127.086,749460,1505324,0,2254784,8499540,174,6986649600,14.57
127.187,749460,1505324,0,2254784,8499540,174,6986649600,14.57
127.287,749460,1505324,0,2254784,8499540,174,6986649600,14.57
127.387,749460,1505196,0,2254656,8499540,175,6995046400,14.57
127.488,749460,1505196,0,2254656,8499540,175,6995046400,14.57
127.588,749460,1505196,0,2254656,8499540,175,6995046400,14.57
127.689,749460,1505196,0,2254656,8499540,175,6995046400,14.57
127.789,749460,1505196,0,2254656,8499540,175,6995046400,14.83
127.889,749460,1505196,0,2254656,8499540,175,6995046400,14.83
127.990,749460,1505196,0,2254656,8499540,175,6995046400,14.83
128.090,749460,1505196,0,2254656,8499540,175,6995046400,14.83
128.191,749460,1505196,0,2254656,8499540,175,6995046400,14.83
128.292,749460,1505196,0,2254656,8499540,175,7003435008,14.83
128.392,749460,1505196,0,2254656,8499540,175,7003435008,14.83
128.493,749460,1505196,0,2254656,8499540,175,7003435008,14.83
128.593,749460,1505196,0,2254656,8499540,175,7003435008,14.83
128.694,749460,1505196,0,2254656,8499540,175,7003435008,14.83
128.795,749460,1505196,0,2254656,8499540,175,7003435008,14.83
128.895,749460,1505196,0,2254656,8499540,175,7003435008,14.83
128.996,749460,1505196,0,2254656,8499540,175,7003435008,14.83
129.096,749460,1505148,0,2254608,8499540,175,7011872768,14.83
129.197,749460,1505208,0,2254668,8499540,176,7011872768,14.83
129.297,749460,1505208,0,2254668,8499540,176,7011872768,14.83
129.398,749460,1505208,0,2254668,8499540,176,7011872768,14.83
129.499,749460,1505208,0,2254668,8499540,176,7011872768,14.83
129.599,749460,1505208,0,2254668,8499540,176,7011872768,14.83
129.701,749460,1505208,0,2254668,8499540,176,7011872768,14.83
129.802,749460,1505208,0,2254668,8499540,176,7011872768,13.05
129.902,749460,1505208,0,2254668,8499540,176,7011872768,13.05
130.003,749460,1505208,0,2254668,8499540,176,7020261376,13.05
130.104,749460,1505208,0,2254668,8499540,176,7020261376,13.05
130.205,749460,1505208,0,2254668,8499540,176,7020261376,13.05
130.306,749460,1505208,0,2254668,8499540,176,7020261376,13.05
130.406,749460,1505208,0,2254668,8499540,176,7020261376,13.05
130.507,749460,1505208,0,2254668,8499540,176,7020261376,13.05
130.607,750152,1505208,0,2255360,8499540,176,7020261376,13.05
130.708,750220,1505208,0,2255428,8499540,176,7020261376,13.05
130.808,754424,1505208,0,2259632,8499540,176,7020261376,13.05
130.909,760760,1505208,0,2265968,8499540,176,7028649984,13.05
131.009,760992,1505208,0,2266200,8499540,176,7028649984,13.05
131.110,769760,1505208,0,2274968,8499540,176,7028649984,13.05
131.210,778364,1505208,0,2283572,8499540,176,7028649984,13.05
131.311,778892,1505208,0,2284100,8499540,176,7028649984,13.05
131.411,781260,1505208,0,2286468,8499540,176,7028649984,13.05
131.512,788020,1505208,0,2293228,8499540,176,7028649984,13.05
131.612,788592,1505208,0,2293800,8499540,176,7028649984,13.05
131.712,791500,1505208,0,2296708,8499540,176,7028649984,13.05
131.813,792844,1505208,0,2298052,8499540,176,7037038592,13.58
131.913,807624,1505208,0,2312832,8499540,176,7037038592,13.58
132.014,812592,1505208,0,2317800,8499540,176,7037038592,13.58
132.114,813540,1505208,0,2318748,8499540,176,7037038592,13.58
132.214,815776,1505208,0,2320984,8499540,176,7037038592,13.58
132.315,820512,1505208,0,2325720,8499540,176,7037038592,13.58
132.416,822136,1505208,0,2327344,8499540,176,7037038592,13.58
132.516,825460,1505208,0,2330668,8499540,176,7037038592,13.58
132.616,829084,1505208,0,2334292,8499540,176,7037038592,13.58
132.717,833372,1505208,0,2338580,8499540,176,7037038592,13.58
132.817,836404,1505208,0,2341612,8499540,176,7045427200,13.58
132.917,840584,1505208,0,2345792,8499540,176,7045427200,13.58
133.018,845976,1505208,0,2351184,8499540,176,7045427200,13.58
133.118,849156,1505208,0,2354364,8499540,176,7045427200,13.58
133.218,852232,1505208,0,2357440,8499540,176,7045427200,13.58
133.319,855728,1505208,0,2360936,8499540,176,7045427200,13.58
133.419,859688,1505208,0,2364896,8499540,176,7045427200,13.58
133.520,862992,1505208,0,2368200,8499540,176,7045427200,13.58
133.620,866304,1505208,0,2371512,8499540,176,7045427200,13.58
133.720,869860,1505208,0,2375068,8499540,176,7045427200,13.58
133.821,872848,1505208,0,2378056,8499540,176,7053815808,14.56
133.921,876068,1505208,0,2381276,8499540,176,7053815808,14.56
134.021,880472,1505208,0,2385680,8499540,176,7053815808,14.56
134.122,888400,1505208,0,2393608,8499540,176,7053815808,14.56
134.222,891684,1505208,0,2396892,8499540,176,7053815808,14.56
134.322,894696,1505208,0,2399904,8499540,176,7053815808,14.56
134.423,898304,1505208,0,2403512,8499540,176,7053815808,14.56
134.523,906032,1505208,0,2411240,8499540,176,7053815808,14.56
134.624,910720,1505080,0,2415800,8499540,176,7062204416,14.56
134.724,916560,1505080,0,2421640,8499540,176,7062204416,14.56
134.824,923532,1505080,0,2428612,8499540,176,7062204416,14.56
134.925,927528,1505080,0,2432608,8499540,176,7062204416,14.56
135.025,929976,1505080,0,2435056,8499540,176,7062204416,14.56
135.125,933764,1505080,0,2438844,8499540,176,7062204416,14.56
135.226,938392,1505080,0,2443472,8499540,176,7062204416,14.56
135.326,941540,1505080,0,2446620,8499540,176,7062204416,14.56
135.427,947812,1505080,0,2452892,8499540,176,7062204416,14.56
135.527,949980,1505080,0,2455060,8499540,176,7069929472,14.56
135.627,953948,1505080,0,2459028,8499540,176,7069929472,14.56
135.728,957852,1505080,0,2462932,8499540,176,7069929472,15.19
135.828,964648,1505080,0,2469728,8499540,176,7069929472,15.19
135.928,971100,1505080,0,2476180,8499540,176,7069929472,15.19
136.029,972896,1505080,0,2477976,8499540,176,7069929472,15.19
136.129,977248,1505080,0,2482328,8499540,176,7069929472,15.19
136.229,990252,1505080,0,2495332,8499540,176,7069929472,15.19
136.330,996476,1505080,0,2501556,8499540,176,7069929472,15.19
136.430,998808,1505080,0,2503888,8499540,176,7069929472,15.19
136.530,1002532,1505080,0,2507612,8499540,176,7069929472,15.19
136.631,1012888,1505080,0,2517968,8499540,176,7069929472,15.19
136.731,1015072,1505080,0,2520152,8499540,176,7069929472,15.19
136.831,1022500,1505080,0,2527580,8499540,176,7069929472,15.19
136.932,1043556,1505080,0,2548636,8499540,176,7069929472,15.19
137.032,1043556,1505080,0,2548636,8499540,176,7069929472,15.19
137.132,1043556,1505080,0,2548636,8499540,176,7069929472,15.19
137.233,1043556,1505080,0,2548636,8499540,176,7069929472,15.19
137.333,1043556,1504952,0,2548508,8499540,176,7069929472,15.19
137.433,1043556,1504952,0,2548508,8499540,176,7069929472,15.19
137.534,742096,1504952,0,2247048,8499540,176,7069929472,15.19
137.634,742096,1504952,0,2247048,8499540,176,7069929472,15.69
137.734,742096,1504952,0,2247048,8499540,176,7069929472,15.69
137.835,742096,1505312,0,2247408,8499540,177,7070507008,15.69
137.935,742096,1505316,0,2247412,8499540,178,7070576640,15.69
138.036,742096,1505316,0,2247412,8499540,178,7070576640,15.69
138.136,742096,1505316,0,2247412,8499540,178,7070576640,15.69
138.236,742096,1505316,0,2247412,8499540,178,7070576640,15.69
138.337,742096,1505316,0,2247412,8499540,178,7070576640,15.69
138.437,742096,1505316,0,2247412,8499540,178,7070576640,15.69
138.537,742096,1505316,0,2247412,8499540,178,7070576640,15.69
138.638,742096,1505316,0,2247412,8499540,178,7070576640,15.69
138.738,742096,1505316,0,2247412,8499540,178,7070576640,15.69
138.838,742096,1505316,0,2247412,8499540,178,7070576640,15.69
138.939,742096,1505316,0,2247412,8499540,178,7070576640,15.69
139.039,742096,1505316,0,2247412,8499540,178,7070576640,15.69
139.139,742096,1505060,0,2247156,8499540,179,7070584832,15.69
139.240,742096,1505060,0,2247156,8499540,179,7070584832,15.69
139.340,742096,1505060,0,2247156,8499540,179,7070584832,15.69
139.440,742096,1505060,0,2247156,8499540,179,7070584832,15.69
139.541,742096,1505060,0,2247156,8499540,179,7070584832,15.93
139.641,742096,1505060,0,2247156,8499540,179,7070584832,15.93
139.741,742096,1505060,0,2247156,8499540,179,7070584832,15.93
139.842,742096,1505060,0,2247156,8499540,179,7070584832,15.93
139.942,742096,1505060,0,2247156,8499540,179,7070584832,15.93
140.042,742096,1505060,0,2247156,8499540,179,7070584832,15.93
140.143,742096,1505060,0,2247156,8499540,179,7070584832,15.93
140.243,742096,1505060,0,2247156,8499540,179,7070584832,15.93
140.343,742096,1505060,0,2247156,8499540,179,7070584832,15.93
140.444,742096,1505060,0,2247156,8499540,179,7070584832,15.93
140.544,742096,1505060,0,2247156,8499540,179,7070584832,15.93
140.644,742096,1505060,0,2247156,8499540,179,7070584832,15.93
140.745,742096,1505060,0,2247156,8499540,179,7070584832,15.93
140.845,742096,1505060,0,2247156,8499540,179,7070584832,15.93
140.945,742096,1505060,0,2247156,8499540,179,7070584832,15.93
141.046,742096,1505060,0,2247156,8499540,179,7070584832,15.93
141.146,742096,1504988,0,2247084,8499540,179,7070584832,15.93
141.246,742096,1504988,0,2247084,8499540,179,7070584832,15.93
141.347,742096,1504988,0,2247084,8499540,179,7070584832,15.93
141.447,742096,1504988,0,2247084,8499540,179,7070584832,14.85
141.548,742096,1504988,0,2247084,8499540,179,7070584832,14.85
141.648,742096,1504988,0,2247084,8499540,179,7070584832,14.85
141.748,742096,1504988,0,2247084,8499540,179,7070584832,14.85
141.849,742096,1504988,0,2247084,8499540,179,7070584832,14.85
141.949,742096,1503964,0,2246060,8499540,179,7070584832,14.85
142.049,742096,1503964,0,2246060,8499540,179,7070584832,14.85
142.150,742096,1503964,0,2246060,8499540,179,7070584832,14.85
142.250,742096,1503964,0,2246060,8499540,179,7070584832,14.85
142.350,742096,1503964,0,2246060,8499540,179,7070584832,14.85
142.451,742096,1503964,0,2246060,8499540,179,7070584832,14.85
142.551,742096,1503964,0,2246060,8499540,179,7070584832,14.85
142.651,742096,1503964,0,2246060,8499540,179,7070584832,14.85
142.752,742096,1503964,0,2246060,8499540,179,7070584832,14.85
142.852,742096,1503964,0,2246060,8499540,179,7070584832,14.85
142.952,742096,1503964,0,2246060,8499540,179,7070584832,14.85
143.053,742096,1503964,0,2246060,8499540,179,7070584832,14.85
143.153,742096,1503964,0,2246060,8499540,179,7070584832,14.85
143.253,742096,1503964,0,2246060,8499540,179,7070584832,14.85
143.354,742096,1503964,0,2246060,8499540,179,7070584832,13.07
143.454,742096,1503964,0,2246060,8499540,179,7070584832,13.07
143.554,742096,1503964,0,2246060,8499540,179,7070584832,13.07
143.655,742096,1503964,0,2246060,8499540,179,7070584832,13.07
143.755,742096,1503964,0,2246060,8499540,179,7070584832,13.07
143.855,742096,1503964,0,2246060,8499540,179,7070584832,13.07
143.956,742096,1503964,0,2246060,8499540,179,7070584832,13.07
144.056,742096,1503964,0,2246060,8499540,179,7070584832,13.07
144.156,742096,1503964,0,2246060,8499540,179,7070584832,13.07
144.257,742096,1503964,0,2246060,8499540,179,7070584832,13.07
144.357,742096,1503964,0,2246060,8499540,179,7070584832,13.07
144.457,742096,1503964,0,2246060,8499540,179,7070584832,13.07
144.558,742096,1503964,0,2246060,8499540,179,7070584832,13.07
144.658,742096,1503964,0,2246060,8499540,179,7070584832,13.07
144.758,742096,1503964,0,2246060,8499540,179,7070584832,13.07
144.859,742096,1503964,0,2246060,8499540,179,7070584832,13.07
144.959,742096,1503964,0,2246060,8499540,179,7070584832,13.07
145.059,742096,1503964,0,2246060,8499540,179,7070584832,13.07
145.160,742096,1503964,0,2246060,8499540,179,7070584832,13.07
145.260,742096,1503964,0,2246060,8499540,179,7070584832,14.14
145.360,742096,1502940,0,2245036,8499540,179,7070584832,14.14
145.461,742096,1502940,0,2245036,8499540,179,7070584832,14.14
145.561,742096,1502940,0,2245036,8499540,179,7070584832,14.14
145.661,742096,1502940,0,2245036,8499540,179,7070584832,14.14
145.762,742096,1502940,0,2245036,8499540,179,7070584832,14.14
145.862,742096,1502940,0,2245036,8499540,179,7070584832,14.14
145.963,742096,1502940,0,2245036,8499540,179,7070584832,14.14
146.063,742096,1502940,0,2245036,8499540,179,7070584832,14.14
146.163,742096,1502940,0,2245036,8499540,179,7070584832,14.14
146.263,742096,1502940,0,2245036,8499540,179,7070584832,14.14
146.364,742096,1502940,0,2245036,8499540,179,7070584832,14.14
146.464,742096,1502940,0,2245036,8499540,179,7070584832,14.14
146.565,742096,1502940,0,2245036,8499540,179,7070584832,14.14
146.665,742096,1502940,0,2245036,8499540,179,7070584832,14.14
146.765,742096,1502940,0,2245036,8499540,179,7070584832,14.14
146.866,742096,1502940,0,2245036,8499540,179,7070584832,14.14
146.966,742096,1502940,0,2245036,8499540,179,7070584832,14.14
147.066,742096,1502940,0,2245036,8499540,179,7070584832,14.14
147.167,742096,1502940,0,2245036,8499540,179,7070584832,15.38
147.267,742096,1502940,0,2245036,8499540,179,7070584832,15.38
147.367,742096,1502940,0,2245036,8499540,179,7070584832,15.38
147.468,742096,1502940,0,2245036,8499540,179,7070584832,15.38
147.568,742096,1502940,0,2245036,8499540,179,7070584832,15.38
147.668,742096,1502940,0,2245036,8499540,179,7070584832,15.38
147.769,742096,1502940,0,2245036,8499540,179,7070584832,15.38
147.869,742096,1502940,0,2245036,8499540,179,7070584832,15.38
147.970,742096,1502940,0,2245036,8499540,179,7070584832,15.38
148.070,742096,1502940,0,2245036,8499540,179,7070584832,15.38
148.170,742096,1502940,0,2245036,8499540,179,7070584832,15.38
148.271,742096,1502940,0,2245036,8499540,179,7070584832,15.38
148.371,742096,1502940,0,2245036,8499540,179,7070584832,15.38
148.471,742096,1502940,0,2245036,8499540,179,7070584832,15.38
148.572,742096,1502940,0,2245036,8499540,179,7070584832,15.38
148.672,742096,1502940,0,2245036,8499540,179,7070584832,15.38
148.772,742096,1502940,0,2245036,8499540,179,7070584832,15.38
148.873,742096,1502940,0,2245036,8499540,179,7070584832,15.38
148.973,742096,1502940,0,2245036,8499540,179,7070584832,15.38
149.073,742096,1502940,0,2245036,8499540,179,7070584832,16.76
149.174,742096,1502940,0,2245036,8499540,179,7070584832,16.76
149.274,742096,1502940,0,2245036,8499540,179,7070584832,16.76
149.374,742096,1502940,0,2245036,8499540,179,7070584832,16.76
149.475,742096,1502940,0,2245036,8499540,179,7070584832,16.76
149.575,742096,1502940,0,2245036,8499540,179,7070584832,16.76
149.675,742096,1502940,0,2245036,8499540,179,7070584832,16.76
149.776,742096,1502940,0,2245036,8499540,179,7070584832,16.76
149.876,742096,1502940,0,2245036,8499540,179,7070584832,16.76
149.977,742096,1502940,0,2245036,8499540,179,7070584832,16.76
150.077,742096,1502940,0,2245036,8499540,179,7070584832,16.76
150.177,742096,1502940,0,2245036,8499540,179,7070584832,16.76
150.278,742096,1502940,0,2245036,8499540,179,7070584832,16.76
150.378,742096,1502940,0,2245036,8499540,179,7070584832,16.76
150.478,742096,1502940,0,2245036,8499540,179,7070584832,16.76
150.579,742096,1502940,0,2245036,8499540,179,7070584832,16.76
150.679,742096,1502684,0,2244780,8499540,179,7070584832,16.76
150.779,742096,1502684,0,2244780,8499540,179,7070584832,16.76
150.880,742096,1502684,0,2244780,8499540,179,7070584832,16.76
150.980,742096,1502684,0,2244780,8499540,179,7070584832,18.25
151.080,742096,1502684,0,2244780,8499540,179,7070584832,18.25
151.181,742096,1502684,0,2244780,8499540,179,7070584832,18.25
151.281,742096,1502556,0,2244652,8499540,179,7070584832,18.25
151.381,742096,1502556,0,2244652,8499540,179,7070584832,18.25
151.482,742096,1502556,0,2244652,8499540,179,7070584832,18.25
151.582,742096,1502556,0,2244652,8499540,179,7070584832,18.25
151.682,742096,1502556,0,2244652,8499540,179,7070584832,18.25
151.783,742096,1502556,0,2244652,8499540,179,7070584832,18.25
151.883,742096,1502540,0,2244636,8499540,179,7070584832,18.25
151.983,742096,1502540,0,2244636,8499540,179,7070584832,18.25
152.084,742096,1502540,0,2244636,8499540,179,7070584832,18.25
152.184,742096,1502540,0,2244636,8499540,179,7070584832,18.25
152.285,742096,1502524,0,2244620,8499540,179,7070584832,18.25
152.385,742096,1502524,0,2244620,8499540,179,7070584832,18.25
152.485,742096,1502524,0,2244620,8499540,179,7070584832,18.25
152.586,742096,1502524,0,2244620,8499540,179,7070584832,18.25
152.686,742096,1502524,0,2244620,8499540,179,7070584832,18.25
152.787,742096,1502524,0,2244620,8499540,179,7070584832,18.25
152.887,742096,1502428,0,2244524,8499540,179,7070584832,18.25
152.987,742096,1502428,0,2244524,8499540,179,7070584832,19.48
153.088,742096,1502428,0,2244524,8499540,179,7070584832,19.48
153.188,742096,1502428,0,2244524,8499540,179,7070584832,19.48
153.288,742096,1502428,0,2244524,8499540,179,7070584832,19.48
153.389,742096,1502428,0,2244524,8499540,179,7070584832,19.48
153.489,742096,1502396,0,2244492,8499540,179,7070584832,19.48
153.590,742096,1502396,0,2244492,8499540,179,7070584832,19.48
153.690,742096,1502388,0,2244484,8499540,181,7070654464,19.48
153.790,742388,1502412,0,2244800,8499540,181,7070654464,19.48
153.891,742388,1502412,0,2244800,8499540,181,7070654464,19.48
153.991,742388,1502412,0,2244800,8499540,181,7070654464,19.48
154.091,742388,1502412,0,2244800,8499540,181,7070654464,19.48
154.192,742388,1502412,0,2244800,8499540,181,7070654464,19.48
154.292,742388,1502412,0,2244800,8499540,181,7070654464,19.48
154.392,742388,1502412,0,2244800,8499540,181,7070654464,19.48
154.493,742388,1502412,0,2244800,8499540,181,7070654464,19.48
154.593,742388,1502412,0,2244800,8499540,181,7070654464,19.48
154.694,742388,1502412,0,2244800,8499540,181,7070654464,19.48
154.794,742388,1502412,0,2244800,8499540,181,7070654464,19.48
154.894,742388,1502412,0,2244800,8499540,181,7070654464,19.03
154.995,742388,1502412,0,2244800,8499540,181,7070654464,19.03
155.095,742388,1502412,0,2244800,8499540,181,7070654464,19.03
155.195,742388,1502412,0,2244800,8499540,181,7070654464,19.03
155.296,742388,1502412,0,2244800,8499540,181,7070654464,19.03
155.396,742388,1502412,0,2244800,8499540,181,7070654464,19.03
155.496,742388,1502412,0,2244800,8499540,181,7070654464,19.03
155.597,742388,1502412,0,2244800,8499540,181,7070654464,19.03
155.697,742388,1502412,0,2244800,8499540,181,7070654464,19.03
155.797,742388,1502412,0,2244800,8499540,181,7070654464,19.03
155.898,742388,1502412,0,2244800,8499540,181,7070654464,19.03
155.998,742388,1502412,0,2244800,8499540,181,7070654464,19.03
156.099,742388,1502412,0,2244800,8499540,181,7070654464,19.03
156.199,742388,1502412,0,2244800,8499540,181,7070654464,19.03
156.299,742388,1502412,0,2244800,8499540,181,7070654464,19.03
156.400,742388,1502412,0,2244800,8499540,181,7070654464,19.03
156.500,742388,1502412,0,2244800,8499540,181,7070654464,19.03
156.600,742388,1502412,0,2244800,8499540,181,7070654464,19.03
156.701,742388,1502412,0,2244800,8499540,181,7070654464,19.03
156.801,742388,1502412,0,2244800,8499540,181,7070654464,19.03
156.901,742388,1502412,0,2244800,8499540,181,7070654464,20.11
157.002,742388,1502412,0,2244800,8499540,181,7070654464,20.11
157.102,742388,1502412,0,2244800,8499540,181,7070654464,20.11
157.202,742388,1502412,0,2244800,8499540,181,7070654464,20.11
157.303,742388,1502412,0,2244800,8499540,181,7070654464,20.11
157.403,742388,1502412,0,2244800,8499540,181,7070654464,20.11
157.504,742388,1502412,0,2244800,8499540,181,7070654464,20.11
157.604,742388,1502412,0,2244800,8499540,181,7070654464,20.11
157.704,742388,1502412,0,2244800,8499540,181,7070654464,20.11
157.805,742388,1502412,0,2244800,8499540,181,7070654464,20.11
157.905,742388,1502412,0,2244800,8499540,181,7070654464,20.11
158.005,742388,1502412,0,2244800,8499540,181,7070654464,20.11
158.106,742388,1502412,0,2244800,8499540,181,7070654464,20.11
158.206,742388,1502412,0,2244800,8499540,181,7070654464,20.11
158.306,742388,1502412,0,2244800,8499540,181,7070654464,20.11
158.407,742388,1502412,0,2244800,8499540,181,7070654464,20.11
158.507,742388,1502412,0,2244800,8499540,181,7070654464,20.11
158.607,742388,1502412,0,2244800,8499540,181,7070654464,20.11
158.708,742388,1502412,0,2244800,8499540,181,7070654464,20.11
158.808,742388,1502412,0,2244800,8499540,181,7070654464,19.18
158.908,742388,1502412,0,2244800,8499540,181,7070654464,19.18
159.009,742388,1502412,0,2244800,8499540,181,7070654464,19.18
159.109,742388,1502412,0,2244800,8499540,181,7070654464,19.18
159.210,742388,1502412,0,2244800,8499540,181,7070654464,19.18
159.310,742388,1502412,0,2244800,8499540,181,7070654464,19.18
159.410,742388,1502412,0,2244800,8499540,181,7070654464,19.18
159.511,742388,1502412,0,2244800,8499540,181,7070654464,19.18
159.611,742388,1502412,0,2244800,8499540,181,7070654464,19.18
159.711,742388,1502412,0,2244800,8499540,181,7070654464,19.18
159.812,742388,1502412,0,2244800,8499540,181,7070654464,19.18
159.912,742388,1502412,0,2244800,8499540,181,7070654464,19.18
160.012,742388,1502412,0,2244800,8499540,181,7070654464,19.18
160.113,742388,1502412,0,2244800,8499540,181,7070654464,19.18
160.214,742388,1502412,0,2244800,8499540,181,7070654464,19.18
160.315,742388,1502412,0,2244800,8499540,181,7070654464,19.18
160.415,742388,1502412,0,2244800,8499540,181,7070654464,19.18
160.516,742388,1502420,0,2244808,8499540,181,7070654464,19.18
160.617,742388,1502484,0,2244872,8499540,181,7070654464,19.18
160.717,742388,1502484,0,2244872,8499540,181,7070654464,19.18
160.817,742388,1502484,0,2244872,8499540,181,7070654464,19.15
160.918,742388,1502484,0,2244872,8499540,181,7070654464,19.15
161.019,742388,1502484,0,2244872,8499540,181,7070654464,19.15
161.119,742388,1502484,0,2244872,8499540,181,7070654464,19.15
161.220,742388,1502484,0,2244872,8499540,181,7070654464,19.15
161.320,742388,1502484,0,2244872,8499540,181,7070654464,19.15
161.421,742388,1502484,0,2244872,8499540,181,7070654464,19.15
161.521,742388,1502484,0,2244872,8499540,181,7070654464,19.15
161.622,742388,1502484,0,2244872,8499540,181,7070654464,19.15
161.722,742388,1502484,0,2244872,8499540,181,7070654464,19.15
161.823,742388,1502484,0,2244872,8499540,181,7070654464,19.15
161.923,761384,1502484,0,2263868,8499540,181,7070654464,19.15
162.024,785044,1502484,0,2287528,8499540,181,7070654464,19.15
162.124,799688,1502484,0,2302172,8499540,181,7070654464,19.15
162.225,814220,1502484,0,2316704,8499540,181,7070654464,19.15
162.325,837352,1502484,0,2339836,8499540,181,7070654464,19.15
162.425,837352,1502484,0,2339836,8499540,181,7070654464,19.15
162.526,854672,1502484,0,2357156,8499540,181,7070654464,19.15
162.626,893640,1502484,0,2396124,8499540,181,7070654464,19.15
162.727,893640,1502484,0,2396124,8499540,181,7070654464,19.15
162.827,911916,1502484,0,2414400,8499540,181,7070654464,18.94
162.928,932732,1502484,0,2435216,8499540,181,7070654464,18.94
163.028,957720,1502484,0,2460204,8499540,181,7070654464,18.94
163.128,985272,1502484,0,2487756,8499540,181,7070654464,18.94
163.229,994592,1502484,0,2497076,8499540,181,7070654464,18.94
163.329,1033948,1502484,0,2536432,8499540,181,7070654464,18.94
163.430,1035804,1502484,0,2538288,8499540,181,7070654464,18.94
163.531,1051732,1502484,0,2554216,8499540,181,7070654464,18.94
163.632,1078996,1502484,0,2581480,8499540,181,7070654464,18.94
163.732,1100812,1502484,0,2603296,8499540,181,7070654464,18.94
163.833,1124656,1502484,0,2627140,8499540,181,7070654464,18.94
163.933,1161288,1502484,0,2663772,8499540,181,7070654464,18.94
164.033,1181420,1502484,0,2683904,8499540,181,7070654464,18.94
164.134,1351244,1502484,0,2853728,8499540,181,7070654464,18.94
164.234,1458940,1502484,0,2961424,8499540,181,7070654464,18.94
164.335,1565656,1502484,0,3068140,8499540,181,7070654464,18.94
164.435,1670100,1502484,0,3172584,8499540,181,7070654464,18.94
164.535,1689636,1502484,0,3192120,8499540,181,7070654464,18.94
164.636,1689636,1502484,0,3192120,8499540,181,7070654464,18.94
164.736,1689636,1502484,0,3192120,8499540,181,7070654464,18.94
164.836,1689636,1518744,0,3208380,8499540,181,7070654464,20.58
164.937,1689636,1518744,0,3208380,8499540,181,7070654464,20.58
165.037,1689636,1518744,0,3208380,8499540,181,7070654464,20.58
165.138,1689636,1518744,0,3208380,8499540,181,7070654464,20.58
165.238,1689636,1518744,0,3208380,8499540,181,7070654464,20.58
165.338,1689636,1518744,0,3208380,8499540,181,7070666752,20.58
165.439,1689636,1566616,0,3256252,8499540,181,7070666752,20.58
165.539,1689636,1696792,0,3386428,8499540,181,7070666752,20.58
165.639,1689636,1822104,0,3511740,8499540,181,7070666752,20.58
165.740,1689636,1930392,0,3620028,8499540,181,7070666752,20.58
165.840,1689636,2018584,0,3708220,8499540,181,7070666752,20.58
165.940,1611508,2034080,0,3645588,8499540,181,7070666752,20.58
166.041,1611508,2034120,0,3645628,8499540,181,7070666752,20.58
166.141,1611508,2034120,0,3645628,8499540,181,7070670848,20.58
166.241,1611508,2089800,0,3701308,8499540,181,7070670848,20.58
166.342,1611508,2034120,0,3645628,8499540,181,7070670848,20.58
166.444,1632216,2555192,0,4187408,8499540,182,7070674944,20.58
166.544,1653404,2555320,0,4208724,8499540,182,7070674944,20.58
166.645,1676396,2555512,0,4231908,8499540,182,7070674944,20.58
166.745,1696592,2556536,0,4253128,8499540,182,7070674944,17.94
166.845,1729608,2556600,0,4286208,8499540,182,7070674944,17.94
166.948,1749472,2557432,0,4306904,8499540,182,7070674944,17.94
167.048,1760072,2558008,0,4318080,8499540,182,7070674944,17.94
167.152,1767728,2559544,0,4327272,8499540,182,7070674944,17.94
167.252,1768380,2560056,0,4328436,8499540,182,7070674944,17.94
167.353,1770160,2560760,0,4330920,8499540,182,7070674944,17.94
167.455,1773300,2561016,0,4334316,8499540,182,7070674944,17.94
167.556,1778420,2561016,0,4339436,8499540,182,7070674944,17.94
167.656,1782260,2561272,0,4343532,8499540,182,7070674944,17.94
167.756,1782288,2561272,0,4343560,8499540,182,7070674944,17.94
167.857,1783872,2560888,0,4344760,8499540,182,7070674944,17.94
167.957,1783932,2559480,0,4343412,8499540,182,7070674944,17.94
168.060,1784940,2559480,0,4344420,8499540,182,7070674944,17.94
168.160,1787580,2559480,0,4347060,8499540,182,7070679040,17.94
168.261,1789052,2559480,0,4348532,8499540,182,7070679040,17.94
168.361,1789052,2559032,0,4348084,8499540,182,7070679040,17.94
168.461,1789476,2558888,0,4348364,8499540,182,7070679040,17.94
168.564,1791564,2558888,0,4350452,8499540,182,7070679040,17.94
168.664,1793412,2559016,0,4352428,8499540,182,7070679040,14.69
168.765,1793636,2558440,0,4352076,8499540,182,7070679040,14.69
168.868,1797396,2558440,0,4355836,8499540,182,7070679040,14.69
168.968,1797396,2558648,0,4356044,8499540,182,7070679040,14.69
169.069,1797396,2558648,0,4356044,8499540,182,7070679040,14.69
169.172,1797396,2558648,0,4356044,8499540,182,7070679040,14.69
169.272,1801288,2558328,0,4359616,8499540,182,7070679040,14.69
169.373,1801372,2558328,0,4359700,8499540,182,7070679040,14.69
169.473,1802540,2558328,0,4360868,8499540,182,7070679040,14.69
169.576,1802540,2558328,0,4360868,8499540,182,7070679040,14.69
169.676,1802540,2558328,0,4360868,8499540,182,7070679040,14.69
169.777,1803640,2558328,0,4361968,8499540,182,7070679040,14.69
169.880,1804728,2558248,0,4362976,8499540,182,7070683136,14.69
169.980,1805992,2558248,0,4364240,8499540,182,7070683136,14.69
170.081,1805992,2558248,0,4364240,8499540,182,7070683136,14.69
170.181,1805992,2555176,0,4361168,8499540,182,7070683136,14.69
170.281,1805992,2555176,0,4361168,8499540,182,7070683136,14.69
170.381,1805992,2555128,0,4361120,8499540,182,7070683136,14.69
170.482,1805992,2555128,0,4361120,8499540,182,7070683136,14.69
170.582,1805996,2553080,0,4359076,8499540,182,7070683136,12.57
170.682,1805996,2553080,0,4359076,8499540,182,7070683136,12.57
170.783,1805996,2553080,0,4359076,8499540,182,7070683136,12.57
170.883,1805996,2553080,0,4359076,8499540,182,7070683136,12.57
170.983,1805996,2553080,0,4359076,8499540,182,7070683136,12.57
171.084,1805996,2553080,0,4359076,8499540,182,7070683136,12.57
171.184,1805996,2553080,0,4359076,8499540,182,7070683136,12.57
171.284,1805996,2553080,0,4359076,8499540,182,7070683136,12.57
171.385,1805996,2553080,0,4359076,8499540,182,7070683136,12.57
171.485,1805996,2553080,0,4359076,8499540,182,7070683136,12.57
171.585,1805996,2553080,0,4359076,8499540,182,7070683136,12.57
171.686,1805996,2553080,0,4359076,8499540,182,7070683136,12.57
171.786,1805996,2553080,0,4359076,8499540,182,7070683136,12.57
171.887,1805996,2553080,0,4359076,8499540,182,7070683136,12.57
171.987,1805996,2553080,0,4359076,8499540,182,7070683136,12.57
172.087,1805996,2553080,0,4359076,8499540,182,7070683136,12.57
172.188,1805996,2553080,0,4359076,8499540,182,7070683136,12.57
172.288,1805996,2553080,0,4359076,8499540,182,7070683136,12.57
172.388,1805996,2553080,0,4359076,8499540,182,7070683136,12.57
172.489,1805996,2553080,0,4359076,8499540,182,7070683136,13.19
172.589,1805996,2553080,0,4359076,8499540,182,7070683136,13.19
172.689,1805996,2553080,0,4359076,8499540,182,7070683136,13.19
172.790,1805996,2553080,0,4359076,8499540,182,7070683136,13.19
172.890,1805996,2553080,0,4359076,8499540,182,7070683136,13.19
172.990,1805996,2553080,0,4359076,8499540,182,7070683136,13.19
173.090,1805996,2553080,0,4359076,8499540,182,7070683136,13.19
173.191,1805996,2553080,0,4359076,8499540,182,7070683136,13.19
173.291,1805996,2553080,0,4359076,8499540,182,7070683136,13.19
173.392,1805996,2553080,0,4359076,8499540,182,7070683136,13.19
173.492,1805996,2553080,0,4359076,8499540,182,7070683136,13.19
173.592,1805996,2553080,0,4359076,8499540,182,7070683136,13.19
173.693,1805996,2553080,0,4359076,8499540,182,7070683136,13.19
173.793,1805996,2553080,0,4359076,8499540,182,7070683136,13.19
173.893,1805996,2553080,0,4359076,8499540,182,7070683136,13.19
173.994,1805996,2553080,0,4359076,8499540,182,7070683136,13.19
174.094,1805996,2553080,0,4359076,8499540,182,7070683136,13.19
174.194,1805996,2553080,0,4359076,8499540,182,7070683136,13.19
174.295,1805996,2553080,0,4359076,8499540,182,7070683136,13.19
174.395,1805996,2553080,0,4359076,8499540,182,7070683136,13.52
174.495,1805996,2553080,0,4359076,8499540,182,7070683136,13.52
174.596,1805996,2553080,0,4359076,8499540,182,7070683136,13.52
174.696,1805996,2553080,0,4359076,8499540,182,7070683136,13.52
174.797,1805996,2553080,0,4359076,8499540,182,7070683136,13.52
174.897,1805996,2553080,0,4359076,8499540,182,7070683136,13.52
174.997,1805996,2553080,0,4359076,8499540,182,7070691328,13.52
175.098,1805996,2724152,0,4530148,8499540,182,7070691328,13.52
175.199,1805996,2552760,0,4358756,8499540,182,7070691328,13.52
175.299,1805996,3074820,0,4880816,8499540,182,7070691328,13.52
175.399,1805996,3076676,0,4882672,8499540,182,7070691328,13.52
175.504,1805996,3076740,0,4882736,8499540,182,7070691328,13.52
175.605,1805996,3077444,0,4883440,8499540,182,7070691328,13.52
175.705,1805996,3077444,0,4883440,8499540,182,7070691328,13.52
175.805,1805996,3077444,0,4883440,8499540,182,7070691328,13.52
175.908,1805996,3077444,0,4883440,8499540,182,7070691328,13.52
176.009,1805996,3077444,0,4883440,8499540,182,7070691328,13.52
176.112,1805996,3077444,0,4883440,8499540,182,7070691328,13.52
176.212,1805996,3077444,0,4883440,8499540,182,7070691328,13.52
176.313,1805996,3077444,0,4883440,8499540,182,7070691328,12.52
176.416,1805996,3077624,0,4883620,8499540,182,7070691328,12.52
176.516,1805996,3077624,0,4883620,8499540,182,7070691328,12.52
176.617,1805996,3077624,0,4883620,8499540,182,7070691328,12.52
176.717,1805996,3077624,0,4883620,8499540,182,7070691328,12.52
176.820,1805996,3077624,0,4883620,8499540,182,7070691328,12.52
176.920,1805996,3077624,0,4883620,8499540,182,7070691328,12.52
177.021,1805996,3077624,0,4883620,8499540,182,7070691328,12.52
177.121,1805996,3077624,0,4883620,8499540,182,7070691328,12.52
177.221,1805996,3077624,0,4883620,8499540,182,7070691328,12.52
177.322,1805996,3077624,0,4883620,8499540,182,7070691328,12.52
177.422,1805996,3077624,0,4883620,8499540,182,7070691328,12.52
177.522,1805996,3077624,0,4883620,8499540,182,7070691328,12.52
177.623,1805996,3077624,0,4883620,8499540,182,7070691328,12.52
177.723,1805996,3077624,0,4883620,8499540,182,7070691328,12.52
177.824,1805996,3077624,0,4883620,8499540,182,7070691328,12.52
177.924,1805996,3077624,0,4883620,8499540,182,7070691328,12.52
178.024,1805996,3077624,0,4883620,8499540,182,7070691328,12.52
178.124,1805996,3077624,0,4883620,8499540,182,7070691328,12.52
178.225,1805996,3077624,0,4883620,8499540,182,7070691328,10.25
178.325,1805996,3077624,0,4883620,8499540,182,7070691328,10.25
178.426,1805996,3077624,0,4883620,8499540,182,7070691328,10.25
178.526,1805996,3077624,0,4883620,8499540,182,7070691328,10.25
178.626,1805996,3108344,0,4914340,8499540,182,7070695424,10.25
178.727,1805996,3077624,0,4883620,8499540,182,7070695424,10.25
178.827,1805996,5575736,0,7381732,8499540,182,7070695424,10.25
178.927,1805996,6491768,0,8297764,8499540,182,7070695424,10.25
179.028,1805996,7143800,0,8949796,8949796,182,7070695424,10.25
179.129,1805996,7675704,0,9481700,9481700,182,7070695424,10.25
179.232,1805996,8155640,0,9961636,9961636,182,7070695424,10.25
179.333,1805996,8528952,0,10334948,10334948,182,7070695424,10.25
179.433,1805996,8823352,0,10629348,10629348,182,7070695424,10.25
179.533,1805996,9079864,0,10885860,10885860,182,7070695424,10.25
179.634,1805996,9312888,0,11118884,11118884,182,7070695424,10.25
179.734,1806880,9523832,0,11330712,11330712,182,7070695424,10.25
179.836,1811604,9716344,0,11527948,11527948,182,7070695424,10.25
179.937,1813924,9879668,0,11693592,11693592,182,7070695424,10.25
180.037,1819788,10016180,0,11835968,11835968,182,7070695424,10.25
180.140,1832516,10123124,0,11955640,11955640,182,7070695424,9.66
180.241,1845412,10231092,0,12076504,12076504,182,7070695424,9.66
180.341,1854320,10318388,0,12172708,12172708,182,7070695424,9.66
180.441,1863660,10402676,0,12266336,12266336,182,7070695424,9.66
180.541,1873924,10475828,0,12349752,12349752,182,7070695424,9.66
180.644,1884592,10545076,0,12429668,12429668,182,7070695424,9.66
180.744,1907872,10601972,0,12509844,12509844,182,7070695424,9.66
180.845,1925500,10661812,0,12587312,12587312,182,7070695424,9.66
180.945,1937588,10712436,0,12650024,12650024,182,7070695424,9.66
181.045,1953588,10755892,0,12709480,12709480,182,7070695424,9.66
181.146,1962908,10801076,0,12763984,12763984,182,7070695424,9.66
181.246,1973176,10835188,0,12808364,12808364,182,7070695424,9.66
181.352,1985924,10863796,0,12849720,12849720,182,7070695424,9.66
181.452,1996744,10892340,0,12889084,12889084,182,7070695424,9.66
181.553,2027928,10918132,0,12946060,12946060,182,7070695424,9.66
181.653,2043984,10940340,0,12984324,12984324,182,7070695424,9.66
181.753,2055332,10961012,0,13016344,13016344,182,7070695424,9.66
181.856,2072112,10975860,0,13047972,13047972,182,7070695424,9.66
181.957,2080708,10992756,0,13073464,13073464,182,7070695424,9.66
182.057,2088564,11010036,0,13098600,13098600,182,7070695424,9.66
182.157,2098144,11026100,0,13124244,13124244,182,7070695424,7.91
182.258,2119528,11038004,0,13157532,13157532,182,7070695424,7.91
182.360,2145932,11049204,0,13195136,13195136,182,7070695424,7.91
182.461,2168788,11056820,0,13225608,13225608,182,7070695424,7.91
182.561,2173760,11064884,0,13238644,13238644,182,7070695424,7.91
182.664,2178684,11071348,0,13250032,13250032,182,7070695424,7.91
182.764,2184532,11079924,0,13264456,13264456,182,7070695424,7.91
182.865,2191148,11086900,0,13278048,13278048,182,7070695424,7.91
182.965,2199352,11094644,0,13293996,13293996,182,7070695424,7.91
183.065,2207904,11102068,0,13309972,13309972,182,7070695424,7.91
183.168,2215900,11109876,0,13325776,13325776,182,7070695424,7.91
183.269,2229572,11115636,0,13345208,13345208,182,7070695424,7.91
183.369,2233028,11122484,0,13355512,13355512,182,7070695424,7.91
183.469,2243360,11126132,0,13369492,13369492,182,7070695424,7.91
183.569,2242368,11131316,0,13373684,13373684,182,7070695424,7.91
183.670,2248492,11135668,0,13384160,13384160,182,7070695424,7.91
183.772,2255008,11140468,0,13395476,13395476,182,7070695424,7.91
183.872,2261104,11145140,0,13406244,13406244,182,7070695424,7.91
183.973,2267008,11149620,0,13416628,13416628,182,7070695424,7.91
184.073,2273732,11154612,0,13428344,13428344,182,7070695424,6.47
184.176,2279148,11157940,0,13437088,13437088,182,7070695424,6.47
184.277,2292548,11160820,0,13453368,13453368,182,7070695424,6.47
184.377,2307852,11163316,0,13471168,13471168,182,7070695424,6.47
184.477,2309880,11166068,0,13475948,13478968,182,7070695424,6.47
184.578,2285632,11167860,0,13453492,13478968,182,7070699520,6.47
184.678,2275840,11171380,0,13447220,13478968,182,7070699520,6.47
184.778,2282008,11173940,0,13455948,13478968,182,7070699520,6.47
184.878,2266044,11176308,0,13442352,13478968,182,7070699520,6.47
184.980,2269220,11179380,0,13448600,13478968,182,7070699520,6.47
185.081,2272356,11181940,0,13454296,13478968,182,7070699520,6.47
185.181,2274600,11183860,0,13458460,13478968,182,7070699520,6.47
185.281,2277168,11185524,0,13462692,13478968,182,7070699520,6.47
185.388,2279768,11186612,0,13466380,13478968,182,7070699520,6.47
185.488,2281992,11187892,0,13469884,13478968,182,7070699520,6.47
185.589,2284772,11190580,0,13475352,13478968,182,7070699520,6.47
185.689,2287384,11192116,0,13479500,13479500,182,7070699520,6.47
185.790,2292952,11193268,0,13486220,13486220,182,7070699520,6.47
185.892,2299108,11198068,0,13497176,13497176,182,7070699520,6.47
185.993,2301168,11200244,0,13501412,13501412,182,7070699520,5.3
186.093,2283716,11210868,0,13494584,13501296,182,7070699520,5.3
186.193,2286120,11221748,0,13507868,13507868,182,7070699520,5.3
186.293,2293444,11227380,0,13520824,13520824,182,7070699520,5.3
186.394,2302228,11233716,0,13535944,13535944,182,7070699520,5.3
186.494,2281236,11238260,0,13519496,13538528,182,7070699520,5.3
186.596,2281768,11242804,0,13524572,13538528,182,7070699520,5.3
186.696,2282632,11246260,0,13528892,13538528,182,7070699520,5.3
186.797,2283652,11249268,0,13532920,13538528,182,7070699520,5.3
186.897,2286664,11252980,0,13539644,13539644,182,7070699520,5.3
187.000,2287756,11257588,0,13545344,13545344,182,7070699520,5.3
187.101,2288916,11261812,0,13550728,13550728,182,7070699520,5.3
187.201,2289888,11264820,0,13554708,13554708,182,7070699520,5.3
187.301,2290724,11268212,0,13558936,13558936,182,7070699520,5.3
187.402,2291804,11269700,0,13561504,13561504,182,7070699520,5.3
187.504,2293364,11271516,0,13564880,13564880,182,7070699520,5.3
187.605,2295940,11273884,0,13569824,13569824,182,7070699520,5.3
187.706,2297728,11277788,0,13575516,13575516,182,7070699520,5.3
187.807,2299844,11281116,0,13580960,13580960,182,7070699520,5.3
187.907,2301620,11284508,0,13586128,13586128,182,7070699520,5.3
188.007,2303812,11287004,0,13590816,13590816,182,7070699520,4.34
188.108,2308104,11289244,0,13597348,13597348,182,7070699520,4.34
188.212,2313888,11291356,0,13605244,13605244,182,7070699520,4.34
188.313,2315660,11293660,0,13609320,13609320,182,7070699520,4.34
188.413,2302264,11295580,0,13597844,13610480,182,7070699520,4.34
188.513,2304352,11297628,0,13601980,13610480,182,7070699520,4.34
188.616,2310040,11299228,0,13609268,13610480,182,7070699520,4.34
188.716,2315480,11302108,0,13617588,13617588,182,7070699520,4.34
188.817,2305992,11303836,0,13609828,13620336,182,7070699520,4.34
188.917,2307412,11308764,0,13616176,13620336,182,7070699520,4.34
189.017,2311044,11311068,0,13622112,13622112,182,7070699520,4.34
189.118,2316432,11312220,0,13628652,13628652,182,7070699520,4.34
189.218,2318348,11312860,0,13631208,13631208,182,7070703616,4.34
189.320,2320376,11314140,0,13634516,13634516,182,7070703616,4.34
189.420,2322528,11315932,0,13638460,13638460,182,7070703616,4.34
189.521,2324868,11318044,0,13642912,13642912,182,7070703616,4.34
189.621,2327528,11320732,0,13648260,13648260,182,7070703616,4.34
189.724,2330116,11323740,0,13653856,13653856,182,7070703616,4.34
189.825,2339620,11325436,0,13665056,13665056,182,7070703616,4.34
189.925,2342088,11327868,0,13669956,13669956,182,7070703616,3.55
190.025,2332764,11329276,0,13662040,13669872,182,7070703616,3.55
190.132,2335124,11334076,0,13669200,13669872,182,7070703616,3.55
190.232,2340392,11337148,0,13677540,13677540,182,7070703616,3.55
190.333,2344612,11340420,0,13685032,13685336,182,7070703616,3.55
190.433,2330168,11344708,0,13674876,13688152,182,7070703616,3.55
190.536,2332088,11349124,0,13681212,13688152,182,7070703616,3.55
190.636,2333808,11353476,0,13687284,13688152,182,7070703616,3.55
190.737,2335268,11355268,0,13690536,13690536,182,7070703616,3.55
190.840,2342160,11358084,0,13700244,13700244,182,7070703616,3.55
190.944,2344128,11360772,0,13704900,13704900,182,7070703616,3.55
191.044,2345712,11363716,0,13709428,13709428,182,7070703616,3.55
191.145,2328604,11368068,0,13696672,13708468,182,7070703616,3.55
191.245,2329908,11370820,0,13700728,13708468,182,7070703616,3.55
191.345,2331304,11372932,0,13704236,13708468,182,7070703616,3.55
191.446,2332432,11374852,0,13707284,13708468,182,7070703616,3.55
191.546,2333860,11376964,0,13710824,13710824,182,7070703616,3.55
191.648,2335416,11378436,0,13713852,13713852,182,7070703616,3.55
191.748,2336512,11379524,0,13716036,13716036,182,7070703616,3.55
191.849,2337720,11381700,0,13719420,13719420,182,7070703616,2.91
191.952,2339388,11383364,0,13722752,13722752,182,7070703616,2.91
192.053,2347468,11384260,0,13731728,13731728,182,7070703616,2.91
192.153,2348748,11385540,0,13734288,13734288,182,7070703616,2.91
192.253,2337840,11387588,0,13725428,13734920,182,7070703616,2.91
192.354,2342764,11388868,0,13731632,13734920,182,7070703616,2.91
192.454,2341556,11389828,0,13731384,13734920,182,7070703616,2.91
192.556,2342464,11391428,0,13733892,13734920,182,7070703616,2.91
192.656,2343384,11393220,0,13736604,13736604,182,7070703616,2.91
192.757,2344804,11394756,0,13739560,13739560,182,7070703616,2.91
192.857,2346284,11396228,0,13742512,13742512,182,7070703616,2.91
192.960,2351436,11397124,0,13748560,13748560,182,7070703616,2.91
193.060,2355684,11398084,0,13753768,13753768,182,7070703616,2.91
193.161,2356012,11399812,0,13755824,13755824,182,7070703616,2.91
193.261,2336668,11400580,0,13737248,13755464,182,7070703616,2.91
193.364,2337112,11402436,0,13739548,13755464,182,7070703616,2.91
193.465,2337744,11405060,0,13742804,13755464,182,7070703616,2.91
193.565,2338452,11406852,0,13745304,13755464,182,7070703616,2.91
193.665,2339424,11407316,0,13746740,13755464,182,7070703616,2.91
193.766,2340304,11408340,0,13748644,13755464,182,7070703616,2.91
193.868,2340780,11409044,0,13749824,13755464,182,7070703616,2.38
193.968,2341196,11410260,0,13751456,13755464,182,7070703616,2.38
194.072,2342492,11410964,0,13753456,13755464,182,7070703616,2.38
194.176,2344056,11412052,0,13756108,13756108,182,7070703616,2.38
194.276,2345776,11413332,0,13759108,13759108,182,7070703616,2.38
194.377,2347684,11414100,0,13761784,13761784,182,7070703616,2.38
194.477,2349736,11414612,0,13764348,13764348,182,7070703616,2.38
194.578,2351660,11415636,0,13767296,13767296,182,7070703616,2.38
194.678,2356988,11416596,0,13773584,13773584,182,7070703616,2.38
194.778,2362544,11417748,0,13780292,13780292,182,7070703616,2.38
194.879,2363504,11419412,0,13782916,13782916,182,7070703616,2.38
194.979,2343780,11402260,0,13746040,13782496,182,7070703616,2.38
195.080,2344728,11402628,0,13747356,13782496,182,7070703616,2.38
195.184,2345740,11403652,0,13749392,13782496,182,7070703616,2.38
195.285,2346756,11404484,0,13751240,13782496,182,7070703616,2.38
195.385,2347480,11404988,0,13752468,13782496,182,7070703616,2.38
195.485,2353884,11405244,0,13759128,13782496,182,7070703616,2.38
195.586,2354672,11405308,0,13759980,13782496,182,7070703616,2.38
195.686,2338144,11405564,0,13743708,13782496,182,7070703616,2.38
195.788,2338172,11406588,0,13744760,13782496,182,7070703616,1.95
195.889,2338688,11407228,0,13745916,13782496,182,7070703616,1.95
195.989,2338828,11407740,0,13746568,13782496,182,7070703616,1.95
196.092,2345456,11408380,0,13753836,13782496,182,7070703616,1.95
196.193,2346004,11408508,0,13754512,13782496,182,7070703616,1.95
196.293,2339488,11408764,0,13748252,13782496,182,7070703616,1.95
196.393,2339884,11408892,0,13748776,13782496,182,7070703616,1.95
196.494,2340748,11409020,0,13749768,13782496,182,7070703616,1.95
196.594,2348016,11409276,0,13757292,13782496,182,7070703616,1.95
196.696,2348044,11409340,0,13757384,13782496,182,7070703616,1.95
196.797,2339772,11409724,0,13749496,13782496,182,7070703616,1.95
196.897,2339788,11410172,0,13749960,13782496,182,7070703616,1.95
196.997,2340368,11410812,0,13751180,13782496,182,7070703616,1.95
197.098,2341128,11411260,0,13752388,13782496,182,7070703616,1.95
197.200,2341940,11411772,0,13753712,13782496,182,7070703616,1.95
197.300,2342728,11412028,0,13754756,13782496,182,7070703616,1.95
197.401,2343816,11412220,0,13756036,13782496,182,7070703616,1.95
197.501,2344684,11412284,0,13756968,13782496,182,7070703616,1.95
197.604,2345404,11412540,0,13757944,13782496,182,7070703616,1.95
197.705,2345880,11406780,0,13752660,13782496,182,7070703616,1.95
197.805,2346128,11407164,0,13753292,13782496,182,7070703616,1.59
197.905,2346564,11407612,0,13754176,13782496,182,7070703616,1.59
198.005,2347188,11408316,0,13755504,13782496,182,7070703616,1.59
198.108,2347940,11408636,0,13756576,13782496,182,7070703616,1.59
198.208,2348652,11409276,0,13757928,13782496,182,7070703616,1.59
198.308,2349120,11409916,0,13759036,13782496,182,7070703616,1.59
198.409,2349956,11411388,0,13761344,13782496,182,7070703616,1.59
198.512,2350588,11412348,0,13762936,13782496,182,7070703616,1.59
198.613,2351296,11413500,0,13764796,13782496,182,7070703616,1.59
198.713,2352240,11414396,0,13766636,13782496,182,7070703616,1.59
198.813,2353188,11414540,0,13767728,13782496,182,7070703616,1.59
198.914,2356320,11415044,0,13771364,13782496,182,7070703616,1.59
199.014,2360412,11416516,0,13776928,13782496,182,7070703616,1.59
199.114,2360544,11417860,0,13778404,13782496,182,7070703616,1.59
199.216,2341120,11418756,0,13759876,13782496,182,7070703616,1.59
199.320,2341352,11419204,0,13760556,13782496,182,7070703616,1.59
199.420,2342320,11419972,0,13762292,13782496,182,7070703616,1.59
199.521,2343028,11420228,0,13763256,13782496,182,7070703616,1.59
199.621,2343696,11420996,0,13764692,13782496,182,7070703616,1.59
199.722,2344516,11421636,0,13766152,13782496,182,7070703616,1.3
199.822,2345140,11421444,0,13766584,13782496,182,7070703616,1.3
199.922,2345736,11421572,0,13767308,13782496,182,7070707712,1.3
200.023,2346600,11421700,0,13768300,13782496,182,7070707712,1.3
200.123,2347368,11421828,0,13769196,13782496,182,7070707712,1.3
200.228,2348504,11422020,0,13770524,13782496,182,7070707712,1.3
200.329,2349704,11422084,0,13771788,13782496,182,7070707712,1.3
200.429,2350268,11422212,0,13772480,13782496,182,7070707712,1.3
200.529,2351748,11422404,0,13774152,13782496,182,7070707712,1.3
200.632,2356720,11422852,0,13779572,13782496,182,7070707712,1.3
200.733,2360708,11422884,0,13783592,13783592,182,7070707712,1.3
200.833,2345684,11423588,0,13769272,13783740,182,7070707712,1.3
200.933,2346488,11423716,0,13770204,13783740,182,7070707712,1.3
201.034,2347136,11423908,0,13771044,13783740,182,7070707712,1.3
201.134,2348112,11424356,0,13772468,13783740,182,7070707712,1.3
201.236,2349380,11424612,0,13773992,13783740,182,7070707712,1.3
201.336,2350556,11424804,0,13775360,13783740,182,7070707712,1.3
201.437,2352212,11425188,0,13777400,13783740,182,7070707712,1.3
201.537,2354088,11425316,0,13779404,13783740,182,7070707712,1.3
201.640,2355408,11425444,0,13780852,13783740,182,7070707712,1.07
201.741,2356756,11425252,0,13782008,13783740,182,7070707712,1.07
201.841,2362848,11425444,0,13788292,13788292,182,7070707712,1.07
201.941,2368664,11421924,0,13790588,13791928,182,7070707712,1.07
202.042,2354092,11422052,0,13776144,13792312,182,7070707712,1.07
202.144,2354092,11422052,0,13776144,13792312,182,7070707712,1.07
202.245,2343380,11422308,0,13765688,13792312,182,7070707712,1.07
202.345,2343380,11422436,0,13765816,13792312,182,7070707712,1.07
202.445,2343380,11422500,0,13765880,13792312,182,7070707712,1.07
202.548,2343944,11422628,0,13766572,13792312,182,7070707712,1.07
202.648,2344732,11421892,0,13766624,13792312,182,7070707712,1.07
202.749,2345720,11422020,0,13767740,13792312,182,7070707712,1.07
202.849,2346508,11422020,0,13768528,13792312,182,7070707712,1.07
202.949,2347176,11422916,0,13770092,13792312,182,7070707712,1.07
203.052,2348052,11425284,0,13773336,13792312,182,7070707712,1.07
203.152,2349260,11426564,0,13775824,13792312,182,7070707712,1.07
203.253,2350460,11426820,0,13777280,13792312,182,7070707712,1.07
203.356,2352372,11426820,0,13779192,13792312,182,7070707712,1.07
203.456,2354800,11427012,0,13781812,13792312,182,7070707712,1.07
203.557,2359736,11427140,0,13786876,13792312,182,7070707712,1.07
203.657,2368796,11427204,0,13796000,13796000,182,7070707712,0.87
203.757,2365200,11427172,0,13792372,13799444,182,7070707712,0.87
203.858,2351592,11428324,0,13779916,13799444,182,7070711808,0.87
203.960,2353588,11428580,0,13782168,13799444,182,7070711808,0.87
204.064,2355040,11428836,0,13783876,13799444,182,7070711808,0.87
204.164,2357024,11428836,0,13785860,13799444,182,7070711808,0.87
204.265,2364976,11428836,0,13793812,13799444,182,7070711808,0.87
204.365,2376084,11428964,0,13805048,13805048,182,7070711808,0.87
204.466,2367556,11429092,0,13796648,13807656,182,7070711808,0.87
204.568,2344104,11429156,0,13773260,13807656,182,7070711808,0.87
204.669,2344104,11429156,0,13773260,13807656,182,7070711808,0.87
204.769,2344104,11429284,0,13773388,13807656,182,7070711808,0.87
204.869,2344104,11429476,0,13773580,13807656,182,7070711808,0.87
204.970,2344104,11429476,0,13773580,13807656,182,7070711808,0.87
205.072,2344104,11429476,0,13773580,13807656,182,7070711808,0.87
205.172,2344116,11429540,0,13773656,13807656,182,7070711808,0.87
205.273,2344116,11429604,0,13773720,13807656,182,7070711808,0.87
205.373,2344140,11429604,0,13773744,13807656,182,7070711808,0.87
205.473,2344300,11429604,0,13773904,13807656,182,7070711808,0.87
205.576,2345416,11429604,0,13775020,13807656,182,7070711808,0.71
205.676,2346240,11429668,0,13775908,13807656,182,7070711808,0.71
205.777,2346796,11429796,0,13776592,13807656,182,7070711808,0.71
205.877,2347568,11429860,0,13777428,13807656,182,7070711808,0.71
205.977,2348404,11429860,0,13778264,13807656,182,7070711808,0.71
206.080,2348972,11429860,0,13778832,13807656,182,7070711808,0.71
206.180,2350084,11429924,0,13780008,13807656,182,7070711808,0.71
206.281,2351692,11429924,0,13781616,13807656,182,7070711808,0.71
206.381,2353468,11429924,0,13783392,13807656,182,7070711808,0.71
206.484,2357964,11430116,0,13788080,13807656,182,7070711808,0.71
206.584,2360356,11430116,0,13790472,13807656,182,7070711808,0.71
206.685,2362072,11430116,0,13792188,13807656,182,7070711808,0.71
206.785,2369736,11430116,0,13799852,13807656,182,7070711808,0.71
206.888,2371792,11428580,0,13800372,13807656,182,7070711808,0.71
206.988,2368952,11428836,0,13797788,13807656,182,7070711808,0.71
207.089,2370536,11428964,0,13799500,13807656,182,7070711808,0.71
207.189,2364056,11429348,0,13793404,13807656,182,7070711808,0.71
207.290,2365364,11429476,0,13794840,13807656,182,7070711808,0.71
207.390,2366708,11429476,0,13796184,13807656,182,7070711808,0.71
207.491,2368176,11429668,0,13797844,13807656,182,7070711808,0.58
207.592,2369556,11429732,0,13799288,13807656,182,7070711808,0.58
207.696,2391720,11429732,0,13821452,13821452,182,7070711808,0.58
207.797,2392496,11429796,0,13822292,13822292,182,7070711808,0.58
207.897,2399580,11429860,0,13829440,13829440,182,7070711808,0.58
207.998,2399648,11429988,0,13829636,13829636,182,7070711808,0.58
208.098,2399748,11430116,0,13829864,13829864,182,7070711808,0.58
208.200,2400204,11430180,0,13830384,13830384,182,7070711808,0.58
208.301,2401120,11430180,0,13831300,13831300,182,7070711808,0.58
208.404,2406788,11430244,0,13837032,13837032,182,7070711808,0.58
208.504,2411956,11430244,0,13842200,13842200,182,7070711808,0.58
208.605,2417408,11430244,0,13847652,13847652,182,7070711808,0.58
208.705,2400476,11430308,0,13830784,13865212,182,7070711808,0.58
208.805,2423104,11430436,0,13853540,13865212,182,7070711808,0.58
208.906,2424844,11430500,0,13855344,13865212,182,7070711808,0.58
209.006,2426688,11430500,0,13857188,13865212,182,7070711808,0.58
209.108,2428452,11430500,0,13858952,13865212,182,7070711808,0.58
209.209,2430948,11430500,0,13861448,13865212,182,7070711808,0.58
209.309,2433680,11430500,0,13864180,13865212,182,7070711808,0.48
209.409,2436484,11430564,0,13867048,13867048,182,7070711808,0.48
209.510,2439420,11430564,0,13869984,13869984,182,7070711808,0.48
209.612,2447500,11430628,0,13878128,13878128,182,7070711808,0.48
209.713,2457372,11430628,0,13888000,13888000,182,7070711808,0.48
209.813,2469284,11430692,0,13899976,13899976,182,7070711808,0.48
209.913,2438448,11430692,0,13869140,13902240,182,7070711808,0.48
210.016,2424688,11430692,0,13855380,13902240,182,7070711808,0.48
210.120,2430540,11430692,0,13861232,13902240,182,7070711808,0.48
210.220,2437144,11430692,0,13867836,13902240,182,7070711808,0.48
210.321,2443064,11429908,0,13872972,13902240,182,7070711808,0.48
210.421,2443844,11429844,0,13873688,13902240,182,7070711808,0.48
210.521,2431176,11429844,0,13861020,13902240,182,7070711808,0.48
210.622,2397112,11429844,0,13826956,13902240,182,7070711808,0.48
210.722,2397928,11429844,0,13827772,13902240,182,7070711808,0.48
210.824,2398980,11429844,0,13828824,13902240,182,7070711808,0.48
210.924,2403320,11429844,0,13833164,13902240,182,7070711808,0.48
211.025,2405808,11429588,0,13835396,13902240,182,7070711808,0.48
211.128,2405808,11429588,0,13835396,13902240,182,7070711808,0.48
211.228,2405808,11429588,0,13835396,13902240,182,7070711808,0.39
211.332,2390284,11429588,0,13819872,13902240,182,7070711808,0.39
211.432,2390284,11429588,0,13819872,13902240,182,7070711808,0.39
211.536,2390284,11429652,0,13819936,13902240,182,7070711808,0.39
211.636,2390284,11429652,0,13819936,13902240,182,7070711808,0.39
211.737,2390284,11429652,0,13819936,13902240,182,7070711808,0.39
211.837,2372960,11429652,0,13802612,13902240,182,7070711808,0.39
211.940,2372960,11429652,0,13802612,13902240,182,7070711808,0.39
212.040,2372972,11429652,0,13802624,13902240,182,7070711808,0.39
212.141,2372972,11429652,0,13802624,13902240,182,7070711808,0.39
212.244,2373096,11429684,0,13802780,13902240,182,7070711808,0.39
212.344,2373272,11429684,0,13802956,13902240,182,7070711808,0.39
212.448,2373592,11429684,0,13803276,13902240,182,7070711808,0.39
212.548,2373788,11429172,0,13802960,13902240,182,7070711808,0.39
212.649,2374144,11429172,0,13803316,13902240,182,7070711808,0.39
212.749,2374428,11429172,0,13803600,13902240,182,7070711808,0.39
212.849,2376008,11429172,0,13805180,13902240,182,7070711808,0.39
212.950,2377864,11429188,0,13807052,13902240,182,7070711808,0.39
213.050,2385280,11429188,0,13814468,13902240,182,7070711808,0.39
213.156,2390976,11429188,0,13820164,13902240,182,7070711808,0.32
213.257,2382352,11429188,0,13811540,13902240,182,7070715904,0.32
213.357,2383544,11429188,0,13812732,13902240,182,7070715904,0.32
213.457,2389888,11429188,0,13819076,13902240,182,7070715904,0.32
213.558,2390568,11427444,0,13818012,13902240,182,7070715904,0.32
213.658,2380900,11427508,0,13808408,13902240,182,7070720000,0.32
213.758,2382172,11427572,0,13809744,13902240,182,7070720000,0.32
213.859,2382172,11427636,0,13809808,13902240,182,7070720000,0.32
213.960,2382172,11427780,0,13809952,13902240,182,7070720000,0.32
214.060,2382172,11427780,0,13809952,13902240,182,7070724096,0.32
214.161,2382172,11427780,0,13809952,13902240,182,7070724096,0.32
214.264,2382172,11427780,0,13809952,13902240,182,7070724096,0.32
214.365,2382172,11427780,0,13809952,13902240,182,7070724096,0.32
214.468,2383108,11427780,0,13810888,13902240,182,7070724096,0.32
214.568,2383552,11427780,0,13811332,13902240,182,7070724096,0.32
214.669,2389584,11427780,0,13817364,13902240,182,7070724096,0.32
214.769,2390064,11427780,0,13817844,13902240,182,7070724096,0.32
214.870,2390064,11427780,0,13817844,13902240,182,7070724096,0.32
214.970,2390244,11427780,0,13818024,13902240,182,7070724096,0.32
215.070,2396784,11427780,0,13824564,13902240,182,7070724096,0.62
215.171,2390088,11427780,0,13817868,13902240,182,7070724096,0.62
215.271,2390900,11427780,0,13818680,13902240,182,7070724096,0.62
215.371,2391384,11427844,0,13819228,13902240,182,7070724096,0.62
215.472,2392112,11427844,0,13819956,13902240,182,7070724096,0.62
215.572,2393076,11427844,0,13820920,13902240,182,7070724096,0.62
215.672,2394244,11427844,0,13822088,13902240,182,7070724096,0.62
215.773,2395044,11427844,0,13822888,13902240,182,7070724096,0.62
215.873,2396108,11427844,0,13823952,13902240,182,7070724096,0.62
215.973,2396924,11427844,0,13824768,13902240,182,7070724096,0.62
216.074,2403260,11427844,0,13831104,13902240,182,7070724096,0.62
216.174,2405216,11427844,0,13833060,13902240,182,7070724096,0.62
216.274,2392308,11427844,0,13820152,13902240,182,7070724096,0.62
216.375,2393092,11427844,0,13820936,13902240,182,7070724096,0.62
216.475,2394664,11427844,0,13822508,13902240,182,7070724096,0.62
216.575,2396336,11427844,0,13824180,13902240,182,7070724096,0.62
216.676,2397900,11427844,0,13825744,13902240,182,7070724096,0.62
216.776,2399328,11427844,0,13827172,13902240,182,7070724096,0.62
216.877,2403472,11427844,0,13831316,13902240,182,7070724096,0.62
216.977,2410932,11427844,0,13838776,13902240,182,7070724096,0.62
217.077,2404512,11427844,0,13832356,13902240,182,7070728192,0.51
217.178,2390156,11427844,0,13818000,13902240,182,7070728192,0.51
217.278,2390224,11427844,0,13818068,13902240,182,7070728192,0.51
217.378,2390288,11427844,0,13818132,13902240,182,7070728192,0.51
217.479,2390504,11427844,0,13818348,13902240,182,7070728192,0.51
217.579,2391184,11427684,0,13818868,13902240,182,7070728192,0.51
217.679,2392044,11427684,0,13819728,13902240,182,7070728192,0.51
217.780,2393312,11427684,0,13820996,13902240,182,7070728192,0.51
217.880,2394040,11427684,0,13821724,13902240,182,7070728192,0.51
217.981,2394796,11427684,0,13822480,13902240,182,7070728192,0.51
218.081,2395660,11427684,0,13823344,13902240,182,7070728192,0.51
218.181,2396428,11427684,0,13824112,13902240,182,7070728192,0.51
218.282,2397344,11427684,0,13825028,13902240,182,7070728192,0.51
218.382,2398260,11427684,0,13825944,13902240,182,7070728192,0.51
218.482,2398904,11427684,0,13826588,13902240,182,7070728192,0.51
218.583,2399996,11427684,0,13827680,13902240,182,7070728192,0.51
218.683,2400712,11427684,0,13828396,13902240,182,7070728192,0.51
218.784,2404012,11427684,0,13831696,13902240,182,7070728192,0.51
218.884,2408100,11427684,0,13835784,13902240,182,7070728192,0.51
218.984,2408100,11427684,0,13835784,13902240,182,7070728192,2.04
219.085,2390596,11427684,0,13818280,13902240,182,7070728192,2.04
219.185,2390596,11427684,0,13818280,13902240,182,7070728192,2.04
219.285,2390596,11427684,0,13818280,13902240,182,7070728192,2.04
219.386,2390596,11427684,0,13818280,13902240,182,7070728192,2.04
219.486,2390596,11427684,0,13818280,13902240,182,7070728192,2.04
219.586,2390596,11427684,0,13818280,13902240,182,7070728192,2.04
219.687,2390596,11427684,0,13818280,13902240,182,7070728192,2.04
219.787,2390596,11427684,0,13818280,13902240,182,7070728192,2.04
219.887,2390596,11427684,0,13818280,13902240,182,7070728192,2.04
219.988,2390596,11427684,0,13818280,13902240,182,7070728192,2.04
220.088,2390596,11427684,0,13818280,13902240,182,7070728192,2.04
220.188,2390596,11427684,0,13818280,13902240,182,7070728192,2.04
220.289,2390596,11427684,0,13818280,13902240,182,7070728192,2.04
220.389,2390596,11427684,0,13818280,13902240,182,7070728192,2.04
220.490,2390596,11427684,0,13818280,13902240,182,7070728192,2.04
220.590,2390596,11427684,0,13818280,13902240,182,7070728192,2.04
220.690,2390596,11427684,0,13818280,13902240,182,7070728192,2.04
220.791,2390596,11427684,0,13818280,13902240,182,7070728192,2.04
220.891,2390596,11427684,0,13818280,13902240,182,7070728192,5.12
220.991,2390596,11427684,0,13818280,13902240,182,7070728192,5.12
221.092,2390596,11427684,0,13818280,13902240,182,7070728192,5.12
221.192,2390596,11427684,0,13818280,13902240,182,7070728192,5.12
221.293,2390596,11427684,0,13818280,13902240,182,7070728192,5.12
221.393,2390596,11427684,0,13818280,13902240,182,7070728192,5.12
221.493,2390596,11427684,0,13818280,13902240,182,7070728192,5.12
221.594,2390596,11427684,0,13818280,13902240,182,7070728192,5.12
221.694,2390596,11427684,0,13818280,13902240,182,7070728192,5.12
221.794,2390596,11427684,0,13818280,13902240,182,7070728192,5.12
221.895,2390596,11427684,0,13818280,13902240,182,7070728192,5.12
221.995,2390596,11427684,0,13818280,13902240,182,7070728192,5.12
222.095,2390596,11427684,0,13818280,13902240,182,7070728192,5.12
222.196,2390596,11427684,0,13818280,13902240,182,7070728192,5.12
222.296,2390596,11427684,0,13818280,13902240,182,7070728192,5.12
222.397,2390596,11427684,0,13818280,13902240,182,7070728192,5.12
222.497,2390596,11427684,0,13818280,13902240,182,7070728192,5.12
222.597,2390596,11427684,0,13818280,13902240,182,7070728192,5.12
222.698,2390596,11427684,0,13818280,13902240,182,7070728192,5.12
222.798,2390596,11427684,0,13818280,13902240,182,7070728192,5.12
222.898,2390596,11427684,0,13818280,13902240,182,7070728192,4.19
222.999,2390596,11427684,0,13818280,13902240,182,7070728192,4.19
223.099,2390596,11427684,0,13818280,13902240,182,7070728192,4.19
223.199,2390596,11427684,0,13818280,13902240,182,7070728192,4.19
223.300,2390596,11427684,0,13818280,13902240,182,7070728192,4.19
223.400,2390596,11427684,0,13818280,13902240,182,7070728192,4.19
223.500,2390596,11427684,0,13818280,13902240,182,7070728192,4.19
223.601,2390596,11427684,0,13818280,13902240,182,7070728192,4.19
223.701,2390596,11427684,0,13818280,13902240,182,7070728192,4.19
223.801,2390596,11427684,0,13818280,13902240,182,7070728192,4.19
223.902,2390596,11427684,0,13818280,13902240,182,7070728192,4.19
224.002,2390596,11427684,0,13818280,13902240,182,7070728192,4.19
224.102,2390596,11427684,0,13818280,13902240,182,7070728192,4.19
224.203,2390596,11427684,0,13818280,13902240,182,7070728192,4.19
224.303,2390596,11427684,0,13818280,13902240,182,7070728192,4.19
224.404,2390596,11427684,0,13818280,13902240,182,7070728192,4.19
224.504,2390596,11427684,0,13818280,13902240,182,7070728192,4.19
224.605,2390596,11427684,0,13818280,13902240,182,7070728192,4.19
224.705,2390596,11427684,0,13818280,13902240,182,7070728192,4.19
224.806,2390596,11427684,0,13818280,13902240,182,7070728192,6.87
224.907,2390596,11427684,0,13818280,13902240,182,7070728192,6.87
225.008,2390596,11427684,0,13818280,13902240,182,7070728192,6.87
225.109,2390596,11427684,0,13818280,13902240,182,7070728192,6.87
225.210,2390596,11427684,0,13818280,13902240,182,7070728192,6.87
225.311,2390596,11427684,0,13818280,13902240,182,7070728192,6.87
225.411,2390596,11427684,0,13818280,13902240,182,7070728192,6.87
225.512,2390596,11427684,0,13818280,13902240,182,7070728192,6.87
225.613,2390596,11427684,0,13818280,13902240,182,7070728192,6.87
225.714,2390596,11427684,0,13818280,13902240,182,7070728192,6.87
225.815,2390596,11427684,0,13818280,13902240,182,7070728192,6.87
225.916,2390596,11427684,0,13818280,13902240,182,7070728192,6.87
226.017,2390596,11427684,0,13818280,13902240,182,7070728192,6.87
226.117,2390596,11427684,0,13818280,13902240,182,7070728192,6.87
226.217,2390596,11427684,0,13818280,13902240,182,7070728192,6.87
226.318,2390596,11427684,0,13818280,13902240,182,7070728192,6.87
226.418,2390596,11427684,0,13818280,13902240,182,7070728192,6.87
226.519,2390596,11427684,0,13818280,13902240,182,7070728192,6.87
226.620,2390596,11427684,0,13818280,13902240,182,7070728192,6.87
226.720,2390596,11427684,0,13818280,13902240,182,7070728192,6.87
226.821,2390596,11427684,0,13818280,13902240,182,7070728192,9.07
226.921,2390596,11427684,0,13818280,13902240,182,7070728192,9.07
227.022,2390596,11427684,0,13818280,13902240,182,7070728192,9.07
227.122,2390596,11427684,0,13818280,13902240,182,7070728192,9.07
227.223,2390596,11427684,0,13818280,13902240,182,7070728192,9.07
227.323,2390596,11427684,0,13818280,13902240,182,7070728192,9.07
227.424,2390596,11427684,0,13818280,13902240,182,7070728192,9.07
227.525,2390596,11427684,0,13818280,13902240,182,7070728192,9.07
227.625,2390596,11427684,0,13818280,13902240,182,7070728192,9.07
227.726,2390596,11427684,0,13818280,13902240,182,7070728192,9.07
227.826,2390596,11427684,0,13818280,13902240,182,7070728192,9.07
227.927,2390596,11427684,0,13818280,13902240,182,7070728192,9.07
228.028,2390596,11427684,0,13818280,13902240,182,7070728192,9.07
228.129,2390596,11427684,0,13818280,13902240,182,7070728192,9.07
228.230,2390596,11427684,0,13818280,13902240,182,7070728192,9.07
228.330,2390596,11427684,0,13818280,13902240,182,7070728192,9.07
228.431,2390596,11427684,0,13818280,13902240,182,7070728192,9.07
228.531,2390596,11427684,0,13818280,13902240,182,7070728192,9.07
228.632,2390596,11427684,0,13818280,13902240,182,7070728192,9.07
228.732,2390596,11427684,0,13818280,13902240,182,7070728192,9.07
228.832,2390596,11427684,0,13818280,13902240,182,7070728192,9.96
228.933,2390596,11427684,0,13818280,13902240,182,7070728192,9.96
229.033,2390596,11427684,0,13818280,13902240,182,7070728192,9.96
229.133,2390596,11427684,0,13818280,13902240,182,7070728192,9.96
229.234,2390596,11427684,0,13818280,13902240,182,7070728192,9.96
229.334,2390596,11427684,0,13818280,13902240,182,7070728192,9.96
229.434,2390596,11427684,0,13818280,13902240,182,7070728192,9.96
229.535,2390596,11427684,0,13818280,13902240,182,7070728192,9.96
229.635,2390596,11427684,0,13818280,13902240,182,7070728192,9.96
229.735,2390596,11427684,0,13818280,13902240,182,7070728192,9.96
229.836,2390596,11427684,0,13818280,13902240,182,7070728192,9.96
229.936,2390596,11427684,0,13818280,13902240,182,7070728192,9.96
230.036,2390596,11427684,0,13818280,13902240,182,7070728192,9.96
230.137,2390596,11427684,0,13818280,13902240,182,7070728192,9.96
230.237,2390596,11427684,0,13818280,13902240,182,7070728192,9.96
230.338,2390596,11427684,0,13818280,13902240,182,7070728192,9.96
230.438,2390596,11427684,0,13818280,13902240,182,7070728192,9.96
230.538,2390596,11427684,0,13818280,13902240,182,7070728192,9.96
230.639,2390596,11427684,0,13818280,13902240,182,7070728192,9.96
230.739,2390596,11427684,0,13818280,13902240,182,7070728192,9.96
230.839,2390596,11427684,0,13818280,13902240,182,7070728192,11.6
230.940,2390596,11427684,0,13818280,13902240,182,7070728192,11.6
231.040,2390596,11427684,0,13818280,13902240,182,7070728192,11.6
231.140,2390596,11427684,0,13818280,13902240,182,7070728192,11.6
231.241,2390596,11427684,0,13818280,13902240,182,7070728192,11.6
231.341,2390596,11427684,0,13818280,13902240,182,7070728192,11.6
231.441,2390596,11427684,0,13818280,13902240,182,7070728192,11.6
231.542,2390596,11427684,0,13818280,13902240,182,7070728192,11.6
231.642,2390596,11427684,0,13818280,13902240,182,7070728192,11.6
231.742,2390596,11427684,0,13818280,13902240,182,7070728192,11.6
231.843,2390596,11427684,0,13818280,13902240,182,7070728192,11.6
231.943,2390596,11427684,0,13818280,13902240,182,7070728192,11.6
232.043,2390596,11427684,0,13818280,13902240,182,7070728192,11.6
232.144,2390596,11427684,0,13818280,13902240,182,7070728192,11.6
232.244,2390596,11427684,0,13818280,13902240,182,7070728192,11.6
232.344,2390596,11427684,0,13818280,13902240,182,7070728192,11.6
232.445,2390596,11427684,0,13818280,13902240,182,7070728192,11.6
232.545,2390596,11427684,0,13818280,13902240,182,7070728192,11.6
232.645,2390596,11427684,0,13818280,13902240,182,7070728192,11.6
232.746,2390596,11427684,0,13818280,13902240,182,7070728192,12.58
232.846,2390596,11427684,0,13818280,13902240,182,7070728192,12.58
232.946,2390596,11427684,0,13818280,13902240,182,7070728192,12.58
233.047,2390596,11427684,0,13818280,13902240,182,7070728192,12.58
233.147,2390596,11427684,0,13818280,13902240,182,7070728192,12.58
233.248,2390596,11427684,0,13818280,13902240,182,7070728192,12.58
233.348,2390596,11427684,0,13818280,13902240,182,7070728192,12.58
233.448,2390596,11427684,0,13818280,13902240,182,7070728192,12.58
233.549,2390596,11427684,0,13818280,13902240,182,7070728192,12.58
233.649,2390596,11427684,0,13818280,13902240,182,7070728192,12.58
233.749,2390596,11427684,0,13818280,13902240,182,7070728192,12.58
233.849,2390596,11427684,0,13818280,13902240,182,7070728192,12.58
233.950,2390596,11427684,0,13818280,13902240,182,7070728192,12.58
234.050,2390596,11427684,0,13818280,13902240,182,7070728192,12.58
234.150,2390596,11427684,0,13818280,13902240,182,7070728192,12.58
234.251,2390596,11427684,0,13818280,13902240,182,7070728192,12.58
234.351,2390596,11427684,0,13818280,13902240,182,7070728192,12.58
234.451,2390596,11427684,0,13818280,13902240,182,7070728192,12.58
234.552,2390596,11427684,0,13818280,13902240,182,7070728192,12.58
234.652,2390596,11427684,0,13818280,13902240,182,7070728192,13.38
234.752,2390596,11427684,0,13818280,13902240,182,7070728192,13.38
234.853,2390596,11427684,0,13818280,13902240,182,7070728192,13.38
234.953,2390596,11427684,0,13818280,13902240,182,7070728192,13.38
235.053,2390596,11427684,0,13818280,13902240,182,7070728192,13.38
235.154,2390596,11427684,0,13818280,13902240,182,7070728192,13.38
235.254,2390596,11427684,0,13818280,13902240,182,7070728192,13.38
235.354,2390596,11427684,0,13818280,13902240,182,7070728192,13.38
235.455,2390596,11427684,0,13818280,13902240,182,7070728192,13.38
235.555,2390596,11427684,0,13818280,13902240,182,7070728192,13.38
235.655,2390596,11427684,0,13818280,13902240,182,7070728192,13.38
235.756,2390596,11427684,0,13818280,13902240,182,7070728192,13.38
235.856,2390596,11427684,0,13818280,13902240,182,7070728192,13.38
235.956,2390596,11427684,0,13818280,13902240,182,7070728192,13.38
236.057,2390596,11427684,0,13818280,13902240,182,7070728192,13.38
236.157,2390596,11427684,0,13818280,13902240,182,7070728192,13.38
236.257,2390596,11427684,0,13818280,13902240,182,7070728192,13.38
236.358,2390596,11427684,0,13818280,13902240,182,7070728192,13.38
236.458,2390596,11427684,0,13818280,13902240,182,7070728192,13.38
236.558,2390596,11427684,0,13818280,13902240,182,7070728192,13.85
236.659,2390596,11427684,0,13818280,13902240,182,7070728192,13.85
236.759,2390596,11427684,0,13818280,13902240,182,7070728192,13.85
236.859,2390596,11427684,0,13818280,13902240,182,7070728192,13.85
236.960,2390596,11427684,0,13818280,13902240,182,7070728192,13.85
237.060,2390596,11427684,0,13818280,13902240,182,7070728192,13.85
237.160,2390596,11427684,0,13818280,13902240,182,7070728192,13.85
237.261,2390596,11427684,0,13818280,13902240,182,7070728192,13.85
237.361,2390596,11427684,0,13818280,13902240,182,7070728192,13.85
237.461,2390596,11427684,0,13818280,13902240,182,7070728192,13.85
237.562,2390596,11427684,0,13818280,13902240,182,7070728192,13.85
237.662,2390596,11427684,0,13818280,13902240,182,7070728192,13.85
237.762,2390596,11427684,0,13818280,13902240,182,7070728192,13.85
237.863,2390596,11427684,0,13818280,13902240,182,7070728192,13.85
237.963,2390596,11427684,0,13818280,13902240,182,7070728192,13.85
238.063,2390596,11427684,0,13818280,13902240,182,7070728192,13.85
238.164,2390596,11427684,0,13818280,13902240,182,7070728192,13.85
238.264,2390596,11427684,0,13818280,13902240,182,7070728192,13.85
238.364,2390596,11427684,0,13818280,13902240,182,7070728192,12.61
238.465,2390596,11427684,0,13818280,13902240,182,7070728192,12.61
238.565,2390596,11427684,0,13818280,13902240,182,7070728192,12.61
238.665,2390596,11427684,0,13818280,13902240,182,7070728192,12.61
238.766,2390596,11427684,0,13818280,13902240,182,7070728192,12.61
238.866,2390596,11427684,0,13818280,13902240,182,7070728192,12.61
238.966,2390596,11427684,0,13818280,13902240,182,7070728192,12.61
239.067,2390596,11427684,0,13818280,13902240,182,7070728192,12.61
239.167,2390596,11427684,0,13818280,13902240,182,7070728192,12.61
239.267,2390596,11427684,0,13818280,13902240,182,7070728192,12.61
239.368,2390596,11427684,0,13818280,13902240,182,7070728192,12.61
239.468,2390596,11427684,0,13818280,13902240,182,7070728192,12.61
239.569,2390596,11427684,0,13818280,13902240,182,7070740480,12.61
239.669,2390596,11427684,0,13818280,13902240,182,7070744576,12.61
239.769,2390596,11427684,0,13818280,13902240,182,7070744576,12.61
239.870,2390596,11427684,0,13818280,13902240,182,7070769152,12.61
239.970,2390596,11427684,0,13818280,13902240,182,7070769152,12.61
240.070,2390596,11427684,0,13818280,13902240,182,7070769152,12.61
240.171,2390596,11427684,0,13818280,13902240,182,7070769152,12.61
240.271,2390596,11427684,0,13818280,13902240,182,7070769152,12.61
240.371,2390596,11427684,0,13818280,13902240,182,7070769152,17.93
240.472,2390596,11427684,0,13818280,13902240,182,7070769152,17.93
240.572,2390596,11427684,0,13818280,13902240,182,7070769152,17.93
240.672,2390596,11427684,0,13818280,13902240,182,7070769152,17.93
240.773,2390596,11427684,0,13818280,13902240,182,7070769152,17.93
240.873,2390596,11427684,0,13818280,13902240,182,7070769152,17.93
240.973,2390596,11427684,0,13818280,13902240,182,7070769152,17.93
241.074,2390596,11427684,0,13818280,13902240,182,7070769152,17.93
241.174,2390596,11427684,0,13818280,13902240,182,7070769152,17.93
241.275,2390596,11438116,0,13828712,13902240,182,7070769152,17.93
241.375,2390596,11509156,0,13899752,13902240,182,7070769152,17.93
241.475,2390596,11601956,0,13992552,13992552,182,7070769152,17.93
241.576,2390596,11691108,0,14081704,14081704,182,7070769152,17.93
241.676,2390596,11837476,0,14228072,14228072,182,7070769152,17.93
241.776,2390596,11987300,0,14377896,14377896,182,7070769152,17.93
241.877,2390596,12117028,0,14507624,14507624,182,7070769152,17.93
241.977,2390596,12214884,0,14605480,14605480,182,7070769152,17.93
242.078,2390596,12339300,0,14729896,14729896,182,7070769152,17.93
242.178,2390596,12454564,0,14845160,14845160,182,7070769152,17.93
242.278,2390596,12567268,0,14957864,14957864,182,7070769152,20.66
242.379,2390596,12675428,0,15066024,15066024,182,7070769152,20.66
242.479,2390596,11427684,0,13818280,15109392,182,7070769152,20.66
242.579,2390596,11427684,0,13818280,15109392,182,7070773248,20.66
242.680,2390596,11427684,0,13818280,15109392,182,7070777344,20.66
242.780,2390596,11427684,0,13818280,15109392,182,7070781440,20.66
242.880,2390596,11427684,0,13818280,15109392,182,7070785536,20.66
242.981,2390596,11427684,0,13818280,15109392,182,7070785536,20.66
243.081,2390596,11427684,0,13818280,15109392,182,7070789632,20.66
243.182,2390596,11427684,0,13818280,15109392,182,7070801920,20.66
243.282,2390596,11427684,0,13818280,15109392,182,7070810112,20.66
243.382,2390596,11427684,0,13818280,15109392,182,7070810112,20.66
243.483,2390596,11498596,0,13889192,15109392,182,7070810112,20.66
243.583,2390596,11498916,0,13889512,15109392,182,7070810112,20.66
243.683,2390596,11498916,0,13889512,15109392,182,7070810112,20.66
243.784,2390596,11498916,0,13889512,15109392,182,7070810112,20.66
243.884,2390596,11498916,0,13889512,15109392,182,7070810112,20.66
243.985,2390596,11499028,0,13889624,15109392,182,7070810112,20.66
244.085,2390596,11499028,0,13889624,15109392,182,7070810112,20.66
244.185,2390596,11499028,0,13889624,15109392,182,7070810112,20.66
244.286,2390596,11499028,0,13889624,15109392,182,7070810112,23.8
244.386,2390596,11499028,0,13889624,15109392,182,7070810112,23.8
244.486,2390596,11499028,0,13889624,15109392,182,7070810112,23.8
244.587,2390596,11499028,0,13889624,15109392,182,7070810112,23.8
244.687,2390596,11499028,0,13889624,15109392,182,7070810112,23.8
244.788,2390596,11499028,0,13889624,15109392,182,7070810112,23.8
244.888,2390596,11499028,0,13889624,15109392,182,7070810112,23.8
244.988,2390596,11499028,0,13889624,15109392,182,7070810112,23.8
245.089,2390596,11499028,0,13889624,15109392,182,7070810112,23.8
245.189,2390596,11499028,0,13889624,15109392,182,7070810112,23.8
245.289,2390596,11499028,0,13889624,15109392,182,7070810112,23.8
245.390,2390596,11499028,0,13889624,15109392,182,7070810112,23.8
245.490,2390596,11499028,0,13889624,15109392,182,7070810112,23.8
245.590,2390596,11499028,0,13889624,15109392,182,7070810112,23.8
245.691,2390596,11499028,0,13889624,15109392,182,7070810112,23.8
245.791,2390596,11499028,0,13889624,15109392,182,7070810112,23.8
245.891,2390596,11499028,0,13889624,15109392,182,7070810112,23.8
245.992,2390596,11499028,0,13889624,15109392,182,7070810112,23.8
246.092,2390596,11499028,0,13889624,15109392,182,7070810112,23.8
246.192,2390596,11499028,0,13889624,15109392,182,7070810112,23.11
246.293,2390596,11499028,0,13889624,15109392,182,7070810112,23.11
246.393,2390596,11499028,0,13889624,15109392,182,7070810112,23.11
246.493,2390596,11499028,0,13889624,15109392,182,7070810112,23.11
246.594,2390596,11499028,0,13889624,15109392,182,7070810112,23.11
246.694,2390596,11499028,0,13889624,15109392,182,7070810112,23.11
246.794,2390596,11499028,0,13889624,15109392,182,7070810112,23.11
246.895,2390596,11499028,0,13889624,15109392,182,7070810112,23.11
246.995,2390596,11499028,0,13889624,15109392,182,7070810112,23.11
247.095,2390596,11499028,0,13889624,15109392,182,7070810112,23.11
247.196,2390596,11499028,0,13889624,15109392,182,7070810112,23.11
247.296,2390596,11499028,0,13889624,15109392,182,7070810112,23.11
247.396,2390596,11499028,0,13889624,15109392,182,7070810112,23.11
247.497,2390596,11499028,0,13889624,15109392,182,7070810112,23.11
247.597,2390596,11499028,0,13889624,15109392,182,7070810112,23.11
247.697,2390596,11499028,0,13889624,15109392,182,7070810112,23.11
247.798,2390596,11499028,0,13889624,15109392,182,7070810112,23.11
247.898,2390596,11499028,0,13889624,15109392,182,7070810112,23.11
247.999,2390596,11499028,0,13889624,15109392,182,7070810112,23.11
248.099,2390596,11499028,0,13889624,15109392,182,7070810112,18.92
248.199,2390596,11499028,0,13889624,15109392,182,7070810112,18.92
248.300,2390596,11499028,0,13889624,15109392,182,7070810112,18.92
248.400,2390596,11499028,0,13889624,15109392,182,7070810112,18.92
248.500,2390596,11499028,0,13889624,15109392,182,7070810112,18.92
248.601,2390596,11499028,0,13889624,15109392,182,7070810112,18.92
248.701,2390596,11499028,0,13889624,15109392,182,7070810112,18.92
248.801,2390596,11499028,0,13889624,15109392,182,7070810112,18.92
248.902,2390596,11499028,0,13889624,15109392,182,7070810112,18.92
249.002,2390596,11499028,0,13889624,15109392,182,7070810112,18.92
249.102,2390596,11499028,0,13889624,15109392,182,7070810112,18.92
249.203,2390596,11499028,0,13889624,15109392,182,7070810112,18.92
249.303,2390596,11499028,0,13889624,15109392,182,7070810112,18.92
249.404,2390596,11499028,0,13889624,15109392,182,7070810112,18.92
249.504,2390596,11499028,0,13889624,15109392,182,7070810112,18.92
249.604,2390596,11499028,0,13889624,15109392,182,7070810112,18.92
249.705,2390596,11499028,0,13889624,15109392,182,7070810112,18.92
249.805,2390596,11499028,0,13889624,15109392,182,7070810112,18.92
249.905,2390596,11499028,0,13889624,15109392,182,7070810112,18.92
250.006,2390596,11499028,0,13889624,15109392,182,7070810112,18.92
250.106,2390596,11499028,0,13889624,15109392,182,7070810112,19.12
250.206,2390596,11499028,0,13889624,15109392,182,7070810112,19.12
250.307,2390596,11499028,0,13889624,15109392,182,7070810112,19.12
250.407,2390596,11499028,0,13889624,15109392,182,7070810112,19.12
250.507,2390596,11499028,0,13889624,15109392,182,7070810112,19.12
250.608,2390596,11499028,0,13889624,15109392,182,7070810112,19.12
250.708,2390596,11499028,0,13889624,15109392,182,7070810112,19.12
250.809,2390596,11499028,0,13889624,15109392,182,7070810112,19.12
250.909,2390596,11499028,0,13889624,15109392,182,7070810112,19.12
251.009,2390596,11499028,0,13889624,15109392,182,7070810112,19.12
251.110,2390596,11499028,0,13889624,15109392,182,7070810112,19.12
251.210,2390596,11499028,0,13889624,15109392,182,7070810112,19.12
251.310,2390596,11499028,0,13889624,15109392,182,7070810112,19.12
251.411,2390596,11499028,0,13889624,15109392,182,7070810112,19.12
251.511,2390596,11499028,0,13889624,15109392,182,7070810112,19.12
251.611,2390596,11499028,0,13889624,15109392,182,7070810112,19.12
251.711,2390596,11499028,0,13889624,15109392,182,7070810112,19.12
251.812,2390596,11499028,0,13889624,15109392,182,7070810112,19.12
251.912,2390596,11499028,0,13889624,15109392,182,7070810112,19.12
252.012,2390596,11499028,0,13889624,15109392,182,7070810112,18.73
252.113,2390596,11499028,0,13889624,15109392,182,7070810112,18.73
252.213,2390596,11499028,0,13889624,15109392,182,7070810112,18.73
252.313,2390596,11499028,0,13889624,15109392,182,7070810112,18.73
252.414,2390596,11499028,0,13889624,15109392,182,7070810112,18.73
252.514,2390596,11499028,0,13889624,15109392,182,7070810112,18.73
252.615,2390596,11499028,0,13889624,15109392,182,7070810112,18.73
252.715,2390596,11499028,0,13889624,15109392,182,7070810112,18.73
252.815,2390596,11499028,0,13889624,15109392,182,7070810112,18.73
252.916,2390596,11499028,0,13889624,15109392,182,7070810112,18.73
253.016,2390596,11499028,0,13889624,15109392,182,7070810112,18.73
253.116,2390596,11499028,0,13889624,15109392,182,7070810112,18.73
253.217,2390596,11499028,0,13889624,15109392,182,7070810112,18.73
253.317,2390596,11499028,0,13889624,15109392,182,7070810112,18.73
253.418,2390596,11499028,0,13889624,15109392,182,7070810112,18.73
253.518,2390596,11499028,0,13889624,15109392,182,7070810112,18.73
253.618,2390596,11499028,0,13889624,15109392,182,7070810112,18.73
253.719,2390596,11499028,0,13889624,15109392,182,7070810112,18.73
253.819,2390596,11499028,0,13889624,15109392,182,7070810112,18.73
253.919,2390596,11499028,0,13889624,15109392,182,7070810112,18.73
254.020,2390596,11499028,0,13889624,15109392,182,7070810112,16.79
254.120,2390596,11499028,0,13889624,15109392,182,7070810112,16.79
254.220,2390596,11499028,0,13889624,15109392,182,7070810112,16.79
254.321,2390596,11499028,0,13889624,15109392,182,7070810112,16.79
254.421,2390596,11499028,0,13889624,15109392,182,7070810112,16.79
254.521,2390596,11499028,0,13889624,15109392,182,7070810112,16.79
254.622,2390596,11499028,0,13889624,15109392,182,7070810112,16.79
254.722,2390596,11499028,0,13889624,15109392,182,7070810112,16.79
254.822,2390596,11499028,0,13889624,15109392,182,7070810112,16.79
254.923,2390596,11499028,0,13889624,15109392,182,7070810112,16.79
255.023,2390596,11499028,0,13889624,15109392,182,7070810112,16.79
255.124,2390596,11499028,0,13889624,15109392,182,7070810112,16.79
255.224,2390596,11499028,0,13889624,15109392,182,7070810112,16.79
255.324,2390596,11499028,0,13889624,15109392,182,7070810112,16.79
255.425,2390596,11499028,0,13889624,15109392,182,7070810112,16.79
255.525,2390596,11499028,0,13889624,15109392,182,7070810112,16.79
255.625,2390596,11499028,0,13889624,15109392,182,7070810112,16.79
255.726,2390596,11499028,0,13889624,15109392,182,7070810112,16.79
255.826,2390596,11499028,0,13889624,15109392,182,7070810112,16.79
255.926,2390596,11499028,0,13889624,15109392,182,7070810112,16.64
256.027,2390596,11499028,0,13889624,15109392,182,7070810112,16.64
256.127,2390596,11499028,0,13889624,15109392,182,7070810112,16.64
256.227,2390596,11499028,0,13889624,15109392,182,7070810112,16.64
256.328,2390596,11499028,0,13889624,15109392,182,7070810112,16.64
256.428,2390596,11499028,0,13889624,15109392,182,7070810112,16.64
256.528,2390596,11499028,0,13889624,15109392,182,7070810112,16.64
256.629,2390596,11499028,0,13889624,15109392,182,7070810112,16.64
256.729,2390596,11499028,0,13889624,15109392,182,7070810112,16.64
256.829,2390596,11499028,0,13889624,15109392,182,7070810112,16.64
256.930,2390596,11499028,0,13889624,15109392,182,7070810112,16.64
257.030,2390596,11499028,0,13889624,15109392,182,7070810112,16.64
257.130,2390596,11499028,0,13889624,15109392,182,7070810112,16.64
257.231,2390596,11499028,0,13889624,15109392,182,7070810112,16.64
257.331,2390596,11499028,0,13889624,15109392,182,7070810112,16.64
257.432,2390596,11499028,0,13889624,15109392,182,7070810112,16.64
257.532,2390596,11499028,0,13889624,15109392,182,7070810112,16.64
257.632,2390596,11499028,0,13889624,15109392,182,7070810112,16.64
257.733,2390596,11499028,0,13889624,15109392,182,7070810112,16.64
257.833,2390596,11499028,0,13889624,15109392,182,7070810112,16.64
257.933,2390596,11499028,0,13889624,15109392,182,7070810112,16.53
258.034,2390596,11499028,0,13889624,15109392,182,7070810112,16.53
258.134,2390596,11499028,0,13889624,15109392,182,7070810112,16.53
258.235,2390596,11499028,0,13889624,15109392,182,7070810112,16.53
258.335,2390596,11499028,0,13889624,15109392,182,7070810112,16.53
258.435,2390596,11499028,0,13889624,15109392,182,7070810112,16.53
258.536,2390596,11499028,0,13889624,15109392,182,7070810112,16.53
258.636,2390596,11499028,0,13889624,15109392,182,7070810112,16.53
258.736,2390596,11499028,0,13889624,15109392,182,7070810112,16.53
258.837,2390596,11499028,0,13889624,15109392,182,7070810112,16.53
258.937,2390596,11499028,0,13889624,15109392,182,7070810112,16.53
259.037,2390596,11499028,0,13889624,15109392,182,7070810112,16.53
259.138,2390596,11499028,0,13889624,15109392,182,7070810112,16.53
259.238,2390596,11499028,0,13889624,15109392,182,7070810112,16.53
259.339,2390596,11499028,0,13889624,15109392,182,7070810112,16.53
259.439,2390596,11499028,0,13889624,15109392,182,7070810112,16.53
259.539,2390596,11499028,0,13889624,15109392,182,7070810112,16.53
259.640,2390596,11499028,0,13889624,15109392,182,7070810112,16.53
259.740,2390596,11499028,0,13889624,15109392,182,7070810112,16.53
259.840,2390596,11499028,0,13889624,15109392,182,7070810112,16.53
259.941,2390596,11499028,0,13889624,15109392,182,7070810112,16.61
260.041,2390596,11499028,0,13889624,15109392,182,7070810112,16.61
260.142,2390596,11499028,0,13889624,15109392,182,7070810112,16.61
260.242,2390596,11499028,0,13889624,15109392,182,7070810112,16.61
260.342,2390596,11499028,0,13889624,15109392,182,7070810112,16.61
260.443,2390596,11499028,0,13889624,15109392,182,7070810112,16.61
260.543,2390596,11499028,0,13889624,15109392,182,7070810112,16.61
260.644,2390596,11499028,0,13889624,15109392,182,7070810112,16.61
260.744,2390596,11499028,0,13889624,15109392,182,7070810112,16.61
260.844,2390596,11499028,0,13889624,15109392,182,7070810112,16.61
260.945,2390596,11499028,0,13889624,15109392,182,7070810112,16.61
261.045,2390596,11499028,0,13889624,15109392,182,7070810112,16.61
261.145,2390596,11499028,0,13889624,15109392,182,7070810112,16.61
261.246,2390596,11499028,0,13889624,15109392,182,7070810112,16.61
261.346,2390596,11499028,0,13889624,15109392,182,7070810112,16.61
261.446,2390596,11499028,0,13889624,15109392,182,7070810112,16.61
261.547,2390596,11499028,0,13889624,15109392,182,7070810112,16.61
261.647,2390596,11499028,0,13889624,15109392,182,7070810112,16.61
261.748,2390596,11499028,0,13889624,15109392,182,7070810112,16.61
261.848,2390596,11499028,0,13889624,15109392,182,7070810112,16.61
261.948,2390596,11499028,0,13889624,15109392,182,7070810112,17.41
262.049,2390596,11499028,0,13889624,15109392,182,7070810112,17.41
262.149,2390596,11499028,0,13889624,15109392,182,7070810112,17.41
262.249,2390596,11499028,0,13889624,15109392,182,7070810112,17.41
262.350,2390596,11499028,0,13889624,15109392,182,7070810112,17.41
262.450,2390596,11499028,0,13889624,15109392,182,7070810112,17.41
262.550,2390596,11499028,0,13889624,15109392,182,7070810112,17.41
262.651,2390596,11499028,0,13889624,15109392,182,7070810112,17.41
262.751,2390596,11499028,0,13889624,15109392,182,7070810112,17.41
262.851,2390596,11499028,0,13889624,15109392,182,7070810112,17.41
262.952,2390596,11499028,0,13889624,15109392,182,7070810112,17.41
263.052,2390596,11499028,0,13889624,15109392,182,7070810112,17.41
263.153,2390596,11499028,0,13889624,15109392,182,7070810112,17.41
263.253,2390596,11499028,0,13889624,15109392,182,7070810112,17.41
263.353,2390596,11499028,0,13889624,15109392,182,7070810112,17.41
263.454,2390596,11499028,0,13889624,15109392,182,7070810112,17.41
263.554,2390596,11499028,0,13889624,15109392,182,7070810112,17.41
263.654,2390596,11499028,0,13889624,15109392,182,7070810112,17.41
263.755,2390596,11499028,0,13889624,15109392,182,7070810112,17.41
263.855,2390596,11499028,0,13889624,15109392,182,7070810112,16.79
263.955,2390596,11501524,0,13892120,15109392,182,7070810112,16.79
264.056,2390596,11502916,0,13893512,15109392,182,7070810112,16.79
264.156,2390596,11503860,0,13894456,15109392,182,7070810112,16.79
264.256,2390596,11504116,0,13894712,15109392,182,7070810112,16.79
264.357,2390596,11504180,0,13894776,15109392,182,7070810112,16.79
264.457,2390596,11504244,0,13894840,15109392,182,7070810112,16.79
264.557,2390596,11504244,0,13894840,15109392,182,7070810112,16.79
264.658,2390596,11504244,0,13894840,15109392,182,7070810112,16.79
264.758,2390596,11504244,0,13894840,15109392,182,7070810112,16.79
264.858,2390596,11504244,0,13894840,15109392,182,7070810112,16.79
264.959,2390596,11504244,0,13894840,15109392,182,7070810112,16.79
265.059,2390596,11504244,0,13894840,15109392,182,7070810112,16.79
265.159,2390596,11504244,0,13894840,15109392,182,7070810112,16.79
265.260,2390596,11504244,0,13894840,15109392,182,7070810112,16.79
265.360,2390596,11504244,0,13894840,15109392,182,7070810112,16.79
265.461,2390596,11504244,0,13894840,15109392,182,7070810112,16.79
265.561,2390596,11504244,0,13894840,15109392,182,7070810112,16.79
265.661,2390596,11504244,0,13894840,15109392,182,7070810112,16.79
265.762,2390596,11504244,0,13894840,15109392,182,7070810112,15.38
265.862,2390596,11504244,0,13894840,15109392,182,7070810112,15.38
265.962,2390596,11504244,0,13894840,15109392,182,7070810112,15.38
266.063,2390596,11504244,0,13894840,15109392,182,7070810112,15.38
266.163,2390596,11504244,0,13894840,15109392,182,7070810112,15.38
266.263,2390596,11504244,0,13894840,15109392,182,7070810112,15.38
266.364,2390596,11504244,0,13894840,15109392,182,7070810112,15.38
266.464,2390596,11504244,0,13894840,15109392,182,7070810112,15.38
266.564,2390596,11504244,0,13894840,15109392,182,7070810112,15.38
266.665,2390596,11504244,0,13894840,15109392,182,7070810112,15.38
266.765,2390596,11504244,0,13894840,15109392,182,7070810112,15.38
266.865,2390596,11504244,0,13894840,15109392,182,7070810112,15.38
266.966,2390596,11504244,0,13894840,15109392,182,7070810112,15.38
267.066,2390596,11504244,0,13894840,15109392,182,7070810112,15.38
267.166,2390596,11504244,0,13894840,15109392,182,7070810112,15.38
267.267,2390596,11504244,0,13894840,15109392,182,7070810112,15.38
267.367,2390596,11504244,0,13894840,15109392,182,7070810112,15.38
267.468,2390596,11504244,0,13894840,15109392,182,7070810112,15.38
267.568,2390596,11504244,0,13894840,15109392,182,7070810112,15.38
267.668,2390596,11504244,0,13894840,15109392,182,7070810112,15.85
267.769,2390596,11504244,0,13894840,15109392,182,7070810112,15.85
267.869,2390596,11504244,0,13894840,15109392,182,7070810112,15.85
267.969,2390596,11504244,0,13894840,15109392,182,7070810112,15.85
268.070,2390596,11504244,0,13894840,15109392,182,7070810112,15.85
268.170,2390596,11504244,0,13894840,15109392,182,7070810112,15.85
268.270,2390596,11504244,0,13894840,15109392,182,7070810112,15.85
268.371,2390596,11504244,0,13894840,15109392,182,7070810112,15.85
268.471,2390596,11504244,0,13894840,15109392,182,7070810112,15.85
268.571,2390596,11504244,0,13894840,15109392,182,7070810112,15.85
268.672,2390596,11504244,0,13894840,15109392,182,7070810112,15.85
268.772,2390596,11504244,0,13894840,15109392,182,7070810112,15.85
268.872,2390596,11504244,0,13894840,15109392,182,7070810112,15.85
268.973,2390596,11504244,0,13894840,15109392,182,7070810112,15.85
269.073,2390596,11504244,0,13894840,15109392,182,7070810112,15.85
269.173,2390596,11504244,0,13894840,15109392,182,7070810112,15.85
269.274,2390596,11504244,0,13894840,15109392,182,7070810112,15.85
269.374,2390596,11504244,0,13894840,15109392,182,7070810112,15.85
269.474,2390596,11504244,0,13894840,15109392,182,7070810112,15.85
269.575,2390596,11504244,0,13894840,15109392,182,7070810112,16.24
269.675,2390596,11504244,0,13894840,15109392,182,7070810112,16.24
269.775,2390596,11504244,0,13894840,15109392,182,7070810112,16.24
269.876,2390596,11504244,0,13894840,15109392,182,7070810112,16.24
269.976,2390596,11504244,0,13894840,15109392,182,7070810112,16.24
270.077,2390596,11504244,0,13894840,15109392,182,7070810112,16.24
270.177,2390596,11504244,0,13894840,15109392,182,7070810112,16.24
270.277,2390596,11504244,0,13894840,15109392,182,7070810112,16.24
270.377,2390596,11504244,0,13894840,15109392,182,7070810112,16.24
270.478,2390596,11504244,0,13894840,15109392,182,7070810112,16.24
270.578,2390596,11504244,0,13894840,15109392,182,7070810112,16.24
270.678,2390596,11504244,0,13894840,15109392,182,7070810112,16.24
270.779,2390596,11504244,0,13894840,15109392,182,7070810112,16.24
270.879,2390596,11504244,0,13894840,15109392,182,7070810112,16.24
270.979,2390596,11504244,0,13894840,15109392,182,7070810112,16.24
271.080,2390596,11504244,0,13894840,15109392,182,7070810112,16.24
271.180,2390596,11504244,0,13894840,15109392,182,7070810112,16.24
271.280,2390596,11504244,0,13894840,15109392,182,7070810112,16.24
271.381,2390596,11504244,0,13894840,15109392,182,7070810112,16.24
271.481,2390596,11504244,0,13894840,15109392,182,7070810112,16.24
271.581,2390596,11504244,0,13894840,15109392,182,7070810112,16.19
271.682,2390596,11504244,0,13894840,15109392,182,7070810112,16.19
271.782,2390596,11504244,0,13894840,15109392,182,7070810112,16.19
271.882,2390596,11504244,0,13894840,15109392,182,7070810112,16.19
271.983,2390596,11504244,0,13894840,15109392,182,7070810112,16.19
272.083,2390596,11504244,0,13894840,15109392,182,7070810112,16.19
272.183,2390596,11504244,0,13894840,15109392,182,7070810112,16.19
272.284,2390596,11504244,0,13894840,15109392,182,7070810112,16.19
272.384,2390596,11504244,0,13894840,15109392,182,7070810112,16.19
272.484,2390596,11504244,0,13894840,15109392,182,7070810112,16.19
272.585,2390596,11504244,0,13894840,15109392,182,7070810112,16.19
272.685,2390596,11504244,0,13894840,15109392,182,7070810112,16.19
272.785,2390596,11504244,0,13894840,15109392,182,7070810112,16.19
272.886,2390596,11504244,0,13894840,15109392,182,7070810112,16.19
272.986,2390596,11504244,0,13894840,15109392,182,7070810112,16.19
273.086,2390596,11504244,0,13894840,15109392,182,7070810112,16.19
273.187,2390596,11504244,0,13894840,15109392,182,7070810112,16.19
273.287,2390596,11504244,0,13894840,15109392,182,7070810112,16.19
273.387,2390596,11504244,0,13894840,15109392,182,7070810112,16.52
273.488,2390596,11504244,0,13894840,15109392,182,7070810112,16.52
273.588,2390596,11504244,0,13894840,15109392,182,7070810112,16.52
273.689,2390596,11504244,0,13894840,15109392,182,7070810112,16.52
273.789,2390596,11504244,0,13894840,15109392,182,7070810112,16.52
273.889,2390596,11504244,0,13894840,15109392,182,7070810112,16.52
273.990,2390596,11504244,0,13894840,15109392,182,7070810112,16.52
274.090,2390596,11504244,0,13894840,15109392,182,7070810112,16.52
274.190,2390596,11504244,0,13894840,15109392,182,7070810112,16.52
274.291,2390596,11504244,0,13894840,15109392,182,7070810112,16.52
274.391,2390596,11504244,0,13894840,15109392,182,7070810112,16.52
274.491,2390596,11504244,0,13894840,15109392,182,7070810112,16.52
274.591,2390596,11504244,0,13894840,15109392,182,7070810112,16.52
274.692,2390596,11504244,0,13894840,15109392,182,7070810112,16.52
274.792,2390596,11504244,0,13894840,15109392,182,7070810112,16.52
274.892,2390596,11504244,0,13894840,15109392,182,7070810112,16.52
274.993,2390596,11504244,0,13894840,15109392,182,7070810112,16.52
275.093,2390596,11504244,0,13894840,15109392,182,7070810112,16.52
275.193,2390596,11504244,0,13894840,15109392,182,7070810112,16.52
275.293,2390596,11504244,0,13894840,15109392,182,7070810112,16.79
275.394,2390596,11504244,0,13894840,15109392,182,7070810112,16.79
275.494,2390596,11504244,0,13894840,15109392,182,7070810112,16.79
275.594,2390596,11504244,0,13894840,15109392,182,7070810112,16.79
275.695,2390596,11504244,0,13894840,15109392,182,7070810112,16.79
275.795,2390596,11504244,0,13894840,15109392,182,7070810112,16.79
275.895,2390596,11504244,0,13894840,15109392,182,7070810112,16.79
275.996,2390596,11504244,0,13894840,15109392,182,7070810112,16.79
276.096,2390596,11504244,0,13894840,15109392,182,7070810112,16.79
276.196,2390596,11504244,0,13894840,15109392,182,7070810112,16.79
276.297,2390596,11504244,0,13894840,15109392,182,7070810112,16.79
276.397,2390596,11504244,0,13894840,15109392,182,7070810112,16.79
276.497,2390596,11504244,0,13894840,15109392,182,7070810112,16.79
276.598,2390596,11504244,0,13894840,15109392,182,7070810112,16.79
276.698,2390596,11504244,0,13894840,15109392,182,7070810112,16.79
276.799,2390596,11504244,0,13894840,15109392,182,7070810112,16.79
276.899,2390596,11504244,0,13894840,15109392,182,7070810112,16.79
276.999,2390596,11504244,0,13894840,15109392,182,7070810112,16.79
277.100,2390596,11504244,0,13894840,15109392,182,7070810112,16.79
277.200,2390596,11504244,0,13894840,15109392,182,7070810112,18.09
277.300,2390596,11504244,0,13894840,15109392,182,7070810112,18.09
277.401,2390596,11504244,0,13894840,15109392,182,7070810112,18.09
277.501,2390596,11504244,0,13894840,15109392,182,7070810112,18.09
277.601,2390596,11504244,0,13894840,15109392,182,7070810112,18.09
277.702,2390596,11504244,0,13894840,15109392,182,7070810112,18.09
277.802,2390596,11504244,0,13894840,15109392,182,7070810112,18.09
277.902,2390596,11504244,0,13894840,15109392,182,7070810112,18.09
278.003,2390596,11504244,0,13894840,15109392,182,7070810112,18.09
278.103,2390596,11504244,0,13894840,15109392,182,7070810112,18.09
278.203,2390596,11504244,0,13894840,15109392,182,7070810112,18.09
278.304,2390596,11504244,0,13894840,15109392,182,7070810112,18.09
278.404,2390596,11504244,0,13894840,15109392,182,7070810112,18.09
278.504,2390596,11504244,0,13894840,15109392,182,7070810112,18.09
278.605,2390596,11504244,0,13894840,15109392,182,7070810112,18.09
278.705,2390596,11504244,0,13894840,15109392,182,7070810112,18.09
278.806,2390596,11504244,0,13894840,15109392,182,7070810112,18.09
278.906,2390596,11504244,0,13894840,15109392,182,7070810112,18.09
279.006,2390596,11504244,0,13894840,15109392,182,7070810112,18.09
279.107,2390596,11504244,0,13894840,15109392,182,7070810112,15.72
279.207,2390596,11504244,0,13894840,15109392,182,7070810112,15.72
279.307,2390596,11504244,0,13894840,15109392,182,7070810112,15.72
279.408,2390596,11504244,0,13894840,15109392,182,7070810112,15.72
279.508,2390596,11504244,0,13894840,15109392,182,7070810112,15.72
279.609,2390596,11504244,0,13894840,15109392,182,7070810112,15.72
279.709,2390596,11504244,0,13894840,15109392,182,7070810112,15.72
279.809,2390596,11504244,0,13894840,15109392,182,7070810112,15.72
279.910,2390596,11504244,0,13894840,15109392,182,7070810112,15.72
280.010,2390596,11504244,0,13894840,15109392,182,7070810112,15.72
280.110,2390596,11504244,0,13894840,15109392,182,7070810112,15.72
280.211,2390596,11504244,0,13894840,15109392,182,7070810112,15.72
280.311,2390596,11504244,0,13894840,15109392,182,7070810112,15.72
280.411,2390596,11504244,0,13894840,15109392,182,7070810112,15.72
280.512,2390596,11504244,0,13894840,15109392,182,7070810112,15.72
280.612,2390596,11504244,0,13894840,15109392,182,7070810112,15.72
280.713,2390596,11504244,0,13894840,15109392,182,7070810112,15.72
280.813,2390596,11504244,0,13894840,15109392,182,7070810112,15.72
280.913,2390596,11504244,0,13894840,15109392,182,7070810112,15.72
281.013,2390596,11504244,0,13894840,15109392,182,7070810112,15.72
281.114,2390596,11504244,0,13894840,15109392,182,7070810112,16.31
281.214,2390596,11504244,0,13894840,15109392,182,7070810112,16.31
281.315,2390596,11504244,0,13894840,15109392,182,7070810112,16.31
281.415,2390596,11504244,0,13894840,15109392,182,7070810112,16.31
281.515,2390596,11504244,0,13894840,15109392,182,7070810112,16.31
281.616,2390596,11504244,0,13894840,15109392,182,7070810112,16.31
281.716,2390596,11504244,0,13894840,15109392,182,7070810112,16.31
281.816,2390596,11504244,0,13894840,15109392,182,7070810112,16.31
281.917,2390596,11504244,0,13894840,15109392,182,7070810112,16.31
282.017,2390596,11504244,0,13894840,15109392,182,7070810112,16.31
282.117,2390596,11504244,0,13894840,15109392,182,7070810112,16.31
282.218,2390596,11504244,0,13894840,15109392,182,7070810112,16.31
282.318,2390596,11504244,0,13894840,15109392,182,7070810112,16.31
282.418,2390596,11504244,0,13894840,15109392,182,7070810112,16.31
282.519,2390596,11504244,0,13894840,15109392,182,7070810112,16.31
282.619,2390596,11504244,0,13894840,15109392,182,7070810112,16.31
282.719,2390596,11504244,0,13894840,15109392,182,7070810112,16.31
282.820,2390596,11504244,0,13894840,15109392,182,7070810112,16.31
282.920,2390596,11504244,0,13894840,15109392,182,7070810112,16.31
283.020,2390596,11504244,0,13894840,15109392,182,7070810112,16.44
283.121,2390596,11504244,0,13894840,15109392,182,7070810112,16.44
283.221,2390596,11504244,0,13894840,15109392,182,7070810112,16.44
283.321,2390596,11504244,0,13894840,15109392,182,7070810112,16.44
283.422,2390596,11504244,0,13894840,15109392,182,7070810112,16.44
283.522,2390596,11504244,0,13894840,15109392,182,7070810112,16.44
283.623,2390596,11504244,0,13894840,15109392,182,7070810112,16.44
283.723,2390596,11504244,0,13894840,15109392,182,7070810112,16.44
283.823,2390596,11504244,0,13894840,15109392,182,7070810112,16.44
283.924,2390596,11504244,0,13894840,15109392,182,7070810112,16.44
284.024,2390596,11504244,0,13894840,15109392,182,7070810112,16.44
284.124,2390596,11504244,0,13894840,15109392,182,7070810112,16.44
284.225,2390596,11504244,0,13894840,15109392,182,7070810112,16.44
284.325,2390596,11504244,0,13894840,15109392,182,7070810112,16.44
284.426,2390596,11504244,0,13894840,15109392,182,7070810112,16.44
284.526,2390596,11504244,0,13894840,15109392,182,7070810112,16.44
284.626,2390596,11504244,0,13894840,15109392,182,7070810112,16.44
284.727,2390596,11504244,0,13894840,15109392,182,7070810112,16.44
284.827,2390596,11504244,0,13894840,15109392,182,7070810112,16.44
284.927,2390596,11504244,0,13894840,15109392,182,7070810112,16.44
285.028,2390596,11504244,0,13894840,15109392,182,7070810112,17.08
285.128,2390596,11504244,0,13894840,15109392,182,7070810112,17.08
285.228,2390596,11504244,0,13894840,15109392,182,7070810112,17.08
285.329,2390596,11504244,0,13894840,15109392,182,7070810112,17.08
285.429,2390596,11504244,0,13894840,15109392,182,7070810112,17.08
285.530,2390596,11504244,0,13894840,15109392,182,7070810112,17.08
285.630,2390596,11504244,0,13894840,15109392,182,7070810112,17.08
285.730,2390596,11504244,0,13894840,15109392,182,7070810112,17.08
285.831,2390596,11504244,0,13894840,15109392,182,7070810112,17.08
285.931,2390596,11504244,0,13894840,15109392,182,7070810112,17.08
286.031,2390596,11504244,0,13894840,15109392,182,7070810112,17.08
286.132,2390596,11504244,0,13894840,15109392,182,7070810112,17.08
286.232,2390596,11504244,0,13894840,15109392,182,7070810112,17.08
286.333,2390596,11504244,0,13894840,15109392,182,7070810112,17.08
286.433,2390596,11504244,0,13894840,15109392,182,7070810112,17.08
286.533,2390596,11504244,0,13894840,15109392,182,7070810112,17.08
286.634,2390596,11504244,0,13894840,15109392,182,7070810112,17.08
286.734,2390596,11504244,0,13894840,15109392,182,7070810112,17.08
286.834,2390596,11504244,0,13894840,15109392,182,7070810112,17.08
286.935,2390596,11504244,0,13894840,15109392,182,7070810112,14.89
287.035,2390596,11504244,0,13894840,15109392,182,7070810112,14.89
287.136,2390596,11504244,0,13894840,15109392,182,7070810112,14.89
287.236,2390596,11504244,0,13894840,15109392,182,7070810112,14.89
287.336,2390596,11504244,0,13894840,15109392,182,7070810112,14.89
287.437,2390596,11504244,0,13894840,15109392,182,7070810112,14.89
287.537,2390596,11504244,0,13894840,15109392,182,7070810112,14.89
287.637,2390596,11504244,0,13894840,15109392,182,7070810112,14.89
287.738,2390596,11504244,0,13894840,15109392,182,7070810112,14.89
287.838,2390596,11504244,0,13894840,15109392,182,7070810112,14.89
287.938,2390596,11504244,0,13894840,15109392,182,7070810112,14.89
288.039,2390596,11504244,0,13894840,15109392,182,7070810112,14.89
288.139,2390596,11504244,0,13894840,15109392,182,7070810112,14.89
288.240,2390596,11504244,0,13894840,15109392,182,7070810112,14.89
288.341,2390596,11504244,0,13894840,15109392,182,7070810112,14.89
288.442,2390596,11504244,0,13894840,15109392,182,7070810112,14.89
288.542,2390596,11504244,0,13894840,15109392,182,7070810112,14.89
288.643,2390596,11504244,0,13894840,15109392,182,7070810112,14.89
288.743,2390596,11504244,0,13894840,15109392,182,7070810112,14.89
288.844,2390596,11504244,0,13894840,15109392,182,7070810112,14.89
288.944,2390596,11504244,0,13894840,15109392,182,7070810112,15.64
289.045,2390596,11504244,0,13894840,15109392,182,7070810112,15.64
289.145,2390596,11504244,0,13894840,15109392,182,7070810112,15.64
289.245,2390596,11504244,0,13894840,15109392,182,7070810112,15.64
289.346,2390596,11504244,0,13894840,15109392,182,7070810112,15.64
289.447,2390596,11504244,0,13894840,15109392,182,7070810112,15.64
289.548,2390596,11504244,0,13894840,15109392,182,7070810112,15.64
289.650,2390596,11504244,0,13894840,15109392,182,7070810112,15.64
289.751,2390596,11504244,0,13894840,15109392,182,7070810112,15.64
289.852,2390596,11504244,0,13894840,15109392,182,7070810112,15.64
289.953,2390596,11504244,0,13894840,15109392,182,7070810112,15.64
290.054,2390596,11504244,0,13894840,15109392,182,7070810112,15.64
290.155,2390596,11504244,0,13894840,15109392,182,7070810112,15.64
290.255,2390596,11504244,0,13894840,15109392,182,7070810112,15.64
290.357,2390596,11504244,0,13894840,15109392,182,7070810112,15.64
290.458,2390596,11504244,0,13894840,15109392,182,7070810112,15.64
290.559,2390596,11504244,0,13894840,15109392,182,7070810112,15.64
290.661,2390596,11504244,0,13894840,15109392,182,7070810112,15.64
290.762,2390596,11504244,0,13894840,15109392,182,7070810112,15.64
290.862,2390596,11504244,0,13894840,15109392,182,7070810112,15.64
290.963,2390596,11504244,0,13894840,15109392,182,7070810112,15.7
291.064,2390596,11504244,0,13894840,15109392,182,7070810112,15.7
291.166,2390596,11504244,0,13894840,15109392,182,7070810112,15.7
291.266,2390596,11504244,0,13894840,15109392,182,7070810112,15.7
291.368,2390596,11504244,0,13894840,15109392,182,7070810112,15.7
291.470,2390596,11504244,0,13894840,15109392,182,7070810112,15.7
291.570,2390596,11504244,0,13894840,15109392,182,7070810112,15.7
291.672,2390596,11504244,0,13894840,15109392,182,7070810112,15.7
291.773,2390596,11504244,0,13894840,15109392,182,7070810112,15.7
291.873,2390596,11504244,0,13894840,15109392,182,7070810112,15.7
291.974,2390596,11504244,0,13894840,15109392,182,7070810112,15.7
292.074,2390596,11504244,0,13894840,15109392,182,7070810112,15.7
292.174,2390596,11504244,0,13894840,15109392,182,7070810112,15.7
292.275,2390596,11504244,0,13894840,15109392,182,7070810112,15.7
292.375,2390596,11504244,0,13894840,15109392,182,7070810112,15.7
292.475,2390596,11504244,0,13894840,15109392,182,7070810112,15.7
292.576,2390596,11504244,0,13894840,15109392,182,7070810112,15.7
292.676,2390596,11504244,0,13894840,15109392,182,7070810112,15.7
292.776,2390596,11504244,0,13894840,15109392,182,7070810112,15.7
292.877,2390596,11504244,0,13894840,15109392,182,7070810112,15.7
292.977,2390596,11504244,0,13894840,15109392,182,7070810112,16.48
293.077,2390596,11504244,0,13894840,15109392,182,7070810112,16.48
293.178,2390596,11504244,0,13894840,15109392,182,7070810112,16.48
293.278,2390596,11504244,0,13894840,15109392,182,7070810112,16.48
293.378,2390596,11504244,0,13894840,15109392,182,7070810112,16.48
293.479,2390596,11504244,0,13894840,15109392,182,7070810112,16.48
293.579,2390596,11504244,0,13894840,15109392,182,7070810112,16.48
293.679,2390596,11504244,0,13894840,15109392,182,7070810112,16.48
293.780,2390596,11504244,0,13894840,15109392,182,7070810112,16.48
293.880,2390596,11504244,0,13894840,15109392,182,7070810112,16.48
293.980,2390596,11504244,0,13894840,15109392,182,7070810112,16.48
294.081,2390596,11504244,0,13894840,15109392,182,7070810112,16.48
294.181,2390596,11504244,0,13894840,15109392,182,7070810112,16.48
294.282,2390596,11504244,0,13894840,15109392,182,7070810112,16.48
294.382,2390596,11504244,0,13894840,15109392,182,7070810112,16.48
294.482,2390596,11504244,0,13894840,15109392,182,7070810112,16.48
294.583,2390596,11504244,0,13894840,15109392,182,7070810112,16.48
294.683,2390596,11504244,0,13894840,15109392,182,7070810112,16.48
294.783,2390596,11504244,0,13894840,15109392,182,7070810112,16.48
294.884,2390596,11504244,0,13894840,15109392,182,7070810112,17.12
294.984,2390596,11504244,0,13894840,15109392,182,7070810112,17.12
295.084,2390596,11504244,0,13894840,15109392,182,7070810112,17.12
295.185,2390596,11504244,0,13894840,15109392,182,7070810112,17.12
295.285,2390596,11504244,0,13894840,15109392,182,7070810112,17.12
295.385,2390596,11504244,0,13894840,15109392,182,7070810112,17.12
295.486,2390596,11504244,0,13894840,15109392,182,7070810112,17.12
295.586,2390596,11504244,0,13894840,15109392,182,7070810112,17.12
295.687,2390596,11504244,0,13894840,15109392,182,7070810112,17.12
295.787,2390596,11504244,0,13894840,15109392,182,7070810112,17.12
295.888,2390596,11504244,0,13894840,15109392,182,7070810112,17.12
295.988,2390596,11504244,0,13894840,15109392,182,7070810112,17.12
296.089,2390596,11504244,0,13894840,15109392,182,7070810112,17.12
296.189,2390596,11504244,0,13894840,15109392,182,7070810112,17.12
296.289,2390596,11504244,0,13894840,15109392,182,7070810112,17.12
296.390,2390596,11504244,0,13894840,15109392,182,7070810112,17.12
296.490,2390596,11504244,0,13894840,15109392,182,7070810112,17.12
296.591,2390596,11504244,0,13894840,15109392,182,7070810112,17.12
296.691,2390596,11504244,0,13894840,15109392,182,7070810112,17.12
296.791,2390596,11504244,0,13894840,15109392,182,7070810112,17.09
296.892,2390596,11504244,0,13894840,15109392,182,7070810112,17.09
296.992,2390596,11504244,0,13894840,15109392,182,7070810112,17.09
297.092,2390596,11504244,0,13894840,15109392,182,7070810112,17.09
297.193,2390596,11504244,0,13894840,15109392,182,7070810112,17.09
297.293,2390596,11504244,0,13894840,15109392,182,7070810112,17.09
297.393,2390596,11504244,0,13894840,15109392,182,7070810112,17.09
297.494,2390596,11504244,0,13894840,15109392,182,7070810112,17.09
297.594,2390596,11504244,0,13894840,15109392,182,7070810112,17.09
297.694,2390596,11504244,0,13894840,15109392,182,7070810112,17.09
297.795,2390596,11504244,0,13894840,15109392,182,7070810112,17.09
297.895,2390596,11504244,0,13894840,15109392,182,7070810112,17.09
297.995,2390596,11504244,0,13894840,15109392,182,7070810112,17.09
298.096,2390596,11504244,0,13894840,15109392,182,7070810112,17.09
298.196,2390596,11504244,0,13894840,15109392,182,7070810112,17.09
298.296,2390596,11504244,0,13894840,15109392,182,7070810112,17.09
298.397,2390596,11504244,0,13894840,15109392,182,7070810112,17.09
298.497,2390596,11504244,0,13894840,15109392,182,7070810112,17.09
298.597,2390596,11504244,0,13894840,15109392,182,7070810112,17.09
298.697,2390596,11504244,0,13894840,15109392,182,7070810112,18.71
298.798,2390596,11504244,0,13894840,15109392,182,7070810112,18.71
298.898,2390596,11504244,0,13894840,15109392,182,7070810112,18.71
298.998,2390596,11504244,0,13894840,15109392,182,7070810112,18.71
299.099,2390596,11504244,0,13894840,15109392,182,7070810112,18.71
299.199,2390596,11504244,0,13894840,15109392,182,7070810112,18.71
299.299,2390596,11504244,0,13894840,15109392,182,7070810112,18.71
299.400,2390596,11504244,0,13894840,15109392,182,7070810112,18.71
299.500,2390596,11504244,0,13894840,15109392,182,7070810112,18.71
299.600,2390596,11504244,0,13894840,15109392,182,7070810112,18.71
299.701,2390596,11504244,0,13894840,15109392,182,7070810112,18.71
299.801,2390596,11504244,0,13894840,15109392,182,7070810112,18.71
299.901,2390596,11504244,0,13894840,15109392,182,7070810112,18.71
300.002,2390596,11504244,0,13894840,15109392,182,7070810112,18.71
300.102,2390596,11504244,0,13894840,15109392,182,7070810112,18.71
300.202,2390596,11504244,0,13894840,15109392,182,7070810112,18.71
300.303,2390596,11504244,0,13894840,15109392,182,7070810112,18.71
300.403,2390596,11504244,0,13894840,15109392,182,7070810112,18.71
300.503,2390596,11504244,0,13894840,15109392,182,7070810112,18.03
300.603,2390596,11504244,0,13894840,15109392,182,7070810112,18.03
300.704,2390596,11504244,0,13894840,15109392,182,7070810112,18.03
300.804,2390596,11504180,0,13894776,15109392,182,7070810112,18.03
300.904,2390596,11504052,0,13894648,15109392,182,7070810112,18.03
301.005,2390596,11504084,0,13894680,15109392,182,7070810112,18.03
301.105,2390596,11504084,0,13894680,15109392,182,7070810112,18.03
301.205,2390596,11504084,0,13894680,15109392,182,7070810112,18.03
301.306,2390596,11504084,0,13894680,15109392,182,7070810112,18.03
301.406,2390596,11504084,0,13894680,15109392,182,7070810112,18.03
301.506,2390596,11504084,0,13894680,15109392,182,7070810112,18.03
301.607,2390596,11504148,0,13894744,15109392,182,7070810112,18.03
301.707,2390596,11504148,0,13894744,15109392,182,7070810112,18.03
301.807,2390596,11504148,0,13894744,15109392,182,7070810112,18.03
301.908,2390596,11504148,0,13894744,15109392,182,7070810112,18.03
302.008,2390596,11504148,0,13894744,15109392,182,7070810112,18.03
302.109,2390596,11504148,0,13894744,15109392,182,7070810112,18.03
302.209,2390596,11504148,0,13894744,15109392,182,7070810112,18.03
302.309,2390596,11504148,0,13894744,15109392,182,7070810112,18.03
302.410,2390596,11504148,0,13894744,15109392,182,7070810112,18.21
302.510,2390596,11504148,0,13894744,15109392,182,7070810112,18.21
302.610,2390596,11504148,0,13894744,15109392,182,7070810112,18.21
302.711,2390596,11504148,0,13894744,15109392,182,7070810112,18.21
302.811,2390596,11504148,0,13894744,15109392,182,7070810112,18.21
302.911,2390596,11504148,0,13894744,15109392,182,7070810112,18.21
303.012,2390596,11504148,0,13894744,15109392,182,7070810112,18.21
303.112,2390596,11504148,0,13894744,15109392,182,7070810112,18.21
303.212,2390596,11504148,0,13894744,15109392,182,7070810112,18.21
303.313,2390596,11504148,0,13894744,15109392,182,7070810112,18.21
303.413,2390596,11504148,0,13894744,15109392,182,7070810112,18.21
303.513,2390596,11504148,0,13894744,15109392,182,7070810112,18.21
303.614,2390596,11504148,0,13894744,15109392,182,7070810112,18.21
303.714,2390596,11504148,0,13894744,15109392,182,7070810112,18.21
303.814,2390596,11504148,0,13894744,15109392,182,7070810112,18.21
303.915,2390596,11504148,0,13894744,15109392,182,7070810112,18.21
304.015,2390596,11504212,0,13894808,15109392,182,7070810112,18.21
304.115,2390596,11504212,0,13894808,15109392,182,7070810112,18.21
304.216,2390596,11504212,0,13894808,15109392,182,7070810112,18.21
304.316,2390596,11504212,0,13894808,15109392,182,7070810112,18.89
304.416,2390596,11504212,0,13894808,15109392,182,7070810112,18.89
304.517,2390596,11504212,0,13894808,15109392,182,7070810112,18.89
304.617,2390596,11504212,0,13894808,15109392,182,7070810112,18.89
304.718,2390596,11504212,0,13894808,15109392,182,7070810112,18.89
304.818,2390596,11504212,0,13894808,15109392,182,7070810112,18.89
304.918,2390596,11504212,0,13894808,15109392,182,7070810112,18.89
305.019,2390596,11504212,0,13894808,15109392,182,7070810112,18.89
305.119,2390596,11504212,0,13894808,15109392,182,7070810112,18.89
305.219,2390596,11504212,0,13894808,15109392,182,7070810112,18.89
305.320,2390596,11504212,0,13894808,15109392,182,7070810112,18.89
305.420,2390596,11504212,0,13894808,15109392,182,7070810112,18.89
305.520,2390596,11504212,0,13894808,15109392,182,7070810112,18.89
305.621,2390596,11504212,0,13894808,15109392,182,7070810112,18.89
305.721,2390596,11504212,0,13894808,15109392,182,7070810112,18.89
305.821,2390596,11504212,0,13894808,15109392,182,7070810112,18.89
305.922,2390596,11504212,0,13894808,15109392,182,7070810112,18.89
306.022,2390596,11504212,0,13894808,15109392,182,7070810112,18.89
306.122,2390596,11504212,0,13894808,15109392,182,7070810112,18.89
306.223,2390596,11504212,0,13894808,15109392,182,7070810112,18.89
306.323,2390596,11504212,0,13894808,15109392,182,7070810112,18.73
306.423,2390596,11504212,0,13894808,15109392,182,7070810112,18.73
306.523,2390596,11504212,0,13894808,15109392,182,7070810112,18.73
306.624,2390596,11504212,0,13894808,15109392,182,7070810112,18.73
306.724,2390596,11504212,0,13894808,15109392,182,7070810112,18.73
306.825,2390596,11504212,0,13894808,15109392,182,7070810112,18.73
306.925,2390596,11504212,0,13894808,15109392,182,7070810112,18.73
307.025,2390596,11504212,0,13894808,15109392,182,7070810112,18.73
307.126,2390596,11504212,0,13894808,15109392,182,7070810112,18.73
307.226,2390596,11504212,0,13894808,15109392,182,7070810112,18.73
307.326,2390596,11504212,0,13894808,15109392,182,7070810112,18.73
307.427,2390596,11504212,0,13894808,15109392,182,7070810112,18.73
307.527,2390596,11504212,0,13894808,15109392,182,7070810112,18.73
307.627,2390596,11504212,0,13894808,15109392,182,7070810112,18.73
307.728,2390596,11504212,0,13894808,15109392,182,7070810112,18.73
307.828,2390596,11504212,0,13894808,15109392,182,7070810112,18.73
307.928,2390596,11504212,0,13894808,15109392,182,7070810112,18.73
308.029,2390596,11504212,0,13894808,15109392,182,7070810112,18.73
308.129,2390596,11504212,0,13894808,15109392,182,7070810112,18.73
308.230,2390596,11504212,0,13894808,15109392,182,7070810112,15.7
308.330,2390596,11504212,0,13894808,15109392,182,7070810112,15.7
308.430,2390596,11504212,0,13894808,15109392,182,7070810112,15.7
308.531,2390596,11504212,0,13894808,15109392,182,7070810112,15.7
308.631,2390596,11504212,0,13894808,15109392,182,7070810112,15.7
308.731,2390596,11504212,0,13894808,15109392,182,7070810112,15.7
308.832,2390596,11504212,0,13894808,15109392,182,7070810112,15.7
308.932,2390596,11504212,0,13894808,15109392,182,7070810112,15.7
309.032,2390596,11504212,0,13894808,15109392,182,7070810112,15.7
309.133,2390596,11504212,0,13894808,15109392,182,7070810112,15.7
309.233,2390596,11504212,0,13894808,15109392,182,7070810112,15.7
309.333,2390596,11504212,0,13894808,15109392,182,7070810112,15.7
309.434,2390596,11504212,0,13894808,15109392,182,7070810112,15.7
309.534,2390596,11504212,0,13894808,15109392,182,7070810112,15.7
309.634,2390596,11504212,0,13894808,15109392,182,7070810112,15.7
309.735,2390596,11504212,0,13894808,15109392,182,7070810112,15.7
309.835,2390596,11504212,0,13894808,15109392,182,7070810112,15.7
309.935,2390596,11504212,0,13894808,15109392,182,7070810112,15.7
310.036,2390596,11504212,0,13894808,15109392,182,7070810112,15.7
310.136,2390596,11504212,0,13894808,15109392,182,7070810112,15.7
310.237,2390596,11504212,0,13894808,15109392,182,7070810112,17.02
310.337,2390596,11504212,0,13894808,15109392,182,7070810112,17.02
310.437,2390596,11504212,0,13894808,15109392,182,7070810112,17.02
310.538,2390596,11504212,0,13894808,15109392,182,7070810112,17.02
310.638,2390596,11504212,0,13894808,15109392,182,7070810112,17.02
310.738,2390596,11504212,0,13894808,15109392,182,7070810112,17.02
310.839,2390596,11504212,0,13894808,15109392,182,7070810112,17.02
310.939,2390596,11504212,0,13894808,15109392,182,7070810112,17.02
311.039,2390596,11504212,0,13894808,15109392,182,7070810112,17.02
311.140,2390596,11504212,0,13894808,15109392,182,7070810112,17.02
311.240,2390596,11504212,0,13894808,15109392,182,7070810112,17.02
311.340,2390596,11504212,0,13894808,15109392,182,7070810112,17.02
311.441,2390596,11504212,0,13894808,15109392,182,7070810112,17.02
311.541,2390596,11504212,0,13894808,15109392,182,7070810112,17.02
311.642,2390596,11504212,0,13894808,15109392,182,7070810112,17.02
311.742,2390596,11504212,0,13894808,15109392,182,7070810112,17.02
311.842,2390596,11504212,0,13894808,15109392,182,7070810112,17.02
311.943,2390596,11504212,0,13894808,15109392,182,7070810112,17.02
312.043,2390596,11504212,0,13894808,15109392,182,7070810112,17.02
312.143,2390596,11504212,0,13894808,15109392,182,7070810112,15.2
312.244,2390596,11504212,0,13894808,15109392,182,7070810112,15.2
312.344,2390596,11504212,0,13894808,15109392,182,7070810112,15.2
312.444,2390596,11504212,0,13894808,15109392,182,7070810112,15.2
312.545,2390596,11504212,0,13894808,15109392,182,7070810112,15.2
312.645,2390596,11504212,0,13894808,15109392,182,7070810112,15.2
312.745,2390596,11504212,0,13894808,15109392,182,7070810112,15.2
312.846,2390596,11504212,0,13894808,15109392,182,7070810112,15.2
312.946,2390596,11504212,0,13894808,15109392,182,7070810112,15.2
313.047,2390596,11504212,0,13894808,15109392,182,7070810112,15.2
313.147,2390596,11504212,0,13894808,15109392,182,7070810112,15.2
313.247,2390596,11504212,0,13894808,15109392,182,7070810112,15.2
313.348,2390596,11504212,0,13894808,15109392,182,7070810112,15.2
313.448,2390596,11504212,0,13894808,15109392,182,7070810112,15.2
313.548,2390596,11504212,0,13894808,15109392,182,7070810112,15.2
313.649,2390596,11504212,0,13894808,15109392,182,7070810112,15.2
313.749,2390596,11504212,0,13894808,15109392,182,7070810112,15.2
313.849,2390596,11504212,0,13894808,15109392,182,7070810112,15.2
313.950,2390596,11504212,0,13894808,15109392,182,7070810112,15.2
314.050,2390596,11504212,0,13894808,15109392,182,7070810112,15.2
314.151,2390596,11504212,0,13894808,15109392,182,7070810112,14.08
314.251,2390596,11504212,0,13894808,15109392,182,7070810112,14.08
314.351,2390596,11504212,0,13894808,15109392,182,7070810112,14.08
314.452,2390596,11504212,0,13894808,15109392,182,7070810112,14.08
314.552,2390596,11504212,0,13894808,15109392,182,7070810112,14.08
314.652,2390596,11504212,0,13894808,15109392,182,7070810112,14.08
314.753,2390596,11504212,0,13894808,15109392,182,7070810112,14.08
314.853,2390596,11504212,0,13894808,15109392,182,7070810112,14.08
314.954,2390596,11504212,0,13894808,15109392,182,7070810112,14.08
315.054,2390596,11504212,0,13894808,15109392,182,7070810112,14.08
315.155,2390596,11504212,0,13894808,15109392,182,7070810112,14.08
315.255,2390596,11504212,0,13894808,15109392,182,7070810112,14.08
315.355,2390596,11504212,0,13894808,15109392,182,7070810112,14.08
315.456,2390596,11504212,0,13894808,15109392,182,7070810112,14.08
315.556,2390596,11504212,0,13894808,15109392,182,7070810112,14.08
315.656,2390596,11504212,0,13894808,15109392,182,7070810112,14.08
315.757,2390596,11504212,0,13894808,15109392,182,7070810112,14.08
315.857,2390596,11504212,0,13894808,15109392,182,7070810112,14.08
315.958,2390596,11504212,0,13894808,15109392,182,7070810112,14.08
316.058,2390596,11504212,0,13894808,15109392,182,7070810112,15.69
316.159,2390596,11504212,0,13894808,15109392,182,7070810112,15.69
316.259,2390596,11504212,0,13894808,15109392,182,7070810112,15.69
316.359,2390596,11504212,0,13894808,15109392,182,7070810112,15.69
316.460,2390596,11504212,0,13894808,15109392,182,7070810112,15.69
316.560,2390596,11504212,0,13894808,15109392,182,7070810112,15.69
316.660,2390596,11504212,0,13894808,15109392,182,7070810112,15.69
316.761,2390596,11504212,0,13894808,15109392,182,7070810112,15.69
316.861,2390596,11504212,0,13894808,15109392,182,7070810112,15.69
316.962,2390596,11504212,0,13894808,15109392,182,7070810112,15.69
317.062,2390596,11504212,0,13894808,15109392,182,7070810112,15.69
317.162,2390596,11504212,0,13894808,15109392,182,7070810112,15.69
317.263,2390596,11504212,0,13894808,15109392,182,7070810112,15.69
317.363,2390596,11504212,0,13894808,15109392,182,7070810112,15.69
317.463,2390596,11504212,0,13894808,15109392,182,7070810112,15.69
317.564,2390596,11504212,0,13894808,15109392,182,7070810112,15.69
317.664,2390596,11504212,0,13894808,15109392,182,7070810112,15.69
317.764,2390596,11504212,0,13894808,15109392,182,7070810112,15.69
317.865,2390596,11504212,0,13894808,15109392,182,7070810112,15.69
317.965,2390596,11504212,0,13894808,15109392,182,7070810112,15.69
318.065,2390596,11504212,0,13894808,15109392,182,7070810112,14.3
318.166,2390596,11504212,0,13894808,15109392,182,7070810112,14.3
318.266,2390596,11504212,0,13894808,15109392,182,7070810112,14.3
318.367,2390596,11504212,0,13894808,15109392,182,7070810112,14.3
318.467,2390596,11504212,0,13894808,15109392,182,7070810112,14.3
318.567,2390596,11504212,0,13894808,15109392,182,7070810112,14.3
318.668,2390596,11504212,0,13894808,15109392,182,7070810112,14.3
318.768,2390596,11504212,0,13894808,15109392,182,7070810112,14.3
318.868,2390596,11504212,0,13894808,15109392,182,7070810112,14.3
318.969,2390596,11504212,0,13894808,15109392,182,7070810112,14.3
319.069,2390596,11504212,0,13894808,15109392,182,7070810112,14.3
319.169,2390596,11504212,0,13894808,15109392,182,7070810112,14.3
319.270,2390596,11504212,0,13894808,15109392,182,7070810112,14.3
319.370,2390596,11504212,0,13894808,15109392,182,7070810112,14.3
319.470,2390596,11504212,0,13894808,15109392,182,7070810112,14.3
319.571,2390596,11504212,0,13894808,15109392,182,7070810112,14.3
319.671,2390596,11504212,0,13894808,15109392,182,7070810112,14.3
319.771,2390596,11504212,0,13894808,15109392,182,7070810112,14.3
319.872,2390596,11504212,0,13894808,15109392,182,7070810112,14.3
319.972,2390596,11504212,0,13894808,15109392,182,7070810112,14.97
320.073,2390596,11504212,0,13894808,15109392,182,7070810112,14.97
320.173,2390596,11504212,0,13894808,15109392,182,7070810112,14.97
320.274,2390596,11504212,0,13894808,15109392,182,7070810112,14.97
320.376,2390596,11504212,0,13894808,15109392,182,7070810112,14.97
320.477,2390596,11504212,0,13894808,15109392,182,7070810112,14.97
320.577,2390596,11504212,0,13894808,15109392,182,7070810112,14.97
320.678,2390596,11504212,0,13894808,15109392,182,7070810112,14.97
320.779,2390596,11504212,0,13894808,15109392,182,7070810112,14.97
320.880,2390596,11504212,0,13894808,15109392,182,7070810112,14.97
320.980,2390596,11504212,0,13894808,15109392,182,7070810112,14.97
321.081,2390596,11504212,0,13894808,15109392,182,7070810112,14.97
321.182,2390596,11504212,0,13894808,15109392,182,7070810112,14.97
321.284,2390596,11504212,0,13894808,15109392,182,7070810112,14.97
321.385,2390596,11504212,0,13894808,15109392,182,7070810112,14.97
321.486,2390596,11504212,0,13894808,15109392,182,7070810112,14.97
321.587,2390596,11504212,0,13894808,15109392,182,7070810112,14.97
321.688,2390596,11504212,0,13894808,15109392,182,7070810112,14.97
321.790,2390596,11504212,0,13894808,15109392,182,7070810112,14.97
321.891,2390596,11504212,0,13894808,15109392,182,7070810112,14.97
321.992,2390596,11504212,0,13894808,15109392,182,7070810112,14.07
322.092,2390596,11504212,0,13894808,15109392,182,7070810112,14.07
322.194,2390596,11504212,0,13894808,15109392,182,7070810112,14.07
322.295,2390596,11504212,0,13894808,15109392,182,7070810112,14.07
322.397,2390596,11504212,0,13894808,15109392,182,7070810112,14.07
322.497,2390596,11504212,0,13894808,15109392,182,7070810112,14.07
322.598,2390596,11504212,0,13894808,15109392,182,7070810112,14.07
322.699,2390596,11504212,0,13894808,15109392,182,7070810112,14.07
322.800,2390596,11504212,0,13894808,15109392,182,7070810112,14.07
322.901,2390596,11504212,0,13894808,15109392,182,7070810112,14.07
323.001,2390596,11504212,0,13894808,15109392,182,7070810112,14.07
323.102,2390596,11504212,0,13894808,15109392,182,7070810112,14.07
323.205,2390596,11504212,0,13894808,15109392,182,7070810112,14.07
323.305,2390596,11504212,0,13894808,15109392,182,7070810112,14.07
323.407,2390596,11504212,0,13894808,15109392,182,7070810112,14.07
323.509,2390596,11504212,0,13894808,15109392,182,7070810112,14.07
323.609,2390596,11504212,0,13894808,15109392,182,7070810112,14.07
323.710,2390596,11504212,0,13894808,15109392,182,7070810112,14.07
323.811,2390596,11504212,0,13894808,15109392,182,7070810112,14.07
323.912,2390596,11504212,0,13894808,15109392,182,7070810112,14.07
324.012,2390596,11504212,0,13894808,15109392,182,7070810112,14.07
324.113,2390596,11504212,0,13894808,15109392,182,7070810112,14.78
324.213,2390596,11504212,0,13894808,15109392,182,7070810112,14.78
324.314,2390596,11504212,0,13894808,15109392,182,7070810112,14.78
324.415,2390596,11504212,0,13894808,15109392,182,7070810112,14.78
324.515,2390596,11504212,0,13894808,15109392,182,7070810112,14.78
324.615,2390596,11504212,0,13894808,15109392,182,7070810112,14.78
324.716,2390596,11504212,0,13894808,15109392,182,7070810112,14.78
324.816,2390596,11504212,0,13894808,15109392,182,7070810112,14.78
324.916,2390596,11504212,0,13894808,15109392,182,7070810112,14.78
325.017,2390596,11504212,0,13894808,15109392,182,7070810112,14.78
325.117,2390596,11504212,0,13894808,15109392,182,7070810112,14.78
325.218,2390596,11504212,0,13894808,15109392,182,7070810112,14.78
325.318,2390596,11504212,0,13894808,15109392,182,7070810112,14.78
325.418,2390596,11504212,0,13894808,15109392,182,7070810112,14.78
325.519,2390596,11504212,0,13894808,15109392,182,7070810112,14.78
325.619,2390596,11504212,0,13894808,15109392,182,7070810112,14.78
325.719,2390596,11504212,0,13894808,15109392,182,7070810112,14.78
325.820,2390596,11504212,0,13894808,15109392,182,7070810112,14.78
325.920,2390596,11504212,0,13894808,15109392,182,7070810112,14.78
326.021,2390596,11504212,0,13894808,15109392,182,7070810112,12.1
326.121,2390596,11504212,0,13894808,15109392,182,7070810112,12.1
326.221,2390596,11504212,0,13894808,15109392,182,7070810112,12.1
326.322,2390596,11504212,0,13894808,15109392,182,7070810112,12.1
326.422,2390596,11504212,0,13894808,15109392,182,7070810112,12.1
326.522,2390596,11504212,0,13894808,15109392,182,7070810112,12.1
326.623,2390596,11504212,0,13894808,15109392,182,7070810112,12.1
326.723,2390596,11504212,0,13894808,15109392,182,7070810112,12.1
326.823,2390596,11504212,0,13894808,15109392,182,7070810112,12.1
326.924,2390596,11504212,0,13894808,15109392,182,7070810112,12.1
327.024,2390596,11504212,0,13894808,15109392,182,7070810112,12.1
327.124,2390596,11504212,0,13894808,15109392,182,7070810112,12.1
327.225,2390596,11504212,0,13894808,15109392,182,7070810112,12.1
327.325,2390596,11504212,0,13894808,15109392,182,7070810112,12.1
327.425,2390596,11504212,0,13894808,15109392,182,7070810112,12.1
327.526,2390596,11504212,0,13894808,15109392,182,7070810112,12.1
327.626,2390596,11504212,0,13894808,15109392,182,7070810112,12.1
327.726,2390596,11504212,0,13894808,15109392,182,7070810112,12.1
327.827,2390596,11504212,0,13894808,15109392,182,7070810112,12.1
327.927,2390596,11504212,0,13894808,15109392,182,7070810112,12.1
328.027,2390596,11504212,0,13894808,15109392,182,7070810112,13.17
328.128,2390596,11504212,0,13894808,15109392,182,7070810112,13.17
328.228,2390596,11504212,0,13894808,15109392,182,7070810112,13.17
328.328,2390596,11504212,0,13894808,15109392,182,7070810112,13.17
328.429,2390596,11504212,0,13894808,15109392,182,7070810112,13.17
328.529,2390596,11504212,0,13894808,15109392,182,7070810112,13.17
328.629,2390596,11504212,0,13894808,15109392,182,7070810112,13.17
328.730,2390596,11504212,0,13894808,15109392,182,7070810112,13.17
328.830,2390596,11504212,0,13894808,15109392,182,7070810112,13.17
328.930,2390596,11504212,0,13894808,15109392,182,7070810112,13.17
329.031,2390596,11504212,0,13894808,15109392,182,7070810112,13.17
329.131,2390596,11504212,0,13894808,15109392,182,7070810112,13.17
329.231,2390596,11504212,0,13894808,15109392,182,7070810112,13.17
329.332,2390596,11504212,0,13894808,15109392,182,7070810112,13.17
329.432,2390596,11504212,0,13894808,15109392,182,7070810112,13.17
329.532,2390596,11504212,0,13894808,15109392,182,7070810112,13.17
329.633,2390596,11504212,0,13894808,15109392,182,7070810112,13.17
329.733,2390596,11504212,0,13894808,15109392,182,7070810112,13.17
329.833,2390596,11504212,0,13894808,15109392,182,7070810112,14.04
329.934,2390596,11504212,0,13894808,15109392,182,7070810112,14.04
330.034,2390596,11504212,0,13894808,15109392,182,7070810112,14.04
330.134,2390596,11504212,0,13894808,15109392,182,7070810112,14.04
330.235,2390596,11504212,0,13894808,15109392,182,7070810112,14.04
330.335,2390596,11503012,0,13893608,15109392,182,7070814208,14.04
330.435,2390596,10481784,0,12872380,15109392,182,7070814208,14.04
330.536,2390596,9877024,0,12267620,15109392,182,7070814208,14.04
330.636,2390596,8146256,0,10536852,15109392,182,7070814208,14.04
330.737,2390596,6114704,0,8505300,15109392,182,7070814208,14.04
330.837,2390596,3802512,0,6193108,15109392,182,7070814208,14.04
330.937,2390596,1643920,0,4034516,15109392,182,7070814208,14.04
331.038,2390596,850644,0,3241240,15109392,182,7070814208,14.04
331.138,2390596,850644,0,3241240,15109392,182,7070814208,14.04
331.238,2390596,850644,0,3241240,15109392,182,7070814208,14.04
331.339,2390596,850644,0,3241240,15109392,182,7070814208,14.04
331.439,2390596,850644,0,3241240,15109392,182,7070814208,14.04
331.539,2390596,850644,0,3241240,15109392,182,7070814208,14.04
331.640,2390596,850644,0,3241240,15109392,182,7070814208,14.4
331.740,2390596,850644,0,3241240,15109392,182,7070814208,14.4
331.841,2390596,657224,0,3047820,15109392,182,7070814208,14.4
331.941,2390596,734232,0,3124828,15109392,194,7070814208,14.4
332.041,2361424,740640,0,3102064,15109392,194,7070814208,14.4
332.142,2353536,740640,0,3094176,15109392,194,7070814208,14.4
332.243,2353540,779812,0,3133352,15109392,195,7070814208,14.4
332.344,2353540,740640,0,3094180,15109392,195,7070814208,14.4
332.444,2353540,782236,0,3135776,15109392,197,7070814208,14.4
332.545,2353540,820040,0,3173580,15109392,197,7070814208,14.4
332.645,2353540,740688,0,3094228,15109392,197,7070814208,14.4
332.745,2353544,741824,0,3095368,15109392,201,7075332096,14.4
332.846,2353544,742080,0,3095624,15109392,201,7075332096,14.4
332.946,2353544,742848,0,3096392,15109392,201,7075332096,14.4
333.047,2353836,742984,0,3096820,15109392,201,7075332096,14.4
333.147,2353836,743240,0,3097076,15109392,201,7075332096,14.4
333.247,2353836,743432,0,3097268,15109392,201,7075332096,14.4
333.348,2353836,743624,0,3097460,15109392,201,7075332096,14.4
333.448,2353836,745352,0,3099188,15109392,201,7075332096,14.4
333.548,2353836,745864,0,3099700,15109392,201,7075332096,15.59
333.649,2353836,747576,0,3101412,15109392,201,7075332096,15.59
333.749,2353836,748408,0,3102244,15109392,201,7075332096,15.59
333.849,2353836,749576,0,3103412,15109392,201,7075332096,15.59
333.950,2353836,749576,0,3103412,15109392,201,7075332096,15.59
334.050,2353836,750088,0,3103924,15109392,201,7075332096,15.59
334.150,2353836,750088,0,3103924,15109392,201,7075332096,15.59
334.251,2353836,750088,0,3103924,15109392,201,7075332096,15.59
334.351,2353836,750408,0,3104244,15109392,201,7075332096,15.59
334.451,2353836,750408,0,3104244,15109392,201,7075332096,15.59
334.552,2353836,751208,0,3105044,15109392,201,7075332096,15.59
334.652,2353836,751720,0,3105556,15109392,201,7075332096,15.59
334.752,2353836,751720,0,3105556,15109392,201,7075332096,15.59
334.853,2353836,751720,0,3105556,15109392,201,7075332096,15.59
334.953,2353836,751720,0,3105556,15109392,201,7075332096,15.59
335.054,2353836,751720,0,3105556,15109392,201,7075332096,15.59
335.154,2353836,751720,0,3105556,15109392,201,7075332096,15.59
335.254,2353836,751720,0,3105556,15109392,201,7075332096,15.59
335.355,2353836,751720,0,3105556,15109392,201,7075332096,15.59
335.455,2353836,751720,0,3105556,15109392,201,7075332096,14.58
335.555,2353836,751720,0,3105556,15109392,201,7075332096,14.58
335.656,2353836,751720,0,3105556,15109392,201,7075332096,14.58
335.756,2353836,751720,0,3105556,15109392,201,7075332096,14.58
335.857,2353836,751720,0,3105556,15109392,201,7075332096,14.58
335.957,2353836,752232,0,3106068,15109392,201,7075332096,14.58
336.057,2353836,752232,0,3106068,15109392,201,7075332096,14.58
336.158,2353836,752232,0,3106068,15109392,201,7075332096,14.58
336.258,2353836,752232,0,3106068,15109392,201,7075332096,14.58
336.359,2353836,752232,0,3106068,15109392,201,7075332096,14.58
336.459,2353836,752232,0,3106068,15109392,201,7075332096,14.58
336.559,2353836,752232,0,3106068,15109392,201,7075332096,14.58
336.660,2353836,752232,0,3106068,15109392,201,7075332096,14.58
336.760,2353836,752232,0,3106068,15109392,201,7075332096,14.58
336.860,2353836,752232,0,3106068,15109392,201,7075332096,14.58
336.961,2353836,752232,0,3106068,15109392,201,7075332096,14.58
337.061,2353836,752232,0,3106068,15109392,201,7075332096,14.58
337.161,2353836,752232,0,3106068,15109392,201,7075332096,14.58
337.262,2353836,752232,0,3106068,15109392,201,7075332096,14.58
337.362,2353836,752232,0,3106068,15109392,201,7075332096,15.2
337.463,2353836,753160,0,3106996,15109392,201,7075332096,15.2
337.563,2353836,753736,0,3107572,15109392,201,7075332096,15.2
337.663,2353836,757304,0,3111140,15109392,201,7075332096,15.2
337.763,2353836,758040,0,3111876,15109392,201,7075332096,15.2
337.864,2353836,759480,0,3113316,15109392,201,7075332096,15.2
337.964,2353836,760760,0,3114596,15109392,201,7075332096,15.2
338.064,2353836,761784,0,3115620,15109392,201,7075332096,15.2
338.165,2353836,762840,0,3116676,15109392,201,7075332096,15.2
338.265,2353836,763864,0,3117700,15109392,201,7075332096,15.2
338.366,2353836,764248,0,3118084,15109392,201,7075332096,15.2
338.466,2353836,764376,0,3118212,15109392,201,7075332096,15.2
338.566,2353836,764888,0,3118724,15109392,201,7075332096,15.2
338.667,2353836,765736,0,3119572,15109392,201,7075332096,15.2
338.767,2353836,766424,0,3120260,15109392,201,7075332096,15.2
338.867,2353836,766712,0,3120548,15109392,201,7075332096,15.2
338.968,2353836,767848,0,3121684,15109392,201,7075332096,15.2
339.068,2353836,768792,0,3122628,15109392,201,7075332096,15.2
339.169,2353836,771048,0,3124884,15109392,201,7075332096,15.2
339.269,2353836,772536,0,3126372,15109392,201,7075332096,15.2
339.369,2353836,773488,0,3127324,15109392,201,7075332096,16.07
339.470,2353836,773968,0,3127804,15109392,201,7075332096,16.07
339.570,2353836,774608,0,3128444,15109392,201,7075332096,16.07
339.671,2353836,775008,0,3128844,15109392,201,7075332096,16.07
339.771,2353836,776192,0,3130028,15109392,201,7075332096,16.07
339.871,2353836,777216,0,3131052,15109392,201,7075332096,16.07
339.972,2353836,777824,0,3131660,15109392,201,7075332096,16.07
340.072,2353836,779552,0,3133388,15109392,201,7075332096,16.07
340.172,2353836,781760,0,3135596,15109392,201,7075332096,16.07
340.273,2353836,781888,0,3135724,15109392,201,7075332096,16.07
340.373,2353836,783296,0,3137132,15109392,201,7075332096,16.07
340.474,2353836,784608,0,3138444,15109392,201,7075332096,16.07
340.574,2353836,785120,0,3138956,15109392,201,7075332096,16.07
340.674,2353836,785120,0,3138956,15109392,201,7075332096,16.07
340.775,2353836,785120,0,3138956,15109392,201,7075332096,16.07
340.875,2353836,785120,0,3138956,15109392,201,7075332096,16.07
340.975,2353836,785120,0,3138956,15109392,201,7075332096,16.07
341.075,2353836,785120,0,3138956,15109392,201,7075332096,16.07
341.176,2353836,785120,0,3138956,15109392,201,7075332096,16.07
341.276,2353836,785120,0,3138956,15109392,201,7075332096,16.42
341.376,2353836,785120,0,3138956,15109392,201,7075332096,16.42
341.477,2353836,785120,0,3138956,15109392,201,7075332096,16.42
341.577,2353836,785120,0,3138956,15109392,201,7075332096,16.42
341.678,2353836,785120,0,3138956,15109392,201,7075332096,16.42
341.778,2353836,785120,0,3138956,15109392,201,7075332096,16.42
341.878,2353836,785120,0,3138956,15109392,201,7075332096,16.42
341.979,2353836,785120,0,3138956,15109392,201,7075332096,16.42
342.079,2353836,785120,0,3138956,15109392,201,7075332096,16.42
342.180,2353836,785120,0,3138956,15109392,201,7075332096,16.42
342.280,2353836,785120,0,3138956,15109392,201,7075332096,16.42
342.380,2353836,785120,0,3138956,15109392,201,7075332096,16.42
342.481,2353836,785120,0,3138956,15109392,201,7075332096,16.42
342.581,2353836,785120,0,3138956,15109392,201,7075332096,16.42
342.681,2353836,785120,0,3138956,15109392,201,7075332096,16.42
342.782,2353836,785120,0,3138956,15109392,201,7075332096,16.42
342.882,2353836,785120,0,3138956,15109392,201,7075332096,16.42
342.982,2353836,785120,0,3138956,15109392,201,7075332096,16.42
343.083,2353836,785120,0,3138956,15109392,201,7075332096,16.42
343.183,2353836,785120,0,3138956,15109392,201,7075332096,16.42
343.283,2353836,785120,0,3138956,15109392,201,7075332096,13.44
343.384,2353836,785120,0,3138956,15109392,201,7075332096,13.44
343.484,2353836,785120,0,3138956,15109392,201,7075332096,13.44
343.584,2353836,785120,0,3138956,15109392,201,7075332096,13.44
343.685,2353836,785120,0,3138956,15109392,201,7075332096,13.44
343.785,2353836,785120,0,3138956,15109392,201,7075332096,13.44
343.886,2353836,785120,0,3138956,15109392,201,7075332096,13.44
343.986,2353836,785120,0,3138956,15109392,201,7075332096,13.44
344.086,2353836,785120,0,3138956,15109392,201,7075332096,13.44
344.187,2353836,785120,0,3138956,15109392,201,7075332096,13.44
344.287,2353836,785120,0,3138956,15109392,201,7075332096,13.44
344.387,2353836,785120,0,3138956,15109392,201,7075332096,13.44
344.488,2353836,785120,0,3138956,15109392,201,7075332096,13.44
344.588,2353836,785120,0,3138956,15109392,201,7075332096,13.44
344.688,2353836,785120,0,3138956,15109392,201,7075332096,13.44
344.789,2353836,785120,0,3138956,15109392,201,7075332096,13.44
344.889,2353836,785120,0,3138956,15109392,201,7075332096,13.44
344.990,2353836,785120,0,3138956,15109392,201,7075332096,13.44
345.090,2353836,785120,0,3138956,15109392,201,7075332096,13.44
345.190,2353836,785120,0,3138956,15109392,201,7075332096,14.09
345.291,2353836,785120,0,3138956,15109392,201,7075332096,14.09
345.391,2353836,785120,0,3138956,15109392,201,7075332096,14.09
345.491,2353836,785120,0,3138956,15109392,201,7075332096,14.09
345.592,2353836,785120,0,3138956,15109392,201,7075332096,14.09
345.692,2353836,785120,0,3138956,15109392,201,7075332096,14.09
345.793,2353836,785120,0,3138956,15109392,201,7075332096,14.09
345.893,2353836,785120,0,3138956,15109392,201,7075332096,14.09
345.993,2353836,785120,0,3138956,15109392,201,7075332096,14.09
346.094,2353836,785120,0,3138956,15109392,201,7075332096,14.09
346.194,2353836,785120,0,3138956,15109392,201,7075332096,14.09
346.294,2353836,785120,0,3138956,15109392,201,7075332096,14.09
346.395,2353836,785120,0,3138956,15109392,201,7075332096,14.09
346.495,2353836,785120,0,3138956,15109392,201,7075332096,14.09
346.596,2353836,785120,0,3138956,15109392,201,7075332096,14.09
346.696,2353836,785120,0,3138956,15109392,201,7075332096,14.09
346.796,2353836,785120,0,3138956,15109392,201,7075332096,14.09
346.897,2353836,785120,0,3138956,15109392,201,7075332096,14.09
346.997,2353836,785120,0,3138956,15109392,201,7075332096,14.09
347.098,2353836,785120,0,3138956,15109392,201,7075332096,14.09
347.198,2353836,785120,0,3138956,15109392,201,7075332096,14.43
347.298,2353836,785120,0,3138956,15109392,201,7075332096,14.43
347.399,2353836,785120,0,3138956,15109392,201,7075332096,14.43
347.499,2353836,785120,0,3138956,15109392,201,7075332096,14.43
347.600,2353836,785120,0,3138956,15109392,201,7075332096,14.43
347.700,2353836,785120,0,3138956,15109392,201,7075332096,14.43
347.800,2353836,785120,0,3138956,15109392,201,7075332096,14.43
347.901,2353836,785120,0,3138956,15109392,201,7075332096,14.43
348.001,2353836,785120,0,3138956,15109392,201,7075332096,14.43
348.101,2353836,785120,0,3138956,15109392,201,7075332096,14.43
348.202,2353836,785120,0,3138956,15109392,201,7075332096,14.43
348.302,2353836,785120,0,3138956,15109392,201,7075332096,14.43
348.402,2353836,785120,0,3138956,15109392,201,7075332096,14.43
348.503,2353836,785120,0,3138956,15109392,201,7075332096,14.43
348.603,2353836,785120,0,3138956,15109392,201,7075332096,14.43
348.704,2353836,785120,0,3138956,15109392,201,7075332096,14.43
348.804,2353836,785120,0,3138956,15109392,201,7075332096,14.43
348.904,2353836,785120,0,3138956,15109392,201,7075332096,14.43
349.005,2353836,785120,0,3138956,15109392,201,7075332096,14.43
349.105,2353836,785120,0,3138956,15109392,201,7075332096,14.43
349.206,2353836,785120,0,3138956,15109392,201,7075332096,13.99
349.306,2353836,785120,0,3138956,15109392,201,7075332096,13.99
349.406,2353836,785120,0,3138956,15109392,201,7075332096,13.99
349.507,2353836,785120,0,3138956,15109392,201,7075332096,13.99
349.607,2353836,785120,0,3138956,15109392,201,7075332096,13.99
349.708,2353836,785120,0,3138956,15109392,201,7075332096,13.99
349.808,2353836,785120,0,3138956,15109392,201,7075332096,13.99
349.908,2353836,785120,0,3138956,15109392,201,7075332096,13.99
350.009,2353836,785120,0,3138956,15109392,201,7075332096,13.99
350.109,2353836,785120,0,3138956,15109392,201,7075332096,13.99
350.210,2353836,785120,0,3138956,15109392,201,7075332096,13.99
350.310,2353836,785120,0,3138956,15109392,201,7075332096,13.99
350.410,2353836,785120,0,3138956,15109392,201,7075332096,13.99
350.511,2353836,785120,0,3138956,15109392,201,7075332096,13.99
350.611,2353836,785120,0,3138956,15109392,201,7075332096,13.99
350.711,2353836,785120,0,3138956,15109392,201,7075332096,13.99
350.812,2353836,785120,0,3138956,15109392,201,7075332096,13.99
350.912,2353836,785120,0,3138956,15109392,201,7075332096,13.99
351.012,2353836,785120,0,3138956,15109392,201,7075332096,13.99
351.113,2353836,785120,0,3138956,15109392,201,7075332096,14.53
351.213,2353836,785120,0,3138956,15109392,201,7075332096,14.53
351.314,2353836,785120,0,3138956,15109392,201,7075332096,14.53
351.414,2353836,785120,0,3138956,15109392,201,7075332096,14.53
351.514,2353836,785120,0,3138956,15109392,201,7075332096,14.53
351.615,2353836,785120,0,3138956,15109392,201,7075332096,14.53
351.715,2353836,785120,0,3138956,15109392,201,7075332096,14.53
351.815,2353836,785120,0,3138956,15109392,201,7075332096,14.53
351.916,2353836,785120,0,3138956,15109392,201,7075332096,14.53
352.016,2353836,785120,0,3138956,15109392,201,7075332096,14.53
352.116,2353836,785120,0,3138956,15109392,201,7075332096,14.53
352.217,2353836,785120,0,3138956,15109392,201,7075332096,14.53
352.317,2353836,785120,0,3138956,15109392,201,7075332096,14.53
352.418,2353836,785120,0,3138956,15109392,201,7075332096,14.53
352.518,2353836,785120,0,3138956,15109392,201,7075332096,14.53
352.618,2353836,785120,0,3138956,15109392,201,7075332096,14.53
352.719,2454440,785120,0,3239560,15109392,201,7075332096,14.53
352.819,2633364,785120,0,3418484,15109392,201,7075332096,14.53
352.919,2815152,785120,0,3600272,15109392,201,7075332096,14.53
353.020,2996372,785120,0,3781492,15109392,201,7075332096,14.53
353.120,3174644,785120,0,3959764,15109392,201,7075332096,12.44
353.220,3294744,785120,0,4079864,15109392,201,7075332096,12.44
353.321,3294744,785120,0,4079864,15109392,201,7075332096,12.44
353.421,3294744,785120,0,4079864,15109392,201,7075332096,12.44
353.522,3294744,785120,0,4079864,15109392,201,7075332096,12.44
353.622,3294744,785120,0,4079864,15109392,201,7075332096,12.44
353.722,3294744,785120,0,4079864,15109392,201,7075332096,12.44
353.823,3294744,785120,0,4079864,15109392,201,7075332096,12.44
353.923,3294744,785120,0,4079864,15109392,201,7075332096,12.44
354.023,3294744,785120,0,4079864,15109392,201,7075332096,12.44
354.124,3294744,785120,0,4079864,15109392,201,7075332096,12.44
354.224,3294744,785120,0,4079864,15109392,201,7075332096,12.44
354.325,3294744,785120,0,4079864,15109392,201,7075332096,12.44
354.425,3294744,785120,0,4079864,15109392,201,7075332096,12.44
354.525,3294744,785120,0,4079864,15109392,201,7075332096,12.44
354.626,3294744,785120,0,4079864,15109392,201,7075332096,12.44
354.726,3294744,785120,0,4079864,15109392,201,7075332096,12.44
354.826,3294744,785120,0,4079864,15109392,201,7075332096,12.44
354.927,3294744,785120,0,4079864,15109392,201,7075332096,12.44
355.027,3294744,785120,0,4079864,15109392,201,7075332096,13.09
355.128,3294744,785120,0,4079864,15109392,201,7075332096,13.09
355.228,3294744,785120,0,4079864,15109392,201,7075332096,13.09
355.328,3294744,785120,0,4079864,15109392,201,7075332096,13.09
355.429,3294744,785120,0,4079864,15109392,201,7075332096,13.09
355.529,3294744,785120,0,4079864,15109392,201,7075332096,13.09
355.629,3294744,785120,0,4079864,15109392,201,7075332096,13.09
355.730,3294744,785120,0,4079864,15109392,201,7075332096,13.09
355.830,3294744,785120,0,4079864,15109392,201,7075332096,13.09
355.931,3294744,785120,0,4079864,15109392,201,7075332096,13.09
356.031,3294744,785120,0,4079864,15109392,201,7075332096,13.09
356.131,3294744,785120,0,4079864,15109392,201,7075332096,13.09
356.232,3294744,785120,0,4079864,15109392,201,7075332096,13.09
356.332,3294744,785120,0,4079864,15109392,201,7075332096,13.09
356.432,3294744,785120,0,4079864,15109392,201,7075332096,13.09
356.533,3294744,785120,0,4079864,15109392,201,7075332096,13.09
356.633,3294744,785120,0,4079864,15109392,201,7075332096,13.09
356.734,3294744,785120,0,4079864,15109392,201,7075332096,13.09
356.834,3294744,785120,0,4079864,15109392,201,7075332096,13.09
356.934,3294744,785120,0,4079864,15109392,201,7075332096,13.09
357.035,3294744,785120,0,4079864,15109392,201,7075332096,13.8
357.135,3294744,785120,0,4079864,15109392,201,7075332096,13.8
357.235,3294744,785120,0,4079864,15109392,201,7075332096,13.8
357.336,3294744,785120,0,4079864,15109392,201,7075332096,13.8
357.436,3294744,785120,0,4079864,15109392,201,7075332096,13.8
357.537,3294744,785120,0,4079864,15109392,201,7075332096,13.8
357.637,3294744,785120,0,4079864,15109392,201,7075332096,13.8
357.737,3294744,785120,0,4079864,15109392,201,7075332096,13.8
357.838,3294744,785120,0,4079864,15109392,201,7075332096,13.8
357.938,3294744,785120,0,4079864,15109392,201,7075332096,13.8
358.038,3294744,785120,0,4079864,15109392,201,7075332096,13.8
358.139,3294744,785120,0,4079864,15109392,201,7075332096,13.8
358.239,3294744,785120,0,4079864,15109392,201,7075332096,13.8
358.339,3294744,785120,0,4079864,15109392,201,7075332096,13.8
358.440,3294744,785120,0,4079864,15109392,201,7075332096,13.8
358.540,3294744,785120,0,4079864,15109392,201,7075332096,13.8
358.641,3294744,785120,0,4079864,15109392,201,7075332096,13.8
358.741,3294744,785120,0,4079864,15109392,201,7075332096,13.8
358.841,3294744,785120,0,4079864,15109392,201,7075332096,13.8
358.942,3294744,785120,0,4079864,15109392,201,7075332096,11.3
359.042,3294744,785120,0,4079864,15109392,201,7075332096,11.3
359.142,3294744,785120,0,4079864,15109392,201,7075332096,11.3
359.243,3294744,785120,0,4079864,15109392,201,7075332096,11.3
359.343,3294744,785120,0,4079864,15109392,201,7075332096,11.3
359.444,3294744,785120,0,4079864,15109392,201,7075332096,11.3
359.544,3294744,785120,0,4079864,15109392,201,7075332096,11.3
359.644,3294744,785120,0,4079864,15109392,201,7075332096,11.3
359.745,3294744,785120,0,4079864,15109392,201,7075332096,11.3
359.845,3294744,785120,0,4079864,15109392,201,7075332096,11.3
359.945,3294744,785120,0,4079864,15109392,201,7075332096,11.3
360.046,3294744,785120,0,4079864,15109392,201,7075332096,11.3
360.146,3294744,785120,0,4079864,15109392,201,7075332096,11.3
360.247,3294744,785120,0,4079864,15109392,201,7075332096,11.3
360.347,3294744,785120,0,4079864,15109392,201,7075332096,11.3
360.447,3294744,785120,0,4079864,15109392,201,7075332096,11.3
360.548,3294744,785120,0,4079864,15109392,201,7075332096,11.3
360.648,3294744,785120,0,4079864,15109392,201,7075332096,11.3
360.748,3294744,785120,0,4079864,15109392,201,7075332096,11.3
360.849,3294744,785120,0,4079864,15109392,201,7075332096,11.3
360.949,3294744,785120,0,4079864,15109392,201,7075332096,12.33
361.050,3294744,785120,0,4079864,15109392,201,7075332096,12.33
361.150,3294744,785120,0,4079864,15109392,201,7075332096,12.33
361.250,3294744,785120,0,4079864,15109392,201,7075332096,12.33
361.351,3294744,785120,0,4079864,15109392,201,7075332096,12.33
361.451,3294744,785120,0,4079864,15109392,201,7075332096,12.33
361.551,3294744,785120,0,4079864,15109392,201,7075332096,12.33
361.652,3294744,785120,0,4079864,15109392,201,7075332096,12.33
361.752,3294744,785120,0,4079864,15109392,201,7075332096,12.33
361.852,3294744,785120,0,4079864,15109392,201,7075332096,12.33
361.953,3294744,785120,0,4079864,15109392,201,7075332096,12.33
362.053,3294744,785120,0,4079864,15109392,201,7075332096,12.33
362.153,3294744,785120,0,4079864,15109392,201,7075332096,12.33
362.254,3294744,785120,0,4079864,15109392,201,7075332096,12.33
362.354,3294744,785120,0,4079864,15109392,201,7075332096,12.33
362.455,3294744,785120,0,4079864,15109392,201,7075332096,12.33
362.555,3294744,785120,0,4079864,15109392,201,7075332096,12.33
362.655,3294744,785120,0,4079864,15109392,201,7075332096,12.33
362.756,3294744,785120,0,4079864,15109392,201,7075332096,12.33
362.856,3294744,785120,0,4079864,15109392,201,7075332096,12.27
362.956,3294744,785120,0,4079864,15109392,201,7075332096,12.27
363.057,3294744,785120,0,4079864,15109392,201,7075332096,12.27
363.157,3294744,785120,0,4079864,15109392,201,7075332096,12.27
363.257,3294744,785120,0,4079864,15109392,201,7075332096,12.27
363.358,3294744,785120,0,4079864,15109392,201,7075332096,12.27
363.458,3294744,785120,0,4079864,15109392,201,7075332096,12.27
363.558,3294744,785120,0,4079864,15109392,201,7075332096,12.27
363.659,3294744,785120,0,4079864,15109392,201,7075332096,12.27
363.759,3294744,785120,0,4079864,15109392,201,7075332096,12.27
363.859,3294744,785120,0,4079864,15109392,201,7075332096,12.27
363.960,3294744,785120,0,4079864,15109392,201,7075332096,12.27
364.060,3294744,785120,0,4079864,15109392,201,7075332096,12.27
364.160,3294744,785120,0,4079864,15109392,201,7075332096,12.27
364.261,3294744,785120,0,4079864,15109392,201,7075332096,12.27
364.361,3294744,785120,0,4079864,15109392,201,7075332096,12.27
364.462,3294744,785120,0,4079864,15109392,201,7075332096,12.27
364.562,3294744,785120,0,4079864,15109392,201,7075332096,12.27
364.662,3294744,785120,0,4079864,15109392,201,7075332096,12.27
364.763,3294744,785120,0,4079864,15109392,201,7075332096,11.86
364.863,3294744,785120,0,4079864,15109392,201,7075332096,11.86
364.963,3294744,785120,0,4079864,15109392,201,7075332096,11.86
365.064,3294744,785120,0,4079864,15109392,201,7075332096,11.86
365.164,3294744,785120,0,4079864,15109392,201,7075332096,11.86
365.264,3294744,785120,0,4079864,15109392,201,7075332096,11.86
365.365,3294744,785120,0,4079864,15109392,201,7075332096,11.86
365.465,3294744,785120,0,4079864,15109392,201,7075332096,11.86
365.566,3294744,785120,0,4079864,15109392,201,7075332096,11.86
365.666,3294744,785120,0,4079864,15109392,201,7075332096,11.86
365.766,3294744,785120,0,4079864,15109392,201,7075332096,11.86
365.867,3294744,785120,0,4079864,15109392,201,7075332096,11.86
365.967,3294744,785120,0,4079864,15109392,201,7075332096,11.86
366.068,3294744,785120,0,4079864,15109392,201,7075332096,11.86
366.168,3294744,785120,0,4079864,15109392,201,7075332096,11.86
366.268,3294744,785120,0,4079864,15109392,201,7075332096,11.86
366.369,3294744,785120,0,4079864,15109392,201,7075332096,11.86
366.469,3294744,785120,0,4079864,15109392,201,7075332096,11.86
366.569,3294744,785120,0,4079864,15109392,201,7075332096,11.86
366.670,3294744,785120,0,4079864,15109392,201,7075332096,11.86
366.770,3294744,785120,0,4079864,15109392,201,7075332096,11.88
366.870,3294744,785120,0,4079864,15109392,201,7075332096,11.88
366.971,3294744,785120,0,4079864,15109392,201,7075332096,11.88
367.071,3294744,785120,0,4079864,15109392,201,7075332096,11.88
367.172,3294744,785120,0,4079864,15109392,201,7075332096,11.88
367.272,3294744,785120,0,4079864,15109392,201,7075332096,11.88
367.372,3294744,785120,0,4079864,15109392,201,7075332096,11.88
367.473,3294744,785120,0,4079864,15109392,201,7075332096,11.88
367.573,3294744,785120,0,4079864,15109392,201,7075332096,11.88
367.674,3294744,785120,0,4079864,15109392,201,7075332096,11.88
367.774,3294744,785120,0,4079864,15109392,201,7075332096,11.88
367.874,3294744,785120,0,4079864,15109392,201,7075332096,11.88
367.975,3294744,785120,0,4079864,15109392,201,7075332096,11.88
368.075,3294744,785120,0,4079864,15109392,201,7075332096,11.88
368.175,3294744,785120,0,4079864,15109392,201,7075332096,11.88
368.276,3294744,785120,0,4079864,15109392,201,7075332096,11.88
368.376,3294744,785120,0,4079864,15109392,201,7075332096,11.88
368.477,3294744,785120,0,4079864,15109392,201,7075332096,11.88
368.577,3294744,785120,0,4079864,15109392,201,7075332096,11.88
368.677,3294744,785120,0,4079864,15109392,201,7075332096,10.63
368.778,3294744,785120,0,4079864,15109392,201,7075332096,10.63
368.878,3294744,785120,0,4079864,15109392,201,7075332096,10.63
368.978,3294744,785120,0,4079864,15109392,201,7075332096,10.63
369.079,3294744,785120,0,4079864,15109392,201,7075332096,10.63
369.179,3294744,785120,0,4079864,15109392,201,7075332096,10.63
369.280,3294744,785120,0,4079864,15109392,201,7075332096,10.63
369.380,3294744,785120,0,4079864,15109392,201,7075332096,10.63
369.480,3294744,785120,0,4079864,15109392,201,7075332096,10.63
369.581,3294744,785120,0,4079864,15109392,201,7075332096,10.63
369.681,3294744,785120,0,4079864,15109392,201,7075332096,10.63
369.782,3294744,785120,0,4079864,15109392,201,7075332096,10.63
369.882,3294744,785120,0,4079864,15109392,201,7075332096,10.63
369.982,3294744,785120,0,4079864,15109392,201,7075332096,10.63
370.083,3294744,785120,0,4079864,15109392,201,7075332096,10.63
370.183,3294744,785120,0,4079864,15109392,201,7075332096,10.63
370.283,3294744,785120,0,4079864,15109392,201,7075332096,10.63
370.384,3294744,785120,0,4079864,15109392,201,7075332096,10.63
370.484,3294744,785120,0,4079864,15109392,201,7075332096,10.63
370.585,3294744,785120,0,4079864,15109392,201,7075332096,10.63
370.685,3294744,785120,0,4079864,15109392,201,7075332096,11.79
370.785,3294744,785120,0,4079864,15109392,201,7075332096,11.79
370.886,3294744,785120,0,4079864,15109392,201,7075332096,11.79
370.986,3294744,785120,0,4079864,15109392,201,7075332096,11.79
371.086,3294744,785120,0,4079864,15109392,201,7075332096,11.79
371.187,3294744,785120,0,4079864,15109392,201,7075332096,11.79
371.287,3294744,785120,0,4079864,15109392,201,7075332096,11.79
371.388,3294744,785120,0,4079864,15109392,201,7075332096,11.79
371.488,3294744,785120,0,4079864,15109392,201,7075332096,11.79
371.588,3294744,785120,0,4079864,15109392,201,7075332096,11.79
371.689,3294744,785120,0,4079864,15109392,201,7075332096,11.79
371.789,3294744,785120,0,4079864,15109392,201,7075332096,11.79
371.890,3294744,785120,0,4079864,15109392,201,7075332096,11.79
371.990,3294744,785120,0,4079864,15109392,201,7075332096,11.79
372.090,3294744,785120,0,4079864,15109392,201,7075332096,11.79
372.191,3294744,785120,0,4079864,15109392,201,7075332096,11.79
372.291,3294744,785120,0,4079864,15109392,201,7075332096,11.79
372.392,3294744,785120,0,4079864,15109392,201,7075332096,11.79
372.492,3294744,785120,0,4079864,15109392,201,7075332096,11.79
372.592,3294744,785120,0,4079864,15109392,201,7075332096,12.91
372.693,3294744,785120,0,4079864,15109392,201,7075332096,12.91
372.793,3294744,785120,0,4079864,15109392,201,7075332096,12.91
372.893,3294744,785120,0,4079864,15109392,201,7075332096,12.91
372.994,3294744,785120,0,4079864,15109392,201,7075332096,12.91
373.094,3294744,785120,0,4079864,15109392,201,7075332096,12.91
373.195,3294744,785120,0,4079864,15109392,201,7075332096,12.91
373.295,3294744,785120,0,4079864,15109392,201,7075332096,12.91
373.395,3294744,785120,0,4079864,15109392,201,7075332096,12.91
373.496,3294744,785120,0,4079864,15109392,201,7075332096,12.91
373.596,3294744,785120,0,4079864,15109392,201,7075332096,12.91
373.697,3294744,785120,0,4079864,15109392,201,7075332096,12.91
373.797,3294744,785120,0,4079864,15109392,201,7075332096,12.91
373.897,3294744,785120,0,4079864,15109392,201,7075332096,12.91
373.998,3294744,785120,0,4079864,15109392,201,7075332096,12.91
374.098,3294744,785120,0,4079864,15109392,201,7075332096,12.91
374.198,3294744,785120,0,4079864,15109392,201,7075332096,12.91
374.299,3294744,785120,0,4079864,15109392,201,7075332096,12.91
374.399,3294744,785120,0,4079864,15109392,201,7075332096,12.91
374.499,3294744,785120,0,4079864,15109392,201,7075332096,10.57
374.600,3294744,785120,0,4079864,15109392,201,7075332096,10.57
374.700,3294744,785120,0,4079864,15109392,201,7075332096,10.57
374.801,3294744,785120,0,4079864,15109392,201,7075332096,10.57
374.901,3294744,785120,0,4079864,15109392,201,7075332096,10.57
375.001,3294744,785120,0,4079864,15109392,201,7075332096,10.57
375.102,3294744,785120,0,4079864,15109392,201,7075332096,10.57
375.202,3294744,785120,0,4079864,15109392,201,7075332096,10.57
375.302,3294744,785120,0,4079864,15109392,201,7075332096,10.57
375.403,3294744,785120,0,4079864,15109392,201,7075332096,10.57
375.503,3294744,785120,0,4079864,15109392,201,7075332096,10.57
375.603,3294744,785120,0,4079864,15109392,201,7075332096,10.57
375.704,3294744,785120,0,4079864,15109392,201,7075332096,10.57
375.804,3294744,785120,0,4079864,15109392,201,7075332096,10.57
375.905,3294744,785120,0,4079864,15109392,201,7075332096,10.57
376.005,3294744,785120,0,4079864,15109392,201,7075332096,10.57
376.105,3294744,785120,0,4079864,15109392,201,7075332096,10.57
376.206,3294744,785120,0,4079864,15109392,201,7075332096,10.57
376.306,3294744,785120,0,4079864,15109392,201,7075332096,10.57
376.406,3294744,785120,0,4079864,15109392,201,7075332096,10.57
376.507,3294744,785120,0,4079864,15109392,201,7075332096,11.55
376.607,3294744,785120,0,4079864,15109392,201,7075332096,11.55
376.708,3294744,785120,0,4079864,15109392,201,7075332096,11.55
376.808,3294744,785120,0,4079864,15109392,201,7075332096,11.55
376.908,3294744,785120,0,4079864,15109392,201,7075332096,11.55
377.009,3294744,785120,0,4079864,15109392,201,7075332096,11.55
377.109,3294744,785120,0,4079864,15109392,201,7075340288,11.55
377.210,3294744,785120,0,4079864,15109392,201,7075356672,11.55
377.310,3294744,785120,0,4079864,15109392,201,7075381248,11.55
377.410,2955948,785120,0,3741068,15109392,201,7075393536,11.55
377.511,2353836,628692,0,2982528,15109392,201,7075393536,11.55
377.611,2314772,628692,0,2943464,15109392,201,7075393536,11.55
377.711,2314772,628692,0,2943464,15109392,201,7075393536,11.55
377.812,2314772,628692,0,2943464,15109392,201,7075393536,11.55
377.912,2314772,628692,0,2943464,15109392,201,7075393536,11.55
378.012,2314772,628692,0,2943464,15109392,201,7075393536,11.55
378.113,2314772,628692,0,2943464,15109392,201,7075393536,11.55
378.213,2314772,628692,0,2943464,15109392,201,7075393536,11.55
378.313,2314772,628692,0,2943464,15109392,201,7075393536,11.55
378.414,2314772,628692,0,2943464,15109392,201,7075393536,12.0
378.514,2314772,628692,0,2943464,15109392,201,7075393536,12.0
378.614,2314772,628692,0,2943464,15109392,201,7075393536,12.0
378.715,2314772,628692,0,2943464,15109392,201,7075393536,12.0
378.815,2314772,628692,0,2943464,15109392,201,7075393536,12.0
378.915,2314772,628692,0,2943464,15109392,201,7075393536,12.0
379.016,2314772,628692,0,2943464,15109392,201,7075393536,12.0
379.116,2314772,628692,0,2943464,15109392,201,7075393536,12.0
379.216,2314772,628692,0,2943464,15109392,201,7075393536,12.0
379.317,2314772,628692,0,2943464,15109392,201,7075393536,12.0
379.417,1816124,533084,0,2349208,15109392,201,7075393536,12.0
