t,RssAnon,RssFile,RssShmem,VmRSS,VmHWM,majflt,read_bytes,psi_io_full
0.001,12,0,0,12,12,0,16384,20.06
0.102,8836,12472,0,21308,21308,8,89141248,20.06
0.202,8640,12472,0,21112,21432,8,143138816,20.06
0.302,9192,12472,0,21664,21728,8,215842816,20.06
0.402,7112,12472,0,19584,22484,8,291024896,20.06
0.503,128808,12884,0,141692,148544,10,300486656,20.06
0.603,92296,13012,0,105308,182156,10,300486656,20.06
0.704,109664,13076,0,122740,182156,10,300613632,20.06
0.804,115896,13076,0,128972,182156,10,309002240,20.06
0.904,115904,13076,0,128980,182156,10,309002240,20.06
1.005,115908,13076,0,128984,182156,10,309002240,20.06
1.105,115908,13076,0,128984,182156,10,317390848,20.06
1.205,115908,13076,0,128984,182156,10,317390848,20.06
1.306,116380,13076,0,129456,182156,10,317390848,19.32
1.406,116616,13076,0,129692,182156,10,325779456,19.32
1.507,116808,13076,0,129884,182156,10,325779456,19.32
1.607,116808,13076,0,129884,182156,10,325779456,19.32
1.707,116852,13076,0,129928,182156,10,334168064,19.32
1.808,116852,13076,0,129928,182156,10,334168064,19.32
1.908,116852,13076,0,129928,182156,10,334168064,19.32
2.009,116852,13076,0,129928,182156,10,341508096,19.32
2.109,116852,13076,0,129928,182156,10,341508096,19.32
2.209,116852,13076,0,129928,182156,10,341508096,19.32
2.310,116852,13076,0,129928,182156,10,342556672,19.32
2.410,116852,13076,0,129928,182156,10,342556672,19.32
2.510,116852,13076,0,129928,182156,10,342556672,19.32
2.611,116852,13076,0,129928,182156,10,342556672,19.32
2.711,116852,13076,0,129928,182156,10,348848128,19.32
2.812,116852,13076,0,129928,182156,10,348848128,19.32
2.912,116852,13076,0,129928,182156,10,348848128,19.32
3.012,116852,13076,0,129928,182156,10,354091008,19.32
3.113,116852,13076,0,129928,182156,10,354091008,19.32
3.213,116852,13076,0,129928,182156,10,354091008,19.32
3.314,116852,13076,0,129928,182156,10,360382464,15.82
3.414,116852,13076,0,129928,182156,10,360382464,15.82
3.514,116852,13076,0,129928,182156,10,360382464,15.82
3.615,130020,13076,0,143096,182156,10,360382464,15.82
3.715,152348,13076,0,165424,182156,10,360382464,15.82
3.816,173040,13076,0,186116,186116,10,360382464,15.82
3.916,194136,13076,0,207212,207212,10,360382464,15.82
4.016,218288,13076,0,231364,231364,10,360382464,15.82
4.117,241180,13076,0,254256,254256,10,360382464,15.82
4.217,262508,13076,0,275584,275584,10,360382464,15.82
4.317,288368,13076,0,301444,301444,10,360382464,15.82
4.418,310560,13076,0,323636,323636,10,360382464,15.82
4.518,335232,13076,0,348308,348308,10,360382464,15.82
4.618,356868,13076,0,369944,369944,10,360382464,15.82
4.719,378664,13076,0,391740,391740,10,360382464,15.82
4.819,402336,13076,0,415412,415412,10,360382464,15.82
4.920,425244,13076,0,438320,438320,10,360382464,15.82
5.020,446576,13076,0,459652,459652,10,360382464,15.82
5.120,468512,13076,0,481588,481588,10,360382464,15.82
5.221,491472,13076,0,504548,504548,10,360382464,15.67
5.321,513872,13076,0,526948,526948,10,360382464,15.67
5.422,536560,13076,0,549636,549636,10,360382464,15.67
5.522,558712,13076,0,571788,571788,10,360382464,15.67
5.623,581344,13076,0,594420,594420,10,360382464,15.67
5.723,602036,13076,0,615112,615112,10,360382464,15.67
5.823,622824,13076,0,635900,635900,10,360382464,15.67
5.924,646276,13076,0,659352,659352,10,360382464,15.67
6.024,667128,13076,0,680204,680204,10,360382464,15.67
6.124,686308,13076,0,699384,699384,10,360382464,15.67
6.225,707648,13076,0,720724,720724,10,360382464,15.67
6.325,727988,13076,0,741064,741064,10,360382464,15.67
6.426,746060,13076,0,759136,759136,10,360382464,15.67
6.526,767712,13076,0,780788,780788,10,360382464,15.67
6.626,787304,13076,0,800380,800380,10,360382464,15.67
6.727,806036,13076,0,819112,819112,10,360382464,15.67
6.827,825500,13076,0,838576,838576,10,360382464,15.67
6.928,832328,13076,0,845404,845404,10,360382464,15.67
7.028,832328,13076,0,845404,845404,10,360382464,15.67
7.128,743940,13076,0,757016,844980,10,360382464,15.67
7.229,127700,13268,0,140968,844980,10,360706048,13.19
7.329,147956,13268,0,161224,844980,10,360706048,13.19
7.429,172576,13268,0,185844,844980,10,360706048,13.19
7.530,193984,13268,0,207252,844980,10,360706048,13.19
7.630,218336,13268,0,231604,844980,10,360706048,13.19
7.730,239352,13268,0,252620,844980,10,360706048,13.19
7.831,262040,13268,0,275308,844980,10,360706048,13.19
7.931,283996,13268,0,297264,844980,10,360706048,13.19
8.032,306852,13268,0,320120,844980,10,360706048,13.19
8.132,330828,13268,0,344096,844980,10,360706048,13.19
8.232,347936,13268,0,361204,844980,10,360706048,13.19
8.333,362916,13268,0,376184,844980,10,360706048,13.19
8.433,384148,13268,0,397416,844980,10,360706048,13.19
8.533,400152,13268,0,413420,844980,10,360706048,13.19
8.634,420972,13268,0,434240,844980,10,360706048,13.19
8.734,441796,13268,0,455064,844980,10,360706048,13.19
8.835,464152,13268,0,477420,844980,10,360706048,13.19
8.935,486948,13268,0,500216,844980,10,360706048,13.19
9.035,507956,13268,0,521224,844980,10,360706048,13.19
9.136,531996,13268,0,545264,844980,10,360706048,13.88
9.236,551208,13268,0,564476,844980,10,360706048,13.88
9.336,575308,13268,0,588576,844980,10,360706048,13.88
9.437,597624,13268,0,610892,844980,10,360706048,13.88
9.537,616688,13268,0,629956,844980,10,360706048,13.88
9.638,636636,13268,0,649904,844980,10,360706048,13.88
9.738,656632,13268,0,669900,844980,10,360706048,13.88
9.838,675152,13268,0,688420,844980,10,360706048,13.88
9.939,693948,13268,0,707216,844980,10,360706048,13.88
10.039,715356,13268,0,728624,844980,10,360706048,13.88
10.140,736192,13268,0,749460,844980,10,360706048,13.88
10.240,755960,13268,0,769228,844980,10,360706048,13.88
10.340,776668,13268,0,789936,844980,10,360706048,13.88
10.441,795992,13268,0,809260,844980,10,360706048,13.88
10.541,815588,13268,0,828856,844980,10,360706048,13.88
10.642,833020,13268,0,846288,846288,10,360706048,13.88
10.742,971648,13268,0,984916,984916,10,360706048,13.88
10.842,1145036,13268,0,1158304,1158304,10,360706048,13.88
10.943,1319956,13268,0,1333224,1333224,10,360706048,13.88
11.043,1499480,13268,0,1512748,1512748,10,360706048,13.18
11.144,1552044,13268,0,1565312,1565312,10,360706048,13.18
11.247,1552084,13268,0,1565352,1565352,10,360706048,13.18
11.348,1552156,13268,0,1565424,1565424,10,360706048,13.18
11.449,1591000,13268,0,1604268,1604268,10,360706048,13.18
11.549,1696804,13268,0,1710072,1710072,10,360706048,13.18
11.650,1845964,13268,0,1859232,1859232,10,360706048,13.18
11.750,1292668,13268,0,1305936,1963528,10,360706048,13.18
11.851,626048,13268,0,639316,1963528,10,360706048,13.18
11.951,725972,13268,0,739240,1963528,10,360706048,13.18
12.052,756980,37156,0,794136,1963528,12,360706048,13.18
12.152,627852,121860,0,749712,1963528,14,360710144,13.18
12.253,627856,169524,0,797380,1963528,14,360710144,13.18
12.355,627856,169524,0,797380,1963528,14,360710144,13.18
12.455,666480,169524,0,836004,1963528,14,360710144,13.18
12.556,759380,169524,0,928904,1963528,14,360710144,13.18
12.656,823196,169524,0,992720,1963528,14,360710144,13.18
12.758,850868,169524,0,1020392,1963528,14,360710144,13.18
12.858,1014852,169524,0,1184376,1963528,14,360710144,13.18
12.958,1117732,169524,0,1287256,1963528,14,360710144,13.18
13.059,1165004,169524,0,1334528,1963528,14,360710144,11.15
13.159,1179268,169524,0,1348792,1963528,14,360710144,11.15
13.260,1124812,169524,0,1294336,1963528,14,360710144,11.15
13.360,1035476,169524,0,1205000,1963528,14,360710144,11.15
13.460,1035476,169524,0,1205000,1963528,14,360710144,11.15
13.561,1035476,169524,0,1205000,1963528,14,360710144,11.15
13.661,1035476,169524,0,1205000,1963528,14,360710144,11.15
13.761,924952,169652,0,1094604,1963528,14,360710144,11.15
13.862,925196,169652,0,1094848,1963528,14,360710144,11.15
13.962,925264,169652,0,1094916,1963528,14,360710144,11.15
14.063,925284,169652,0,1094936,1963528,14,360710144,11.15
14.163,925296,169652,0,1094948,1963528,14,360710144,11.15
14.263,925304,169652,0,1094956,1963528,14,360710144,11.15
14.364,925340,169652,0,1094992,1963528,14,360710144,11.15
14.464,925356,169652,0,1095008,1963528,14,360710144,11.15
14.564,925372,169652,0,1095024,1963528,14,360710144,11.15
14.665,925404,169652,0,1095056,1963528,14,360710144,11.15
14.765,925420,169652,0,1095072,1963528,14,360710144,11.15
14.865,925448,169652,0,1095100,1963528,14,360710144,11.15
14.966,925472,169652,0,1095124,1963528,14,360710144,10.22
15.066,925504,169652,0,1095156,1963528,14,360710144,10.22
15.166,925516,169652,0,1095168,1963528,14,360710144,10.22
15.267,925520,169652,0,1095172,1963528,14,360710144,10.22
15.367,925520,169652,0,1095172,1963528,14,360710144,10.22
15.468,925524,169652,0,1095176,1963528,14,360710144,10.22
15.568,925528,169652,0,1095180,1963528,14,360710144,10.22
15.668,925528,169652,0,1095180,1963528,14,360710144,10.22
15.769,925528,169652,0,1095180,1963528,14,360710144,10.22
15.869,925528,169652,0,1095180,1963528,14,360710144,10.22
15.969,925528,169652,0,1095180,1963528,14,360710144,10.22
16.070,925528,169652,0,1095180,1963528,14,360710144,10.22
16.170,925528,169652,0,1095180,1963528,14,360710144,10.22
16.270,925528,169652,0,1095180,1963528,14,360710144,10.22
16.371,925528,169652,0,1095180,1963528,14,360710144,10.22
16.471,925528,169652,0,1095180,1963528,14,360710144,10.22
16.571,925528,169652,0,1095180,1963528,14,360710144,10.22
16.672,925528,169652,0,1095180,1963528,14,360710144,10.22
16.772,925528,169652,0,1095180,1963528,14,360710144,10.22
16.872,925528,169652,0,1095180,1963528,14,360710144,10.22
16.973,925536,169652,0,1095188,1963528,14,360710144,10.0
17.073,925544,169652,0,1095196,1963528,14,360710144,10.0
17.173,925748,169652,0,1095400,1963528,14,360710144,10.0
17.274,925812,169652,0,1095464,1963528,14,360710144,10.0
17.374,925812,169652,0,1095464,1963528,14,360710144,10.0
17.474,370984,91524,0,462508,1963528,14,360710144,10.0
17.575,377432,91908,0,469340,1963528,14,360718336,10.0
17.675,405024,91908,0,496932,1963528,14,360718336,10.0
17.775,432060,91908,0,523968,1963528,14,360718336,10.0
17.876,459032,91908,0,550940,1963528,14,360718336,10.0
17.976,486304,91908,0,578212,1963528,14,360718336,10.0
18.077,513104,91908,0,605012,1963528,14,360718336,10.0
18.177,539568,91908,0,631476,1963528,14,360718336,10.0
18.278,553316,92612,0,645928,1963528,14,360718336,10.0
18.378,553316,92612,0,645928,1963528,14,360718336,10.0
18.478,553316,92612,0,645928,1963528,14,360718336,10.0
18.579,553316,92612,0,645928,1963528,14,360718336,10.0
18.679,553316,92612,0,645928,1963528,14,360718336,10.0
18.779,530952,92612,0,623564,1963528,14,360718336,10.0
18.880,417304,96980,0,514284,1963528,33,406958080,11.08
18.980,396656,121732,0,518388,1963528,42,436260864,11.08
19.081,409400,145792,0,555192,1963528,46,453042176,11.08
19.181,445288,178576,0,623864,1963528,46,499179520,11.08
19.281,451380,161728,0,613108,1963528,48,532738048,11.08
19.382,442092,209452,0,651544,1963528,50,566292480,11.08
19.482,419616,142292,0,561908,1963528,51,583077888,11.08
19.582,470080,196368,0,666448,1963528,51,608243712,11.08
19.683,469144,206684,0,675828,1963528,51,653250560,11.08
19.783,448492,250284,0,698776,1963528,52,661643264,11.08
19.884,422688,316700,0,739388,1963528,52,694218752,11.08
19.984,431696,344660,0,776356,1963528,53,719388672,11.08
20.084,431240,398668,0,829908,1963528,54,744554496,11.08
20.185,425856,187220,0,613076,1963528,55,761348096,11.08
20.285,430844,237052,0,667896,1963528,55,790470656,11.08
20.386,454644,283940,0,738584,1963528,55,838078464,11.08
20.486,432744,373472,0,806216,1963528,55,856821760,11.08
20.586,434792,355956,0,790748,1963528,56,869408768,11.08
20.687,434792,355956,0,790748,1963528,56,869408768,11.08
20.787,434792,355956,0,790748,1963528,56,869408768,11.08
20.888,434792,355956,0,790748,1963528,56,869408768,11.97
20.988,434792,355956,0,790748,1963528,56,869408768,11.97
21.088,434792,355956,0,790748,1963528,56,869408768,11.97
21.189,434792,355956,0,790748,1963528,56,869408768,11.97
21.289,434792,355956,0,790748,1963528,56,869408768,11.97
21.389,434792,355956,0,790748,1963528,56,869408768,11.97
21.490,434792,355956,0,790748,1963528,56,869408768,11.97
21.590,434792,355956,0,790748,1963528,56,869408768,11.97
21.690,434792,355956,0,790748,1963528,56,869408768,11.97
21.791,434792,355956,0,790748,1963528,56,869408768,11.97
21.891,434792,355956,0,790748,1963528,56,869408768,11.97
21.991,434792,355956,0,790748,1963528,56,869408768,11.97
22.092,434792,355956,0,790748,1963528,56,869408768,11.97
22.192,434792,355956,0,790748,1963528,56,869408768,11.97
22.292,434792,355956,0,790748,1963528,56,869408768,11.97
22.393,434792,355956,0,790748,1963528,56,869408768,11.97
22.493,434792,355956,0,790748,1963528,56,869408768,11.97
22.593,437828,392112,0,829940,1963528,56,877797376,11.97
22.694,439912,365872,0,805784,1963528,58,909119488,11.97
22.794,482004,397156,0,879160,1963528,58,925896704,23.57
22.895,441960,464800,0,906760,1963528,58,960348160,23.57
22.995,467472,512648,0,980120,1963528,58,985513984,23.57
23.096,445032,589148,0,1034180,1963528,58,1002291200,23.57
23.196,446056,643652,0,1089708,1963528,58,1016569856,23.57
23.296,495292,643652,0,1138944,1963528,58,1069817856,23.57
23.397,520420,893392,0,1413812,1963528,144,1074012160,23.57
23.497,520420,1239620,0,1760040,1963528,160,1074020352,23.57
23.598,520420,1556976,0,2077396,2135312,165,1074036736,23.57
23.698,520420,1923928,0,2444348,2444348,166,1074040832,23.57
23.799,520420,1895492,0,2415912,2601196,167,1074057216,23.57
23.900,520420,2057432,0,2577852,2601196,167,1074057216,23.57
24.000,520420,2192700,0,2713120,2713120,167,1074057216,23.57
24.101,462440,2192700,0,2655140,2712264,167,1107496960,23.57
24.201,517472,2192700,0,2710172,2712264,167,1124274176,23.57
24.302,462440,2192700,0,2655140,2712264,167,1134235648,23.57
24.402,462440,2192700,0,2655140,2712264,167,1151012864,23.57
24.503,505520,2192700,0,2698220,2712264,167,1159401472,23.57
24.603,471972,2192700,0,2664672,2712264,167,1189830656,23.57
24.704,473960,2192700,0,2666660,2712264,167,1223385088,20.39
24.804,462440,2189500,0,2651940,2712264,167,1248550912,20.39
24.904,534500,2189500,0,2724000,2724000,167,1282105344,20.39
25.005,488164,2189500,0,2677664,2723612,167,1319825408,20.39
25.105,456592,2188620,0,2645212,2723612,167,1336602624,20.39
25.205,520988,2188620,0,2709608,2723612,167,1370157056,20.39
25.306,509036,2188620,0,2697656,2723612,167,1400696832,20.39
25.406,490532,2188620,0,2679152,2723612,167,1434251264,20.39
25.506,469796,2188620,0,2658416,2723612,167,1459417088,20.39
25.607,509844,2188620,0,2698464,2723612,167,1501360128,20.39
25.707,517888,2188620,0,2706508,2723612,167,1526525952,20.39
25.808,500064,2188620,0,2688684,2723612,167,1566896128,20.39
25.908,484068,2188620,0,2672688,2723612,167,1600450560,20.39
26.008,469796,2188620,0,2658416,2723612,167,1633873920,20.39
26.109,532136,2192492,0,2724628,2724628,168,1652629504,20.39
26.209,505104,2204412,0,2709516,2735996,169,1715712000,20.39
26.309,497164,2258300,0,2755464,2781096,169,1752428544,20.39
26.410,469796,2321788,0,2791584,2853396,169,1789767680,20.39
26.510,530996,1284956,0,1815952,2870692,170,1814970368,20.39
26.611,516024,1270140,0,1786164,2870692,170,1848524800,20.39
26.711,535812,1260628,0,1796440,2870692,170,1856913408,19.05
27.227,535812,1260628,0,1796440,2870692,170,1856913408,19.05
27.335,535812,1260628,0,1796440,2870692,170,1856913408,19.05
27.443,535812,1260628,0,1796440,2870692,170,1856913408,19.05
27.555,535812,1260628,0,1796440,2870692,170,1856913408,19.05
27.663,535812,1260628,0,1796440,2870692,170,1856913408,19.05
27.775,535812,1260628,0,1796440,2870692,170,1856913408,19.05
27.883,535812,1260628,0,1796440,2870692,170,1856913408,19.05
27.995,535812,1260628,0,1796440,2870692,170,1856913408,19.05
28.103,535812,1260628,0,1796440,2870692,170,1856913408,19.05
28.219,535812,1260628,0,1796440,2870692,170,1856913408,19.05
28.327,535812,1260628,0,1796440,2870692,170,1856913408,19.05
28.443,535812,1260628,0,1796440,2870692,170,1856913408,19.05
28.551,535812,1260628,0,1796440,2870692,170,1856913408,19.05
28.667,469796,1324116,0,1793912,2870692,170,1865302016,29.91
28.767,534712,1334356,0,1869068,2870692,170,1898856448,29.91
28.868,497376,1361716,0,1859092,2870692,172,1928429568,29.91
28.968,469796,1375120,0,1844916,2870692,181,1991704576,29.91
29.068,469796,1436344,0,1906140,2870692,184,2064048128,29.91
29.169,502204,1442316,0,1944520,2870692,185,2082545664,29.91
29.269,497324,1459556,0,1956880,2870692,186,2114002944,29.91
29.369,514268,1426844,0,1941112,2870692,186,2139168768,29.91
29.470,485508,1418040,0,1903548,2870692,186,2155945984,29.91
29.570,530484,1241876,0,1772360,2870692,187,2168094720,29.91
29.671,499096,1224184,0,1723280,2870692,187,2220244992,29.91
29.771,529444,1195036,0,1724480,2870692,206,2388434944,29.91
29.871,529444,1444448,0,1973892,2870692,259,2591584256,29.91
29.972,529444,1833688,0,2363132,2870692,260,2594086912,29.91
30.073,529444,1562888,0,2092332,2870692,263,2594136064,29.91
30.173,529444,1883764,0,2413208,2870692,263,2594136064,29.91
30.274,529444,2226572,0,2756016,2870692,265,2619043840,29.91
30.374,529444,2474664,0,3004108,3004108,270,2619043840,29.91
30.475,529444,2646816,0,3176260,3176260,271,2619043840,29.91
30.575,529444,2771028,0,3300472,3300472,272,2619043840,25.21
30.676,529444,2931564,0,3461008,3461008,273,2619043840,25.21
30.776,529444,2927884,0,3457328,3457328,274,2656792576,25.21
30.877,529444,2942140,0,3471584,3472388,275,2694541312,25.21
30.977,529444,2970692,0,3500136,3507708,276,2776330240,25.21
31.078,529444,2979492,0,3508936,3511676,276,2805690368,25.21
31.178,529444,2974472,0,3503916,3514468,278,2904305664,25.21
31.279,529444,2218980,0,2748424,3516728,281,3019771904,25.21
31.379,529444,2329716,0,2859160,3516728,283,3087286272,25.21
31.480,529444,2389140,0,2918584,3516728,283,3120840704,25.21
31.580,529444,2528512,0,3057956,3516728,283,3183755264,25.21
31.681,475140,2528512,0,3003652,3516728,283,3246784512,25.21
31.781,541084,2528512,0,3069596,3516728,283,3271950336,25.21
31.881,473508,2528512,0,3002020,3516728,283,3290693632,25.21
31.982,540596,2528512,0,3069108,3516728,283,3315859456,25.21
32.082,498884,2528512,0,3027396,3516728,283,3340435456,25.21
32.183,473508,2528512,0,3002020,3516728,283,3362521088,25.21
32.284,516044,2528512,0,3044556,3516728,283,3387686912,25.21
32.384,537704,2528512,0,3066216,3516728,283,3396075520,25.21
32.485,513616,2528512,0,3042128,3516728,283,3424321536,23.18
32.585,538308,2528512,0,3066820,3516728,283,3441098752,23.18
32.686,514800,2528512,0,3043312,3516728,283,3473022976,23.18
32.786,473512,2528512,0,3002024,3516728,283,3508207616,23.18
32.886,473512,2528512,0,3002024,3516728,283,3537223680,23.18
32.987,542264,2528064,0,3070328,3516728,283,3579166720,23.18
33.087,513588,2528128,0,3041716,3516728,283,3600482304,23.18
33.187,522568,2528568,0,3051136,3516728,285,3642802176,23.18
33.288,525924,2528596,0,3054520,3516728,285,3684646912,23.18
33.388,481920,2528628,0,3010548,3516728,285,3710967808,23.18
33.489,473512,2528628,0,3002140,3516728,285,3738943488,23.18
33.589,473512,2528628,0,3002140,3516728,285,3772497920,23.18
33.689,541008,2528628,0,3069636,3516728,285,3806052352,23.18
33.790,504448,2531748,0,3036196,3516728,285,3831218176,23.18
33.890,473512,2537508,0,3011020,3516728,285,3851735040,23.18
33.990,538128,2537508,0,3075636,3516728,285,3918954496,23.18
34.091,473512,2537508,0,3011020,3516728,285,3931537408,23.18
34.191,542752,2537508,0,3080260,3516728,285,3965091840,23.18
34.292,542752,2538724,0,3081476,3516728,285,3965091840,23.18
34.392,484528,2538724,0,3023252,3516728,285,3985657856,23.18
34.493,499688,2538724,0,3038412,3516728,285,3994046464,19.52
34.593,536020,2538724,0,3074744,3516728,285,4010823680,19.52
34.693,473512,2531556,0,3005068,3516728,285,4044378112,19.52
34.794,537720,2473188,0,3010908,3516728,285,4086321152,19.52
34.894,511028,2456804,0,2967832,3516728,285,4111486976,19.52
34.995,504184,2436324,0,2940508,3516728,285,4150743040,19.52
35.095,473512,2399744,0,2873256,3516728,285,4175908864,19.52
35.195,542368,2344664,0,2887032,3516728,285,4209463296,19.52
35.296,522364,2334532,0,2856896,3516728,285,4243017728,19.52
35.396,473512,2363648,0,2837160,3516728,285,4276572160,19.52
35.497,545368,2420996,0,2966364,3516728,285,4301737984,19.52
35.597,526108,2435332,0,2961440,3516728,285,4343672832,19.52
35.697,473512,2508792,0,2982304,3516728,285,4370321408,19.52
35.798,545868,2555956,0,3101824,3516728,285,4395487232,19.52
35.898,519200,2580612,0,3099812,3516728,285,4445442048,19.52
35.999,473512,2652328,0,3125840,3516728,286,4462977024,19.52
36.099,529540,2652328,0,3181868,3516728,286,4488142848,19.52
36.199,473512,2732152,0,3205664,3516728,287,4496543744,19.52
36.300,497712,2732152,0,3229864,3516728,287,4533141504,19.52
36.400,546712,2707980,0,3254692,3516728,287,4558307328,19.61
36.501,525824,2722316,0,3248140,3516728,287,4597563392,19.61
36.601,473512,2700884,0,3174396,3516728,289,4641824768,19.61
36.701,543408,2627156,0,3170564,3516728,289,4679114752,19.61
36.802,547992,2586156,0,3134148,3516728,329,4719742976,19.61
36.904,547992,2673324,0,3221316,3516728,333,4719947776,19.61
37.005,547992,2786768,0,3334760,3516728,342,4720119808,19.61
37.105,547992,2898604,0,3446596,3516728,344,4720123904,19.61
37.206,547992,3023920,0,3571912,3571912,345,4720881664,19.61
37.306,547992,2847416,0,3395408,3574156,347,4735090688,19.61
37.407,547992,2859964,0,3407956,3574156,347,4735279104,19.61
37.507,547992,2857544,0,3405536,3574156,348,4735279104,19.61
37.608,547992,2926372,0,3474364,3574156,348,4735279104,19.61
37.708,547992,2994036,0,3542028,3574156,348,4735279104,19.61
37.808,547992,3070516,0,3618508,3621448,350,4747849728,19.61
37.909,547992,3104176,0,3652168,3654204,351,4748800000,19.61
38.009,547992,3159988,0,3707980,3708668,352,4752801792,19.61
38.110,547992,3203088,0,3751080,3757492,354,4752805888,19.61
38.210,547992,3235592,0,3783584,3788548,354,4755460096,19.61
38.311,547992,3241232,0,3789224,3789288,354,4755460096,19.61
38.411,547992,3222556,0,3770548,3789288,357,4776587264,16.96
38.512,547992,3228360,0,3776352,3789288,357,4839501824,16.96
38.612,547992,3231180,0,3779172,3789288,359,4881567744,16.96
38.712,547992,3231804,0,3779796,3789288,359,4931899392,16.96
38.813,547992,3256980,0,3804972,3804972,360,5015961600,16.96
38.913,547992,3264688,0,3812680,3818696,362,5074755584,16.96
39.014,547992,2236812,0,2784804,3821272,365,5125246976,16.96
39.114,547992,1939256,0,2487248,3821272,368,5198700544,16.96
39.215,547992,2037372,0,2585364,3821272,368,5272100864,16.96
39.315,547992,2113764,0,2661756,3821272,370,5337145344,16.96
39.416,547992,2163792,0,2711784,3821272,389,5512269824,16.96
39.516,475972,2167572,0,2643544,3821272,389,5592305664,16.96
39.617,547980,2121384,0,2669364,3821272,389,5662560256,16.96
39.717,518100,2129896,0,2647996,3821272,389,5749100544,16.96
39.817,473512,2101440,0,2574952,3821272,389,5782429696,16.96
39.918,543448,2084792,0,2628240,3821272,389,5815984128,16.96
40.018,503300,2098524,0,2601824,3821272,389,5853863936,16.96
40.119,474292,2110420,0,2584712,3821272,389,5899300864,16.96
40.219,544868,2108996,0,2653864,3821272,389,5941243904,16.96
40.319,516168,2121796,0,2637964,3821272,389,5981184000,15.16
40.420,474292,2135152,0,2609444,3821272,389,6028361728,15.16
40.520,550708,2143748,0,2694456,3821272,390,6067159040,15.16
40.621,514392,2178564,0,2692956,3821272,390,6125879296,15.16
40.721,474296,2185184,0,2659480,3821272,390,6177554432,15.16
40.821,550392,2188796,0,2739188,3821272,390,6211108864,15.16
40.922,550392,2190488,0,2740880,3821272,391,6212624384,15.16
41.022,474296,2188744,0,2663040,3821272,391,6229401600,15.16
41.123,474296,2188744,0,2663040,3821272,391,6229401600,15.16
41.223,550620,2193368,0,2743988,3821272,391,6254567424,15.16
41.323,510876,2197736,0,2708612,3821272,392,6294462464,15.16
41.424,474296,2200540,0,2674836,3821272,393,6327492608,15.16
41.525,541356,2198144,0,2739500,3821272,393,6371123200,15.16
41.625,474296,2272540,0,2746836,3821272,394,6486003712,15.16
41.726,545892,2265088,0,2810980,3821272,394,6527946752,15.16
41.826,496516,2327184,0,2823700,3821272,394,6628622336,15.16
41.927,549368,2333008,0,2882376,3821272,394,6691536896,15.16
42.027,500404,2364872,0,2865276,3821272,395,6745985024,15.16
42.127,548372,2424388,0,2972760,3821272,395,6840356864,15.16
42.228,502564,2439032,0,2941596,3821272,397,6936993792,15.16
42.328,549744,2517416,0,3067160,3821272,399,7039754240,14.76
42.429,531948,2519452,0,3051400,3821272,399,7081697280,14.76
42.529,419604,2599544,0,3019148,3821272,399,7192412160,14.76
42.629,518024,2599544,0,3117568,3821272,399,7220592640,14.76
42.730,471676,2637640,0,3109316,3821272,400,7298203648,14.76
42.830,549640,2627360,0,3177000,3821272,400,7340146688,14.76
42.931,471972,2663692,0,3135664,3821272,403,7382482944,14.76
43.031,550764,2675920,0,3226684,3821272,403,7432814592,14.76
43.131,522140,2675920,0,3198060,3821272,403,7466369024,14.76
43.232,424276,2687932,0,3112208,3821272,405,7483387904,14.76
43.332,500040,2687932,0,3187972,3821272,405,7516942336,14.76
43.433,433344,2701124,0,3134468,3821272,405,7565627392,14.76
43.533,527200,2701124,0,3228324,3821272,405,7599181824,14.76
43.633,478272,2714760,0,3193032,3821272,405,7641124864,14.76
43.734,461676,2729220,0,3190896,3821272,406,7661232128,14.76
43.834,530648,2729220,0,3259868,3821272,406,7704821760,14.76
43.935,472476,2744904,0,3217380,3821272,410,7764492288,14.76
44.035,551340,2759392,0,3310732,3821272,410,7808212992,14.76
44.136,514040,2759392,0,3273432,3821272,410,7833378816,14.76
44.236,548488,737036,0,1285524,3821272,412,7854428160,13.72
44.336,525768,739852,0,1265620,3821272,412,7899869184,13.72
44.437,473388,739776,0,1213164,3821272,413,7922278400,13.72
44.537,549348,700864,0,1250212,3821272,413,7964221440,13.72
44.637,457616,698944,0,1156560,3821272,413,7984832512,13.72
44.738,535928,670608,0,1206536,3821272,414,8026779648,13.72
44.838,479076,720556,0,1199632,3821272,414,8036888576,13.72
44.938,539516,750404,0,1289920,3821272,414,8078831616,13.72
45.039,482996,792692,0,1275688,3821272,415,8143355904,13.72
45.139,538976,767932,0,1306908,3821272,425,8244887552,13.72
45.240,538976,774008,0,1312984,3821272,478,8534994944,13.72
45.340,538976,818140,0,1357116,3821272,485,8600260608,13.72
45.441,538976,1073932,0,1612908,3821272,509,8652746752,13.72
45.541,538976,1454932,0,1993908,3821272,513,8771878912,13.72
45.641,538976,1629560,0,2168536,3821272,533,8816738304,13.72
45.743,538976,1748684,0,2287660,3821272,555,8843554816,13.72
45.843,538976,1831896,0,2370872,3821272,562,8876781568,13.72
45.944,538976,1877668,0,2416644,3821272,574,8914550784,13.72
46.044,538976,1967836,0,2506812,3821272,579,8967364608,13.72
46.145,538976,1995144,0,2534120,3821272,579,8998506496,15.22
46.245,538976,2080312,0,2619288,3821272,579,8998506496,15.22
46.346,538976,2200308,0,2739284,3821272,581,9016451072,15.22
46.446,538976,2279396,0,2818372,3821272,583,9029296128,15.22
46.546,538976,2384700,0,2923676,3821272,585,9060753408,15.22
46.647,538976,2398684,0,2937660,3821272,586,9087213568,15.22
46.747,538976,2410568,0,2949544,3821272,586,9124831232,15.22
46.848,538976,2449520,0,2988496,3821272,588,9129025536,15.22
46.948,538976,2498740,0,3037716,3821272,589,9137414144,15.22
47.048,538976,2504896,0,3043872,3821272,590,9164677120,15.22
47.149,538976,2545868,0,3084844,3821272,591,9168863232,15.22
47.249,538976,2646896,0,3185872,3821272,593,9187737600,15.22
47.350,538976,2824564,0,3363540,3821272,594,9187745792,15.22
47.450,538976,2903568,0,3442544,3821272,597,9188700160,15.22
47.551,538976,3070000,0,3608976,3821272,599,9188790272,15.22
47.651,538976,3153472,0,3692448,3821272,601,9194430464,15.22
47.751,538976,3274248,0,3813224,3821272,602,9261473792,15.22
47.852,538976,3267180,0,3806156,3821272,602,9362137088,15.22
47.952,538976,3275936,0,3814912,3821272,602,9446023168,15.22
48.053,538976,3276000,0,3814976,3821272,602,9561366528,15.22
48.153,457672,3272160,0,3729832,3821272,603,9608343552,14.45
48.254,540384,3184096,0,3724480,3821272,603,9648975872,14.45
48.354,504940,3184096,0,3689036,3821272,603,9679482880,14.45
48.454,465412,3122656,0,3588068,3821272,603,9717182464,14.45
48.555,546652,3071456,0,3618108,3821272,603,9759125504,14.45
48.655,492124,3070304,0,3562428,3821272,605,9794125824,14.45
48.755,468340,3021664,0,3490004,3821272,605,9827844096,14.45
48.856,534144,3017568,0,3551712,3821272,605,9869787136,14.45
48.956,468340,3017568,0,3485908,3821272,605,9878188032,14.45
49.057,477764,3017568,0,3495332,3821272,605,9887289344,14.45
49.157,551456,2992992,0,3544448,3821272,605,9929232384,14.45
49.258,490920,2991712,0,3482632,3821272,606,9946796032,14.45
49.358,474708,2964448,0,3439156,3821272,608,9981792256,14.45
49.458,529496,2946016,0,3475512,3821272,608,10041737216,14.45
49.559,494856,2919392,0,3414248,3821272,608,10083569664,14.45
49.659,468340,2903008,0,3371348,3821272,608,10118696960,14.45
49.759,538644,2864096,0,3402740,3821272,608,10160640000,14.45
49.860,501764,2842472,0,3344236,3821272,610,10187984896,14.45
49.960,552420,2794480,0,3346900,3821272,612,10243538944,14.45
50.060,512372,2797140,0,3309512,3821272,613,10286022656,13.46
50.161,468340,2785364,0,3253704,3821272,615,10351353856,13.46
50.261,536988,2781268,0,3318256,3821272,615,10389094400,13.46
50.362,468340,2841476,0,3309816,3821272,616,10461433856,13.46
50.462,516380,2839172,0,3355552,3821272,616,10494988288,13.46
50.563,516380,2839172,0,3355552,3821272,616,10494988288,13.46
50.663,555864,2832008,0,3387872,3821272,620,10524352512,13.46
50.763,492440,2832008,0,3324448,3821272,620,10550206464,13.46
50.864,443712,2836096,0,3279808,3821272,622,10618642432,13.46
50.964,510168,2819712,0,3329880,3821272,622,10668888064,13.46
51.065,452212,2798200,0,3250412,3821272,624,10717122560,13.46
51.165,528832,2795448,0,3324280,3821272,624,10750676992,13.46
51.265,463412,2793704,0,3257116,3821272,625,10788696064,13.46
51.366,545156,2766352,0,3311508,3821272,625,10826625024,13.46
51.466,508100,2766360,0,3274460,3821272,626,10860187648,13.46
51.566,463412,2751916,0,3215328,3821272,628,10877902848,13.46
51.667,522328,2748896,0,3271224,3821272,628,10911457280,13.46
51.767,485132,2717416,0,3202548,3821272,628,10945089536,13.46
51.868,546312,2704752,0,3251064,3821272,629,10987048960,13.46
51.968,527352,2693472,0,3220824,3821272,629,11020840960,13.46
52.069,463412,2672640,0,3136052,3821272,632,11051732992,13.74
52.169,540864,2635404,0,3176268,3821272,632,11085287424,13.74
52.270,463412,2633124,0,3096536,3821272,634,11105841152,13.74
52.370,498636,2633124,0,3131760,3821272,634,11105841152,13.74
52.470,463412,2633524,0,3096936,3821272,634,11109216256,13.74
52.571,463412,2610348,0,3073760,3821272,667,11203301376,13.74
52.671,463412,2624608,0,3088020,3821272,674,11215187968,13.74
52.771,463412,2827788,0,3291200,3821272,682,11255529472,13.74
52.872,463412,3086524,0,3549936,3821272,689,11384197120,13.74
52.973,463412,3204052,0,3667464,3821272,690,11442917376,13.74
53.073,463412,3216832,0,3680244,3821272,690,11484860416,13.74
53.174,463412,3202848,0,3666260,3821272,692,11539386368,13.74
53.274,463412,3216624,0,3680036,3821272,694,11631697920,13.74
53.374,463412,3211116,0,3674528,3821272,695,11732389888,13.74
53.475,463412,3226328,0,3689740,3821272,695,11791110144,13.74
53.576,463412,3242996,0,3706408,3821272,696,11841265664,13.74
53.676,463412,3232012,0,3695424,3821272,700,11852972032,13.74
53.776,463412,2924776,0,3388188,3821272,720,11856097280,13.74
53.877,463412,3005872,0,3469284,3821272,722,11858288640,13.74
53.978,463412,3145488,0,3608900,3821272,723,11858288640,13.61
54.078,463412,2869004,0,3332416,3821272,724,11858505728,13.61
54.179,463412,2898840,0,3362252,3821272,728,11858890752,13.61
54.279,463412,3094856,0,3558268,3821272,728,11858890752,13.61
54.380,463412,2973168,0,3436580,3821272,731,11858890752,13.61
54.480,463412,3021204,0,3484616,3821272,732,11858890752,13.61
54.581,463412,3099532,0,3562944,3821272,732,11858890752,13.61
54.681,463412,668060,0,1131472,3821272,733,11859083264,13.61
54.781,414260,630948,0,1045208,3821272,746,11881488384,13.61
54.882,414260,630948,0,1045208,3821272,746,11890925568,13.61
54.982,414260,630948,0,1045208,3821272,746,11907702784,13.61
55.082,424488,630948,0,1055436,3821272,746,11916091392,13.61
55.183,438960,630948,0,1069908,3821272,746,11919904768,13.61
55.283,454512,630976,0,1085488,3821272,746,11921047552,13.61
55.383,489152,631296,0,1120448,3821272,746,11924701184,13.61
55.484,496144,631296,0,1127440,3821272,746,11935907840,13.61
55.584,503144,631296,0,1134440,3821272,746,11935907840,13.61
55.684,509112,631296,0,1140408,3821272,746,11935907840,13.61
55.785,515628,631296,0,1146924,3821272,746,11935907840,13.61
55.885,523048,631416,0,1154464,3821272,749,11943419904,11.32
55.985,526864,631460,0,1158324,3821272,749,11943419904,11.32
56.086,526864,631460,0,1158324,3821272,749,11943419904,11.32
56.186,526864,631460,0,1158324,3821272,749,11943419904,11.32
56.287,527952,631460,0,1159412,3821272,749,11943419904,11.32
56.387,527984,631460,0,1159444,3821272,749,11943419904,11.32
56.487,528072,631460,0,1159532,3821272,749,11943419904,11.32
56.588,528684,631460,0,1160144,3821272,749,11943419904,11.32
56.688,528684,631460,0,1160144,3821272,749,11947614208,11.32
56.789,530212,631460,0,1161672,3821272,749,11947614208,11.32
56.889,532104,631460,0,1163564,3821272,749,11947614208,11.32
56.989,532128,631460,0,1163588,3821272,749,11947614208,11.32
57.090,534308,631460,0,1165768,3821272,749,11947614208,11.32
57.190,535436,631460,0,1166896,3821272,749,11947614208,11.32
57.290,535500,631460,0,1166960,3821272,749,11956002816,11.32
57.391,536564,631460,0,1168024,3821272,749,11956002816,11.32
57.491,538240,631460,0,1169700,3821272,749,11956002816,11.32
57.591,539392,631460,0,1170852,3821272,749,11964391424,11.32
57.692,540372,631460,0,1171832,3821272,749,11964391424,11.32
57.792,540684,631460,0,1172144,3821272,749,11964391424,11.32
57.892,541208,631460,0,1172668,3821272,749,11964391424,12.53
57.993,541564,631460,0,1173024,3821272,749,11964391424,12.53
58.093,541564,631460,0,1173024,3821272,749,11964391424,12.53
58.193,541564,631460,0,1173024,3821272,749,11964391424,12.53
58.294,541564,631460,0,1173024,3821272,749,11964391424,12.53
58.394,541564,631460,0,1173024,3821272,749,11964391424,12.53
58.495,541564,631460,0,1173024,3821272,749,11964391424,12.53
58.595,541564,631460,0,1173024,3821272,749,11972780032,12.53
58.695,541564,631460,0,1173024,3821272,749,11972780032,12.53
58.796,541564,631460,0,1173024,3821272,749,11972780032,12.53
58.896,541612,631460,0,1173072,3821272,749,11972780032,12.53
58.997,541688,631460,0,1173148,3821272,749,11972780032,12.53
59.097,541744,631460,0,1173204,3821272,749,11972780032,12.53
59.197,541744,631460,0,1173204,3821272,749,11972780032,12.53
59.297,541744,631460,0,1173204,3821272,749,11972780032,12.53
59.398,541744,631460,0,1173204,3821272,749,11981168640,12.53
59.498,541744,631460,0,1173204,3821272,749,11981168640,12.53
59.598,541760,631460,0,1173220,3821272,749,11981168640,12.53
59.699,541936,631460,0,1173396,3821272,749,11981168640,12.53
59.799,542128,631460,0,1173588,3821272,749,11981168640,11.17
59.899,542468,631460,0,1173928,3821272,749,11981168640,11.17
60.000,542652,631460,0,1174112,3821272,749,11981168640,11.17
60.100,542992,631460,0,1174452,3821272,749,11989557248,11.17
60.200,544328,631460,0,1175788,3821272,749,11989557248,11.17
60.301,544328,631460,0,1175788,3821272,749,11989557248,11.17
60.401,544328,631460,0,1175788,3821272,749,11989557248,11.17
60.501,544328,631460,0,1175788,3821272,749,11989557248,11.17
60.602,544328,631460,0,1175788,3821272,749,11989557248,11.17
60.702,544328,631460,0,1175788,3821272,749,11989557248,11.17
60.802,544328,631460,0,1175788,3821272,749,11989557248,11.17
60.903,544328,631460,0,1175788,3821272,749,11989557248,11.17
61.003,544328,631460,0,1175788,3821272,749,11997945856,11.17
61.103,544328,631460,0,1175788,3821272,749,11997945856,11.17
61.204,544328,631460,0,1175788,3821272,749,11997945856,11.17
61.304,544328,631460,0,1175788,3821272,749,11997945856,11.17
61.405,544328,631460,0,1175788,3821272,749,11997945856,11.17
61.505,544328,631460,0,1175788,3821272,749,11997945856,11.17
61.605,544724,631460,0,1176184,3821272,749,11997945856,11.17
61.706,544736,631460,0,1176196,3821272,749,11997945856,11.17
61.806,544940,631460,0,1176400,3821272,749,12006334464,11.32
61.906,545060,631460,0,1176520,3821272,749,12006334464,11.32
62.007,545068,631460,0,1176528,3821272,749,12006334464,11.32
62.107,545076,631460,0,1176536,3821272,749,12006334464,11.32
62.208,545092,631460,0,1176552,3821272,749,12006334464,11.32
62.308,545104,631460,0,1176564,3821272,749,12006334464,11.32
62.408,545188,631460,0,1176648,3821272,749,12006334464,11.32
62.509,545188,631460,0,1176648,3821272,749,12006334464,11.32
62.609,545188,631460,0,1176648,3821272,749,12006334464,11.32
62.709,545188,631460,0,1176648,3821272,749,12006334464,11.32
62.810,545188,631460,0,1176648,3821272,749,12014723072,11.32
62.910,545188,631460,0,1176648,3821272,749,12014723072,11.32
63.010,545188,631460,0,1176648,3821272,749,12014723072,11.32
63.110,545188,631460,0,1176648,3821272,749,12014723072,11.32
63.211,545188,631460,0,1176648,3821272,749,12014723072,11.32
63.311,545188,631460,0,1176648,3821272,749,12014723072,11.32
63.412,545188,631460,0,1176648,3821272,749,12014723072,11.32
63.512,545188,631460,0,1176648,3821272,749,12014723072,11.32
63.612,545188,631460,0,1176648,3821272,749,12023111680,11.32
63.713,545188,631460,0,1176648,3821272,749,12023111680,11.8
63.813,545188,631460,0,1176648,3821272,749,12023111680,11.8
63.913,545188,631460,0,1176648,3821272,749,12023111680,11.8
64.014,545208,631460,0,1176668,3821272,749,12023111680,11.8
64.114,545208,631460,0,1176668,3821272,749,12023111680,11.8
64.214,545208,631460,0,1176668,3821272,749,12023111680,11.8
64.315,545208,631460,0,1176668,3821272,749,12023111680,11.8
64.415,545212,631460,0,1176672,3821272,749,12031500288,11.8
64.515,545220,631460,0,1176680,3821272,749,12031500288,11.8
64.616,545220,631460,0,1176680,3821272,749,12031500288,11.8
64.716,545220,631460,0,1176680,3821272,749,12031500288,11.8
64.816,545220,631460,0,1176680,3821272,749,12031500288,11.8
64.917,545220,631460,0,1176680,3821272,749,12031500288,11.8
65.017,545220,631460,0,1176680,3821272,749,12031500288,11.8
65.118,545220,631460,0,1176680,3821272,749,12031500288,11.8
65.218,545220,631460,0,1176680,3821272,749,12039888896,11.8
65.318,545220,631460,0,1176680,3821272,749,12039888896,11.8
65.419,545220,631460,0,1176680,3821272,749,12039888896,11.8
65.519,545220,631460,0,1176680,3821272,749,12039888896,11.8
65.620,545220,631460,0,1176680,3821272,749,12039888896,11.8
65.720,545220,631460,0,1176680,3821272,749,12039888896,9.66
65.820,545220,631460,0,1176680,3821272,749,12039888896,9.66
65.921,545220,631460,0,1176680,3821272,749,12039888896,9.66
66.021,545220,631460,0,1176680,3821272,749,12048277504,9.66
66.122,545280,631460,0,1176740,3821272,749,12048277504,9.66
66.222,545280,631460,0,1176740,3821272,749,12048277504,9.66
66.322,545280,631460,0,1176740,3821272,749,12048277504,9.66
66.423,545280,631460,0,1176740,3821272,749,12048277504,9.66
66.523,545280,631460,0,1176740,3821272,749,12048277504,9.66
66.623,545280,631460,0,1176740,3821272,749,12048277504,9.66
66.724,545280,631460,0,1176740,3821272,749,12056666112,9.66
66.824,545280,631460,0,1176740,3821272,749,12056666112,9.66
66.925,545280,631460,0,1176740,3821272,749,12056666112,9.66
67.025,545280,631460,0,1176740,3821272,749,12056666112,9.66
67.125,545280,631460,0,1176740,3821272,749,12056666112,9.66
67.226,545280,631460,0,1176740,3821272,749,12056666112,9.66
67.326,545280,631460,0,1176740,3821272,749,12056666112,9.66
67.426,545280,631460,0,1176740,3821272,749,12056666112,9.66
67.527,545280,631460,0,1176740,3821272,749,12065054720,9.66
67.627,545280,631460,0,1176740,3821272,749,12065054720,11.53
67.727,545280,631460,0,1176740,3821272,749,12065054720,11.53
67.828,545280,631460,0,1176740,3821272,749,12065054720,11.53
67.928,545280,631460,0,1176740,3821272,749,12065054720,11.53
68.029,545280,631460,0,1176740,3821272,749,12065054720,11.53
68.129,545324,631460,0,1176784,3821272,749,12065054720,11.53
68.229,545376,631460,0,1176836,3821272,749,12065054720,11.53
68.330,545376,631460,0,1176836,3821272,749,12065054720,11.53
68.430,545376,631460,0,1176836,3821272,749,12073443328,11.53
68.530,545376,631460,0,1176836,3821272,749,12073443328,11.53
68.631,545376,631460,0,1176836,3821272,749,12073443328,11.53
68.731,545376,631460,0,1176836,3821272,749,12073443328,11.53
68.831,545376,631460,0,1176836,3821272,749,12073443328,11.53
68.932,545376,631460,0,1176836,3821272,749,12073443328,11.53
69.032,545376,631460,0,1176836,3821272,749,12073443328,11.53
69.133,545376,631460,0,1176836,3821272,749,12073443328,11.53
69.233,545376,631460,0,1176836,3821272,749,12081831936,11.53
69.333,545376,631460,0,1176836,3821272,749,12081831936,11.53
69.434,545376,631460,0,1176836,3821272,749,12081831936,11.53
69.534,545376,631460,0,1176836,3821272,749,12081831936,12.7
69.635,545376,631460,0,1176836,3821272,749,12081831936,12.7
69.735,545376,631460,0,1176836,3821272,749,12081831936,12.7
69.835,545376,631460,0,1176836,3821272,749,12081831936,12.7
69.936,545376,631460,0,1176836,3821272,749,12090220544,12.7
70.036,545376,631460,0,1176836,3821272,749,12090220544,12.7
70.136,545376,631460,0,1176836,3821272,749,12090220544,12.7
70.237,545376,631460,0,1176836,3821272,749,12090220544,12.7
70.337,545376,631460,0,1176836,3821272,749,12090220544,12.7
70.437,545376,631460,0,1176836,3821272,749,12090220544,12.7
70.538,545376,631460,0,1176836,3821272,749,12090220544,12.7
70.638,545376,631460,0,1176836,3821272,749,12090220544,12.7
70.738,545376,631460,0,1176836,3821272,749,12090220544,12.7
70.839,545376,631460,0,1176836,3821272,749,12098609152,12.7
70.939,545376,631460,0,1176836,3821272,749,12098609152,12.7
71.040,545376,631460,0,1176836,3821272,749,12098609152,12.7
71.140,545376,631460,0,1176836,3821272,749,12098609152,12.7
71.240,545376,631460,0,1176836,3821272,749,12098609152,12.7
71.341,545376,631460,0,1176836,3821272,749,12098609152,12.7
71.441,545376,631460,0,1176836,3821272,749,12098609152,12.7
71.541,545376,631460,0,1176836,3821272,749,12098609152,14.39
71.642,545376,631460,0,1176836,3821272,749,12106997760,14.39
71.742,545376,631460,0,1176836,3821272,749,12106997760,14.39
71.842,545376,631460,0,1176836,3821272,749,12106997760,14.39
71.943,545376,631460,0,1176836,3821272,749,12106997760,14.39
72.043,545376,631460,0,1176836,3821272,749,12106997760,14.39
72.143,545376,631460,0,1176836,3821272,749,12106997760,14.39
72.244,545376,631460,0,1176836,3821272,749,12106997760,14.39
72.344,545376,631460,0,1176836,3821272,749,12115386368,14.39
72.444,545376,631460,0,1176836,3821272,749,12115386368,14.39
72.545,545376,631460,0,1176836,3821272,749,12115386368,14.39
72.645,545376,631460,0,1176836,3821272,749,12115386368,14.39
72.746,545376,631460,0,1176836,3821272,749,12115386368,14.39
72.846,545376,631460,0,1176836,3821272,749,12115386368,14.39
72.946,545376,631460,0,1176836,3821272,749,12115386368,14.39
73.047,545376,631460,0,1176836,3821272,749,12115386368,14.39
73.147,545376,631460,0,1176836,3821272,749,12115394560,14.39
73.247,545376,631460,0,1176836,3821272,749,12115394560,14.39
73.348,545376,631460,0,1176836,3821272,749,12115394560,14.39
73.448,545376,631460,0,1176836,3821272,749,12123783168,12.32
73.549,545376,631460,0,1176836,3821272,749,12123783168,12.32
73.649,545376,631460,0,1176836,3821272,749,12123783168,12.32
73.749,545376,631460,0,1176836,3821272,749,12123783168,12.32
73.850,545376,631460,0,1176836,3821272,749,12123783168,12.32
73.950,545376,631460,0,1176836,3821272,749,12123783168,12.32
74.050,545376,631460,0,1176836,3821272,749,12123783168,12.32
74.151,545376,631460,0,1176836,3821272,749,12132171776,12.32
74.251,545376,631460,0,1176836,3821272,749,12132171776,12.32
74.352,545376,631460,0,1176836,3821272,749,12132171776,12.32
74.452,545376,631460,0,1176836,3821272,749,12132171776,12.32
74.552,545376,631460,0,1176836,3821272,749,12132171776,12.32
74.653,545376,631460,0,1176836,3821272,749,12132171776,12.32
74.753,545376,631460,0,1176836,3821272,749,12132171776,12.32
74.854,545376,631460,0,1176836,3821272,749,12132171776,12.32
74.954,545376,631460,0,1176836,3821272,749,12132171776,12.32
75.054,545376,631460,0,1176836,3821272,749,12140560384,12.32
75.155,545376,631460,0,1176836,3821272,749,12140560384,12.32
75.255,545376,631460,0,1176836,3821272,749,12140560384,12.32
75.356,545376,631460,0,1176836,3821272,749,12140560384,12.32
75.456,545376,631460,0,1176836,3821272,749,12140560384,12.99
75.556,545376,631460,0,1176836,3821272,749,12140560384,12.99
75.657,545376,631460,0,1176836,3821272,749,12140560384,12.99
75.757,545376,631460,0,1176836,3821272,749,12140560384,12.99
75.857,545376,631460,0,1176836,3821272,749,12148948992,12.99
75.957,545376,631460,0,1176836,3821272,749,12148948992,12.99
76.058,545376,631460,0,1176836,3821272,749,12148948992,12.99
76.158,545376,631460,0,1176836,3821272,749,12148948992,12.99
76.259,545376,631460,0,1176836,3821272,749,12148948992,12.99
76.359,545376,631460,0,1176836,3821272,749,12148948992,12.99
76.459,545376,631460,0,1176836,3821272,749,12148948992,12.99
76.560,545376,631460,0,1176836,3821272,749,12148948992,12.99
76.660,545376,631460,0,1176836,3821272,749,12157337600,12.99
76.760,545376,631460,0,1176836,3821272,749,12157337600,12.99
76.861,545376,631460,0,1176836,3821272,749,12157337600,12.99
76.961,545376,631460,0,1176836,3821272,749,12157337600,12.99
77.061,545376,631460,0,1176836,3821272,749,12157337600,12.99
77.162,545376,631460,0,1176836,3821272,749,12157337600,12.99
77.262,545376,631460,0,1176836,3821272,749,12165726208,12.99
77.362,545668,631460,0,1177128,3821272,749,12165726208,14.98
77.463,545668,631460,0,1177128,3821272,749,12165726208,14.98
77.563,545668,631460,0,1177128,3821272,749,12165726208,14.98
77.664,545668,631460,0,1177128,3821272,749,12165726208,14.98
77.764,545668,631460,0,1177128,3821272,749,12165726208,14.98
77.864,545668,631460,0,1177128,3821272,749,12165726208,14.98
77.965,545668,631460,0,1177128,3821272,749,12165726208,14.98
78.065,545668,631460,0,1177128,3821272,749,12165726208,14.98
78.165,545668,631460,0,1177128,3821272,749,12174114816,14.98
78.266,545668,631460,0,1177128,3821272,749,12174114816,14.98
78.366,545668,631460,0,1177128,3821272,749,12174114816,14.98
78.466,545668,631460,0,1177128,3821272,749,12174114816,14.98
78.567,545668,631460,0,1177128,3821272,749,12174114816,14.98
78.667,545668,631460,0,1177128,3821272,749,12174114816,14.98
78.768,545668,631460,0,1177128,3821272,749,12174114816,14.98
78.868,545668,631460,0,1177128,3821272,749,12174114816,14.98
78.968,545668,631460,0,1177128,3821272,749,12182503424,14.98
79.069,545668,631460,0,1177128,3821272,749,12182503424,14.98
79.169,545668,631460,0,1177128,3821272,749,12182503424,14.98
79.269,545668,631460,0,1177128,3821272,749,12182503424,14.98
79.370,545668,631460,0,1177128,3821272,749,12182503424,12.27
79.470,545668,631460,0,1177128,3821272,749,12182503424,12.27
79.571,545668,631460,0,1177128,3821272,749,12182503424,12.27
79.671,545668,631460,0,1177128,3821272,749,12182503424,12.27
79.771,545668,631460,0,1177128,3821272,749,12190892032,12.27
79.872,545668,631460,0,1177128,3821272,749,12190892032,12.27
79.972,545668,631460,0,1177128,3821272,749,12190892032,12.27
80.072,545668,631460,0,1177128,3821272,749,12190892032,12.27
80.173,545668,631460,0,1177128,3821272,749,12190892032,12.27
80.273,545668,631460,0,1177128,3821272,749,12190892032,12.27
80.373,545668,631460,0,1177128,3821272,749,12190892032,12.27
80.474,545668,631460,0,1177128,3821272,749,12199280640,12.27
80.574,545668,631460,0,1177128,3821272,749,12199280640,12.27
80.675,545668,631460,0,1177128,3821272,749,12199280640,12.27
80.775,545668,631460,0,1177128,3821272,749,12199280640,12.27
80.875,545668,631460,0,1177128,3821272,749,12199280640,12.27
80.976,545668,631460,0,1177128,3821272,749,12199280640,12.27
81.076,545668,631460,0,1177128,3821272,749,12199280640,12.27
81.177,545668,631460,0,1177128,3821272,749,12199280640,12.27
81.277,545668,631460,0,1177128,3821272,749,12199280640,13.49
81.377,545668,631460,0,1177128,3821272,749,12207669248,13.49
81.478,545668,631460,0,1177128,3821272,749,12207669248,13.49
81.578,545668,631460,0,1177128,3821272,749,12207669248,13.49
81.678,545668,631460,0,1177128,3821272,749,12207669248,13.49
81.779,545668,631460,0,1177128,3821272,749,12207669248,13.49
81.879,545668,631460,0,1177128,3821272,749,12207669248,13.49
81.979,545668,631460,0,1177128,3821272,749,12207669248,13.49
82.080,545668,631460,0,1177128,3821272,749,12216057856,13.49
82.180,545668,631460,0,1177128,3821272,749,12216057856,13.49
82.280,545668,631460,0,1177128,3821272,749,12216057856,13.49
82.381,545668,631460,0,1177128,3821272,749,12216057856,13.49
82.481,545668,631460,0,1177128,3821272,749,12216057856,13.49
82.581,545668,631460,0,1177128,3821272,749,12216057856,13.49
82.682,545668,631460,0,1177128,3821272,749,12216057856,13.49
82.782,545668,631460,0,1177128,3821272,749,12224446464,13.49
82.883,545668,631460,0,1177128,3821272,749,12224446464,13.49
82.983,545668,631460,0,1177128,3821272,749,12224446464,13.49
83.083,545668,631460,0,1177128,3821272,749,12224446464,13.49
83.184,545668,631460,0,1177128,3821272,749,12224446464,13.49
83.284,545668,631460,0,1177128,3821272,749,12224446464,14.12
83.384,545668,631460,0,1177128,3821272,749,12224446464,14.12
83.485,545668,631460,0,1177128,3821272,749,12224446464,14.12
83.585,545668,631460,0,1177128,3821272,749,12232835072,14.12
83.685,545668,631460,0,1177128,3821272,749,12232835072,14.12
83.786,545668,631460,0,1177128,3821272,749,12232835072,14.12
83.886,545668,631460,0,1177128,3821272,749,12232835072,14.12
83.987,545668,631460,0,1177128,3821272,749,12232835072,14.12
84.087,545668,631460,0,1177128,3821272,749,12232835072,14.12
84.187,545668,631460,0,1177128,3821272,749,12232835072,14.12
84.288,545668,631460,0,1177128,3821272,749,12232835072,14.12
84.388,545668,631460,0,1177128,3821272,749,12232835072,14.12
84.489,545668,631460,0,1177128,3821272,749,12241223680,14.12
84.589,545668,631460,0,1177128,3821272,749,12241223680,14.12
84.689,545668,631460,0,1177128,3821272,749,12241223680,14.12
84.790,545668,631460,0,1177128,3821272,749,12241223680,14.12
84.890,545668,631460,0,1177128,3821272,749,12241223680,14.12
84.990,545668,631460,0,1177128,3821272,749,12241223680,14.12
85.091,545668,631460,0,1177128,3821272,749,12241223680,14.12
85.191,545668,631460,0,1177128,3821272,749,12249612288,14.82
85.291,545668,631460,0,1177128,3821272,749,12249612288,14.82
85.392,545668,631460,0,1177128,3821272,749,12249612288,14.82
85.493,545668,631460,0,1177128,3821272,749,12249612288,14.82
85.593,545668,631460,0,1177128,3821272,749,12249612288,14.82
85.693,548180,631460,0,1179640,3821272,749,12249612288,14.82
85.794,549768,631460,0,1181228,3821272,749,12249620480,14.82
85.894,549768,631460,0,1181228,3821272,749,12249620480,14.82
85.995,549768,631460,0,1181228,3821272,749,12249620480,14.82
86.095,549768,631460,0,1181228,3821272,749,12249620480,14.82
86.195,549768,631460,0,1181228,3821272,749,12258009088,14.82
86.296,549768,631460,0,1181228,3821272,749,12258009088,14.82
86.396,549768,631460,0,1181228,3821272,749,12258009088,14.82
86.496,549768,631460,0,1181228,3821272,749,12258009088,14.82
86.597,549768,631460,0,1181228,3821272,749,12258009088,14.82
86.697,549768,631460,0,1181228,3821272,749,12258009088,14.82
86.798,549768,631460,0,1181228,3821272,749,12258009088,14.82
86.898,549768,631460,0,1181228,3821272,749,12266397696,14.82
86.998,549768,631460,0,1181228,3821272,749,12266397696,14.82
87.099,549768,631460,0,1181228,3821272,749,12266397696,12.14
87.199,549768,631460,0,1181228,3821272,749,12266397696,12.14
87.300,549768,631460,0,1181228,3821272,749,12266397696,12.14
87.400,549768,631460,0,1181228,3821272,749,12266397696,12.14
87.500,549768,631460,0,1181228,3821272,749,12266397696,12.14
87.601,549768,631460,0,1181228,3821272,749,12266397696,12.14
87.701,549768,631460,0,1181228,3821272,749,12266397696,12.14
87.801,549768,631460,0,1181228,3821272,749,12274786304,12.14
87.902,549768,631460,0,1181228,3821272,749,12274786304,12.14
88.002,549768,631460,0,1181228,3821272,749,12274790400,12.14
88.103,549768,631460,0,1181228,3821272,749,12274790400,12.14
88.203,549768,631460,0,1181228,3821272,749,12274790400,12.14
88.303,549768,631460,0,1181228,3821272,749,12274790400,12.14
88.404,549768,631460,0,1181228,3821272,749,12274790400,12.14
88.504,549768,631460,0,1181228,3821272,749,12283179008,12.14
88.605,549768,631460,0,1181228,3821272,749,12283179008,12.14
88.705,549768,631460,0,1181228,3821272,749,12283179008,12.14
88.805,549768,631460,0,1181228,3821272,749,12283179008,12.14
88.906,549768,631460,0,1181228,3821272,749,12283179008,12.14
89.006,549768,631460,0,1181228,3821272,749,12283179008,12.14
89.106,549768,631460,0,1181228,3821272,749,12283179008,13.38
89.207,549768,631460,0,1181228,3821272,749,12283179008,13.38
89.307,549768,631460,0,1181228,3821272,749,12291567616,13.38
89.408,549768,631460,0,1181228,3821272,749,12291567616,13.38
89.508,549768,631460,0,1181228,3821272,749,12291567616,13.38
89.608,549768,631460,0,1181228,3821272,749,12291567616,13.38
89.709,549768,631460,0,1181228,3821272,749,12291567616,13.38
89.809,549768,631460,0,1181228,3821272,749,12291567616,13.38
89.910,549768,631460,0,1181228,3821272,749,12291567616,13.38
90.010,549768,631460,0,1181228,3821272,749,12291567616,13.38
90.110,549768,631460,0,1181228,3821272,749,12291567616,13.38
90.211,549768,631460,0,1181228,3821272,749,12291567616,13.38
90.311,549768,631460,0,1181228,3821272,749,12299956224,13.38
90.411,549768,631460,0,1181228,3821272,749,12299956224,13.38
90.512,549768,631460,0,1181228,3821272,749,12299956224,13.38
90.612,549768,631460,0,1181228,3821272,749,12299956224,13.38
90.713,549768,631460,0,1181228,3821272,749,12299956224,13.38
90.813,549768,631460,0,1181228,3821272,749,12299956224,13.38
90.913,549768,631460,0,1181228,3821272,749,12308344832,13.38
91.014,549768,631460,0,1181228,3821272,749,12308344832,10.96
91.114,549768,631460,0,1181228,3821272,749,12308344832,10.96
91.214,549768,631460,0,1181228,3821272,749,12308344832,10.96
91.315,549768,631460,0,1181228,3821272,749,12308344832,10.96
91.415,549768,631460,0,1181228,3821272,749,12308344832,10.96
91.515,549768,631460,0,1181228,3821272,749,12308344832,10.96
91.616,549768,631460,0,1181228,3821272,749,12308344832,10.96
91.716,549768,631460,0,1181228,3821272,749,12316733440,10.96
91.816,549768,631460,0,1181228,3821272,749,12316733440,10.96
91.917,549768,631460,0,1181228,3821272,749,12316733440,10.96
92.017,549768,631460,0,1181228,3821272,749,12316733440,10.96
92.117,549768,631460,0,1181228,3821272,749,12316733440,10.96
92.217,549768,631460,0,1181228,3821272,749,12316733440,10.96
92.318,549768,631460,0,1181228,3821272,749,12316737536,10.96
92.418,549768,631460,0,1181228,3821272,749,12325126144,10.96
92.519,549768,631460,0,1181228,3821272,749,12325126144,10.96
92.619,549768,631460,0,1181228,3821272,749,12325126144,10.96
92.719,549768,631460,0,1181228,3821272,749,12325126144,10.96
92.820,549768,631460,0,1181228,3821272,749,12325126144,10.96
92.920,549768,631460,0,1181228,3821272,749,12325126144,10.96
93.020,549768,631460,0,1181228,3821272,749,12325126144,13.5
93.121,549768,631460,0,1181228,3821272,749,12325126144,13.5
93.221,549768,631460,0,1181228,3821272,749,12333514752,13.5
93.322,549768,631460,0,1181228,3821272,749,12333514752,13.5
93.422,549768,631460,0,1181228,3821272,749,12333514752,13.5
93.522,549768,631460,0,1181228,3821272,749,12333514752,13.5
93.623,549768,631460,0,1181228,3821272,749,12333514752,13.5
93.723,549768,631460,0,1181228,3821272,749,12333514752,13.5
93.823,549768,631460,0,1181228,3821272,749,12333514752,13.5
93.924,549768,631460,0,1181228,3821272,749,12333514752,13.5
94.024,549768,631460,0,1181228,3821272,749,12333514752,13.5
94.124,549768,631460,0,1181228,3821272,749,12341903360,13.5
94.225,549768,631460,0,1181228,3821272,749,12341903360,13.5
94.325,549768,631460,0,1181228,3821272,749,12341903360,13.5
94.426,549768,631460,0,1181228,3821272,749,12341903360,13.5
94.526,549768,631460,0,1181228,3821272,749,12341903360,13.5
94.626,549768,631460,0,1181228,3821272,749,12341903360,13.5
94.727,549768,631460,0,1181228,3821272,749,12341903360,13.5
94.827,549768,631460,0,1181228,3821272,749,12341903360,13.5
94.927,549768,631460,0,1181228,3821272,749,12341903360,11.23
95.028,549768,631460,0,1181228,3821272,749,12350291968,11.23
95.128,549768,631460,0,1181228,3821272,749,12350291968,11.23
95.229,549768,631460,0,1181228,3821272,749,12350291968,11.23
95.329,549768,631460,0,1181228,3821272,749,12350291968,11.23
95.429,549768,631460,0,1181228,3821272,749,12350291968,11.23
95.530,549768,631460,0,1181228,3821272,749,12350291968,11.23
95.630,549768,631460,0,1181228,3821272,749,12350291968,11.23
95.730,549768,631460,0,1181228,3821272,749,12350291968,11.23
95.831,549768,631460,0,1181228,3821272,749,12358680576,11.23
95.931,549768,631460,0,1181228,3821272,749,12358680576,11.23
96.031,549768,631460,0,1181228,3821272,749,12358680576,11.23
96.132,549768,631460,0,1181228,3821272,749,12358680576,11.23
96.232,549768,631460,0,1181228,3821272,749,12358680576,11.23
96.332,549768,631460,0,1181228,3821272,749,12358680576,11.23
96.433,549768,631460,0,1181228,3821272,749,12358680576,11.23
96.533,549768,631460,0,1181228,3821272,749,12367069184,11.23
96.633,549768,631460,0,1181228,3821272,749,12367069184,11.23
96.734,549768,631460,0,1181228,3821272,749,12367069184,11.23
96.834,549768,631460,0,1181228,3821272,749,12367069184,11.23
96.934,549768,631460,0,1181228,3821272,749,12367069184,12.82
97.035,549768,631460,0,1181228,3821272,749,12367069184,12.82
97.135,549768,631460,0,1181228,3821272,749,12367069184,12.82
97.236,549768,631460,0,1181228,3821272,749,12367069184,12.82
97.336,549768,631460,0,1181228,3821272,749,12367069184,12.82
97.436,549768,631460,0,1181228,3821272,749,12367069184,12.82
97.537,549768,631460,0,1181228,3821272,749,12375457792,12.82
97.637,549768,631460,0,1181228,3821272,749,12375457792,12.82
97.738,549768,631460,0,1181228,3821272,749,12375457792,12.82
97.838,549768,631460,0,1181228,3821272,749,12375457792,12.82
97.938,549768,631460,0,1181228,3821272,749,12375457792,12.82
98.038,549768,631460,0,1181228,3821272,749,12375457792,12.82
98.139,549768,631460,0,1181228,3821272,749,12375457792,12.82
98.239,549768,631460,0,1181228,3821272,749,12375457792,12.82
98.339,549768,631460,0,1181228,3821272,749,12383846400,12.82
98.440,549768,631460,0,1181228,3821272,749,12383846400,12.82
98.540,549768,631460,0,1181228,3821272,749,12383846400,12.82
98.640,549768,631460,0,1181228,3821272,749,12383846400,12.82
98.741,549768,631460,0,1181228,3821272,749,12383846400,12.82
98.841,549768,631460,0,1181228,3821272,749,12383846400,14.66
98.941,549768,631460,0,1181228,3821272,749,12383846400,14.66
99.042,549768,631460,0,1181228,3821272,749,12383846400,14.66
99.142,549768,631460,0,1181228,3821272,749,12383846400,14.66
99.243,549768,631460,0,1181228,3821272,749,12392235008,14.66
99.343,549768,631460,0,1181228,3821272,749,12392235008,14.66
99.443,549768,631460,0,1181228,3821272,749,12392235008,14.66
99.544,549768,631460,0,1181228,3821272,749,12392235008,14.66
99.644,549768,631460,0,1181228,3821272,749,12392235008,14.66
99.744,549768,631460,0,1181228,3821272,749,12392235008,14.66
99.845,549768,631460,0,1181228,3821272,749,12392235008,14.66
99.945,549768,631460,0,1181228,3821272,749,12400623616,14.66
100.046,549768,631460,0,1181228,3821272,749,12400623616,14.66
100.146,549768,631460,0,1181228,3821272,749,12400623616,14.66
100.246,549768,631460,0,1181228,3821272,749,12400623616,14.66
100.347,549768,631460,0,1181228,3821272,749,12400623616,14.66
100.447,549768,631460,0,1181228,3821272,749,12400623616,14.66
100.547,549768,631460,0,1181228,3821272,749,12400623616,14.66
100.648,549768,631460,0,1181228,3821272,749,12400623616,14.66
100.748,549768,631460,0,1181228,3821272,749,12400623616,12.01
100.849,549768,631460,0,1181228,3821272,749,12409012224,12.01
100.949,549768,631460,0,1181228,3821272,749,12409012224,12.01
101.049,549768,631460,0,1181228,3821272,749,12409012224,12.01
101.150,549768,631460,0,1181228,3821272,749,12409012224,12.01
101.250,549768,631460,0,1181228,3821272,749,12409012224,12.01
101.350,549768,631460,0,1181228,3821272,749,12409012224,12.01
101.451,549768,631460,0,1181228,3821272,749,12409020416,12.01
101.551,549768,631460,0,1181228,3821272,749,12409020416,12.01
101.652,549768,631460,0,1181228,3821272,749,12409020416,12.01
101.752,549768,631460,0,1181228,3821272,749,12417409024,12.01
101.852,549768,631460,0,1181228,3821272,749,12417409024,12.01
101.953,549768,631460,0,1181228,3821272,749,12417409024,12.01
102.053,549768,631460,0,1181228,3821272,749,12417409024,12.01
102.153,549768,631460,0,1181228,3821272,749,12417409024,12.01
102.254,549768,631460,0,1181228,3821272,749,12417409024,12.01
102.354,549768,631460,0,1181228,3821272,749,12417409024,12.01
102.455,549768,631460,0,1181228,3821272,749,12425797632,12.01
102.555,549768,631460,0,1181228,3821272,749,12425797632,12.01
102.655,549768,631460,0,1181228,3821272,749,12425797632,12.01
102.756,549768,631460,0,1181228,3821272,749,12425797632,13.27
102.856,549768,631460,0,1181228,3821272,749,12425797632,13.27
102.956,549768,631460,0,1181228,3821272,749,12425797632,13.27
103.057,549768,631460,0,1181228,3821272,749,12425797632,13.27
103.157,549768,631460,0,1181228,3821272,749,12425797632,13.27
103.258,549768,631460,0,1181228,3821272,749,12425797632,13.27
103.358,549768,631460,0,1181228,3821272,749,12434186240,13.27
103.458,549768,631460,0,1181228,3821272,749,12434186240,13.27
103.559,549768,631460,0,1181228,3821272,749,12434186240,13.27
103.659,549768,631460,0,1181228,3821272,749,12434186240,13.27
103.760,549768,631460,0,1181228,3821272,749,12434186240,13.27
103.860,549768,631460,0,1181228,3821272,749,12434186240,13.27
103.960,549768,631460,0,1181228,3821272,749,12434186240,13.27
104.061,549768,631460,0,1181228,3821272,749,12434186240,13.27
104.161,549768,631460,0,1181228,3821272,749,12434186240,13.27
104.262,549768,631460,0,1181228,3821272,749,12442574848,13.27
104.362,549768,631460,0,1181228,3821272,749,12442574848,13.27
104.462,549768,631460,0,1181228,3821272,749,12442574848,13.27
104.563,549768,631460,0,1181228,3821272,749,12442574848,13.27
104.663,549768,631460,0,1181228,3821272,749,12442574848,10.87
104.763,549768,631460,0,1181228,3821272,749,12442574848,10.87
104.864,549768,631460,0,1181228,3821272,749,12442574848,10.87
104.964,549768,631460,0,1181228,3821272,749,12442574848,10.87
105.065,549768,631460,0,1181228,3821272,749,12450963456,10.87
105.165,549768,631460,0,1181228,3821272,749,12450963456,10.87
105.265,549768,631460,0,1181228,3821272,749,12450963456,10.87
105.366,549768,631460,0,1181228,3821272,749,12450963456,10.87
105.466,549768,631460,0,1181228,3821272,749,12450963456,10.87
105.566,549768,631460,0,1181228,3821272,749,12450963456,10.87
105.667,549768,631460,0,1181228,3821272,749,12450963456,10.87
105.767,549768,631460,0,1181228,3821272,749,12459352064,10.87
105.868,549768,631460,0,1181228,3821272,749,12459352064,10.87
105.968,549768,631460,0,1181228,3821272,749,12459352064,10.87
106.068,549768,631460,0,1181228,3821272,749,12459352064,10.87
106.169,549768,631460,0,1181228,3821272,749,12459352064,10.87
106.269,549768,631460,0,1181228,3821272,749,12459352064,10.87
106.369,549768,631460,0,1181228,3821272,749,12459352064,10.87
106.470,549768,631460,0,1181228,3821272,749,12459352064,10.87
106.570,549768,631460,0,1181228,3821272,749,12459352064,10.87
106.671,549768,631460,0,1181228,3821272,749,12467740672,12.7
106.771,549768,631460,0,1181228,3821272,749,12467740672,12.7
106.872,549768,631460,0,1181228,3821272,749,12467740672,12.7
106.972,549768,631460,0,1181228,3821272,749,12467740672,12.7
107.072,549768,631460,0,1181228,3821272,749,12467740672,12.7
107.173,549768,631460,0,1181228,3821272,749,12467740672,12.7
107.273,549768,631460,0,1181228,3821272,749,12467740672,12.7
107.373,549768,631460,0,1181228,3821272,749,12476129280,12.7
107.474,549768,631460,0,1181228,3821272,749,12476129280,12.7
107.574,549768,631460,0,1181228,3821272,749,12476129280,12.7
107.674,549768,631460,0,1181228,3821272,749,12476129280,12.7
107.775,549768,631460,0,1181228,3821272,749,12476129280,12.7
107.875,549768,631460,0,1181228,3821272,749,12476129280,12.7
107.975,549768,631460,0,1181228,3821272,749,12476129280,12.7
108.076,549768,631460,0,1181228,3821272,749,12476129280,12.7
108.176,549768,631460,0,1181228,3821272,749,12476129280,12.7
108.277,549768,631460,0,1181228,3821272,749,12484517888,12.7
108.377,549768,631460,0,1181228,3821272,749,12484517888,12.7
108.477,549768,631460,0,1181228,3821272,749,12484517888,12.7
108.578,549768,631460,0,1181228,3821272,749,12484517888,14.93
108.678,549768,631460,0,1181228,3821272,749,12484517888,14.93
108.778,549768,631460,0,1181228,3821272,749,12484517888,14.93
108.879,549768,631460,0,1181228,3821272,749,12484517888,14.93
108.979,549768,631460,0,1181228,3821272,749,12484517888,14.93
109.079,549768,631460,0,1181228,3821272,749,12484517888,14.93
109.180,549768,631460,0,1181228,3821272,749,12492906496,14.93
109.280,549768,631460,0,1181228,3821272,749,12492906496,14.93
109.381,549768,631460,0,1181228,3821272,749,12492906496,14.93
109.481,549768,631460,0,1181228,3821272,749,12492906496,14.93
109.581,549768,631460,0,1181228,3821272,749,12492906496,14.93
109.682,549768,631460,0,1181228,3821272,749,12492906496,14.93
109.782,549768,631460,0,1181228,3821272,749,12492906496,14.93
109.882,549768,631460,0,1181228,3821272,749,12492906496,14.93
109.983,549768,631460,0,1181228,3821272,749,12501295104,14.93
110.083,549768,631460,0,1181228,3821272,749,12501295104,14.93
110.184,549768,631460,0,1181228,3821272,749,12501295104,14.93
110.284,549768,631460,0,1181228,3821272,749,12501295104,14.93
110.384,549768,631460,0,1181228,3821272,749,12501295104,14.93
110.485,549768,631460,0,1181228,3821272,749,12501295104,14.93
110.585,549768,631460,0,1181228,3821272,749,12501295104,12.4
110.685,549768,631460,0,1181228,3821272,749,12501295104,12.4
110.786,549768,631460,0,1181228,3821272,749,12501295104,12.4
110.886,549768,631460,0,1181228,3821272,749,12509683712,12.4
110.986,549768,631460,0,1181228,3821272,749,12509683712,12.4
111.087,549768,631460,0,1181228,3821272,749,12509683712,12.4
111.187,549768,631460,0,1181228,3821272,749,12509683712,12.4
111.287,549768,631460,0,1181228,3821272,749,12509683712,12.4
111.388,549768,631460,0,1181228,3821272,749,12509683712,12.4
111.488,549768,631460,0,1181228,3821272,749,12509683712,12.4
111.588,549768,631460,0,1181228,3821272,749,12509683712,12.4
111.689,549768,631460,0,1181228,3821272,749,12518072320,12.4
111.789,549768,631460,0,1181228,3821272,749,12518072320,12.4
111.889,549768,631460,0,1181228,3821272,749,12518072320,12.4
111.990,549768,631460,0,1181228,3821272,749,12518072320,12.4
112.090,549768,631460,0,1181228,3821272,749,12518072320,12.4
112.190,549768,631460,0,1181228,3821272,749,12518072320,12.4
112.291,549768,631460,0,1181228,3821272,749,12518072320,12.4
112.391,549768,631460,0,1181228,3821272,749,12526460928,12.4
112.491,549768,631460,0,1181228,3821272,749,12526460928,13.96
112.592,549768,631460,0,1181228,3821272,749,12526460928,13.96
112.692,549768,631460,0,1181228,3821272,749,12526460928,13.96
112.792,549768,631460,0,1181228,3821272,749,12526460928,13.96
112.893,549768,631460,0,1181228,3821272,749,12526460928,13.96
112.993,549768,631460,0,1181228,3821272,749,12526460928,13.96
113.093,549768,631460,0,1181228,3821272,749,12526460928,13.96
113.194,549768,631460,0,1181228,3821272,749,12526460928,13.96
113.294,549768,631460,0,1181228,3821272,749,12534849536,13.96
113.395,549768,631460,0,1181228,3821272,749,12534849536,13.96
113.495,549768,631460,0,1181228,3821272,749,12534849536,13.96
113.595,549768,631460,0,1181228,3821272,749,12534849536,13.96
113.696,549768,631460,0,1181228,3821272,749,12534849536,13.96
113.796,549768,631460,0,1181228,3821272,749,12534849536,13.96
113.896,549768,631460,0,1181228,3821272,749,12534849536,13.96
113.997,549768,631460,0,1181228,3821272,749,12534849536,13.96
114.097,549768,631460,0,1181228,3821272,749,12534849536,13.96
114.197,549768,631460,0,1181228,3821272,749,12543238144,13.96
114.298,549768,631460,0,1181228,3821272,749,12543238144,13.96
114.398,549768,631460,0,1181228,3821272,749,12543238144,13.96
114.498,549768,631460,0,1181228,3821272,749,12543238144,12.34
114.598,549768,631460,0,1181228,3821272,749,12543238144,12.34
114.699,549768,631460,0,1181228,3821272,749,12543238144,12.34
114.799,549768,631460,0,1181228,3821272,749,12543238144,12.34
114.899,549768,631460,0,1181228,3821272,749,12543238144,12.34
115.000,549768,631460,0,1181228,3821272,749,12543238144,12.34
115.100,549768,631460,0,1181228,3821272,749,12543238144,12.34
115.200,549768,631460,0,1181228,3821272,749,12551626752,12.34
115.301,549768,631460,0,1181228,3821272,749,12551626752,12.34
115.401,549768,631460,0,1181228,3821272,749,12551626752,12.34
115.501,549768,631460,0,1181228,3821272,749,12551626752,12.34
115.601,549768,631460,0,1181228,3821272,749,12551626752,12.34
115.702,549768,631460,0,1181228,3821272,749,12551626752,12.34
115.802,549768,631460,0,1181228,3821272,749,12551626752,12.34
115.902,549768,631460,0,1181228,3821272,749,12551626752,12.34
116.003,549768,631460,0,1181228,3821272,749,12551626752,12.34
116.103,549768,631460,0,1181228,3821272,749,12551626752,12.34
116.203,549768,631460,0,1181228,3821272,749,12560015360,12.34
116.304,549768,631460,0,1181228,3821272,749,12560015360,12.34
116.404,549768,631460,0,1181228,3821272,749,12560015360,13.72
116.504,549768,631460,0,1181228,3821272,749,12560015360,13.72
116.605,549768,631460,0,1181228,3821272,749,12560015360,13.72
116.705,549768,631460,0,1181228,3821272,749,12560015360,13.72
116.805,549768,631460,0,1181228,3821272,749,12560015360,13.72
116.906,549768,631460,0,1181228,3821272,749,12560015360,13.72
117.006,549768,631460,0,1181228,3821272,749,12568403968,13.72
117.106,549768,631460,0,1181228,3821272,749,12568403968,13.72
117.207,549768,631460,0,1181228,3821272,749,12568403968,13.72
117.307,549768,631460,0,1181228,3821272,749,12568403968,13.72
117.407,549768,631460,0,1181228,3821272,749,12568403968,13.72
117.508,549768,631460,0,1181228,3821272,749,12568403968,13.72
117.608,549768,631460,0,1181228,3821272,749,12568403968,13.72
117.708,549768,631460,0,1181228,3821272,749,12568403968,13.72
117.809,549768,631460,0,1181228,3821272,749,12568403968,13.72
117.909,549768,631460,0,1181228,3821272,749,12568403968,13.72
118.009,549768,631460,0,1181228,3821272,749,12568403968,13.72
118.110,549768,631460,0,1181228,3821272,749,12576792576,13.72
118.210,549768,631460,0,1181228,3821272,749,12576792576,13.72
118.311,549768,631460,0,1181228,3821272,749,12576792576,13.77
118.411,549768,631460,0,1181228,3821272,749,12576792576,13.77
118.511,549768,631460,0,1181228,3821272,749,12576792576,13.77
118.612,549768,631460,0,1181228,3821272,749,12576792576,13.77
118.712,549768,631460,0,1181228,3821272,749,12576792576,13.77
118.812,549768,631460,0,1181228,3821272,749,12585181184,13.77
118.913,549768,631460,0,1181228,3821272,749,12585181184,13.77
119.013,549768,631460,0,1181228,3821272,749,12585181184,13.77
119.113,549768,631460,0,1181228,3821272,749,12585181184,13.77
119.214,549768,631460,0,1181228,3821272,749,12585181184,13.77
119.314,549768,631460,0,1181228,3821272,749,12585181184,13.77
119.414,549768,631460,0,1181228,3821272,749,12585181184,13.77
119.515,549768,631460,0,1181228,3821272,749,12585181184,13.77
119.615,549768,631460,0,1181228,3821272,749,12585181184,13.77
119.715,549768,631460,0,1181228,3821272,749,12593569792,13.77
119.816,549768,631460,0,1181228,3821272,749,12593569792,13.77
119.916,549768,631460,0,1181228,3821272,749,12593569792,13.77
120.016,549768,631460,0,1181228,3821272,749,12593569792,13.77
120.117,549768,631460,0,1181228,3821272,749,12593573888,13.77
120.217,549768,631460,0,1181228,3821272,749,12593573888,13.77
120.317,549768,631460,0,1181228,3821272,749,12593573888,13.45
120.418,549768,631460,0,1181228,3821272,749,12601962496,13.45
120.518,549768,631460,0,1181228,3821272,749,12601962496,13.45
120.618,549768,631460,0,1181228,3821272,749,12601962496,13.45
120.719,549768,631460,0,1181228,3821272,749,12601962496,13.45
120.819,549768,631460,0,1181228,3821272,749,12601962496,13.45
120.919,549768,631460,0,1181228,3821272,749,12601962496,13.45
121.020,549768,631460,0,1181228,3821272,749,12601962496,13.45
121.120,549768,631460,0,1181228,3821272,749,12601962496,13.45
121.220,549768,631460,0,1181228,3821272,749,12601962496,13.45
121.321,549768,631460,0,1181228,3821272,749,12610351104,13.45
121.421,549768,631460,0,1181228,3821272,749,12610351104,13.45
121.521,549768,631460,0,1181228,3821272,749,12610351104,13.45
121.622,549768,631460,0,1181228,3821272,749,12610351104,13.45
121.722,549768,631460,0,1181228,3821272,749,12610351104,13.45
121.822,549768,631460,0,1181228,3821272,749,12610351104,13.45
121.923,549768,631460,0,1181228,3821272,749,12610351104,13.45
122.023,549768,631460,0,1181228,3821272,749,12610351104,13.45
122.124,549768,631460,0,1181228,3821272,749,12610351104,13.45
122.224,549768,631460,0,1181228,3821272,749,12610351104,11.19
122.324,549768,631460,0,1181228,3821272,749,12618739712,11.19
122.425,549768,631460,0,1181228,3821272,749,12618739712,11.19
122.525,549768,631460,0,1181228,3821272,749,12618743808,11.19
122.625,549768,631460,0,1181228,3821272,749,12618743808,11.19
122.726,549768,631460,0,1181228,3821272,749,12618743808,11.19
122.826,549768,631460,0,1181228,3821272,749,12618743808,11.19
122.926,549768,631460,0,1181228,3821272,749,12618743808,11.19
123.027,549768,631460,0,1181228,3821272,749,12618743808,11.19
123.127,549768,631460,0,1181228,3821272,749,12618743808,11.19
123.227,549768,631460,0,1181228,3821272,749,12627132416,11.19
123.328,549768,631460,0,1181228,3821272,749,12627132416,11.19
123.428,549768,631460,0,1181228,3821272,749,12627132416,11.19
123.528,549768,631460,0,1181228,3821272,749,12627132416,11.19
123.629,549768,631460,0,1181228,3821272,749,12627132416,11.19
123.729,549768,631460,0,1181228,3821272,749,12627132416,11.19
123.829,549768,631460,0,1181228,3821272,749,12627132416,11.19
123.930,549768,631460,0,1181228,3821272,749,12627132416,11.19
124.030,549768,631460,0,1181228,3821272,749,12635521024,11.19
124.130,549768,631460,0,1181228,3821272,749,12635521024,11.19
124.231,549768,631460,0,1181228,3821272,749,12635521024,11.16
124.331,549768,631460,0,1181228,3821272,749,12635521024,11.16
124.431,549768,631460,0,1181228,3821272,749,12635521024,11.16
124.532,549768,631460,0,1181228,3821272,749,12635521024,11.16
124.632,549768,631460,0,1181228,3821272,749,12635521024,11.16
124.732,549768,631460,0,1181228,3821272,749,12635521024,11.16
124.833,549768,631460,0,1181228,3821272,749,12635521024,11.16
124.933,549768,631460,0,1181228,3821272,749,12635521024,11.16
125.033,549768,631460,0,1181228,3821272,749,12643909632,11.16
125.134,549768,631460,0,1181228,3821272,749,12643909632,11.16
125.234,549768,631460,0,1181228,3821272,749,12643909632,11.16
125.335,549768,631460,0,1181228,3821272,749,12643909632,11.16
125.435,549768,631460,0,1181228,3821272,749,12643909632,11.16
125.535,549768,631460,0,1181228,3821272,749,12643909632,11.16
125.636,549768,631460,0,1181228,3821272,749,12643909632,11.16
125.736,549768,631460,0,1181228,3821272,749,12643909632,11.16
125.836,549768,631460,0,1181228,3821272,749,12652298240,11.16
125.937,549768,631460,0,1181228,3821272,749,12652298240,11.16
126.037,549768,631460,0,1181228,3821272,749,12652298240,11.16
126.137,549768,631460,0,1181228,3821272,749,12652298240,9.14
126.238,549768,631460,0,1181228,3821272,749,12652298240,9.14
126.338,549768,631460,0,1181228,3821272,749,12652298240,9.14
126.438,549768,631460,0,1181228,3821272,749,12652298240,9.14
126.539,549768,631460,0,1181228,3821272,749,12652298240,9.14
126.639,549768,631460,0,1181228,3821272,749,12652298240,9.14
126.739,549768,631460,0,1181228,3821272,749,12660686848,9.14
126.840,549768,631460,0,1181228,3821272,749,12660686848,9.14
126.940,549768,631460,0,1181228,3821272,749,12660686848,9.14
127.040,549768,631460,0,1181228,3821272,749,12660686848,9.14
127.141,549768,631460,0,1181228,3821272,749,12660686848,9.14
127.241,549768,631460,0,1181228,3821272,749,12660686848,9.14
127.341,549768,631460,0,1181228,3821272,749,12660686848,9.14
127.442,549768,631460,0,1181228,3821272,749,12660686848,9.14
127.542,549768,631460,0,1181228,3821272,749,12669075456,9.14
127.642,549768,631460,0,1181228,3821272,749,12669075456,9.14
127.743,549768,631460,0,1181228,3821272,749,12669075456,9.14
127.843,549768,631460,0,1181228,3821272,749,12669075456,9.14
127.943,549768,631460,0,1181228,3821272,749,12669075456,9.14
128.044,549768,631460,0,1181228,3821272,749,12669075456,9.14
128.144,549768,631460,0,1181228,3821272,749,12669075456,9.29
128.244,549768,631460,0,1181228,3821272,749,12669075456,9.29
128.345,549768,631460,0,1181228,3821272,749,12677464064,9.29
128.445,549768,631460,0,1181228,3821272,749,12677464064,9.29
128.545,549768,631460,0,1181228,3821272,749,12677464064,9.29
128.646,549768,631460,0,1181228,3821272,749,12677464064,9.29
128.746,549768,631460,0,1181228,3821272,749,12677464064,9.29
128.846,549768,631460,0,1181228,3821272,749,12677464064,9.29
128.947,549768,631460,0,1181228,3821272,749,12677464064,9.29
129.047,549768,631460,0,1181228,3821272,749,12677464064,9.29
129.147,549768,631460,0,1181228,3821272,749,12677464064,9.29
129.248,549768,631460,0,1181228,3821272,749,12685852672,9.29
129.348,549768,631460,0,1181228,3821272,749,12685852672,9.29
129.448,549768,631460,0,1181228,3821272,749,12685852672,9.29
129.549,549768,631460,0,1181228,3821272,749,12685852672,9.29
129.649,549768,631460,0,1181228,3821272,749,12685852672,9.29
129.749,549768,631460,0,1181228,3821272,749,12685852672,9.29
129.850,549768,631460,0,1181228,3821272,749,12685852672,9.29
129.950,549768,631460,0,1181228,3821272,749,12685852672,9.29
130.051,549768,631460,0,1181228,3821272,749,12694241280,10.33
130.151,549768,631460,0,1181228,3821272,749,12694241280,10.33
130.251,549768,631460,0,1181228,3821272,749,12694241280,10.33
130.352,549768,631460,0,1181228,3821272,749,12694241280,10.33
130.452,549768,631460,0,1181228,3821272,749,12694241280,10.33
130.552,549768,631460,0,1181228,3821272,749,12694241280,10.33
130.653,549768,631460,0,1181228,3821272,749,12694241280,10.33
130.753,549768,631460,0,1181228,3821272,749,12694241280,10.33
130.853,549768,631460,0,1181228,3821272,749,12694241280,10.33
130.954,549768,631460,0,1181228,3821272,749,12694241280,10.33
131.054,549768,631460,0,1181228,3821272,749,12701966336,10.33
131.154,549768,631460,0,1181228,3821272,749,12701966336,10.33
131.255,549768,631460,0,1181228,3821272,749,12701966336,10.33
131.355,549768,631460,0,1181228,3821272,749,12701966336,10.33
131.455,549768,631460,0,1181228,3821272,749,12701966336,10.33
131.556,549768,631460,0,1181228,3821272,749,12701966336,10.33
131.656,549768,631460,0,1181228,3821272,749,12701966336,10.33
131.756,549768,631460,0,1181228,3821272,749,12701966336,10.33
131.857,549768,631460,0,1181228,3821272,749,12701966336,10.33
131.957,549768,631460,0,1181228,3821272,749,12701966336,9.9
132.057,549768,631460,0,1181228,3821272,749,12701966336,9.9
132.158,549768,631460,0,1181228,3821272,749,12701966336,9.9
132.258,549768,631460,0,1181228,3821272,749,12701966336,9.9
132.358,549768,631460,0,1181228,3821272,749,12701966336,9.9
132.459,549768,631460,0,1181228,3821272,749,12701966336,9.9
132.559,549768,631460,0,1181228,3821272,749,12701966336,9.9
132.659,549768,631460,0,1181228,3821272,749,12701966336,9.9
132.760,549768,631460,0,1181228,3821272,749,12701966336,9.9
132.860,549768,631460,0,1181228,3821272,749,12701966336,9.9
132.961,549768,631716,0,1181484,3821272,749,12701966336,9.9
133.061,573436,631796,0,1205232,3821272,749,12701966336,9.9
133.161,573436,631796,0,1205232,3821272,749,12701966336,9.9
133.262,573436,631796,0,1205232,3821272,749,12701966336,9.9
133.362,573436,631796,0,1205232,3821272,749,12701966336,9.9
133.462,573436,631796,0,1205232,3821272,749,12701966336,9.9
133.563,573436,631796,0,1205232,3821272,749,12701966336,9.9
133.663,607072,631796,0,1238868,3821272,749,12701966336,9.9
133.763,611708,631796,0,1243504,3821272,749,12701966336,9.9
133.864,611708,631796,0,1243504,3821272,749,12701966336,9.9
133.964,611708,631796,0,1243504,3821272,749,12701966336,9.38
134.065,611708,631796,0,1243504,3821272,749,12701966336,9.38
134.165,611708,631796,0,1243504,3821272,749,12701966336,9.38
134.265,647244,631796,0,1279040,3821272,749,12701966336,9.38
134.366,647244,631796,0,1279040,3821272,749,12701966336,9.38
134.466,647244,631796,0,1279040,3821272,749,12701966336,9.38
134.566,647244,631796,0,1279040,3821272,749,12701966336,9.38
134.667,647244,631796,0,1279040,3821272,749,12701966336,9.38
134.767,647244,631796,0,1279040,3821272,749,12701966336,9.38
134.868,647244,631796,0,1279040,3821272,749,12701966336,9.38
134.968,647244,631796,0,1279040,3821272,749,12701966336,9.38
135.068,647244,631796,0,1279040,3821272,749,12701966336,9.38
135.169,647244,631796,0,1279040,3821272,749,12701966336,9.38
135.269,647244,631796,0,1279040,3821272,749,12701966336,9.38
135.369,647244,631796,0,1279040,3821272,749,12701966336,9.38
135.470,647244,631796,0,1279040,3821272,749,12701966336,9.38
135.570,647244,631796,0,1279040,3821272,749,12701966336,9.38
135.670,647244,631796,0,1279040,3821272,749,12701966336,9.38
135.771,647244,631796,0,1279040,3821272,749,12701966336,9.38
135.871,647244,631796,0,1279040,3821272,749,12701966336,9.13
135.972,647244,631796,0,1279040,3821272,749,12701966336,9.13
136.072,647244,631796,0,1279040,3821272,749,12701966336,9.13
136.172,647244,631796,0,1279040,3821272,749,12701966336,9.13
136.273,647244,631796,0,1279040,3821272,749,12701966336,9.13
136.373,647244,631796,0,1279040,3821272,749,12701966336,9.13
136.473,647244,631796,0,1279040,3821272,749,12701966336,9.13
136.574,647244,631796,0,1279040,3821272,749,12701966336,9.13
136.674,647244,631796,0,1279040,3821272,749,12701966336,9.13
136.774,647244,631796,0,1279040,3821272,749,12701966336,9.13
136.875,647244,631796,0,1279040,3821272,749,12701966336,9.13
136.975,647244,631796,0,1279040,3821272,749,12701966336,9.13
137.075,647244,631796,0,1279040,3821272,749,12701966336,9.13
137.176,647244,631796,0,1279040,3821272,749,12701966336,9.13
137.276,647244,631796,0,1279040,3821272,749,12701966336,9.13
137.376,647244,631796,0,1279040,3821272,749,12701966336,9.13
137.477,647244,631796,0,1279040,3821272,749,12701966336,9.13
137.577,647244,631796,0,1279040,3821272,749,12701966336,9.13
137.678,647244,631796,0,1279040,3821272,749,12701966336,9.13
137.778,647244,631796,0,1279040,3821272,749,12701966336,9.13
137.878,647244,631796,0,1279040,3821272,749,12701966336,9.65
137.979,647244,631796,0,1279040,3821272,749,12701966336,9.65
138.079,647244,631796,0,1279040,3821272,749,12701966336,9.65
138.179,647244,631796,0,1279040,3821272,749,12701966336,9.65
138.280,647244,631796,0,1279040,3821272,749,12701966336,9.65
138.380,647244,631796,0,1279040,3821272,749,12701966336,9.65
138.480,647244,631796,0,1279040,3821272,749,12701966336,9.65
138.581,647244,631796,0,1279040,3821272,749,12701966336,9.65
138.681,647244,631796,0,1279040,3821272,749,12701966336,9.65
138.782,647244,631796,0,1279040,3821272,749,12701966336,9.65
138.882,648924,631796,0,1280720,3821272,749,12701966336,9.65
138.982,648924,631796,0,1280720,3821272,749,12701966336,9.65
139.083,648924,631796,0,1280720,3821272,749,12701966336,9.65
139.183,648924,631796,0,1280720,3821272,749,12701966336,9.65
139.283,648924,631796,0,1280720,3821272,749,12701966336,9.65
139.384,648924,631796,0,1280720,3821272,749,12701966336,9.65
139.484,648924,631796,0,1280720,3821272,749,12701966336,9.65
139.584,648924,631796,0,1280720,3821272,749,12701966336,9.65
139.685,648924,631796,0,1280720,3821272,749,12701966336,9.65
139.785,648924,631796,0,1280720,3821272,749,12701966336,9.16
139.885,648924,631796,0,1280720,3821272,749,12701966336,9.16
139.986,648924,631796,0,1280720,3821272,749,12701966336,9.16
140.086,648924,631796,0,1280720,3821272,749,12701966336,9.16
140.187,648924,631796,0,1280720,3821272,749,12701966336,9.16
140.287,648924,631796,0,1280720,3821272,749,12701966336,9.16
140.387,648924,631796,0,1280720,3821272,749,12701966336,9.16
140.488,648924,631796,0,1280720,3821272,749,12701966336,9.16
140.588,648924,631796,0,1280720,3821272,749,12701966336,9.16
140.688,648924,631796,0,1280720,3821272,749,12701966336,9.16
140.789,648924,631796,0,1280720,3821272,749,12701966336,9.16
140.889,648924,631796,0,1280720,3821272,749,12701966336,9.16
140.989,648924,631796,0,1280720,3821272,749,12701966336,9.16
141.090,648924,631796,0,1280720,3821272,749,12701966336,9.16
141.190,648924,631796,0,1280720,3821272,749,12701966336,9.16
141.291,648924,631796,0,1280720,3821272,749,12701966336,9.16
141.391,648924,631796,0,1280720,3821272,749,12701966336,9.16
141.491,648924,631796,0,1280720,3821272,749,12701966336,9.16
141.592,648924,631796,0,1280720,3821272,749,12701966336,9.16
141.692,648924,631796,0,1280720,3821272,749,12701966336,9.16
141.792,648924,631796,0,1280720,3821272,749,12701966336,9.5
141.893,648924,631796,0,1280720,3821272,749,12701966336,9.5
141.993,648924,631796,0,1280720,3821272,749,12701966336,9.5
142.093,648924,631796,0,1280720,3821272,749,12701966336,9.5
142.194,648924,631796,0,1280720,3821272,749,12701966336,9.5
142.294,648924,631796,0,1280720,3821272,749,12701966336,9.5
142.394,648924,631796,0,1280720,3821272,749,12701966336,9.5
142.495,648924,631796,0,1280720,3821272,749,12701966336,9.5
142.595,648924,631796,0,1280720,3821272,749,12701966336,9.5
142.696,648924,631796,0,1280720,3821272,749,12701966336,9.5
142.796,648924,631796,0,1280720,3821272,749,12701966336,9.5
142.896,648924,631796,0,1280720,3821272,749,12701966336,9.5
142.997,648924,631796,0,1280720,3821272,749,12701966336,9.5
143.097,648924,631796,0,1280720,3821272,749,12701966336,9.5
143.197,648924,631796,0,1280720,3821272,749,12701966336,9.5
143.298,648924,631796,0,1280720,3821272,749,12701966336,9.5
143.398,648924,631796,0,1280720,3821272,749,12701966336,9.5
143.498,648924,631796,0,1280720,3821272,749,12701966336,9.5
143.599,648924,631796,0,1280720,3821272,749,12701966336,9.5
143.699,648924,631796,0,1280720,3821272,749,12701966336,8.32
143.799,648924,631796,0,1280720,3821272,749,12701966336,8.32
143.900,648924,631796,0,1280720,3821272,749,12701966336,8.32
144.000,648924,631796,0,1280720,3821272,749,12701966336,8.32
144.101,648924,631796,0,1280720,3821272,749,12701966336,8.32
144.201,648924,631796,0,1280720,3821272,749,12701966336,8.32
144.301,648924,631796,0,1280720,3821272,749,12701966336,8.32
144.402,648924,631796,0,1280720,3821272,749,12701966336,8.32
144.502,648924,631796,0,1280720,3821272,749,12701966336,8.32
144.602,648924,631796,0,1280720,3821272,749,12701966336,8.32
144.703,648924,631796,0,1280720,3821272,749,12701966336,8.32
144.803,648924,631796,0,1280720,3821272,749,12701966336,8.32
144.903,648924,631796,0,1280720,3821272,749,12701966336,8.32
145.004,648924,631796,0,1280720,3821272,749,12701966336,8.32
145.104,648924,631796,0,1280720,3821272,749,12701966336,8.32
145.204,648924,631796,0,1280720,3821272,749,12701966336,8.32
145.305,648924,631796,0,1280720,3821272,749,12701966336,8.32
145.405,648924,631796,0,1280720,3821272,749,12701966336,8.32
145.506,648924,631796,0,1280720,3821272,749,12701966336,8.32
145.606,648924,631796,0,1280720,3821272,749,12701966336,8.32
145.706,648924,631796,0,1280720,3821272,749,12701966336,8.08
145.807,648924,631796,0,1280720,3821272,749,12701966336,8.08
145.907,648924,631796,0,1280720,3821272,749,12701966336,8.08
146.007,648924,631796,0,1280720,3821272,749,12701966336,8.08
146.108,648924,631796,0,1280720,3821272,749,12701966336,8.08
146.208,648924,631796,0,1280720,3821272,749,12701966336,8.08
146.308,648924,631796,0,1280720,3821272,749,12701966336,8.08
146.409,648924,631796,0,1280720,3821272,749,12701966336,8.08
146.509,648924,631796,0,1280720,3821272,749,12701966336,8.08
146.609,648924,631796,0,1280720,3821272,749,12701966336,8.08
146.710,648924,631796,0,1280720,3821272,749,12701966336,8.08
146.810,648924,631796,0,1280720,3821272,749,12701966336,8.08
146.910,648924,631796,0,1280720,3821272,749,12701966336,8.08
147.011,648924,631796,0,1280720,3821272,749,12701966336,8.08
147.111,648924,631796,0,1280720,3821272,749,12701966336,8.08
147.211,648924,631796,0,1280720,3821272,749,12701966336,8.08
147.312,648924,631796,0,1280720,3821272,749,12701966336,8.08
147.412,648924,631796,0,1280720,3821272,749,12701966336,8.08
147.512,648924,631796,0,1280720,3821272,749,12701966336,8.08
147.613,648924,631796,0,1280720,3821272,749,12701966336,8.79
147.713,648924,631796,0,1280720,3821272,749,12701966336,8.79
147.814,648924,631796,0,1280720,3821272,749,12701966336,8.79
147.914,648924,631796,0,1280720,3821272,749,12701966336,8.79
148.014,648924,631796,0,1280720,3821272,749,12701966336,8.79
148.115,648924,631796,0,1280720,3821272,749,12701966336,8.79
148.215,648924,631668,0,1280592,3821272,749,12701966336,8.79
148.316,648924,631556,0,1280480,3821272,749,12701966336,8.79
148.416,648924,631556,0,1280480,3821272,749,12701966336,8.79
148.516,648924,631556,0,1280480,3821272,749,12701966336,8.79
148.617,648924,631556,0,1280480,3821272,749,12701966336,8.79
148.717,648924,631556,0,1280480,3821272,749,12701966336,8.79
148.818,648924,631556,0,1280480,3821272,749,12701966336,8.79
148.918,648924,631556,0,1280480,3821272,749,12701966336,8.79
149.018,648924,631556,0,1280480,3821272,749,12701966336,8.79
149.119,648924,631556,0,1280480,3821272,749,12701966336,8.79
149.219,648924,631556,0,1280480,3821272,749,12701966336,8.79
149.320,648924,631556,0,1280480,3821272,749,12701966336,8.79
149.420,528508,631556,0,1160064,3821272,749,12701970432,8.79
149.520,528508,631556,0,1160064,3821272,749,12701970432,8.79
149.621,528884,631628,0,1160512,3821272,749,12701970432,9.01
149.721,568016,631628,0,1199644,3821272,749,12701970432,9.01
149.821,568016,631628,0,1199644,3821272,749,12701970432,9.01
149.922,622748,631628,0,1254376,3821272,749,12701970432,9.01
150.022,642108,631628,0,1273736,3821272,749,12701970432,9.01
150.122,642108,631628,0,1273736,3821272,749,12701970432,9.01
150.223,642108,631628,0,1273736,3821272,749,12701970432,9.01
150.323,642108,631628,0,1273736,3821272,749,12701970432,9.01
150.424,642108,631628,0,1273736,3821272,749,12701970432,9.01
150.524,642108,631628,0,1273736,3821272,749,12701970432,9.01
150.624,642108,631628,0,1273736,3821272,749,12701970432,9.01
150.725,642108,631628,0,1273736,3821272,749,12701970432,9.01
150.825,642108,631628,0,1273736,3821272,749,12701970432,9.01
150.925,642108,631628,0,1273736,3821272,749,12701970432,9.01
151.026,642108,631628,0,1273736,3821272,749,12701970432,9.01
151.126,642108,631628,0,1273736,3821272,749,12701970432,9.01
151.227,642108,631628,0,1273736,3821272,749,12701970432,9.01
151.327,642108,631628,0,1273736,3821272,749,12701970432,9.01
151.427,642108,631628,0,1273736,3821272,749,12701970432,9.01
151.528,642108,631628,0,1273736,3821272,749,12701970432,7.92
151.628,642108,631628,0,1273736,3821272,749,12701970432,7.92
151.728,642108,631628,0,1273736,3821272,749,12701970432,7.92
151.829,642108,631628,0,1273736,3821272,749,12701970432,7.92
151.929,645404,631628,0,1277032,3821272,749,12701970432,7.92
152.029,645404,631628,0,1277032,3821272,749,12701970432,7.92
152.130,645404,631628,0,1277032,3821272,749,12701970432,7.92
152.230,645404,631628,0,1277032,3821272,749,12701970432,7.92
152.330,645404,631628,0,1277032,3821272,749,12701970432,7.92
152.431,645404,631628,0,1277032,3821272,749,12701970432,7.92
152.531,645404,631628,0,1277032,3821272,749,12701970432,7.92
152.632,645404,631628,0,1277032,3821272,749,12701970432,7.92
152.732,645404,631628,0,1277032,3821272,749,12701970432,7.92
152.832,645404,631628,0,1277032,3821272,749,12701970432,7.92
152.933,645404,631628,0,1277032,3821272,749,12701970432,7.92
153.033,645404,631628,0,1277032,3821272,749,12701970432,7.92
153.134,645404,631628,0,1277032,3821272,749,12701970432,7.92
153.234,645404,631628,0,1277032,3821272,749,12701970432,7.92
153.334,645404,631628,0,1277032,3821272,749,12701970432,7.92
153.435,645404,631628,0,1277032,3821272,749,12701970432,7.92
153.535,645404,631628,0,1277032,3821272,749,12701970432,7.93
153.635,645404,631628,0,1277032,3821272,749,12701970432,7.93
153.736,645404,631628,0,1277032,3821272,749,12701970432,7.93
153.836,645404,631628,0,1277032,3821272,749,12701970432,7.93
153.936,645404,631628,0,1277032,3821272,749,12701970432,7.93
154.037,645404,631628,0,1277032,3821272,749,12701970432,7.93
154.137,645404,631628,0,1277032,3821272,749,12701970432,7.93
154.237,645404,631628,0,1277032,3821272,749,12701970432,7.93
154.338,645404,631628,0,1277032,3821272,749,12701970432,7.93
154.438,645404,631628,0,1277032,3821272,749,12701970432,7.93
154.539,645404,631628,0,1277032,3821272,749,12701970432,7.93
154.639,645404,631628,0,1277032,3821272,749,12701970432,7.93
154.739,645404,631628,0,1277032,3821272,749,12701970432,7.93
154.843,645404,631628,0,1277032,3821272,749,12701970432,7.93
154.943,645404,631628,0,1277032,3821272,749,12701970432,7.93
155.043,645404,631628,0,1277032,3821272,749,12701970432,7.93
155.144,645404,631628,0,1277032,3821272,749,12701970432,7.93
155.244,645404,631628,0,1277032,3821272,749,12701970432,7.93
155.350,645404,631628,0,1277032,3821272,749,12701970432,7.93
155.456,645404,631628,0,1277032,3821272,749,12701970432,6.49
155.556,645404,631628,0,1277032,3821272,749,12701970432,6.49
155.662,645404,631628,0,1277032,3821272,749,12701970432,6.49
155.763,645404,631628,0,1277032,3821272,749,12701970432,6.49
155.863,645404,631628,0,1277032,3821272,749,12701970432,6.49
155.965,645404,631628,0,1277032,3821272,749,12701970432,6.49
156.065,645404,631628,0,1277032,3821272,749,12701970432,6.49
156.165,645404,631628,0,1277032,3821272,749,12701970432,6.49
156.266,645404,631628,0,1277032,3821272,749,12701970432,6.49
156.366,645404,631628,0,1277032,3821272,749,12701970432,6.49
156.466,645404,631628,0,1277032,3821272,749,12701970432,6.49
156.567,645404,631628,0,1277032,3821272,749,12701970432,6.49
156.667,645404,631628,0,1277032,3821272,749,12701970432,6.49
156.768,645404,631628,0,1277032,3821272,749,12701970432,6.49
156.868,645404,631628,0,1277032,3821272,749,12701970432,6.49
156.968,528884,631628,0,1160512,3821272,749,12701970432,6.49
157.069,550768,631756,0,1182524,3821272,749,12701970432,6.49
157.169,570304,631756,0,1202060,3821272,749,12701970432,6.49
157.269,614884,631756,0,1246640,3821272,749,12701970432,6.49
157.370,614884,631756,0,1246640,3821272,749,12701970432,5.32
157.470,614884,631756,0,1246640,3821272,749,12701970432,5.32
157.574,614884,631756,0,1246640,3821272,749,12701970432,5.32
157.675,614884,631756,0,1246640,3821272,749,12701970432,5.32
157.775,634356,631756,0,1266112,3821272,749,12701970432,5.32
157.876,634500,631756,0,1266256,3821272,749,12701970432,5.32
157.976,634548,631756,0,1266304,3821272,749,12701970432,5.32
158.076,658044,631756,0,1289800,3821272,749,12701970432,5.32
158.177,668684,631756,0,1300440,3821272,749,12701970432,5.32
158.279,668684,631756,0,1300440,3821272,749,12701970432,5.32
158.379,677576,631756,0,1309332,3821272,749,12701970432,5.32
158.479,688980,631756,0,1320736,3821272,749,12701970432,5.32
158.582,703808,631756,0,1335564,3821272,749,12701970432,5.32
158.683,705284,631756,0,1337040,3821272,749,12701970432,5.32
158.783,715068,631756,0,1346824,3821272,749,12701970432,5.32
158.895,709104,631756,0,1340860,3821272,749,12701970432,5.32
159.007,736480,631756,0,1368236,3821272,749,12701970432,5.32
159.107,736480,631756,0,1368236,3821272,749,12701970432,5.32
159.207,750732,631756,0,1382488,3821272,749,12701970432,5.32
159.308,784348,631756,0,1416104,3821272,749,12701970432,4.35
159.408,795848,631756,0,1427604,3821272,749,12701970432,4.35
159.508,799632,631756,0,1431388,3821272,749,12701970432,4.35
159.609,814304,631756,0,1446060,3821272,749,12701970432,4.35
159.709,837432,631756,0,1469188,3821272,749,12701970432,4.35
159.809,837432,631756,0,1469188,3821272,749,12701970432,4.35
159.910,852632,631756,0,1484388,3821272,749,12701970432,4.35
160.010,868544,631756,0,1500300,3821272,749,12701970432,4.35
160.110,893720,631756,0,1525476,3821272,749,12701970432,4.35
160.211,900800,631756,0,1532556,3821272,749,12701970432,4.35
160.311,925652,631756,0,1557408,3821272,749,12701970432,4.35
160.411,945528,631756,0,1577284,3821272,749,12701970432,4.35
160.512,976364,631756,0,1608120,3821272,749,12701970432,4.35
160.612,987456,631756,0,1619212,3821272,749,12701970432,4.35
160.712,1010760,631756,0,1642516,3821272,749,12701970432,4.35
160.813,1034028,631756,0,1665784,3821272,749,12701970432,4.35
160.913,1039616,631756,0,1671372,3821272,749,12701970432,4.35
161.013,1066472,631756,0,1698228,3821272,749,12701970432,4.35
161.114,1092684,631756,0,1724440,3821272,749,12701970432,4.35
161.214,1114216,631756,0,1745972,3821272,749,12701970432,4.35
161.314,1130672,631756,0,1762428,3821272,749,12701970432,3.56
161.415,1172352,631756,0,1804108,3821272,749,12701970432,3.56
161.515,1185548,631756,0,1817304,3821272,749,12701970432,3.56
161.615,1293220,631756,0,1924976,3821272,749,12701970432,3.56
161.719,1387020,631756,0,2018776,3821272,749,12701970432,3.56
161.819,1483548,631756,0,2115304,3821272,749,12701970432,3.56
161.919,1566500,631756,0,2198256,3821272,749,12701970432,3.56
162.020,1653712,631756,0,2285468,3821272,749,12701970432,3.56
162.120,1689716,631756,0,2321472,3821272,749,12701970432,3.56
162.223,1689716,631756,0,2321472,3821272,749,12701970432,3.56
162.323,1689716,631756,0,2321472,3821272,749,12701970432,3.56
162.424,1689716,631820,0,2321536,3821272,749,12701970432,3.56
162.533,1689716,619468,0,2309184,3821272,749,12701970432,3.56
162.633,1689716,566896,0,2256612,3821272,749,12701970432,3.56
162.734,1689716,563968,0,2253684,3821272,749,12701970432,3.56
162.834,1689716,522780,0,2212496,3821272,749,12701970432,3.56
162.934,1689716,500900,0,2190616,3821272,749,12701970432,3.56
163.035,1689716,500580,0,2190296,3821272,749,12701986816,3.56
163.135,1689716,515080,0,2204796,3821272,751,12769804288,3.56
163.236,1689716,561672,0,2251388,3821272,751,12827734016,3.64
163.336,1689716,682696,0,2372412,3821272,751,12827734016,3.64
163.436,1689716,776840,0,2466556,3821272,751,12827734016,3.64
163.537,1689716,867912,0,2557628,3821272,751,12827734016,3.64
163.637,1689716,903112,0,2592828,3821272,754,12842893312,3.64
163.739,1552488,902756,0,2455244,3821272,758,12845318144,3.64
163.839,1552488,965788,0,2518276,3821272,759,12919840768,3.64
163.939,1552488,963232,0,2515720,3821272,759,12924350464,3.64
164.040,1552488,738400,0,2290888,3821272,784,13172797440,3.64
164.140,1552488,645184,0,2197672,3821272,830,13511540736,3.64
164.241,1552488,485592,0,2038080,3821272,881,13847605248,3.64
164.341,1552488,290524,0,1843012,3821272,955,14149550080,3.64
164.441,1552488,353964,0,1906452,3821272,1040,14490857472,3.64
164.542,1552488,360556,0,1913044,3821272,1167,14823768064,3.64
164.642,1569148,1127816,0,2696964,3821272,1288,14903795712,3.64
164.742,1583060,1133700,0,2716760,3821272,1289,14903816192,3.64
164.847,1605752,1136404,0,2742156,3821272,1290,14905831424,3.64
164.947,1626136,1138384,0,2764520,3821272,1290,14905831424,3.64
165.047,1651964,1128888,0,2780852,3821272,1292,14914977792,3.64
165.148,1672292,1099072,0,2771364,3821272,1292,14914977792,5.88
165.251,1680648,1100544,0,2781192,3821272,1293,14915616768,5.88
165.351,1691772,1102020,0,2793792,3821272,1293,14915616768,5.88
165.452,1691976,1104264,0,2796240,3821272,1295,14918762496,5.88
165.552,1693732,1106332,0,2800064,3821272,1295,14919266304,5.88
165.652,1699080,1108060,0,2807140,3821272,1295,14919266304,5.88
165.752,1703936,1109872,0,2813808,3821272,1296,14927478784,5.88
165.853,1709264,1111560,0,2820824,3821272,1297,14927601664,5.88
165.953,1709264,1113820,0,2823084,3821272,1297,14927601664,5.88
166.058,1709428,1116056,0,2825484,3821272,1297,14927601664,5.88
166.159,1710060,1118172,0,2828232,3821272,1297,14935801856,5.88
166.259,1712220,1121052,0,2833272,3821272,1297,14935801856,5.88
166.360,1719788,1122040,0,2841828,3821272,1297,14935801856,5.88
166.460,1720864,1124428,0,2845292,3821272,1297,14935801856,5.88
166.560,1720892,1126028,0,2846920,3821272,1297,14935801856,5.88
166.661,1721508,1127428,0,2848936,3821272,1297,14935801856,5.88
166.761,1721508,1128756,0,2850264,3821272,1297,14935801856,5.88
166.861,1721632,1130316,0,2851948,3821272,1297,14935801856,5.88
166.961,1722084,1131956,0,2854040,3821272,1297,14943117312,5.88
167.062,1722612,1135412,0,2858024,3821272,1297,14943117312,5.88
167.162,1722612,1136820,0,2859432,3821272,1297,14943117312,4.81
167.262,1723120,1138484,0,2861604,3821272,1297,14943993856,4.81
167.363,1724236,1141840,0,2866076,3821272,1297,14943993856,4.81
167.463,1725044,1143888,0,2868932,3821272,1297,14943997952,4.81
167.564,1725276,1145552,0,2870828,3821272,1297,14943997952,4.81
167.666,1726180,1150856,0,2877036,3821272,1298,14944067584,4.81
167.767,1726796,1154116,0,2880912,3821272,1298,14944067584,4.81
167.867,1726816,1157248,0,2884064,3821272,1298,14944067584,4.81
167.968,1727756,1158244,0,2886000,3821272,1298,14944067584,4.81
168.068,1729276,1161380,0,2890656,3821272,1298,14944067584,4.81
168.168,1729276,1162976,0,2892252,3821272,1298,14944067584,4.81
168.268,1730448,1163488,0,2893936,3821272,1298,14944067584,4.81
168.369,1730992,1164320,0,2895312,3821272,1298,14944067584,4.81
168.469,1731564,1164896,0,2896460,3821272,1298,14944067584,4.81
168.569,1731564,1166688,0,2898252,3821272,1298,14944378880,4.81
168.670,1731564,1167776,0,2899340,3821272,1298,14944378880,4.81
168.770,1731772,1168800,0,2900572,3821272,1298,14944378880,4.81
168.870,1731772,1169360,0,2901132,3821272,1298,14944378880,4.81
168.970,1731772,1170064,0,2901836,3821272,1298,14944378880,4.81
169.071,1731772,1170256,0,2902028,3821272,1298,14944382976,3.94
169.171,1731772,1170256,0,2902028,3821272,1298,14944382976,3.94
169.272,1731772,1170320,0,2902092,3821272,1298,14944382976,3.94
169.372,1731772,1170320,0,2902092,3821272,1298,14944382976,3.94
169.472,1731772,1170320,0,2902092,3821272,1298,14944382976,3.94
169.573,1731772,1170320,0,2902092,3821272,1298,14944382976,3.94
169.673,1731772,1170320,0,2902092,3821272,1298,14944382976,3.94
169.773,1731772,1170320,0,2902092,3821272,1298,14944382976,3.94
169.874,1731772,1170320,0,2902092,3821272,1298,14944382976,3.94
169.974,1731772,1170320,0,2902092,3821272,1298,14944382976,3.94
170.074,1731772,1170320,0,2902092,3821272,1298,14944382976,3.94
170.175,1731772,1170320,0,2902092,3821272,1298,14944382976,3.94
170.275,1731772,1170320,0,2902092,3821272,1298,14944382976,3.94
170.375,1731772,1170320,0,2902092,3821272,1298,14944382976,3.94
170.476,1731772,1170320,0,2902092,3821272,1298,14944382976,3.94
170.576,1731772,1170320,0,2902092,3821272,1298,14944382976,3.94
170.677,1731772,1170320,0,2902092,3821272,1298,14944382976,3.94
170.777,1731772,1170320,0,2902092,3821272,1298,14944382976,3.94
170.877,1731772,1170320,0,2902092,3821272,1298,14944382976,3.94
170.978,1731772,1170320,0,2902092,3821272,1298,14944382976,3.94
171.078,1731772,1170320,0,2902092,3821272,1298,14944382976,5.04
171.178,1731772,1170320,0,2902092,3821272,1298,14944382976,5.04
171.279,1731772,1170320,0,2902092,3821272,1298,14944382976,5.04
171.379,1731772,1170320,0,2902092,3821272,1298,14944382976,5.04
171.479,1731772,1170320,0,2902092,3821272,1298,14944382976,5.04
171.580,1731772,1170320,0,2902092,3821272,1298,14944382976,5.04
171.680,1731772,1170320,0,2902092,3821272,1298,14944382976,5.04
171.780,1731772,1170320,0,2902092,3821272,1298,14944382976,5.04
171.881,1731772,1170320,0,2902092,3821272,1298,14944382976,5.04
171.981,1731772,1170320,0,2902092,3821272,1298,14944382976,5.04
172.081,1731772,1170320,0,2902092,3821272,1298,14944382976,5.04
172.182,1731772,1170320,0,2902092,3821272,1298,14944382976,5.04
172.282,1731772,1170320,0,2902092,3821272,1298,14944382976,5.04
172.382,1731772,1170320,0,2902092,3821272,1298,14944382976,5.04
172.483,1731772,1170320,0,2902092,3821272,1298,14944382976,5.04
172.583,1731772,1170320,0,2902092,3821272,1298,14944382976,5.04
172.683,1731772,1170320,0,2902092,3821272,1298,14944382976,5.04
172.784,1731772,1170320,0,2902092,3821272,1298,14944382976,5.04
172.884,1731772,1170320,0,2902092,3821272,1298,14944382976,5.04
172.984,1731772,1170320,0,2902092,3821272,1298,14944382976,4.3
173.085,1731772,1170320,0,2902092,3821272,1298,14944382976,4.3
173.185,1731772,1170320,0,2902092,3821272,1298,14944382976,4.3
173.286,1731772,1170320,0,2902092,3821272,1298,14944382976,4.3
173.386,1731772,1170320,0,2902092,3821272,1298,14944382976,4.3
173.486,1731772,1170320,0,2902092,3821272,1298,14944382976,4.3
173.587,1731772,1170320,0,2902092,3821272,1298,14944382976,4.3
173.687,1731772,1170320,0,2902092,3821272,1298,14944382976,4.3
173.787,1731772,1170320,0,2902092,3821272,1298,14944391168,4.3
173.888,1731772,1280312,0,3012084,3821272,1298,14944391168,4.3
173.988,1731772,1170488,0,2902260,3821272,1298,14944391168,4.3
174.088,1731772,1171432,0,2903204,3821272,1317,15054344192,4.3
174.189,1731772,1177372,0,2909144,3821272,1360,15352668160,4.3
174.290,1731772,1699520,0,3431292,3821272,1418,15537934336,4.3
174.391,1731772,1704440,0,3436212,3821272,1419,15538192384,4.3
174.491,1731772,1708852,0,3440624,3821272,1420,15539224576,4.3
174.591,1731772,1712756,0,3444528,3821272,1421,15540834304,4.3
174.692,1731772,1716368,0,3448140,3821272,1421,15540834304,4.3
174.792,1731772,1720340,0,3452112,3821272,1422,15549222912,4.3
174.894,1731772,1724132,0,3455904,3821272,1422,15557607424,6.6
174.995,1731772,1727652,0,3459424,3821272,1422,15557607424,6.6
175.095,1731772,1731108,0,3462880,3821272,1422,15557607424,6.6
175.195,1731772,1734372,0,3466144,3821272,1422,15561355264,6.6
175.296,1731772,1737828,0,3469600,3821272,1422,15561355264,6.6
175.402,1731772,1740964,0,3472736,3821272,1422,15561355264,6.6
175.503,1731772,1743972,0,3475744,3821272,1422,15561355264,6.6
175.603,1731772,1746884,0,3478656,3821272,1423,15564107776,6.6
175.703,1731772,1750692,0,3482464,3821272,1423,15564124160,6.6
175.804,1731772,1755004,0,3486776,3821272,1423,15564124160,6.6
175.904,1731772,1759036,0,3490808,3821272,1423,15564124160,6.6
176.004,1731772,1762300,0,3494072,3821272,1423,15564124160,6.6
176.105,1731772,1766012,0,3497784,3821272,1423,15564124160,6.6
176.205,1731772,1767804,0,3499576,3821272,1423,15564124160,6.6
176.305,1731772,1767804,0,3499576,3821272,1423,15564124160,6.6
176.406,1731772,1767804,0,3499576,3821272,1423,15564124160,6.6
176.506,1731772,1767804,0,3499576,3821272,1423,15564124160,6.6
176.606,1731772,1767804,0,3499576,3821272,1423,15564124160,6.6
176.707,1731772,1767804,0,3499576,3821272,1423,15564124160,6.6
176.807,1731772,1767804,0,3499576,3821272,1423,15564124160,6.6
176.907,1731772,1767804,0,3499576,3821272,1423,15564124160,7.22
177.008,1731772,1767804,0,3499576,3821272,1423,15564124160,7.22
177.108,1731772,1767804,0,3499576,3821272,1423,15564124160,7.22
177.208,1731772,1767804,0,3499576,3821272,1423,15564124160,7.22
177.309,1731772,1767804,0,3499576,3821272,1423,15564124160,7.22
177.409,1731772,1767804,0,3499576,3821272,1423,15564124160,7.22
177.509,1731772,1767804,0,3499576,3821272,1423,15564124160,7.22
177.610,1731772,1767804,0,3499576,3821272,1423,15564124160,7.22
177.710,1731772,1767804,0,3499576,3821272,1423,15564132352,7.22
177.811,1731772,1767804,0,3499576,3821272,1423,15564132352,7.22
177.911,1731772,1769836,0,3501608,3821272,1456,15815634944,7.22
178.011,1731772,1742516,0,3474288,3821272,1491,16117391360,7.22
178.112,1731772,1745716,0,3477488,3821272,1533,16457793536,7.22
178.212,1731772,1501196,0,3232968,3821272,1574,16793280512,7.22
178.313,1731772,1169152,0,2900924,3821272,1616,17138827264,7.22
178.413,1731772,1153724,0,2885496,3821272,1658,17472065536,7.22
178.514,1731772,1154684,0,2886456,3821272,1698,17803321344,7.22
178.614,1731772,1158268,0,2890040,3821272,1742,18148438016,7.22
178.714,1731772,1159740,0,2891512,3821272,1783,18498101248,7.22
178.815,1731772,1159796,0,2891568,3821272,1826,18833477632,11.16
178.915,1731772,1159520,0,2891292,3821272,1866,19162275840,11.16
179.015,1731772,1158432,0,2890204,3821272,1909,19508953088,11.16
179.116,1731772,1158048,0,2889820,3821272,1952,19841277952,11.16
179.216,1731772,1157600,0,2889372,3821272,1994,20194394112,11.16
179.316,1731772,1157484,0,2889256,3821272,2037,20503203840,11.16
179.417,1731772,1156780,0,2888552,3821272,2081,20865835008,11.16
179.517,1731772,1156144,0,2887916,3821272,2124,21197914112,11.16
179.618,1731772,1155564,0,2887336,3821272,2165,21548273664,11.16
179.718,1731772,1155640,0,2887412,3821272,2208,21875040256,11.16
179.818,1731772,1155648,0,2887420,3821272,2250,22218260480,11.16
179.918,1731772,1155524,0,2887296,3821272,2291,22553645056,11.16
180.019,1731772,1155368,0,2887140,3821272,2335,22905487360,11.16
180.119,1731772,1155496,0,2887268,3821272,2376,23223447552,11.16
180.220,1731772,1155524,0,2887296,3821272,2418,23577403392,11.16
180.320,1731772,1155836,0,2887608,3821272,2465,23927132160,11.16
180.420,1731772,1155992,0,2887764,3821272,2510,24243585024,11.16
180.521,1731772,1155224,0,2886996,3821272,2555,24534573056,11.16
180.621,1731772,1156944,0,2888716,3821272,2584,24802267136,11.16
180.721,1731772,1157456,0,2889228,3821272,2627,25072738304,11.16
180.843,1731772,1157584,0,2889356,3821272,2637,25146626048,19.83
180.943,1731772,1086820,0,2818592,3821272,2678,25464586240,19.83
181.044,1731772,918344,0,2650116,3821272,2709,25763975168,19.83
181.144,1731772,658880,0,2390652,3821272,2757,26097168384,19.83
181.245,1731772,465512,0,2197284,3821272,2804,26434281472,19.83
181.345,1731772,269612,0,2001384,3821272,2848,26776489984,19.83
181.445,1731772,101688,0,1833460,3821272,2891,27115851776,19.83
181.546,1731772,44916,0,1776688,3821272,2938,27454951424,19.83
181.646,1731772,43908,0,1775680,3821272,2984,27814682624,19.83
181.746,1731772,44192,0,1775964,3821272,3030,28141178880,19.83
181.847,1731772,44916,0,1776688,3821272,3073,28472381440,19.83
181.947,1731772,45544,0,1777316,3821272,3118,28813176832,19.83
182.048,1731772,46404,0,1778176,3821272,3164,29154054144,19.83
182.148,1731772,46820,0,1778592,3821272,3208,29504663552,19.83
182.249,1731772,45204,0,1776976,3821272,3253,29840396288,19.83
182.349,1731772,44872,0,1776644,3821272,3299,30173020160,19.83
182.449,1731772,46012,0,1777784,3821272,3344,30511607808,19.83
182.550,1731772,47664,0,1779436,3821272,3389,30844604416,19.83
182.650,1731772,48724,0,1780496,3821272,3436,31202553856,19.83
182.750,1731772,49220,0,1780992,3821272,3481,31548932096,26.56
182.851,1731772,50108,0,1781880,3821272,3525,31870148608,26.56
182.951,1731772,50940,0,1782712,3821272,3569,32206856192,26.56
183.052,1731772,51004,0,1782776,3821272,3615,32552423424,26.56
183.152,1731772,50508,0,1782280,3821272,3657,32885792768,26.56
183.252,1731772,50912,0,1782684,3821272,3703,33231568896,26.56
183.353,1731772,50096,0,1781868,3821272,3750,33562517504,26.56
183.453,1731772,49484,0,1781256,3821272,3793,33914159104,26.56
183.554,1731772,49112,0,1780884,3821272,3837,34252541952,26.56
183.654,1731772,48776,0,1780548,3821272,3882,34595004416,26.56
183.754,1731772,49456,0,1781228,3821272,3925,34933870592,26.56
183.855,1731772,50424,0,1782196,3821272,3968,35261165568,26.56
183.955,1731772,50016,0,1781788,3821272,4014,35612958720,26.56
184.055,1731772,51124,0,1782896,3821272,4061,35944112128,26.56
184.156,1731772,52260,0,1784032,3821272,4108,36301357056,26.56
184.256,1731772,53476,0,1785248,3821272,4150,36615196672,26.56
184.357,1731772,54500,0,1786272,3821272,4195,36962201600,26.56
184.457,1731772,54696,0,1786468,3821272,4241,37300064256,26.56
184.557,1731772,55024,0,1786796,3821272,4287,37661614080,26.56
184.658,1731772,54404,0,1786176,3821272,4332,38014423040,32.98
184.758,1731772,53788,0,1785560,3821272,4378,38356545536,32.98
184.858,1731772,53824,0,1785596,3821272,4425,38701899776,32.98
184.959,1731772,53620,0,1785392,3821272,4470,39046619136,32.98
185.059,1731772,53648,0,1785420,3821272,4514,39386415104,32.98
185.160,1731772,52928,0,1784700,3821272,4560,39740178432,32.98
185.260,1731772,53172,0,1784944,3821272,4605,40088219648,32.98
185.360,1731772,52508,0,1784280,3821272,4649,40428023808,32.98
185.461,1731772,53084,0,1784856,3821272,4696,40766140416,32.98
185.561,1731772,54292,0,1786064,3821272,4745,41127292928,32.98
185.661,1731772,54804,0,1786576,3821272,4790,41433731072,32.98
185.762,1731772,56216,0,1787988,3821272,4837,41792139264,32.98
185.862,1731772,57468,0,1789240,3821272,4882,42151137280,32.98
185.962,1731772,57700,0,1789472,3821272,4927,42486194176,32.98
186.063,1731772,58524,0,1790296,3821272,4971,42819551232,32.98
186.163,1731772,58884,0,1790656,3821272,5020,43160182784,32.98
186.264,1731772,58740,0,1790512,3821272,5067,43527888896,32.98
186.364,1731772,58352,0,1790124,3821272,5114,43884425216,32.98
186.464,1731772,58488,0,1790260,3821272,5159,44216770560,32.98
186.565,1731772,58220,0,1789992,3821272,5203,44556406784,32.98
186.665,1731772,58432,0,1790204,3821272,5249,44905197568,38.24
186.766,1731772,57792,0,1789564,3821272,5295,45255999488,38.24
186.866,1731772,56752,0,1788524,3821272,5340,45591711744,38.24
186.966,1731772,57064,0,1788836,3821272,5388,45945176064,38.24
187.067,1731772,56924,0,1788696,3821272,5432,46276780032,38.24
187.167,1731772,56924,0,1788696,3821272,5479,46629572608,38.24
187.268,1731772,57916,0,1789688,3821272,5527,46963978240,38.24
187.368,1731772,57988,0,1789760,3821272,5575,47302385664,38.24
187.468,1731772,59012,0,1790784,3821272,5624,47660793856,38.24
187.569,1731772,59456,0,1791228,3821272,5668,47993196544,38.24
187.669,1731772,60420,0,1792192,3821272,5715,48325210112,38.24
187.770,1731772,60760,0,1792532,3821272,5763,48687386624,38.24
187.870,1731772,61364,0,1793136,3821272,5809,49017389056,38.24
187.971,1731772,61872,0,1793644,3821272,5858,49383350272,38.24
188.071,1731772,62584,0,1794356,3821272,5904,49705340928,38.24
188.172,1731772,62060,0,1793832,3821272,5950,50079277056,38.24
188.272,1731772,61560,0,1793332,3821272,5995,50417737728,38.24
188.372,1731772,60936,0,1792708,3821272,6042,50755256320,38.24
188.473,1731772,60752,0,1792524,3821272,6087,51113799680,38.24
188.573,1731772,60788,0,1792560,3821272,6135,51448369152,42.0
188.673,1731772,60592,0,1792364,3821272,6180,51796082688,42.0
188.774,1731772,60592,0,1792364,3821272,6228,52137119744,42.0
188.874,1731772,60348,0,1792120,3821272,6274,52487122944,42.0
188.974,1731772,60740,0,1792512,3821272,6319,52807561216,42.0
189.075,1731772,61496,0,1793268,3821272,6366,53165682688,42.0
189.175,1731772,62444,0,1794216,3821272,6417,53506764800,42.0
189.276,1731772,62908,0,1794680,3821272,6462,53865369600,42.0
189.376,1731772,63644,0,1795416,3821272,6509,54185295872,42.0
189.477,1731772,63960,0,1795732,3821272,6557,54531715072,42.0
189.577,1731772,64792,0,1796564,3821272,6606,54885978112,42.0
189.677,1731772,65444,0,1797216,3821272,6654,55223361536,42.0
189.778,1731772,64432,0,1796204,3821272,6699,55565385728,42.0
189.878,1731772,65304,0,1797076,3821272,6749,55907885056,42.0
189.978,1731772,65884,0,1797656,3821272,6799,56251133952,42.0
190.079,1731772,66132,0,1797904,3821272,6848,56604008448,42.0
190.179,1731772,66892,0,1798664,3821272,6897,56969887744,42.0
190.280,1731772,67528,0,1799300,3821272,6942,57297850368,42.0
190.380,1731772,67504,0,1799276,3821272,6989,57624764416,42.0
190.480,1731772,68756,0,1800528,3821272,7040,57980149760,45.26
190.581,1731772,69796,0,1801568,3821272,7088,58313609216,45.26
190.681,1731772,70964,0,1802736,3821272,7139,58662658048,45.26
190.782,1731772,71288,0,1803060,3821272,7187,59025670144,45.26
190.882,1731772,71864,0,1803636,3821272,7233,59368857600,45.26
190.982,1731772,73208,0,1804980,3821272,7279,59704709120,45.26
191.090,1731772,74684,0,1806456,3821272,7311,59857481728,45.26
191.191,1731772,62028,0,1793800,3821272,7357,60240756736,45.26
191.291,1731772,53332,0,1785104,3821272,7405,60568064000,45.26
191.391,1731772,49564,0,1781336,3821272,7453,60923707392,45.26
191.492,1731772,48248,0,1780020,3821272,7504,61283622912,45.26
191.592,1731772,44624,0,1776396,3821272,7550,61616099328,45.26
191.693,1731772,43388,0,1775160,3821272,7597,61955358720,45.26
191.793,1731772,42044,0,1773816,3821272,7642,62291333120,45.26
191.893,1731772,39548,0,1771320,3821272,7688,62641557504,45.26
191.994,1731772,37936,0,1769708,3821272,7732,62994141184,45.26
192.094,1731772,37480,0,1769252,3821272,7778,63337758720,45.26
192.194,1731772,38208,0,1769980,3821272,7824,63671734272,45.26
192.295,1731772,38996,0,1770768,3821272,7871,64026247168,45.26
192.395,1731772,41224,0,1772996,3821272,7916,64358002688,47.02
192.496,1731772,42732,0,1774504,3821272,7961,64705073152,47.02
192.596,1731772,44232,0,1776004,3821272,8006,65035931648,47.02
192.697,1731772,45992,0,1777764,3821272,8053,65385992192,47.02
192.797,1731772,47908,0,1779680,3821272,8099,65726713856,47.02
192.898,1731772,48724,0,1780496,3821272,8142,66073153536,47.02
192.998,1731772,49836,0,1781608,3821272,8186,66398306304,47.02
193.098,1731772,50416,0,1782188,3821272,8231,66739642368,47.02
193.199,1731772,50396,0,1782168,3821272,8277,67080024064,47.02
193.299,1731772,53560,0,1785332,3821272,8323,67427356672,47.02
193.400,1731772,53488,0,1785260,3821272,8368,67768623104,47.02
193.500,1731772,53292,0,1785064,3821272,8413,68114698240,47.02
193.601,1731772,53012,0,1784784,3821272,8458,68460531712,47.02
193.701,1731772,52824,0,1784596,3821272,8502,68785201152,47.02
193.801,1731772,52132,0,1783904,3821272,8547,69129367552,47.02
193.902,1731772,52772,0,1784544,3821272,8593,69454487552,47.02
194.002,1731772,53216,0,1784988,3821272,8641,69801615360,47.02
194.102,1731772,53720,0,1785492,3821272,8687,70153678848,47.02
194.203,1731772,54936,0,1786708,3821272,8731,70484746240,47.02
194.303,1731772,55980,0,1787752,3821272,8778,70823813120,48.65
194.404,1731772,56288,0,1788060,3821272,8825,71175294976,48.65
194.504,1731772,56348,0,1788120,3821272,8871,71516930048,48.65
194.604,1731772,54676,0,1786448,3821272,8917,71843098624,48.65
194.705,1731772,55396,0,1787168,3821272,8962,72184659968,48.65
194.805,1731772,55620,0,1787392,3821272,9008,72524046336,48.65
194.906,1731772,56444,0,1788216,3821272,9055,72875450368,48.65
195.006,1731772,57420,0,1789192,3821272,9100,73206734848,48.65
195.106,1731772,56992,0,1788764,3821272,9148,73563385856,48.65
195.207,1731772,56520,0,1788292,3821272,9191,73887137792,48.65
195.307,1731772,56840,0,1788612,3821272,9234,74240389120,48.65
195.407,1731772,57796,0,1789568,3821272,9277,74567135232,48.65
195.508,1731772,58372,0,1790144,3821272,9322,74901327872,48.65
195.608,1731772,59028,0,1790800,3821272,9367,75250225152,48.65
195.709,1731772,59876,0,1791648,3821272,9411,75575762944,48.65
195.809,1731772,60248,0,1792020,3821272,9462,75923787776,48.65
195.909,1731772,60788,0,1792560,3821272,9508,76272091136,48.65
196.010,1731772,60792,0,1792564,3821272,9549,76602343424,48.65
196.110,1731772,60008,0,1791780,3821272,9595,76936642560,48.65
196.210,1731772,60008,0,1791780,3821272,9639,77288816640,48.65
196.311,1731772,59580,0,1791352,3821272,9684,77614239744,50.88
196.411,1731772,59584,0,1791356,3821272,9731,77963292672,50.88
196.512,1731772,59836,0,1791608,3821272,9777,78311202816,50.88
196.612,1731772,59976,0,1791748,3821272,9822,78653321216,50.88
196.713,1731772,60164,0,1791936,3821272,9867,78985940992,50.88
196.813,1731772,60348,0,1792120,3821272,9914,79335120896,50.88
196.913,1731772,62196,0,1793968,3821272,9959,79668883456,50.88
197.014,1731772,62756,0,1794528,3821272,10004,80013348864,50.88
197.114,1731772,63128,0,1794900,3821272,10049,80353189888,50.88
197.214,1731772,62708,0,1794480,3821272,10096,80694079488,50.88
197.315,1731772,63284,0,1795056,3821272,10143,81031405568,50.88
197.415,1731772,62976,0,1794748,3821272,10189,81363472384,50.88
197.516,1731772,63988,0,1795760,3821272,10236,81715712000,50.88
197.616,1731772,63604,0,1795376,3821272,10280,82050555904,50.88
197.716,1731772,61012,0,1792784,3821272,10326,82387185664,50.88
197.817,1731772,60332,0,1792104,3821272,10371,82729865216,50.88
197.917,1731772,61828,0,1793600,3821272,10416,83064614912,50.88
198.018,1731772,61412,0,1793184,3821272,10463,83399950336,50.88
198.118,1731772,61732,0,1793504,3821272,10509,83752173568,50.88
198.218,1731772,62240,0,1794012,3821272,10556,84100788224,52.35
198.319,1731772,63524,0,1795296,3821272,10599,84438904832,52.35
198.419,1731772,63524,0,1795296,3821272,10644,84768743424,52.35
198.519,1731772,64400,0,1796172,3821272,10689,85113700352,52.35
198.620,1731772,65232,0,1797004,3821272,10737,85461995520,52.35
198.720,1731772,65960,0,1797732,3821272,10782,85792235520,52.35
198.821,1731772,65664,0,1797436,3821272,10825,86129127424,52.35
198.921,1731772,66352,0,1798124,3821272,10870,86463053824,52.35
199.021,1731772,67268,0,1799040,3821272,10915,86795689984,52.35
199.122,1731772,67108,0,1798880,3821272,10960,87118721024,52.35
199.222,1731772,67392,0,1799164,3821272,11009,87485198336,52.35
199.322,1731772,68700,0,1800472,3821272,11056,87812681728,52.35
199.423,1731772,67448,0,1799220,3821272,11104,88175505408,52.35
199.523,1731772,68592,0,1800364,3821272,11153,88509440000,52.35
199.624,1731772,68536,0,1800308,3821272,11196,88835538944,52.35
199.724,1731772,68288,0,1800060,3821272,11239,89177714688,52.35
199.824,1731772,68116,0,1799888,3821272,11284,89502572544,52.35
199.925,1731772,67656,0,1799428,3821272,11334,89849569280,52.35
200.025,1731772,68552,0,1800324,3821272,11379,90190237696,52.35
200.126,1731772,68972,0,1800744,3821272,11428,90553548800,52.35
200.226,1731772,69656,0,1801428,3821272,11475,90872934400,53.56
200.327,1731772,70672,0,1802444,3821272,11519,91204087808,53.56
200.427,1731772,71316,0,1803088,3821272,11570,91566723072,53.56
200.527,1731772,71316,0,1803088,3821272,11614,91894546432,53.56
200.628,1731772,71600,0,1803372,3821272,11661,92256837632,53.56
200.728,1731772,72560,0,1804332,3821272,11708,92598534144,53.56
200.828,1731772,74096,0,1805868,3821272,11753,92926484480,53.56
200.929,1731772,74544,0,1806316,3821272,11802,93232824320,53.56
201.030,1731772,75256,0,1807028,3821272,11828,93372764160,53.56
201.130,1731772,71452,0,1803224,3821272,11854,93584371712,53.56
201.230,1731772,68344,0,1800116,3821272,11881,93745328128,53.56
201.331,1731772,54996,0,1786768,3821272,11927,94117806080,53.56
201.431,1731772,49804,0,1781576,3821272,11975,94462599168,53.56
201.532,1731772,47480,0,1779252,3821272,12021,94798028800,53.56
201.632,1731772,44668,0,1776440,3821272,12066,95137857536,53.56
201.732,1731772,43236,0,1775008,3821272,12110,95462760448,53.56
201.833,1731772,41904,0,1773676,3821272,12155,95805980672,53.56
201.933,1731772,40232,0,1772004,3821272,12203,96162729984,53.56
202.034,1731772,40156,0,1771928,3821272,12249,96501997568,53.56
202.134,1731772,40900,0,1772672,3821272,12297,96848293888,52.19
202.234,1731772,41648,0,1773420,3821272,12344,97185869824,52.19
202.335,1731772,41312,0,1773084,3821272,12386,97531150336,52.19
202.435,1731772,42648,0,1774420,3821272,12431,97863151616,52.19
202.536,1731772,44944,0,1776716,3821272,12478,98210955264,52.19
202.636,1731772,43964,0,1775736,3821272,12522,98568343552,52.19
202.736,1731772,44932,0,1776704,3821272,12567,98897920000,52.19
202.837,1731772,46932,0,1778704,3821272,12613,99234549760,52.19
202.937,1731772,48712,0,1780484,3821272,12659,99569754112,52.19
203.037,1731772,50088,0,1781860,3821272,12707,99928018944,52.19
203.138,1731772,51872,0,1783644,3821272,12751,100275601408,52.19
203.238,1731772,52272,0,1784044,3821272,12796,100587429888,52.19
203.339,1731772,51968,0,1783740,3821272,12843,100951576576,52.19
203.439,1731772,52460,0,1784232,3821272,12890,101301157888,52.19
203.540,1731772,52120,0,1783892,3821272,12937,101638299648,52.19
203.640,1731772,51868,0,1783640,3821272,12983,101976473600,52.19
203.740,1731772,51900,0,1783672,3821272,13029,102314835968,52.19
203.841,1731772,52744,0,1784516,3821272,13076,102667223040,52.19
203.941,1731772,52880,0,1784652,3821272,13120,102997032960,52.19
204.041,1731772,54164,0,1785936,3821272,13162,103315206144,53.78
204.142,1731772,54268,0,1786040,3821272,13209,103680454656,53.78
204.242,1731772,54916,0,1786688,3821272,13256,104024129536,53.78
204.343,1731772,55228,0,1787000,3821272,13301,104372162560,53.78
204.443,1731772,55668,0,1787440,3821272,13345,104706584576,53.78
204.544,1731772,55876,0,1787648,3821272,13390,105051529216,53.78
204.644,1731772,55628,0,1787400,3821272,13434,105376485376,53.78
204.745,1731772,55748,0,1787520,3821272,13477,105722908672,53.78
204.845,1731772,54728,0,1786500,3821272,13522,106079952896,53.78
204.945,1731772,55172,0,1786944,3821272,13567,106406715392,53.78
205.046,1731772,56132,0,1787904,3821272,13613,106754637824,53.78
205.146,1731772,56704,0,1788476,3821272,13658,107088814080,53.78
205.246,1731772,56772,0,1788544,3821272,13705,107447721984,53.78
205.347,1731772,56584,0,1788356,3821272,13750,107789934592,53.78
205.447,1731772,56516,0,1788288,3821272,13794,108134367232,53.78
205.547,1731772,57168,0,1788940,3821272,13840,108449927168,53.78
205.648,1731772,56848,0,1788620,3821272,13884,108811771904,53.78
205.748,1731772,56484,0,1788256,3821272,13931,109153423360,53.78
205.849,1731772,56196,0,1787968,3821272,13974,109490356224,53.78
205.949,1731772,56772,0,1788544,3821272,14019,109834964992,53.78
206.049,1731772,57248,0,1789020,3821272,14066,110178009088,55.09
206.150,1731772,58112,0,1789884,3821272,14113,110519705600,55.09
206.250,1731772,58060,0,1789832,3821272,14160,110853664768,55.09
206.350,1731772,57176,0,1788948,3821272,14206,111214116864,55.09
206.451,1731772,57068,0,1788840,3821272,14252,111564406784,55.09
206.551,1731772,57652,0,1789424,3821272,14297,111898058752,55.09
206.651,1731772,57212,0,1788984,3821272,14343,112239747072,55.09
206.752,1731772,56788,0,1788560,3821272,14387,112568827904,55.09
206.852,1731772,56156,0,1787928,3821272,14433,112923508736,55.09
206.953,1731772,56048,0,1787820,3821272,14477,113245671424,55.09
207.053,1731772,55860,0,1787632,3821272,14523,113596604416,55.09
207.153,1731772,56372,0,1788144,3821272,14569,113932537856,55.09
207.254,1731772,57176,0,1788948,3821272,14614,114268442624,55.09
207.354,1731772,57436,0,1789208,3821272,14663,114629656576,55.09
207.455,1731772,58668,0,1790440,3821272,14707,114957512704,55.09
207.555,1731772,58900,0,1790672,3821272,14755,115314458624,55.09
207.656,1731772,59648,0,1791420,3821272,14799,115635777536,55.09
207.756,1731772,60892,0,1792664,3821272,14846,115958439936,55.09
207.856,1731772,61064,0,1792836,3821272,14893,116329906176,55.09
207.957,1731772,61964,0,1793736,3821272,14941,116678598656,55.8
208.057,1731772,62580,0,1794352,3821272,14987,117006811136,55.8
208.158,1731772,63436,0,1795208,3821272,15031,117332115456,55.8
208.258,1731772,63360,0,1795132,3821272,15083,117695762432,55.8
208.358,1731772,63232,0,1795004,3821272,15128,118029963264,55.8
208.459,1731772,62784,0,1794556,3821272,15176,118377504768,55.8
208.559,1731772,61840,0,1793612,3821272,15220,118702956544,55.8
208.660,1731772,61488,0,1793260,3821272,15267,119064715264,55.8
208.760,1731772,60396,0,1792168,3821272,15310,119399116800,55.8
208.861,1731772,60216,0,1791988,3821272,15357,119724961792,55.8
208.961,1731772,60092,0,1791864,3821272,15405,120067375104,55.8
209.062,1731772,61260,0,1793032,3821272,15454,120412971008,55.8
209.162,1731772,62608,0,1794380,3821272,15499,120735203328,55.8
209.262,1731772,62548,0,1794320,3821272,15546,121099628544,55.8
209.363,1731772,63204,0,1794976,3821272,15590,121440301056,55.8
209.463,1731772,63052,0,1794824,3821272,15636,121768718336,55.8
209.564,1731772,63496,0,1795268,3821272,15685,122113806336,55.8
209.664,1731772,64032,0,1795804,3821272,15731,122471317504,55.8
209.765,1731772,63116,0,1794888,3821272,15775,122806677504,55.8
209.865,1731772,63936,0,1795708,3821272,15821,123135078400,56.01
209.965,1731772,65428,0,1797200,3821272,15868,123488313344,56.01
210.066,1731772,65556,0,1797328,3821272,15908,123809796096,56.01
210.166,1731772,66420,0,1798192,3821272,15955,124149006336,56.01
210.266,1731772,66916,0,1798688,3821272,16005,124490231808,56.01
210.367,1731772,67596,0,1799368,3821272,16056,124838846464,56.01
210.467,1731772,68616,0,1800388,3821272,16106,125170073600,56.01
210.568,1731772,69552,0,1801324,3821272,16150,125498015744,56.01
210.668,1731772,70524,0,1802296,3821272,16202,125863092224,56.01
210.768,1731772,71068,0,1802840,3821272,16250,126198272000,56.01
210.869,1731772,70828,0,1802600,3821272,16296,126544543744,56.01
210.969,1731772,72464,0,1804236,3821272,16343,126872776704,56.01
211.069,1731772,72968,0,1804740,3821272,16393,127235579904,56.01
211.170,1731772,74000,0,1805772,3821272,16440,127569862656,56.01
211.270,1731772,74804,0,1806576,3821272,16487,127908024320,56.01
211.371,1731772,69820,0,1801592,3821272,16535,128243908608,56.01
211.471,1731772,58312,0,1790084,3821272,16585,128571486208,56.01
211.572,1731772,51348,0,1783120,3821272,16634,128919678976,56.01
211.672,1731772,49300,0,1781072,3821272,16680,129232101376,56.01
211.772,1731772,45388,0,1777160,3821272,16730,129593491456,56.01
211.873,1731772,42916,0,1774688,3821272,16775,129941049344,57.28
211.973,1731772,42584,0,1774356,3821272,16819,130290561024,57.28
212.073,1731772,41848,0,1773620,3821272,16863,130621517824,57.28
212.174,1731772,41376,0,1773148,3821272,16906,130947411968,57.28
212.274,1731772,41644,0,1773416,3821272,16952,131289092096,57.28
212.375,1731772,41440,0,1773212,3821272,16994,131619643392,57.28
212.475,1731772,42476,0,1774248,3821272,17042,131978788864,57.28
212.575,1731772,43156,0,1774928,3821272,17087,132308570112,57.28
212.676,1731772,43092,0,1774864,3821272,17131,132643364864,57.28
212.776,1731772,44824,0,1776596,3821272,17177,132997607424,57.28
212.877,1731772,46356,0,1778128,3821272,17224,133339648000,57.28
212.977,1731772,46996,0,1778768,3821272,17267,133680398336,57.28
213.078,1731772,47768,0,1779540,3821272,17312,134024638464,57.28
213.178,1731772,48856,0,1780628,3821272,17358,134360350720,57.28
213.279,1731772,48984,0,1780756,3821272,17402,134704128000,57.28
213.379,1731772,49116,0,1780888,3821272,17449,135045750784,57.28
213.480,1731772,50148,0,1781920,3821272,17495,135374798848,57.28
213.580,1731772,51944,0,1783716,3821272,17542,135742083072,57.28
213.680,1731772,52212,0,1783984,3821272,17585,136068730880,57.28
213.781,1731772,52908,0,1784680,3821272,17628,136415485952,58.86
213.881,1731772,53456,0,1785228,3821272,17674,136753192960,58.86
213.982,1731772,53136,0,1784908,3821272,17719,137092059136,58.86
214.082,1731772,53516,0,1785288,3821272,17763,137437843456,58.86
214.182,1731772,53364,0,1785136,3821272,17808,137772986368,58.86
214.283,1731772,54284,0,1786056,3821272,17853,138118627328,58.86
214.383,1731772,55096,0,1786868,3821272,17900,138461429760,58.86
214.484,1731772,56068,0,1787840,3821272,17943,138793943040,58.86
214.584,1731772,57484,0,1789256,3821272,17989,139130707968,58.86
214.684,1731772,57848,0,1789620,3821272,18034,139492360192,58.86
214.785,1731772,57528,0,1789300,3821272,18080,139825524736,58.86
214.885,1731772,57008,0,1788780,3821272,18123,140160401408,58.86
214.986,1731772,56680,0,1788452,3821272,18168,140503166976,58.86
215.086,1731772,56976,0,1788748,3821272,18212,140826804224,58.86
215.186,1731772,57328,0,1789100,3821272,18260,141183021056,58.86
215.287,1731772,57820,0,1789592,3821272,18307,141531566080,58.86
215.388,1731772,58180,0,1789952,3821272,18356,141826641920,58.86
215.488,1731772,57272,0,1789044,3821272,18400,142205083648,58.86
215.589,1731772,57084,0,1788856,3821272,18443,142549618688,58.86
215.689,1731772,57496,0,1789268,3821272,18489,142888865792,60.69
215.789,1731772,57376,0,1789148,3821272,18535,143227187200,60.69
215.890,1731772,57408,0,1789180,3821272,18581,143578619904,60.69
215.990,1731772,57604,0,1789376,3821272,18624,143903162368,60.69
216.091,1731772,58264,0,1790036,3821272,18667,144253800448,60.69
216.191,1731772,58220,0,1789992,3821272,18714,144576798720,60.69
216.292,1731772,58628,0,1790400,3821272,18759,144925708288,60.69
216.392,1731772,58844,0,1790616,3821272,18805,145279045632,60.69
216.492,1731772,57892,0,1789664,3821272,18851,145630306304,60.69
216.593,1731772,57168,0,1788940,3821272,18898,145965604864,60.69
216.693,1731772,57444,0,1789216,3821272,18945,146300788736,60.69
216.793,1731772,58020,0,1789792,3821272,18992,146651504640,60.69
216.894,1731772,58024,0,1789796,3821272,19040,146994221056,60.69
216.994,1731772,58020,0,1789792,3821272,19089,147356889088,60.69
217.095,1731772,58568,0,1790340,3821272,19135,147702104064,60.69
217.195,1731772,57784,0,1789556,3821272,19180,148036485120,60.69
217.295,1731772,57672,0,1789444,3821272,19228,148395823104,60.69
217.396,1731772,57764,0,1789536,3821272,19274,148726493184,60.69
217.496,1731772,57824,0,1789596,3821272,19317,149071691776,60.69
217.597,1731772,58056,0,1789828,3821272,19365,149423771648,60.69
217.697,1731772,58648,0,1790420,3821272,19410,149765672960,61.47
217.797,1731772,58932,0,1790704,3821272,19458,150105968640,61.47
217.898,1731772,59208,0,1790980,3821272,19504,150477484032,61.47
217.998,1731772,59388,0,1791160,3821272,19551,150805016576,61.47
218.099,1731772,59500,0,1791272,3821272,19598,151150006272,61.47
218.199,1731772,60420,0,1792192,3821272,19646,151487430656,61.47
218.299,1731772,61028,0,1792800,3821272,19694,151835095040,61.47
218.400,1731772,60700,0,1792472,3821272,19744,152201175040,61.47
218.500,1731772,60504,0,1792276,3821272,19788,152531238912,61.47
218.600,1731772,60952,0,1792724,3821272,19836,152875347968,61.47
218.701,1731772,61800,0,1793572,3821272,19883,153225949184,61.47
218.801,1731772,61992,0,1793764,3821272,19933,153574608896,61.47
218.901,1731772,63336,0,1795108,3821272,19979,153909071872,61.47
219.002,1731772,63416,0,1795188,3821272,20025,154260406272,61.47
219.102,1731772,64776,0,1796548,3821272,20075,154623528960,61.47
219.203,1731772,65032,0,1796804,3821272,20121,154956578816,61.47
219.303,1731772,65708,0,1797480,3821272,20169,155303997440,61.47
219.403,1731772,65324,0,1797096,3821272,20216,155654660096,61.47
219.504,1731772,66176,0,1797948,3821272,20260,155988516864,61.47
219.604,1731772,66808,0,1798580,3821272,20310,156326019072,62.47
219.705,1731772,66388,0,1798160,3821272,20355,156674105344,62.47
219.805,1731772,67632,0,1799404,3821272,20402,157004947456,62.47
219.905,1731772,68024,0,1799796,3821272,20452,157357654016,62.47
220.006,1731772,68352,0,1800124,3821272,20501,157697622016,62.47
220.106,1731772,69248,0,1801020,3821272,20552,158049710080,62.47
220.207,1731772,70276,0,1802048,3821272,20602,158413914112,62.47
220.307,1731772,71100,0,1802872,3821272,20648,158726230016,62.47
220.407,1731772,71668,0,1803440,3821272,20702,159074172928,62.47
220.508,1731772,71664,0,1803436,3821272,20750,159420932096,62.47
220.608,1731772,72428,0,1804200,3821272,20804,159774298112,62.47
220.721,1731772,73716,0,1805488,3821272,20833,159933476864,62.47
220.843,1731772,72000,0,1803772,3821272,20864,160161550336,62.47
220.973,1731772,72148,0,1803920,3821272,20897,160383389696,62.47
221.073,1731772,70704,0,1802476,3821272,20947,160708595712,62.47
221.198,1731772,69484,0,1801256,3821272,20969,160822632448,62.47
221.298,1731772,66324,0,1798096,3821272,20988,160951164928,62.47
221.399,1731772,66168,0,1797940,3821272,21008,161091452928,62.47
221.499,1731772,53932,0,1785704,3821272,21048,161470816256,59.49
221.600,1731772,50352,0,1782124,3821272,21098,161819906048,59.49
221.700,1731772,49380,0,1781152,3821272,21146,162153881600,59.49
221.800,1731772,48008,0,1779780,3821272,21194,162500485120,59.49
221.901,1731772,45824,0,1777596,3821272,21243,162847608832,59.49
222.001,1731772,44708,0,1776480,3821272,21289,163197513728,59.49
222.101,1731772,42804,0,1774576,3821272,21334,163537158144,59.49
222.202,1731772,42196,0,1773968,3821272,21381,163877879808,59.49
222.302,1731772,42836,0,1774608,3821272,21430,164232802304,59.49
222.403,1731772,43824,0,1775596,3821272,21479,164572893184,59.49
222.503,1731772,44520,0,1776292,3821272,21528,164906819584,59.49
222.604,1731772,44788,0,1776560,3821272,21578,165259743232,59.49
222.704,1731772,47368,0,1779140,3821272,21624,165607641088,59.49
222.804,1731772,49128,0,1780900,3821272,21672,165961519104,59.49
222.905,1731772,49836,0,1781608,3821272,21721,166308225024,59.49
223.005,1731772,51432,0,1783204,3821272,21767,166648303616,59.49
223.106,1731772,53228,0,1785000,3821272,21813,167009062912,59.49
223.206,1731772,55012,0,1786784,3821272,21857,167351345152,59.49
223.306,1731772,55664,0,1787436,3821272,21901,167691472896,59.49
223.407,1731772,55652,0,1787424,3821272,21948,168019787776,60.67
223.507,1731772,54436,0,1786208,3821272,21994,168368267264,60.67
223.608,1731772,55944,0,1787716,3821272,22041,168713674752,60.67
223.708,1731772,55272,0,1787044,3821272,22087,169063612416,60.67
223.808,1731772,53500,0,1785272,3821272,22133,169409081344,60.67
223.909,1731772,53940,0,1785712,3821272,22181,169756545024,60.67
224.009,1731772,54068,0,1785840,3821272,22226,170106580992,60.67
224.110,1731772,53648,0,1785420,3821272,22273,170449895424,60.67
224.210,1731772,53692,0,1785464,3821272,22320,170810449920,60.67
224.324,1731772,54696,0,1786468,3821272,22367,171171053568,60.67
224.424,1731772,57128,0,1788900,3821272,22411,171493376000,60.67
224.525,1731772,57608,0,1789380,3821272,22453,171817381888,60.67
224.626,1731772,58300,0,1790072,3821272,22497,172157480960,60.67
224.726,1731772,58168,0,1789940,3821272,22539,172469657600,60.67
224.827,1731772,57972,0,1789744,3821272,22585,172794585088,60.67
224.927,1731772,58172,0,1789944,3821272,22629,173133037568,60.67
225.028,1731772,58664,0,1790436,3821272,22672,173443842048,60.67
225.128,1731772,58548,0,1790320,3821272,22714,173778661376,60.67
225.229,1731772,59204,0,1790976,3821272,22760,174129385472,60.67
225.329,1731772,59268,0,1791040,3821272,22802,174448799744,60.67
225.430,1731772,59848,0,1791620,3821272,22844,174786928640,62.36
225.530,1731772,59316,0,1791088,3821272,22886,175087529984,62.36
225.631,1731772,57852,0,1789624,3821272,22927,175414640640,62.36
225.731,1731772,57884,0,1789656,3821272,22972,175751819264,62.36
225.832,1731772,58064,0,1789836,3821272,23016,176078225408,62.36
225.932,1731772,57688,0,1789460,3821272,23058,176405487616,62.36
226.033,1731772,57756,0,1789528,3821272,23102,176749834240,62.36
226.133,1731772,58208,0,1789980,3821272,23146,177072173056,62.36
226.234,1731772,58576,0,1790348,3821272,23191,177408106496,62.36
226.335,1731772,58452,0,1790224,3821272,23234,177710252032,62.36
226.436,1731772,58672,0,1790444,3821272,23277,178040459264,62.36
226.536,1731772,59084,0,1790856,3821272,23321,178358153216,62.36
226.637,1731772,59768,0,1791540,3821272,23366,178699546624,62.36
226.737,1731772,59740,0,1791512,3821272,23410,179034054656,62.36
226.837,1731772,59916,0,1791688,3821272,23451,179358642176,62.36
226.938,1731772,60556,0,1792328,3821272,23498,179698429952,62.36
227.038,1731772,60356,0,1792128,3821272,23541,180021170176,62.36
227.139,1731772,60520,0,1792292,3821272,23586,180348751872,62.36
227.239,1731772,60608,0,1792380,3821272,23631,180691288064,62.36
227.340,1731772,60280,0,1792052,3821272,23674,181021290496,62.36
227.440,1731772,59848,0,1791620,3821272,23715,181322006528,63.56
227.541,1731772,59784,0,1791556,3821272,23759,181660958720,63.56
227.641,1731772,58904,0,1790676,3821272,23802,181987811328,63.56
227.742,1731772,59428,0,1791200,3821272,23846,182302478336,63.56
227.842,1731772,59168,0,1790940,3821272,23889,182628712448,63.56
227.943,1731772,59936,0,1791708,3821272,23933,182969815040,63.56
228.043,1731772,59324,0,1791096,3821272,23976,183303352320,63.56
228.144,1731772,59124,0,1790896,3821272,24021,183616741376,63.56
228.244,1731772,59280,0,1791052,3821272,24067,183958540288,63.56
228.344,1731772,59464,0,1791236,3821272,24114,184294322176,63.56
228.445,1731772,60392,0,1792164,3821272,24162,184633806848,63.56
228.545,1731772,60632,0,1792404,3821272,24209,184977473536,63.56
228.646,1731772,62440,0,1794212,3821272,24258,185304137728,63.56
228.746,1731772,63136,0,1794908,3821272,24305,185654628352,63.56
228.847,1731772,63352,0,1795124,3821272,24352,185987203072,63.56
228.947,1731772,62784,0,1794556,3821272,24397,186332876800,63.56
229.048,1731772,64032,0,1795804,3821272,24442,186679414784,63.56
229.148,1731772,64872,0,1796644,3821272,24490,187022336000,63.56
229.248,1731772,64560,0,1796332,3821272,24539,187370872832,63.56
229.349,1731772,64136,0,1795908,3821272,24582,187711053824,64.36
229.449,1731772,64284,0,1796056,3821272,24628,188037066752,64.36
229.550,1731772,64656,0,1796428,3821272,24674,188364210176,64.36
229.650,1731772,65456,0,1797228,3821272,24721,188704276480,64.36
229.750,1731772,66524,0,1798296,3821272,24769,189061353472,64.36
229.851,1731772,66172,0,1797944,3821272,24813,189399474176,64.36
229.951,1731772,66820,0,1798592,3821272,24861,189721612288,64.36
230.052,1731772,66828,0,1798600,3821272,24909,190078205952,64.36
230.152,1731772,67296,0,1799068,3821272,24956,190424518656,64.36
230.253,1731772,67868,0,1799640,3821272,25004,190753886208,64.36
230.353,1731772,68368,0,1800140,3821272,25050,191097049088,64.36
230.454,1731772,68100,0,1799872,3821272,25096,191443709952,64.36
230.554,1731772,68364,0,1800136,3821272,25143,191786897408,64.36
230.655,1731772,69532,0,1801304,3821272,25191,192119283712,64.36
230.755,1731772,69896,0,1801668,3821272,25238,192465043456,64.36
230.856,1731772,70580,0,1802352,3821272,25286,192801878016,64.36
230.956,1731772,70668,0,1802440,3821272,25333,193135190016,64.36
231.056,1731772,72228,0,1804000,3821272,25379,193489965056,64.36
231.157,1731772,72796,0,1804568,3821272,25424,193801875456,64.36
231.257,1731772,73296,0,1805068,3821272,25470,194150330368,64.36
231.357,1731772,73756,0,1805528,3821272,25517,194488676352,64.84
231.458,1731772,75332,0,1807104,3821272,25569,194834026496,64.84
231.558,1731772,63124,0,1794896,3821272,25617,195179450368,64.84
231.659,1731772,51568,0,1783340,3821272,25664,195508363264,64.84
231.759,1731772,47660,0,1779432,3821272,25711,195853168640,64.84
231.859,1731772,44528,0,1776300,3821272,25757,196184600576,64.84
231.960,1731772,42424,0,1774196,3821272,25803,196533743616,64.84
232.060,1731772,41016,0,1772788,3821272,25850,196881985536,64.84
232.161,1731772,39484,0,1771256,3821272,25894,197220007936,64.84
232.261,1731772,37572,0,1769344,3821272,25938,197545029632,64.84
232.362,1731772,38388,0,1770160,3821272,25987,197918191616,64.84
232.462,1731772,39360,0,1771132,3821272,26029,198227603456,64.84
232.562,1731772,40824,0,1772596,3821272,26075,198574813184,64.84
232.663,1731772,43052,0,1774824,3821272,26121,198898737152,64.84
232.763,1731772,43520,0,1775292,3821272,26166,199242629120,64.84
232.864,1731772,44508,0,1776280,3821272,26212,199601168384,64.84
232.964,1731772,45376,0,1777148,3821272,26255,199954452480,64.84
233.064,1731772,47092,0,1778864,3821272,26299,200278925312,64.84
233.165,1731772,47728,0,1779500,3821272,26344,200613531648,64.84
233.265,1731772,48876,0,1780648,3821272,26389,200954376192,65.05
233.366,1731772,49516,0,1781288,3821272,26435,201293586432,65.05
233.466,1731772,48928,0,1780700,3821272,26484,201635876864,65.05
233.566,1731772,48836,0,1780608,3821272,26528,201981071360,65.05
233.667,1731772,48852,0,1780624,3821272,26575,202327822336,65.05
233.767,1731772,48892,0,1780664,3821272,26616,202653519872,65.05
233.868,1731772,47988,0,1779760,3821272,26662,202997780480,65.05
233.968,1731772,47184,0,1778956,3821272,26707,203326545920,65.05
234.068,1731772,46916,0,1778688,3821272,26752,203659595776,65.05
234.169,1731772,47392,0,1779164,3821272,26797,204009025536,65.05
234.269,1731772,48420,0,1780192,3821272,26840,204348514304,65.05
234.370,1731772,49288,0,1781060,3821272,26885,204706521088,65.05
234.470,1731772,50148,0,1781920,3821272,26927,205034655744,65.05
234.570,1731772,50680,0,1782452,3821272,26972,205375070208,65.05
234.671,1731772,53188,0,1784960,3821272,27018,205708632064,65.05
234.771,1731772,54664,0,1786436,3821272,27065,206058082304,65.05
234.872,1731772,55076,0,1786848,3821272,27108,206398918656,65.05
234.972,1731772,55652,0,1787424,3821272,27153,206739726336,65.05
235.073,1731772,55656,0,1787428,3821272,27201,207081357312,65.05
235.173,1731772,54952,0,1786724,3821272,27247,207427719168,65.05
235.273,1731772,55084,0,1786856,3821272,27289,207743963136,65.95
235.374,1731772,55844,0,1787616,3821272,27333,208106168320,65.95
235.474,1731772,55968,0,1787740,3821272,27376,208424800256,65.95
235.574,1731772,56288,0,1788060,3821272,27424,208776830976,65.95
235.675,1731772,55896,0,1787668,3821272,27468,209126354944,65.95
235.775,1731772,55380,0,1787152,3821272,27510,209454919680,65.95
235.876,1731772,55768,0,1787540,3821272,27556,209800863744,65.95
235.976,1731772,53976,0,1785748,3821272,27601,210145189888,65.95
236.076,1731772,53600,0,1785372,3821272,27646,210481274880,65.95
236.177,1731772,53940,0,1785712,3821272,27691,210815262720,65.95
236.277,1731772,54920,0,1786692,3821272,27735,211157102592,65.95
236.378,1731772,54432,0,1786204,3821272,27779,211503017984,65.95
236.478,1731772,55384,0,1787156,3821272,27826,211844341760,65.95
236.578,1731772,56068,0,1787840,3821272,27871,212189716480,65.95
236.679,1731772,56296,0,1788068,3821272,27914,212514668544,65.95
236.779,1731772,56120,0,1787892,3821272,27962,212857602048,65.95
236.879,1731772,55788,0,1787560,3821272,28008,213201145856,65.95
236.980,1731772,56164,0,1787936,3821272,28053,213539618816,65.95
237.080,1731772,54564,0,1786336,3821272,28098,213877948416,65.95
237.181,1731772,55024,0,1786796,3821272,28144,214207217664,66.68
237.281,1731772,54956,0,1786728,3821272,28191,214552510464,66.68
237.381,1731772,54644,0,1786416,3821272,28237,214908633088,66.68
237.482,1731772,54348,0,1786120,3821272,28280,215235432448,66.68
237.582,1731772,54880,0,1786652,3821272,28324,215566888960,66.68
237.683,1731772,54868,0,1786640,3821272,28371,215901671424,66.68
237.783,1731772,55852,0,1787624,3821272,28417,216245899264,66.68
237.883,1731772,56012,0,1787784,3821272,28461,216577966080,66.68
237.984,1731772,56016,0,1787788,3821272,28506,216921350144,66.68
238.084,1731772,56132,0,1787904,3821272,28552,217260298240,66.68
238.185,1731772,56700,0,1788472,3821272,28598,217609060352,66.68
238.285,1731772,57388,0,1789160,3821272,28646,217942970368,66.68
238.385,1731772,57656,0,1789428,3821272,28691,218272370688,66.68
238.486,1731772,58024,0,1789796,3821272,28737,218636709888,66.68
238.586,1731772,57556,0,1789328,3821272,28781,218975956992,66.68
238.687,1731772,56816,0,1788588,3821272,28823,219298861056,66.68
238.787,1731772,57492,0,1789264,3821272,28868,219644661760,66.68
238.887,1731772,57800,0,1789572,3821272,28916,219984969728,66.68
238.988,1731772,57228,0,1789000,3821272,28963,220335898624,66.68
239.088,1731772,57244,0,1789016,3821272,29008,220672327680,66.68
239.188,1731772,57416,0,1789188,3821272,29054,221003849728,66.92
239.289,1731772,58036,0,1789808,3821272,29101,221368143872,66.92
239.389,1731772,58144,0,1789916,3821272,29147,221706305536,66.92
239.490,1731772,58272,0,1790044,3821272,29192,222043598848,66.92
239.590,1731772,58224,0,1789996,3821272,29236,222388154368,66.92
239.690,1731772,58860,0,1790632,3821272,29279,222714191872,66.92
239.791,1731772,58940,0,1790712,3821272,29325,223059013632,66.92
239.891,1731772,59024,0,1790796,3821272,29371,223384903680,66.92
239.992,1731772,59844,0,1791616,3821272,29419,223738806272,66.92
240.092,1731772,60340,0,1792112,3821272,29466,224071454720,66.92
240.192,1731772,60772,0,1792544,3821272,29514,224431022080,66.92
240.293,1731772,60504,0,1792276,3821272,29562,224752328704,66.92
240.393,1731772,59608,0,1791380,3821272,29607,225113804800,66.92
240.493,1731772,59376,0,1791148,3821272,29652,225429233664,66.92
240.594,1731772,61852,0,1793624,3821272,29696,225765093376,66.92
240.694,1731772,62052,0,1793824,3821272,29745,226117017600,66.92
240.795,1731772,63396,0,1795168,3821272,29791,226459365376,66.92
240.895,1731772,64072,0,1795844,3821272,29835,226798174208,66.92
240.995,1731772,64480,0,1796252,3821272,29883,227115073536,66.92
241.096,1731772,65368,0,1797140,3821272,29931,227460435968,67.48
241.197,1731772,65560,0,1797332,3821272,29975,227791163392,67.48
241.297,1731772,66076,0,1797848,3821272,30021,228118073344,67.48
241.415,1731772,66848,0,1798620,3821272,30062,228355596288,67.48
241.542,1731772,64956,0,1796728,3821272,30095,228590850048,67.48
241.643,1731772,58984,0,1790756,3821272,30135,228921933824,67.48
241.743,1731772,48004,0,1779776,3821272,30182,229265092608,67.48
241.844,1731772,44276,0,1776048,3821272,30229,229606887424,67.48
241.944,1731772,44740,0,1776512,3821272,30275,229934297088,67.48
242.044,1731772,46636,0,1778408,3821272,30322,230295248896,67.48
242.145,1731772,43960,0,1775732,3821272,30368,230626193408,67.48
242.245,1731772,43256,0,1775028,3821272,30411,230952091648,67.48
242.346,1731772,41880,0,1773652,3821272,30454,231286448128,67.48
242.446,1731772,40964,0,1772736,3821272,30500,231638036480,67.48
242.546,1731772,40084,0,1771856,3821272,30542,231966388224,67.48
242.647,1731772,40396,0,1772168,3821272,30586,232297791488,67.48
242.747,1731772,40712,0,1772484,3821272,30635,232675213312,67.48
242.848,1731772,42032,0,1773804,3821272,30679,232983810048,67.48
242.948,1731772,41648,0,1773420,3821272,30725,233347592192,67.48
243.048,1731772,42836,0,1774608,3821272,30773,233698832384,65.76
243.149,1731772,44524,0,1776296,3821272,30815,234022891520,65.76
243.249,1731772,46132,0,1777904,3821272,30860,234372907008,65.76
243.350,1731772,47328,0,1779100,3821272,30904,234712313856,65.76
243.450,1731772,48268,0,1780040,3821272,30949,235035815936,65.76
243.550,1731772,48320,0,1780092,3821272,30995,235387211776,65.76
243.651,1731772,49140,0,1780912,3821272,31041,235728728064,65.76
243.751,1731772,49992,0,1781764,3821272,31085,236058513408,65.76
243.852,1731772,50108,0,1781880,3821272,31131,236410413056,65.76
243.952,1731772,49684,0,1781456,3821272,31174,236743430144,65.76
244.053,1731772,49056,0,1780828,3821272,31219,237088899072,65.76
244.153,1731772,49564,0,1781336,3821272,31262,237420388352,65.76
244.254,1731772,49632,0,1781404,3821272,31312,237771358208,65.76
244.354,1731772,50564,0,1782336,3821272,31356,238121148416,65.76
244.455,1731772,50920,0,1782692,3821272,31400,238452748288,65.76
244.555,1731772,51556,0,1783328,3821272,31445,238799949824,65.76
244.655,1731772,52432,0,1784204,3821272,31489,239137247232,65.76
244.756,1731772,53260,0,1785032,3821272,31532,239469191168,65.76
244.856,1731772,54604,0,1786376,3821272,31577,239821504512,65.76
244.956,1731772,55180,0,1786952,3821272,31622,240163430400,65.8
245.057,1731772,54460,0,1786232,3821272,31668,240491937792,65.8
245.157,1731772,55120,0,1786892,3821272,31713,240818343936,65.8
245.258,1731772,55036,0,1786808,3821272,31760,241166114816,65.8
245.358,1731772,55720,0,1787492,3821272,31803,241497575424,65.8
245.458,1731772,56692,0,1788464,3821272,31849,241834115072,65.8
245.559,1731772,56436,0,1788208,3821272,31895,242190831616,65.8
245.659,1731772,55796,0,1787568,3821272,31939,242523529216,65.8
245.760,1731772,55892,0,1787664,3821272,31985,242871267328,65.8
245.860,1731772,56136,0,1787908,3821272,32028,243204800512,65.8
245.960,1731772,56396,0,1788168,3821272,32075,243547336704,65.8
246.061,1731772,56764,0,1788536,3821272,32121,243878137856,65.8
246.161,1731772,56460,0,1788232,3821272,32166,244233310208,65.8
246.261,1731772,55964,0,1787736,3821272,32210,244556460032,65.8
246.362,1731772,55952,0,1787724,3821272,32256,244901539840,65.8
246.462,1731772,55760,0,1787532,3821272,32304,245238743040,65.8
246.562,1731772,56216,0,1787988,3821272,32350,245592293376,65.8
246.663,1731772,55788,0,1787560,3821272,32394,245914169344,65.8
246.763,1731772,56040,0,1787812,3821272,32439,246268694528,65.8
246.864,1731772,55668,0,1787440,3821272,32485,246616195072,65.8
246.964,1731772,56492,0,1788264,3821272,32530,246952886272,66.74
247.065,1731772,56472,0,1788244,3821272,32575,247286132736,66.74
247.165,1731772,56132,0,1787904,3821272,32619,247638761472,66.74
247.265,1731772,57276,0,1789048,3821272,32665,247952756736,66.74
247.366,1731772,57012,0,1788784,3821272,32712,248314159104,66.74
247.466,1731772,56956,0,1788728,3821272,32757,248644468736,66.74
247.566,1731772,56960,0,1788732,3821272,32802,248989409280,66.74
247.667,1731772,56608,0,1788380,3821272,32848,249324470272,66.74
247.767,1731772,56980,0,1788752,3821272,32892,249668706304,66.74
247.868,1731772,56792,0,1788564,3821272,32938,250020335616,66.74
247.968,1731772,56492,0,1788264,3821272,32982,250342158336,66.74
248.068,1731772,57300,0,1789072,3821272,33028,250683858944,66.74
248.169,1731772,57200,0,1788972,3821272,33075,251031953408,66.74
248.269,1731772,59076,0,1790848,3821272,33121,251370790912,66.74
248.370,1731772,58644,0,1790416,3821272,33165,251715981312,66.74
248.470,1731772,58576,0,1790348,3821272,33210,252055932928,66.74
248.571,1731772,58836,0,1790608,3821272,33256,252384571392,66.74
248.671,1731772,58964,0,1790736,3821272,33305,252734668800,66.74
248.771,1731772,59192,0,1790964,3821272,33350,253067751424,66.74
248.872,1731772,59084,0,1790856,3821272,33396,253397381120,66.79
248.972,1731772,59992,0,1791764,3821272,33442,253719941120,66.79
249.073,1731772,58732,0,1790504,3821272,33490,254081585152,66.79
249.173,1731772,58176,0,1789948,3821272,33539,254443237376,66.79
249.274,1731772,59380,0,1791152,3821272,33584,254767972352,66.79
249.374,1731772,59904,0,1791676,3821272,33629,255111626752,66.79
249.475,1731772,59704,0,1791476,3821272,33674,255458394112,66.79
249.575,1731772,59500,0,1791272,3821272,33719,255796551680,66.79
249.676,1731772,59212,0,1790984,3821272,33767,256136749056,66.79
249.776,1731772,59464,0,1791236,3821272,33812,256485044224,66.79
249.876,1731772,59080,0,1790852,3821272,33855,256818135040,66.79
249.977,1731772,58828,0,1790600,3821272,33903,257167474688,66.79
250.077,1731772,58676,0,1790448,3821272,33948,257508286464,66.79
250.177,1731772,59404,0,1791176,3821272,33994,257840164864,66.79
250.278,1731772,60152,0,1791924,3821272,34041,258177736704,66.79
250.378,1731772,59812,0,1791584,3821272,34086,258514558976,66.79
250.479,1731772,60052,0,1791824,3821272,34133,258840285184,66.79
250.579,1731772,60068,0,1791840,3821272,34180,259201052672,66.79
250.680,1731772,60516,0,1792288,3821272,34226,259525623808,66.79
250.780,1731772,61412,0,1793184,3821272,34274,259878359040,66.79
250.881,1731772,61908,0,1793680,3821272,34321,260217614336,67.73
250.981,1731772,62524,0,1794296,3821272,34369,260554100736,67.73
251.081,1731772,63548,0,1795320,3821272,34416,260889780224,67.73
251.182,1731772,64252,0,1796024,3821272,34463,261230125056,67.73
251.282,1731772,64564,0,1796336,3821272,34509,261585637376,67.73
251.382,1731772,64564,0,1796336,3821272,34554,261908115456,67.73
251.483,1731772,64884,0,1796656,3821272,34601,262268186624,67.73
251.583,1731772,66184,0,1797956,3821272,34646,262589935616,67.73
251.684,1731772,66800,0,1798572,3821272,34697,262941851648,67.73
251.784,1731772,67972,0,1799744,3821272,34745,263278903296,67.73
251.884,1731772,56436,0,1788208,3821272,34797,263619661824,67.73
251.985,1731772,48708,0,1780480,3821272,34842,263952728064,67.73
252.085,1731772,44520,0,1776292,3821272,34889,264306675712,67.73
252.186,1731772,43248,0,1775020,3821272,34937,264640614400,67.73
252.286,1731772,42256,0,1774028,3821272,34984,264978341888,67.73
252.387,1731772,39196,0,1770968,3821272,35029,265328635904,67.73
252.487,1731772,38980,0,1770752,3821272,35072,265646075904,67.73
252.587,1731772,38468,0,1770240,3821272,35117,265993609216,67.73
252.688,1731772,39012,0,1770784,3821272,35162,266337927168,67.73
252.788,1731772,39456,0,1771228,3821272,35210,266672214016,66.69
252.889,1731772,39584,0,1771356,3821272,35253,266999934976,66.69
252.989,1731772,40108,0,1771880,3821272,35300,267362914304,66.69
253.090,1731772,40504,0,1772276,3821272,35346,267708387328,66.69
253.190,1731772,41040,0,1772812,3821272,35390,268061937664,66.69
253.290,1731772,42116,0,1773888,3821272,35433,268378599424,66.69
253.391,1731772,43276,0,1775048,3821272,35478,268723265536,66.69
253.491,1731772,44224,0,1775996,3821272,35525,269070467072,66.69
253.592,1731772,45500,0,1777272,3821272,35567,269395644416,66.69
253.692,1731772,46968,0,1778740,3821272,35614,269738659840,66.69
253.792,1731772,48284,0,1780056,3821272,35659,270102118400,66.69
253.893,1731772,48772,0,1780544,3821272,35702,270421557248,66.69
253.993,1731772,49216,0,1780988,3821272,35751,270756433920,66.69
254.094,1731772,48984,0,1780756,3821272,35794,271121223680,66.69
254.194,1731772,49096,0,1780868,3821272,35837,271454371840,66.69
254.294,1731772,49172,0,1780944,3821272,35883,271800643584,66.69
254.395,1731772,49488,0,1781260,3821272,35928,272127041536,66.69
254.495,1731772,50444,0,1782216,3821272,35972,272469180416,66.69
254.596,1731772,51096,0,1782868,3821272,36017,272804073472,66.69
254.696,1731772,51720,0,1783492,3821272,36063,273153380352,67.11
254.796,1731772,52172,0,1783944,3821272,36108,273496506368,67.11
254.897,1731772,52744,0,1784516,3821272,36153,273830883328,67.11
254.997,1731772,53320,0,1785092,3821272,36197,274169446400,67.11
255.102,1731772,53832,0,1785604,3821272,36245,274525179904,67.11
255.203,1731772,53656,0,1785428,3821272,36290,274873610240,67.11
255.303,1731772,53776,0,1785548,3821272,36337,275216519168,67.11
255.404,1731772,54200,0,1785972,3821272,36380,275549130752,67.11
255.504,1731772,54596,0,1786368,3821272,36426,275891597312,67.11
255.604,1731772,53364,0,1785136,3821272,36467,276235206656,67.11
255.705,1731772,53516,0,1785288,3821272,36512,276578766848,67.11
255.805,1731772,53200,0,1784972,3821272,36557,276921565184,67.11
255.906,1731772,53644,0,1785416,3821272,36600,277266542592,67.11
256.006,1731772,54228,0,1786000,3821272,36644,277589995520,67.11
256.106,1731772,53968,0,1785740,3821272,36688,277941952512,67.11
256.207,1731772,54524,0,1786296,3821272,36731,278260293632,67.11
256.307,1731772,54588,0,1786360,3821272,36778,278611111936,67.11
256.408,1731772,54492,0,1786264,3821272,36824,278949195776,67.11
256.508,1731772,54388,0,1786160,3821272,36869,279304937472,67.11
256.608,1731772,53864,0,1785636,3821272,36915,279639080960,67.11
256.709,1731772,53932,0,1785704,3821272,36959,279979429888,66.91
256.809,1731772,53664,0,1785436,3821272,37004,280325861376,66.91
256.910,1731772,53408,0,1785180,3821272,37046,280629743616,66.91
257.010,1731772,54188,0,1785960,3821272,37093,280978534400,66.91
257.110,1731772,53812,0,1785584,3821272,37138,281333383168,66.91
257.211,1731772,53876,0,1785648,3821272,37181,281666093056,66.91
257.311,1731772,53500,0,1785272,3821272,37228,282023354368,66.91
257.412,1731772,53092,0,1784864,3821272,37272,282360700928,66.91
257.512,1731772,53076,0,1784848,3821272,37320,282700578816,66.91
257.612,1731772,53404,0,1785176,3821272,37364,283040866304,66.91
257.713,1731772,53888,0,1785660,3821272,37410,283387908096,66.91
257.813,1731772,53524,0,1785296,3821272,37454,283713470464,66.91
257.914,1731772,53068,0,1784840,3821272,37499,284047790080,66.91
258.014,1731772,53564,0,1785336,3821272,37545,284407283712,66.91
258.115,1731772,52924,0,1784696,3821272,37588,284733747200,66.91
258.215,1731772,53012,0,1784784,3821272,37635,285079908352,66.91
258.315,1731772,53332,0,1785104,3821272,37681,285425733632,66.91
258.416,1731772,54016,0,1785788,3821272,37727,285750784000,66.91
258.516,1731772,54144,0,1785916,3821272,37773,286103048192,66.91
258.617,1731772,54032,0,1785804,3821272,37818,286450405376,68.01
258.717,1731772,54828,0,1786600,3821272,37862,286784634880,68.01
258.817,1731772,54968,0,1786740,3821272,37910,287137423360,68.01
258.918,1731772,55268,0,1787040,3821272,37955,287474098176,68.01
259.018,1731772,55672,0,1787444,3821272,38003,287801364480,68.01
259.119,1731772,54688,0,1786460,3821272,38048,288151232512,68.01
259.219,1731772,55108,0,1786880,3821272,38091,288493273088,68.01
259.320,1731772,54352,0,1786124,3821272,38135,288828448768,68.01
259.420,1731772,54068,0,1785840,3821272,38180,289148342272,68.01
259.520,1731772,54128,0,1785900,3821272,38228,289509707776,68.01
259.621,1731772,54780,0,1786552,3821272,38275,289837305856,68.01
259.721,1731772,54932,0,1786704,3821272,38320,290187091968,68.01
259.822,1731772,55256,0,1787028,3821272,38365,290509471744,68.01
259.922,1731772,54816,0,1786588,3821272,38414,290868998144,68.01
260.022,1731772,55392,0,1787164,3821272,38458,291198885888,68.01
260.123,1731772,56028,0,1787800,3821272,38507,291550490624,68.01
260.223,1731772,56456,0,1788228,3821272,38556,291901059072,68.01
260.324,1731772,56516,0,1788288,3821272,38600,292230414336,68.01
260.424,1731772,57012,0,1788784,3821272,38646,292573626368,68.01
260.524,1731772,56344,0,1788116,3821272,38693,292913602560,68.01
260.625,1731772,56196,0,1787968,3821272,38738,293251620864,67.83
260.725,1731772,55616,0,1787388,3821272,38782,293585244160,67.83
260.825,1731772,55400,0,1787172,3821272,38826,293920915456,67.83
260.926,1731772,56220,0,1787992,3821272,38871,294259785728,67.83
261.026,1731772,56260,0,1788032,3821272,38917,294602231808,67.83
261.127,1731772,56744,0,1788516,3821272,38964,294962679808,67.83
261.227,1731772,58032,0,1789804,3821272,39012,295289245696,67.83
261.327,1731772,58136,0,1789908,3821272,39056,295629238272,67.83
261.428,1731772,57972,0,1789744,3821272,39103,295963889664,67.83
261.528,1731772,58320,0,1790092,3821272,39151,296315711488,67.83
261.629,1731772,58920,0,1790692,3821272,39197,296649670656,67.83
261.729,1731772,59392,0,1791164,3821272,39241,296995442688,67.83
261.829,1731772,60124,0,1791896,3821272,39287,297332207616,67.83
261.930,1731772,56080,0,1787852,3821272,39334,297678688256,67.83
262.030,1731772,48096,0,1779868,3821272,39382,298024218624,67.83
262.131,1731772,45076,0,1776848,3821272,39424,298358624256,67.83
262.231,1731772,43128,0,1774900,3821272,39471,298698551296,67.83
262.332,1731772,40728,0,1772500,3821272,39517,299046793216,67.83
262.432,1731772,40752,0,1772524,3821272,39564,299371372544,67.83
262.532,1731772,40184,0,1771956,3821272,39608,299717513216,67.68
262.633,1731772,39816,0,1771588,3821272,39656,300064284672,67.68
262.733,1731772,39884,0,1771656,3821272,39701,300410523648,67.68
262.833,1731772,41276,0,1773048,3821272,39745,300751671296,67.68
262.934,1731772,41268,0,1773040,3821272,39789,301071011840,67.68
263.034,1731772,41668,0,1773440,3821272,39833,301418299392,67.68
263.135,1731772,42748,0,1774520,3821272,39876,301773561856,67.68
263.235,1731772,43720,0,1775492,3821272,39922,302098272256,67.68
263.336,1731772,44296,0,1776068,3821272,39966,302439718912,67.68
263.436,1731772,46348,0,1778120,3821272,40014,302795452416,67.68
263.536,1731772,48064,0,1779836,3821272,40059,303134654464,67.68
263.637,1731772,49592,0,1781364,3821272,40103,303464988672,67.68
263.737,1731772,50280,0,1782052,3821272,40148,303802470400,67.68
263.838,1731772,51464,0,1783236,3821272,40192,304134582272,67.68
263.938,1731772,51192,0,1782964,3821272,40237,304478982144,67.68
264.038,1731772,51832,0,1783604,3821272,40281,304835555328,67.68
264.139,1731772,49660,0,1781432,3821272,40325,305174552576,67.68
264.239,1731772,50224,0,1781996,3821272,40369,305488244736,67.68
264.339,1731772,49840,0,1781612,3821272,40416,305843859456,67.68
264.440,1731772,49660,0,1781432,3821272,40460,306172235776,66.28
264.540,1731772,50188,0,1781960,3821272,40508,306529181696,66.28
264.641,1731772,51324,0,1783096,3821272,40553,306889478144,66.28
264.741,1731772,51836,0,1783608,3821272,40597,307218305024,66.28
264.841,1731772,53048,0,1784820,3821272,40642,307554234368,66.28
264.942,1731772,53920,0,1785692,3821272,40689,307909292032,66.28
265.042,1731772,54392,0,1786164,3821272,40730,308222398464,66.28
265.143,1731772,55360,0,1787132,3821272,40774,308553621504,66.28
265.243,1731772,55064,0,1786836,3821272,40823,308921552896,66.28
265.343,1731772,57520,0,1789292,3821272,40865,309251452928,66.28
265.444,1731772,57224,0,1788996,3821272,40909,309585317888,66.28
265.544,1731772,57356,0,1789128,3821272,40953,309922816000,66.28
265.644,1731772,56332,0,1788104,3821272,40998,310270205952,66.28
265.745,1731772,56424,0,1788196,3821272,41042,310614544384,66.28
265.845,1731772,55120,0,1786892,3821272,41086,310943248384,66.28
265.946,1731772,55620,0,1787392,3821272,41132,311296323584,66.28
266.046,1731772,56084,0,1787856,3821272,41175,311633616896,66.28
266.147,1731772,55580,0,1787352,3821272,41219,311978049536,66.28
266.247,1731772,55344,0,1787116,3821272,41262,312307871744,66.28
266.347,1731772,54308,0,1786080,3821272,41308,312644567040,66.28
266.448,1731772,54660,0,1786432,3821272,41353,312993554432,66.96
266.548,1731772,52732,0,1784504,3821272,41398,313325867008,66.96
266.649,1731772,52364,0,1784136,3821272,41443,313665228800,66.96
266.749,1731772,51468,0,1783240,3821272,41488,314031378432,66.96
266.849,1731772,51656,0,1783428,3821272,41533,314354937856,66.96
266.950,1731772,51644,0,1783416,3821272,41577,314707705856,66.96
267.050,1731772,51480,0,1783252,3821272,41623,315042611200,66.96
267.151,1731772,51756,0,1783528,3821272,41668,315369672704,66.96
267.251,1731772,52528,0,1784300,3821272,41711,315703296000,66.96
267.352,1731772,53196,0,1784968,3821272,41757,316027080704,66.96
267.452,1731772,53272,0,1785044,3821272,41805,316386320384,66.96
267.552,1731772,54620,0,1786392,3821272,41850,316734443520,66.96
267.653,1731772,54556,0,1786328,3821272,41895,317070364672,66.96
267.753,1731772,55144,0,1786916,3821272,41941,317393715200,66.96
267.854,1731772,56060,0,1787832,3821272,41985,317734895616,66.96
267.954,1731772,56060,0,1787832,3821272,42031,318093017088,66.96
268.055,1731772,56232,0,1788004,3821272,42077,318429454336,66.96
268.155,1731772,57388,0,1789160,3821272,42122,318771286016,66.96
268.256,1731772,57128,0,1788900,3821272,42170,319133679616,66.96
268.356,1731772,57524,0,1789296,3821272,42215,319469985792,66.96
268.457,1731772,57140,0,1788912,3821272,42258,319795019776,66.96
268.557,1731772,56548,0,1788320,3821272,42305,320138592256,66.96
268.657,1731772,55812,0,1787584,3821272,42351,320481542144,66.96
268.758,1731772,55860,0,1787632,3821272,42397,320799961088,66.96
268.858,1731772,55316,0,1787088,3821272,42445,321149415424,66.96
268.959,1731772,55752,0,1787524,3821272,42492,321510027264,66.96
269.059,1731772,55464,0,1787236,3821272,42536,321843200000,66.96
269.159,1731772,55412,0,1787184,3821272,42583,322172153856,66.96
269.260,1731772,55608,0,1787380,3821272,42628,322528088064,66.96
269.360,1731772,55928,0,1787700,3821272,42673,322863038464,66.96
269.460,1731772,57204,0,1788976,3821272,42722,323203796992,66.96
269.561,1731772,57916,0,1789688,3821272,42765,323550375936,66.96
269.661,1731772,58728,0,1790500,3821272,42813,323873398784,66.96
269.762,1731772,58852,0,1790624,3821272,42858,324220243968,66.96
269.862,1731772,59016,0,1790788,3821272,42906,324554248192,66.96
269.962,1731772,60696,0,1792468,3821272,42953,324897947648,66.96
270.063,1731772,60584,0,1792356,3821272,42995,325220880384,66.96
270.163,1731772,60728,0,1792500,3821272,43043,325576044544,66.96
270.264,1731772,60456,0,1792228,3821272,43091,325914378240,66.96
270.364,1731772,60300,0,1792072,3821272,43137,326272307200,67.33
270.464,1731772,60224,0,1791996,3821272,43186,326599827456,67.33
270.565,1731772,59244,0,1791016,3821272,43232,326939447296,67.33
270.665,1731772,59940,0,1791712,3821272,43279,327291367424,67.33
270.766,1731772,61088,0,1792860,3821272,43327,327622053888,67.33
270.866,1731772,60676,0,1792448,3821272,43373,327959195648,67.33
270.966,1731772,61668,0,1793440,3821272,43418,328294326272,67.33
271.067,1731772,62192,0,1793964,3821272,43463,328634847232,67.33
271.167,1731772,63272,0,1795044,3821272,43508,328969162752,67.33
271.268,1731772,63880,0,1795652,3821272,43554,329317834752,67.33
271.368,1731772,64172,0,1795944,3821272,43601,329665548288,67.33
271.468,1731772,65128,0,1796900,3821272,43647,330011389952,67.33
271.569,1731772,66224,0,1797996,3821272,43696,330354884608,67.33
271.669,1731772,67100,0,1798872,3821272,43741,330671222784,67.33
271.769,1731772,67368,0,1799140,3821272,43790,331032608768,67.33
271.870,1731772,67416,0,1799188,3821272,43839,331359907840,67.33
271.970,1731772,66428,0,1798200,3821272,43887,331700953088,67.33
272.071,1731772,56108,0,1787880,3821272,43934,332048113664,67.33
272.171,1731772,50892,0,1782664,3821272,43978,332390260736,67.33
272.271,1731772,47836,0,1779608,3821272,44021,332712398848,66.91
272.372,1731772,44576,0,1776348,3821272,44070,333066436608,66.91
272.472,1731772,42288,0,1774060,3821272,44115,333411430400,66.91
272.573,1731772,41192,0,1772964,3821272,44161,333742960640,66.91
272.673,1731772,40476,0,1772248,3821272,44207,334079070208,66.91
272.773,1731772,38292,0,1770064,3821272,44252,334416048128,66.91
272.874,1731772,39032,0,1770804,3821272,44299,334783221760,66.91
272.974,1731772,39048,0,1770820,3821272,44342,335103127552,66.91
273.075,1731772,40060,0,1771832,3821272,44387,335457251328,66.91
273.175,1731772,40672,0,1772444,3821272,44432,335785201664,66.91
273.275,1731772,41904,0,1773676,3821272,44476,336129286144,66.91
273.376,1731772,42912,0,1774684,3821272,44519,336438304768,66.91
273.476,1731772,43476,0,1775248,3821272,44564,336798928896,66.91
273.577,1731772,44312,0,1776084,3821272,44610,337155981312,66.91
273.677,1731772,45248,0,1777020,3821272,44653,337498517504,66.91
273.778,1731772,46120,0,1777892,3821272,44697,337831960576,66.91
273.878,1731772,47724,0,1779496,3821272,44743,338176307200,66.91
273.979,1731772,48360,0,1780132,3821272,44787,338510155776,66.91
274.079,1731772,48864,0,1780636,3821272,44833,338847219712,66.91
274.179,1731772,50496,0,1782268,3821272,44880,339195809792,66.92
274.280,1731772,51288,0,1783060,3821272,44928,339542228992,66.92
274.380,1731772,51300,0,1783072,3821272,44971,339866206208,66.92
274.480,1731772,50932,0,1782704,3821272,45016,340223791104,66.92
274.581,1731772,52576,0,1784348,3821272,45061,340561133568,66.92
274.681,1731772,53476,0,1785248,3821272,45106,340882231296,66.92
274.782,1731772,54144,0,1785916,3821272,45152,341238046720,66.92
274.882,1731772,55248,0,1787020,3821272,45195,341563453440,66.92
274.982,1731772,55652,0,1787424,3821272,45242,341922635776,66.92
275.083,1731772,56860,0,1788632,3821272,45286,342254936064,66.92
275.183,1731772,56700,0,1788472,3821272,45330,342602092544,66.92
275.284,1731772,57340,0,1789112,3821272,45374,342927245312,66.92
275.384,1731772,57848,0,1789620,3821272,45419,343268909056,66.92
275.485,1731772,57204,0,1788976,3821272,45465,343626170368,66.92
275.585,1731772,56724,0,1788496,3821272,45509,343958482944,66.92
275.685,1731772,55600,0,1787372,3821272,45553,344305934336,66.92
275.786,1731772,55164,0,1786936,3821272,45596,344643379200,66.92
275.886,1731772,53384,0,1785156,3821272,45640,344972664832,66.92
275.987,1731772,53328,0,1785100,3821272,45685,345324654592,66.92
276.087,1731772,53432,0,1785204,3821272,45731,345657507840,66.92
276.187,1731772,53432,0,1785204,3821272,45775,345992306688,66.76
276.288,1731772,53948,0,1785720,3821272,45822,346350944256,66.76
276.388,1731772,54240,0,1786012,3821272,45865,346689744896,66.76
276.488,1731772,54000,0,1785772,3821272,45909,347005427712,66.76
276.589,1731772,53756,0,1785528,3821272,45956,347357638656,66.76
276.689,1731772,54136,0,1785908,3821272,46000,347701792768,66.76
276.790,1731772,53432,0,1785204,3821272,46042,348037074944,66.76
276.890,1731772,53564,0,1785336,3821272,46089,348368510976,66.76
276.991,1731772,53760,0,1785532,3821272,46137,348719001600,66.76
277.091,1731772,53516,0,1785288,3821272,46180,349057617920,66.76
277.191,1731772,54080,0,1785852,3821272,46226,349376409600,66.76
277.292,1731772,53204,0,1784976,3821272,46272,349730488320,66.76
277.392,1731772,52920,0,1784692,3821272,46319,350084509696,66.76
277.492,1731772,53088,0,1784860,3821272,46363,350430081024,66.76
277.593,1731772,53116,0,1784888,3821272,46409,350757801984,66.76
277.693,1731772,54148,0,1785920,3821272,46454,351103299584,66.76
277.794,1731772,55180,0,1786952,3821272,46501,351440572416,66.76
277.894,1731772,54952,0,1786724,3821272,46547,351773704192,66.76
277.995,1731772,55128,0,1786900,3821272,46592,352112431104,66.76
278.095,1731772,55576,0,1787348,3821272,46639,352450273280,66.62
278.196,1731772,55960,0,1787732,3821272,46685,352800686080,66.62
278.296,1731772,55932,0,1787704,3821272,46730,353145303040,66.62
278.396,1731772,55844,0,1787616,3821272,46776,353478348800,66.62
278.497,1731772,55916,0,1787688,3821272,46822,353819312128,66.62
278.597,1731772,57036,0,1788808,3821272,46870,354172727296,66.62
278.698,1731772,56836,0,1788608,3821272,46916,354504040448,66.62
278.798,1731772,56452,0,1788224,3821272,46964,354831826944,66.62
278.898,1731772,55792,0,1787564,3821272,47008,355175362560,66.62
278.999,1731772,55244,0,1787016,3821272,47052,355518242816,66.62
279.099,1731772,55428,0,1787200,3821272,47099,355868831744,66.62
279.200,1731772,54636,0,1786408,3821272,47143,356203491328,66.62
279.300,1731772,55072,0,1786844,3821272,47186,356513542144,66.62
279.400,1731772,54856,0,1786628,3821272,47236,356865941504,66.62
279.501,1731772,55248,0,1787020,3821272,47284,357221109760,66.62
279.601,1731772,54808,0,1786580,3821272,47326,357558292480,66.62
279.702,1731772,54704,0,1786476,3821272,47370,357894459392,66.62
279.802,1731772,55316,0,1787088,3821272,47417,358233997312,66.62
279.902,1731772,55320,0,1787092,3821272,47461,358559801344,66.62
280.003,1731772,55656,0,1787428,3821272,47506,358904819712,66.62
280.103,1731772,56180,0,1787952,3821272,47554,359248887808,65.96
280.203,1731772,55628,0,1787400,3821272,47598,359588962304,65.96
280.304,1731772,56524,0,1788296,3821272,47646,359930130432,65.96
280.404,1731772,57112,0,1788884,3821272,47691,360272449536,65.96
280.505,1731772,57208,0,1788980,3821272,47736,360626028544,65.96
280.605,1731772,57232,0,1789004,3821272,47780,360949657600,65.96
280.706,1731772,57084,0,1788856,3821272,47828,361311408128,65.96
280.806,1731772,57168,0,1788940,3821272,47874,361653297152,65.96
280.906,1731772,57912,0,1789684,3821272,47920,361990774784,65.96
281.007,1731772,57916,0,1789688,3821272,47963,362327744512,65.96
281.107,1731772,57280,0,1789052,3821272,48009,362644275200,65.96
281.207,1731772,57404,0,1789176,3821272,48057,363000770560,65.96
281.308,1731772,57512,0,1789284,3821272,48102,363347296256,65.96
281.408,1731772,58832,0,1790604,3821272,48148,363672428544,65.96
281.509,1731772,58712,0,1790484,3821272,48193,364023336960,65.96
281.609,1731772,58868,0,1790640,3821272,48238,364352507904,65.96
281.709,1731772,61396,0,1793168,3821272,48284,364694024192,65.96
281.810,1731772,59504,0,1791276,3821272,48331,365045968896,65.96
281.910,1731772,59464,0,1791236,3821272,48379,365387218944,65.96
282.014,1731772,59964,0,1791736,3821272,48420,365603717120,66.87
282.115,1731772,59512,0,1791284,3821272,48426,365653049344,66.87
282.215,1731772,47316,0,1779088,3821272,48473,366038622208,66.87
282.316,1731772,42376,0,1774148,3821272,48522,366390587392,66.87
282.416,1731772,41200,0,1772972,3821272,48565,366729957376,66.87
282.516,1731772,39048,0,1770820,3821272,48610,367057301504,66.87
282.617,1731772,38084,0,1769856,3821272,48657,367406993408,66.87
282.717,1731772,37352,0,1769124,3821272,48702,367755898880,66.87
282.818,1731772,37228,0,1769000,3821272,48748,368083681280,66.87
282.918,1731772,36532,0,1768304,3821272,48793,368429002752,66.87
283.018,1731772,36756,0,1768528,3821272,48836,368758726656,66.87
283.119,1731772,36884,0,1768656,3821272,48879,369075945472,66.87
283.219,1731772,37924,0,1769696,3821272,48923,369429958656,66.87
283.320,1731772,38964,0,1770736,3821272,48967,369782353920,66.87
283.420,1731772,40556,0,1772328,3821272,49014,370136969216,66.87
283.520,1731772,41864,0,1773636,3821272,49060,370459385856,66.87
283.621,1731772,42936,0,1774708,3821272,49104,370804371456,66.87
283.721,1731772,44400,0,1776172,3821272,49148,371145125888,66.87
283.821,1731772,45748,0,1777520,3821272,49195,371479019520,66.87
283.922,1731772,47404,0,1779176,3821272,49240,371824787456,65.45
284.022,1731772,47764,0,1779536,3821272,49283,372143824896,65.45
284.123,1731772,47772,0,1779544,3821272,49327,372509126656,65.45
284.223,1731772,48128,0,1779900,3821272,49371,372836659200,65.45
284.324,1731772,47500,0,1779272,3821272,49419,373186007040,65.45
284.424,1731772,46836,0,1778608,3821272,49464,373532430336,65.45
284.524,1731772,47116,0,1778888,3821272,49507,373847011328,65.45
284.625,1731772,47000,0,1778772,3821272,49554,374218514432,65.45
284.725,1731772,47568,0,1779340,3821272,49599,374546862080,65.45
284.825,1731772,47724,0,1779496,3821272,49644,374894297088,65.45
284.926,1731772,48816,0,1780588,3821272,49689,375229648896,65.45
285.026,1731772,50160,0,1781932,3821272,49737,375579123712,65.45
285.127,1731772,51380,0,1783152,3821272,49781,375906390016,65.45
285.227,1731772,52128,0,1783900,3821272,49824,376252076032,65.45
285.328,1731772,52076,0,1783848,3821272,49869,376607662080,65.45
285.428,1731772,53564,0,1785336,3821272,49912,376924856320,65.45
285.529,1731772,53448,0,1785220,3821272,49959,377277112320,65.45
285.629,1731772,54020,0,1785792,3821272,50006,377623519232,65.45
285.730,1731772,54088,0,1785860,3821272,50052,377980424192,65.45
285.847,1731772,53740,0,1785512,3821272,50104,378374578176,65.45
285.947,1731772,53300,0,1785072,3821272,50147,378705330176,66.63
286.048,1731772,54288,0,1786060,3821272,50191,379045531648,66.63
286.148,1731772,54020,0,1785792,3821272,50234,379378126848,66.63
286.249,1731772,53964,0,1785736,3821272,50282,379714453504,66.63
286.349,1731772,54188,0,1785960,3821272,50328,380068540416,66.63
286.449,1731772,54132,0,1785904,3821272,50372,380415406080,66.63
286.550,1731772,54612,0,1786384,3821272,50416,380737753088,66.63
286.650,1731772,55216,0,1786988,3821272,50461,381077934080,66.63
286.751,1731772,55240,0,1787012,3821272,50508,381428117504,66.63
286.851,1731772,55172,0,1786944,3821272,50550,381753643008,66.63
286.951,1731772,55376,0,1787148,3821272,50599,382094979072,66.63
287.052,1731772,54860,0,1786632,3821272,50644,382444949504,66.63
287.152,1731772,54704,0,1786476,3821272,50689,382785589248,66.63
287.253,1731772,54956,0,1786728,3821272,50736,383113191424,66.63
287.353,1731772,55212,0,1786984,3821272,50783,383466897408,66.63
287.454,1731772,55100,0,1786872,3821272,50829,383811637248,66.63
287.554,1731772,54496,0,1786268,3821272,50874,384149385216,66.63
287.654,1731772,54376,0,1786148,3821272,50917,384481427456,66.63
287.755,1731772,53808,0,1785580,3821272,50963,384832503808,66.63
287.855,1731772,53732,0,1785504,3821272,51009,385174519808,66.52
287.955,1731772,53604,0,1785376,3821272,51050,385491689472,66.52
288.056,1731772,54128,0,1785900,3821272,51097,385837043712,66.52
288.156,1731772,53872,0,1785644,3821272,51143,386169430016,66.52
288.257,1731772,54236,0,1786008,3821272,51192,386524110848,66.52
288.357,1731772,54800,0,1786572,3821272,51239,386872360960,66.52
288.458,1731772,54884,0,1786656,3821272,51283,387203063808,66.52
288.558,1731772,55324,0,1787096,3821272,51327,387548463104,66.52
288.658,1731772,55324,0,1787096,3821272,51371,387883954176,66.52
288.759,1731772,55376,0,1787148,3821272,51421,388221865984,66.52
288.860,1731772,55348,0,1787120,3821272,51466,388564303872,66.52
288.960,1731772,55604,0,1787376,3821272,51512,388913848320,66.52
289.060,1731772,56188,0,1787960,3821272,51557,389240549376,66.52
289.161,1731772,55984,0,1787756,3821272,51602,389578604544,66.52
289.261,1731772,57020,0,1788792,3821272,51647,389907345408,66.52
289.362,1731772,57144,0,1788916,3821272,51694,390268547072,66.52
289.462,1731772,57620,0,1789392,3821272,51740,390581448704,66.52
289.562,1731772,58140,0,1789912,3821272,51787,390937944064,66.52
289.663,1731772,57696,0,1789468,3821272,51836,391302713344,66.52
289.763,1731772,57640,0,1789412,3821272,51882,391619547136,66.79
289.864,1731772,57832,0,1789604,3821272,51928,391973949440,66.79
289.964,1731772,57756,0,1789528,3821272,51973,392296914944,66.79
290.064,1731772,57192,0,1788964,3821272,52018,392664354816,66.79
290.165,1731772,57036,0,1788808,3821272,52062,393000017920,66.79
290.265,1731772,57288,0,1789060,3821272,52107,393320980480,66.79
290.366,1731772,57560,0,1789332,3821272,52154,393678897152,66.79
290.466,1731772,58228,0,1790000,3821272,52202,394009989120,66.79
290.566,1731772,58152,0,1789924,3821272,52247,394347257856,66.79
290.667,1731772,58084,0,1789856,3821272,52291,394701942784,66.79
290.767,1731772,58384,0,1790156,3821272,52337,395037274112,66.79
290.868,1731772,58932,0,1790704,3821272,52380,395371663360,66.79
290.968,1731772,58496,0,1790268,3821272,52426,395697033216,66.79
291.068,1731772,58184,0,1789956,3821272,52475,396067045376,66.79
291.169,1731772,57940,0,1789712,3821272,52517,396400607232,66.79
291.269,1731772,57972,0,1789744,3821272,52565,396740722688,66.79
291.370,1731772,58576,0,1790348,3821272,52610,397074751488,66.79
291.470,1731772,59432,0,1791204,3821272,52658,397418176512,66.79
291.571,1731772,59620,0,1791392,3821272,52704,397760786432,66.79
291.671,1731772,59468,0,1791240,3821272,52748,398107254784,66.79
291.771,1731772,59460,0,1791232,3821272,52797,398438436864,67.0
291.872,1731772,59620,0,1791392,3821272,52845,398796996608,67.0
291.972,1731772,60432,0,1792204,3821272,52891,399127109632,67.0
292.073,1731772,60404,0,1792176,3821272,52938,399472427008,67.0
292.173,1731772,59800,0,1791572,3821272,52982,399794429952,67.0
292.274,1731772,59604,0,1791376,3821272,53032,400145539072,67.0
292.374,1731772,50144,0,1781916,3821272,53079,400475541504,67.0
292.475,1731772,45156,0,1776928,3821272,53124,400819052544,67.0
292.575,1731772,41008,0,1772780,3821272,53170,401167728640,67.0
292.676,1731772,38868,0,1770640,3821272,53222,401494368256,67.0
292.776,1731772,37504,0,1769276,3821272,53265,401844744192,67.0
292.877,1731772,37936,0,1769708,3821272,53310,402188763136,67.0
292.977,1731772,37908,0,1769680,3821272,53358,402533941248,67.0
293.077,1731772,37896,0,1769668,3821272,53402,402871750656,67.0
293.178,1731772,38428,0,1770200,3821272,53446,403206553600,67.0
293.278,1731772,39692,0,1771464,3821272,53492,403554430976,67.0
293.379,1731772,40884,0,1772656,3821272,53538,403902902272,67.0
293.479,1731772,42184,0,1773956,3821272,53582,404243161088,67.0
293.580,1731772,43336,0,1775108,3821272,53626,404569456640,67.0
293.680,1731772,44364,0,1776136,3821272,53669,404906213376,67.0
293.780,1731772,45076,0,1776848,3821272,53716,405259878400,67.0
293.881,1731772,45952,0,1777724,3821272,53760,405600501760,67.0
293.981,1731772,46884,0,1778656,3821272,53805,405916467200,67.0
294.082,1731772,47508,0,1779280,3821272,53853,406273069056,67.0
294.182,1731772,47176,0,1778948,3821272,53897,406622457856,67.0
294.283,1731772,47200,0,1778972,3821272,53945,406958870528,67.0
294.383,1731772,46564,0,1778336,3821272,53989,407312543744,67.0
294.483,1731772,47428,0,1779200,3821272,54033,407653404672,67.0
294.584,1731772,47732,0,1779504,3821272,54077,407996100608,67.0
294.684,1731772,47500,0,1779272,3821272,54120,408320458752,67.0
294.785,1731772,47692,0,1779464,3821272,54165,408659582976,67.0
294.885,1731772,48348,0,1780120,3821272,54210,408998694912,67.0
294.985,1731772,48416,0,1780188,3821272,54254,409337999360,67.0
295.086,1731772,49112,0,1780884,3821272,54296,409687633920,67.0
295.186,1731772,50452,0,1782224,3821272,54342,410024763392,67.0
295.286,1731772,50480,0,1782252,3821272,54387,410372374528,67.0
295.387,1731772,51560,0,1783332,3821272,54433,410704699392,67.0
295.487,1731772,51376,0,1783148,3821272,54478,411052896256,67.0
295.588,1731772,51696,0,1783468,3821272,54521,411388145664,67.0
295.688,1731772,52188,0,1783960,3821272,54564,411706671104,67.18
295.788,1731772,52264,0,1784036,3821272,54611,412048769024,67.18
295.889,1731772,52272,0,1784044,3821272,54658,412398239744,67.18
295.989,1731772,52092,0,1783864,3821272,54705,412759351296,67.18
296.090,1731772,52312,0,1784084,3821272,54746,413082542080,67.18
296.190,1731772,52000,0,1783772,3821272,54795,413452726272,67.18
296.291,1731772,52760,0,1784532,3821272,54837,413770567680,67.18
296.391,1731772,52952,0,1784724,3821272,54880,414127685632,67.18
296.491,1731772,52936,0,1784708,3821272,54923,414436786176,67.18
296.592,1731772,52180,0,1783952,3821272,54967,414793412608,67.18
296.692,1731772,51748,0,1783520,3821272,55011,415113400320,67.18
296.793,1731772,52228,0,1784000,3821272,55056,415468572672,67.18
296.893,1731772,52308,0,1784080,3821272,55102,415811162112,67.18
296.993,1731772,52772,0,1784544,3821272,55145,416139079680,67.18
297.094,1731772,52264,0,1784036,3821272,55192,416498642944,67.18
297.194,1731772,52392,0,1784164,3821272,55235,416827654144,67.18
297.295,1731772,52788,0,1784560,3821272,55282,417181020160,67.18
297.395,1731772,52672,0,1784444,3821272,55326,417507647488,67.18
297.495,1731772,53216,0,1784988,3821272,55371,417852002304,67.18
297.596,1731772,52952,0,1784724,3821272,55417,418206715904,66.79
297.696,1731772,54464,0,1786236,3821272,55463,418549424128,66.79
297.797,1731772,54088,0,1785860,3821272,55506,418885173248,66.79
297.897,1731772,54076,0,1785848,3821272,55552,419219324928,66.79
297.997,1731772,54796,0,1786568,3821272,55597,419566989312,66.79
298.098,1731772,54088,0,1785860,3821272,55640,419905314816,66.79
298.198,1731772,54540,0,1786312,3821272,55684,420235603968,66.79
298.299,1731772,54388,0,1786160,3821272,55731,420585562112,66.79
298.399,1731772,53340,0,1785112,3821272,55776,420918300672,66.79
298.500,1731772,53896,0,1785668,3821272,55823,421265076224,66.79
298.600,1731772,53352,0,1785124,3821272,55865,421601382400,66.79
298.701,1731772,53928,0,1785700,3821272,55911,421947138048,66.79
298.801,1731772,53664,0,1785436,3821272,55955,422283284480,66.79
298.901,1731772,54052,0,1785824,3821272,56001,422621659136,66.79
299.002,1731772,54292,0,1786064,3821272,56050,422957256704,66.79
299.102,1731772,54156,0,1785928,3821272,56095,423306964992,66.79
299.203,1731772,53608,0,1785380,3821272,56140,423651844096,66.79
299.303,1731772,53760,0,1785532,3821272,56185,423992401920,66.79
299.403,1731772,53296,0,1785068,3821272,56227,424334548992,66.79
299.504,1731772,52248,0,1784020,3821272,56271,424668471296,67.01
299.604,1731772,52408,0,1784180,3821272,56316,425011793920,67.01
299.705,1731772,52628,0,1784400,3821272,56356,425324228608,67.01
299.805,1731772,52188,0,1783960,3821272,56397,425638711296,67.01
299.906,1731772,51900,0,1783672,3821272,56442,425982705664,67.01
300.006,1731772,51684,0,1783456,3821272,56483,426307571712,67.01
300.107,1731772,51544,0,1783316,3821272,56524,426618085376,67.01
300.207,1731772,50928,0,1782700,3821272,56574,426962259968,67.01
300.307,1731772,50940,0,1782712,3821272,56622,427317968896,67.01
300.408,1731772,51460,0,1783232,3821272,56668,427650101248,67.01
300.508,1731772,52088,0,1783860,3821272,56716,427983708160,67.01
300.609,1731772,53148,0,1784920,3821272,56762,428327464960,67.01
300.709,1731772,53448,0,1785220,3821272,56804,428658200576,67.01
300.809,1731772,53576,0,1785348,3821272,56851,429016117248,67.01
300.910,1731772,53404,0,1785176,3821272,56895,429347020800,67.01
301.010,1731772,54116,0,1785888,3821272,56943,429703589888,67.01
301.110,1731772,54600,0,1786372,3821272,56989,430035333120,67.01
301.211,1731772,54052,0,1785824,3821272,57033,430359396352,67.01
301.311,1731772,54232,0,1786004,3821272,57079,430706110464,67.01
301.411,1731772,54312,0,1786084,3821272,57127,431056523264,67.01
301.512,1731772,54184,0,1785956,3821272,57177,431397543936,67.37
301.612,1731772,53928,0,1785700,3821272,57220,431750225920,67.37
301.713,1731772,53796,0,1785568,3821272,57266,432084783104,67.37
301.813,1731772,53940,0,1785712,3821272,57309,432419893248,67.37
301.913,1731772,53236,0,1785008,3821272,57355,432753328128,67.37
302.014,1731772,53512,0,1785284,3821272,57401,433110585344,67.37
302.114,1731772,53836,0,1785608,3821272,57448,433445044224,67.37
302.215,1731772,53944,0,1785716,3821272,57493,433789427712,67.37
302.315,1731772,55388,0,1787160,3821272,57539,434125012992,67.37
302.415,1731772,56024,0,1787796,3821272,57583,434465644544,67.37
302.516,1731772,56192,0,1787964,3821272,57631,434796396544,67.37
302.616,1731772,56392,0,1788164,3821272,57678,435146424320,67.37
302.717,1731772,56396,0,1788168,3821272,57724,435486203904,67.37
302.817,1731772,57032,0,1788804,3821272,57769,435825369088,67.37
302.917,1731772,58180,0,1789952,3821272,57817,436150611968,67.37
303.018,1731772,58188,0,1789960,3821272,57864,436509581312,67.37
303.122,1731772,58856,0,1790628,3821272,57910,436747472896,67.37
303.223,1731772,56576,0,1788348,3821272,57934,436973039616,67.37
303.326,1731772,57716,0,1789488,3821272,57969,437152628736,67.37
303.435,1731772,56508,0,1788280,3821272,57984,437263032320,65.31
303.536,1731772,53924,0,1785696,3821272,58008,437487591424,65.31
303.642,1731772,54884,0,1786656,3821272,58031,437600673792,65.31
303.745,1731772,52048,0,1783820,3821272,58073,437989511168,65.31
303.845,1731772,53524,0,1785296,3821272,58117,438223499264,65.31
303.946,1731772,52376,0,1784148,3821272,58133,438387482624,65.31
304.050,1731772,52752,0,1784524,3821272,58154,438512762880,65.31
304.151,1731772,50420,0,1782192,3821272,58199,438883983360,65.31
304.252,1731772,51504,0,1783276,3821272,58235,439074185216,65.31
304.352,1731772,46152,0,1777924,3821272,58266,439365242880,65.31
304.452,1731772,43096,0,1774868,3821272,58312,439711432704,65.31
304.553,1731772,42080,0,1773852,3821272,58357,440034959360,65.31
304.653,1731772,40404,0,1772176,3821272,58404,440381980672,65.31
304.753,1731772,39864,0,1771636,3821272,58451,440728002560,65.31
304.854,1731772,40092,0,1771864,3821272,58497,441073655808,65.31
304.954,1731772,38396,0,1770168,3821272,58540,441401225216,65.31
305.055,1731772,37976,0,1769748,3821272,58587,441737297920,65.31
305.155,1731772,37092,0,1768864,3821272,58632,442079154176,65.31
305.256,1731772,37436,0,1769208,3821272,58676,442407776256,65.31
305.356,1731772,37632,0,1769404,3821272,58720,442758119424,62.17
305.456,1731772,38912,0,1770684,3821272,58769,443114377216,62.17
305.557,1731772,39772,0,1771544,3821272,58813,443451478016,62.17
305.657,1731772,40756,0,1772528,3821272,58859,443807420416,62.17
305.757,1731772,41748,0,1773520,3821272,58902,444125073408,62.17
305.858,1731772,42724,0,1774496,3821272,58946,444463534080,62.17
305.958,1731772,42984,0,1774756,3821272,58991,444802265088,62.17
306.059,1731772,44064,0,1775836,3821272,59035,445149765632,62.17
306.159,1731772,44688,0,1776460,3821272,59079,445490577408,62.17
306.260,1731772,46388,0,1778160,3821272,59123,445829951488,62.17
306.360,1731772,46920,0,1778692,3821272,59165,446163574784,62.17
306.460,1731772,47376,0,1779148,3821272,59210,446503149568,62.17
306.561,1731772,47796,0,1779568,3821272,59255,446851497984,62.17
306.661,1731772,48348,0,1780120,3821272,59299,447189798912,62.17
306.762,1731772,48228,0,1780000,3821272,59343,447535816704,62.17
306.862,1731772,48384,0,1780156,3821272,59388,447878987776,62.17
306.962,1731772,49320,0,1781092,3821272,59430,448200810496,62.17
307.063,1731772,50512,0,1782284,3821272,59476,448551768064,62.17
307.163,1731772,51140,0,1782912,3821272,59520,448881250304,62.17
307.264,1731772,52996,0,1784768,3821272,59567,449220599808,62.17
307.364,1731772,54420,0,1786192,3821272,59610,449567424512,62.86
307.465,1731772,55088,0,1786860,3821272,59653,449910013952,62.86
307.565,1731772,54500,0,1786272,3821272,59698,450266927104,62.86
307.665,1731772,54032,0,1785804,3821272,59740,450587291648,62.86
307.766,1731772,53552,0,1785324,3821272,59784,450929397760,62.86
307.866,1731772,53228,0,1785000,3821272,59828,451269390336,62.86
307.966,1731772,53100,0,1784872,3821272,59874,451606618112,62.86
308.067,1731772,52332,0,1784104,3821272,59919,451944079360,62.86
308.167,1731772,52240,0,1784012,3821272,59964,452301271040,62.86
308.267,1731772,52124,0,1783896,3821272,60007,452642734080,62.86
308.368,1731772,51844,0,1783616,3821272,60048,452970713088,62.86
308.468,1731772,51236,0,1783008,3821272,60092,453313310720,62.86
308.569,1731772,50692,0,1782464,3821272,60138,453653729280,62.86
308.669,1731772,50216,0,1781988,3821272,60182,453989879808,62.86
308.769,1731772,50716,0,1782488,3821272,60226,454330056704,62.86
308.870,1731772,50872,0,1782644,3821272,60273,454677319680,62.86
308.970,1731772,50488,0,1782260,3821272,60315,455011565568,62.86
309.070,1731772,51412,0,1783184,3821272,60360,455348973568,62.86
309.171,1731772,51720,0,1783492,3821272,60404,455688609792,62.86
309.271,1731772,51220,0,1782992,3821272,60448,456034201600,64.34
309.372,1731772,51620,0,1783392,3821272,60492,456372682752,64.34
309.472,1731772,51696,0,1783468,3821272,60537,456709308416,64.34
309.573,1731772,51876,0,1783648,3821272,60581,457050722304,64.34
309.673,1731772,51900,0,1783672,3821272,60627,457399033856,64.34
309.773,1731772,51724,0,1783496,3821272,60672,457750708224,64.34
309.874,1731772,51872,0,1783644,3821272,60717,458067804160,64.34
309.974,1731772,51892,0,1783664,3821272,60763,458408656896,64.34
310.074,1731772,51264,0,1783036,3821272,60805,458762530816,64.34
310.175,1731772,52376,0,1784148,3821272,60850,459078082560,64.34
310.275,1731772,52532,0,1784304,3821272,60895,459426512896,64.34
310.375,1731772,53012,0,1784784,3821272,60940,459784953856,64.34
310.476,1731772,52900,0,1784672,3821272,60986,460105498624,64.34
310.576,1731772,52516,0,1784288,3821272,61030,460461539328,64.34
310.677,1731772,52944,0,1784716,3821272,61075,460789481472,64.34
310.777,1731772,52980,0,1784752,3821272,61119,461125160960,64.34
310.877,1731772,53892,0,1785664,3821272,61167,461476442112,64.34
310.978,1731772,53364,0,1785136,3821272,61211,461817421824,64.34
311.078,1731772,52968,0,1784740,3821272,61256,462160564224,64.34
311.178,1731772,52816,0,1784588,3821272,61298,462499704832,64.34
311.279,1731772,52456,0,1784228,3821272,61341,462832373760,64.09
311.379,1731772,52328,0,1784100,3821272,61386,463179714560,64.09
311.480,1731772,51812,0,1783584,3821272,61429,463519870976,64.09
311.580,1731772,51856,0,1783628,3821272,61473,463868100608,64.09
311.681,1731772,51880,0,1783652,3821272,61517,464196870144,64.09
311.781,1731772,51656,0,1783428,3821272,61561,464513679360,64.09
311.881,1731772,51412,0,1783184,3821272,61607,464859033600,64.09
311.982,1731772,51708,0,1783480,3821272,61650,465192169472,64.09
312.082,1731772,53196,0,1784968,3821272,61700,465554178048,64.09
312.182,1731772,53776,0,1785548,3821272,61745,465897930752,64.09
312.283,1731772,54344,0,1786116,3821272,61791,466221973504,64.09
312.383,1731772,55176,0,1786948,3821272,61840,466580869120,64.09
312.484,1731772,55700,0,1787472,3821272,61886,466898743296,64.09
312.584,1731772,55720,0,1787492,3821272,61934,467250130944,64.09
312.684,1731772,55832,0,1787604,3821272,61982,467591217152,64.09
312.785,1731772,55256,0,1787028,3821272,62027,467941048320,64.09
312.885,1731772,55240,0,1787012,3821272,62075,468287156224,64.09
312.985,1731772,54904,0,1786676,3821272,62119,468627034112,64.09
313.086,1731772,54728,0,1786500,3821272,62163,468952334336,64.09
313.186,1731772,54228,0,1786000,3821272,62209,469311303680,64.08
313.287,1731772,54620,0,1786392,3821272,62254,469627084800,64.08
313.387,1731772,55492,0,1787264,3821272,62300,469974224896,64.08
313.488,1731772,55820,0,1787592,3821272,62347,470320230400,64.08
313.588,1731772,56212,0,1787984,3821272,62394,470663847936,64.08
313.688,1731772,56484,0,1788256,3821272,62442,471006711808,64.08
313.789,1731772,57456,0,1789228,3821272,62490,471340183552,64.08
313.889,1731772,57196,0,1788968,3821272,62535,471679815680,64.08
313.990,1731772,57576,0,1789348,3821272,62582,472024940544,64.08
314.090,1731772,58272,0,1790044,3821272,62627,472353308672,64.08
314.190,1731772,59112,0,1790884,3821272,62675,472693522432,64.08
314.291,1731772,59944,0,1791716,3821272,62725,473030889472,64.08
314.391,1731772,56748,0,1788520,3821272,62761,473251680256,64.08
314.492,1731772,47440,0,1779212,3821272,62810,473618866176,64.08
314.592,1731772,43924,0,1775696,3821272,62857,473965080576,64.08
314.692,1731772,42636,0,1774408,3821272,62903,474297917440,64.08
314.793,1731772,41688,0,1773460,3821272,62948,474641145856,64.08
314.893,1731772,40364,0,1772136,3821272,62993,474976436224,64.08
314.993,1731772,39824,0,1771596,3821272,63039,475318157312,64.08
315.094,1731772,39000,0,1770772,3821272,63084,475671318528,63.88
315.194,1731772,37824,0,1769596,3821272,63130,476010373120,63.88
315.294,1731772,38476,0,1770248,3821272,63172,476337332224,63.88
315.395,1731772,38856,0,1770628,3821272,63218,476694728704,63.88
315.495,1731772,38904,0,1770676,3821272,63260,477021757440,63.88
315.596,1731772,39444,0,1771216,3821272,63305,477376507904,63.88
315.696,1731772,40968,0,1772740,3821272,63351,477705224192,63.88
315.797,1731772,41380,0,1773152,3821272,63394,478041661440,63.88
315.897,1731772,42068,0,1773840,3821272,63438,478394916864,63.88
315.997,1731772,42928,0,1774700,3821272,63483,478742278144,63.88
316.098,1731772,44076,0,1775848,3821272,63529,479079530496,63.88
316.198,1731772,44856,0,1776628,3821272,63571,479407882240,63.88
316.298,1731772,46152,0,1777924,3821272,63618,479753990144,63.88
316.399,1731772,46864,0,1778636,3821272,63661,480080879616,63.88
316.499,1731772,46964,0,1778736,3821272,63705,480416288768,63.88
316.600,1731772,47080,0,1778852,3821272,63749,480755343360,63.88
316.700,1731772,46988,0,1778760,3821272,63795,481107009536,63.88
316.800,1731772,46772,0,1778544,3821272,63838,481446658048,63.88
316.901,1731772,47176,0,1778948,3821272,63882,481760681984,63.88
317.001,1731772,47652,0,1779424,3821272,63927,482108850176,63.88
317.102,1731772,48004,0,1779776,3821272,63975,482460426240,64.81
317.202,1731772,48832,0,1780604,3821272,64019,482800951296,64.81
317.302,1731772,49616,0,1781388,3821272,64060,483136520192,64.81
317.403,1731772,50900,0,1782672,3821272,64104,483467132928,64.81
317.503,1731772,52456,0,1784228,3821272,64151,483815350272,64.81
317.604,1731772,53404,0,1785176,3821272,64196,484164870144,64.81
317.704,1731772,54464,0,1786236,3821272,64241,484505583616,64.81
317.804,1731772,54400,0,1786172,3821272,64289,484849016832,64.81
317.905,1731772,53996,0,1785768,3821272,64333,485189890048,64.81
318.005,1731772,53624,0,1785396,3821272,64379,485545328640,64.81
318.106,1731772,54240,0,1786012,3821272,64422,485866737664,64.81
318.206,1731772,54180,0,1785952,3821272,64468,486221262848,64.81
318.307,1731772,54288,0,1786060,3821272,64513,486563987456,64.81
318.407,1731772,53752,0,1785524,3821272,64557,486906281984,64.81
318.508,1731772,53832,0,1785604,3821272,64603,487239782400,64.81
318.608,1731772,53928,0,1785700,3821272,64648,487588892672,64.81
318.708,1731772,53780,0,1785552,3821272,64694,487928922112,64.81
318.809,1731772,53184,0,1784956,3821272,64737,488272289792,64.81
318.909,1731772,53196,0,1784968,3821272,64780,488612106240,64.81
319.010,1731772,52664,0,1784436,3821272,64823,488947953664,64.48
319.110,1731772,52548,0,1784320,3821272,64867,489279086592,64.48
319.210,1731772,52248,0,1784020,3821272,64912,489634840576,64.48
319.311,1731772,52160,0,1783932,3821272,64957,489970192384,64.48
319.411,1731772,51884,0,1783656,3821272,65001,490314653696,64.48
319.512,1731772,51376,0,1783148,3821272,65046,490644484096,64.48
319.612,1731772,51656,0,1783428,3821272,65093,490990718976,64.48
319.713,1731772,51244,0,1783016,3821272,65135,491329167360,64.48
319.813,1731772,51096,0,1782868,3821272,65181,491660263424,64.48
319.913,1731772,50568,0,1782340,3821272,65225,492012441600,64.48
320.014,1731772,50948,0,1782720,3821272,65270,492340756480,64.48
320.114,1731772,50472,0,1782244,3821272,65315,492694933504,64.48
320.215,1731772,51120,0,1782892,3821272,65361,493044953088,64.48
320.315,1731772,51432,0,1783204,3821272,65406,493375229952,64.48
320.415,1731772,51304,0,1783076,3821272,65450,493714681856,64.48
320.516,1731772,53364,0,1785136,3821272,65495,494051385344,64.48
320.616,1731772,52456,0,1784228,3821272,65541,494409740288,64.48
320.717,1731772,51628,0,1783400,3821272,65585,494738956288,64.48
320.817,1731772,51856,0,1783628,3821272,65630,495078789120,64.48
320.917,1731772,52056,0,1783828,3821272,65674,495416422400,64.48
321.018,1731772,51672,0,1783444,3821272,65720,495768461312,65.3
321.118,1731772,51736,0,1783508,3821272,65763,496106532864,65.3
321.218,1731772,49344,0,1781116,3821272,65807,496434376704,65.3
321.319,1731772,49140,0,1780912,3821272,65854,496780632064,65.3
321.419,1731772,49048,0,1780820,3821272,65896,497115389952,65.3
321.520,1731772,48776,0,1780548,3821272,65940,497461329920,65.3
321.620,1731772,49204,0,1780976,3821272,65984,497791815680,65.3
321.720,1731772,50580,0,1782352,3821272,66029,498153308160,65.3
321.821,1731772,50584,0,1782356,3821272,66074,498482733056,65.3
321.921,1731772,50840,0,1782612,3821272,66117,498812821504,65.3
322.022,1731772,51428,0,1783200,3821272,66163,499162353664,65.3
322.122,1731772,51364,0,1783136,3821272,66208,499507269632,65.3
322.223,1731772,51420,0,1783192,3821272,66253,499845373952,65.3
322.323,1731772,52776,0,1784548,3821272,66299,500170977280,65.3
322.423,1731772,52456,0,1784228,3821272,66347,500534239232,65.3
322.524,1731772,52720,0,1784492,3821272,66391,500867710976,65.3
322.624,1731772,51292,0,1783064,3821272,66436,501203640320,65.3
322.725,1731772,51556,0,1783328,3821272,66481,501544656896,65.3
322.825,1731772,52836,0,1784608,3821272,66526,501888024576,65.3
322.925,1731772,52020,0,1783792,3821272,66571,502234484736,65.06
323.026,1731772,52668,0,1784440,3821272,66615,502566084608,65.06
323.126,1731772,53680,0,1785452,3821272,66661,502913900544,65.06
323.227,1731772,52596,0,1784368,3821272,66706,503250800640,65.06
323.327,1731772,53204,0,1784976,3821272,66753,503571496960,65.06
323.428,1731772,52440,0,1784212,3821272,66799,503934803968,65.06
323.528,1731772,52308,0,1784080,3821272,66844,504263712768,65.06
323.629,1731772,51476,0,1783248,3821272,66888,504623407104,65.06
323.729,1731772,51304,0,1783076,3821272,66931,504959913984,65.06
323.829,1731772,51540,0,1783312,3821272,66976,505293959168,65.06
323.930,1731772,51952,0,1783724,3821272,67024,505633189888,65.06
324.030,1731772,54116,0,1785888,3821272,67070,505967046656,65.06
324.131,1731772,54168,0,1785940,3821272,67119,506308747264,65.06
324.231,1731772,55196,0,1786968,3821272,67165,506650750976,65.06
324.332,1731772,54940,0,1786712,3821272,67211,506983899136,65.06
324.432,1731772,53632,0,1785404,3821272,67261,507333419008,65.06
324.533,1731772,54224,0,1785996,3821272,67305,507676962816,65.06
324.633,1731772,54640,0,1786412,3821272,67351,508000743424,65.06
324.733,1731772,55248,0,1787020,3821272,67399,508343767040,65.06
324.834,1731772,55816,0,1787588,3821272,67445,508687056896,64.69
324.934,1731772,56360,0,1788132,3821272,67496,509039263744,64.69
325.034,1731772,56088,0,1787860,3821272,67543,509393260544,64.69
325.139,1731772,55764,0,1787536,3821272,67568,509514092544,64.69
325.276,1731772,53748,0,1785520,3821272,67612,509816520704,64.69
325.379,1731772,53152,0,1784924,3821272,67643,510015942656,64.69
325.480,1731772,51180,0,1782952,3821272,67669,510215450624,64.69
325.619,1731772,50376,0,1782148,3821272,67708,510502244352,64.69
325.735,1731772,49944,0,1781716,3821272,67733,510651441152,64.69
325.835,1731772,48768,0,1780540,3821272,67763,510857162752,64.69
325.975,1731772,47532,0,1779304,3821272,67794,511091232768,64.69
326.131,1731772,45924,0,1777696,3821272,67832,511358832640,64.69
326.231,1731772,45444,0,1777216,3821272,67872,511691296768,64.69
326.332,1731772,43764,0,1775536,3821272,67894,511892815872,64.69
326.434,1731772,44964,0,1776736,3821272,67942,512190283776,64.69
326.535,1731772,40976,0,1772748,3821272,67982,512542519296,64.69
326.635,1731772,39188,0,1770960,3821272,68027,512858587136,64.69
326.736,1731772,39208,0,1770980,3821272,68073,513211375616,64.69
326.836,1731772,38528,0,1770300,3821272,68119,513555513344,60.03
326.936,1731772,39016,0,1770788,3821272,68165,513885069312,60.03
327.037,1731772,38404,0,1770176,3821272,68210,514231492608,60.03
327.137,1731772,38704,0,1770476,3821272,68256,514565357568,60.03
327.238,1731772,38404,0,1770176,3821272,68300,514903343104,60.03
327.338,1731772,38880,0,1770652,3821272,68348,515254341632,60.03
327.438,1731772,39252,0,1771024,3821272,68393,515592867840,60.03
327.539,1731772,39264,0,1771036,3821272,68438,515933270016,60.03
327.639,1731772,39392,0,1771164,3821272,68482,516273795072,60.03
327.739,1731772,41120,0,1772892,3821272,68529,516611436544,60.03
327.840,1731772,42124,0,1773896,3821272,68573,516964184064,60.03
327.940,1731772,43316,0,1775088,3821272,68619,517307568128,60.03
328.041,1731772,43960,0,1775732,3821272,68663,517633826816,60.03
328.141,1731772,44504,0,1776276,3821272,68708,517991985152,60.03
328.241,1731772,45232,0,1777004,3821272,68750,518312136704,60.03
328.342,1731772,46640,0,1778412,3821272,68796,518648459264,60.03
328.442,1731772,47268,0,1779040,3821272,68839,518999875584,60.03
328.543,1731772,47656,0,1779428,3821272,68883,519341010944,60.03
328.643,1731772,47340,0,1779112,3821272,68927,519683428352,60.03
328.743,1731772,48224,0,1779996,3821272,68972,520013516800,60.75
328.844,1731772,47812,0,1779584,3821272,69019,520372252672,60.75
328.944,1731772,48404,0,1780176,3821272,69061,520712843264,60.75
329.045,1731772,48752,0,1780524,3821272,69105,521049985024,60.75
329.145,1731772,48864,0,1780636,3821272,69150,521380356096,60.75
329.245,1731772,48604,0,1780376,3821272,69195,521727012864,60.75
329.346,1731772,49524,0,1781296,3821272,69239,522073137152,60.75
329.446,1731772,50924,0,1782696,3821272,69283,522405601280,60.75
329.546,1731772,51760,0,1783532,3821272,69327,522733809664,60.75
329.647,1731772,52436,0,1784208,3821272,69371,523087421440,60.75
329.747,1731772,52996,0,1784768,3821272,69415,523405578240,60.75
329.848,1731772,53880,0,1785652,3821272,69457,523754450944,60.75
329.948,1731772,53804,0,1785576,3821272,69503,524104396800,60.75
330.049,1731772,53572,0,1785344,3821272,69547,524450189312,60.75
330.149,1731772,53932,0,1785704,3821272,69592,524791304192,60.75
330.249,1731772,53624,0,1785396,3821272,69637,525131718656,60.75
330.350,1731772,53756,0,1785528,3821272,69680,525466836992,60.75
330.450,1731772,53692,0,1785464,3821272,69724,525807489024,60.75
330.551,1731772,53052,0,1784824,3821272,69768,526151987200,60.75
330.651,1731772,53080,0,1784852,3821272,69812,526492942336,60.75
330.751,1731772,52812,0,1784584,3821272,69857,526836789248,62.06
330.852,1731772,52484,0,1784256,3821272,69901,527181611008,62.06
330.952,1731772,51808,0,1783580,3821272,69942,527505608704,62.06
331.053,1731772,52680,0,1784452,3821272,69988,527840608256,62.06
331.153,1731772,52688,0,1784460,3821272,70034,528195907584,62.06
331.253,1731772,52516,0,1784288,3821272,70077,528531976192,62.06
331.354,1731772,52332,0,1784104,3821272,70122,528871411712,62.06
331.454,1731772,52868,0,1784640,3821272,70168,529213669376,62.06
331.555,1731772,52996,0,1784768,3821272,70212,529552957440,62.06
331.655,1731772,53432,0,1785204,3821272,70258,529884520448,62.06
331.755,1731772,53756,0,1785528,3821272,70305,530249302016,62.06
331.856,1731772,53528,0,1785300,3821272,70347,530586083328,62.06
331.956,1731772,53336,0,1785108,3821272,70391,530919239680,62.06
332.057,1731772,52940,0,1784712,3821272,70435,531234967552,62.06
332.157,1731772,53200,0,1784972,3821272,70480,531580293120,62.06
332.257,1731772,53064,0,1784836,3821272,70524,531936681984,62.06
332.358,1731772,52612,0,1784384,3821272,70566,532269383680,62.06
332.458,1731772,52328,0,1784100,3821272,70610,532614074368,62.06
332.559,1731772,51576,0,1783348,3821272,70655,532959031296,62.06
332.659,1731772,51896,0,1783668,3821272,70699,533301444608,63.32
332.759,1731772,52792,0,1784564,3821272,70741,533619642368,63.32
332.860,1731772,53224,0,1784996,3821272,70787,533976944640,63.32
332.960,1731772,53476,0,1785248,3821272,70832,534309167104,63.32
333.061,1731772,53108,0,1784880,3821272,70877,534657019904,63.32
333.161,1731772,53268,0,1785040,3821272,70922,534994104320,63.32
333.262,1731772,55500,0,1787272,3821272,70968,535332564992,63.32
333.362,1731772,55232,0,1787004,3821272,71009,535665451008,63.32
333.462,1731772,55740,0,1787512,3821272,71055,536010723328,63.32
333.563,1731772,54920,0,1786692,3821272,71101,536342695936,63.32
333.663,1731772,54680,0,1786452,3821272,71146,536698347520,63.32
333.764,1731772,54276,0,1786048,3821272,71191,537030131712,63.32
333.864,1731772,54088,0,1785860,3821272,71235,537355272192,63.32
333.965,1731772,53616,0,1785388,3821272,71282,537716908032,63.32
334.065,1731772,54080,0,1785852,3821272,71328,538051837952,63.32
334.165,1731772,53968,0,1785740,3821272,71372,538403278848,63.32
334.266,1731772,52312,0,1784084,3821272,71418,538736685056,63.32
334.366,1731772,52784,0,1784556,3821272,71464,539074129920,63.32
334.467,1731772,52748,0,1784520,3821272,71508,539408306176,63.32
334.567,1731772,52556,0,1784328,3821272,71553,539731484672,63.32
334.667,1731772,51432,0,1783204,3821272,71598,540093120512,64.17
334.768,1731772,51460,0,1783232,3821272,71641,540428591104,64.17
334.868,1731772,51336,0,1783108,3821272,71684,540760694784,64.17
334.969,1731772,51348,0,1783120,3821272,71733,541120581632,64.17
335.069,1731772,50632,0,1782404,3821272,71776,541451296768,64.17
335.169,1731772,50876,0,1782648,3821272,71824,541798727680,64.17
335.270,1731772,50488,0,1782260,3821272,71868,542146555904,64.17
335.370,1731772,51224,0,1782996,3821272,71915,542492647424,64.17
335.471,1731772,51888,0,1783660,3821272,71958,542815834112,64.17
335.571,1731772,52308,0,1784080,3821272,72002,543153831936,64.17
335.671,1731772,53632,0,1785404,3821272,72049,543491956736,64.17
335.772,1731772,54172,0,1785944,3821272,72095,543831769088,64.17
335.872,1731772,53752,0,1785524,3821272,72139,544164986880,64.17
335.972,1731772,53788,0,1785560,3821272,72186,544518541312,64.17
336.073,1731772,54252,0,1786024,3821272,72233,544861151232,64.17
336.173,1731772,54428,0,1786200,3821272,72281,545193607168,64.17
336.274,1731772,54576,0,1786348,3821272,72326,545535406080,64.17
336.374,1731772,55080,0,1786852,3821272,72371,545868075008,64.17
336.474,1731772,55456,0,1787228,3821272,72419,546200981504,64.17
336.575,1731772,56160,0,1787932,3821272,72468,546545807360,65.04
336.675,1731772,55560,0,1787332,3821272,72513,546889388032,65.04
336.776,1731772,49396,0,1781168,3821272,72561,547248816128,65.04
336.876,1731772,45656,0,1777428,3821272,72604,547577872384,65.04
336.976,1731772,44156,0,1775928,3821272,72652,547920338944,65.04
337.077,1731772,41116,0,1772888,3821272,72700,548263178240,65.04
337.177,1731772,39712,0,1771484,3821272,72748,548605534208,65.04
337.278,1731772,39856,0,1771628,3821272,72791,548934971392,65.04
337.378,1731772,39156,0,1770928,3821272,72836,549277630464,65.04
337.478,1731772,38228,0,1770000,3821272,72880,549626810368,65.04
337.579,1731772,38580,0,1770352,3821272,72925,549967306752,65.04
337.679,1731772,39644,0,1771416,3821272,72970,550279598080,65.04
337.780,1731772,40968,0,1772740,3821272,73018,550640791552,65.04
337.880,1731772,43124,0,1774896,3821272,73066,550989819904,65.04
337.980,1731772,43812,0,1775584,3821272,73109,551330594816,65.04
338.081,1731772,44516,0,1776288,3821272,73150,551661355008,65.04
338.181,1731772,44852,0,1776624,3821272,73195,552006291456,65.04
338.282,1731772,46520,0,1778292,3821272,73243,552314167296,65.04
338.382,1731772,47228,0,1779000,3821272,73289,552691015680,65.04
338.483,1731772,47216,0,1778988,3821272,73331,553016606720,64.85
338.583,1731772,47592,0,1779364,3821272,73375,553350541312,64.85
338.684,1731772,47764,0,1779536,3821272,73421,553690419200,64.85
338.784,1731772,47824,0,1779596,3821272,73467,554044506112,64.85
338.884,1731772,49080,0,1780852,3821272,73512,554384011264,64.85
338.985,1731772,49656,0,1781428,3821272,73559,554729758720,64.85
339.085,1731772,49836,0,1781608,3821272,73603,555068858368,64.85
339.186,1731772,49380,0,1781152,3821272,73645,555409281024,64.85
339.286,1731772,49696,0,1781468,3821272,73688,555745062912,64.85
339.386,1731772,51364,0,1783136,3821272,73734,556081332224,64.85
339.487,1731772,52124,0,1783896,3821272,73779,556432412672,64.85
339.587,1731772,52636,0,1784408,3821272,73825,556775841792,64.85
339.688,1731772,53024,0,1784796,3821272,73866,557103755264,64.85
339.788,1731772,52852,0,1784624,3821272,73910,557442387968,64.85
339.888,1731772,52788,0,1784560,3821272,73953,557789966336,64.85
339.989,1731772,52556,0,1784328,3821272,73998,558122545152,64.85
340.089,1731772,53072,0,1784844,3821272,74041,558449811456,64.85
340.190,1731772,52452,0,1784224,3821272,74086,558811131904,64.85
340.290,1731772,51956,0,1783728,3821272,74131,559149682688,64.85
340.390,1731772,52064,0,1783836,3821272,74177,559497281536,64.85
340.491,1731772,51540,0,1783312,3821272,74220,559837347840,65.6
340.591,1731772,51816,0,1783588,3821272,74264,560173441024,65.6
340.692,1731772,52476,0,1784248,3821272,74309,560522887168,65.6
340.793,1731772,52708,0,1784480,3821272,74353,560859787264,65.6
340.893,1731772,52752,0,1784524,3821272,74399,561200758784,65.6
340.993,1731772,52400,0,1784172,3821272,74442,561545269248,65.6
341.094,1731772,53060,0,1784832,3821272,74486,561880727552,65.6
341.194,1731772,52420,0,1784192,3821272,74530,562220290048,65.6
341.295,1731772,52360,0,1784132,3821272,74575,562565255168,65.6
341.395,1731772,52368,0,1784140,3821272,74619,562888855552,65.6
341.496,1731772,51456,0,1783228,3821272,74664,563242700800,65.6
341.596,1731772,51440,0,1783212,3821272,74708,563583356928,65.6
341.696,1731772,51472,0,1783244,3821272,74751,563917238272,65.6
341.797,1731772,52240,0,1784012,3821272,74795,564265762816,65.6
341.897,1731772,52996,0,1784768,3821272,74839,564604596224,65.6
341.998,1731772,52792,0,1784564,3821272,74883,564942778368,65.6
342.098,1731772,52864,0,1784636,3821272,74926,565279907840,65.6
342.198,1731772,53188,0,1784960,3821272,74972,565624397824,65.6
342.299,1731772,53400,0,1785172,3821272,75017,565968605184,65.6
342.399,1731772,53328,0,1785100,3821272,75063,566319140864,65.13
342.500,1731772,53420,0,1785192,3821272,75107,566645600256,65.13
342.600,1731772,53600,0,1785372,3821272,75151,566988566528,65.13
342.700,1731772,54068,0,1785840,3821272,75196,567313625088,65.13
342.801,1731772,53680,0,1785452,3821272,75241,567659913216,65.13
342.901,1731772,54244,0,1786016,3821272,75286,568003346432,65.13
343.002,1731772,54312,0,1786084,3821272,75331,568339988480,65.13
343.102,1731772,54300,0,1786072,3821272,75374,568683810816,65.13
343.202,1731772,54776,0,1786548,3821272,75417,569000587264,65.13
343.303,1731772,54836,0,1786608,3821272,75465,569342803968,65.13
343.403,1731772,54584,0,1786356,3821272,75514,569693741056,65.13
343.504,1731772,54104,0,1785876,3821272,75557,570030129152,65.13
343.604,1731772,53908,0,1785680,3821272,75601,570370768896,65.13
343.705,1731772,54040,0,1785812,3821272,75644,570705481728,65.13
343.805,1731772,53684,0,1785456,3821272,75690,571052711936,65.13
343.905,1731772,53552,0,1785324,3821272,75738,571396964352,65.13
344.006,1731772,53612,0,1785384,3821272,75783,571733213184,65.13
344.106,1731772,54040,0,1785812,3821272,75826,572076724224,65.13
344.207,1731772,54536,0,1786308,3821272,75873,572414894080,65.13
344.307,1731772,54648,0,1786420,3821272,75920,572755591168,65.13
344.408,1731772,54648,0,1786420,3821272,75961,573095313408,65.29
344.508,1731772,55336,0,1787108,3821272,76008,573455077376,65.29
344.608,1731772,54952,0,1786724,3821272,76054,573785661440,65.29
344.709,1731772,54564,0,1786336,3821272,76096,574125117440,65.29
344.809,1731772,54900,0,1786672,3821272,76141,574447423488,65.29
344.909,1731772,54824,0,1786596,3821272,76189,574819201024,65.29
345.010,1731772,55860,0,1787632,3821272,76235,575157682176,65.29
345.110,1731772,55952,0,1787724,3821272,76279,575506432000,65.29
345.211,1731772,55324,0,1787096,3821272,76322,575829270528,65.29
345.311,1731772,54648,0,1786420,3821272,76368,576179290112,65.29
345.412,1731772,55068,0,1786840,3821272,76412,576516845568,65.29
345.512,1731772,55076,0,1786848,3821272,76459,576860401664,65.29
345.612,1731772,55240,0,1787012,3821272,76503,577202565120,65.29
345.713,1731772,54932,0,1786704,3821272,76549,577532510208,65.29
345.813,1731772,54572,0,1786344,3821272,76592,577875148800,65.29
345.914,1731772,54932,0,1786704,3821272,76639,578223656960,65.29
346.014,1731772,54372,0,1786144,3821272,76686,578567811072,65.29
346.114,1731772,54016,0,1785788,3821272,76728,578903515136,65.29
346.215,1731772,54688,0,1786460,3821272,76772,579244228608,65.29
346.315,1731772,54256,0,1786028,3821272,76816,579575967744,65.78
346.416,1731772,54492,0,1786264,3821272,76858,579893432320,65.78
346.516,1731772,54844,0,1786616,3821272,76907,580266221568,65.78
346.616,1731772,54460,0,1786232,3821272,76953,580608442368,65.78
346.717,1731772,55484,0,1787256,3821272,76998,580940337152,65.78
346.817,1731772,55684,0,1787456,3821272,77044,581286010880,65.78
346.917,1731772,56004,0,1787776,3821272,77090,581638225920,65.78
347.018,1731772,56112,0,1787884,3821272,77134,581978578944,65.78
347.118,1731772,56468,0,1788240,3821272,77179,582309101568,65.78
347.231,1731772,56868,0,1788640,3821272,77233,582695534592,65.78
347.331,1731772,57532,0,1789304,3821272,77281,583044177920,65.78
347.432,1731772,57560,0,1789332,3821272,77325,583378939904,65.78
347.547,1731772,57548,0,1789320,3821272,77355,583527772160,65.78
347.647,1731772,55352,0,1787124,3821272,77399,583844732928,65.78
347.748,1731772,55460,0,1787232,3821272,77406,583914782720,65.78
347.851,1731772,55572,0,1787344,3821272,77415,583954010112,65.78
347.952,1731772,51804,0,1783576,3821272,77457,584302313472,65.78
348.052,1731772,49764,0,1781536,3821272,77484,584470126592,65.78
348.159,1731772,49816,0,1781588,3821272,77498,584541741056,65.78
348.262,1731772,49888,0,1781660,3821272,77519,584689287168,61.65
348.362,1731772,48200,0,1779972,3821272,77561,585032261632,61.65
348.462,1731772,47088,0,1778860,3821272,77581,585202610176,61.65
348.579,1731772,47848,0,1779620,3821272,77614,585392394240,61.65
348.682,1731772,44908,0,1776680,3821272,77654,585693671424,61.65
348.783,1731772,39440,0,1771212,3821272,77699,586085707776,61.65
348.883,1731772,38688,0,1770460,3821272,77745,586418061312,61.65
348.984,1731772,38820,0,1770592,3821272,77789,586744946688,61.65
349.084,1731772,38532,0,1770304,3821272,77836,587111460864,61.65
349.185,1731772,38132,0,1769904,3821272,77881,587436806144,61.65
349.285,1731772,37280,0,1769052,3821272,77927,587784876032,61.65
349.385,1731772,37760,0,1769532,3821272,77974,588134760448,61.65
349.486,1731772,38308,0,1770080,3821272,78021,588482424832,61.65
349.586,1731772,37972,0,1769744,3821272,78063,588809269248,61.65
349.687,1731772,39256,0,1771028,3821272,78110,589144686592,61.65
349.787,1731772,38936,0,1770708,3821272,78154,589489156096,61.65
349.888,1731772,39280,0,1771052,3821272,78200,589831024640,61.65
349.988,1731772,39516,0,1771288,3821272,78245,590183669760,61.65
350.088,1731772,40532,0,1772304,3821272,78291,590523969536,61.65
350.189,1731772,42356,0,1774128,3821272,78332,590834499584,60.63
350.289,1731772,43760,0,1775532,3821272,78378,591198257152,60.63
350.390,1731772,45732,0,1777504,3821272,78425,591536685056,60.63
350.490,1731772,46552,0,1778324,3821272,78471,591894028288,60.63
350.590,1731772,47464,0,1779236,3821272,78516,592227164160,60.63
350.691,1731772,47896,0,1779668,3821272,78561,592574406656,60.63
350.791,1731772,47568,0,1779340,3821272,78606,592907796480,60.63
350.892,1731772,47416,0,1779188,3821272,78648,593239085056,60.63
350.992,1731772,47916,0,1779688,3821272,78692,593561239552,60.63
351.093,1731772,47380,0,1779152,3821272,78739,593918451712,60.63
351.193,1731772,46940,0,1778712,3821272,78783,594267209728,60.63
351.293,1731772,49408,0,1781180,3821272,78828,594601975808,60.63
351.394,1731772,50508,0,1782280,3821272,78875,594959478784,60.63
351.494,1731772,51596,0,1783368,3821272,78920,595296722944,60.63
351.594,1731772,52576,0,1784348,3821272,78968,595619045376,60.63
351.695,1731772,53584,0,1785356,3821272,79012,595971534848,60.63
351.795,1731772,53956,0,1785728,3821272,79054,596300877824,60.63
351.896,1731772,55136,0,1786908,3821272,79101,596656988160,60.63
351.996,1731772,55444,0,1787216,3821272,79144,596988493824,60.63
352.096,1731772,55096,0,1786868,3821272,79190,597339738112,60.63
352.197,1731772,53780,0,1785552,3821272,79235,597675888640,61.96
352.297,1731772,54468,0,1786240,3821272,79282,598010949632,61.96
352.398,1731772,54480,0,1786252,3821272,79327,598355054592,61.96
352.498,1731772,55652,0,1787424,3821272,79373,598700740608,61.96
352.599,1731772,56872,0,1788644,3821272,79419,599052193792,61.96
352.699,1731772,56644,0,1788416,3821272,79463,599396421632,61.96
352.799,1731772,57012,0,1788784,3821272,79509,599732125696,61.96
352.900,1731772,56544,0,1788316,3821272,79551,600059715584,61.96
353.000,1731772,56472,0,1788244,3821272,79595,600403206144,61.96
353.101,1731772,56524,0,1788296,3821272,79641,600740777984,61.96
353.201,1731772,56044,0,1787816,3821272,79687,601094098944,61.96
353.301,1731772,55284,0,1787056,3821272,79730,601437757440,61.96
353.402,1731772,55492,0,1787264,3821272,79775,601765658624,61.96
353.502,1731772,54896,0,1786668,3821272,79821,602113757184,61.96
353.603,1731772,53428,0,1785200,3821272,79864,602448105472,61.96
353.703,1731772,54368,0,1786140,3821272,79910,602779353088,61.96
353.803,1731772,54136,0,1785908,3821272,79956,603139158016,61.96
353.904,1731772,54896,0,1786668,3821272,80000,603452846080,61.96
354.004,1731772,53980,0,1785752,3821272,80045,603804581888,61.96
354.105,1731772,53724,0,1785496,3821272,80089,604133101568,62.87
354.205,1731772,53848,0,1785620,3821272,80131,604471349248,62.87
354.306,1731772,53716,0,1785488,3821272,80178,604820652032,62.87
354.406,1731772,53624,0,1785396,3821272,80221,605161992192,62.87
354.506,1731772,53864,0,1785636,3821272,80267,605518336000,62.87
354.607,1731772,54652,0,1786424,3821272,80312,605857660928,62.87
354.707,1731772,54096,0,1785868,3821272,80355,606172147712,62.87
354.808,1731772,54456,0,1786228,3821272,80402,606535823360,62.87
354.908,1731772,54248,0,1786020,3821272,80448,606876803072,62.87
355.008,1731772,54108,0,1785880,3821272,80492,607216742400,62.87
355.109,1731772,54196,0,1785968,3821272,80535,607538839552,62.87
355.209,1731772,54632,0,1786404,3821272,80581,607889764352,62.87
355.310,1731772,53952,0,1785724,3821272,80626,608234549248,62.87
355.410,1731772,53696,0,1785468,3821272,80671,608587886592,62.87
355.510,1731772,53612,0,1785384,3821272,80716,608930021376,62.87
355.611,1731772,53776,0,1785548,3821272,80759,609275539456,62.87
355.711,1731772,53832,0,1785604,3821272,80804,609594224640,62.87
355.812,1731772,53424,0,1785196,3821272,80849,609934376960,62.87
355.912,1731772,53764,0,1785536,3821272,80898,610289037312,62.87
356.012,1731772,53440,0,1785212,3821272,80943,610622447616,63.26
356.113,1731772,53332,0,1785104,3821272,80990,610980675584,63.26
356.213,1731772,53968,0,1785740,3821272,81036,611318599680,63.26
356.314,1731772,54092,0,1785864,3821272,81084,611647016960,63.26
356.414,1731772,53548,0,1785320,3821272,81128,611992391680,63.26
356.514,1731772,54328,0,1786100,3821272,81173,612330938368,63.26
356.614,1731772,54136,0,1785908,3821272,81217,612677578752,63.26
356.715,1731772,53824,0,1785596,3821272,81260,613015302144,63.26
356.815,1731772,54716,0,1786488,3821272,81306,613344653312,63.26
356.916,1731772,54684,0,1786456,3821272,81350,613694164992,63.26
357.016,1731772,54792,0,1786564,3821272,81394,614026686464,63.26
357.116,1731772,54688,0,1786460,3821272,81440,614365949952,63.26
357.217,1731772,54708,0,1786480,3821272,81483,614709813248,63.26
357.317,1731772,54776,0,1786548,3821272,81531,615054548992,63.26
357.418,1731772,54500,0,1786272,3821272,81577,615398760448,63.26
357.518,1731772,54196,0,1785968,3821272,81622,615740776448,63.26
357.618,1731772,54388,0,1786160,3821272,81666,616082194432,63.26
357.719,1731772,54440,0,1786212,3821272,81712,616419229696,63.26
357.819,1731772,55528,0,1787300,3821272,81757,616759226368,63.26
357.920,1731772,55196,0,1786968,3821272,81803,617101139968,63.26
358.020,1731772,55352,0,1787124,3821272,81847,617420070912,64.66
358.120,1731772,55464,0,1787236,3821272,81895,617789079552,64.66
358.221,1731772,55460,0,1787232,3821272,81942,618123796480,64.66
358.321,1731772,55868,0,1787640,3821272,81988,618479558656,64.66
358.422,1731772,55348,0,1787120,3821272,82031,618812489728,64.66
358.522,1731772,56016,0,1787788,3821272,82077,619145486336,64.66
358.622,1731772,56804,0,1788576,3821272,82126,619498516480,64.66
358.723,1731772,57452,0,1789224,3821272,82170,619837558784,64.66
358.823,1731772,57276,0,1789048,3821272,82214,620170313728,64.66
358.924,1731772,57512,0,1789284,3821272,82260,620511395840,64.66
359.024,1731772,56728,0,1788500,3821272,82304,620830339072,64.66
359.124,1731772,56520,0,1788292,3821272,82350,621175226368,64.66
359.225,1731772,56520,0,1788292,3821272,82398,621524398080,64.66
359.325,1731772,56744,0,1788516,3821272,82445,621880131584,64.66
359.426,1731772,57620,0,1789392,3821272,82493,622214221824,64.66
359.526,1731772,58116,0,1789888,3821272,82538,622547079168,64.66
359.627,1731772,57896,0,1789668,3821272,82584,622897332224,64.66
359.727,1731772,58544,0,1790316,3821272,82632,623236349952,64.66
359.827,1731772,58868,0,1790640,3821272,82680,623585710080,64.66
359.928,1731772,59268,0,1791040,3821272,82725,623898681344,65.26
360.063,1731772,60032,0,1791804,3821272,82758,624066727936,65.26
360.164,1731772,57940,0,1789712,3821272,82773,624208535552,65.26
360.266,1731772,57876,0,1789648,3821272,82789,624282120192,65.26
360.367,1731772,58340,0,1790112,3821272,82833,624600268800,65.26
360.468,1731772,57176,0,1788948,3821272,82842,624690442240,65.26
360.569,1731772,55164,0,1786936,3821272,82892,625026936832,65.26
360.675,1731772,55360,0,1787132,3821272,82908,625112854528,65.26
360.777,1731772,51484,0,1783256,3821272,82946,625427775488,65.26
360.878,1731772,43576,0,1775348,3821272,82992,625783582720,65.26
360.978,1731772,41184,0,1772956,3821272,83039,626144247808,65.26
361.078,1731772,40356,0,1772128,3821272,83084,626476912640,65.26
361.179,1731772,39536,0,1771308,3821272,83129,626809978880,65.26
361.279,1731772,39176,0,1770948,3821272,83174,627162996736,65.26
361.379,1731772,39244,0,1771016,3821272,83217,627506159616,65.26
361.480,1731772,38580,0,1770352,3821272,83262,627844517888,65.26
361.580,1731772,39012,0,1770784,3821272,83306,628149067776,65.26
361.681,1731772,38220,0,1769992,3821272,83351,628509786112,65.26
361.781,1731772,38880,0,1770652,3821272,83397,628863033344,65.26
361.881,1731772,39228,0,1771000,3821272,83441,629207019520,61.95
361.982,1731772,39788,0,1771560,3821272,83487,629513003008,61.95
362.082,1731772,40096,0,1771868,3821272,83532,629880942592,61.95
362.183,1731772,40376,0,1772148,3821272,83579,630211350528,61.95
362.283,1731772,41092,0,1772864,3821272,83621,630545981440,61.95
362.384,1731772,42392,0,1774164,3821272,83667,630885851136,61.95
362.484,1731772,43836,0,1775608,3821272,83710,631241273344,61.95
362.584,1731772,44588,0,1776360,3821272,83756,631575494656,61.95
362.685,1731772,44900,0,1776672,3821272,83801,631923400704,61.95
362.785,1731772,46364,0,1778136,3821272,83844,632244535296,61.95
362.886,1731772,47216,0,1778988,3821272,83890,632580083712,61.95
362.986,1731772,48300,0,1780072,3821272,83936,632927301632,61.95
363.086,1731772,49552,0,1781324,3821272,83981,633274961920,61.95
363.187,1731772,49796,0,1781568,3821272,84026,633625513984,61.95
363.287,1731772,50036,0,1781808,3821272,84069,633960312832,61.95
363.388,1731772,50312,0,1782084,3821272,84113,634290974720,61.95
363.488,1731772,52416,0,1784188,3821272,84159,634645655552,61.95
363.588,1731772,53072,0,1784844,3821272,84204,634980638720,61.95
363.689,1731772,54340,0,1786112,3821272,84248,635314413568,61.95
363.789,1731772,53828,0,1785600,3821272,84290,635647885312,62.69
363.889,1731772,54236,0,1786008,3821272,84336,636000804864,62.69
363.990,1731772,54528,0,1786300,3821272,84381,636346621952,62.69
364.090,1731772,54404,0,1786176,3821272,84422,636673036288,62.69
364.190,1731772,54432,0,1786204,3821272,84468,637028151296,62.69
364.291,1731772,53552,0,1785324,3821272,84512,637368668160,62.69
364.391,1731772,53872,0,1785644,3821272,84557,637703344128,62.69
364.491,1731772,54072,0,1785844,3821272,84599,638042271744,62.69
364.592,1731772,54244,0,1786016,3821272,84645,638384132096,62.69
364.692,1731772,54308,0,1786080,3821272,84689,638727442432,62.69
364.793,1731772,52708,0,1784480,3821272,84733,639064637440,62.69
364.893,1731772,52732,0,1784504,3821272,84778,639394365440,62.69
364.993,1731772,52628,0,1784400,3821272,84824,639736733696,62.69
365.094,1731772,53520,0,1785292,3821272,84868,640071426048,62.69
365.194,1731772,54688,0,1786460,3821272,84914,640412901376,62.69
365.294,1731772,54560,0,1786332,3821272,84959,640763908096,62.69
365.395,1731772,54276,0,1786048,3821272,85005,641094328320,62.69
365.495,1731772,54572,0,1786344,3821272,85052,641448718336,62.69
365.596,1731772,54772,0,1786544,3821272,85098,641785032704,62.69
365.696,1731772,54620,0,1786392,3821272,85142,642116333568,62.69
365.797,1731772,54572,0,1786344,3821272,85187,642466197504,64.01
365.897,1731772,54196,0,1785968,3821272,85231,642798755840,64.01
365.997,1731772,54436,0,1786208,3821272,85277,643139260416,64.01
366.098,1731772,54012,0,1785784,3821272,85321,643472863232,64.01
366.198,1731772,53012,0,1784784,3821272,85367,643829510144,64.01
366.299,1731772,53328,0,1785100,3821272,85414,644163944448,64.01
366.399,1731772,52980,0,1784752,3821272,85461,644515962880,64.01
366.500,1731772,52296,0,1784068,3821272,85504,644844969984,64.01
366.600,1731772,51788,0,1783560,3821272,85546,645188296704,64.01
366.700,1731772,51844,0,1783616,3821272,85590,645528080384,64.01
366.801,1731772,52244,0,1784016,3821272,85636,645855379456,64.01
366.901,1731772,51444,0,1783216,3821272,85681,646191583232,64.01
367.001,1731772,51788,0,1783560,3821272,85728,646549803008,64.01
367.102,1731772,52400,0,1784172,3821272,85773,646883856384,64.01
367.202,1731772,52204,0,1783976,3821272,85817,647238631424,64.01
367.303,1731772,52564,0,1784336,3821272,85860,647571791872,64.01
367.403,1731772,53456,0,1785228,3821272,85906,647904677888,64.01
367.504,1731772,53792,0,1785564,3821272,85953,648243933184,64.01
367.604,1731772,54476,0,1786248,3821272,85996,648592564224,64.01
367.704,1731772,54876,0,1786648,3821272,86042,648941260800,64.73
367.805,1731772,54740,0,1786512,3821272,86085,649265917952,64.73
367.905,1731772,55028,0,1786800,3821272,86128,649602297856,64.73
368.005,1731772,54420,0,1786192,3821272,86172,649932689408,64.73
368.106,1731772,53652,0,1785424,3821272,86219,650287325184,64.73
368.206,1731772,53356,0,1785128,3821272,86263,650617823232,64.73
368.307,1731772,53100,0,1784872,3821272,86309,650982395904,64.73
368.407,1731772,53064,0,1784836,3821272,86353,651307868160,64.73
368.508,1731772,53952,0,1785724,3821272,86397,651650097152,64.73
368.608,1731772,54132,0,1785904,3821272,86443,651988979712,64.73
368.708,1731772,53808,0,1785580,3821272,86489,652336877568,64.73
368.809,1731772,54860,0,1786632,3821272,86536,652676407296,64.73
368.909,1731772,54988,0,1786760,3821272,86580,653015449600,64.73
369.010,1731772,55368,0,1787140,3821272,86625,653349634048,64.73
369.110,1731772,55856,0,1787628,3821272,86668,653694013440,64.73
369.211,1731772,55692,0,1787464,3821272,86712,654011871232,64.73
369.311,1731772,55740,0,1787512,3821272,86756,654351175680,64.73
369.411,1731772,55308,0,1787080,3821272,86801,654681370624,64.73
369.512,1731772,55040,0,1786812,3821272,86847,655013068800,64.73
369.612,1731772,55580,0,1787352,3821272,86893,655384743936,64.73
369.713,1731772,55356,0,1787128,3821272,86941,655724339200,65.69
369.813,1731772,55612,0,1787384,3821272,86986,656067280896,65.69
369.913,1731772,55680,0,1787452,3821272,87037,656420573184,65.69
370.014,1731772,55528,0,1787300,3821272,87079,656750133248,65.69
370.114,1731772,55852,0,1787624,3821272,87123,657077358592,65.69
370.214,1731772,55692,0,1787464,3821272,87169,657400401920,65.69
370.315,1731772,56344,0,1788116,3821272,87219,657768144896,65.69
370.415,1731772,56536,0,1788308,3821272,87266,658102374400,65.69
370.515,1731772,56824,0,1788596,3821272,87311,658461159424,65.69
370.616,1731772,56924,0,1788696,3821272,87357,658775285760,65.69
370.716,1731772,57280,0,1789052,3821272,87402,659143139328,65.69
370.817,1731772,57524,0,1789296,3821272,87449,659473186816,65.69
370.917,1731772,57456,0,1789228,3821272,87491,659804839936,65.69
371.017,1731772,58048,0,1789820,3821272,87537,660153016320,65.69
371.118,1731772,58068,0,1789840,3821272,87582,660496556032,65.69
371.218,1731772,57756,0,1789528,3821272,87626,660833406976,65.69
371.319,1731772,57056,0,1788828,3821272,87671,661167878144,65.69
371.419,1731772,56976,0,1788748,3821272,87716,661496012800,65.69
371.520,1731772,57904,0,1789676,3821272,87760,661842272256,65.69
371.620,1731772,58244,0,1790016,3821272,87808,662193623040,65.56
371.720,1731772,58788,0,1790560,3821272,87854,662536065024,65.56
371.821,1731772,59936,0,1791708,3821272,87899,662867103744,65.56
371.921,1731772,59840,0,1791612,3821272,87944,663204106240,65.56
372.021,1731772,60532,0,1792304,3821272,87993,663540928512,65.56
372.122,1731772,57380,0,1789152,3821272,88012,663698288640,65.56
372.222,1731772,58516,0,1790288,3821272,88060,663972876288,65.56
372.322,1731772,56016,0,1787788,3821272,88080,664130002944,65.56
372.426,1731772,56768,0,1788540,3821272,88118,664363511808,65.56
372.527,1731772,55064,0,1786836,3821272,88147,664578174976,65.56
372.627,1731772,52712,0,1784484,3821272,88172,664815853568,65.56
372.728,1731772,50484,0,1782256,3821272,88203,665041170432,65.56
372.861,1731772,51436,0,1783208,3821272,88243,665276162048,65.56
372.961,1731772,45544,0,1777316,3821272,88283,665640169472,65.56
373.061,1731772,41972,0,1773744,3821272,88329,665964818432,65.56
373.162,1731772,41164,0,1772936,3821272,88375,666313056256,65.56
373.262,1731772,39868,0,1771640,3821272,88423,666658754560,65.56
373.363,1731772,38588,0,1770360,3821272,88471,666996367360,65.56
373.463,1731772,37504,0,1769276,3821272,88514,667337052160,65.56
373.564,1731772,36808,0,1768580,3821272,88560,667683885056,62.56
373.664,1731772,36960,0,1768732,3821272,88605,668000575488,62.56
373.765,1731772,36936,0,1768708,3821272,88652,668361465856,62.56
373.865,1731772,36372,0,1768144,3821272,88694,668699795456,62.56
373.965,1731772,38000,0,1769772,3821272,88739,669037195264,62.56
374.066,1731772,39072,0,1770844,3821272,88784,669387329536,62.56
374.166,1731772,39536,0,1771308,3821272,88829,669732560896,62.56
374.267,1731772,41256,0,1773028,3821272,88873,670067892224,62.56
374.367,1731772,43068,0,1774840,3821272,88915,670400049152,62.56
374.468,1731772,45048,0,1776820,3821272,88960,670730924032,62.56
374.568,1731772,46432,0,1778204,3821272,89001,671056306176,62.56
374.668,1731772,46700,0,1778472,3821272,89049,671408812032,62.56
374.769,1731772,46536,0,1778308,3821272,89093,671767810048,62.56
374.869,1731772,47368,0,1779140,3821272,89138,672105119744,62.56
374.970,1731772,46484,0,1778256,3821272,89181,672446689280,62.56
375.070,1731772,47212,0,1778984,3821272,89225,672784523264,62.56
375.170,1731772,47328,0,1779100,3821272,89268,673125629952,62.56
375.271,1731772,47312,0,1779084,3821272,89311,673463689216,62.56
375.371,1731772,47688,0,1779460,3821272,89355,673800843264,62.56
375.472,1731772,47852,0,1779624,3821272,89400,674146041856,62.56
375.572,1731772,47748,0,1779520,3821272,89442,674481381376,63.0
375.672,1731772,48508,0,1780280,3821272,89486,674824896512,63.0
375.773,1731772,49000,0,1780772,3821272,89530,675148861440,63.0
375.873,1731772,49648,0,1781420,3821272,89573,675487174656,63.0
375.973,1731772,50308,0,1782080,3821272,89619,675848204288,63.0
376.074,1731772,50928,0,1782700,3821272,89664,676181315584,63.0
376.174,1731772,51452,0,1783224,3821272,89707,676525031424,63.0
376.275,1731772,51772,0,1783544,3821272,89750,676853092352,63.0
376.375,1731772,51232,0,1783004,3821272,89794,677193707520,63.0
376.475,1731772,51288,0,1783060,3821272,89839,677539942400,63.0
376.576,1731772,51272,0,1783044,3821272,89884,677875310592,63.0
376.676,1731772,51604,0,1783376,3821272,89927,678215811072,63.0
376.776,1731772,51644,0,1783416,3821272,89969,678529196032,63.0
376.877,1731772,51908,0,1783680,3821272,90017,678906355712,63.0
376.977,1731772,52076,0,1783848,3821272,90058,679216455680,63.0
377.078,1731772,50904,0,1782676,3821272,90106,679575142400,63.0
377.178,1731772,51384,0,1783156,3821272,90150,679899967488,63.0
377.278,1731772,51252,0,1783024,3821272,90198,680263700480,63.0
377.379,1731772,51352,0,1783124,3821272,90241,680594808832,63.0
377.479,1731772,51800,0,1783572,3821272,90282,680927944704,64.45
377.580,1731772,51536,0,1783308,3821272,90325,681260621824,64.45
377.680,1731772,51380,0,1783152,3821272,90370,681601134592,64.45
377.781,1731772,51104,0,1782876,3821272,90414,681942679552,64.45
377.881,1731772,51420,0,1783192,3821272,90458,682283565056,64.45
377.981,1731772,51380,0,1783152,3821272,90503,682625196032,64.45
378.082,1731772,50820,0,1782592,3821272,90548,682985652224,64.45
378.182,1731772,51012,0,1782784,3821272,90594,683323555840,64.45
378.283,1731772,50928,0,1782700,3821272,90637,683666399232,64.45
378.383,1731772,51180,0,1782952,3821272,90679,683975725056,64.45
378.484,1731772,50872,0,1782644,3821272,90724,684330168320,64.45
378.584,1731772,51596,0,1783368,3821272,90768,684665335808,64.45
378.684,1731772,52616,0,1784388,3821272,90813,685017034752,64.45
378.785,1731772,52932,0,1784704,3821272,90858,685351522304,64.45
378.885,1731772,52724,0,1784496,3821272,90900,685697273856,64.45
378.986,1731772,52296,0,1784068,3821272,90945,686042804224,64.45
379.086,1731772,52280,0,1784052,3821272,90989,686387961856,64.45
379.187,1731772,53260,0,1785032,3821272,91034,686693023744,64.45
379.287,1731772,53516,0,1785288,3821272,91079,687067385856,64.45
379.387,1731772,53060,0,1784832,3821272,91124,687395246080,64.37
379.488,1731772,52820,0,1784592,3821272,91167,687736909824,64.37
379.588,1731772,52560,0,1784332,3821272,91212,688078266368,64.37
379.688,1731772,51864,0,1783636,3821272,91254,688417222656,64.37
379.789,1731772,51640,0,1783412,3821272,91299,688752214016,64.37
379.889,1732000,53568,0,1785568,3821272,91345,689100808192,64.37
379.990,1732000,53500,0,1785500,3821272,91388,689440952320,64.37
380.090,1732000,53588,0,1785588,3821272,91431,689768083456,64.37
380.190,1732000,53012,0,1785012,3821272,91478,690125283328,64.37
380.291,1732000,52924,0,1784924,3821272,91522,690462965760,64.37
380.391,1732000,52928,0,1784928,3821272,91563,690801807360,64.37
380.492,1732000,52720,0,1784720,3821272,91605,691130494976,64.37
380.592,1732000,52848,0,1784848,3821272,91651,691479433216,64.37
380.693,1732000,53188,0,1785188,3821272,91697,691798835200,64.37
380.793,1732000,52088,0,1784088,3821272,91742,692143996928,64.37
380.893,1732000,52040,0,1784040,3821272,91789,692494897152,64.37
380.994,1732000,52164,0,1784164,3821272,91835,692843450368,64.37
381.095,1732000,52232,0,1784232,3821272,91882,693181136896,64.37
381.195,1732000,51848,0,1783848,3821272,91927,693523148800,64.37
381.295,1732000,52180,0,1784180,3821272,91970,693869043712,64.37
381.396,1732000,52312,0,1784312,3821272,92015,694203826176,65.75
381.496,1732000,52296,0,1784296,3821272,92060,694544990208,65.75
381.597,1732000,51544,0,1783544,3821272,92103,694886883328,65.75
381.697,1732000,51752,0,1783752,3821272,92145,695200370688,65.75
381.797,1732000,52232,0,1784232,3821272,92192,695560146944,65.75
381.898,1732000,51428,0,1783428,3821272,92238,695898120192,65.75
381.998,1732000,52352,0,1784352,3821272,92283,696238125056,65.75
382.098,1732000,52100,0,1784100,3821272,92328,696580595712,65.75
382.199,1732000,51584,0,1783584,3821272,92375,696933679104,65.75
382.299,1732000,51556,0,1783556,3821272,92419,697261998080,65.75
382.400,1732000,51396,0,1783396,3821272,92467,697591087104,65.75
382.500,1732000,50664,0,1782664,3821272,92512,697949593600,65.75
382.601,1732000,51428,0,1783428,3821272,92558,698283003904,65.75
382.701,1732000,52108,0,1784108,3821272,92603,698619822080,65.75
382.801,1732000,52876,0,1784876,3821272,92649,698954014720,65.75
382.902,1732000,53068,0,1785068,3821272,92696,699303096320,65.75
383.002,1732000,54044,0,1786044,3821272,92742,699654615040,65.75
383.102,1732000,54040,0,1786040,3821272,92788,699993276416,65.75
383.203,1732000,54420,0,1786420,3821272,92833,700329254912,65.75
383.303,1732000,54572,0,1786572,3821272,92881,700677627904,65.61
383.404,1732000,54884,0,1786884,3821272,92927,701014073344,65.61
383.504,1732000,54748,0,1786748,3821272,92971,701332930560,65.61
383.604,1732000,54956,0,1786956,3821272,93017,701667909632,65.61
383.705,1732000,54652,0,1786652,3821272,93068,702036570112,65.61
383.805,1732000,54464,0,1786464,3821272,93110,702368907264,65.61
383.905,1732000,54188,0,1786188,3821272,93157,702702428160,65.61
384.006,1732000,54724,0,1786724,3821272,93205,703030542336,65.61
384.106,1732000,55308,0,1787308,3821272,93252,703382421504,65.61
384.207,1732000,55964,0,1787964,3821272,93298,703726563328,65.61
384.307,1732000,56604,0,1788604,3821272,93347,704065400832,65.61
384.407,1732000,56508,0,1788508,3821272,93393,704351944704,65.61
384.515,1732000,56732,0,1788732,3821272,93414,704503611392,65.61
384.616,1732000,55380,0,1787380,3821272,93460,704850612224,65.61
384.756,1732000,55372,0,1787372,3821272,93481,704993062912,65.61
384.862,1732000,53280,0,1785280,3821272,93527,705326465024,65.61
384.963,1732000,51232,0,1783232,3821272,93551,705508261888,65.61
385.063,1732000,43600,0,1775600,3821272,93593,705842753536,65.61
385.164,1732000,40812,0,1772812,3821272,93637,706191462400,65.61
385.264,1732000,38692,0,1770692,3821272,93681,706518495232,63.51
385.365,1732000,38504,0,1770504,3821272,93727,706852724736,63.51
385.465,1732000,37964,0,1769964,3821272,93775,707194724352,63.51
385.565,1732000,38068,0,1770068,3821272,93819,707538685952,63.51
385.666,1732000,36568,0,1768568,3821272,93861,707870957568,63.51
385.766,1732000,36552,0,1768552,3821272,93907,708224737280,63.51
385.867,1732000,35840,0,1767840,3821272,93952,708569665536,63.51
385.967,1732000,35828,0,1767828,3821272,93994,708893786112,63.51
386.067,1732000,36796,0,1768796,3821272,94040,709237104640,63.51
386.168,1732000,37388,0,1769388,3821272,94086,709579526144,63.51
386.268,1732000,38860,0,1770860,3821272,94130,709919453184,63.51
386.369,1732000,39272,0,1771272,3821272,94175,710264475648,63.51
386.469,1732000,42696,0,1774696,3821272,94218,710581596160,63.51
386.569,1732000,45004,0,1777004,3821272,94266,710945742848,63.51
386.670,1732000,46524,0,1778524,3821272,94308,711283851264,63.51
386.770,1732000,47864,0,1779864,3821272,94353,711628972032,63.51
386.870,1732000,49792,0,1781792,3821272,94399,711957430272,63.51
386.971,1732000,49696,0,1781696,3821272,94442,712305725440,63.51
387.071,1732000,51184,0,1783184,3821272,94489,712642854912,63.51
387.172,1732000,51092,0,1783092,3821272,94536,712973762560,63.41
387.272,1732000,51236,0,1783236,3821272,94581,713325555712,63.41
387.373,1732000,50316,0,1782316,3821272,94625,713672589312,63.41
387.473,1732000,49764,0,1781764,3821272,94670,714002296832,63.41
387.573,1732000,49776,0,1781776,3821272,94715,714355388416,63.41
387.674,1732000,49472,0,1781472,3821272,94761,714671607808,63.41
387.774,1732000,48412,0,1780412,3821272,94807,715030204416,63.41
387.875,1732000,48972,0,1780972,3821272,94852,715361366016,63.41
387.975,1732000,48704,0,1780704,3821272,94894,715707875328,63.41
388.076,1732000,49032,0,1781032,3821272,94940,716037758976,63.41
388.176,1732000,50184,0,1782184,3821272,94986,716402921472,63.41
388.276,1732000,51576,0,1783576,3821272,95027,716725657600,63.41
388.377,1732000,51732,0,1783732,3821272,95071,717057159168,63.41
388.477,1732000,51792,0,1783792,3821272,95116,717407932416,63.41
388.577,1732000,51796,0,1783796,3821272,95159,717745831936,63.41
388.678,1732000,52496,0,1784496,3821272,95205,718084526080,63.41
388.778,1732000,52112,0,1784112,3821272,95248,718443163648,63.41
388.879,1732000,52016,0,1784016,3821272,95291,718776893440,63.41
388.979,1732000,51696,0,1783696,3821272,95336,719128133632,63.41
389.080,1732000,52096,0,1784096,3821272,95379,719457353728,63.41
389.180,1732000,52872,0,1784872,3821272,95424,719787048960,64.61
389.280,1732000,52884,0,1784884,3821272,95470,720146317312,64.61
389.381,1732000,52760,0,1784760,3821272,95513,720467292160,64.61
389.481,1732000,52632,0,1784632,3821272,95558,720815947776,64.61
389.581,1732000,51796,0,1783796,3821272,95602,721155870720,64.61
389.682,1732000,51796,0,1783796,3821272,95646,721485385728,64.61
389.782,1732000,53188,0,1785188,3821272,95692,721824415744,64.61
389.883,1732000,52336,0,1784336,3821272,95737,722164293632,64.61
389.983,1732000,52780,0,1784780,3821272,95782,722514575360,64.61
390.084,1732000,53396,0,1785396,3821272,95825,722854146048,64.61
390.184,1732000,53392,0,1785392,3821272,95870,723190923264,64.61
390.284,1732000,53188,0,1785188,3821272,95915,723538866176,64.61
390.385,1732000,51460,0,1783460,3821272,95962,723870420992,64.61
390.485,1732000,51160,0,1783160,3821272,96006,724230893568,64.61
390.586,1732000,50588,0,1782588,3821272,96049,724554752000,64.61
390.686,1732000,51552,0,1783552,3821272,96093,724891549696,64.61
390.786,1732000,51816,0,1783816,3821272,96138,725221888000,64.61
390.887,1732000,52080,0,1784080,3821272,96184,725581099008,64.61
390.987,1732000,51888,0,1783888,3821272,96227,725910695936,64.61
391.087,1732000,52152,0,1784152,3821272,96274,726265524224,64.86
391.188,1732000,52440,0,1784440,3821272,96318,726607523840,64.86
391.288,1732000,52436,0,1784436,3821272,96361,726941552640,64.86
391.389,1732000,53132,0,1785132,3821272,96407,727272042496,64.86
391.489,1732000,53724,0,1785724,3821272,96453,727614078976,64.86
391.589,1732000,53392,0,1785392,3821272,96496,727958028288,64.86
391.690,1732000,52972,0,1784972,3821272,96543,728303640576,64.86
391.790,1732000,52648,0,1784648,3821272,96588,728638365696,64.86
391.891,1732000,52356,0,1784356,3821272,96632,728982937600,64.86
391.991,1732000,52484,0,1784484,3821272,96679,729323212800,64.86
392.091,1732000,52408,0,1784408,3821272,96725,729667436544,64.86
392.192,1732000,51704,0,1783704,3821272,96770,730008166400,64.86
392.292,1732000,51916,0,1783916,3821272,96815,730347638784,64.86
392.393,1732000,51440,0,1783440,3821272,96861,730677284864,64.86
392.493,1732000,51756,0,1783756,3821272,96907,731022729216,64.86
392.594,1732000,52200,0,1784200,3821272,96952,731368189952,64.86
392.694,1732000,52264,0,1784264,3821272,96997,731721285632,64.86
392.794,1732000,52064,0,1784064,3821272,97040,732039151616,64.86
392.895,1732000,52612,0,1784612,3821272,97089,732386701312,64.86
392.995,1732000,52652,0,1784652,3821272,97134,732733161472,65.25
393.096,1732000,52740,0,1784740,3821272,97179,733078405120,65.25
393.196,1732000,53352,0,1785352,3821272,97225,733417435136,65.25
393.297,1732000,53328,0,1785328,3821272,97271,733755731968,65.25
393.397,1732000,52560,0,1784560,3821272,97314,734087335936,65.25
393.497,1732000,53048,0,1785048,3821272,97362,734443716608,65.25
393.598,1732000,53108,0,1785108,3821272,97406,734768160768,65.25
393.698,1732000,52812,0,1784812,3821272,97455,735123521536,65.25
393.799,1732000,52080,0,1784080,3821272,97499,735464488960,65.25
393.899,1732000,52132,0,1784132,3821272,97546,735804588032,65.25
393.999,1732000,52008,0,1784008,3821272,97588,736129929216,65.25
394.100,1732000,52128,0,1784128,3821272,97636,736466911232,65.25
394.200,1732000,53028,0,1785028,3821272,97681,736814751744,65.25
394.301,1732000,52876,0,1784876,3821272,97728,737139212288,65.25
394.401,1732000,52508,0,1784508,3821272,97774,737501163520,65.25
394.501,1732000,53260,0,1785260,3821272,97820,737841000448,65.25
394.602,1732000,52564,0,1784564,3821272,97865,738183749632,65.25
394.702,1732000,52756,0,1784756,3821272,97909,738519560192,65.25
394.803,1732000,53532,0,1785532,3821272,97957,738863284224,65.25
394.903,1732000,53400,0,1785400,3821272,98002,739179511808,65.25
395.003,1732000,53300,0,1785300,3821272,98045,739514236928,65.2
395.104,1732000,54076,0,1786076,3821272,98092,739847266304,65.2
395.204,1732000,54384,0,1786384,3821272,98138,740177813504,65.2
395.305,1732000,50960,0,1782960,3821272,98185,740534657024,65.2
395.405,1732000,45504,0,1777504,3821272,98232,740874600448,65.2
395.505,1732000,41980,0,1773980,3821272,98281,741233373184,65.2
395.606,1732000,40624,0,1772624,3821272,98326,741575389184,65.2
395.706,1732000,41280,0,1773280,3821272,98373,741924356096,65.2
395.806,1732000,40028,0,1772028,3821272,98417,742260092928,65.2
395.907,1732000,38844,0,1770844,3821272,98462,742598582272,65.2
396.007,1732000,38920,0,1770920,3821272,98503,742939693056,65.2
396.108,1732000,39540,0,1771540,3821272,98549,743283576832,65.2
396.208,1732000,39900,0,1771900,3821272,98592,743615418368,65.2
396.309,1732000,40972,0,1772972,3821272,98637,743964221440,65.2
396.409,1732000,41676,0,1773676,3821272,98680,744301854720,65.2
396.510,1732000,43112,0,1775112,3821272,98725,744637452288,65.2
396.610,1732000,43480,0,1775480,3821272,98769,744983928832,65.2
396.711,1732000,44568,0,1776568,3821272,98813,745313034240,65.2
396.811,1732000,46272,0,1778272,3821272,98858,745667371008,65.2
396.911,1732000,47460,0,1779460,3821272,98902,745995665408,65.71
397.012,1732000,48520,0,1780520,3821272,98949,746343297024,65.71
397.112,1732000,48080,0,1780080,3821272,98993,746686316544,65.71
397.213,1732000,48304,0,1780304,3821272,99037,747035656192,65.71
397.313,1732000,47948,0,1779948,3821272,99080,747366670336,65.71
397.413,1732000,47444,0,1779444,3821272,99124,747698294784,65.71
397.514,1732000,48292,0,1780292,3821272,99171,748048674816,65.71
397.614,1732000,48364,0,1780364,3821272,99214,748392554496,65.71
397.715,1732000,48768,0,1780768,3821272,99257,748715556864,65.71
397.815,1732000,49264,0,1781264,3821272,99303,749065330688,65.71
397.915,1732000,49576,0,1781576,3821272,99347,749408989184,65.71
398.016,1732000,50556,0,1782556,3821272,99391,749755416576,65.71
398.116,1732000,51092,0,1783092,3821272,99435,750092029952,65.71
398.217,1732000,51948,0,1783948,3821272,99479,750442156032,65.71
398.317,1732000,52640,0,1784640,3821272,99521,750754988032,65.71
398.417,1732000,53324,0,1785324,3821272,99568,751115476992,65.71
398.518,1732000,53820,0,1785820,3821272,99609,751442739200,65.71
398.618,1732000,53824,0,1785824,3821272,99652,751774314496,65.71
398.719,1732000,53304,0,1785304,3821272,99698,752133419008,65.71
398.819,1732000,53688,0,1785688,3821272,99741,752452313088,65.71
398.919,1732000,53976,0,1785976,3821272,99789,752806088704,65.4
399.020,1732000,53680,0,1785680,3821272,99834,753148649472,65.4
399.120,1732000,52312,0,1784312,3821272,99877,753492201472,65.4
399.221,1732000,52836,0,1784836,3821272,99919,753823543296,65.4
399.321,1732000,52624,0,1784624,3821272,99963,754158075904,65.4
399.421,1732000,53084,0,1785084,3821272,100009,754514526208,65.4
399.522,1732000,53396,0,1785396,3821272,100052,754854674432,65.4
399.622,1732000,53056,0,1785056,3821272,100097,755196760064,65.4
399.722,1732000,53420,0,1785420,3821272,100142,755527143424,65.4
399.823,1732000,52908,0,1784908,3821272,100186,755872931840,65.4
399.923,1732000,52876,0,1784876,3821272,100233,756212547584,65.4
400.024,1732000,52904,0,1784904,3821272,100278,756552974336,65.4
400.124,1732000,53020,0,1785020,3821272,100322,756896481280,65.4
400.224,1732000,53212,0,1785212,3821272,100366,757230276608,65.4
400.325,1732000,53776,0,1785776,3821272,100411,757590208512,65.4
400.425,1732000,54700,0,1786700,3821272,100455,757918248960,65.4
400.526,1732000,54776,0,1786776,3821272,100499,758251970560,65.4
400.626,1732000,55252,0,1787252,3821272,100544,758601768960,65.4
400.727,1732000,54652,0,1786652,3821272,100586,758932017152,65.4
400.827,1732000,55696,0,1787696,3821272,100631,759277858816,66.23
400.928,1732000,55972,0,1787972,3821272,100674,759603466240,66.23
401.028,1732000,55152,0,1787152,3821272,100719,759961956352,66.23
401.128,1732000,54572,0,1786572,3821272,100763,760300965888,66.23
401.229,1732000,54316,0,1786316,3821272,100809,760643043328,66.23
401.329,1732000,55440,0,1787440,3821272,100855,760958001152,66.23
401.430,1732000,54944,0,1786944,3821272,100899,761335209984,66.23
401.530,1732000,54860,0,1786860,3821272,100944,761655865344,66.23
401.630,1732000,54780,0,1786780,3821272,100989,762007048192,66.23
401.731,1732000,54736,0,1786736,3821272,101031,762338611200,66.23
401.831,1732000,54872,0,1786872,3821272,101076,762669727744,66.23
401.931,1732000,53432,0,1785432,3821272,101125,763002818560,66.23
402.032,1732000,53084,0,1785084,3821272,101169,763353153536,66.23
402.132,1732000,52620,0,1784620,3821272,101210,763674791936,66.23
402.233,1732000,52628,0,1784628,3821272,101255,764021989376,66.23
402.333,1732000,53144,0,1785144,3821272,101300,764361760768,66.23
402.433,1732000,52468,0,1784468,3821272,101348,764707209216,66.23
402.534,1732000,52072,0,1784072,3821272,101393,765058854912,66.23
402.634,1732000,52692,0,1784692,3821272,101437,765404184576,66.23
402.735,1732000,53608,0,1785608,3821272,101481,765734150144,66.23
402.835,1732000,53808,0,1785808,3821272,101528,766080520192,65.46
402.936,1732000,54400,0,1786400,3821272,101574,766429925376,65.46
403.036,1732000,54360,0,1786360,3821272,101617,766760968192,65.46
403.137,1732000,54608,0,1786608,3821272,101664,767093325824,65.46
403.237,1732000,55844,0,1787844,3821272,101711,767447187456,65.46
403.337,1732000,56024,0,1788024,3821272,101756,767778422784,65.46
403.438,1732000,55608,0,1787608,3821272,101803,768131899392,65.46
403.538,1732000,55756,0,1787756,3821272,101848,768468828160,65.46
403.639,1732000,56604,0,1788604,3821272,101894,768797003776,65.46
403.739,1732000,56212,0,1788212,3821272,101938,769135394816,65.46
403.840,1732000,55884,0,1787884,3821272,101985,769482452992,65.46
403.940,1732000,56844,0,1788844,3821272,102029,769836023808,65.46
404.040,1732000,56136,0,1788136,3821272,102072,770172579840,65.46
404.141,1732000,56108,0,1788108,3821272,102118,770518466560,65.46
404.241,1732000,56108,0,1788108,3821272,102161,770850467840,65.46
404.342,1732000,56088,0,1788088,3821272,102206,771183570944,65.46
404.442,1732000,56108,0,1788108,3821272,102253,771528007680,65.46
404.542,1732000,55648,0,1787648,3821272,102298,771861893120,65.46
404.643,1732000,56648,0,1788648,3821272,102348,772219355136,65.46
404.743,1732000,56528,0,1788528,3821272,102393,772561252352,66.1
404.844,1732000,56764,0,1788764,3821272,102439,772894814208,66.1
404.944,1732000,56116,0,1788116,3821272,102484,773237374976,66.1
405.045,1732000,56572,0,1788572,3821272,102530,773559541760,66.1
405.145,1732000,57188,0,1789188,3821272,102575,773914996736,66.1
405.245,1732000,58252,0,1790252,3821272,102621,774246977536,66.1
405.346,1732000,58316,0,1790316,3821272,102667,774590414848,66.1
405.446,1732000,58624,0,1790624,3821272,102713,774923206656,66.1
405.546,1732000,59104,0,1791104,3821272,102763,775271469056,66.1
405.647,1732000,57904,0,1789904,3821272,102809,775609552896,66.1
405.747,1732000,57940,0,1789940,3821272,102858,775958040576,66.1
405.850,1732000,56872,0,1788872,3821272,102894,776155017216,66.1
405.990,1732000,54560,0,1786560,3821272,102927,776396759040,66.1
406.090,1732000,53796,0,1785796,3821272,102968,776684711936,66.1
406.192,1732000,49724,0,1781724,3821272,103000,776942034944,66.1
406.293,1732000,46284,0,1778284,3821272,103013,777086140416,66.1
406.393,1732000,47148,0,1779148,3821272,103052,777300897792,66.1
406.499,1732000,46792,0,1778792,3821272,103070,777504727040,66.1
406.619,1732000,47648,0,1779648,3821272,103100,777639944192,66.1
406.720,1732000,48276,0,1780276,3821272,103145,777968369664,62.46
406.822,1732000,48344,0,1780344,3821272,103150,777995071488,62.46
406.926,1732000,48388,0,1780388,3821272,103189,778263740416,62.46
407.027,1732000,46780,0,1778780,3821272,103213,778509348864,62.46
407.155,1732000,46932,0,1778932,3821272,103227,778572181504,62.46
407.255,1732000,43108,0,1775108,3821272,103270,778930356224,62.46
407.356,1732000,38764,0,1770764,3821272,103315,779260903424,62.46
407.456,1732000,37856,0,1769856,3821272,103360,779586736128,62.46
407.556,1732016,38184,0,1770200,3821272,103410,779927752704,62.46
407.657,1732016,39144,0,1771160,3821272,103456,780271267840,62.46
407.757,1732016,39196,0,1771212,3821272,103500,780604653568,62.46
407.857,1732016,38504,0,1770520,3821272,103546,780951064576,62.46
407.958,1732016,38940,0,1770956,3821272,103591,781282713600,62.46
408.058,1732016,39084,0,1771100,3821272,103638,781639135232,62.46
408.159,1732016,38784,0,1770800,3821272,103683,781993775104,62.46
408.259,1732016,39104,0,1771120,3821272,103725,782318407680,62.46
408.359,1732016,39260,0,1771276,3821272,103770,782667714560,62.46
408.460,1732016,40332,0,1772348,3821272,103814,783005487104,62.46
408.560,1732016,40632,0,1772648,3821272,103855,783344701440,62.46
408.661,1732016,42056,0,1774072,3821272,103898,783676837888,61.11
408.761,1732016,42540,0,1774556,3821272,103945,784036573184,61.11
408.861,1732016,43744,0,1775760,3821272,103988,784372875264,61.11
408.962,1732016,45484,0,1777500,3821272,104031,784706752512,61.11
409.062,1732016,46252,0,1778268,3821272,104076,785065181184,61.11
409.163,1732016,46576,0,1778592,3821272,104117,785391697920,61.11
409.263,1732016,47376,0,1779392,3821272,104164,785715159040,61.11
409.363,1732016,48228,0,1780244,3821272,104209,786055323648,61.11
409.464,1732016,48488,0,1780504,3821272,104252,786400735232,61.11
409.564,1732016,48992,0,1781008,3821272,104299,786738999296,61.11
409.665,1732016,48764,0,1780780,3821272,104345,787095932928,61.11
409.765,1732016,49128,0,1781144,3821272,104391,787411554304,61.11
409.865,1732016,49068,0,1781084,3821272,104436,787765612544,61.11
409.966,1732016,49316,0,1781332,3821272,104481,788123189248,61.11
410.066,1732016,50048,0,1782064,3821272,104526,788463599616,61.11
410.167,1732016,49744,0,1781760,3821272,104570,788800761856,61.11
410.267,1732016,49984,0,1782000,3821272,104618,789144383488,61.11
410.367,1732016,50352,0,1782368,3821272,104661,789483761664,61.11
410.468,1732016,51792,0,1783808,3821272,104706,789814296576,61.11
410.568,1732016,53176,0,1785192,3821272,104752,790162366464,61.99
410.669,1732016,53176,0,1785192,3821272,104796,790505394176,61.99
410.769,1732016,53408,0,1785424,3821272,104842,790844686336,61.99
410.870,1732016,53440,0,1785456,3821272,104885,791168888832,61.99
410.970,1732016,53896,0,1785912,3821272,104933,791528153088,61.99
411.070,1732016,53896,0,1785912,3821272,104977,791875096576,61.99
411.170,1732016,53784,0,1785800,3821272,105022,792212889600,61.99
411.271,1732016,52932,0,1784948,3821272,105067,792546861056,61.99
411.371,1732016,52556,0,1784572,3821272,105109,792887668736,61.99
411.472,1732016,51832,0,1783848,3821272,105153,793232777216,61.99
411.572,1732016,53620,0,1785636,3821272,105197,793582202880,61.99
411.672,1732016,52764,0,1784780,3821272,105242,793919713280,61.99
411.773,1732016,53208,0,1785224,3821272,105285,794257633280,61.99
411.873,1732016,53488,0,1785504,3821272,105328,794589016064,61.99
411.974,1732016,53168,0,1785184,3821272,105372,794940035072,61.99
412.074,1732016,53172,0,1785188,3821272,105416,795284238336,61.99
412.174,1732016,52468,0,1784484,3821272,105458,795619966976,61.99
412.275,1732016,52604,0,1784620,3821272,105503,795934986240,61.99
412.375,1732016,52600,0,1784616,3821272,105552,796287516672,61.99
412.476,1732016,52704,0,1784720,3821272,105595,796632592384,63.44
412.576,1732016,52896,0,1784912,3821272,105638,796953133056,63.44
412.677,1732016,51704,0,1783720,3821272,105684,797313241088,63.44
412.777,1732016,52408,0,1784424,3821272,105729,797648080896,63.44
412.877,1732016,52172,0,1784188,3821272,105775,797995687936,63.44
412.978,1732016,53132,0,1785148,3821272,105821,798330335232,63.44
413.078,1732016,53428,0,1785444,3821272,105865,798681051136,63.44
413.179,1732016,53720,0,1785736,3821272,105908,799013654528,63.44
413.279,1732016,53704,0,1785720,3821272,105954,799361687552,63.44
413.380,1732016,53984,0,1786000,3821272,105999,799698411520,63.44
413.480,1732016,54176,0,1786192,3821272,106047,800039682048,63.44
413.580,1732016,53188,0,1785204,3821272,106091,800385683456,63.44
413.681,1732016,52648,0,1784664,3821272,106135,800725639168,63.44
413.781,1732016,52776,0,1784792,3821272,106181,801050566656,63.44
413.882,1732016,52616,0,1784632,3821272,106225,801394647040,63.44
413.982,1732016,51920,0,1783936,3821272,106271,801741885440,63.44
414.082,1732016,52424,0,1784440,3821272,106315,802078330880,63.44
414.183,1732016,52344,0,1784360,3821272,106364,802426015744,63.44
414.283,1732016,51700,0,1783716,3821272,106409,802776481792,63.44
414.383,1732016,51416,0,1783432,3821272,106453,803117961216,63.44
414.484,1732016,51180,0,1783196,3821272,106499,803445420032,64.09
414.584,1732016,50472,0,1782488,3821272,106543,803794739200,64.09
414.685,1732016,50636,0,1782652,3821272,106587,804124946432,64.09
414.785,1732016,51308,0,1783324,3821272,106634,804470702080,64.09
414.886,1732016,50428,0,1782444,3821272,106676,804812615680,64.09
414.986,1732016,51204,0,1783220,3821272,106723,805144735744,64.09
415.086,1732016,51832,0,1783848,3821272,106767,805480173568,64.09
415.187,1732016,52548,0,1784564,3821272,106813,805817565184,64.09
415.287,1732016,52424,0,1784440,3821272,106858,806171234304,64.09
415.388,1732016,52400,0,1784416,3821272,106905,806513373184,64.09
415.488,1732016,51824,0,1783840,3821272,106948,806842486784,64.09
415.589,1732016,51680,0,1783696,3821272,106996,807197831168,64.09
415.689,1732016,51448,0,1783464,3821272,107039,807528755200,64.09
415.789,1732016,52948,0,1784964,3821272,107086,807880486912,64.09
415.890,1732016,53192,0,1785208,3821272,107130,808208572416,64.09
415.990,1732016,53444,0,1785460,3821272,107174,808552198144,64.09
416.091,1732016,53308,0,1785324,3821272,107219,808906633216,64.09
416.191,1732016,54456,0,1786472,3821272,107265,809245294592,64.09
416.292,1732016,55080,0,1787096,3821272,107309,809579589632,64.09
416.392,1732016,54836,0,1786852,3821272,107353,809915609088,64.98
416.492,1732016,54680,0,1786696,3821272,107400,810256654336,64.98
416.593,1732016,54916,0,1786932,3821272,107446,810604290048,64.98
416.693,1732016,55332,0,1787348,3821272,107490,810933276672,64.98
416.794,1732016,55228,0,1787244,3821272,107539,811282333696,64.98
416.894,1732016,55500,0,1787516,3821272,107582,811626373120,64.98
416.994,1732016,56380,0,1788396,3821272,107629,811960303616,64.98
417.095,1732016,57208,0,1789224,3821272,107677,812294430720,64.98
417.195,1732016,57460,0,1789476,3821272,107723,812649644032,64.98
417.296,1732016,57352,0,1789368,3821272,107766,812975460352,64.98
417.396,1732016,55900,0,1787916,3821272,107814,813329965056,64.98
417.497,1732016,47648,0,1779664,3821272,107856,813671792640,64.98
417.597,1732016,43644,0,1775660,3821272,107904,814014365696,64.98
417.697,1732016,43656,0,1775672,3821272,107951,814350581760,64.98
417.798,1732016,41400,0,1773416,3821272,107997,814681702400,64.98
417.898,1732016,39916,0,1771932,3821272,108043,815033655296,64.98
417.999,1732016,39380,0,1771396,3821272,108088,815377539072,64.98
418.099,1732016,38200,0,1770216,3821272,108135,815712448512,64.98
418.200,1732016,38000,0,1770016,3821272,108180,816059744256,64.98
418.300,1732016,38708,0,1770724,3821272,108228,816394547200,64.98
418.401,1732016,37976,0,1769992,3821272,108269,816740995072,64.25
418.501,1732016,38392,0,1770408,3821272,108315,817081384960,64.25
418.601,1732016,39924,0,1771940,3821272,108361,817420070912,64.25
418.702,1732016,41504,0,1773520,3821272,108404,817742966784,64.25
418.802,1732016,43028,0,1775044,3821272,108451,818099974144,64.25
418.902,1732016,43916,0,1775932,3821272,108496,818445524992,64.25
419.003,1732016,45052,0,1777068,3821272,108540,818781216768,64.25
419.103,1732016,47224,0,1779240,3821272,108587,819113254912,64.25
419.204,1732016,47528,0,1779544,3821272,108632,819460132864,64.25
419.304,1732016,48920,0,1780936,3821272,108678,819803492352,64.25
419.405,1732016,48576,0,1780592,3821272,108721,820134850560,64.25
419.505,1732016,49268,0,1781284,3821272,108767,820481957888,64.25
419.605,1732016,49512,0,1781528,3821272,108813,820833320960,64.25
419.706,1732016,50428,0,1782444,3821272,108857,821176770560,64.25
419.806,1732016,49528,0,1781544,3821272,108901,821511573504,64.25
419.907,1732016,49280,0,1781296,3821272,108946,821853519872,64.25
420.007,1732016,49784,0,1781800,3821272,108991,822189121536,64.25
420.107,1732016,50300,0,1782316,3821272,109035,822536265728,64.25
420.208,1732016,50820,0,1782836,3821272,109080,822882099200,64.25
420.308,1732016,51732,0,1783748,3821272,109123,823201144832,64.93
420.409,1732016,51992,0,1784008,3821272,109169,823555829760,64.93
420.509,1732016,52632,0,1784648,3821272,109215,823891398656,64.93
420.609,1732016,52568,0,1784584,3821272,109259,824242843648,64.93
420.710,1732016,53144,0,1785160,3821272,109302,824578891776,64.93
420.810,1732016,52732,0,1784748,3821272,109348,824923643904,64.93
420.911,1732016,52204,0,1784220,3821272,109390,825269895168,64.93
421.011,1732016,51972,0,1783988,3821272,109434,825582641152,64.93
421.111,1732016,51916,0,1783932,3821272,109477,825925111808,64.93
421.212,1732016,52532,0,1784548,3821272,109522,826274918400,64.93
421.312,1732016,52412,0,1784428,3821272,109567,826624225280,64.93
421.413,1732016,52304,0,1784320,3821272,109610,826944262144,64.93
421.513,1732016,51956,0,1783972,3821272,109656,827296829440,64.93
421.613,1732016,52324,0,1784340,3821272,109701,827631267840,64.93
421.714,1732016,52168,0,1784184,3821272,109749,827974959104,64.93
421.814,1732016,52472,0,1784488,3821272,109792,828341133312,64.93
421.914,1732016,52544,0,1784560,3821272,109834,828654469120,64.93
422.015,1732016,52316,0,1784332,3821272,109880,829004255232,64.93
422.115,1732016,52408,0,1784424,3821272,109926,829357236224,64.93
422.216,1732016,51884,0,1783900,3821272,109969,829693857792,64.4
422.316,1732016,51944,0,1783960,3821272,110015,830029246464,64.4
422.416,1732016,51432,0,1783448,3821272,110058,830377381888,64.4
422.517,1732016,51908,0,1783924,3821272,110102,830710104064,64.4
422.617,1732016,52016,0,1784032,3821272,110147,831047217152,64.4
422.718,1732016,52300,0,1784316,3821272,110193,831382900736,64.4
422.818,1732016,51076,0,1783092,3821272,110237,831735521280,64.4
422.919,1732016,51488,0,1783504,3821272,110279,832059949056,64.4
423.019,1732016,51100,0,1783116,3821272,110324,832417611776,64.4
423.120,1732016,51252,0,1783268,3821272,110368,832758845440,64.4
423.220,1732016,50852,0,1782868,3821272,110411,833088147456,64.4
423.320,1732016,51472,0,1783488,3821272,110457,833429708800,64.4
423.421,1732896,52476,0,1785372,3821272,110505,833777319936,64.4
423.521,1734260,52300,0,1786560,3821272,110553,834123005952,64.4
423.622,1734260,53128,0,1787388,3821272,110596,834452627456,64.4
423.722,1734260,53908,0,1788168,3821272,110641,834816053248,64.4
423.822,1734260,54944,0,1789204,3821272,110687,835137302528,64.4
423.923,1734260,54300,0,1788560,3821272,110731,835486937088,64.4
424.023,1734260,53980,0,1788240,3821272,110777,835830378496,64.4
424.124,1734260,55264,0,1789524,3821272,110823,836163051520,64.4
424.224,1734260,54896,0,1789156,3821272,110868,836498370560,65.23
424.325,1734260,55288,0,1789548,3821272,110913,836844654592,65.23
424.425,1734260,55132,0,1789392,3821272,110958,837184503808,65.23
424.525,1734260,55092,0,1789352,3821272,111000,837513605120,65.23
424.626,1734260,54840,0,1789100,3821272,111047,837858095104,65.23
424.726,1734260,55656,0,1789916,3821272,111096,838209019904,65.23
424.827,1734260,55204,0,1789464,3821272,111139,838550065152,65.23
424.927,1734260,55456,0,1789716,3821272,111183,838897037312,65.23
425.027,1734260,55604,0,1789864,3821272,111229,839236132864,65.23
425.128,1734260,54692,0,1788952,3821272,111270,839559901184,65.23
425.228,1734260,55004,0,1789264,3821272,111314,839903010816,65.23
425.329,1734260,55196,0,1789456,3821272,111363,840261488640,65.23
425.429,1734260,55264,0,1789524,3821272,111406,840586153984,65.23
425.529,1734260,55432,0,1789692,3821272,111451,840921645056,65.23
425.630,1734260,54900,0,1789160,3821272,111494,841262440448,65.23
425.730,1734260,55964,0,1790224,3821272,111542,841605677056,65.23
425.831,1734260,55900,0,1790160,3821272,111588,841954873344,65.23
425.931,1734260,56008,0,1790268,3821272,111631,842281918464,65.23
426.031,1734260,56036,0,1790296,3821272,111676,842618093568,65.23
426.132,1734260,56252,0,1790512,3821272,111721,842962223104,65.37
426.232,1734260,56412,0,1790672,3821272,111768,843293843456,65.37
426.333,1734260,55576,0,1789836,3821272,111813,843643523072,65.37
426.433,1734260,55244,0,1789504,3821272,111859,843988320256,65.37
426.534,1734260,55236,0,1789496,3821272,111905,844323524608,65.37
426.634,1734260,54976,0,1789236,3821272,111950,844652224512,65.37
426.734,1734260,55300,0,1789560,3821272,111997,844992229376,65.37
426.835,1734260,55556,0,1789816,3821272,112044,845344509952,65.37
426.935,1734260,56328,0,1790588,3821272,112093,845700395008,65.37
427.036,1734260,57352,0,1791612,3821272,112138,846020124672,65.37
427.136,1734260,56948,0,1791208,3821272,112184,846359429120,65.37
427.236,1734260,57328,0,1791588,3821272,112229,846703284224,65.37
427.337,1734260,58596,0,1792856,3821272,112278,847046647808,65.37
427.437,1734260,58496,0,1792756,3821272,112326,847397629952,65.37
427.538,1734260,59140,0,1793400,3821272,112371,847733743616,65.37
427.638,1734260,59452,0,1793712,3821272,112416,848062939136,65.37
427.738,1734260,59336,0,1793596,3821272,112463,848423612416,65.37
427.839,1734260,59036,0,1793296,3821272,112505,848742879232,65.37
427.939,1734260,59512,0,1793772,3821272,112554,849088327680,65.37
428.040,1734260,60700,0,1794960,3821272,112602,849434181632,65.37
428.140,1734260,60604,0,1794864,3821272,112646,849778397184,66.21
428.241,1734260,61172,0,1795432,3821272,112694,850101178368,66.21
428.379,1734260,61936,0,1796196,3821272,112717,850198233088,66.21
428.479,1734260,59064,0,1793324,3821272,112759,850543378432,66.21
428.579,1734260,57248,0,1791508,3821272,112788,850722066432,66.21
428.680,1734260,55600,0,1789860,3821272,112821,850959400960,66.21
428.781,1734260,55528,0,1789788,3821272,112847,851124473856,66.21
428.923,1734844,55916,0,1790760,3821272,112886,851357437952,66.21
429.023,1734844,53356,0,1788200,3821272,112932,851743703040,66.21
429.124,1734844,53296,0,1788140,3821272,112975,852011433984,66.21
429.263,1734844,52692,0,1787536,3821272,112991,852123439104,66.21
429.363,1734844,51252,0,1786096,3821272,113034,852491902976,66.21
429.463,1734844,46156,0,1781000,3821272,113073,852801310720,66.21
429.564,1734844,41172,0,1776016,3821272,113120,853145980928,66.21
429.664,1735388,40848,0,1776236,3821272,113169,853475651584,66.21
429.765,1735388,40916,0,1776304,3821272,113213,853819772928,66.21
429.865,1735388,39900,0,1775288,3821272,113258,854167691264,66.21
429.965,1735388,38876,0,1774264,3821272,113302,854480343040,66.21
430.066,1735388,38104,0,1773492,3821272,113349,854854979584,61.46
430.166,1735388,38028,0,1773416,3821272,113397,855182479360,61.46
430.267,1735388,38268,0,1773656,3821272,113441,855526703104,61.46
430.367,1735388,38460,0,1773848,3821272,113490,855867789312,61.46
430.467,1735388,39216,0,1774604,3821272,113534,856205746176,61.46
430.568,1735388,39708,0,1775096,3821272,113577,856532180992,61.46
430.668,1735388,40796,0,1776184,3821272,113622,856868978688,61.46
430.769,1735388,42260,0,1777648,3821272,113668,857203953664,61.46
430.869,1735388,42872,0,1778260,3821272,113712,857541885952,61.46
430.969,1735388,43920,0,1779308,3821272,113758,857880846336,61.46
431.070,1735388,45316,0,1780704,3821272,113805,858240434176,61.46
431.170,1735388,46212,0,1781600,3821272,113849,858567196672,61.46
431.270,1735388,47420,0,1782808,3821272,113893,858906734592,61.46
431.371,1735388,47704,0,1783092,3821272,113941,859255406592,61.46
431.471,1735388,47668,0,1783056,3821272,113986,859598049280,61.46
431.572,1735388,48124,0,1783512,3821272,114031,859948027904,61.46
431.672,1735388,46780,0,1782168,3821272,114075,860295331840,61.46
431.772,1735388,47052,0,1782440,3821272,114119,860623065088,61.46
431.873,1735388,46124,0,1781512,3821272,114163,860977438720,61.46
431.973,1735388,45660,0,1781048,3821272,114204,861299011584,62.46
432.073,1735388,46252,0,1781640,3821272,114250,861648424960,62.46
432.174,1735388,46464,0,1781852,3821272,114292,861991804928,62.46
432.274,1735388,47368,0,1782756,3821272,114335,862334533632,62.46
432.375,1735388,48612,0,1784000,3821272,114380,862669991936,62.46
432.475,1735388,49920,0,1785308,3821272,114423,863006339072,62.46
432.575,1735388,50664,0,1786052,3821272,114467,863357710336,62.46
432.676,1735388,51412,0,1786800,3821272,114509,863671549952,62.46
432.776,1735388,51472,0,1786860,3821272,114556,864035737600,62.46
432.876,1735388,51460,0,1786848,3821272,114600,864368680960,62.46
432.977,1735388,51488,0,1786876,3821272,114644,864706629632,62.46
433.077,1735388,51236,0,1786624,3821272,114689,865039953920,62.46
433.177,1735388,51008,0,1786396,3821272,114732,865390321664,62.46
433.278,1735388,50384,0,1785772,3821272,114777,865726164992,62.46
433.378,1735388,50456,0,1785844,3821272,114821,866062024704,62.46
433.479,1735388,51136,0,1786524,3821272,114867,866403139584,62.46
433.579,1735388,50296,0,1785684,3821272,114909,866743558144,62.46
433.679,1735388,50104,0,1785492,3821272,114954,867080949760,62.46
433.780,1735388,50152,0,1785540,3821272,114996,867420409856,62.46
433.880,1735388,50536,0,1785924,3821272,115044,867778314240,62.46
433.981,1735388,50000,0,1785388,3821272,115086,868116676608,63.28
434.081,1735388,50004,0,1785392,3821272,115130,868447232000,63.28
434.181,1735388,50008,0,1785396,3821272,115174,868784259072,63.28
434.282,1735388,50460,0,1785848,3821272,115219,869125881856,63.28
434.382,1735388,50436,0,1785824,3821272,115265,869454987264,63.28
434.482,1735388,50720,0,1786108,3821272,115308,869807108096,63.28
434.583,1735388,51384,0,1786772,3821272,115353,870158663680,63.28
434.683,1735388,51264,0,1786652,3821272,115400,870503374848,63.28
434.783,1735388,51648,0,1787036,3821272,115442,870824886272,63.28
434.884,1735388,51580,0,1786968,3821272,115487,871184625664,63.28
434.984,1735388,51768,0,1787156,3821272,115532,871487381504,63.28
435.084,1735388,52396,0,1787784,3821272,115576,871832289280,63.28
435.185,1735388,51832,0,1787220,3821272,115622,872184459264,63.28
435.285,1735388,51364,0,1786752,3821272,115666,872527183872,63.28
435.386,1735388,52364,0,1787752,3821272,115711,872867749888,63.28
435.486,1735388,52392,0,1787780,3821272,115758,873218621440,63.28
435.586,1735388,53432,0,1788820,3821272,115803,873541709824,63.28
435.687,1735388,53308,0,1788696,3821272,115848,873885634560,63.28
435.787,1735388,53692,0,1789080,3821272,115893,874216316928,63.28
435.888,1735388,53984,0,1789372,3821272,115938,874565849088,63.96
435.988,1735388,54048,0,1789436,3821272,115985,874917281792,63.96
436.089,1735388,53872,0,1789260,3821272,116032,875256983552,63.96
436.189,1735388,53236,0,1788624,3821272,116078,875598012416,63.96
436.290,1735388,53648,0,1789036,3821272,116125,875933515776,63.96
436.390,1735388,53656,0,1789044,3821272,116172,876278059008,63.96
436.490,1735388,53560,0,1788948,3821272,116220,876619128832,63.96
436.591,1735388,53808,0,1789196,3821272,116263,876955369472,63.96
436.691,1735388,53040,0,1788428,3821272,116307,877311541248,63.96
436.792,1735388,53592,0,1788980,3821272,116352,877637521408,63.96
436.892,1735388,53996,0,1789384,3821272,116395,877975900160,63.96
436.992,1735388,54080,0,1789468,3821272,116440,878310809600,63.96
437.093,1735388,54344,0,1789732,3821272,116483,878660866048,63.96
437.193,1735388,54936,0,1790324,3821272,116529,878993076224,63.96
437.293,1735388,55608,0,1790996,3821272,116574,879348465664,63.96
437.394,1735388,56440,0,1791828,3821272,116619,879678808064,63.96
437.494,1735388,56828,0,1792216,3821272,116663,880006082560,63.96
437.595,1735388,57488,0,1792876,3821272,116710,880348315648,63.96
437.695,1735388,57612,0,1793000,3821272,116758,880703152128,63.96
437.795,1735388,57988,0,1793376,3821272,116802,881040977920,63.96
437.896,1735388,58236,0,1793624,3821272,116850,881373958144,63.96
437.996,1735388,58076,0,1793464,3821272,116894,881703329792,63.96
438.097,1735388,58376,0,1793764,3821272,116940,882054356992,63.96
438.197,1735388,58516,0,1793904,3821272,116985,882381094912,63.96
438.297,1735388,57940,0,1793328,3821272,117029,882714419200,63.96
438.398,1735388,58044,0,1793432,3821272,117073,883049345024,63.96
438.498,1735388,58928,0,1794316,3821272,117122,883400269824,63.96
438.599,1735388,59680,0,1795068,3821272,117169,883757826048,63.96
438.699,1735388,60492,0,1795880,3821272,117216,884093923328,63.96
438.799,1735388,60580,0,1795968,3821272,117261,884435910656,63.96
438.900,1735388,61360,0,1796748,3821272,117308,884764905472,63.96
439.051,1735388,61292,0,1796680,3821272,117346,884978327552,63.96
439.203,1735388,58792,0,1794180,3821272,117389,885286432768,63.96
439.346,1735388,56388,0,1791776,3821272,117434,885603020800,63.96
439.451,1735388,55044,0,1790432,3821272,117477,885925343232,63.96
439.551,1735388,55104,0,1790492,3821272,117493,886017306624,63.96
439.652,1735388,46976,0,1782364,3821272,117536,886410276864,63.96
439.752,1735388,42936,0,1778324,3821272,117580,886732492800,62.16
439.853,1735388,42556,0,1777944,3821272,117626,887080255488,62.16
439.953,1735388,40168,0,1775556,3821272,117671,887424114688,62.16
440.053,1735388,39328,0,1774716,3821272,117717,887757377536,62.16
440.154,1735388,37140,0,1772528,3821272,117762,888104882176,62.16
440.254,1735388,37068,0,1772456,3821272,117812,888448425984,62.16
440.355,1735388,37072,0,1772460,3821272,117855,888793288704,62.16
440.455,1735388,37832,0,1773220,3821272,117900,889124589568,62.16
440.555,1735388,37912,0,1773300,3821272,117944,889463250944,62.16
440.656,1735388,38424,0,1773812,3821272,117990,889798062080,62.16
440.756,1735388,40004,0,1775392,3821272,118037,890147717120,62.16
440.857,1735388,42048,0,1777436,3821272,118081,890491105280,62.16
440.957,1735388,43524,0,1778912,3821272,118126,890830331904,62.16
441.057,1735388,44780,0,1780168,3821272,118171,891163017216,62.16
441.158,1735388,45936,0,1781324,3821272,118214,891513204736,62.16
441.258,1735388,47148,0,1782536,3821272,118256,891850735616,62.16
441.358,1735388,47372,0,1782760,3821272,118302,892192354304,62.16
441.459,1735388,47812,0,1783200,3821272,118349,892538572800,62.16
441.559,1735388,48184,0,1783572,3821272,118393,892874653696,62.16
441.660,1735388,47328,0,1782716,3821272,118438,893214507008,62.16
441.760,1735388,49416,0,1784804,3821272,118481,893549117440,61.95
441.860,1735388,49420,0,1784808,3821272,118528,893900558336,61.95
441.961,1735388,49696,0,1785084,3821272,118571,894224777216,61.95
442.061,1735388,49344,0,1784732,3821272,118616,894573604864,61.95
442.162,1735388,49508,0,1784896,3821272,118663,894903640064,61.95
442.262,1735388,49864,0,1785252,3821272,118708,895262052352,61.95
442.363,1735388,50220,0,1785608,3821272,118754,895592747008,61.95
442.463,1735388,50632,0,1786020,3821272,118800,895937454080,61.95
442.564,1735388,52072,0,1787460,3821272,118846,896290607104,61.95
442.664,1735388,53372,0,1788760,3821272,118891,896636125184,61.95
442.764,1735388,53948,0,1789336,3821272,118936,896979615744,61.95
442.865,1735388,52148,0,1787536,3821272,118982,897311612928,61.95
442.965,1735388,53612,0,1789000,3821272,119029,897642741760,61.95
443.065,1735388,53292,0,1788680,3821272,119071,897974448128,61.95
443.166,1735388,53144,0,1788532,3821272,119117,898312753152,61.95
443.266,1735388,52836,0,1788224,3821272,119163,898677690368,61.95
443.367,1735388,52900,0,1788288,3821272,119206,899005923328,61.95
443.467,1735388,53256,0,1788644,3821272,119252,899350503424,61.95
443.567,1735388,53572,0,1788960,3821272,119296,899681562624,61.95
443.668,1735388,53712,0,1789100,3821272,119339,900022845440,62.32
443.768,1735388,53632,0,1789020,3821272,119383,900365316096,62.32
443.869,1735388,52996,0,1788384,3821272,119424,900688007168,62.32
443.969,1735388,52544,0,1787932,3821272,119470,901034438656,62.32
444.069,1735388,52736,0,1788124,3821272,119514,901384278016,62.32
444.170,1735388,53240,0,1788628,3821272,119560,901720834048,62.32
444.270,1735388,52984,0,1788372,3821272,119606,902068842496,62.32
444.371,1735388,53264,0,1788652,3821272,119651,902408183808,62.32
444.471,1735388,52772,0,1788160,3821272,119696,902756012032,62.32
444.571,1735388,52192,0,1787580,3821272,119741,903095304192,62.32
444.672,1735388,53320,0,1788708,3821272,119785,903417372672,62.32
444.772,1735388,52692,0,1788080,3821272,119830,903781519360,62.32
444.873,1735388,52124,0,1787512,3821272,119876,904117387264,62.32
444.973,1735388,52304,0,1787692,3821272,119921,904455548928,62.32
445.073,1735388,53520,0,1788908,3821272,119966,904805310464,62.32
445.174,1735388,53244,0,1788632,3821272,120010,905125306368,62.32
445.274,1735388,53436,0,1788824,3821272,120057,905473523712,62.32
445.374,1735388,53776,0,1789164,3821272,120102,905815506944,62.32
445.475,1735388,53632,0,1789020,3821272,120148,906148696064,62.32
445.575,1735388,53240,0,1788628,3821272,120193,906490449920,62.32
445.676,1735388,54032,0,1789420,3821272,120240,906828328960,63.17
445.776,1735388,54468,0,1789856,3821272,120285,907175538688,63.17
445.876,1735388,54444,0,1789832,3821272,120331,907516694528,63.17
445.977,1735388,54360,0,1789748,3821272,120377,907863375872,63.17
446.077,1735388,55044,0,1790432,3821272,120425,908184911872,63.17
446.177,1735388,55256,0,1790644,3821272,120471,908534779904,63.17
446.278,1735388,55544,0,1790932,3821272,120517,908886700032,63.17
446.378,1735388,55472,0,1790860,3821272,120562,909227282432,63.17
446.479,1735388,55664,0,1791052,3821272,120608,909561364480,63.17
446.579,1735388,55596,0,1790984,3821272,120653,909908611072,63.17
446.679,1735388,54828,0,1790216,3821272,120697,910249525248,63.17
446.780,1735388,54996,0,1790384,3821272,120741,910583980032,63.17
446.880,1735388,55112,0,1790500,3821272,120787,910925164544,63.17
446.981,1735388,55080,0,1790468,3821272,120834,911252733952,63.17
447.081,1735388,55168,0,1790556,3821272,120881,911597256704,63.17
447.181,1735388,55744,0,1791132,3821272,120930,911922532352,63.17
447.282,1735388,55468,0,1790856,3821272,120980,912282869760,63.17
447.382,1735388,54836,0,1790224,3821272,121027,912610734080,63.17
447.483,1735388,55856,0,1791244,3821272,121075,912966950912,63.17
447.583,1735388,56372,0,1791760,3821272,121120,913302638592,63.68
447.684,1735388,56440,0,1791828,3821272,121166,913652588544,63.68
447.784,1735388,56780,0,1792168,3821272,121212,914002771968,63.68
447.884,1735388,56080,0,1791468,3821272,121258,914329300992,63.68
447.985,1735388,56492,0,1791880,3821272,121304,914683076608,63.68
448.085,1735388,56724,0,1792112,3821272,121349,915029508096,63.68
448.185,1735388,56260,0,1791648,3821272,121393,915358752768,63.68
448.286,1735388,56464,0,1791852,3821272,121438,915687432192,63.68
448.386,1735388,57420,0,1792808,3821272,121486,916032888832,63.68
448.487,1735388,58068,0,1793456,3821272,121533,916364709888,63.68
448.587,1735388,57952,0,1793340,3821272,121578,916703899648,63.68
448.687,1735388,57804,0,1793192,3821272,121627,917066551296,63.68
448.788,1735388,59012,0,1794400,3821272,121677,917400092672,63.68
448.888,1735388,59316,0,1794704,3821272,121725,917728174080,63.68
448.989,1735388,59492,0,1794880,3821272,121771,918075371520,63.68
449.089,1735388,59804,0,1795192,3821272,121814,918408957952,63.68
449.189,1735388,59432,0,1794820,3821272,121862,918754934784,63.68
449.290,1735388,59884,0,1795272,3821272,121908,919096201216,63.68
449.390,1735388,61620,0,1797008,3821272,121955,919430397952,63.68
449.491,1735388,61244,0,1796632,3821272,122002,919775748096,63.74
449.591,1735388,61684,0,1797072,3821272,122050,920128794624,63.74
449.692,1735388,61532,0,1796920,3821272,122095,920463241216,63.74
449.792,1735388,62416,0,1797804,3821272,122141,920803192832,63.74
449.892,1735388,54576,0,1789964,3821272,122194,921158012928,63.74
449.993,1735388,47744,0,1783132,3821272,122237,921488904192,63.74
450.093,1735388,44960,0,1780348,3821272,122284,921809559552,63.74
450.193,1735388,42024,0,1777412,3821272,122330,922176823296,63.74
450.294,1735388,40044,0,1775432,3821272,122373,922500857856,63.74
450.394,1735388,38444,0,1773832,3821272,122418,922842730496,63.74
450.494,1735388,38088,0,1773476,3821272,122463,923182010368,63.74
450.595,1735388,39504,0,1774892,3821272,122512,923525058560,63.74
450.695,1735388,40904,0,1776292,3821272,122558,923867176960,63.74
450.796,1735388,41176,0,1776564,3821272,122602,924189749248,63.74
450.896,1735388,41696,0,1777084,3821272,122649,924538945536,63.74
450.997,1735388,42488,0,1777876,3821272,122698,924895793152,63.74
451.097,1735388,43524,0,1778912,3821272,122741,925227974656,63.74
451.197,1735388,45400,0,1780788,3821272,122786,925578919936,63.74
451.298,1735388,46916,0,1782304,3821272,122830,925911420928,63.74
451.398,1735388,47360,0,1782748,3821272,122876,926268366848,63.74
451.499,1735388,47968,0,1783356,3821272,122917,926608093184,64.69
451.599,1735388,48508,0,1783896,3821272,122959,926925836288,64.69
451.699,1735388,49512,0,1784900,3821272,123005,927273922560,64.69
451.800,1735388,48248,0,1783636,3821272,123052,927635460096,64.69
451.900,1735388,48388,0,1783776,3821272,123097,927945715712,64.69
452.001,1735388,47664,0,1783052,3821272,123141,928303046656,64.69
452.101,1735388,47168,0,1782556,3821272,123187,928637554688,64.69
452.202,1735388,46832,0,1782220,3821272,123226,928967270400,64.69
452.302,1735388,46424,0,1781812,3821272,123272,929334407168,64.69
452.402,1735388,45724,0,1781112,3821272,123316,929680850944,64.69
452.503,1735388,46572,0,1781960,3821272,123362,930019942400,64.69
452.603,1735388,46276,0,1781664,3821272,123404,930364301312,64.69
452.704,1735388,47256,0,1782644,3821272,123447,930689568768,64.69
452.804,1735388,48520,0,1783908,3821272,123492,931034447872,64.69
452.905,1735388,49356,0,1784744,3821272,123539,931380895744,64.69
453.005,1735388,50308,0,1785696,3821272,123581,931697659904,64.69
453.105,1735388,51264,0,1786652,3821272,123627,932056113152,64.69
453.206,1735388,51156,0,1786544,3821272,123673,932397109248,64.69
453.306,1735388,51772,0,1787160,3821272,123714,932742656000,64.69
453.407,1735388,51264,0,1786652,3821272,123757,933078376448,64.93
453.507,1735388,51492,0,1786880,3821272,123803,933409067008,64.93
453.608,1735388,51500,0,1786888,3821272,123847,933748531200,64.93
453.708,1735388,51780,0,1787168,3821272,123891,934087114752,64.93
453.808,1735388,52196,0,1787584,3821272,123938,934441394176,64.93
453.909,1735388,52132,0,1787520,3821272,123984,934794432512,64.93
454.009,1735388,51604,0,1786992,3821272,124027,935114207232,64.93
454.110,1735388,51092,0,1786480,3821272,124071,935466807296,64.93
454.210,1735388,51136,0,1786524,3821272,124116,935805231104,64.93
454.310,1735388,50140,0,1785528,3821272,124160,936144281600,64.93
454.411,1735388,50972,0,1786360,3821272,124207,936472412160,64.93
454.511,1735388,50572,0,1785960,3821272,124251,936816197632,64.93
454.612,1735388,50828,0,1786216,3821272,124296,937164288000,64.93
454.712,1735388,51768,0,1787156,3821272,124341,937503051776,64.93
454.812,1735388,51596,0,1786984,3821272,124385,937849212928,64.93
454.913,1735388,51684,0,1787072,3821272,124429,938185654272,64.93
455.013,1735388,51772,0,1787160,3821272,124475,938531516416,64.93
455.113,1735388,51888,0,1787276,3821272,124520,938878582784,64.93
455.214,1735388,51704,0,1787092,3821272,124563,939202277376,64.93
455.314,1735388,51772,0,1787160,3821272,124608,939552518144,65.66
455.415,1735388,51288,0,1786676,3821272,124653,939894149120,65.66
455.515,1735388,51568,0,1786956,3821272,124697,940235923456,65.66
455.615,1735388,50972,0,1786360,3821272,124740,940579864576,65.66
455.716,1735388,51152,0,1786540,3821272,124783,940912590848,65.66
455.816,1735388,50896,0,1786284,3821272,124832,941251780608,65.66
455.917,1735388,50732,0,1786120,3821272,124872,941592059904,65.66
456.017,1735388,51300,0,1786688,3821272,124916,941923835904,65.66
456.117,1735388,51704,0,1787092,3821272,124965,942288285696,65.66
456.218,1735388,51340,0,1786728,3821272,125009,942615937024,65.66
456.318,1735388,52004,0,1787392,3821272,125055,942965080064,65.66
456.419,1735388,51084,0,1786472,3821272,125098,943305588736,65.66
456.519,1735388,51948,0,1787336,3821272,125143,943628427264,65.66
456.619,1735388,51548,0,1786936,3821272,125188,943976755200,65.66
456.720,1735388,52460,0,1787848,3821272,125235,944317243392,65.66
456.820,1735388,52120,0,1787508,3821272,125280,944657502208,65.66
456.920,1735388,52836,0,1788224,3821272,125328,945016451072,65.66
457.021,1735388,53272,0,1788660,3821272,125370,945352396800,65.66
457.121,1735388,53260,0,1788648,3821272,125413,945679499264,65.66
457.222,1735388,52604,0,1787992,3821272,125457,946025385984,65.66
457.322,1735388,52960,0,1788348,3821272,125503,946361950208,66.27
457.422,1735388,53700,0,1789088,3821272,125547,946695766016,66.27
457.523,1735388,52820,0,1788208,3821272,125590,947041902592,66.27
457.623,1735388,52748,0,1788136,3821272,125635,947379445760,66.27
457.724,1735388,52560,0,1787948,3821272,125680,947727388672,66.27
457.824,1735388,51528,0,1786916,3821272,125725,948077559808,66.27
457.925,1735388,51608,0,1786996,3821272,125770,948419813376,66.27
458.025,1735388,51304,0,1786692,3821272,125813,948740857856,66.27
458.125,1735388,51124,0,1786512,3821272,125855,949080784896,66.27
458.226,1735388,51672,0,1787060,3821272,125904,949405208576,66.27
458.326,1735388,51892,0,1787280,3821272,125952,949756628992,66.27
458.427,1735388,53388,0,1788776,3821272,125998,950100938752,66.27
458.527,1735388,53680,0,1789068,3821272,126041,950428200960,66.27
458.627,1735388,54196,0,1789584,3821272,126089,950782156800,66.27
458.728,1735388,54800,0,1790188,3821272,126137,951114379264,66.27
458.828,1735388,55296,0,1790684,3821272,126183,951455096832,66.27
458.929,1735388,55928,0,1791316,3821272,126230,951812665344,66.27
459.029,1735388,56128,0,1791516,3821272,126275,952156278784,66.27
459.129,1735388,56732,0,1792120,3821272,126322,952484032512,66.27
459.230,1735388,55836,0,1791224,3821272,126367,952818307072,66.04
459.330,1735388,55852,0,1791240,3821272,126410,953154281472,66.04
459.431,1735388,56264,0,1791652,3821272,126456,953512902656,66.04
459.531,1735388,57496,0,1792884,3821272,126502,953839980544,66.04
459.631,1735388,58228,0,1793616,3821272,126550,954181550080,66.04
459.732,1735388,58744,0,1794132,3821272,126598,954530639872,66.04
459.832,1735388,59468,0,1794856,3821272,126645,954842087424,66.04
459.933,1735388,60084,0,1795472,3821272,126697,955186356224,66.04
460.033,1735388,53640,0,1789028,3821272,126745,955533754368,66.04
460.133,1735388,48332,0,1783720,3821272,126792,955886227456,66.04
460.234,1735388,45276,0,1780664,3821272,126837,956222017536,66.04
460.334,1735388,44464,0,1779852,3821272,126883,956545925120,66.04
460.435,1735388,42832,0,1778220,3821272,126928,956897837056,66.04
460.535,1735388,42656,0,1778044,3821272,126975,957254324224,66.04
460.636,1735388,40944,0,1776332,3821272,127018,957578940416,66.04
460.736,1735388,40720,0,1776108,3821272,127067,957931655168,66.04
460.837,1735388,40404,0,1775792,3821272,127113,958279118848,66.04
460.937,1735388,40028,0,1775416,3821272,127156,958623846400,66.04
461.037,1735388,40724,0,1776112,3821272,127199,958953914368,66.04
461.138,1735388,42144,0,1777532,3821272,127244,959292653568,66.04
461.238,1735388,42956,0,1778344,3821272,127288,959629148160,65.49
461.339,1735388,42956,0,1778344,3821272,127335,959957729280,65.49
461.439,1735388,43160,0,1778548,3821272,127378,960301494272,65.49
461.540,1735388,43920,0,1779308,3821272,127421,960644497408,65.49
461.640,1735388,44552,0,1779940,3821272,127464,960986972160,65.49
461.741,1735388,45120,0,1780508,3821272,127508,961324920832,65.49
461.841,1735388,46052,0,1781440,3821272,127555,961676853248,65.49
461.941,1735388,46016,0,1781404,3821272,127597,962015793152,65.49
462.042,1735388,46600,0,1781988,3821272,127643,962368835584,65.49
462.142,1735388,46852,0,1782240,3821272,127688,962713440256,65.49
462.243,1735388,46516,0,1781904,3821272,127732,963051884544,65.49
462.343,1735388,47072,0,1782460,3821272,127777,963388956672,65.49
462.443,1735388,47824,0,1783212,3821272,127822,963735572480,65.49
462.544,1735388,48076,0,1783464,3821272,127865,964058046464,65.49
462.644,1735388,48940,0,1784328,3821272,127910,964397383680,65.49
462.745,1735388,49328,0,1784716,3821272,127957,964752941056,65.49
462.845,1735388,48700,0,1784088,3821272,128000,965099864064,65.49
462.945,1735388,50304,0,1785692,3821272,128042,965426761728,65.49
463.046,1735388,50960,0,1786348,3821272,128088,965763141632,65.49
463.146,1735388,52124,0,1787512,3821272,128133,966112432128,66.12
463.247,1735388,52044,0,1787432,3821272,128178,966446989312,66.12
463.347,1735388,52584,0,1787972,3821272,128226,966778859520,66.12
463.448,1735388,53096,0,1788484,3821272,128270,967126700032,66.12
463.548,1735388,53652,0,1789040,3821272,128316,967470661632,66.12
463.648,1735388,53788,0,1789176,3821272,128359,967813349376,66.12
463.749,1735388,54028,0,1789416,3821272,128402,968143474688,66.12
463.849,1735388,53460,0,1788848,3821272,128449,968501137408,66.12
463.950,1735388,53644,0,1789032,3821272,128492,968827568128,66.12
464.050,1735388,53264,0,1788652,3821272,128537,969179418624,66.12
464.150,1735388,53192,0,1788580,3821272,128579,969521696768,66.12
464.251,1735388,53004,0,1788392,3821272,128624,969853415424,66.12
464.351,1735388,52940,0,1788328,3821272,128667,970192670720,66.12
464.452,1735388,52852,0,1788240,3821272,128711,970504577024,66.12
464.552,1735388,52620,0,1788008,3821272,128756,970877706240,66.12
464.652,1735388,52604,0,1787992,3821272,128800,971220717568,66.12
464.753,1735388,53548,0,1788936,3821272,128845,971542351872,66.12
464.853,1735388,53036,0,1788424,3821272,128889,971885731840,66.12
464.954,1735388,52460,0,1787848,3821272,128932,972228071424,66.12
465.054,1735388,53492,0,1788880,3821272,128976,972544696320,65.37
465.155,1735388,53880,0,1789268,3821272,129022,972914008064,65.37
465.255,1735388,53716,0,1789104,3821272,129066,973258915840,65.37
465.355,1735388,54248,0,1789636,3821272,129111,973581967360,65.37
465.456,1735388,54316,0,1789704,3821272,129158,973916913664,65.37
465.556,1735388,54260,0,1789648,3821272,129201,974269644800,65.37
465.657,1735388,54164,0,1789552,3821272,129248,974617423872,65.37
465.757,1735388,55124,0,1790512,3821272,129293,974966087680,65.37
465.857,1735388,55504,0,1790892,3821272,129337,975290142720,65.37
465.958,1735388,55948,0,1791336,3821272,129384,975635165184,65.37
466.058,1735388,56564,0,1791952,3821272,129429,975983968256,65.37
466.158,1735388,55892,0,1791280,3821272,129473,976311894016,65.37
466.259,1735388,55704,0,1791092,3821272,129517,976640274432,65.37
466.359,1735388,56040,0,1791428,3821272,129561,977000710144,65.37
466.459,1735388,55556,0,1790944,3821272,129606,977344143360,65.37
466.560,1735388,55648,0,1791036,3821272,129652,977677115392,65.37
466.660,1735388,55180,0,1790568,3821272,129696,978019733504,65.37
466.761,1735388,54424,0,1789812,3821272,129742,978351501312,65.37
466.861,1735388,54644,0,1790032,3821272,129786,978684477440,65.37
466.962,1735388,54876,0,1790264,3821272,129830,979025043456,65.37
467.062,1735388,54992,0,1790380,3821272,129877,979369861120,65.49
467.162,1735388,54896,0,1790284,3821272,129923,979721945088,65.49
467.263,1735388,55472,0,1790860,3821272,129970,980059365376,65.49
467.363,1735388,56292,0,1791680,3821272,130016,980414844928,65.49
467.464,1735388,56564,0,1791952,3821272,130059,980739280896,65.49
467.564,1735388,56580,0,1791968,3821272,130105,981090660352,65.49
467.664,1735388,56152,0,1791540,3821272,130150,981430403072,65.49
467.765,1735388,55732,0,1791120,3821272,130195,981764870144,65.49
467.865,1735388,55328,0,1790716,3821272,130240,982098489344,65.49
467.966,1735388,55540,0,1790928,3821272,130283,982427971584,65.49
468.066,1735388,55460,0,1790848,3821272,130328,982763896832,65.49
468.166,1735388,56140,0,1791528,3821272,130373,983111663616,65.49
468.267,1735388,56684,0,1792072,3821272,130421,983443566592,65.49
468.367,1735388,57028,0,1792416,3821272,130466,983789531136,65.49
468.468,1735388,58548,0,1793936,3821272,130513,984157802496,65.49
468.568,1735388,59452,0,1794840,3821272,130560,984488824832,65.49
468.668,1735388,59380,0,1794768,3821272,130605,984820994048,65.49
468.769,1735388,59236,0,1794624,3821272,130651,985164931072,65.49
468.869,1735388,59520,0,1794908,3821272,130696,985499131904,65.49
468.970,1735388,58916,0,1794304,3821272,130743,985847328768,65.58
469.070,1735388,58988,0,1794376,3821272,130787,986182905856,65.58
469.171,1735388,59020,0,1794408,3821272,130832,986522189824,65.58
469.271,1735388,58700,0,1794088,3821272,130880,986869579776,65.58
469.371,1735388,58572,0,1793960,3821272,130925,987201953792,65.58
469.472,1735388,59020,0,1794408,3821272,130974,987546165248,65.58
469.572,1735388,58724,0,1794112,3821272,131021,987889131520,65.58
469.673,1735388,58340,0,1793728,3821272,131065,988220239872,65.58
469.773,1735388,58620,0,1794008,3821272,131110,988565082112,65.58
469.873,1735388,58808,0,1794196,3821272,131159,988903424000,65.58
469.974,1735388,58812,0,1794200,3821272,131204,989253910528,65.58
470.074,1735388,58672,0,1794060,3821272,131250,989580525568,65.58
470.174,1735388,58724,0,1794112,3821272,131295,989909151744,65.58
470.275,1735388,59044,0,1794432,3821272,131341,990253342720,65.58
470.375,1735388,59264,0,1794652,3821272,131390,990615244800,65.58
470.476,1735388,59140,0,1794528,3821272,131434,990960254976,65.58
470.576,1735388,59000,0,1794388,3821272,131477,991295496192,65.58
470.676,1735388,59452,0,1794840,3821272,131521,991633244160,65.58
470.782,1735388,59324,0,1794712,3821272,131563,991861198848,65.58
470.884,1735388,57204,0,1792592,3821272,131583,992066531328,65.58
470.984,1735388,54256,0,1789644,3821272,131603,992206045184,64.93
471.084,1735388,53008,0,1788396,3821272,131628,992372559872,64.93
471.185,1735388,52212,0,1787600,3821272,131673,992637931520,64.93
471.285,1735388,50020,0,1785408,3821272,131689,992843350016,64.93
471.386,1735388,51636,0,1787024,3821272,131721,993004765184,64.93
471.486,1735388,48496,0,1783884,3821272,131734,993183617024,64.93
471.586,1735388,49332,0,1784720,3821272,131779,993485877248,64.93
471.710,1735388,49460,0,1784848,3821272,131792,993534967808,64.93
471.810,1735388,48508,0,1783896,3821272,131834,993899094016,64.93
471.911,1735388,45248,0,1780636,3821272,131857,994078359552,64.93
472.015,1735388,45444,0,1780832,3821272,131890,994284879872,64.93
472.115,1735388,38772,0,1774160,3821272,131938,994648182784,64.93
472.216,1735388,35092,0,1770480,3821272,131981,994981023744,64.93
472.316,1735388,35276,0,1770664,3821272,132028,995332694016,64.93
472.417,1735388,36216,0,1771604,3821272,132075,995668504576,64.93
472.517,1735388,36188,0,1771576,3821272,132121,996014526464,64.93
472.618,1735388,36144,0,1771532,3821272,132162,996340690944,64.93
472.718,1735388,35632,0,1771020,3821272,132209,996695011328,64.93
472.818,1735388,35520,0,1770908,3821272,132254,997041754112,64.93
472.919,1735388,35812,0,1771200,3821272,132299,997380153344,61.68
473.019,1735388,36564,0,1771952,3821272,132343,997714780160,61.68
473.119,1735388,36480,0,1771868,3821272,132389,998065025024,61.68
473.220,1735388,38036,0,1773424,3821272,132432,998409125888,61.68
473.320,1735388,39044,0,1774432,3821272,132477,998749339648,61.68
473.420,1735388,40188,0,1775576,3821272,132522,999095980032,61.68
473.521,1735388,41516,0,1776904,3821272,132564,999411871744,61.68
473.621,1735388,42840,0,1778228,3821272,132609,999760191488,61.68
473.721,1735388,43756,0,1779144,3821272,132655,1000104509440,61.68
473.822,1735388,45408,0,1780796,3821272,132700,1000446038016,61.68
473.922,1735388,46304,0,1781692,3821272,132742,1000782680064,61.68
474.023,1735388,47532,0,1782920,3821272,132787,1001115901952,61.68
474.123,1735388,47968,0,1783356,3821272,132831,1001470189568,61.68
474.223,1735388,49364,0,1784752,3821272,132875,1001788391424,61.68
474.324,1735388,50072,0,1785460,3821272,132923,1002159251456,61.68
474.424,1735388,49892,0,1785280,3821272,132966,1002502909952,61.68
474.525,1735388,49808,0,1785196,3821272,133009,1002829504512,61.68
474.625,1735388,50276,0,1785664,3821272,133054,1003170041856,61.68
474.725,1735388,49788,0,1785176,3821272,133096,1003508838400,61.68
474.826,1735388,50180,0,1785568,3821272,133141,1003836207104,62.82
474.926,1735388,49920,0,1785308,3821272,133184,1004182290432,62.82
475.026,1735388,49892,0,1785280,3821272,133228,1004524544000,62.82
475.127,1735388,50388,0,1785776,3821272,133272,1004853166080,62.82
475.227,1735388,51352,0,1786740,3821272,133319,1005204037632,62.82
475.328,1735388,51572,0,1786960,3821272,133363,1005542305792,62.82
475.428,1735388,51368,0,1786756,3821272,133406,1005878071296,62.82
475.528,1735388,54288,0,1789676,3821272,133450,1006229467136,62.82
475.629,1735388,54096,0,1789484,3821272,133495,1006581366784,62.82
475.729,1735388,55220,0,1790608,3821272,133541,1006911635456,62.82
475.830,1735388,55504,0,1790892,3821272,133589,1007266209792,62.82
475.930,1735388,55252,0,1790640,3821272,133632,1007602180096,62.82
476.030,1735388,55652,0,1791040,3821272,133678,1007939207168,62.82
476.131,1735388,55532,0,1790920,3821272,133723,1008288030720,62.82
476.231,1735388,54304,0,1789692,3821272,133767,1008612851712,62.82
476.332,1735388,54480,0,1789868,3821272,133812,1008963448832,62.82
476.432,1735388,54544,0,1789932,3821272,133855,1009298591744,62.82
476.533,1735388,53780,0,1789168,3821272,133898,1009645023232,62.82
476.633,1735388,53756,0,1789144,3821272,133941,1009984925696,62.82
476.733,1735388,53880,0,1789268,3821272,133987,1010336047104,62.82
476.834,1735388,53428,0,1788816,3821272,134031,1010662699008,64.12
476.934,1735388,52640,0,1788028,3821272,134076,1011013242880,64.12
477.034,1735388,52784,0,1788172,3821272,134120,1011350298624,64.12
477.135,1735388,52764,0,1788152,3821272,134164,1011692826624,64.12
477.235,1735388,52764,0,1788152,3821272,134207,1012017786880,64.12
477.336,1735388,53336,0,1788724,3821272,134254,1012374573056,64.12
477.436,1735388,53508,0,1788896,3821272,134299,1012710305792,64.12
477.537,1735388,53028,0,1788416,3821272,134344,1013043847168,64.12
477.637,1735388,53292,0,1788680,3821272,134387,1013388492800,64.12
477.737,1735388,52952,0,1788340,3821272,134433,1013736501248,64.12
477.838,1735388,53428,0,1788816,3821272,134482,1014086742016,64.12
477.938,1735388,54296,0,1789684,3821272,134526,1014411837440,64.12
478.039,1735388,54388,0,1789776,3821272,134571,1014755688448,64.12
478.139,1735388,54516,0,1789904,3821272,134616,1015094312960,64.12
478.239,1735388,54736,0,1790124,3821272,134661,1015436316672,64.12
478.340,1735388,55248,0,1790636,3821272,134707,1015776477184,64.12
478.440,1735388,55700,0,1791088,3821272,134754,1016121356288,64.12
478.541,1735388,56000,0,1791388,3821272,134799,1016474636288,64.12
478.641,1735388,56000,0,1791388,3821272,134843,1016785739776,64.12
478.741,1735388,55304,0,1790692,3821272,134887,1017148706816,64.46
478.842,1735388,55300,0,1790688,3821272,134930,1017464385536,64.46
478.942,1735388,54928,0,1790316,3821272,134979,1017828114432,64.46
479.042,1735388,55476,0,1790864,3821272,135023,1018160349184,64.46
479.143,1735388,54808,0,1790196,3821272,135070,1018519724032,64.46
479.243,1735388,54808,0,1790196,3821272,135115,1018850312192,64.46
479.344,1735388,55072,0,1790460,3821272,135158,1019193520128,64.46
479.444,1735388,54560,0,1789948,3821272,135203,1019531313152,64.46
479.544,1735388,55308,0,1790696,3821272,135250,1019862290432,64.46
479.645,1735388,55588,0,1790976,3821272,135300,1020211232768,64.46
479.745,1735388,55584,0,1790972,3821272,135342,1020548284416,64.46
479.846,1735388,55288,0,1790676,3821272,135388,1020881461248,64.46
479.946,1735388,55476,0,1790864,3821272,135435,1021239660544,64.46
480.047,1735388,56364,0,1791752,3821272,135479,1021565956096,64.46
480.147,1735388,55456,0,1790844,3821272,135525,1021906956288,64.46
480.247,1735388,55912,0,1791300,3821272,135570,1022242566144,64.46
480.348,1735388,55880,0,1791268,3821272,135614,1022598602752,64.46
480.448,1735388,56236,0,1791624,3821272,135660,1022941700096,64.46
480.549,1735388,56944,0,1792332,3821272,135706,1023283363840,64.46
480.649,1735388,57088,0,1792476,3821272,135754,1023618797568,64.56
480.749,1735388,57092,0,1792480,3821272,135799,1023959801856,64.56
480.850,1735388,57728,0,1793116,3821272,135846,1024289804288,64.56
480.950,1735388,57176,0,1792564,3821272,135892,1024639127552,64.56
481.050,1735388,57316,0,1792704,3821272,135939,1024984256512,64.56
481.151,1735388,57640,0,1793028,3821272,135984,1025320656896,64.56
481.251,1735388,57804,0,1793192,3821272,136031,1025654947840,64.56
481.351,1735388,59076,0,1794464,3821272,136078,1026007359488,64.56
481.452,1735388,59236,0,1794624,3821272,136122,1026343866368,64.56
481.552,1735388,59424,0,1794812,3821272,136169,1026689622016,64.56
481.652,1735388,59732,0,1795120,3821272,136215,1027011203072,64.56
481.753,1735388,59236,0,1794624,3821272,136263,1027356164096,64.56
481.853,1735388,59988,0,1795376,3821272,136310,1027713081344,64.56
481.953,1735388,60280,0,1795668,3821272,136355,1028041039872,64.56
482.054,1735388,60836,0,1796224,3821272,136401,1028381057024,64.56
482.154,1735388,62764,0,1798152,3821272,136446,1028722778112,64.56
482.255,1735388,54468,0,1789856,3821272,136494,1029052436480,64.56
482.355,1735388,48452,0,1783840,3821272,136541,1029384392704,64.56
482.455,1735388,44556,0,1779944,3821272,136588,1029741023232,64.56
482.556,1735388,42992,0,1778380,3821272,136635,1030102269952,64.56
482.656,1735388,41416,0,1776804,3821272,136680,1030421569536,65.54
482.757,1735388,40496,0,1775884,3821272,136727,1030778056704,65.54
482.857,1735388,39848,0,1775236,3821272,136769,1031097552896,65.54
482.957,1735388,38940,0,1774328,3821272,136817,1031463501824,65.54
483.058,1735388,39784,0,1775172,3821272,136862,1031807131648,65.54
483.158,1735388,39552,0,1774940,3821272,136906,1032126951424,65.54
483.259,1735388,39992,0,1775380,3821272,136952,1032488415232,65.54
483.359,1735388,40720,0,1776108,3821272,136996,1032817082368,65.54
483.460,1735388,41900,0,1777288,3821272,137041,1033154461696,65.54
483.560,1735388,43476,0,1778864,3821272,137086,1033498042368,65.54
483.660,1735388,44804,0,1780192,3821272,137132,1033845108736,65.54
483.761,1735388,46060,0,1781448,3821272,137175,1034189516800,65.54
483.861,1735388,46956,0,1782344,3821272,137219,1034534268928,65.54
483.961,1735388,47460,0,1782848,3821272,137262,1034852687872,65.54
484.062,1735388,47128,0,1782516,3821272,137307,1035206656000,65.54
484.162,1735388,46680,0,1782068,3821272,137351,1035540344832,65.54
484.263,1735388,46752,0,1782140,3821272,137397,1035886735360,65.54
484.363,1735388,46592,0,1781980,3821272,137443,1036221001728,65.54
484.463,1735388,46960,0,1782348,3821272,137486,1036580560896,65.54
484.564,1735388,47348,0,1782736,3821272,137531,1036904210432,65.63
484.664,1735388,46704,0,1782092,3821272,137575,1037255823360,65.63
484.765,1735388,47472,0,1782860,3821272,137619,1037585121280,65.63
484.865,1735388,48436,0,1783824,3821272,137663,1037917958144,65.63
484.965,1735388,48832,0,1784220,3821272,137707,1038266859520,65.63
485.066,1735388,50384,0,1785772,3821272,137753,1038615363584,65.63
485.166,1735388,51952,0,1787340,3821272,137798,1038943535104,65.63
485.266,1735388,53104,0,1788492,3821272,137846,1039288422400,65.63
485.367,1735388,53740,0,1789128,3821272,137890,1039636701184,65.63
485.467,1735388,53628,0,1789016,3821272,137932,1039963758592,65.63
485.567,1735388,53976,0,1789364,3821272,137980,1040322031616,65.63
485.668,1735388,54804,0,1790192,3821272,138024,1040655618048,65.63
485.768,1735388,54672,0,1790060,3821272,138070,1041004933120,65.63
485.869,1735388,54164,0,1789552,3821272,138111,1041329692672,65.63
485.969,1735388,55536,0,1790924,3821272,138158,1041677434880,65.63
486.070,1735388,55916,0,1791304,3821272,138202,1042027442176,65.63
486.170,1735388,55796,0,1791184,3821272,138245,1042357379072,65.63
486.270,1735388,56084,0,1791472,3821272,138290,1042700759040,65.63
486.371,1735388,55744,0,1791132,3821272,138334,1043053252608,65.63
486.471,1735388,55616,0,1791004,3821272,138379,1043397042176,66.06
486.572,1735388,55120,0,1790508,3821272,138424,1043733409792,66.06
486.672,1735388,54864,0,1790252,3821272,138469,1044068651008,66.06
486.773,1735388,54736,0,1790124,3821272,138511,1044410802176,66.06
486.873,1735388,54416,0,1789804,3821272,138557,1044735344640,66.06
486.973,1735388,54508,0,1789896,3821272,138604,1045098688512,66.06
487.074,1735388,54448,0,1789836,3821272,138648,1045444423680,66.06
487.174,1735388,53492,0,1788880,3821272,138691,1045772611584,66.06
487.274,1735388,53352,0,1788740,3821272,138735,1046118363136,66.06
487.375,1735388,53352,0,1788740,3821272,138779,1046438400000,66.06
487.475,1735388,53560,0,1788948,3821272,138824,1046787829760,66.06
487.576,1735388,54008,0,1789396,3821272,138871,1047141318656,66.06
487.676,1735388,54408,0,1789796,3821272,138912,1047469649920,66.06
487.776,1735388,54500,0,1789888,3821272,138960,1047794872320,66.06
487.877,1735388,54084,0,1789472,3821272,139006,1048160735232,66.06
487.977,1735388,54472,0,1789860,3821272,139053,1048507092992,66.06
488.077,1735388,54380,0,1789768,3821272,139098,1048839245824,66.06
488.178,1735388,55084,0,1790472,3821272,139144,1049171550208,66.06
488.278,1735388,54900,0,1790288,3821272,139189,1049521635328,66.06
488.379,1735388,54528,0,1789916,3821272,139233,1049854914560,66.06
488.479,1735388,54432,0,1789820,3821272,139279,1050205831168,65.68
488.579,1735388,55124,0,1790512,3821272,139324,1050529456128,65.68
488.680,1735388,54268,0,1789656,3821272,139369,1050873155584,65.68
488.780,1735388,54868,0,1790256,3821272,139415,1051215548416,65.68
488.881,1735388,54128,0,1789516,3821272,139461,1051556196352,65.68
488.981,1735388,53704,0,1789092,3821272,139506,1051908870144,65.68
489.081,1735388,53764,0,1789152,3821272,139549,1052234567680,65.68
489.182,1735388,53420,0,1788808,3821272,139596,1052565999616,65.68
489.282,1735388,53700,0,1789088,3821272,139642,1052928114688,65.68
489.383,1735388,53904,0,1789292,3821272,139687,1053275078656,65.68
489.483,1735388,55144,0,1790532,3821272,139733,1053596119040,65.68
489.583,1735388,55624,0,1791012,3821272,139779,1053939998720,65.68
489.684,1735388,55376,0,1790764,3821272,139827,1054292197376,65.68
489.784,1735388,55068,0,1790456,3821272,139873,1054624956416,65.68
489.884,1735388,55388,0,1790776,3821272,139918,1054960046080,65.68
489.985,1735388,55840,0,1791228,3821272,139964,1055300284416,65.68
490.085,1735388,55412,0,1790800,3821272,140009,1055648448512,65.68
490.186,1735388,55732,0,1791120,3821272,140054,1055976923136,65.68
490.286,1735388,56472,0,1791860,3821272,140101,1056327426048,65.68
490.386,1735388,56996,0,1792384,3821272,140148,1056676560896,67.01
490.487,1735388,56920,0,1792308,3821272,140191,1057000615936,67.01
490.587,1735388,57160,0,1792548,3821272,140238,1057357037568,67.01
490.687,1735388,57796,0,1793184,3821272,140287,1057683320832,67.01
490.788,1735388,57600,0,1792988,3821272,140334,1058026524672,67.01
490.888,1735388,58312,0,1793700,3821272,140381,1058362818560,67.01
490.989,1735388,57528,0,1792916,3821272,140429,1058716008448,67.01
491.089,1735388,57544,0,1792932,3821272,140474,1059041038336,67.01
491.189,1735388,58252,0,1793640,3821272,140523,1059376103424,67.01
491.290,1735388,57812,0,1793200,3821272,140566,1059719548928,67.01
491.390,1735388,57944,0,1793332,3821272,140615,1060058390528,67.01
491.491,1735388,58988,0,1794376,3821272,140664,1060408999936,67.01
491.591,1735388,59932,0,1795320,3821272,140709,1060754456576,67.01
491.691,1735388,60404,0,1795792,3821272,140757,1061089144832,67.01
491.792,1735388,60920,0,1796308,3821272,140802,1061426962432,67.01
491.892,1735388,60760,0,1796148,3821272,140851,1061784973312,67.01
491.993,1735388,61864,0,1797252,3821272,140900,1062120878080,67.01
492.093,1735388,62920,0,1798308,3821272,140947,1062448168960,67.01
492.193,1735388,64304,0,1799692,3821272,140997,1062792052736,67.01
492.294,1735388,63892,0,1799280,3821272,141043,1063129853952,67.01
492.394,1735388,56108,0,1791496,3821272,141088,1063468957696,66.28
492.494,1735388,50508,0,1785896,3821272,141135,1063817768960,66.28
492.595,1735388,47148,0,1782536,3821272,141182,1064139882496,66.28
492.695,1735388,44016,0,1779404,3821272,141231,1064493019136,66.28
492.796,1735388,44452,0,1779840,3821272,141278,1064826208256,66.28
492.896,1735388,44132,0,1779520,3821272,141323,1065180610560,66.28
492.997,1735388,42268,0,1777656,3821272,141368,1065508257792,66.28
493.097,1735388,41104,0,1776492,3821272,141414,1065854509056,66.28
493.197,1735388,41788,0,1777176,3821272,141458,1066194059264,66.28
493.298,1735388,42300,0,1777688,3821272,141504,1066541264896,66.28
493.398,1735388,43076,0,1778464,3821272,141549,1066883051520,66.28
493.499,1735388,44100,0,1779488,3821272,141592,1067219894272,66.28
493.599,1735388,43868,0,1779256,3821272,141636,1067563937792,66.28
493.699,1735388,46008,0,1781396,3821272,141679,1067898421248,66.28
493.800,1735388,46424,0,1781812,3821272,141722,1068231770112,66.28
493.900,1735388,47244,0,1782632,3821272,141768,1068578156544,66.28
494.000,1735388,48260,0,1783648,3821272,141813,1068921819136,66.28
494.101,1735388,49012,0,1784400,3821272,141859,1069268541440,66.28
494.201,1735388,49932,0,1785320,3821272,141902,1069595815936,66.28
494.302,1735388,49432,0,1784820,3821272,141949,1069943427072,66.77
494.402,1735388,49952,0,1785340,3821272,141993,1070280294400,66.77
494.502,1735388,50844,0,1786232,3821272,142035,1070622883840,66.77
494.603,1735388,51564,0,1786952,3821272,142081,1070957973504,66.77
494.704,1735388,51012,0,1786400,3821272,142126,1071301730304,66.77
494.804,1735388,51104,0,1786492,3821272,142170,1071648694272,66.77
494.904,1735388,51480,0,1786868,3821272,142216,1071989538816,66.77
495.005,1735388,52500,0,1787888,3821272,142261,1072326443008,66.77
495.105,1735388,52976,0,1788364,3821272,142305,1072663851008,66.77
495.206,1735388,53804,0,1789192,3821272,142351,1073001209856,66.77
495.306,1735388,53844,0,1789232,3821272,142397,1073345388544,66.77
495.406,1735388,55140,0,1790528,3821272,142441,1073663954944,66.77
495.507,1735388,55436,0,1790824,3821272,142487,1074034778112,66.77
495.607,1735388,55656,0,1791044,3821272,142533,1074368774144,66.77
495.708,1735388,55236,0,1790624,3821272,142580,1074699186176,66.77
495.808,1735388,55128,0,1790516,3821272,142622,1075054567424,66.77
495.908,1735388,55340,0,1790728,3821272,142670,1075378237440,66.77
496.009,1735388,55792,0,1791180,3821272,142715,1075725438976,66.77
496.109,1735388,55344,0,1790732,3821272,142759,1076075675648,66.77
496.210,1735388,55120,0,1790508,3821272,142804,1076418785280,66.09
496.310,1735388,54764,0,1790152,3821272,142846,1076756041728,66.09
496.411,1735388,55056,0,1790444,3821272,142892,1077099978752,66.09
496.511,1735388,55028,0,1790416,3821272,142936,1077434900480,66.09
496.611,1735388,55048,0,1790436,3821272,142979,1077741342720,66.09
496.712,1735388,54384,0,1789772,3821272,143027,1078112501760,66.09
496.812,1735388,54440,0,1789828,3821272,143071,1078444060672,66.09
496.913,1735388,54244,0,1789632,3821272,143119,1078785675264,66.09
497.013,1735388,55276,0,1790664,3821272,143166,1079125041152,66.09
497.113,1735388,55608,0,1790996,3821272,143211,1079470669824,66.09
497.214,1735388,55344,0,1790732,3821272,143256,1079813201920,66.09
497.314,1735388,55272,0,1790660,3821272,143300,1080146411520,66.09
497.414,1735388,55572,0,1790960,3821272,143345,1080490889216,66.09
497.515,1735388,56256,0,1791644,3821272,143390,1080825851904,66.09
497.615,1735388,56224,0,1791612,3821272,143435,1081166188544,66.09
497.716,1735388,56884,0,1792272,3821272,143480,1081512378368,66.09
497.816,1735388,57052,0,1792440,3821272,143523,1081833619456,66.09
497.917,1735388,57324,0,1792712,3821272,143568,1082166476800,66.09
498.017,1735388,56816,0,1792204,3821272,143615,1082527465472,66.09
498.118,1735388,56656,0,1792044,3821272,143661,1082877603840,66.09
498.218,1735388,57544,0,1792932,3821272,143706,1083219959808,66.61
498.318,1735388,57212,0,1792600,3821272,143750,1083554897920,66.61
498.419,1735388,57544,0,1792932,3821272,143795,1083886731264,66.61
498.519,1735388,57260,0,1792648,3821272,143841,1084238909440,66.61
498.620,1735388,56640,0,1792028,3821272,143887,1084578693120,66.61
498.720,1735388,56096,0,1791484,3821272,143932,1084916137984,66.61
498.820,1735388,55648,0,1791036,3821272,143975,1085233598464,66.61
498.921,1735388,55856,0,1791244,3821272,144022,1085595930624,66.61
499.021,1735388,56340,0,1791728,3821272,144068,1085918351360,66.61
499.122,1735388,56916,0,1792304,3821272,144115,1086257541120,66.61
499.222,1735388,57164,0,1792552,3821272,144162,1086610452480,66.61
499.322,1735388,57840,0,1793228,3821272,144210,1086959874048,66.61
499.423,1735388,58212,0,1793600,3821272,144257,1087294410752,66.61
499.523,1735388,58772,0,1794160,3821272,144302,1087628963840,66.61
499.624,1735388,59536,0,1794924,3821272,144349,1087967854592,66.61
499.724,1735388,59028,0,1794416,3821272,144397,1088322707456,66.61
499.824,1735388,58380,0,1793768,3821272,144441,1088663609344,66.61
499.925,1735388,58692,0,1794080,3821272,144484,1088993136640,66.61
500.025,1735388,59104,0,1794492,3821272,144529,1089333338112,66.61
500.126,1735388,58808,0,1794196,3821272,144576,1089671917568,67.05
500.226,1735388,59296,0,1794684,3821272,144624,1090026393600,67.05
500.326,1735388,59184,0,1794572,3821272,144666,1090348171264,67.05
500.427,1735388,60080,0,1795468,3821272,144714,1090675064832,67.05
500.527,1735388,61308,0,1796696,3821272,144763,1091028320256,67.05
500.628,1735388,61288,0,1796676,3821272,144808,1091357589504,67.05
500.728,1735388,61028,0,1796416,3821272,144856,1091723489280,67.05
500.829,1735388,61656,0,1797044,3821272,144901,1092062117888,67.05
500.929,1735388,62200,0,1797588,3821272,144946,1092395626496,67.05
501.029,1735388,63168,0,1798556,3821272,144994,1092740960256,67.05
501.130,1735388,63520,0,1798908,3821272,145039,1093083611136,67.05
501.230,1735388,63208,0,1798596,3821272,145084,1093417926656,67.05
501.331,1735388,64204,0,1799592,3821272,145129,1093736185856,67.05
501.431,1735388,64820,0,1800208,3821272,145175,1094090149888,67.05
501.531,1735388,64948,0,1800336,3821272,145222,1094426443776,67.05
501.632,1735388,65220,0,1800608,3821272,145273,1094776455168,67.05
501.732,1735388,65036,0,1800424,3821272,145318,1095119388672,67.05
501.833,1735388,66260,0,1801648,3821272,145368,1095454507008,67.05
501.933,1735388,66808,0,1802196,3821272,145411,1095762501632,67.05
502.063,1735388,67148,0,1802536,3821272,145438,1095913828352,65.77
502.166,1735388,65264,0,1800652,3821272,145474,1096187596800,65.77
502.267,1735388,60588,0,1795976,3821272,145507,1096446128128,65.77
502.367,1735388,55568,0,1790956,3821272,145555,1096784388096,65.77
502.468,1735388,47816,0,1783204,3821272,145601,1097131593728,65.77
502.568,1735388,47012,0,1782400,3821272,145649,1097470078976,65.77
502.668,1735388,45216,0,1780604,3821272,145698,1097810366464,65.77
502.769,1735388,42704,0,1778092,3821272,145743,1098163609600,65.77
502.869,1735388,41040,0,1776428,3821272,145787,1098485555200,65.77
502.970,1735388,39096,0,1774484,3821272,145829,1098828115968,65.77
503.070,1735388,37864,0,1773252,3821272,145875,1099169337344,65.77
503.171,1735388,37820,0,1773208,3821272,145921,1099504537600,65.77
503.271,1735388,38088,0,1773476,3821272,145967,1099854680064,65.77
503.371,1735388,39312,0,1774700,3821272,146010,1100181557248,65.77
503.472,1735388,40884,0,1776272,3821272,146056,1100532879360,65.77
503.572,1735388,40908,0,1776296,3821272,146104,1100880404480,65.77
503.673,1735388,42548,0,1777936,3821272,146149,1101214404608,65.77
503.773,1735388,44108,0,1779496,3821272,146193,1101547016192,65.77
503.873,1735388,45392,0,1780780,3821272,146237,1101894123520,65.77
503.974,1735388,46204,0,1781592,3821272,146282,1102243614720,65.77
504.074,1735388,46344,0,1781732,3821272,146326,1102583402496,65.27
504.174,1735388,48376,0,1783764,3821272,146372,1102916435968,65.27
504.275,1735388,50360,0,1785748,3821272,146417,1103281790976,65.27
504.375,1735388,51836,0,1787224,3821272,146460,1103596630016,65.27
504.476,1735388,50716,0,1786104,3821272,146504,1103954472960,65.27
504.576,1735388,50604,0,1785992,3821272,146549,1104282292224,65.27
504.677,1735388,51476,0,1786864,3821272,146596,1104610770944,65.27
504.777,1735388,50940,0,1786328,3821272,146639,1104952631296,65.27
504.877,1735388,51564,0,1786952,3821272,146685,1105317253120,65.27
504.978,1735388,50824,0,1786212,3821272,146730,1105634234368,65.27
505.078,1735388,51024,0,1786412,3821272,146776,1105982619648,65.27
505.178,1735388,51996,0,1787384,3821272,146822,1106328305664,65.27
505.279,1735388,52892,0,1788280,3821272,146868,1106662211584,65.27
505.379,1735388,54232,0,1789620,3821272,146912,1107006529536,65.27
505.480,1735388,54208,0,1789596,3821272,146957,1107359305728,65.27
505.580,1735388,53940,0,1789328,3821272,147001,1107694612480,65.27
505.680,1735388,54152,0,1789540,3821272,147044,1108024193024,65.27
505.781,1735388,54112,0,1789500,3821272,147090,1108358840320,65.27
505.881,1735388,54076,0,1789464,3821272,147131,1108694601728,65.27
505.982,1735388,53584,0,1788972,3821272,147178,1109058875392,65.76
506.082,1735388,53992,0,1789380,3821272,147227,1109398016000,65.76
506.182,1735388,53416,0,1788804,3821272,147270,1109745295360,65.76
506.283,1735388,53560,0,1788948,3821272,147313,1110076583936,65.76
506.383,1735388,54164,0,1789552,3821272,147361,1110420430848,65.76
506.484,1735388,54040,0,1789428,3821272,147405,1110739169280,65.76
506.584,1735388,54192,0,1789580,3821272,147448,1111082385408,65.76
506.684,1735388,53452,0,1788840,3821272,147495,1111440367616,65.76
506.785,1735388,53532,0,1788920,3821272,147541,1111782563840,65.76
506.885,1735388,53576,0,1788964,3821272,147586,1112126124032,65.76
506.986,1735388,54572,0,1789960,3821272,147632,1112467533824,65.76
507.086,1735388,54352,0,1789740,3821272,147676,1112813785088,65.76
507.186,1735388,53916,0,1789304,3821272,147718,1113150484480,65.76
507.287,1735388,54144,0,1789532,3821272,147766,1113487609856,65.76
507.387,1735388,54360,0,1789748,3821272,147810,1113827532800,65.76
507.488,1735388,54060,0,1789448,3821272,147857,1114169122816,65.76
507.588,1735388,53464,0,1788852,3821272,147901,1114511884288,65.76
507.689,1735388,53412,0,1788800,3821272,147948,1114858557440,65.76
507.789,1735388,53472,0,1788860,3821272,147993,1115190935552,65.76
507.889,1735388,52804,0,1788192,3821272,148038,1115536855040,65.76
507.990,1735388,52612,0,1788000,3821272,148082,1115879735296,66.53
508.090,1735388,52556,0,1787944,3821272,148127,1116208013312,66.53
508.191,1735388,52524,0,1787912,3821272,148171,1116545597440,66.53
508.291,1735388,53060,0,1788448,3821272,148218,1116895006720,66.53
508.391,1735388,53040,0,1788428,3821272,148261,1117225721856,66.53
508.492,1735388,53124,0,1788512,3821272,148307,1117556367360,66.53
508.592,1735388,53288,0,1788676,3821272,148354,1117910392832,66.53
508.692,1735388,54584,0,1789972,3821272,148402,1118258638848,66.53
508.793,1735388,55636,0,1791024,3821272,148446,1118580752384,66.53
508.893,1735388,56860,0,1792248,3821272,148493,1118953787392,66.53
508.994,1735388,57444,0,1792832,3821272,148537,1119287123968,66.53
509.094,1735388,57188,0,1792576,3821272,148584,1119604154368,66.53
509.194,1735388,56744,0,1792132,3821272,148627,1119960952832,66.53
509.295,1735388,57216,0,1792604,3821272,148675,1120302944256,66.53
509.395,1735388,56832,0,1792220,3821272,148722,1120634281984,66.53
509.495,1735388,57004,0,1792392,3821272,148766,1120972500992,66.53
509.596,1735388,57120,0,1792508,3821272,148814,1121318957056,66.53
509.696,1735388,57256,0,1792644,3821272,148862,1121657077760,66.53
509.796,1735388,57932,0,1793320,3821272,148913,1122000625664,66.53
509.897,1735388,57476,0,1792864,3821272,148958,1122346266624,65.71
509.997,1735388,57600,0,1792988,3821272,149006,1122685468672,65.71
510.098,1735388,56888,0,1792276,3821272,149050,1123034333184,65.71
510.198,1735388,56792,0,1792180,3821272,149095,1123379027968,65.71
510.298,1735388,57372,0,1792760,3821272,149141,1123720339456,65.71
510.399,1735388,58404,0,1793792,3821272,149185,1124059320320,65.71
510.499,1735388,57824,0,1793212,3821272,149230,1124388077568,65.71
510.600,1735388,58012,0,1793400,3821272,149278,1124741300224,65.71
510.700,1735388,58288,0,1793676,3821272,149324,1125070503936,65.71
510.800,1735388,58584,0,1793972,3821272,149369,1125420728320,65.71
510.901,1735388,59476,0,1794864,3821272,149415,1125759336448,65.71
511.001,1735388,59600,0,1794988,3821272,149459,1126088028160,65.71
511.102,1735388,59836,0,1795224,3821272,149507,1126424113152,65.71
511.202,1735388,59864,0,1795252,3821272,149555,1126767009792,65.71
511.302,1735388,59580,0,1794968,3821272,149601,1127126339584,65.71
511.403,1735388,60068,0,1795456,3821272,149648,1127464480768,65.71
511.503,1735388,59988,0,1795376,3821272,149691,1127806717952,65.71
511.603,1735388,59976,0,1795364,3821272,149737,1128142778368,65.71
511.704,1735388,60900,0,1796288,3821272,149783,1128491036672,65.71
511.804,1735388,61388,0,1796776,3821272,149830,1128808235008,65.94
511.905,1735388,62388,0,1797776,3821272,149876,1129149890560,65.94
512.005,1735388,62172,0,1797560,3821272,149923,1129501806592,65.94
512.105,1735388,62740,0,1798128,3821272,149968,1129836249088,65.94
512.206,1735388,62484,0,1797872,3821272,150015,1130179473408,65.94
512.306,1735388,63692,0,1799080,3821272,150061,1130534354944,65.94
512.406,1735388,63664,0,1799052,3821272,150108,1130873081856,65.94
512.507,1735388,58064,0,1793452,3821272,150154,1131215130624,65.94
512.607,1735388,51312,0,1786700,3821272,150201,1131534684160,65.94
512.708,1735388,45632,0,1781020,3821272,150247,1131878346752,65.94
512.808,1735388,41328,0,1776716,3821272,150297,1132233367552,65.94
512.908,1735388,40596,0,1775984,3821272,150342,1132570849280,65.94
513.009,1735388,38948,0,1774336,3821272,150386,1132899684352,65.94
513.109,1735388,38388,0,1773776,3821272,150431,1133246889984,65.94
513.210,1735388,37528,0,1772916,3821272,150477,1133594886144,65.94
513.310,1735388,37980,0,1773368,3821272,150520,1133940371456,65.94
513.411,1735388,38284,0,1773672,3821272,150565,1134273445888,65.94
513.511,1735388,38180,0,1773568,3821272,150609,1134617329664,65.94
513.611,1735388,38908,0,1774296,3821272,150654,1134964453376,65.94
513.712,1735388,40936,0,1776324,3821272,150697,1135305392128,65.94
513.812,1735388,42232,0,1777620,3821272,150743,1135646601216,66.31
513.913,1735388,43188,0,1778576,3821272,150789,1135991726080,66.31
514.013,1735388,44936,0,1780324,3821272,150836,1136329158656,66.31
514.113,1735388,45296,0,1780684,3821272,150880,1136677715968,66.31
514.214,1735388,45428,0,1780816,3821272,150926,1137015824384,66.31
514.314,1735388,47016,0,1782404,3821272,150971,1137341186048,66.31
514.414,1735388,47784,0,1783172,3821272,151016,1137692778496,66.31
514.515,1735388,48068,0,1783456,3821272,151060,1138019741696,66.31
514.615,1735388,48580,0,1783968,3821272,151104,1138372558848,66.31
514.716,1735388,48664,0,1784052,3821272,151149,1138713468928,66.31
514.816,1735388,49000,0,1784388,3821272,151192,1139066437632,66.31
514.917,1735388,48432,0,1783820,3821272,151236,1139397373952,66.31
515.017,1735388,48004,0,1783392,3821272,151281,1139733291008,66.31
515.117,1735388,48048,0,1783436,3821272,151323,1140064669696,66.31
515.218,1735388,50028,0,1785416,3821272,151368,1140416798720,66.31
515.318,1735388,50664,0,1786052,3821272,151411,1140770091008,66.31
515.419,1735388,51760,0,1787148,3821272,151455,1141101387776,66.31
515.519,1735388,51812,0,1787200,3821272,151500,1141444456448,66.31
515.620,1735388,53312,0,1788700,3821272,151544,1141787783168,66.31
515.720,1735388,53668,0,1789056,3821272,151585,1142119120896,66.44
515.820,1735388,53880,0,1789268,3821272,151630,1142451351552,66.44
515.921,1735388,53488,0,1788876,3821272,151675,1142794489856,66.44
516.021,1735388,53004,0,1788392,3821272,151721,1143147966464,66.44
516.121,1735388,53768,0,1789156,3821272,151765,1143486910464,66.44
516.222,1735388,53796,0,1789184,3821272,151809,1143827587072,66.44
516.322,1735388,54264,0,1789652,3821272,151853,1144160862208,66.44
516.423,1735388,54444,0,1789832,3821272,151901,1144517173248,66.44
516.523,1735388,53196,0,1788584,3821272,151947,1144853258240,66.44
516.624,1735388,53512,0,1788900,3821272,151991,1145186185216,66.44
516.724,1735388,53380,0,1788768,3821272,152037,1145540018176,66.44
516.824,1735388,52796,0,1788184,3821272,152079,1145874022400,66.44
516.925,1735388,52592,0,1787980,3821272,152125,1146201378816,66.44
517.025,1735388,52784,0,1788172,3821272,152170,1146536574976,66.44
517.125,1735388,51340,0,1786728,3821272,152216,1146902306816,66.44
517.226,1735388,51548,0,1786936,3821272,152260,1147247112192,66.44
517.327,1735388,51428,0,1786816,3821272,152304,1147564208128,66.44
517.427,1735388,51160,0,1786548,3821272,152350,1147924418560,66.44
517.527,1735388,51160,0,1786548,3821272,152394,1148269817856,66.44
517.628,1735388,51028,0,1786416,3821272,152442,1148618555392,66.9
517.728,1735388,51596,0,1786984,3821272,152485,1148955426816,66.9
517.829,1735388,51436,0,1786824,3821272,152529,1149285396480,66.9
517.929,1735388,52452,0,1787840,3821272,152574,1149618528256,66.9
518.030,1735388,51948,0,1787336,3821272,152618,1149977104384,66.9
518.130,1735388,52344,0,1787732,3821272,152662,1150306267136,66.9
518.230,1735388,52640,0,1788028,3821272,152707,1150643433472,66.9
518.331,1735388,52360,0,1787748,3821272,152752,1150996832256,66.9
518.431,1735388,52764,0,1788152,3821272,152798,1151330484224,66.9
518.531,1735388,52820,0,1788208,3821272,152842,1151675023360,66.9
518.632,1735388,53424,0,1788812,3821272,152888,1152011300864,66.9
518.732,1735388,53752,0,1789140,3821272,152935,1152353329152,66.9
518.833,1735388,54312,0,1789700,3821272,152978,1152688259072,66.9
518.933,1735388,54440,0,1789828,3821272,153022,1153029984256,66.9
519.033,1735388,54300,0,1789688,3821272,153068,1153375047680,66.9
519.134,1735388,54260,0,1789648,3821272,153114,1153724661760,66.9
519.234,1735388,53816,0,1789204,3821272,153158,1154062974976,66.9
519.335,1735388,53364,0,1788752,3821272,153204,1154406424576,66.9
519.435,1735388,53104,0,1788492,3821272,153248,1154742046720,66.9
519.536,1735388,52816,0,1788204,3821272,153293,1155067183104,66.9
519.636,1735388,52408,0,1787796,3821272,153340,1155422814208,66.19
519.736,1735388,52112,0,1787500,3821272,153386,1155763589120,66.19
519.837,1735388,52404,0,1787792,3821272,153432,1156109672448,66.19
519.937,1735388,54520,0,1789908,3821272,153478,1156456820736,66.19
520.037,1735388,54752,0,1790140,3821272,153521,1156791111680,66.19
520.138,1735388,54908,0,1790296,3821272,153565,1157124673536,66.19
520.238,1735388,54872,0,1790260,3821272,153612,1157471215616,66.19
520.339,1735388,54404,0,1789792,3821272,153656,1157813829632,66.19
520.439,1735388,55104,0,1790492,3821272,153700,1158143561728,66.19
520.539,1735388,55360,0,1790748,3821272,153746,1158484279296,66.19
520.640,1735388,55068,0,1790456,3821272,153793,1158828019712,66.19
520.740,1735388,56452,0,1791840,3821272,153840,1159159009280,66.19
520.840,1735388,54092,0,1789480,3821272,153888,1159502045184,66.19
520.941,1735388,54752,0,1790140,3821272,153932,1159857532928,66.19
521.041,1735388,55132,0,1790520,3821272,153979,1160200482816,66.19
521.141,1735388,55416,0,1790804,3821272,154025,1160542187520,66.19
521.242,1735388,55432,0,1790820,3821272,154069,1160877621248,66.19
521.342,1735388,55284,0,1790672,3821272,154114,1161198358528,66.19
521.442,1735388,55440,0,1790828,3821272,154160,1161552793600,66.19
521.543,1735388,54916,0,1790304,3821272,154205,1161893908480,66.7
521.643,1735388,54408,0,1789796,3821272,154250,1162224467968,66.7
521.744,1735388,54448,0,1789836,3821272,154294,1162563547136,66.7
521.844,1735388,55088,0,1790476,3821272,154341,1162922610688,66.7
521.944,1735388,55072,0,1790460,3821272,154385,1163255083008,66.7
522.045,1735388,54876,0,1790264,3821272,154434,1163594502144,66.7
522.145,1735388,56316,0,1791704,3821272,154481,1163936940032,66.7
522.246,1735388,56648,0,1792036,3821272,154526,1164274049024,66.7
522.346,1735388,56900,0,1792288,3821272,154573,1164603715584,66.7
522.446,1735388,57076,0,1792464,3821272,154623,1164941754368,66.7
522.547,1735388,57184,0,1792572,3821272,154668,1165287067648,66.7
522.647,1735388,57600,0,1792988,3821272,154715,1165632233472,66.7
522.748,1735388,56888,0,1792276,3821272,154765,1165983817728,66.7
522.848,1735388,57000,0,1792388,3821272,154813,1166305677312,66.7
522.948,1735388,58348,0,1793736,3821272,154862,1166654218240,66.7
523.049,1735388,58392,0,1793780,3821272,154908,1166998708224,66.7
523.149,1735388,58780,0,1794168,3821272,154957,1167353737216,66.7
523.250,1735388,59308,0,1794696,3821272,155004,1167655383040,66.7
523.350,1735388,59816,0,1795204,3821272,155021,1167733321728,66.7
523.483,1735388,58360,0,1793748,3821272,155043,1167907213312,65.12
523.583,1735388,57612,0,1793000,3821272,155072,1168123027456,65.12
523.684,1735388,55872,0,1791260,3821272,155079,1168224460800,65.12
523.786,1735388,56636,0,1792024,3821272,155112,1168391888896,65.12
523.935,1735388,55060,0,1790448,3821272,155136,1168579936256,65.12
524.036,1735388,53152,0,1788540,3821272,155157,1168724779008,65.12
524.171,1735388,53344,0,1788732,3821272,155182,1168926629888,65.12
524.271,1735388,51896,0,1787284,3821272,155208,1169135882240,65.12
524.413,1735388,52448,0,1787836,3821272,155241,1169357774848,65.12
524.514,1735388,49508,0,1784896,3821272,155284,1169739808768,65.12
524.614,1735388,44756,0,1780144,3821272,155332,1170075877376,65.12
524.715,1735388,43684,0,1779072,3821272,155379,1170424541184,65.12
524.815,1735388,42232,0,1777620,3821272,155423,1170753314816,65.12
524.916,1735388,40936,0,1776324,3821272,155469,1171092201472,65.12
525.016,1735388,39848,0,1775236,3821272,155515,1171425443840,65.12
525.116,1735388,38508,0,1773896,3821272,155560,1171764535296,65.12
525.217,1735388,38256,0,1773644,3821272,155606,1172103438336,65.12
525.317,1735388,37684,0,1773072,3821272,155648,1172437082112,65.12
525.418,1735388,37804,0,1773192,3821272,155696,1172774871040,60.93
525.518,1735388,38812,0,1774200,3821272,155747,1173135835136,60.93
525.618,1735388,39948,0,1775336,3821272,155793,1173473730560,60.93
525.719,1735388,41648,0,1777036,3821272,155841,1173824700416,60.93
525.819,1735388,42004,0,1777392,3821272,155886,1174159032320,60.93
525.920,1735388,43024,0,1778412,3821272,155931,1174478409728,60.93
526.020,1735388,43644,0,1779032,3821272,155977,1174835847168,60.93
526.121,1735388,45252,0,1780640,3821272,156021,1175189757952,60.93
526.221,1735388,46208,0,1781596,3821272,156067,1175532736512,60.93
526.322,1735388,47696,0,1783084,3821272,156112,1175848517632,60.93
526.422,1735388,48120,0,1783508,3821272,156160,1176198852608,60.93
526.522,1735388,48944,0,1784332,3821272,156207,1176549044224,60.93
526.623,1735388,49680,0,1785068,3821272,156253,1176882909184,60.93
526.723,1735388,48640,0,1784028,3821272,156300,1177233068032,60.93
526.824,1735388,48212,0,1783600,3821272,156344,1177556910080,60.93
526.924,1735388,48192,0,1783580,3821272,156392,1177913311232,60.93
527.025,1735388,48884,0,1784272,3821272,156436,1178252120064,60.93
527.125,1735388,48644,0,1784032,3821272,156479,1178595287040,60.93
527.225,1735388,49988,0,1785376,3821272,156524,1178940325888,60.93
527.326,1735388,51192,0,1786580,3821272,156570,1179263254528,60.93
527.426,1735388,52288,0,1787676,3821272,156616,1179592957952,61.13
527.527,1735388,52608,0,1787996,3821272,156663,1179947380736,61.13
527.627,1735388,53608,0,1788996,3821272,156707,1180276744192,61.13
527.727,1735388,54852,0,1790240,3821272,156751,1180632567808,61.13
527.828,1735388,54948,0,1790336,3821272,156794,1180966813696,61.13
527.928,1735388,54676,0,1790064,3821272,156840,1181295583232,61.13
528.029,1735388,54792,0,1790180,3821272,156883,1181623382016,61.13
528.129,1735388,54740,0,1790128,3821272,156929,1181968793600,61.13
528.230,1735388,54884,0,1790272,3821272,156974,1182336843776,61.13
528.330,1735388,54760,0,1790148,3821272,157019,1182686273536,61.13
528.430,1735388,54440,0,1789828,3821272,157063,1183025963008,61.13
528.531,1735388,56200,0,1791588,3821272,157107,1183350243328,61.13
528.631,1735388,56040,0,1791428,3821272,157154,1183701012480,61.13
528.731,1735388,56168,0,1791556,3821272,157199,1184040677376,61.13
528.832,1735388,55684,0,1791072,3821272,157245,1184388493312,61.13
528.932,1735388,56508,0,1791896,3821272,157289,1184727433216,61.13
529.033,1735388,55764,0,1791152,3821272,157333,1185062514688,61.13
529.133,1735388,56636,0,1792024,3821272,157379,1185412849664,61.13
529.233,1735388,56340,0,1791728,3821272,157425,1185749954560,61.13
529.334,1735388,55236,0,1790624,3821272,157469,1186072272896,62.73
529.434,1735388,54968,0,1790356,3821272,157514,1186419126272,62.73
529.535,1735388,55300,0,1790688,3821272,157561,1186757496832,62.73
529.635,1735388,55512,0,1790900,3821272,157605,1187091963904,62.73
529.735,1735388,53444,0,1788832,3821272,157650,1187447447552,62.73
529.836,1735388,53932,0,1789320,3821272,157695,1187779280896,62.73
529.936,1735388,53612,0,1789000,3821272,157739,1188104642560,62.73
530.036,1735388,53084,0,1788472,3821272,157788,1188480225280,62.73
530.137,1735388,52648,0,1788036,3821272,157831,1188805992448,62.73
530.237,1735388,52704,0,1788092,3821272,157875,1189139853312,62.73
530.338,1735388,52964,0,1788352,3821272,157920,1189487931392,62.73
530.438,1735388,52340,0,1787728,3821272,157965,1189812047872,62.73
530.538,1735388,52284,0,1787672,3821272,158008,1190151004160,62.73
530.639,1735388,52412,0,1787800,3821272,158056,1190510460928,62.73
530.739,1735388,52404,0,1787792,3821272,158104,1190850527232,62.73
530.840,1735388,53136,0,1788524,3821272,158146,1191168425984,62.73
530.940,1735388,53028,0,1788416,3821272,158192,1191535292416,62.73
531.040,1735388,53872,0,1789260,3821272,158237,1191869079552,62.73
531.141,1735388,53912,0,1789300,3821272,158281,1192194621440,62.73
531.241,1735388,54864,0,1790252,3821272,158326,1192532389888,62.73
531.341,1735388,55280,0,1790668,3821272,158374,1192885297152,63.14
531.442,1735388,55552,0,1790940,3821272,158417,1193218019328,63.14
531.542,1735388,55064,0,1790452,3821272,158461,1193560178688,63.14
531.643,1735388,55224,0,1790612,3821272,158507,1193909121024,63.14
531.743,1735388,55668,0,1791056,3821272,158549,1194218348544,63.14
531.844,1735388,55408,0,1790796,3821272,158598,1194577035264,63.14
531.944,1735388,55188,0,1790576,3821272,158643,1194918600704,63.14
532.044,1735388,54416,0,1789804,3821272,158691,1195261304832,63.14
532.145,1735388,54844,0,1790232,3821272,158740,1195598790656,63.14
532.245,1735388,54924,0,1790312,3821272,158785,1195948384256,63.14
532.345,1735388,55108,0,1790496,3821272,158832,1196289470464,63.14
532.446,1735388,55204,0,1790592,3821272,158879,1196628930560,63.14
532.546,1735388,55232,0,1790620,3821272,158924,1196955459584,63.14
532.647,1735388,54932,0,1790320,3821272,158971,1197321703424,63.14
532.747,1735388,55768,0,1791156,3821272,159018,1197653094400,63.14
532.847,1735388,55772,0,1791160,3821272,159062,1197987459072,63.14
532.948,1735388,56036,0,1791424,3821272,159110,1198327238656,63.14
533.048,1735388,55680,0,1791068,3821272,159155,1198682095616,63.14
533.149,1735388,55704,0,1791092,3821272,159199,1198997004288,63.14
533.249,1735388,55512,0,1790900,3821272,159249,1199360765952,64.02
533.349,1735388,56400,0,1791788,3821272,159293,1199697522688,64.02
533.450,1735388,56404,0,1791792,3821272,159336,1200033787904,64.02
533.550,1735388,56568,0,1791956,3821272,159383,1200375488512,64.02
533.651,1735388,57240,0,1792628,3821272,159429,1200710922240,64.02
533.751,1735388,57304,0,1792692,3821272,159473,1201041956864,64.02
533.851,1735388,57924,0,1793312,3821272,159521,1201391321088,64.02
533.952,1735388,58040,0,1793428,3821272,159569,1201740197888,64.02
534.052,1735388,59080,0,1794468,3821272,159616,1202065727488,64.02
534.153,1735388,59464,0,1794852,3821272,159666,1202420219904,64.02
534.253,1735388,59344,0,1794732,3821272,159711,1202766843904,64.02
534.353,1735388,59544,0,1794932,3821272,159757,1203104755712,64.02
534.493,1735388,59556,0,1794944,3821272,159800,1203361161216,64.02
534.593,1735388,53352,0,1788740,3821272,159847,1203704655872,64.02
534.693,1735388,46244,0,1781632,3821272,159891,1204072005632,64.02
534.794,1735388,44324,0,1779712,3821272,159935,1204381581312,64.02
534.894,1735388,42440,0,1777828,3821272,159982,1204716556288,64.02
534.995,1735388,40488,0,1775876,3821272,160028,1205061754880,64.02
535.095,1735388,39540,0,1774928,3821272,160075,1205416198144,64.02
535.195,1735388,38496,0,1773884,3821272,160119,1205739065344,62.57
535.296,1735388,37856,0,1773244,3821272,160165,1206074675200,62.57
535.396,1735388,37788,0,1773176,3821272,160213,1206436503552,62.57
535.497,1735388,36988,0,1772376,3821272,160256,1206759129088,62.57
535.597,1735388,37308,0,1772696,3821272,160302,1207116685312,62.57
535.697,1735388,37884,0,1773272,3821272,160344,1207432159232,62.57
535.798,1735388,39232,0,1774620,3821272,160390,1207776698368,62.57
535.898,1735388,40168,0,1775556,3821272,160436,1208125968384,62.57
535.999,1735388,41216,0,1776604,3821272,160479,1208463769600,62.57
536.099,1735388,42560,0,1777948,3821272,160525,1208811520000,62.57
536.200,1735388,43988,0,1779376,3821272,160569,1209156272128,62.57
536.300,1735388,44976,0,1780364,3821272,160612,1209493360640,62.57
536.401,1735388,45116,0,1780504,3821272,160657,1209831272448,62.57
536.501,1735388,45680,0,1781068,3821272,160703,1210168582144,62.57
536.602,1735388,45352,0,1780740,3821272,160750,1210511175680,62.57
536.702,1735388,46320,0,1781708,3821272,160795,1210850701312,62.57
536.802,1735388,46580,0,1781968,3821272,160841,1211211915264,62.57
536.903,1735388,46708,0,1782096,3821272,160884,1211534483456,62.57
537.003,1735388,47168,0,1782556,3821272,160929,1211882958848,62.57
537.104,1735388,48056,0,1783444,3821272,160975,1212238041088,63.55
537.204,1735388,47772,0,1783160,3821272,161019,1212579422208,63.55
537.304,1735388,48728,0,1784116,3821272,161061,1212909633536,63.55
537.405,1735388,50136,0,1785524,3821272,161108,1213254017024,63.55
537.505,1735388,50532,0,1785920,3821272,161152,1213604052992,63.55
537.605,1735388,50688,0,1786076,3821272,161198,1213941129216,63.55
537.706,1735388,51388,0,1786776,3821272,161243,1214290665472,63.55
537.806,1735388,52256,0,1787644,3821272,161287,1214632333312,63.55
537.907,1735388,52152,0,1787540,3821272,161332,1214980530176,63.55
538.007,1735388,51644,0,1787032,3821272,161376,1215314915328,63.55
538.108,1735388,51440,0,1786828,3821272,161422,1215659610112,63.55
538.208,1735388,51232,0,1786620,3821272,161465,1215995301888,63.55
538.309,1735388,51140,0,1786528,3821272,161512,1216332607488,63.55
538.409,1735388,51432,0,1786820,3821272,161558,1216676646912,63.55
538.509,1735388,51928,0,1787316,3821272,161603,1217038716928,63.55
538.610,1735388,52052,0,1787440,3821272,161647,1217364463616,63.55
538.710,1735388,52372,0,1787760,3821272,161688,1217687752704,63.55
538.811,1735388,52436,0,1787824,3821272,161734,1218038890496,63.55
538.911,1735388,52640,0,1788028,3821272,161780,1218377912320,63.55
539.011,1735388,52236,0,1787624,3821272,161825,1218737827840,63.55
539.112,1735388,53404,0,1788792,3821272,161868,1219073048576,63.81
539.212,1735388,53972,0,1789360,3821272,161913,1219415945216,63.81
539.313,1735388,54028,0,1789416,3821272,161961,1219740852224,63.81
539.413,1735388,54036,0,1789424,3821272,162005,1220100972544,63.81
539.513,1735388,54024,0,1789412,3821272,162049,1220449796096,63.81
539.614,1735388,53792,0,1789180,3821272,162092,1220789813248,63.81
539.714,1735388,54292,0,1789680,3821272,162137,1221132238848,63.81
539.815,1735388,54120,0,1789508,3821272,162182,1221481431040,63.81
539.915,1735388,54232,0,1789620,3821272,162227,1221811253248,63.81
540.015,1735388,54612,0,1790000,3821272,162275,1222154797056,63.81
540.116,1735388,54324,0,1789712,3821272,162319,1222491676672,63.81
540.216,1735388,53876,0,1789264,3821272,162365,1222829457408,63.81
540.317,1735388,54140,0,1789528,3821272,162410,1223168270336,63.81
540.417,1735388,54092,0,1789480,3821272,162456,1223530668032,63.81
540.517,1735388,53652,0,1789040,3821272,162500,1223873355776,63.81
540.618,1735388,55256,0,1790644,3821272,162547,1224217849856,63.81
540.719,1735388,55260,0,1790648,3821272,162593,1224545755136,63.81
540.819,1735388,54808,0,1790196,3821272,162640,1224909402112,63.81
540.919,1735388,55384,0,1790772,3821272,162685,1225245163520,63.81
541.020,1735388,55980,0,1791368,3821272,162730,1225578778624,64.03
541.120,1735388,56220,0,1791608,3821272,162776,1225935126528,64.03
541.221,1735388,56208,0,1791596,3821272,162819,1226254114816,64.03
541.321,1735388,55960,0,1791348,3821272,162867,1226611863552,64.03
541.421,1735388,56476,0,1791864,3821272,162913,1226938687488,64.03
541.522,1735388,56588,0,1791976,3821272,162960,1227288068096,64.03
541.622,1735388,55388,0,1790776,3821272,163004,1227631132672,64.03
541.723,1735388,55884,0,1791272,3821272,163050,1227972587520,64.03
541.823,1735388,56324,0,1791712,3821272,163095,1228306219008,64.03
541.923,1735388,55988,0,1791376,3821272,163140,1228653907968,64.03
542.024,1735388,56128,0,1791516,3821272,163185,1228985470976,64.03
542.124,1735388,55588,0,1790976,3821272,163230,1229347844096,64.03
542.225,1735388,55448,0,1790836,3821272,163276,1229681025024,64.03
542.325,1735388,55768,0,1791156,3821272,163321,1230013612032,64.03
542.425,1735388,56812,0,1792200,3821272,163367,1230366265344,64.03
542.526,1735388,56596,0,1791984,3821272,163412,1230711283712,64.03
542.626,1735388,56824,0,1792212,3821272,163459,1231057182720,64.03
542.727,1735388,56680,0,1792068,3821272,163503,1231406788608,64.03
542.827,1735388,58872,0,1794260,3821272,163547,1231742472192,64.03
542.928,1735388,59796,0,1795184,3821272,163597,1232099606528,64.38
543.028,1735388,60368,0,1795756,3821272,163642,1232424185856,64.38
543.128,1735388,60188,0,1795576,3821272,163689,1232764731392,64.38
543.229,1735388,60776,0,1796164,3821272,163737,1233109508096,64.38
543.329,1735388,61372,0,1796760,3821272,163788,1233456951296,64.38
543.429,1735388,60196,0,1795584,3821272,163835,1233780117504,64.38
543.530,1735388,60708,0,1796096,3821272,163885,1234130186240,64.38
543.630,1735388,60704,0,1796092,3821272,163932,1234477211648,64.38
543.731,1735388,61204,0,1796592,3821272,163978,1234806824960,64.38
543.831,1735388,61500,0,1796888,3821272,164027,1235165319168,64.38
543.932,1735388,62628,0,1798016,3821272,164074,1235501907968,64.38
544.032,1735388,62824,0,1798212,3821272,164122,1235839877120,64.38
544.132,1735388,63052,0,1798440,3821272,164169,1236185579520,64.38
544.233,1735388,64588,0,1799976,3821272,164216,1236531339264,64.38
544.333,1735388,64428,0,1799816,3821272,164264,1236872740864,64.38
544.434,1735388,64780,0,1800168,3821272,164314,1237214892032,64.38
544.534,1735388,65752,0,1801140,3821272,164360,1237545422848,64.38
544.634,1735388,66400,0,1801788,3821272,164407,1237868789760,64.38
544.735,1735388,58264,0,1793652,3821272,164458,1238239768576,64.38
544.835,1735388,49740,0,1785128,3821272,164501,1238566047744,64.38
544.935,1735388,45920,0,1781308,3821272,164550,1238909001728,65.22
545.036,1735388,44396,0,1779784,3821272,164595,1239250530304,65.22
545.136,1735388,42372,0,1777760,3821272,164643,1239602802688,65.22
545.237,1735388,40572,0,1775960,3821272,164688,1239940227072,65.22
545.337,1735388,40192,0,1775580,3821272,164735,1240288075776,65.22
545.437,1735388,39436,0,1774824,3821272,164780,1240618799104,65.22
545.538,1735388,38276,0,1773664,3821272,164823,1240960765952,65.22
545.638,1735388,39576,0,1774964,3821272,164869,1241297469440,65.22
545.739,1735388,40184,0,1775572,3821272,164916,1241628868608,65.22
545.839,1735388,40364,0,1775752,3821272,164960,1241965469696,65.22
545.940,1735388,40856,0,1776244,3821272,165006,1242323521536,65.22
546.040,1735388,42004,0,1777392,3821272,165051,1242682560512,65.22
546.140,1735388,43308,0,1778696,3821272,165095,1243023704064,65.22
546.241,1735388,44284,0,1779672,3821272,165137,1243353481216,65.22
546.341,1735388,45800,0,1781188,3821272,165183,1243696279552,65.22
546.442,1735388,46952,0,1782340,3821272,165225,1244035674112,65.22
546.542,1735388,48264,0,1783652,3821272,165272,1244395970560,65.22
546.642,1735388,49180,0,1784568,3821272,165318,1244718202880,65.22
546.743,1735388,49024,0,1784412,3821272,165362,1245064732672,65.22
546.843,1735388,49540,0,1784928,3821272,165405,1245412712448,65.0
546.944,1735388,49828,0,1785216,3821272,165448,1245726887936,65.0
547.044,1735388,50500,0,1785888,3821272,165493,1246071042048,65.0
547.144,1735388,50200,0,1785588,3821272,165538,1246390444032,65.0
547.245,1735388,50476,0,1785864,3821272,165585,1246744862720,65.0
547.345,1735388,50452,0,1785840,3821272,165630,1247092572160,65.0
547.446,1735388,52068,0,1787456,3821272,165675,1247435943936,65.0
547.546,1735388,52700,0,1788088,3821272,165720,1247789010944,65.0
547.646,1735388,52940,0,1788328,3821272,165764,1248108146688,65.0
547.747,1735388,53408,0,1788796,3821272,165810,1248468545536,65.0
547.847,1735388,53752,0,1789140,3821272,165855,1248809803776,65.0
547.947,1735388,54260,0,1789648,3821272,165898,1249129054208,65.0
548.048,1735388,54780,0,1790168,3821272,165945,1249472524288,65.0
548.148,1735388,53496,0,1788884,3821272,165991,1249818243072,65.0
548.248,1735388,52924,0,1788312,3821272,166035,1250155900928,65.0
548.349,1735388,52748,0,1788136,3821272,166081,1250502844416,65.0
548.449,1735388,52432,0,1787820,3821272,166126,1250847645696,65.0
548.549,1735388,51524,0,1786912,3821272,166171,1251179843584,65.0
548.650,1735388,51984,0,1787372,3821272,166217,1251538890752,65.0
548.750,1735388,52028,0,1787416,3821272,166261,1251880366080,65.54
548.850,1735388,52064,0,1787452,3821272,166307,1252220563456,65.54
548.951,1735388,51472,0,1786860,3821272,166351,1252561854464,65.54
549.051,1735388,52748,0,1788136,3821272,166395,1252876333056,65.54
549.152,1735388,53324,0,1788712,3821272,166441,1253227421696,65.54
549.252,1735388,53428,0,1788816,3821272,166488,1253577990144,65.54
549.352,1735388,53188,0,1788576,3821272,166532,1253917138944,65.54
549.453,1735388,52780,0,1788168,3821272,166575,1254251806720,65.54
549.553,1735388,52908,0,1788296,3821272,166623,1254598111232,65.54
549.654,1735388,52800,0,1788188,3821272,166668,1254946205696,65.54
549.754,1735388,52644,0,1788032,3821272,166714,1255282143232,65.54
549.854,1735388,53388,0,1788776,3821272,166757,1255609139200,65.54
549.955,1735388,53452,0,1788840,3821272,166806,1255966220288,65.54
550.055,1735388,54036,0,1789424,3821272,166850,1256293289984,65.54
550.156,1735388,54184,0,1789572,3821272,166896,1256647905280,65.54
550.256,1735388,54888,0,1790276,3821272,166940,1256980008960,65.54
550.356,1735388,54752,0,1790140,3821272,166985,1257317797888,65.54
550.457,1735388,54976,0,1790364,3821272,167030,1257644797952,65.54
550.557,1735388,55788,0,1791176,3821272,167078,1257992404992,65.54
550.658,1735388,56812,0,1792200,3821272,167124,1258320379904,65.54
550.758,1735388,56900,0,1792288,3821272,167172,1258682425344,65.99
550.859,1735388,56836,0,1792224,3821272,167219,1259015393280,65.99
550.959,1735388,57176,0,1792564,3821272,167267,1259359076352,65.99
551.059,1735388,57888,0,1793276,3821272,167311,1259701436416,65.99
551.160,1735388,57300,0,1792688,3821272,167355,1260040171520,65.99
551.260,1735388,57048,0,1792436,3821272,167402,1260382842880,65.99
551.361,1735388,57168,0,1792556,3821272,167448,1260726784000,65.99
551.461,1735388,55624,0,1791012,3821272,167492,1261069406208,65.99
551.561,1735388,55432,0,1790820,3821272,167533,1261394849792,65.99
551.662,1735388,55516,0,1790904,3821272,167582,1261731868672,65.99
551.762,1735388,55824,0,1791212,3821272,167628,1262076207104,65.99
551.863,1735388,55504,0,1790892,3821272,167672,1262415683584,65.99
551.963,1735388,56060,0,1791448,3821272,167720,1262760755200,65.99
552.064,1735388,56508,0,1791896,3821272,167766,1263110553600,65.99
552.164,1735388,57348,0,1792736,3821272,167814,1263449731072,65.99
552.264,1735388,57548,0,1792936,3821272,167860,1263785222144,65.99
552.365,1735388,58260,0,1793648,3821272,167906,1264140361728,65.99
552.465,1735388,58428,0,1793816,3821272,167951,1264480976896,65.99
552.565,1735388,58164,0,1793552,3821272,167996,1264813326336,65.99
552.666,1735388,57840,0,1793228,3821272,168041,1265166696448,65.81
552.766,1735388,57840,0,1793228,3821272,168086,1265497137152,65.81
552.866,1735388,58456,0,1793844,3821272,168134,1265838702592,65.81
552.967,1735388,58932,0,1794320,3821272,168181,1266164830208,65.81
553.067,1735388,58716,0,1794104,3821272,168226,1266505482240,65.81
553.168,1735388,59108,0,1794496,3821272,168272,1266849173504,65.81
553.268,1735388,58288,0,1793676,3821272,168319,1267205980160,65.81
553.368,1735388,57888,0,1793276,3821272,168364,1267534876672,65.81
553.469,1735388,58156,0,1793544,3821272,168410,1267865997312,65.81
553.569,1735388,59728,0,1795116,3821272,168460,1268210434048,65.81
553.669,1735388,60976,0,1796364,3821272,168509,1268552511488,65.81
553.770,1735388,60892,0,1796280,3821272,168554,1268887961600,65.81
553.870,1735388,61068,0,1796456,3821272,168603,1269239427072,65.81
553.970,1735388,61196,0,1796584,3821272,168648,1269575335936,65.81
554.072,1735388,62944,0,1798332,3821272,168685,1269772881920,65.81
554.172,1735388,62948,0,1798336,3821272,168687,1269786718208,65.81
554.273,1735388,59948,0,1795336,3821272,168707,1269993107456,65.81
554.374,1735388,60844,0,1796232,3821272,168743,1270199906304,65.81
554.478,1735388,58972,0,1794360,3821272,168767,1270369087488,65.81
554.579,1735388,57020,0,1792408,3821272,168791,1270569865216,64.21
554.679,1735388,54992,0,1790380,3821272,168816,1270733242368,64.21
554.780,1735388,48128,0,1783516,3821272,168852,1271003156480,64.21
554.880,1735388,42744,0,1778132,3821272,168900,1271335784448,64.21
554.981,1735388,39452,0,1774840,3821272,168946,1271700357120,64.21
555.081,1735388,39784,0,1775172,3821272,168991,1272032878592,64.21
555.181,1735388,39556,0,1774944,3821272,169038,1272369262592,64.21
555.282,1735388,40660,0,1776048,3821272,169082,1272726872064,64.21
555.382,1735388,40044,0,1775432,3821272,169126,1273058123776,64.21
555.483,1735388,39760,0,1775148,3821272,169169,1273385054208,64.21
555.583,1735388,39684,0,1775072,3821272,169217,1273726230528,64.21
555.683,1735388,40144,0,1775532,3821272,169263,1274068930560,64.21
555.784,1735388,39996,0,1775384,3821272,169307,1274407108608,64.21
555.884,1735388,40484,0,1775872,3821272,169351,1274759581696,64.21
555.984,1735388,41660,0,1777048,3821272,169397,1275079503872,64.21
556.085,1735388,41864,0,1777252,3821272,169443,1275423764480,64.21
556.185,1735388,43452,0,1778840,3821272,169490,1275764400128,64.21
556.286,1735388,44676,0,1780064,3821272,169533,1276101484544,64.21
556.386,1735388,46264,0,1781652,3821272,169580,1276450099200,64.21
556.487,1735388,47156,0,1782544,3821272,169624,1276797906944,64.21
556.587,1735388,48556,0,1783944,3821272,169669,1277132484608,63.27
556.687,1735388,49356,0,1784744,3821272,169714,1277475549184,63.27
556.788,1735388,49884,0,1785272,3821272,169759,1277822967808,63.27
556.888,1735388,49560,0,1784948,3821272,169803,1278143352832,63.27
556.989,1735388,48772,0,1784160,3821272,169846,1278504235008,63.27
557.089,1735388,48976,0,1784364,3821272,169889,1278837518336,63.27
557.189,1735388,47316,0,1782704,3821272,169934,1279178768384,63.27
557.290,1735388,47716,0,1783104,3821272,169979,1279509254144,63.27
557.390,1735388,47784,0,1783172,3821272,170024,1279852892160,63.27
557.491,1735388,48808,0,1784196,3821272,170070,1280192094208,63.27
557.591,1735388,49616,0,1785004,3821272,170113,1280515174400,63.27
557.691,1735388,50132,0,1785520,3821272,170157,1280851853312,63.27
557.792,1735388,50988,0,1786376,3821272,170203,1281214758912,63.27
557.892,1735388,51276,0,1786664,3821272,170247,1281559396352,63.27
557.993,1735388,52188,0,1787576,3821272,170292,1281903366144,63.27
558.093,1735388,52560,0,1787948,3821272,170334,1282225385472,63.27
558.193,1735388,52432,0,1787820,3821272,170380,1282583179264,63.27
558.294,1735388,52816,0,1788204,3821272,170423,1282917990400,63.27
558.394,1735388,53176,0,1788564,3821272,170468,1283258290176,63.27
558.495,1735388,54008,0,1789396,3821272,170512,1283576115200,64.3
558.595,1735388,53740,0,1789128,3821272,170556,1283926216704,64.3
558.695,1735388,53912,0,1789300,3821272,170600,1284257124352,64.3
558.796,1735388,54652,0,1790040,3821272,170648,1284612243456,64.3
558.896,1735388,54716,0,1790104,3821272,170692,1284950958080,64.3
558.996,1735388,54020,0,1789408,3821272,170738,1285306294272,64.3
559.097,1735388,53632,0,1789020,3821272,170782,1285631131648,64.3
559.197,1735388,53928,0,1789316,3821272,170828,1285978206208,64.3
559.297,1735388,54388,0,1789776,3821272,170872,1286305992704,64.3
559.398,1735388,55496,0,1790884,3821272,170916,1286645075968,64.3
559.498,1735388,55468,0,1790856,3821272,170960,1286981902336,64.3
559.599,1735388,54752,0,1790140,3821272,171007,1287333711872,64.3
559.699,1735388,54632,0,1790020,3821272,171053,1287674830848,64.3
559.799,1735388,54632,0,1790020,3821272,171096,1288008245248,64.3
559.900,1735388,53956,0,1789344,3821272,171142,1288350703616,64.3
560.000,1735388,53104,0,1788492,3821272,171186,1288704278528,64.3
560.101,1735388,52228,0,1787616,3821272,171228,1289030963200,64.3
560.201,1735388,51984,0,1787372,3821272,171275,1289357242368,64.3
560.301,1735388,51800,0,1787188,3821272,171318,1289701466112,64.3
560.402,1735388,51548,0,1786936,3821272,171363,1290055335936,64.3
560.502,1735388,51072,0,1786460,3821272,171407,1290374422528,65.33
560.602,1735388,51012,0,1786400,3821272,171452,1290724208640,65.33
560.703,1735388,51460,0,1786848,3821272,171499,1291059830784,65.33
560.803,1735388,51648,0,1787036,3821272,171544,1291409780736,65.33
560.904,1735388,51680,0,1787068,3821272,171588,1291736633344,65.33
561.004,1735388,51492,0,1786880,3821272,171633,1292076867584,65.33
561.104,1735388,51992,0,1787380,3821272,171679,1292426649600,65.33
561.205,1735388,52188,0,1787576,3821272,171721,1292761001984,65.33
561.305,1735388,52124,0,1787512,3821272,171767,1293100449792,65.33
561.405,1735388,52448,0,1787836,3821272,171813,1293434699776,65.33
561.506,1735388,52468,0,1787856,3821272,171858,1293761867776,65.33
561.606,1735388,52116,0,1787504,3821272,171904,1294106865664,65.33
561.707,1735388,52164,0,1787552,3821272,171950,1294445133824,65.33
561.807,1735388,51608,0,1786996,3821272,171992,1294773628928,65.33
561.908,1735388,51412,0,1786800,3821272,172039,1295119192064,65.33
562.008,1735388,51540,0,1786928,3821272,172086,1295470927872,65.33
562.108,1735388,52256,0,1787644,3821272,172133,1295810322432,65.33
562.209,1735388,52340,0,1787728,3821272,172178,1296146628608,65.33
562.309,1735388,51996,0,1787384,3821272,172223,1296485830656,65.33
562.410,1735388,51780,0,1787168,3821272,172268,1296817344512,65.27
562.510,1735388,52092,0,1787480,3821272,172312,1297162481664,65.27
562.610,1735388,52604,0,1787992,3821272,172357,1297503633408,65.27
562.711,1735388,52676,0,1788064,3821272,172402,1297843253248,65.27
562.811,1735388,52808,0,1788196,3821272,172447,1298176548864,65.27
562.912,1735388,52972,0,1788360,3821272,172492,1298512908288,65.27
563.012,1735388,54852,0,1790240,3821272,172538,1298848440320,65.27
563.112,1735388,54912,0,1790300,3821272,172588,1299199623168,65.27
563.213,1735388,55240,0,1790628,3821272,172633,1299535482880,65.27
563.313,1735388,56032,0,1791420,3821272,172680,1299871272960,65.27
563.414,1735388,54872,0,1790260,3821272,172724,1300223729664,65.27
563.514,1735388,55032,0,1790420,3821272,172773,1300548087808,65.27
563.614,1735388,55144,0,1790532,3821272,172817,1300893929472,65.27
563.715,1735388,56072,0,1791460,3821272,172861,1301232697344,65.27
563.815,1735388,56764,0,1792152,3821272,172907,1301569249280,65.27
563.916,1735388,57076,0,1792464,3821272,172953,1301898186752,65.27
564.016,1735388,56660,0,1792048,3821272,173002,1302241742848,65.27
564.117,1735388,56068,0,1791456,3821272,173046,1302597607424,65.27
564.217,1735388,56076,0,1791464,3821272,173091,1302920679424,65.27
564.317,1735388,57200,0,1792588,3821272,173138,1303269826560,65.27
564.418,1735388,58484,0,1793872,3821272,173186,1303609733120,65.58
564.518,1735388,58384,0,1793772,3821272,173232,1303955202048,65.58
564.618,1735388,58192,0,1793580,3821272,173275,1304273047552,65.58
564.719,1735388,58560,0,1793948,3821272,173321,1304606752768,65.58
564.819,1735388,60048,0,1795436,3821272,173370,1304952840192,65.58
564.920,1735388,51024,0,1786412,3821272,173414,1305298620416,65.58
565.020,1735388,45072,0,1780460,3821272,173460,1305629687808,65.58
565.121,1735388,41996,0,1777384,3821272,173506,1305980018688,65.58
565.221,1735388,40468,0,1775856,3821272,173550,1306293190656,65.58
565.321,1735388,40308,0,1775696,3821272,173597,1306633527296,65.58
565.422,1735388,39644,0,1775032,3821272,173644,1306998595584,65.58
565.522,1735388,38216,0,1773604,3821272,173690,1307325263872,65.58
565.623,1735388,38540,0,1773928,3821272,173737,1307659530240,65.58
565.723,1735388,39176,0,1774564,3821272,173782,1308010717184,65.58
565.824,1735388,39544,0,1774932,3821272,173826,1308357042176,65.58
565.924,1735388,38976,0,1774364,3821272,173871,1308696813568,65.58
566.024,1735388,40000,0,1775388,3821272,173915,1309030273024,65.58
566.125,1735388,41240,0,1776628,3821272,173961,1309374853120,65.58
566.225,1735388,42384,0,1777772,3821272,174007,1309695193088,65.58
566.326,1735388,42884,0,1778272,3821272,174053,1310038396928,65.48
566.426,1735388,43756,0,1779144,3821272,174094,1310378147840,65.48
566.527,1735388,45860,0,1781248,3821272,174142,1310721830912,65.48
566.627,1735388,46592,0,1781980,3821272,174185,1311054090240,65.48
566.728,1735388,47724,0,1783112,3821272,174231,1311382228992,65.48
566.828,1735388,47984,0,1783372,3821272,174275,1311737458688,65.48
566.928,1735388,47752,0,1783140,3821272,174317,1312063897600,65.48
567.029,1735388,47808,0,1783196,3821272,174363,1312409255936,65.48
567.129,1735388,48112,0,1783500,3821272,174407,1312753987584,65.48
567.230,1735388,48232,0,1783620,3821272,174452,1313086648320,65.48
567.330,1735388,48172,0,1783560,3821272,174496,1313427505152,65.48
567.430,1735388,48272,0,1783660,3821272,174542,1313769762816,65.48
567.531,1735388,49532,0,1784920,3821272,174587,1314099191808,65.48
567.631,1735388,50172,0,1785560,3821272,174631,1314453458944,65.48
567.732,1735388,51120,0,1786508,3821272,174673,1314792755200,65.48
567.832,1735388,51900,0,1787288,3821272,174717,1315128725504,65.48
567.932,1735388,53128,0,1788516,3821272,174765,1315465248768,65.48
568.033,1735388,53164,0,1788552,3821272,174809,1315816161280,65.48
568.133,1735388,54192,0,1789580,3821272,174853,1316143435776,65.48
568.234,1735388,54468,0,1789856,3821272,174896,1316488413184,66.48
568.334,1735388,55172,0,1790560,3821272,174941,1316830121984,66.48
568.434,1735388,54128,0,1789516,3821272,174984,1317163589632,66.48
568.535,1735388,54672,0,1790060,3821272,175029,1317491605504,66.48
568.635,1735388,54716,0,1790104,3821272,175075,1317841600512,66.48
568.736,1735388,54724,0,1790112,3821272,175119,1318187270144,66.48
568.836,1735388,54708,0,1790096,3821272,175161,1318525513728,66.48
568.936,1735388,55052,0,1790440,3821272,175208,1318890491904,66.48
569.037,1735388,55288,0,1790676,3821272,175251,1319225536512,66.48
569.137,1735388,55244,0,1790632,3821272,175297,1319558668288,66.48
569.238,1735388,55352,0,1790740,3821272,175342,1319916830720,66.48
569.338,1735388,55524,0,1790912,3821272,175388,1320253399040,66.48
569.439,1735388,55832,0,1791220,3821272,175435,1320611934208,66.48
569.539,1735388,53956,0,1789344,3821272,175479,1320948387840,66.48
569.639,1735388,54516,0,1789904,3821272,175526,1321268715520,66.48
569.740,1735388,54140,0,1789528,3821272,175573,1321644507136,66.48
569.840,1735388,54516,0,1789904,3821272,175617,1321982201856,66.48
569.941,1735388,54544,0,1789932,3821272,175662,1322337832960,66.48
570.041,1735388,54788,0,1790176,3821272,175708,1322680266752,66.48
570.141,1735388,54828,0,1790216,3821272,175753,1323018993664,66.48
570.242,1735388,55120,0,1790508,3821272,175801,1323376160768,66.21
570.342,1735388,55568,0,1790956,3821272,175850,1323726225408,66.21
570.442,1735388,56676,0,1792064,3821272,175896,1324063760384,66.21
570.543,1735388,56424,0,1791812,3821272,175943,1324409511936,66.21
570.643,1735388,56048,0,1791436,3821272,175988,1324756660224,66.21
570.744,1735388,56260,0,1791648,3821272,176035,1325099302912,66.21
570.844,1735388,56032,0,1791420,3821272,176079,1325440475136,66.21
570.944,1735388,56812,0,1792200,3821272,176127,1325785038848,66.21
571.045,1735388,57088,0,1792476,3821272,176172,1326134878208,66.21
571.145,1735388,56608,0,1791996,3821272,176220,1326483394560,66.21
571.246,1735388,57148,0,1792536,3821272,176269,1326821408768,66.21
571.346,1735388,56560,0,1791948,3821272,176314,1327185854464,66.21
571.446,1735388,56636,0,1792024,3821272,176360,1327526502400,66.21
571.547,1735388,56128,0,1791516,3821272,176406,1327880835072,66.21
571.647,1735388,57164,0,1792552,3821272,176458,1328221159424,66.21
571.748,1735388,57540,0,1792928,3821272,176504,1328555409408,66.21
571.848,1735388,57836,0,1793224,3821272,176552,1328917422080,66.21
571.948,1735388,58176,0,1793564,3821272,176597,1329252700160,66.21
572.049,1735388,58368,0,1793756,3821272,176642,1329602875392,66.21
572.149,1735388,58368,0,1793756,3821272,176688,1329948758016,66.71
572.249,1735388,57772,0,1793160,3821272,176733,1330291253248,66.71
572.350,1735388,57752,0,1793140,3821272,176780,1330623311872,66.71
572.450,1735388,58876,0,1794264,3821272,176828,1330974789632,66.71
572.551,1735388,58660,0,1794048,3821272,176873,1331320823808,66.71
572.651,1735388,58404,0,1793792,3821272,176920,1331669909504,66.71
572.751,1735388,58948,0,1794336,3821272,176966,1332004712448,66.71
572.852,1735388,59884,0,1795272,3821272,177015,1332364984320,66.71
572.952,1735388,60100,0,1795488,3821272,177062,1332720918528,66.71
573.053,1735388,60148,0,1795536,3821272,177108,1333067026432,66.71
573.153,1735388,60308,0,1795696,3821272,177154,1333410177024,66.71
573.253,1735388,60092,0,1795480,3821272,177200,1333751095296,66.71
573.354,1735388,59888,0,1795276,3821272,177246,1334098612224,66.71
573.454,1735388,59932,0,1795320,3821272,177294,1334444384256,66.71
573.555,1735388,60408,0,1795796,3821272,177341,1334781886464,66.71
573.655,1735388,60988,0,1796376,3821272,177390,1335128793088,66.71
573.755,1735388,60632,0,1796020,3821272,177436,1335488520192,66.71
573.856,1735388,60992,0,1796380,3821272,177482,1335832391680,66.71
573.956,1735388,60752,0,1796140,3821272,177527,1336183431168,66.71
574.056,1735388,61236,0,1796624,3821272,177576,1336521670656,67.13
574.157,1735388,61772,0,1797160,3821272,177622,1336874958848,67.13
574.257,1735388,61880,0,1797268,3821272,177666,1337210908672,67.13
574.357,1735388,63208,0,1798596,3821272,177712,1337559916544,67.13
574.458,1735388,63000,0,1798388,3821272,177757,1337892761600,67.13
574.558,1735388,64292,0,1799680,3821272,177803,1338240495616,67.13
574.659,1735388,64856,0,1800244,3821272,177850,1338592247808,67.13
574.759,1735388,65284,0,1800672,3821272,177897,1338938388480,67.13
574.859,1735388,65652,0,1801040,3821272,177946,1339300024320,67.13
574.960,1735388,66356,0,1801744,3821272,177993,1339634667520,67.13
575.060,1735388,61316,0,1796704,3821272,178039,1339974881280,67.13
575.161,1735388,54468,0,1789856,3821272,178086,1340323110912,67.13
575.261,1735388,46100,0,1781488,3821272,178134,1340678922240,67.13
575.362,1735388,43776,0,1779164,3821272,178178,1341014474752,67.13
575.462,1735388,41896,0,1777284,3821272,178227,1341355778048,67.13
575.562,1735388,39976,0,1775364,3821272,178270,1341703221248,67.13
575.663,1735388,39652,0,1775040,3821272,178316,1342032871424,67.13
575.763,1735388,39644,0,1775032,3821272,178360,1342387421184,67.13
575.864,1735388,39076,0,1774464,3821272,178405,1342743724032,67.13
575.964,1735388,39320,0,1774708,3821272,178447,1343066488832,66.38
576.064,1735388,40464,0,1775852,3821272,178491,1343402729472,66.38
576.165,1735388,41056,0,1776444,3821272,178538,1343759204352,66.38
576.265,1735388,42068,0,1777456,3821272,178584,1344090497024,66.38
576.366,1735388,43052,0,1778440,3821272,178631,1344440565760,66.38
576.466,1735388,44428,0,1779816,3821272,178674,1344766300160,66.38
576.566,1735388,46276,0,1781664,3821272,178722,1345122406400,66.38
576.667,1735388,47560,0,1782948,3821272,178767,1345455194112,66.38
576.767,1735388,48264,0,1783652,3821272,178812,1345803046912,66.38
576.867,1735388,50132,0,1785520,3821272,178856,1346123808768,66.38
576.968,1735388,50468,0,1785856,3821272,178903,1346480984064,66.38
577.068,1735388,50584,0,1785972,3821272,178948,1346824925184,66.38
577.169,1735388,50696,0,1786084,3821272,178992,1347164860416,66.38
577.269,1735388,50808,0,1786196,3821272,179037,1347476099072,66.38
577.369,1735388,49676,0,1785064,3821272,179080,1347833159680,66.38
577.470,1735388,49140,0,1784528,3821272,179125,1348173725696,66.38
577.570,1735388,48984,0,1784372,3821272,179173,1348524617728,66.38
577.671,1735388,50468,0,1785856,3821272,179218,1348858486784,66.38
577.771,1735388,50344,0,1785732,3821272,179262,1349204443136,66.38
577.871,1735388,50640,0,1786028,3821272,179305,1349539483648,66.13
577.972,1735388,51580,0,1786968,3821272,179351,1349886345216,66.13
578.072,1735388,52012,0,1787400,3821272,179392,1350206853120,66.13
578.173,1735388,53128,0,1788516,3821272,179440,1350558998528,66.13
578.273,1735388,52792,0,1788180,3821272,179485,1350903427072,66.13
578.373,1735388,52528,0,1787916,3821272,179527,1351230210048,66.13
578.474,1735388,52312,0,1787700,3821272,179571,1351587291136,66.13
578.574,1735388,52528,0,1787916,3821272,179616,1351936122880,66.13
578.674,1735388,52592,0,1787980,3821272,179661,1352258682880,66.13
578.775,1735388,51660,0,1787048,3821272,179706,1352608342016,66.13
578.875,1735388,52604,0,1787992,3821272,179753,1352938582016,66.13
578.975,1735388,52284,0,1787672,3821272,179798,1353305939968,66.13
579.076,1735388,52228,0,1787616,3821272,179842,1353631195136,66.13
579.176,1735388,52732,0,1788120,3821272,179888,1353955835904,66.13
579.277,1735388,52924,0,1788312,3821272,179934,1354302287872,66.13
579.377,1735388,52508,0,1787896,3821272,179979,1354640478208,66.13
579.477,1735388,53244,0,1788632,3821272,180026,1354991689728,66.13
579.578,1735388,52860,0,1788248,3821272,180070,1355325898752,66.13
579.678,1735388,53360,0,1788748,3821272,180116,1355670536192,66.13
579.778,1735388,53364,0,1788752,3821272,180160,1356012601344,66.13
579.879,1735388,54800,0,1790188,3821272,180208,1356348571648,65.56
579.979,1735388,55056,0,1790444,3821272,180253,1356687953920,65.56
580.080,1735388,55476,0,1790864,3821272,180295,1357020360704,65.56
580.180,1735388,56372,0,1791760,3821272,180340,1357367062528,65.56
580.280,1735388,56276,0,1791664,3821272,180384,1357690601472,65.56
580.381,1735388,56344,0,1791732,3821272,180428,1358031134720,65.56
580.481,1735388,56568,0,1791956,3821272,180479,1358383996928,65.56
580.582,1735388,57884,0,1793272,3821272,180524,1358738886656,65.56
580.682,1735388,57616,0,1793004,3821272,180567,1359067402240,65.56
580.782,1735388,57544,0,1792932,3821272,180612,1359404531712,65.56
580.883,1735388,57820,0,1793208,3821272,180658,1359753392128,65.56
580.983,1735388,57660,0,1793048,3821272,180703,1360086360064,65.56
581.084,1735388,56240,0,1791628,3821272,180747,1360438931456,65.56
581.184,1735388,55888,0,1791276,3821272,180791,1360766988288,65.56
581.284,1735388,56492,0,1791880,3821272,180836,1361117188096,65.56
581.385,1735388,57552,0,1792940,3821272,180880,1361440149504,65.56
581.485,1735388,57480,0,1792868,3821272,180923,1361781460992,65.56
581.585,1735388,56620,0,1792008,3821272,180967,1362119073792,65.56
581.686,1735388,56052,0,1791440,3821272,181015,1362452172800,65.56
581.786,1735388,56204,0,1791592,3821272,181060,1362805227520,66.18
581.887,1735388,56272,0,1791660,3821272,181107,1363136720896,66.18
581.987,1735388,57140,0,1792528,3821272,181153,1363478822912,66.18
582.087,1735388,56712,0,1792100,3821272,181202,1363845869568,66.18
582.188,1735388,57028,0,1792416,3821272,181244,1364162244608,66.18
582.288,1735388,56324,0,1791712,3821272,181290,1364518494208,66.18
582.389,1735388,56324,0,1791712,3821272,181339,1364845580288,66.18
582.489,1735388,56540,0,1791928,3821272,181387,1365202063360,66.18
582.590,1735388,57340,0,1792728,3821272,181436,1365550280704,66.18
582.690,1735388,56596,0,1791984,3821272,181480,1365876002816,66.18
582.790,1735388,57732,0,1793120,3821272,181525,1366224003072,66.18
582.890,1735388,58184,0,1793572,3821272,181568,1366543618048,66.18
582.991,1735388,58340,0,1793728,3821272,181616,1366905745408,66.18
583.091,1735388,59228,0,1794616,3821272,181661,1367230361600,66.18
583.192,1735388,60176,0,1795564,3821272,181707,1367570128896,66.18
583.292,1735388,60376,0,1795764,3821272,181754,1367933206528,66.18
583.393,1735388,60984,0,1796372,3821272,181801,1368251236352,66.18
583.493,1735388,60524,0,1795912,3821272,181844,1368587644928,66.18
583.593,1735388,61812,0,1797200,3821272,181895,1368939216896,66.18
583.694,1735388,61740,0,1797128,3821272,181939,1369271062528,66.18
583.794,1735388,62312,0,1797700,3821272,181985,1369623134208,66.33
583.894,1735388,62456,0,1797844,3821272,182030,1369942712320,66.33
583.995,1735388,62028,0,1797416,3821272,182081,1370311376896,66.33
584.095,1735388,62704,0,1798092,3821272,182127,1370651734016,66.33
584.196,1735388,63532,0,1798920,3821272,182175,1370985013248,66.33
584.296,1735388,64508,0,1799896,3821272,182220,1371326746624,66.33
584.396,1735388,65192,0,1800580,3821272,182267,1371675160576,66.33
584.497,1735388,66716,0,1802104,3821272,182314,1371996323840,66.33
584.597,1735388,67460,0,1802848,3821272,182364,1372339404800,66.33
584.697,1735388,70148,0,1805536,3821272,182410,1372677931008,66.33
584.798,1735388,69444,0,1804832,3821272,182459,1373024452608,66.33
584.898,1735388,70420,0,1805808,3821272,182505,1373359243264,66.33
584.999,1735388,71580,0,1806968,3821272,182553,1373659226112,66.33
585.099,1735388,61092,0,1796480,3821272,182599,1374004932608,66.33
585.200,1735388,52408,0,1787796,3821272,182644,1374341754880,66.33
585.300,1735388,49736,0,1785124,3821272,182696,1374680244224,66.33
585.400,1735388,47488,0,1782876,3821272,182742,1375033176064,66.33
585.501,1735388,44216,0,1779604,3821272,182788,1375369285632,66.33
585.601,1735388,41736,0,1777124,3821272,182834,1375709745152,66.33
585.702,1735388,39348,0,1774736,3821272,182880,1376047566848,65.36
585.802,1735388,39772,0,1775160,3821272,182927,1376391135232,65.36
585.903,1735388,39056,0,1774444,3821272,182974,1376734896128,65.36
586.003,1735388,39232,0,1774620,3821272,183020,1377070784512,65.36
586.104,1735388,40076,0,1775464,3821272,183061,1377397325824,65.36
586.204,1735388,40972,0,1776360,3821272,183110,1377751363584,65.36
586.304,1735388,42068,0,1777456,3821272,183153,1378088939520,65.36
586.405,1735388,43080,0,1778468,3821272,183198,1378431963136,65.36
586.505,1735388,43992,0,1779380,3821272,183243,1378769518592,65.36
586.605,1735388,45060,0,1780448,3821272,183289,1379094577152,65.36
586.706,1735388,46080,0,1781468,3821272,183338,1379421757440,65.36
586.806,1735388,47340,0,1782728,3821272,183389,1379788873728,65.36
586.907,1735388,47712,0,1783100,3821272,183434,1380134785024,65.36
587.007,1735388,48492,0,1783880,3821272,183479,1380469719040,65.36
587.108,1735388,49268,0,1784656,3821272,183527,1380810932224,65.36
587.208,1735388,49196,0,1784584,3821272,183570,1381147271168,65.36
587.308,1735388,49996,0,1785384,3821272,183615,1381486247936,65.36
587.409,1735388,49824,0,1785212,3821272,183660,1381828603904,65.36
587.509,1735388,48864,0,1784252,3821272,183704,1382167400448,65.36
587.610,1735388,49484,0,1784872,3821272,183747,1382494867456,65.3
587.710,1735388,50412,0,1785800,3821272,183794,1382846521344,65.3
587.811,1735388,50736,0,1786124,3821272,183838,1383186497536,65.3
587.911,1735388,51208,0,1786596,3821272,183882,1383526780928,65.3
588.012,1735388,52204,0,1787592,3821272,183930,1383853879296,65.3
588.112,1735388,53160,0,1788548,3821272,183974,1384196009984,65.3
588.212,1735388,54436,0,1789824,3821272,184021,1384548073472,65.3
588.313,1735388,54772,0,1790160,3821272,184066,1384889962496,65.3
588.413,1735388,55080,0,1790468,3821272,184111,1385224761344,65.3
588.514,1735388,54848,0,1790236,3821272,184155,1385569763328,65.3
588.614,1735388,54920,0,1790308,3821272,184201,1385897373696,65.3
588.714,1735388,55412,0,1790800,3821272,184244,1386252587008,65.3
588.815,1735388,55688,0,1791076,3821272,184288,1386576994304,65.3
588.915,1735388,55772,0,1791160,3821272,184334,1386924367872,65.3
589.016,1735388,55384,0,1790772,3821272,184378,1387258703872,65.3
589.116,1735388,55740,0,1791128,3821272,184424,1387604381696,65.3
589.216,1735388,55260,0,1790648,3821272,184469,1387934412800,65.3
589.317,1735388,54996,0,1790384,3821272,184515,1388271996928,65.3
589.417,1735388,54528,0,1789916,3821272,184562,1388617146368,65.3
589.518,1735388,55304,0,1790692,3821272,184608,1388955258880,65.3
589.618,1735388,55168,0,1790556,3821272,184651,1389301723136,65.24
589.718,1735388,55168,0,1790556,3821272,184695,1389620674560,65.24
589.819,1735388,55060,0,1790448,3821272,184740,1389975621632,65.24
589.919,1735388,54740,0,1790128,3821272,184786,1390317699072,65.24
590.019,1735388,55004,0,1790392,3821272,184830,1390655410176,65.24
590.120,1735388,55588,0,1790976,3821272,184877,1390986547200,65.24
590.220,1735388,55324,0,1790712,3821272,184922,1391335469056,65.24
590.321,1735388,55428,0,1790816,3821272,184966,1391660519424,65.24
590.421,1735388,55844,0,1791232,3821272,185011,1392025047040,65.24
590.522,1735388,55864,0,1791252,3821272,185056,1392358850560,65.24
590.622,1735388,56208,0,1791596,3821272,185099,1392686862336,65.24
590.722,1735388,57060,0,1792448,3821272,185145,1393031815168,65.24
590.822,1735388,57680,0,1793068,3821272,185191,1393378181120,65.24
590.923,1735388,58728,0,1794116,3821272,185234,1393714262016,65.24
591.023,1735388,58440,0,1793828,3821272,185282,1394060816384,65.24
591.124,1735388,59168,0,1794556,3821272,185324,1394366738432,65.24
591.224,1735388,59288,0,1794676,3821272,185371,1394718212096,65.24
591.324,1735388,57792,0,1793180,3821272,185417,1395078635520,65.24
591.425,1735388,57468,0,1792856,3821272,185461,1395407699968,65.24
591.525,1735388,56888,0,1792276,3821272,185507,1395748786176,64.29
591.626,1735388,57372,0,1792760,3821272,185550,1396077793280,64.29
591.726,1735388,57320,0,1792708,3821272,185597,1396419014656,64.29
591.827,1735388,57152,0,1792540,3821272,185641,1396748795904,64.29
591.927,1735388,57052,0,1792440,3821272,185688,1397101920256,64.29
592.027,1735388,56988,0,1792376,3821272,185734,1397456916480,64.29
592.128,1735388,57120,0,1792508,3821272,185778,1397788647424,64.29
592.228,1735388,58404,0,1793792,3821272,185823,1398123839488,64.29
592.329,1735388,59088,0,1794476,3821272,185868,1398475071488,64.29
592.429,1735388,59180,0,1794568,3821272,185911,1398819553280,64.29
592.529,1735388,59888,0,1795276,3821272,185954,1399149150208,64.29
592.630,1735388,59880,0,1795268,3821272,185999,1399473496064,64.29
592.730,1735388,59608,0,1794996,3821272,186044,1399799332864,64.29
592.831,1735388,59296,0,1794684,3821272,186092,1400158212096,64.29
592.931,1735388,59232,0,1794620,3821272,186136,1400479412224,64.29
593.031,1735388,60312,0,1795700,3821272,186183,1400838094848,64.29
593.132,1735388,60324,0,1795712,3821272,186228,1401161543680,64.29
593.232,1735388,61032,0,1796420,3821272,186275,1401497088000,64.29
593.333,1735388,60836,0,1796224,3821272,186320,1401832919040,64.29
593.433,1735388,60536,0,1795924,3821272,186367,1402182217728,64.29
593.534,1735388,60284,0,1795672,3821272,186412,1402503921664,64.42
593.634,1735388,60556,0,1795944,3821272,186460,1402843017216,64.42
593.734,1735388,60292,0,1795680,3821272,186504,1403177799680,64.42
593.835,1735388,59384,0,1794772,3821272,186550,1403528503296,64.42
593.935,1735388,59900,0,1795288,3821272,186594,1403850203136,64.42
594.036,1735388,59940,0,1795328,3821272,186640,1404187951104,64.42
594.136,1735388,60392,0,1795780,3821272,186687,1404519456768,64.42
594.236,1735388,60764,0,1796152,3821272,186731,1404848640000,64.42
594.337,1735388,62360,0,1797748,3821272,186779,1405176905728,64.42
594.437,1735388,63456,0,1798844,3821272,186827,1405524520960,64.42
594.538,1735388,63456,0,1798844,3821272,186872,1405862195200,64.42
594.638,1735388,64076,0,1799464,3821272,186921,1406204506112,64.42
594.738,1735388,64536,0,1799924,3821272,186967,1406538092544,64.42
594.839,1735388,65108,0,1800496,3821272,187013,1406877569024,64.42
594.939,1735388,65648,0,1801036,3821272,187062,1407213187072,64.42
595.040,1735388,65800,0,1801188,3821272,187107,1407539408896,64.42
595.140,1735388,66984,0,1802372,3821272,187153,1407869677568,64.42
595.240,1735388,63376,0,1798764,3821272,187198,1408198426624,64.42
595.341,1735388,56724,0,1792112,3821272,187244,1408530284544,64.42
595.441,1735388,50704,0,1786092,3821272,187294,1408888713216,64.42
595.542,1735388,47980,0,1783368,3821272,187340,1409235812352,65.43
595.642,1735388,44412,0,1779800,3821272,187387,1409564295168,65.43
595.742,1735388,43348,0,1778736,3821272,187430,1409896378368,65.43
595.843,1735388,42016,0,1777404,3821272,187476,1410244136960,65.43
595.943,1735388,40996,0,1776384,3821272,187521,1410581000192,65.43
596.044,1735388,40784,0,1776172,3821272,187563,1410907230208,65.43
596.144,1735388,40300,0,1775688,3821272,187610,1411256389632,65.43
596.244,1735388,40944,0,1776332,3821272,187655,1411583729664,65.43
596.345,1735388,41320,0,1776708,3821272,187700,1411909292032,65.43
596.445,1735388,42000,0,1777388,3821272,187744,1412251320320,65.43
596.546,1735388,42380,0,1777768,3821272,187788,1412606595072,65.43
596.646,1735388,43272,0,1778660,3821272,187831,1412929073152,65.43
596.747,1735388,44464,0,1779852,3821272,187876,1413256011776,65.43
596.847,1735388,45768,0,1781156,3821272,187920,1413591638016,65.43
596.948,1735388,47064,0,1782452,3821272,187965,1413927866368,65.43
597.048,1735388,48712,0,1784100,3821272,188010,1414269562880,65.43
597.148,1735388,48852,0,1784240,3821272,188053,1414616276992,65.43
597.249,1735388,49324,0,1784712,3821272,188098,1414939725824,65.43
597.349,1735388,50056,0,1785444,3821272,188146,1415246442496,65.43
597.449,1735388,50704,0,1786092,3821272,188190,1415592103936,64.99
597.550,1735388,50744,0,1786132,3821272,188238,1415950884864,64.99
597.650,1735388,50164,0,1785552,3821272,188281,1416280141824,64.99
597.751,1735388,49824,0,1785212,3821272,188325,1416618573824,64.99
597.851,1735388,50868,0,1786256,3821272,188372,1416958906368,64.99
597.952,1735388,53956,0,1789344,3821272,188420,1417284448256,64.99
598.052,1735388,54520,0,1789908,3821272,188465,1417632714752,64.99
598.152,1735388,55140,0,1790528,3821272,188510,1417974812672,64.99
598.253,1735388,55408,0,1790796,3821272,188555,1418302947328,64.99
598.353,1735388,55672,0,1791060,3821272,188598,1418627977216,64.99
598.454,1735388,55992,0,1791380,3821272,188642,1418961035264,64.99
598.554,1735388,56332,0,1791720,3821272,188686,1419295449088,64.99
598.654,1735388,56376,0,1791764,3821272,188732,1419647782912,64.99
598.755,1735388,56244,0,1791632,3821272,188777,1419970793472,64.99
598.855,1735388,57008,0,1792396,3821272,188822,1420306915328,64.99
598.956,1735388,58224,0,1793612,3821272,188869,1420652699648,64.99
599.056,1735388,57564,0,1792952,3821272,188915,1420995100672,64.99
599.156,1735388,57968,0,1793356,3821272,188961,1421327974400,64.99
599.257,1735388,57896,0,1793284,3821272,189003,1421653934080,64.99
599.357,1735388,58516,0,1793904,3821272,189050,1421999230976,64.99
599.458,1735388,58524,0,1793912,3821272,189094,1422334095360,65.17
599.558,1735388,59048,0,1794436,3821272,189141,1422677356544,65.17
599.659,1735388,59204,0,1794592,3821272,189186,1423007801344,65.17
599.759,1735388,59044,0,1794432,3821272,189230,1423350734848,65.17
599.859,1735388,57920,0,1793308,3821272,189272,1423677693952,65.17
599.960,1735388,57660,0,1793048,3821272,189317,1424036917248,65.17
600.060,1735388,57404,0,1792792,3821272,189360,1424343162880,65.17
600.161,1735388,57412,0,1792800,3821272,189405,1424689123328,65.17
600.261,1735388,57312,0,1792700,3821272,189450,1425014407168,65.17
600.361,1735388,56624,0,1792012,3821272,189494,1425363189760,65.17
600.462,1735388,57452,0,1792840,3821272,189541,1425699336192,65.17
600.562,1735388,58104,0,1793492,3821272,189587,1426036723712,65.17
600.663,1735388,58424,0,1793812,3821272,189631,1426376970240,65.17
600.763,1735388,58160,0,1793548,3821272,189679,1426724085760,65.17
600.863,1735388,58376,0,1793764,3821272,189725,1427064061952,65.17
600.964,1735388,58588,0,1793976,3821272,189772,1427429687296,65.17
601.064,1735388,58888,0,1794276,3821272,189823,1427767373824,65.17
601.165,1735388,58488,0,1793876,3821272,189873,1428126986240,65.17
601.265,1735388,58164,0,1793552,3821272,189918,1428500037632,65.17
601.365,1735388,59060,0,1794448,3821272,189964,1428826992640,65.32
601.466,1735388,59256,0,1794644,3821272,190014,1429192843264,65.32
601.566,1735388,57800,0,1793188,3821272,190060,1429550215168,65.32
601.667,1735388,58332,0,1793720,3821272,190106,1429882249216,65.32
601.767,1735388,57748,0,1793136,3821272,190155,1430241480704,65.32
601.867,1735388,57092,0,1792480,3821272,190202,1430599835648,65.32
601.968,1735388,57924,0,1793312,3821272,190250,1430929510400,65.32
602.068,1735388,57612,0,1793000,3821272,190299,1431297703936,65.32
602.169,1735388,58056,0,1793444,3821272,190346,1431638056960,65.32
602.269,1735388,57784,0,1793172,3821272,190396,1432016445440,65.32
602.370,1735388,57700,0,1793088,3821272,190441,1432354963456,65.32
602.470,1735388,58632,0,1794020,3821272,190492,1432710217728,65.32
602.570,1735388,58508,0,1793896,3821272,190537,1433063100416,65.32
602.671,1735388,58636,0,1794024,3821272,190583,1433409576960,65.32
602.771,1735388,61064,0,1796452,3821272,190631,1433758928896,65.32
602.872,1735388,61352,0,1796740,3821272,190678,1434108723200,65.32
602.972,1735388,62060,0,1797448,3821272,190722,1434453032960,65.32
603.073,1735388,62808,0,1798196,3821272,190773,1434824327168,65.32
603.173,1735388,62700,0,1798088,3821272,190820,1435171651584,65.32
603.273,1735388,63224,0,1798612,3821272,190866,1435507032064,66.17
603.374,1735388,63224,0,1798612,3821272,190912,1435860164608,66.17
603.474,1735388,62696,0,1798084,3821272,190958,1436204732416,66.17
603.575,1735388,62776,0,1798164,3821272,191007,1436566315008,66.17
603.675,1735388,63280,0,1798668,3821272,191058,1436911509504,66.17
603.775,1735388,62916,0,1798304,3821272,191107,1437272240128,66.17
603.876,1735388,63044,0,1798432,3821272,191153,1437600911360,66.17
603.977,1735388,63540,0,1798928,3821272,191202,1437970333696,66.17
604.077,1735388,63816,0,1799204,3821272,191253,1438328942592,66.17
604.177,1735388,63648,0,1799036,3821272,191299,1438679347200,66.17
604.278,1735388,64120,0,1799508,3821272,191350,1439017570304,66.17
604.378,1735388,64484,0,1799872,3821272,191399,1439395676160,66.17
604.479,1735388,65196,0,1800584,3821272,191447,1439730528256,66.17
604.579,1735388,65228,0,1800616,3821272,191496,1440084733952,66.17
604.679,1735388,65076,0,1800464,3821272,191543,1440423989248,66.17
604.780,1735388,64792,0,1800180,3821272,191591,1440778436608,66.17
604.880,1735388,65552,0,1800940,3821272,191638,1441136574464,66.17
604.981,1735388,65568,0,1800956,3821272,191686,1441493528576,66.17
605.081,1735388,65888,0,1801276,3821272,191735,1441821147136,66.17
605.181,1735388,66336,0,1801724,3821272,191763,1441978720256,65.59
605.283,1735388,52104,0,1787492,3821272,191807,1442356408320,65.59
605.383,1735388,47712,0,1783100,3821272,191854,1442719793152,65.59
605.484,1735388,45908,0,1781296,3821272,191902,1443054739456,65.59
605.584,1735388,42880,0,1778268,3821272,191947,1443399811072,65.59
605.684,1735388,40532,0,1775920,3821272,191992,1443736866816,65.59
605.785,1735388,39032,0,1774420,3821272,192038,1444079247360,65.59
605.885,1735388,38388,0,1773776,3821272,192082,1444418732032,65.59
605.986,1735388,38208,0,1773596,3821272,192129,1444759498752,65.59
606.086,1735388,38052,0,1773440,3821272,192175,1445093498880,65.59
606.186,1735388,38444,0,1773832,3821272,192216,1445448265728,65.59
606.287,1735388,38688,0,1774076,3821272,192262,1445791809536,65.59
606.387,1735388,38244,0,1773632,3821272,192305,1446119616512,65.59
606.488,1735388,39116,0,1774504,3821272,192351,1446460067840,65.59
606.588,1735388,41508,0,1776896,3821272,192394,1446788022272,65.59
606.688,1735388,42692,0,1778080,3821272,192441,1447137374208,65.59
606.789,1735388,44024,0,1779412,3821272,192483,1447473745920,65.59
606.889,1735388,45456,0,1780844,3821272,192530,1447809064960,65.59
606.990,1735388,47236,0,1782624,3821272,192576,1448143958016,65.59
607.090,1735388,49936,0,1785324,3821272,192621,1448493326336,64.94
607.190,1735388,50788,0,1786176,3821272,192668,1448843034624,64.94
607.291,1735388,51216,0,1786604,3821272,192712,1449184587776,64.94
607.391,1735388,52376,0,1787764,3821272,192754,1449519194112,64.94
607.492,1735388,52596,0,1787984,3821272,192802,1449853341696,64.94
607.592,1735388,52244,0,1787632,3821272,192848,1450203754496,64.94
607.692,1735388,52224,0,1787612,3821272,192893,1450544717824,64.94
607.793,1735388,53056,0,1788444,3821272,192941,1450888966144,64.94
607.893,1735388,52128,0,1787516,3821272,192985,1451238694912,64.94
607.994,1735388,52512,0,1787900,3821272,193030,1451571081216,64.94
608.094,1735388,53036,0,1788424,3821272,193075,1451911860224,64.94
608.194,1735388,54268,0,1789656,3821272,193121,1452246474752,64.94
608.295,1735388,54836,0,1790224,3821272,193167,1452592779264,64.94
608.395,1735388,53396,0,1788784,3821272,193210,1452917489664,64.94
608.495,1735388,54020,0,1789408,3821272,193259,1453277499392,64.94
608.596,1735388,53636,0,1789024,3821272,193303,1453615538176,64.94
608.696,1735388,53364,0,1788752,3821272,193347,1453958520832,64.94
608.797,1735388,52640,0,1788028,3821272,193387,1454282551296,64.94
608.897,1735388,53040,0,1788428,3821272,193431,1454635294720,64.94
608.997,1735388,52872,0,1788260,3821272,193476,1454967873536,65.31
609.098,1735388,52968,0,1788356,3821272,193522,1455329865728,65.31
609.198,1735388,52468,0,1787856,3821272,193566,1455649263616,65.31
609.299,1735388,52520,0,1787908,3821272,193612,1455992033280,65.31
609.399,1735388,51776,0,1787164,3821272,193657,1456337784832,65.31
609.500,1735388,51644,0,1787032,3821272,193702,1456682614784,65.31
609.600,1735388,51792,0,1787180,3821272,193746,1457017430016,65.31
609.700,1735388,51932,0,1787320,3821272,193793,1457357819904,65.31
609.801,1735388,52188,0,1787576,3821272,193837,1457691500544,65.31
609.901,1735388,52792,0,1788180,3821272,193881,1458020397056,65.31
610.001,1735388,53788,0,1789176,3821272,193927,1458363146240,65.31
610.102,1735388,54140,0,1789528,3821272,193973,1458711867392,65.31
610.202,1735388,54396,0,1789784,3821272,194019,1459056836608,65.31
610.303,1735388,56240,0,1791628,3821272,194067,1459399860224,65.31
610.403,1735388,56216,0,1791604,3821272,194112,1459744579584,65.31
610.504,1735388,56780,0,1792168,3821272,194155,1460080508928,65.31
610.604,1735388,56244,0,1791632,3821272,194198,1460420775936,65.31
610.705,1735388,56420,0,1791808,3821272,194243,1460760674304,65.31
610.805,1735388,56560,0,1791948,3821272,194289,1461110247424,65.31
610.905,1735388,56396,0,1791784,3821272,194334,1461435322368,65.31
611.006,1735388,57008,0,1792396,3821272,194377,1461777104896,65.8
611.106,1735388,57392,0,1792780,3821272,194422,1462118920192,65.8
611.206,1735388,57584,0,1792972,3821272,194467,1462451802112,65.8
611.307,1735388,57056,0,1792444,3821272,194512,1462801928192,65.8
611.407,1735388,55788,0,1791176,3821272,194558,1463122976768,65.8
611.508,1735388,56300,0,1791688,3821272,194605,1463485292544,65.8
611.608,1735388,56064,0,1791452,3821272,194648,1463805964288,65.8
611.708,1735388,55656,0,1791044,3821272,194695,1464179826688,65.8
611.809,1735388,55152,0,1790540,3821272,194739,1464521031680,65.8
611.909,1735388,55784,0,1791172,3821272,194783,1464847917056,65.8
612.010,1735388,55440,0,1790828,3821272,194826,1465180020736,65.8
612.110,1735388,55380,0,1790768,3821272,194872,1465502642176,65.8
612.211,1735388,56688,0,1792076,3821272,194919,1465867755520,65.8
612.311,1735388,57396,0,1792784,3821272,194965,1466208944128,65.8
612.411,1735388,57720,0,1793108,3821272,195010,1466542227456,65.8
612.512,1735388,57636,0,1793024,3821272,195056,1466896314368,65.8
612.612,1735388,58320,0,1793708,3821272,195102,1467234783232,65.8
612.713,1735388,58988,0,1794376,3821272,195146,1467564523520,65.8
612.813,1735388,58932,0,1794320,3821272,195193,1467915706368,65.8
612.913,1735388,58552,0,1793940,3821272,195240,1468259414016,66.56
613.014,1735388,58860,0,1794248,3821272,195283,1468582072320,66.56
613.114,1735388,58156,0,1793544,3821272,195330,1468934483968,66.56
613.214,1735388,58944,0,1794332,3821272,195376,1469263663104,66.56
613.315,1735388,59220,0,1794608,3821272,195422,1469616467968,66.56
613.415,1735388,59616,0,1795004,3821272,195468,1469951221760,66.56
613.516,1735388,60192,0,1795580,3821272,195513,1470298697728,66.56
613.616,1735388,60936,0,1796324,3821272,195558,1470642077696,66.56
613.716,1735388,62252,0,1797640,3821272,195604,1470975926272,66.56
613.817,1735388,63292,0,1798680,3821272,195649,1471317430272,66.56
613.917,1735388,63404,0,1798792,3821272,195696,1471641690112,66.56
614.018,1735388,63616,0,1799004,3821272,195743,1471987662848,66.56
614.118,1735388,63892,0,1799280,3821272,195789,1472332361728,66.56
614.218,1735388,64076,0,1799464,3821272,195838,1472685367296,66.56
614.319,1735388,64868,0,1800256,3821272,195885,1473023283200,66.56
614.419,1735388,65412,0,1800800,3821272,195933,1473351827456,66.56
614.520,1735388,65968,0,1801356,3821272,195979,1473701974016,66.56
614.620,1735388,66268,0,1801656,3821272,196025,1474027950080,66.56
614.721,1735388,66840,0,1802228,3821272,196072,1474368442368,66.56
614.821,1735388,67516,0,1802904,3821272,196118,1474696962048,66.56
614.921,1735388,69892,0,1805280,3821272,196167,1475046326272,66.82
615.022,1735388,68392,0,1803780,3821272,196215,1475409580032,66.82
615.122,1735388,68776,0,1804164,3821272,196261,1475731861504,66.82
615.222,1735388,70000,0,1805388,3821272,196311,1476091510784,66.82
615.323,1735388,65984,0,1801372,3821272,196356,1476422217728,66.82
615.423,1735388,53112,0,1788500,3821272,196403,1476762767360,66.82
615.524,1735388,48980,0,1784368,3821272,196453,1477105774592,66.82
615.624,1735388,46352,0,1781740,3821272,196498,1477440483328,66.82
615.725,1735388,42876,0,1778264,3821272,196541,1477774966784,66.82
615.825,1735388,40660,0,1776048,3821272,196588,1478113120256,66.82
615.925,1735388,40824,0,1776212,3821272,196637,1478458896384,66.82
616.026,1735388,39608,0,1774996,3821272,196686,1478816522240,66.82
616.126,1735388,39012,0,1774400,3821272,196730,1479145308160,66.82
616.227,1735388,38168,0,1773556,3821272,196777,1479491022848,66.82
616.327,1735388,38160,0,1773548,3821272,196824,1479833137152,66.82
616.428,1735388,38580,0,1773968,3821272,196872,1480180531200,66.82
616.528,1735388,40080,0,1775468,3821272,196915,1480510603264,66.82
616.628,1735388,40996,0,1776384,3821272,196961,1480851853312,66.82
616.729,1735388,43032,0,1778420,3821272,197006,1481194373120,66.82
616.829,1735388,44328,0,1779716,3821272,197049,1481509490688,66.31
616.929,1735388,45428,0,1780816,3821272,197093,1481852342272,66.31
617.030,1735388,45668,0,1781056,3821272,197139,1482205356032,66.31
617.130,1735388,47132,0,1782520,3821272,197186,1482553565184,66.31
617.231,1735388,47500,0,1782888,3821272,197231,1482898976768,66.31
617.331,1735388,47340,0,1782728,3821272,197276,1483242573824,66.31
617.431,1735388,48420,0,1783808,3821272,197322,1483579682816,66.31
617.532,1735388,49944,0,1785332,3821272,197366,1483910365184,66.31
617.632,1735388,49280,0,1784668,3821272,197412,1484262166528,66.31
617.733,1735388,49268,0,1784656,3821272,197457,1484588146688,66.31
617.833,1735388,48676,0,1784064,3821272,197503,1484924755968,66.31
617.933,1735388,48888,0,1784276,3821272,197549,1485272940544,66.31
618.034,1735388,50172,0,1785560,3821272,197597,1485616902144,66.31
618.134,1735388,50872,0,1786260,3821272,197642,1485947424768,66.31
618.234,1735388,51836,0,1787224,3821272,197686,1486294200320,66.31
618.335,1735388,52712,0,1788100,3821272,197731,1486637289472,66.31
618.435,1735388,54300,0,1789688,3821272,197776,1486969495552,66.31
618.536,1735388,56052,0,1791440,3821272,197821,1487311650816,66.31
618.636,1735388,56296,0,1791684,3821272,197867,1487640137728,66.31
618.736,1735388,56300,0,1791688,3821272,197910,1487993126912,66.07
618.837,1735388,54868,0,1790256,3821272,197955,1488332529664,66.07
618.937,1735388,54296,0,1789684,3821272,197999,1488674009088,66.07
619.038,1735388,55320,0,1790708,3821272,198047,1489022836736,66.07
619.138,1735388,54932,0,1790320,3821272,198093,1489354784768,66.07
619.238,1735388,54252,0,1789640,3821272,198136,1489698697216,66.07
619.339,1735388,54204,0,1789592,3821272,198181,1490027552768,66.07
619.439,1735388,54468,0,1789856,3821272,198227,1490387058688,66.07
619.540,1735388,53820,0,1789208,3821272,198271,1490718101504,66.07
619.640,1735388,53552,0,1788940,3821272,198315,1491058798592,66.07
619.741,1735388,53124,0,1788512,3821272,198358,1491389808640,66.07
619.841,1735388,53324,0,1788712,3821272,198404,1491736813568,66.07
619.942,1735388,53248,0,1788636,3821272,198450,1492083662848,66.07
620.042,1735388,53532,0,1788920,3821272,198494,1492424048640,66.07
620.142,1735388,53608,0,1788996,3821272,198540,1492768874496,66.07
620.243,1735388,52544,0,1787932,3821272,198582,1493095096320,66.07
620.343,1735388,53280,0,1788668,3821272,198630,1493445091328,66.07
620.443,1735388,53224,0,1788612,3821272,198678,1493793239040,66.07
620.544,1735388,53536,0,1788924,3821272,198721,1494127308800,66.07
620.644,1735388,54192,0,1789580,3821272,198766,1494453858304,66.07
620.745,1735388,54036,0,1789424,3821272,198812,1494813229056,65.87
620.845,1735388,53788,0,1789176,3821272,198857,1495147094016,65.87
620.945,1735388,54048,0,1789436,3821272,198903,1495484817408,65.87
621.046,1735388,54440,0,1789828,3821272,198949,1495831023616,65.87
621.146,1735388,54172,0,1789560,3821272,198994,1496165584896,65.87
621.246,1735388,54488,0,1789876,3821272,199038,1496513597440,65.87
621.347,1735388,54664,0,1790052,3821272,199083,1496840212480,65.87
621.447,1735388,54048,0,1789436,3821272,199129,1497180332032,65.87
621.548,1735388,54436,0,1789824,3821272,199174,1497519247360,65.87
621.648,1735388,54064,0,1789452,3821272,199220,1497868001280,65.87
621.748,1735388,53680,0,1789068,3821272,199265,1498202902528,65.87
621.849,1735388,53680,0,1789068,3821272,199311,1498550497280,65.87
621.949,1735388,53564,0,1788952,3821272,199354,1498886819840,65.87
622.050,1735388,52936,0,1788324,3821272,199400,1499235483648,65.87
622.150,1735388,52632,0,1788020,3821272,199446,1499569991680,65.87
622.250,1735388,53076,0,1788464,3821272,199492,1499907911680,65.87
622.351,1735388,52752,0,1788140,3821272,199535,1500248719360,65.87
622.451,1735388,52996,0,1788384,3821272,199580,1500592123904,65.87
622.552,1735388,52904,0,1788292,3821272,199625,1500933746688,65.87
622.652,1735388,53000,0,1788388,3821272,199667,1501262393344,66.26
622.752,1735388,52628,0,1788016,3821272,199714,1501602500608,66.26
622.853,1735388,52472,0,1787860,3821272,199757,1501941542912,66.26
622.953,1735388,52216,0,1787604,3821272,199802,1502290079744,66.26
623.054,1735388,53172,0,1788560,3821272,199850,1502618357760,66.26
623.154,1735388,53040,0,1788428,3821272,199894,1502964928512,66.26
623.254,1735388,53076,0,1788464,3821272,199940,1503326150656,66.26
623.355,1735388,52928,0,1788316,3821272,199984,1503650816000,66.26
623.455,1735388,53016,0,1788404,3821272,200030,1503996456960,66.26
623.556,1735388,53240,0,1788628,3821272,200073,1504333119488,66.26
623.656,1735388,53788,0,1789176,3821272,200120,1504684879872,66.26
623.756,1735388,53684,0,1789072,3821272,200164,1505011544064,66.26
623.857,1735388,54120,0,1789508,3821272,200209,1505343176704,66.26
623.957,1735388,54324,0,1789712,3821272,200257,1505696612352,66.26
624.058,1735388,54156,0,1789544,3821272,200304,1506026659840,66.26
624.158,1735388,54512,0,1789900,3821272,200348,1506347978752,66.26
624.258,1735388,54412,0,1789800,3821272,200397,1506711572480,66.26
624.359,1735388,54136,0,1789524,3821272,200442,1507051122688,66.26
624.459,1735388,54160,0,1789548,3821272,200489,1507388792832,66.26
624.560,1735388,54432,0,1789820,3821272,200535,1507725217792,66.26
624.660,1735388,54564,0,1789952,3821272,200581,1508068814848,66.39
624.760,1735388,54984,0,1790372,3821272,200625,1508394475520,66.39
624.861,1735388,55296,0,1790684,3821272,200673,1508750262272,66.39
624.961,1735388,56084,0,1791472,3821272,200718,1509062656000,66.39
625.062,1735388,56540,0,1791928,3821272,200768,1509399896064,66.39
625.162,1735388,57744,0,1793132,3821272,200815,1509739364352,66.39
625.263,1735388,57816,0,1793204,3821272,200862,1510081007616,66.39
625.363,1735388,59056,0,1794444,3821272,200911,1510394363904,66.39
625.464,1735388,50376,0,1785764,3821272,200953,1510760407040,66.39
625.564,1735388,44492,0,1779880,3821272,200998,1511095914496,66.39
625.664,1735388,42556,0,1777944,3821272,201042,1511414796288,66.39
625.765,1735388,40936,0,1776324,3821272,201086,1511746125824,66.39
625.865,1735388,40852,0,1776240,3821272,201134,1512083517440,66.39
625.965,1735388,39736,0,1775124,3821272,201181,1512399941632,66.39
626.066,1735388,39068,0,1774456,3821272,201229,1512761114624,66.39
626.166,1735388,40020,0,1775408,3821272,201276,1513116233728,66.39
626.267,1735388,40508,0,1775896,3821272,201322,1513436524544,66.39
626.367,1735388,41000,0,1776388,3821272,201369,1513771352064,66.39
626.468,1735388,40632,0,1776020,3821272,201411,1514113294336,66.39
626.568,1735388,41888,0,1777276,3821272,201456,1514449743872,66.14
626.668,1735388,43080,0,1778468,3821272,201501,1514773336064,66.14
626.769,1735388,43452,0,1778840,3821272,201546,1515112562688,66.14
626.869,1735388,44428,0,1779816,3821272,201592,1515458101248,66.14
626.970,1735388,46396,0,1781784,3821272,201640,1515805458432,66.14
627.070,1735388,46944,0,1782332,3821272,201685,1516139130880,66.14
627.171,1735388,47412,0,1782800,3821272,201729,1516455964672,66.14
627.271,1735388,48620,0,1784008,3821272,201777,1516790435840,66.14
627.372,1735388,48956,0,1784344,3821272,201819,1517130080256,66.14
627.472,1735388,48912,0,1784300,3821272,201862,1517470482432,66.14
627.573,1735388,49108,0,1784496,3821272,201907,1517815144448,66.14
627.673,1735388,49172,0,1784560,3821272,201951,1518149844992,66.14
627.773,1735388,48272,0,1783660,3821272,201993,1518473736192,66.14
627.874,1735388,48224,0,1783612,3821272,202037,1518822563840,66.14
627.974,1735388,48204,0,1783592,3821272,202082,1519150227456,66.14
628.075,1735388,48360,0,1783748,3821272,202126,1519490666496,66.14
628.175,1735388,48864,0,1784252,3821272,202170,1519816937472,66.14
628.275,1735388,49784,0,1785172,3821272,202214,1520150257664,66.14
628.376,1735388,51180,0,1786568,3821272,202256,1520479182848,66.14
628.476,1735388,52820,0,1788208,3821272,202303,1520826093568,66.14
628.577,1735388,53008,0,1788396,3821272,202344,1521164521472,65.75
628.677,1735388,53072,0,1788460,3821272,202388,1521498497024,65.75
628.778,1735388,53976,0,1789364,3821272,202434,1521846853632,65.75
628.878,1735388,53056,0,1788444,3821272,202479,1522195808256,65.75
628.978,1735388,53032,0,1788420,3821272,202522,1522520690688,65.75
629.079,1735388,53080,0,1788468,3821272,202566,1522845618176,65.75
629.179,1735388,52696,0,1788084,3821272,202611,1523202334720,65.75
629.280,1735388,52300,0,1787688,3821272,202654,1523528499200,65.75
629.380,1735388,52588,0,1787976,3821272,202697,1523860463616,65.75
629.480,1735388,52676,0,1788064,3821272,202742,1524201320448,65.75
629.581,1735388,52512,0,1787900,3821272,202785,1524532445184,65.75
629.681,1735388,52976,0,1788364,3821272,202830,1524860502016,65.75
629.782,1735388,53552,0,1788940,3821272,202873,1525183606784,65.75
629.882,1735388,54044,0,1789432,3821272,202918,1525528260608,65.75
629.982,1735388,54396,0,1789784,3821272,202965,1525876957184,65.75
630.083,1735388,54448,0,1789836,3821272,203008,1526212743168,65.75
630.183,1735388,54544,0,1789932,3821272,203054,1526548271104,65.75
630.284,1735388,54424,0,1789812,3821272,203098,1526890741760,65.75
630.384,1735388,55336,0,1790724,3821272,203144,1527204245504,65.75
630.485,1735388,55908,0,1791296,3821272,203189,1527545544704,65.75
630.585,1735388,55888,0,1791276,3821272,203234,1527898664960,66.34
630.685,1735388,56208,0,1791596,3821272,203278,1528227569664,66.34
630.786,1735388,56260,0,1791648,3821272,203324,1528558080000,66.34
630.886,1735388,55872,0,1791260,3821272,203369,1528912396288,66.34
630.986,1735388,55744,0,1791132,3821272,203412,1529222258688,66.34
631.087,1735388,55348,0,1790736,3821272,203459,1529568784384,66.34
631.187,1735388,54984,0,1790372,3821272,203503,1529908387840,66.34
631.288,1735388,56300,0,1791688,3821272,203547,1530238730240,66.34
631.388,1735388,57440,0,1792828,3821272,203591,1530564595712,66.34
631.489,1735388,56488,0,1791876,3821272,203635,1530897772544,66.34
631.589,1735388,56488,0,1791876,3821272,203680,1531248353280,66.34
631.689,1735388,56712,0,1792100,3821272,203727,1531586969600,66.34
631.790,1735388,57312,0,1792700,3821272,203772,1531921436672,66.34
631.890,1735388,58520,0,1793908,3821272,203819,1532259622912,66.34
631.991,1735388,58736,0,1794124,3821272,203865,1532605906944,66.34
632.091,1735388,57952,0,1793340,3821272,203909,1532948447232,66.34
632.192,1735388,57856,0,1793244,3821272,203952,1533288239104,66.34
632.292,1735388,58336,0,1793724,3821272,203996,1533614977024,66.34
632.392,1735388,57728,0,1793116,3821272,204041,1533945298944,66.34
632.493,1735388,58060,0,1793448,3821272,204090,1534307655680,65.91
632.593,1735388,57724,0,1793112,3821272,204137,1534656692224,65.91
632.694,1735388,59080,0,1794468,3821272,204181,1534970114048,65.91
632.794,1735388,59732,0,1795120,3821272,204230,1535321694208,65.91
632.894,1735388,60180,0,1795568,3821272,204277,1535681277952,65.91
632.995,1735388,59992,0,1795380,3821272,204323,1536036544512,65.91
633.095,1735388,59988,0,1795376,3821272,204374,1536401563648,65.91
633.196,1735388,60048,0,1795436,3821272,204420,1536747180032,65.91
633.296,1735388,60308,0,1795696,3821272,204470,1537105387520,65.91
633.396,1735388,60388,0,1795776,3821272,204519,1537466589184,65.91
633.497,1735388,61364,0,1796752,3821272,204569,1537817632768,65.91
633.597,1735388,62700,0,1798088,3821272,204616,1538172784640,65.91
633.698,1735388,62952,0,1798340,3821272,204663,1538525954048,65.91
633.798,1735388,62928,0,1798316,3821272,204712,1538882822144,65.91
633.899,1735388,63284,0,1798672,3821272,204759,1539237687296,65.91
633.999,1735388,62784,0,1798172,3821272,204807,1539577434112,65.91
634.099,1735388,62004,0,1797392,3821272,204857,1539934621696,65.91
634.200,1735388,63052,0,1798440,3821272,204904,1540272037888,65.91
634.300,1735388,63656,0,1799044,3821272,204955,1540625268736,65.91
634.401,1735388,64748,0,1800136,3821272,205003,1540973305856,66.65
634.501,1735388,64740,0,1800128,3821272,205053,1541337403392,66.65
634.602,1735388,64568,0,1799956,3821272,205102,1541707902976,66.65
634.702,1735388,65720,0,1801108,3821272,205148,1542023802880,66.65
634.803,1735388,66308,0,1801696,3821272,205199,1542407397376,66.65
634.903,1735388,66416,0,1801804,3821272,205246,1542726270976,66.65
635.003,1735388,66548,0,1801936,3821272,205301,1543122427904,66.65
635.134,1735388,66628,0,1802016,3821272,205333,1543273238528,66.65
635.234,1735388,65416,0,1800804,3821272,205379,1543590060032,66.65
635.335,1735388,63024,0,1798412,3821272,205395,1543769473024,66.65
635.435,1735388,60680,0,1796068,3821272,205435,1544067002368,66.65
635.536,1735388,50168,0,1785556,3821272,205485,1544418869248,66.65
635.636,1735388,45388,0,1780776,3821272,205533,1544772313088,66.65
635.736,1735388,42336,0,1777724,3821272,205584,1545124720640,66.65
635.837,1735388,40024,0,1775412,3821272,205631,1545487110144,66.65
635.937,1735388,39136,0,1774524,3821272,205676,1545827766272,66.65
636.038,1735388,37916,0,1773304,3821272,205724,1546191056896,66.65
636.138,1735388,36808,0,1772196,3821272,205769,1546539393024,66.65
636.238,1735388,36120,0,1771508,3821272,205819,1546889502720,64.0
636.339,1735388,36780,0,1772168,3821272,205868,1547249999872,64.0
636.439,1735388,36648,0,1772036,3821272,205915,1547615162368,64.0
636.540,1735388,37152,0,1772540,3821272,205961,1547953283072,64.0
636.640,1735388,38456,0,1773844,3821272,206008,1548308992000,64.0
636.740,1735388,39656,0,1775044,3821272,206053,1548669108224,64.0
636.841,1735388,41220,0,1776608,3821272,206099,1549008850944,64.0
636.941,1735388,43460,0,1778848,3821272,206146,1549355753472,64.0
637.041,1735388,44408,0,1779796,3821272,206193,1549705519104,64.0
637.142,1735388,45660,0,1781048,3821272,206240,1550060818432,64.0
637.242,1735388,46916,0,1782304,3821272,206287,1550408810496,64.0
637.343,1735388,46860,0,1782248,3821272,206331,1550754803712,64.0
637.443,1735388,47528,0,1782916,3821272,206377,1551092338688,64.0
637.543,1735388,47852,0,1783240,3821272,206422,1551439233024,64.0
637.644,1735388,47508,0,1782896,3821272,206467,1551766802432,64.0
637.744,1735388,47092,0,1782480,3821272,206512,1552112058368,64.0
637.845,1735388,46188,0,1781576,3821272,206558,1552450818048,64.0
637.945,1735388,46468,0,1781856,3821272,206602,1552785096704,64.0
638.045,1735388,47352,0,1782740,3821272,206648,1553137422336,64.0
638.146,1735388,46956,0,1782344,3821272,206692,1553480355840,64.18
638.246,1735388,47528,0,1782916,3821272,206737,1553824219136,64.18
638.347,1735388,49232,0,1784620,3821272,206782,1554150801408,64.18
638.447,1735388,49856,0,1785244,3821272,206828,1554485784576,64.18
638.547,1735388,51356,0,1786744,3821272,206875,1554845323264,64.18
638.648,1735388,52232,0,1787620,3821272,206920,1555167244288,64.18
638.748,1735388,53004,0,1788392,3821272,206966,1555519946752,64.18
638.849,1735388,53968,0,1789356,3821272,207012,1555858141184,64.18
638.949,1735388,53056,0,1788444,3821272,207055,1556201291776,64.18
639.049,1735388,53452,0,1788840,3821272,207100,1556543442944,64.18
639.150,1735388,53464,0,1788852,3821272,207142,1556872118272,64.18
639.250,1735388,53872,0,1789260,3821272,207189,1557205598208,64.18
639.350,1735388,54016,0,1789404,3821272,207233,1557560897536,64.18
639.451,1735388,53048,0,1788436,3821272,207279,1557895012352,64.18
639.551,1735388,53064,0,1788452,3821272,207324,1558232625152,64.18
639.652,1735388,53368,0,1788756,3821272,207370,1558577381376,64.18
639.752,1735388,53856,0,1789244,3821272,207414,1558914093056,64.18
639.852,1735388,53196,0,1788584,3821272,207460,1559252344832,64.18
639.953,1735388,53776,0,1789164,3821272,207507,1559598968832,64.18
640.053,1735388,53056,0,1788444,3821272,207549,1559933497344,64.18
640.154,1735388,52916,0,1788304,3821272,207597,1560284979200,65.23
640.254,1735388,53108,0,1788496,3821272,207643,1560633659392,65.23
640.354,1735388,52980,0,1788368,3821272,207685,1560951271424,65.23
640.455,1735388,53416,0,1788804,3821272,207732,1561297555456,65.23
640.555,1735388,52500,0,1787888,3821272,207774,1561630371840,65.23
640.656,1735388,52552,0,1787940,3821272,207820,1561975226368,65.23
640.756,1735388,52268,0,1787656,3821272,207864,1562298867712,65.23
640.856,1735388,52064,0,1787452,3821272,207911,1562665902080,65.23
640.957,1735388,51572,0,1786960,3821272,207954,1563008618496,65.23
641.057,1735388,50712,0,1786100,3821272,208000,1563359858688,65.23
641.157,1735388,51060,0,1786448,3821272,208047,1563698958336,65.23
641.258,1735388,50496,0,1785884,3821272,208087,1564025491456,65.23
641.358,1735388,51072,0,1786460,3821272,208134,1564373647360,65.23
641.459,1735388,51376,0,1786764,3821272,208181,1564736385024,65.23
641.559,1735388,51852,0,1787240,3821272,208226,1565068054528,65.23
641.660,1735388,51948,0,1787336,3821272,208271,1565393309696,65.23
641.760,1735388,51836,0,1787224,3821272,208315,1565754732544,65.23
641.860,1735388,51968,0,1787356,3821272,208363,1566087614464,65.23
641.961,1735388,52456,0,1787844,3821272,208408,1566433280000,65.23
642.061,1735388,52564,0,1787952,3821272,208453,1566780620800,65.73
642.161,1735388,52944,0,1788332,3821272,208499,1567120347136,65.73
642.262,1735388,52528,0,1787916,3821272,208542,1567451602944,65.73
642.362,1735388,52464,0,1787852,3821272,208589,1567798161408,65.73
642.463,1735388,51988,0,1787376,3821272,208638,1568161460224,65.73
642.563,1735388,53780,0,1789168,3821272,208682,1568452882432,65.73
642.663,1735388,53688,0,1789076,3821272,208732,1568835674112,65.73
642.764,1735388,53988,0,1789376,3821272,208776,1569170571264,65.73
642.864,1735388,53988,0,1789376,3821272,208821,1569500786688,65.73
642.965,1735388,55416,0,1790804,3821272,208870,1569853886464,65.73
643.065,1735388,55004,0,1790392,3821272,208917,1570197196800,65.73
643.166,1735388,55204,0,1790592,3821272,208966,1570539778048,65.73
643.266,1735388,55708,0,1791096,3821272,209013,1570885312512,65.73
643.366,1735388,55872,0,1791260,3821272,209060,1571231981568,65.73
643.467,1735388,55828,0,1791216,3821272,209106,1571571228672,65.73
643.567,1735388,55940,0,1791328,3821272,209153,1571913936896,65.73
643.668,1735388,56080,0,1791468,3821272,209199,1572240769024,65.73
643.768,1735388,56684,0,1792072,3821272,209247,1572609585152,65.73
643.868,1735388,57772,0,1793160,3821272,209294,1572937740288,65.73
643.969,1735388,58020,0,1793408,3821272,209344,1573274419200,66.14
644.069,1735388,57672,0,1793060,3821272,209393,1573628370944,66.14
644.170,1735388,57800,0,1793188,3821272,209440,1573973237760,66.14
644.270,1735388,58332,0,1793720,3821272,209486,1574304325632,66.14
644.370,1735388,59888,0,1795276,3821272,209534,1574650150912,66.14
644.471,1735388,60740,0,1796128,3821272,209582,1574977957888,66.14
644.571,1735388,61512,0,1796900,3821272,209629,1575256354816,66.14
644.671,1735388,60076,0,1795464,3821272,209651,1575448158208,66.14
644.772,1735388,58244,0,1793632,3821272,209670,1575613476864,66.14
644.913,1735388,58920,0,1794308,3821272,209715,1575862898688,66.14
645.014,1735388,55396,0,1790784,3821272,209756,1576207523840,66.14
645.114,1735388,53412,0,1788800,3821272,209772,1576351559680,66.14
645.217,1735388,54900,0,1790288,3821272,209822,1576651100160,66.14
645.317,1735388,53292,0,1788680,3821272,209840,1576840515584,66.14
645.418,1735388,54444,0,1789832,3821272,209870,1577001168896,66.14
645.518,1735388,53412,0,1788800,3821272,209896,1577223581696,66.14
645.619,1735388,47508,0,1782896,3821272,209938,1577567879168,66.14
645.719,1735388,44372,0,1779760,3821272,209982,1577908535296,66.14
645.820,1735388,42892,0,1778280,3821272,210026,1578242359296,66.14
645.920,1735388,42256,0,1777644,3821272,210072,1578586824704,62.86
646.020,1735388,41108,0,1776496,3821272,210117,1578929274880,62.86
646.121,1735388,39764,0,1775152,3821272,210161,1579260821504,62.86
646.221,1735388,38896,0,1774284,3821272,210207,1579608498176,62.86
646.321,1735388,38836,0,1774224,3821272,210252,1579951243264,62.86
646.422,1735388,39052,0,1774440,3821272,210298,1580293525504,62.86
646.522,1735388,39820,0,1775208,3821272,210345,1580639924224,62.86
646.623,1735388,39640,0,1775028,3821272,210393,1580979916800,62.86
646.723,1735388,40548,0,1775936,3821272,210439,1581309407232,62.86
646.824,1735388,41648,0,1777036,3821272,210484,1581631590400,62.86
646.924,1735388,42160,0,1777548,3821272,210529,1581994782720,62.86
647.024,1735388,45200,0,1780588,3821272,210575,1582347755520,62.86
647.125,1735388,46220,0,1781608,3821272,210621,1582688993280,62.86
647.225,1735388,46980,0,1782368,3821272,210667,1583033806848,62.86
647.325,1735388,48080,0,1783468,3821272,210710,1583362953216,62.86
647.426,1735388,50356,0,1785744,3821272,210758,1583715766272,62.86
647.526,1735388,51204,0,1786592,3821272,210802,1584062996480,62.86
647.627,1735388,51404,0,1786792,3821272,210849,1584408879104,62.86
647.727,1735388,51500,0,1786888,3821272,210896,1584743129088,62.86
647.827,1735388,51428,0,1786816,3821272,210943,1585094750208,62.86
647.928,1735388,50872,0,1786260,3821272,210987,1585427685376,62.88
648.028,1735388,50000,0,1785388,3821272,211031,1585762942976,62.88
648.129,1735388,50512,0,1785900,3821272,211076,1586098204672,62.88
648.229,1735388,51392,0,1786780,3821272,211123,1586458767360,62.88
648.329,1735388,50476,0,1785864,3821272,211167,1586791997440,62.88
648.430,1735388,50792,0,1786180,3821272,211214,1587143868416,62.88
648.530,1735388,51752,0,1787140,3821272,211261,1587485581312,62.88
648.631,1735388,53428,0,1788816,3821272,211306,1587824508928,62.88
648.731,1735388,53572,0,1788960,3821272,211351,1588162805760,62.88
648.831,1735388,55336,0,1790724,3821272,211398,1588498825216,62.88
648.932,1735388,55508,0,1790896,3821272,211443,1588842205184,62.88
649.032,1735388,56444,0,1791832,3821272,211490,1589181378560,62.88
649.133,1735388,57240,0,1792628,3821272,211536,1589527539712,62.88
649.233,1735388,57496,0,1792884,3821272,211581,1589871214592,62.88
649.333,1735388,57648,0,1793036,3821272,211628,1590205968384,62.88
649.434,1735388,57488,0,1792876,3821272,211670,1590553927680,62.88
649.534,1735388,57680,0,1793068,3821272,211716,1590882271232,62.88
649.635,1735388,57700,0,1793088,3821272,211762,1591232634880,62.88
649.735,1735388,57316,0,1792704,3821272,211805,1591564972032,62.88
649.835,1735388,55276,0,1790664,3821272,211851,1591908900864,62.9
649.936,1735388,55688,0,1791076,3821272,211897,1592246140928,62.9
650.036,1735388,56032,0,1791420,3821272,211940,1592580308992,62.9
650.137,1735388,55072,0,1790460,3821272,211986,1592933601280,62.9
650.237,1735388,54380,0,1789768,3821272,212027,1593260138496,62.9
650.337,1735388,54892,0,1790280,3821272,212074,1593609117696,62.9
650.438,1735388,55656,0,1791044,3821272,212119,1593940869120,62.9
650.538,1735388,54312,0,1789700,3821272,212164,1594292621312,62.9
650.639,1735388,54752,0,1790140,3821272,212210,1594636693504,62.9
650.739,1735388,55084,0,1790472,3821272,212253,1594970034176,62.9
650.839,1735388,54604,0,1789992,3821272,212296,1595289694208,62.9
650.940,1735388,54864,0,1790252,3821272,212342,1595645767680,62.9
651.040,1735388,55344,0,1790732,3821272,212389,1595978625024,62.9
651.141,1735388,56160,0,1791548,3821272,212434,1596325076992,62.9
651.241,1735388,55744,0,1791132,3821272,212477,1596660211712,62.9
651.342,1735388,55716,0,1791104,3821272,212519,1596993191936,62.9
651.442,1735388,55160,0,1790548,3821272,212567,1597346639872,62.9
651.542,1735388,55368,0,1790756,3821272,212610,1597677666304,62.9
651.643,1735388,54408,0,1789796,3821272,212656,1598028111872,62.9
651.743,1735388,53608,0,1788996,3821272,212701,1598370783232,63.64
651.844,1735388,53340,0,1788728,3821272,212744,1598691594240,63.64
651.944,1735388,53864,0,1789252,3821272,212792,1599039696896,63.64
652.044,1735388,53668,0,1789056,3821272,212837,1599387795456,63.64
652.145,1735388,52896,0,1788284,3821272,212880,1599733985280,63.64
652.245,1735388,53128,0,1788516,3821272,212925,1600060674048,63.64
652.345,1735388,53228,0,1788616,3821272,212972,1600403103744,63.64
652.446,1735388,53856,0,1789244,3821272,213019,1600743669760,63.64
652.546,1735388,55136,0,1790524,3821272,213062,1601076936704,63.64
652.646,1735388,54492,0,1789880,3821272,213106,1601407115264,63.64
652.747,1735388,54748,0,1790136,3821272,213149,1601733234688,63.64
652.847,1735388,55284,0,1790672,3821272,213195,1602090610688,63.64
652.948,1735388,55516,0,1790904,3821272,213239,1602413813760,63.64
653.048,1735388,56092,0,1791480,3821272,213286,1602763255808,63.64
653.148,1735388,56508,0,1791896,3821272,213333,1603113017344,63.64
653.249,1735388,56488,0,1791876,3821272,213375,1603432390656,63.64
653.349,1735388,56536,0,1791924,3821272,213423,1603791212544,63.64
653.450,1735388,55708,0,1791096,3821272,213468,1604148871168,63.64
653.550,1735388,55652,0,1791040,3821272,213513,1604480323584,63.64
653.650,1735388,56264,0,1791652,3821272,213559,1604820987904,63.64
653.751,1735388,55804,0,1791192,3821272,213602,1605153120256,63.71
653.851,1735388,56332,0,1791720,3821272,213649,1605500682240,63.71
653.951,1735388,56380,0,1791768,3821272,213694,1605838049280,63.71
654.052,1735388,56216,0,1791604,3821272,213740,1606173749248,63.71
654.152,1735388,56220,0,1791608,3821272,213787,1606522880000,63.71
654.253,1735388,56188,0,1791576,3821272,213832,1606852632576,63.71
654.353,1735388,55996,0,1791384,3821272,213875,1607193075712,63.71
654.453,1735388,56196,0,1791584,3821272,213923,1607541886976,63.71
654.554,1735388,56384,0,1791772,3821272,213968,1607858221056,63.71
654.654,1735388,55872,0,1791260,3821272,214013,1608214360064,63.71
654.754,1735388,56512,0,1791900,3821272,214059,1608552120320,63.71
654.855,1735388,56736,0,1792124,3821272,214105,1608900468736,63.71
654.955,1735388,57016,0,1792404,3821272,214149,1609232216064,63.71
655.056,1735388,58344,0,1793732,3821272,214196,1609571594240,63.71
655.156,1735388,58664,0,1794052,3821272,214240,1609899704320,63.71
655.257,1735388,58956,0,1794344,3821272,214284,1610245562368,63.71
655.357,1735388,58552,0,1793940,3821272,214330,1610569789440,63.71
655.457,1735388,59660,0,1795048,3821272,214378,1610937393152,63.71
655.558,1735388,59720,0,1795108,3821272,214422,1611272548352,63.71
655.658,1735388,60056,0,1795444,3821272,214466,1611614773248,64.67
655.759,1735388,50524,0,1785912,3821272,214511,1611953688576,64.67
655.859,1735388,44824,0,1780212,3821272,214556,1612287959040,64.67
655.959,1735388,41888,0,1777276,3821272,214603,1612617408512,64.67
656.060,1735388,41284,0,1776672,3821272,214650,1612969271296,64.67
656.160,1735388,39956,0,1775344,3821272,214697,1613306953728,64.67
656.261,1735388,38256,0,1773644,3821272,214742,1613652357120,64.67
656.361,1735388,37396,0,1772784,3821272,214787,1613990260736,64.67
656.461,1735388,37040,0,1772428,3821272,214831,1614326050816,64.67
656.562,1735388,37932,0,1773320,3821272,214878,1614665285632,64.67
656.662,1735388,37776,0,1773164,3821272,214924,1615015301120,64.67
656.763,1735388,38720,0,1774108,3821272,214968,1615346556928,64.67
656.863,1735388,40112,0,1775500,3821272,215013,1615667081216,64.67
656.963,1735388,41036,0,1776424,3821272,215057,1616018817024,64.67
657.064,1735388,42312,0,1777700,3821272,215101,1616338395136,64.67
657.164,1735388,42488,0,1777876,3821272,215143,1616660762624,64.67
657.265,1735388,43736,0,1779124,3821272,215184,1616976314368,64.67
657.365,1735388,45560,0,1780948,3821272,215227,1617323835392,64.67
657.466,1735388,47268,0,1782656,3821272,215270,1617655832576,64.67
657.566,1735388,48108,0,1783496,3821272,215314,1617984389120,64.67
657.667,1735388,49052,0,1784440,3821272,215359,1618304397312,64.0
657.767,1735388,49780,0,1785168,3821272,215405,1618657087488,64.0
657.868,1735388,49364,0,1784752,3821272,215449,1618985963520,64.0
657.968,1735388,49660,0,1785048,3821272,215491,1619321171968,64.0
658.069,1735388,49760,0,1785148,3821272,215535,1619645452288,64.0
658.169,1735388,49204,0,1784592,3821272,215580,1619982807040,64.0
658.270,1735388,49400,0,1784788,3821272,215624,1620295946240,64.0
658.370,1735388,50244,0,1785632,3821272,215669,1620654010368,64.0
658.470,1735388,50520,0,1785908,3821272,215709,1620975415296,64.0
658.571,1735388,51488,0,1786876,3821272,215752,1621304979456,64.0
658.671,1735388,52400,0,1787788,3821272,215795,1621639024640,64.0
658.772,1735388,51704,0,1787092,3821272,215837,1621966770176,64.0
658.872,1735388,51932,0,1787320,3821272,215878,1622264406016,64.0
658.973,1735388,52384,0,1787772,3821272,215924,1622615285760,64.0
659.073,1735388,53132,0,1788520,3821272,215970,1622967476224,64.0
659.173,1735388,55576,0,1790964,3821272,216012,1623289556992,64.0
659.274,1735388,55488,0,1790876,3821272,216055,1623614328832,64.0
659.375,1735388,56136,0,1791524,3821272,216100,1623963664384,64.0
659.475,1735388,56432,0,1791820,3821272,216143,1624288026624,64.0
659.575,1735388,56168,0,1791556,3821272,216185,1624617459712,64.0
659.676,1735388,55748,0,1791136,3821272,216228,1624941531136,64.54
659.776,1735388,55460,0,1790848,3821272,216273,1625277931520,64.54
659.877,1735388,55532,0,1790920,3821272,216314,1625606905856,64.54
659.977,1735388,55096,0,1790484,3821272,216355,1625938178048,64.54
660.078,1735388,55224,0,1790612,3821272,216398,1626259419136,64.54
660.178,1735388,55388,0,1790776,3821272,216443,1626595192832,64.54
660.279,1735388,54752,0,1790140,3821272,216485,1626941874176,64.54
660.379,1735388,54756,0,1790144,3821272,216528,1627254358016,64.54
660.480,1735388,52936,0,1788324,3821272,216571,1627594153984,64.54
660.580,1735388,53136,0,1788524,3821272,216614,1627922333696,64.54
660.681,1735388,53864,0,1789252,3821272,216661,1628256092160,64.54
660.781,1735388,53820,0,1789208,3821272,216703,1628576387072,64.54
660.882,1735388,53796,0,1789184,3821272,216746,1628924866560,64.54
660.982,1735388,53388,0,1788776,3821272,216789,1629247844352,64.54
661.083,1735388,53060,0,1788448,3821272,216833,1629579636736,64.54
661.183,1735388,52908,0,1788296,3821272,216876,1629912576000,64.54
661.283,1735388,53100,0,1788488,3821272,216919,1630241820672,64.54
661.384,1735388,52476,0,1787864,3821272,216961,1630556999680,64.54
661.484,1735388,52668,0,1788056,3821272,217004,1630901051392,64.54
661.585,1735388,52224,0,1787612,3821272,217050,1631242432512,64.54
661.685,1735388,51516,0,1786904,3821272,217089,1631561625600,64.81
661.786,1735388,52528,0,1787916,3821272,217135,1631902031872,64.81
661.886,1735388,52096,0,1787484,3821272,217178,1632236834816,64.81
661.986,1735388,51328,0,1786716,3821272,217220,1632547422208,64.81
662.087,1735388,51460,0,1786848,3821272,217266,1632875601920,64.81
662.187,1735388,51160,0,1786548,3821272,217309,1633224626176,64.81
662.288,1735388,51560,0,1786948,3821272,217355,1633541869568,64.81
662.388,1735388,51284,0,1786672,3821272,217398,1633882529792,64.81
662.489,1735388,51368,0,1786756,3821272,217442,1634206621696,64.81
662.589,1735388,51348,0,1786736,3821272,217485,1634548617216,64.81
662.690,1735388,51332,0,1786720,3821272,217528,1634874540032,64.81
662.790,1735388,51196,0,1786584,3821272,217572,1635215036416,64.81
662.890,1735388,51448,0,1786836,3821272,217614,1635522641920,64.81
662.991,1735388,51920,0,1787308,3821272,217658,1635861917696,64.81
663.091,1735388,52200,0,1787588,3821272,217703,1636191731712,64.81
663.192,1735388,52640,0,1788028,3821272,217749,1636537667584,64.81
663.292,1735388,51924,0,1787312,3821272,217793,1636891045888,64.81
663.393,1735388,52060,0,1787448,3821272,217835,1637218177024,64.81
663.493,1735388,52124,0,1787512,3821272,217880,1637561962496,64.81
663.593,1735388,51956,0,1787344,3821272,217927,1637895159808,64.81
663.694,1735388,52480,0,1787868,3821272,217970,1638236958720,65.02
663.794,1735388,52872,0,1788260,3821272,218016,1638584209408,65.02
663.895,1735388,52448,0,1787836,3821272,218060,1638918582272,65.02
663.995,1735388,52720,0,1788108,3821272,218105,1639263608832,65.02
664.096,1735388,53096,0,1788484,3821272,218149,1639598133248,65.02
664.196,1735388,53176,0,1788564,3821272,218195,1639934988288,65.02
664.296,1735388,53112,0,1788500,3821272,218238,1640278880256,65.02
664.397,1735388,52896,0,1788284,3821272,218282,1640613425152,65.02
664.497,1735388,52424,0,1787812,3821272,218328,1640955580416,65.02
664.598,1735388,51516,0,1786904,3821272,218373,1641292525568,65.02
664.698,1735388,51548,0,1786936,3821272,218420,1641631358976,65.02
664.798,1735388,51608,0,1786996,3821272,218466,1641983795200,65.02
664.899,1735388,51992,0,1787380,3821272,218511,1642318405632,65.02
664.999,1735388,52328,0,1787716,3821272,218557,1642671640576,65.02
665.100,1735388,52680,0,1788068,3821272,218601,1643004305408,65.02
665.200,1735388,53044,0,1788432,3821272,218648,1643345084416,65.02
665.300,1735388,53612,0,1789000,3821272,218690,1643674398720,65.02
665.401,1735388,53076,0,1788464,3821272,218737,1644030570496,65.02
665.501,1735388,53584,0,1788972,3821272,218785,1644370923520,65.02
665.602,1735388,53940,0,1789328,3821272,218831,1644706209792,65.74
665.702,1735388,54648,0,1790036,3821272,218879,1645055963136,65.74
665.802,1735388,53924,0,1789312,3821272,218928,1645390880768,65.74
665.903,1735388,45888,0,1781276,3821272,218972,1645728780288,65.74
666.003,1735388,42444,0,1777832,3821272,219020,1646073483264,65.74
666.104,1735388,41196,0,1776584,3821272,219068,1646418878464,65.74
666.204,1735388,38916,0,1774304,3821272,219113,1646766125056,65.74
666.304,1735388,38444,0,1773832,3821272,219162,1647116931072,65.74
666.405,1735388,37972,0,1773360,3821272,219211,1647455571968,65.74
666.505,1735388,37720,0,1773108,3821272,219255,1647792922624,65.74
666.606,1735388,37572,0,1772960,3821272,219301,1648133029888,65.74
666.706,1735388,38072,0,1773460,3821272,219348,1648491012096,65.74
666.806,1735388,39108,0,1774496,3821272,219394,1648820957184,65.74
666.907,1735388,39908,0,1775296,3821272,219442,1649172901888,65.74
667.007,1735388,41260,0,1776648,3821272,219486,1649510060032,65.74
667.108,1735388,41908,0,1777296,3821272,219532,1649836601344,65.74
667.208,1735388,43460,0,1778848,3821272,219578,1650198663168,65.74
667.309,1735388,46804,0,1782192,3821272,219620,1650546958336,65.74
667.409,1735388,47876,0,1783264,3821272,219665,1650885795840,65.74
667.509,1735388,48268,0,1783656,3821272,219710,1651233214464,64.7
667.610,1735388,48760,0,1784148,3821272,219754,1651580522496,64.7
667.710,1735388,49076,0,1784464,3821272,219797,1651911610368,64.7
667.810,1735388,49440,0,1784828,3821272,219841,1652238397440,64.7
667.911,1735388,49500,0,1784888,3821272,219885,1652580634624,64.7
668.011,1735388,49816,0,1785204,3821272,219932,1652926062592,64.7
668.111,1735388,48440,0,1783828,3821272,219977,1653283991552,64.7
668.212,1735388,48516,0,1783904,3821272,220020,1653618851840,64.7
668.312,1735388,48072,0,1783460,3821272,220068,1653969956864,64.7
668.413,1735388,48520,0,1783908,3821272,220112,1654294437888,64.7
668.513,1735388,49040,0,1784428,3821272,220157,1654639869952,64.7
668.613,1735388,49680,0,1785068,3821272,220200,1654983200768,64.7
668.714,1735388,50260,0,1785648,3821272,220243,1655331676160,64.7
668.814,1735388,51532,0,1786920,3821272,220288,1655659487232,64.7
668.914,1735388,51736,0,1787124,3821272,220330,1656004915200,64.7
669.015,1735388,53772,0,1789160,3821272,220377,1656352628736,64.7
669.115,1735388,54552,0,1789940,3821272,220425,1656693714944,64.7
669.216,1735388,54952,0,1790340,3821272,220469,1657053208576,64.7
669.316,1735388,55344,0,1790732,3821272,220512,1657361272832,64.7
669.416,1735388,55656,0,1791044,3821272,220558,1657718882304,64.7
669.517,1735388,55452,0,1790840,3821272,220602,1658074681344,65.12
669.617,1735388,55760,0,1791148,3821272,220647,1658400063488,65.12
669.717,1735388,54292,0,1789680,3821272,220691,1658762137600,65.12
669.818,1735388,53656,0,1789044,3821272,220736,1659109240832,65.12
669.918,1735388,53584,0,1788972,3821272,220779,1659434004480,65.12
670.019,1735388,53416,0,1788804,3821272,220823,1659773108224,65.12
670.119,1735388,53552,0,1788940,3821272,220868,1660126257152,65.12
670.219,1735388,52880,0,1788268,3821272,220912,1660467445760,65.12
670.320,1735388,53512,0,1788900,3821272,220956,1660799623168,65.12
670.420,1735388,52820,0,1788208,3821272,221004,1661143400448,65.12
670.521,1735388,52512,0,1787900,3821272,221046,1661503082496,65.12
670.621,1735388,52764,0,1788152,3821272,221088,1661847793664,65.12
670.721,1735388,53116,0,1788504,3821272,221134,1662184169472,65.12
670.822,1735388,53628,0,1789016,3821272,221176,1662518353920,65.12
670.922,1735388,53824,0,1789212,3821272,221222,1662850523136,65.12
671.022,1735388,54264,0,1789652,3821272,221267,1663201890304,65.12
671.123,1735388,54272,0,1789660,3821272,221312,1663549792256,65.12
671.223,1735388,54364,0,1789752,3821272,221356,1663902040064,65.12
671.324,1735388,55888,0,1791276,3821272,221399,1664214974464,65.12
671.424,1735388,55884,0,1791272,3821272,221445,1664560271360,65.09
671.525,1735388,54796,0,1790184,3821272,221490,1664925122560,65.09
671.625,1735388,54168,0,1789556,3821272,221537,1665269997568,65.09
671.725,1735388,54308,0,1789696,3821272,221581,1665606045696,65.09
671.825,1735388,54692,0,1790080,3821272,221625,1665937858560,65.09
671.926,1735388,54608,0,1789996,3821272,221671,1666283585536,65.09
672.026,1735388,53784,0,1789172,3821272,221714,1666610159616,65.09
672.127,1735388,54072,0,1789460,3821272,221762,1666961342464,65.09
672.227,1735388,54064,0,1789452,3821272,221809,1667324604416,65.09
672.327,1735388,54444,0,1789832,3821272,221854,1667640004608,65.09
672.428,1735388,52576,0,1787964,3821272,221900,1667999383552,65.09
672.528,1735388,51952,0,1787340,3821272,221945,1668346798080,65.09
672.629,1735388,51884,0,1787272,3821272,221989,1668678512640,65.09
672.729,1735388,51588,0,1786976,3821272,222036,1669023977472,65.09
672.829,1735388,51316,0,1786704,3821272,222084,1669377232896,65.09
672.930,1735388,51552,0,1786940,3821272,222131,1669741428736,65.09
673.030,1735388,51688,0,1787076,3821272,222178,1670084751360,65.09
673.131,1735388,51908,0,1787296,3821272,222222,1670440148992,65.09
673.231,1735388,52484,0,1787872,3821272,222267,1670797041664,65.09
673.332,1735388,52484,0,1787872,3821272,222311,1671142064128,66.16
673.432,1735388,52632,0,1788020,3821272,222355,1671495340032,66.16
673.532,1735388,52928,0,1788316,3821272,222400,1671842910208,66.16
673.633,1735388,52164,0,1787552,3821272,222448,1672204263424,66.16
673.733,1735388,51972,0,1787360,3821272,222491,1672540946432,66.16
673.834,1735388,52108,0,1787496,3821272,222537,1672899358720,66.16
673.934,1735388,52300,0,1787688,3821272,222584,1673256419328,66.16
674.035,1735388,52300,0,1787688,3821272,222631,1673621192704,66.16
674.135,1735388,52420,0,1787808,3821272,222675,1673967046656,66.16
674.235,1735388,52592,0,1787980,3821272,222722,1674314117120,66.16
674.336,1735388,52220,0,1787608,3821272,222767,1674667565056,66.16
674.436,1735388,51892,0,1787280,3821272,222814,1675004043264,66.16
674.537,1735388,51892,0,1787280,3821272,222863,1675379851264,66.16
674.637,1735388,52044,0,1787432,3821272,222910,1675727106048,66.16
674.737,1735388,53268,0,1788656,3821272,222954,1676062449664,66.16
674.838,1735388,52872,0,1788260,3821272,223002,1676421214208,66.16
674.939,1735388,53416,0,1788804,3821272,223047,1676767350784,66.16
675.039,1735388,53016,0,1788404,3821272,223093,1677135667200,66.16
675.139,1735388,52824,0,1788212,3821272,223139,1677488398336,66.16
675.240,1735388,53032,0,1788420,3821272,223186,1677843525632,66.13
675.340,1735388,52748,0,1788136,3821272,223233,1678195785728,66.13
675.441,1735388,53192,0,1788580,3821272,223280,1678535884800,66.13
675.541,1735388,54372,0,1789760,3821272,223327,1678890508288,66.13
675.641,1735388,55212,0,1790600,3821272,223374,1679247134720,66.13
675.742,1735388,55384,0,1790772,3821272,223422,1679591645184,66.13
675.842,1735388,55460,0,1790848,3821272,223469,1679930851328,66.13
675.943,1735388,56088,0,1791476,3821272,223518,1680305860608,66.13
676.043,1735392,55500,0,1790892,3821272,223569,1680651116544,66.13
676.143,1736548,55764,0,1792312,3821272,223617,1681000939520,66.13
676.244,1736548,55320,0,1791868,3821272,223664,1681373093888,66.13
676.344,1736548,55336,0,1791884,3821272,223711,1681703346176,66.13
676.444,1736548,55428,0,1791976,3821272,223759,1682070142976,66.13
676.545,1736548,55788,0,1792336,3821272,223806,1682413711360,66.13
676.645,1736548,55596,0,1792144,3821272,223852,1682763792384,66.13
676.746,1736548,56076,0,1792624,3821272,223901,1683116261376,66.13
676.846,1736548,55852,0,1792400,3821272,223950,1683424141312,66.13
676.947,1736548,55136,0,1791684,3821272,223969,1683560321024,66.13
677.047,1736548,54004,0,1790552,3821272,224016,1683949797376,65.56
677.159,1736548,53436,0,1789984,3821272,224041,1684080340992,65.56
677.262,1736548,52536,0,1789084,3821272,224089,1684427239424,65.56
677.362,1736548,51480,0,1788028,3821272,224108,1684598509568,65.56
677.464,1736548,50384,0,1786932,3821272,224138,1684828315648,65.56
677.571,1736548,50608,0,1787156,3821272,224159,1684940529664,65.56
677.671,1736548,50372,0,1786920,3821272,224203,1685277859840,65.56
677.788,1736548,50384,0,1786932,3821272,224222,1685421125632,65.56
677.888,1736548,43556,0,1780104,3821272,224272,1685816143872,65.56
677.989,1736548,40208,0,1776756,3821272,224320,1686167457792,65.56
678.089,1736548,38980,0,1775528,3821272,224366,1686530347008,65.56
678.190,1736548,37460,0,1774008,3821272,224412,1686871834624,65.56
678.290,1736548,36608,0,1773156,3821272,224456,1687200927744,65.56
678.390,1736548,36716,0,1773264,3821272,224508,1687576223744,65.56
678.491,1736548,36812,0,1773360,3821272,224558,1687938433024,65.56
678.591,1736548,36248,0,1772796,3821272,224605,1688277520384,65.56
678.692,1736548,36664,0,1773212,3821272,224651,1688622080000,65.56
678.792,1736548,37200,0,1773748,3821272,224698,1688972595200,65.56
678.892,1736548,37980,0,1774528,3821272,224747,1689323757568,65.56
678.993,1736548,39692,0,1776240,3821272,224792,1689650696192,61.84
679.093,1736548,41096,0,1777644,3821272,224839,1689996169216,61.84
679.194,1736548,41888,0,1778436,3821272,224882,1690340208640,61.84
679.294,1736548,42920,0,1779468,3821272,224928,1690685493248,61.84
679.394,1736548,44476,0,1781024,3821272,224975,1691025690624,61.84
679.495,1736548,45680,0,1782228,3821272,225019,1691356663808,61.84
679.595,1736548,46920,0,1783468,3821272,225061,1691694305280,61.84
679.696,1736548,47132,0,1783680,3821272,225103,1692018716672,61.84
679.796,1736548,47108,0,1783656,3821272,225146,1692369997824,61.84
679.896,1736548,47096,0,1783644,3821272,225190,1692699226112,61.84
679.997,1736548,47404,0,1783952,3821272,225237,1693051195392,61.84
680.097,1736548,48212,0,1784760,3821272,225283,1693390311424,61.84
680.197,1736548,48100,0,1784648,3821272,225327,1693729107968,61.84
680.298,1736548,47780,0,1784328,3821272,225372,1694075682816,61.84
680.398,1736548,47660,0,1784208,3821272,225416,1694405644288,61.84
680.499,1736548,48148,0,1784696,3821272,225461,1694759718912,61.84
680.599,1736548,49224,0,1785772,3821272,225504,1695096000512,61.84
680.699,1736548,49368,0,1785916,3821272,225549,1695424266240,61.84
680.800,1736548,49452,0,1786000,3821272,225594,1695778320384,61.84
680.900,1736548,50148,0,1786696,3821272,225640,1696111177728,62.41
681.000,1736548,51028,0,1787576,3821272,225686,1696456892416,62.41
681.101,1736548,51608,0,1788156,3821272,225729,1696789471232,62.41
681.201,1736548,52044,0,1788592,3821272,225774,1697121849344,62.41
681.302,1736548,52240,0,1788788,3821272,225819,1697474035712,62.41
681.402,1736548,53340,0,1789888,3821272,225864,1697809432576,62.41
681.502,1736548,53564,0,1790112,3821272,225910,1698158936064,62.41
681.603,1736548,54616,0,1791164,3821272,225954,1698488664064,62.41
681.704,1736548,54760,0,1791308,3821272,226000,1698834206720,62.41
681.804,1736548,54608,0,1791156,3821272,226044,1699172130816,62.41
681.904,1736548,55024,0,1791572,3821272,226089,1699521081344,62.41
682.005,1736548,55460,0,1792008,3821272,226133,1699840843776,62.41
682.105,1736548,55620,0,1792168,3821272,226177,1700191989760,62.41
682.206,1736548,55304,0,1791852,3821272,226221,1700542668800,62.41
682.306,1736548,54792,0,1791340,3821272,226265,1700878589952,62.41
682.406,1736548,54088,0,1790636,3821272,226309,1701212102656,62.41
682.507,1736548,54224,0,1790772,3821272,226357,1701552353280,62.41
682.607,1736548,53464,0,1790012,3821272,226400,1701897842688,62.41
682.707,1736548,52584,0,1789132,3821272,226443,1702237536256,62.41
682.808,1736548,52356,0,1788904,3821272,226486,1702563160064,62.41
682.908,1736548,52524,0,1789072,3821272,226532,1702914539520,63.06
683.008,1736548,51580,0,1788128,3821272,226576,1703253127168,63.06
683.109,1736548,51244,0,1787792,3821272,226618,1703585513472,63.06
683.209,1736548,50884,0,1787432,3821272,226664,1703934685184,63.06
683.310,1736548,51140,0,1787688,3821272,226706,1704263385088,63.06
683.410,1736548,50976,0,1787524,3821272,226751,1704615636992,63.06
683.511,1736548,51060,0,1787608,3821272,226797,1704957669376,63.06
683.611,1736548,52316,0,1788864,3821272,226839,1705292664832,63.06
683.712,1736548,51860,0,1788408,3821272,226882,1705633415168,63.06
683.812,1736548,52048,0,1788596,3821272,226927,1705989849088,63.06
683.913,1736548,51400,0,1787948,3821272,226970,1706324377600,63.06
684.013,1736548,52580,0,1789128,3821272,227018,1706661130240,63.06
684.113,1736548,52744,0,1789292,3821272,227063,1707004944384,63.06
684.214,1736552,53088,0,1789640,3821272,227111,1707334397952,63.06
684.314,1736968,52972,0,1789940,3821272,227152,1707669692416,63.06
684.415,1736968,53216,0,1790184,3821272,227198,1708007133184,63.06
684.515,1736968,53600,0,1790568,3821272,227244,1708345106432,63.06
684.616,1736968,53208,0,1790176,3821272,227295,1708703903744,63.06
684.716,1736968,53512,0,1790480,3821272,227337,1709041643520,63.06
684.816,1736968,53920,0,1790888,3821272,227382,1709383950336,63.59
684.917,1736968,53480,0,1790448,3821272,227427,1709732462592,63.59
685.017,1736968,53020,0,1789988,3821272,227470,1710070112256,63.59
685.117,1736968,52792,0,1789760,3821272,227514,1710406463488,63.59
685.218,1736968,55116,0,1792084,3821272,227558,1710721724416,63.59
685.318,1736968,55320,0,1792288,3821272,227604,1711088558080,63.59
685.419,1736968,55196,0,1792164,3821272,227651,1711437459456,63.59
685.519,1736968,55312,0,1792280,3821272,227693,1711759237120,63.59
685.620,1736968,54920,0,1791888,3821272,227738,1712109453312,63.59
685.720,1736968,55372,0,1792340,3821272,227783,1712444379136,63.59
685.820,1736968,55484,0,1792452,3821272,227827,1712786526208,63.59
685.921,1736968,55776,0,1792744,3821272,227873,1713115111424,63.59
686.021,1736968,55840,0,1792808,3821272,227917,1713463373824,63.59
686.122,1736968,55308,0,1792276,3821272,227961,1713803849728,63.59
686.222,1736968,55544,0,1792512,3821272,228007,1714146672640,63.59
686.322,1736968,55436,0,1792404,3821272,228052,1714481201152,63.59
686.423,1736968,55752,0,1792720,3821272,228098,1714824855552,63.59
686.523,1736968,55852,0,1792820,3821272,228140,1715159982080,63.59
686.624,1736968,55720,0,1792688,3821272,228187,1715500834816,63.59
686.724,1736968,55188,0,1792156,3821272,228234,1715848200192,63.59
686.825,1736968,55592,0,1792560,3821272,228278,1716185776128,64.57
686.925,1736968,55712,0,1792680,3821272,228323,1716532572160,64.57
687.025,1736968,56116,0,1793084,3821272,228369,1716857757696,64.57
687.126,1736968,56308,0,1793276,3821272,228417,1717215080448,64.57
687.226,1736968,56500,0,1793468,3821272,228460,1717541580800,64.57
687.326,1736968,55920,0,1792888,3821272,228505,1717881106432,64.57
687.427,1736968,56332,0,1793300,3821272,228553,1718215053312,64.57
687.527,1736968,56856,0,1793824,3821272,228598,1718558904320,64.57
687.628,1737504,57300,0,1794804,3821272,228645,1718906417152,64.57
687.728,1737504,57432,0,1794936,3821272,228689,1719250599936,64.57
687.828,1737504,57552,0,1795056,3821272,228734,1719589924864,64.57
687.929,1737504,57468,0,1794972,3821272,228779,1719936659456,64.57
688.029,1737504,57440,0,1794944,3821272,228823,1720258441216,64.57
688.130,1737504,57808,0,1795312,3821272,228870,1720601591808,64.57
688.230,1737504,58068,0,1795572,3821272,228918,1720945180672,64.57
688.330,1737504,58248,0,1795752,3821272,228963,1721291927552,64.57
688.431,1737504,59548,0,1797052,3821272,229015,1721621303296,64.57
688.531,1737504,59496,0,1797000,3821272,229061,1721960964096,64.57
688.632,1737504,60704,0,1798208,3821272,229106,1722303385600,64.57
688.732,1737504,60792,0,1798296,3821272,229154,1722654949376,64.47
688.832,1737504,60976,0,1798480,3821272,229198,1722977931264,64.47
688.934,1737504,60960,0,1798464,3821272,229242,1723305222144,64.47
689.059,1737504,61216,0,1798720,3821272,229265,1723428687872,64.47
689.159,1737504,60872,0,1798376,3821272,229298,1723650686976,64.47
689.261,1737504,58088,0,1795592,3821272,229321,1723872329728,64.47
689.361,1737504,56048,0,1793552,3821272,229346,1724068798464,64.47
689.480,1737504,56796,0,1794300,3821272,229364,1724144275456,64.47
689.586,1737504,55704,0,1793208,3821272,229412,1724484272128,64.47
689.701,1737504,55908,0,1793412,3821272,229426,1724560769024,64.47
689.802,1737504,53248,0,1790752,3821272,229466,1724901007360,64.47
689.910,1737504,53952,0,1791456,3821272,229492,1725059506176,64.47
690.010,1737504,51488,0,1788992,3821272,229532,1725384777728,64.47
690.110,1737504,44212,0,1781716,3821272,229578,1725710872576,64.47
690.211,1737504,41804,0,1779308,3821272,229624,1726054379520,64.47
690.311,1737504,41144,0,1778648,3821272,229668,1726381416448,64.47
690.412,1737504,40776,0,1778280,3821272,229713,1726723612672,64.47
690.512,1737504,39760,0,1777264,3821272,229756,1727059959808,64.47
690.613,1737504,38080,0,1775584,3821272,229798,1727383384064,64.47
690.713,1737504,38192,0,1775696,3821272,229844,1727717642240,60.76
690.813,1737504,38512,0,1776016,3821272,229889,1728055316480,60.76
690.914,1737504,38264,0,1775768,3821272,229930,1728367738880,60.76
691.014,1737504,39120,0,1776624,3821272,229976,1728720330752,60.76
691.114,1737504,39320,0,1776824,3821272,230020,1729050066944,60.76
691.215,1737504,40972,0,1778476,3821272,230064,1729363402752,60.76
691.315,1737504,42128,0,1779632,3821272,230108,1729700945920,60.76
691.416,1737504,43292,0,1780796,3821272,230154,1730054905856,60.76
691.516,1737504,44956,0,1782460,3821272,230197,1730369875968,60.76
691.617,1737504,46168,0,1783672,3821272,230242,1730708074496,60.76
691.717,1737504,47372,0,1784876,3821272,230285,1731009929216,60.76
691.818,1737504,47928,0,1785432,3821272,230328,1731369922560,60.76
691.918,1737504,48472,0,1785976,3821272,230374,1731709161472,60.76
692.018,1737504,51592,0,1789096,3821272,230420,1732053729280,60.76
692.119,1737504,51948,0,1789452,3821272,230465,1732381962240,60.76
692.219,1737504,51480,0,1788984,3821272,230509,1732701306880,60.76
692.320,1737504,51396,0,1788900,3821272,230556,1733051555840,60.76
692.420,1737504,51096,0,1788600,3821272,230599,1733386174464,60.76
692.521,1737504,50552,0,1788056,3821272,230641,1733712855040,60.76
692.621,1737504,50632,0,1788136,3821272,230684,1734046355456,60.76
692.722,1737504,51156,0,1788660,3821272,230728,1734380339200,61.89
692.822,1737504,52164,0,1789668,3821272,230774,1734708375552,61.89
692.923,1737504,53244,0,1790748,3821272,230819,1735058358272,61.89
693.023,1737504,54380,0,1791884,3821272,230863,1735393476608,61.89
693.124,1737504,55220,0,1792724,3821272,230906,1735734116352,61.89
693.224,1737504,55464,0,1792968,3821272,230950,1736060846080,61.89
693.324,1737504,55624,0,1793128,3821272,230991,1736385830912,61.89
693.425,1737504,55576,0,1793080,3821272,231034,1736719257600,61.89
693.525,1737504,55632,0,1793136,3821272,231083,1737055453184,61.89
693.626,1737504,56068,0,1793572,3821272,231127,1737384529920,61.89
693.726,1737504,55384,0,1792888,3821272,231169,1737726640128,61.89
693.826,1737504,55208,0,1792712,3821272,231212,1738060632064,61.89
693.927,1737504,55740,0,1793244,3821272,231259,1738396950528,61.89
694.027,1737504,55144,0,1792648,3821272,231301,1738734116864,61.89
694.128,1737504,54740,0,1792244,3821272,231345,1739059400704,61.89
694.228,1737504,55084,0,1792588,3821272,231389,1739392405504,61.89
694.329,1737504,54620,0,1792124,3821272,231430,1739712303104,61.89
694.429,1737504,55164,0,1792668,3821272,231475,1740055584768,61.89
694.529,1737504,55000,0,1792504,3821272,231519,1740404973568,61.89
694.630,1737504,55516,0,1793020,3821272,231564,1740705329152,61.89
694.730,1737504,55228,0,1792732,3821272,231610,1741059751936,63.18
694.831,1737504,56028,0,1793532,3821272,231652,1741398294528,63.18
694.931,1737504,56260,0,1793764,3821272,231696,1741711077376,63.18
695.032,1737504,55988,0,1793492,3821272,231739,1742061920256,63.18
695.132,1737504,56004,0,1793508,3821272,231786,1742397890560,63.18
695.233,1737504,56256,0,1793760,3821272,231830,1742733430784,63.18
695.333,1737504,56924,0,1794428,3821272,231876,1743050907648,63.18
695.434,1737504,57564,0,1795068,3821272,231919,1743385055232,63.18
695.534,1737504,58408,0,1795912,3821272,231965,1743710048256,63.18
695.635,1737504,58404,0,1795908,3821272,232012,1744061374464,63.18
695.735,1737504,58104,0,1795608,3821272,232054,1744396226560,63.18
695.836,1737504,58420,0,1795924,3821272,232098,1744724168704,63.18
695.936,1737504,58216,0,1795720,3821272,232141,1745058041856,63.18
696.036,1737504,57984,0,1795488,3821272,232186,1745391448064,63.18
696.137,1737504,57628,0,1795132,3821272,232230,1745728102400,63.18
696.237,1737504,57464,0,1794968,3821272,232273,1746059620352,63.18
696.338,1737504,57904,0,1795408,3821272,232319,1746388082688,63.18
696.438,1737504,58568,0,1796072,3821272,232362,1746714267648,63.18
696.539,1737504,58924,0,1796428,3821272,232407,1747052154880,63.18
696.639,1737504,58352,0,1795856,3821272,232451,1747390771200,63.51
696.739,1737504,57540,0,1795044,3821272,232497,1747735719936,63.51
696.840,1737504,57612,0,1795116,3821272,232544,1748116172800,63.51
696.940,1737504,57292,0,1794796,3821272,232591,1748469784576,63.51
697.040,1737504,57872,0,1795376,3821272,232638,1748820664320,63.51
697.141,1737504,57460,0,1794964,3821272,232688,1749202382848,63.51
697.241,1737504,57852,0,1795356,3821272,232736,1749559713792,63.51
697.342,1737504,57048,0,1794552,3821272,232784,1749930975232,63.51
697.442,1737504,56600,0,1794104,3821272,232830,1750288338944,63.51
697.542,1737504,56684,0,1794188,3821272,232877,1750654046208,63.51
697.643,1737504,56964,0,1794468,3821272,232923,1750995402752,63.51
697.743,1737504,58380,0,1795884,3821272,232972,1751351390208,63.51
697.844,1737504,58264,0,1795768,3821272,233022,1751747784704,63.51
697.944,1737504,58676,0,1796180,3821272,233072,1752112062464,63.51
698.044,1737504,58956,0,1796460,3821272,233120,1752474554368,63.51
698.145,1737504,58992,0,1796496,3821272,233170,1752851103744,63.51
698.245,1737504,59604,0,1797108,3821272,233218,1753206374400,63.51
698.345,1737504,59352,0,1796856,3821272,233268,1753562468352,63.51
698.446,1737504,60016,0,1797520,3821272,233320,1753938329600,63.51
698.546,1737504,59868,0,1797372,3821272,233369,1754294984704,63.96
698.646,1737504,60424,0,1797928,3821272,233417,1754651418624,63.96
698.747,1737504,60540,0,1798044,3821272,233469,1755016126464,63.96
698.847,1737504,61084,0,1798588,3821272,233519,1755384147968,63.96
698.948,1737504,61156,0,1798660,3821272,233568,1755756818432,63.96
699.048,1737504,61644,0,1799148,3821272,233620,1756128219136,63.96
699.149,1737504,62160,0,1799664,3821272,233669,1756484599808,63.96
699.249,1737504,62520,0,1800024,3821272,233719,1756846362624,63.96
699.349,1737504,63020,0,1800524,3821272,233769,1757216321536,63.96
699.450,1737504,62500,0,1800004,3821272,233816,1757560467456,63.96
699.550,1737504,62620,0,1800124,3821272,233867,1757939003392,63.96
699.650,1737504,62688,0,1800192,3821272,233915,1758293352448,63.96
699.751,1737504,63592,0,1801096,3821272,233964,1758655270912,63.96
699.851,1737504,64192,0,1801696,3821272,234015,1759012302848,63.96
699.951,1737504,65376,0,1802880,3821272,234064,1759390371840,63.96
700.052,1737504,66452,0,1803956,3821272,234110,1759741845504,63.96
700.152,1737504,53960,0,1791464,3821272,234161,1760118431744,63.96
700.253,1737504,47988,0,1785492,3821272,234210,1760483397632,63.96
700.353,1737504,46536,0,1784040,3821272,234257,1760841498624,64.69
700.454,1737504,44440,0,1781944,3821272,234307,1761221754880,64.69
700.554,1737504,41932,0,1779436,3821272,234355,1761581199360,64.69
700.654,1737504,39880,0,1777384,3821272,234403,1761947303936,64.69
700.755,1737504,38468,0,1775972,3821272,234455,1762317008896,64.69
700.855,1737504,38788,0,1776292,3821272,234503,1762679701504,64.69
700.956,1737504,39552,0,1777056,3821272,234552,1763017068544,64.69
701.056,1737504,39960,0,1777464,3821272,234600,1763411456000,64.69
701.157,1737504,40836,0,1778340,3821272,234647,1763774431232,64.69
701.257,1737504,42052,0,1779556,3821272,234696,1764134682624,64.69
701.357,1737504,43176,0,1780680,3821272,234742,1764481376256,64.69
701.458,1737504,43788,0,1781292,3821272,234783,1764822732800,64.69
701.558,1737504,44516,0,1782020,3821272,234830,1765160435712,64.69
701.659,1737504,44896,0,1782400,3821272,234876,1765499330560,64.69
701.759,1737504,45268,0,1782772,3821272,234919,1765836439552,64.69
701.859,1737504,45728,0,1783232,3821272,234965,1766190460928,64.69
701.960,1737504,46336,0,1783840,3821272,235010,1766516260864,64.69
702.060,1737504,45312,0,1782816,3821272,235052,1766852644864,64.69
702.161,1737504,45172,0,1782676,3821272,235096,1767199272960,64.02
702.261,1737504,45100,0,1782604,3821272,235142,1767553961984,64.02
702.361,1737504,45828,0,1783332,3821272,235186,1767881920512,64.02
702.462,1737504,45916,0,1783420,3821272,235232,1768227344384,64.02
702.562,1737504,45940,0,1783444,3821272,235278,1768577511424,64.02
702.663,1737504,45768,0,1783272,3821272,235321,1768918003712,64.02
702.763,1737504,46776,0,1784280,3821272,235366,1769248849920,64.02
702.864,1737504,47992,0,1785496,3821272,235410,1769587093504,64.02
702.964,1737504,48824,0,1786328,3821272,235454,1769929228288,64.02
703.064,1737504,49648,0,1787152,3821272,235497,1770280964096,64.02
703.165,1737504,50396,0,1787900,3821272,235540,1770611298304,64.02
703.265,1737504,50912,0,1788416,3821272,235582,1770944053248,64.02
703.365,1737504,51712,0,1789216,3821272,235628,1771293466624,64.02
703.466,1737504,52600,0,1790104,3821272,235672,1771627311104,64.02
703.566,1737504,53348,0,1790852,3821272,235718,1771962470400,64.02
703.667,1737504,54336,0,1791840,3821272,235763,1772310618112,64.02
703.767,1737504,54844,0,1792348,3821272,235808,1772655575040,64.02
703.867,1737504,53940,0,1791444,3821272,235852,1772996706304,64.02
703.968,1737504,53776,0,1791280,3821272,235895,1773329960960,64.02
704.068,1737504,54792,0,1792296,3821272,235940,1773675388928,64.02
704.169,1737504,54304,0,1791808,3821272,235985,1774013599744,64.92
704.269,1737504,54252,0,1791756,3821272,236027,1774334996480,64.92
704.369,1737504,53808,0,1791312,3821272,236071,1774693683200,64.92
704.470,1737504,54232,0,1791736,3821272,236115,1775037132800,64.92
704.570,1737504,54072,0,1791576,3821272,236159,1775379836928,64.92
704.670,1737504,54936,0,1792440,3821272,236205,1775722360832,64.92
704.771,1737504,54868,0,1792372,3821272,236249,1776072765440,64.92
704.871,1737504,54416,0,1791920,3821272,236291,1776390012928,64.92
704.972,1737504,53744,0,1791248,3821272,236335,1776750788608,64.92
705.072,1737504,54328,0,1791832,3821272,236378,1777077772288,64.92
705.173,1737504,54484,0,1791988,3821272,236425,1777419476992,64.92
705.273,1737504,54540,0,1792044,3821272,236470,1777762738176,64.92
705.373,1737504,54592,0,1792096,3821272,236516,1778107740160,64.92
705.474,1737504,54220,0,1791724,3821272,236562,1778441687040,64.92
705.574,1737504,54632,0,1792136,3821272,236607,1778785316864,64.92
705.675,1737504,54184,0,1791688,3821272,236650,1779111673856,64.92
705.775,1737504,54544,0,1792048,3821272,236699,1779465777152,64.92
705.876,1737504,55236,0,1792740,3821272,236744,1779810893824,64.92
705.976,1737504,55496,0,1793000,3821272,236790,1780143521792,64.92
706.076,1737504,56144,0,1793648,3821272,236834,1780498202624,65.48
706.177,1737504,56604,0,1794108,3821272,236879,1780830523392,65.48
706.277,1737504,56300,0,1793804,3821272,236922,1781172535296,65.48
706.377,1737504,56828,0,1794332,3821272,236967,1781513736192,65.48
706.478,1737504,56336,0,1793840,3821272,237012,1781860921344,65.48
706.578,1737504,56328,0,1793832,3821272,237055,1782187016192,65.48
706.678,1737504,57252,0,1794756,3821272,237100,1782512214016,65.48
706.779,1737504,56652,0,1794156,3821272,237146,1782871539712,65.48
706.879,1737504,55712,0,1793216,3821272,237192,1783204159488,65.48
706.980,1737504,55660,0,1793164,3821272,237237,1783533330432,65.48
707.080,1737504,55884,0,1793388,3821272,237284,1783880515584,65.48
707.181,1737504,55908,0,1793412,3821272,237330,1784203952128,65.48
707.281,1737504,55228,0,1792732,3821272,237373,1784567451648,65.48
707.381,1737504,54704,0,1792208,3821272,237419,1784905691136,65.48
707.482,1737504,55612,0,1793116,3821272,237468,1785257750528,65.48
707.582,1737504,56864,0,1794368,3821272,237514,1785583562752,65.48
707.682,1737504,57392,0,1794896,3821272,237557,1785929457664,65.48
707.783,1737504,58900,0,1796404,3821272,237601,1786265042944,65.48
707.883,1737504,59764,0,1797268,3821272,237648,1786623381504,65.48
707.984,1737504,60584,0,1798088,3821272,237694,1786955063296,65.48
708.084,1737504,60900,0,1798404,3821272,237739,1787290595328,65.75
708.184,1737504,61328,0,1798832,3821272,237784,1787632586752,65.75
708.285,1737504,60656,0,1798160,3821272,237831,1787978067968,65.75
708.385,1737504,60448,0,1797952,3821272,237878,1788322889728,65.75
708.486,1737504,59872,0,1797376,3821272,237924,1788672471040,65.75
708.586,1737504,59536,0,1797040,3821272,237969,1788997427200,65.75
708.686,1737504,59964,0,1797468,3821272,238014,1789341515776,65.75
708.787,1737504,58844,0,1796348,3821272,238058,1789677916160,65.75
708.887,1737504,59428,0,1796932,3821272,238103,1790006112256,65.75
708.988,1737504,59692,0,1797196,3821272,238149,1790360473600,65.75
709.088,1737504,59852,0,1797356,3821272,238194,1790703583232,65.75
709.189,1737504,60544,0,1798048,3821272,238243,1791043489792,65.75
709.289,1737504,61304,0,1798808,3821272,238288,1791384940544,65.75
709.390,1737504,62744,0,1800248,3821272,238337,1791701782528,65.75
709.490,1737504,62416,0,1799920,3821272,238381,1792053780480,65.75
709.591,1737504,62736,0,1800240,3821272,238426,1792415522816,65.75
709.691,1737504,63080,0,1800584,3821272,238473,1792737574912,65.75
709.791,1737504,64324,0,1801828,3821272,238522,1793084174336,65.75
709.892,1737504,65232,0,1802736,3821272,238568,1793424482304,65.75
709.992,1737504,66452,0,1803956,3821272,238616,1793765687296,65.98
710.093,1737504,66272,0,1803776,3821272,238663,1794106294272,65.98
710.193,1737504,67156,0,1804660,3821272,238708,1794453733376,65.98
710.294,1737504,60744,0,1798248,3821272,238756,1794784477184,65.98
710.394,1737504,53736,0,1791240,3821272,238803,1795135356928,65.98
710.494,1737504,48760,0,1786264,3821272,238847,1795472195584,65.98
710.595,1737504,46280,0,1783784,3821272,238890,1795810934784,65.98
710.695,1737504,42468,0,1779972,3821272,238936,1796154564608,65.98
710.796,1737504,41796,0,1779300,3821272,238983,1796491452416,65.98
710.896,1737504,40008,0,1777512,3821272,239027,1796814000128,65.98
710.997,1737504,39388,0,1776892,3821272,239075,1797175668736,65.98
711.097,1737504,40332,0,1777836,3821272,239120,1797529190400,65.98
711.197,1737504,42052,0,1779556,3821272,239165,1797854642176,65.98
711.298,1737504,42912,0,1780416,3821272,239209,1798201798656,65.98
711.398,1737504,44032,0,1781536,3821272,239254,1798531170304,65.98
711.499,1737504,44484,0,1781988,3821272,239296,1798879686656,65.98
711.599,1737504,46204,0,1783708,3821272,239343,1799221227520,65.98
711.700,1737504,47188,0,1784692,3821272,239386,1799543611392,65.98
711.800,1737504,48600,0,1786104,3821272,239431,1799901487104,65.98
711.900,1737504,48840,0,1786344,3821272,239474,1800237502464,65.8
712.001,1737504,49324,0,1786828,3821272,239521,1800578834432,65.8
712.101,1737504,49248,0,1786752,3821272,239567,1800921812992,65.8
712.202,1737504,49724,0,1787228,3821272,239611,1801259458560,65.8
712.302,1737504,49876,0,1787380,3821272,239655,1801594322944,65.8
712.402,1737504,49228,0,1786732,3821272,239703,1801955270656,65.8
712.503,1737504,49460,0,1786964,3821272,239745,1802291765248,65.8
712.603,1737504,49176,0,1786680,3821272,239788,1802637619200,65.8
712.704,1737504,49048,0,1786552,3821272,239832,1802964385792,65.8
712.804,1737504,49100,0,1786604,3821272,239877,1803302268928,65.8
712.904,1737504,49076,0,1786580,3821272,239920,1803651391488,65.8
713.005,1737504,51436,0,1788940,3821272,239963,1803973967872,65.8
713.105,1737504,51844,0,1789348,3821272,240007,1804311007232,65.8
713.205,1737504,52444,0,1789948,3821272,240053,1804659113984,65.8
713.306,1737504,53580,0,1791084,3821272,240097,1805000077312,65.8
713.406,1737504,54056,0,1791560,3821272,240143,1805331386368,65.8
713.507,1737504,54340,0,1791844,3821272,240189,1805679308800,65.8
713.607,1737504,54904,0,1792408,3821272,240235,1806027251712,65.8
713.707,1737504,54336,0,1791840,3821272,240277,1806360989696,65.8
713.808,1737504,53760,0,1791264,3821272,240322,1806700658688,65.8
713.908,1737504,54500,0,1792004,3821272,240365,1807042863104,65.11
714.009,1737504,54084,0,1791588,3821272,240410,1807385616384,65.11
714.109,1737504,54084,0,1791588,3821272,240455,1807716241408,65.11
714.210,1737504,53288,0,1790792,3821272,240499,1808055050240,65.11
714.310,1737504,52008,0,1789512,3821272,240544,1808399572992,65.11
714.410,1737504,51384,0,1788888,3821272,240587,1808737783808,65.11
714.511,1737504,51636,0,1789140,3821272,240631,1809077530624,65.11
714.611,1737504,51676,0,1789180,3821272,240677,1809424945152,65.11
714.712,1737504,52288,0,1789792,3821272,240722,1809766371328,65.11
714.812,1737504,51820,0,1789324,3821272,240766,1810102296576,65.11
714.912,1737504,51692,0,1789196,3821272,240810,1810430509056,65.11
715.013,1737504,51836,0,1789340,3821272,240851,1810764644352,65.11
715.113,1737504,52332,0,1789836,3821272,240896,1811112591360,65.11
715.214,1737504,53108,0,1790612,3821272,240942,1811466145792,65.11
715.314,1737504,53584,0,1791088,3821272,240986,1811784151040,65.11
715.414,1737504,55040,0,1792544,3821272,241035,1812136419328,65.11
715.515,1737504,54548,0,1792052,3821272,241080,1812473446400,65.11
715.615,1737504,54088,0,1791592,3821272,241124,1812815462400,65.11
715.716,1737504,54760,0,1792264,3821272,241170,1813151866880,65.11
715.816,1737504,53944,0,1791448,3821272,241213,1813498433536,65.63
715.916,1737504,54040,0,1791544,3821272,241261,1813832368128,65.63
716.017,1737504,54372,0,1791876,3821272,241305,1814173966336,65.63
716.117,1737504,54540,0,1792044,3821272,241347,1814515580928,65.63
716.218,1737504,53960,0,1791464,3821272,241393,1814850908160,65.63
716.318,1737504,53968,0,1791472,3821272,241438,1815195291648,65.63
716.418,1737504,54140,0,1791644,3821272,241482,1815537336320,65.63
716.519,1737504,53524,0,1791028,3821272,241525,1815865765888,65.63
716.619,1737504,53588,0,1791092,3821272,241573,1816214732800,65.63
716.720,1737504,53488,0,1790992,3821272,241617,1816544952320,65.63
716.820,1737504,53700,0,1791204,3821272,241663,1816886530048,65.63
716.920,1737504,54000,0,1791504,3821272,241708,1817222610944,65.63
717.021,1737504,53484,0,1790988,3821272,241755,1817586753536,65.63
717.121,1737504,53584,0,1791088,3821272,241797,1817920512000,65.63
717.221,1737504,54136,0,1791640,3821272,241842,1818237661184,65.63
717.322,1737504,55392,0,1792896,3821272,241887,1818581934080,65.63
717.422,1737504,54468,0,1791972,3821272,241932,1818920005632,65.63
717.523,1737504,54116,0,1791620,3821272,241977,1819272404992,65.63
717.623,1737504,54744,0,1792248,3821272,242022,1819606765568,65.63
717.723,1737504,54816,0,1792320,3821272,242069,1819934150656,65.63
717.824,1737504,55360,0,1792864,3821272,242118,1820292579328,65.52
717.924,1737504,56016,0,1793520,3821272,242162,1820626341888,65.52
718.025,1737504,56556,0,1794060,3821272,242206,1820959113216,65.52
718.125,1737504,57360,0,1794864,3821272,242255,1821304283136,65.52
718.225,1737504,57756,0,1795260,3821272,242303,1821657485312,65.52
718.326,1737504,57564,0,1795068,3821272,242346,1821982535680,65.52
718.426,1737504,57752,0,1795256,3821272,242393,1822321082368,65.52
718.527,1737504,57452,0,1794956,3821272,242439,1822675955712,65.52
718.627,1737504,57300,0,1794804,3821272,242486,1823005655040,65.52
718.728,1737504,56880,0,1794384,3821272,242531,1823342411776,65.52
718.828,1737504,56956,0,1794460,3821272,242577,1823681921024,65.52
718.928,1737504,57020,0,1794524,3821272,242623,1824037085184,65.52
719.029,1737504,57292,0,1794796,3821272,242667,1824372535296,65.52
719.129,1737504,57176,0,1794680,3821272,242714,1824715137024,65.52
719.230,1737504,57596,0,1795100,3821272,242760,1825048109056,65.52
719.330,1737504,58884,0,1796388,3821272,242807,1825381806080,65.52
719.430,1737504,60048,0,1797552,3821272,242852,1825699934208,65.52
719.531,1737504,60612,0,1798116,3821272,242904,1826053861376,65.52
719.631,1737504,61036,0,1798540,3821272,242952,1826389274624,65.52
719.732,1737504,61548,0,1799052,3821272,242999,1826754420736,65.42
719.832,1737504,62364,0,1799868,3821272,243046,1827082145792,65.42
719.932,1737504,62708,0,1800212,3821272,243090,1827419770880,65.42
720.033,1737504,62980,0,1800484,3821272,243136,1827772940288,65.42
720.133,1737504,63712,0,1801216,3821272,243181,1828107247616,65.42
720.233,1737504,63888,0,1801392,3821272,243227,1828427681792,65.42
720.334,1737504,59152,0,1796656,3821272,243281,1828762484736,65.42
720.434,1737504,52004,0,1789508,3821272,243331,1829108977664,65.42
720.535,1737504,47432,0,1784936,3821272,243377,1829446397952,65.42
720.635,1737504,43928,0,1781432,3821272,243424,1829789458432,65.42
720.736,1737504,42816,0,1780320,3821272,243469,1830133317632,65.42
720.836,1737504,41440,0,1778944,3821272,243513,1830451617792,65.42
720.937,1737504,40632,0,1778136,3821272,243555,1830778548224,65.42
721.037,1737504,40196,0,1777700,3821272,243603,1831122874368,65.42
721.138,1737504,39656,0,1777160,3821272,243647,1831436951552,65.42
721.238,1737504,38888,0,1776392,3821272,243692,1831784697856,65.42
721.338,1737504,39468,0,1776972,3821272,243733,1832108875776,65.42
721.439,1737504,40032,0,1777536,3821272,243777,1832440602624,65.42
721.539,1737504,39600,0,1777104,3821272,243818,1832765046784,65.42
721.640,1737504,41732,0,1779236,3821272,243862,1833103015936,65.42
721.740,1737504,42648,0,1780152,3821272,243906,1833434505216,65.35
721.841,1737504,43648,0,1781152,3821272,243948,1833760493568,65.35
721.941,1737504,44920,0,1782424,3821272,243991,1834086465536,65.35
722.042,1737504,45952,0,1783456,3821272,244037,1834424102912,65.35
722.142,1737504,47756,0,1785260,3821272,244082,1834756960256,65.35
722.242,1737504,48612,0,1786116,3821272,244127,1835099635712,65.35
722.343,1737504,48348,0,1785852,3821272,244175,1835429941248,65.35
722.443,1737504,48188,0,1785692,3821272,244217,1835745030144,65.35
722.544,1737504,48448,0,1785952,3821272,244260,1836089511936,65.35
722.644,1737504,49696,0,1787200,3821272,244304,1836406218752,65.35
722.745,1737504,49796,0,1787300,3821272,244346,1836720013312,65.35
722.845,1737504,50148,0,1787652,3821272,244392,1837067718656,65.35
722.945,1737504,51352,0,1788856,3821272,244437,1837410373632,65.35
723.046,1737504,52120,0,1789624,3821272,244480,1837734023168,65.35
723.146,1737504,52820,0,1790324,3821272,244523,1838056316928,65.35
723.247,1737504,53272,0,1790776,3821272,244566,1838381871104,65.35
723.347,1737504,54344,0,1791848,3821272,244611,1838731890688,65.35
723.448,1737504,53876,0,1791380,3821272,244654,1839057088512,65.35
723.548,1737504,55364,0,1792868,3821272,244699,1839400128512,65.35
723.649,1737504,54988,0,1792492,3821272,244741,1839731191808,65.35
723.749,1737504,54696,0,1792200,3821272,244783,1840052613120,65.83
723.849,1737504,54132,0,1791636,3821272,244826,1840394211328,65.83
723.950,1737504,53920,0,1791424,3821272,244869,1840731344896,65.83
724.050,1737504,53228,0,1790732,3821272,244912,1841041784832,65.83
724.151,1737504,53936,0,1791440,3821272,244957,1841386778624,65.83
724.251,1737504,53752,0,1791256,3821272,244999,1841712799744,65.83
724.351,1737504,53904,0,1791408,3821272,245044,1842048974848,65.83
724.452,1737504,54752,0,1792256,3821272,245088,1842378055680,65.83
724.552,1737504,54744,0,1792248,3821272,245132,1842704384000,65.83
724.653,1737504,55172,0,1792676,3821272,245180,1843031269376,65.83
724.753,1737504,54612,0,1792116,3821272,245224,1843367796736,65.83
724.854,1737504,54632,0,1792136,3821272,245266,1843694243840,65.83
724.954,1737504,55072,0,1792576,3821272,245311,1844038696960,65.83
725.054,1737504,55328,0,1792832,3821272,245353,1844354846720,65.83
725.155,1737504,55564,0,1793068,3821272,245400,1844694261760,65.83
725.255,1737504,55048,0,1792552,3821272,245444,1845038497792,65.83
725.356,1737504,55260,0,1792764,3821272,245489,1845372952576,65.83
725.456,1737504,55232,0,1792736,3821272,245529,1845695553536,65.83
725.557,1737504,55360,0,1792864,3821272,245572,1846010609664,65.83
725.657,1737504,55232,0,1792736,3821272,245617,1846351785984,65.83
725.758,1737504,55404,0,1792908,3821272,245660,1846693584896,65.13
725.858,1737504,55388,0,1792892,3821272,245702,1847005716480,65.13
725.959,1737504,55256,0,1792760,3821272,245745,1847342280704,65.13
726.059,1737504,55372,0,1792876,3821272,245786,1847674699776,65.13
726.159,1737504,55060,0,1792564,3821272,245830,1848012713984,65.13
726.260,1737504,55224,0,1792728,3821272,245872,1848333971456,65.13
726.360,1737504,55372,0,1792876,3821272,245916,1848656642048,65.13
726.461,1737504,54872,0,1792376,3821272,245960,1848996884480,65.13
726.562,1737504,55752,0,1793256,3821272,246005,1849333116928,65.13
726.662,1737504,56160,0,1793664,3821272,246050,1849663479808,65.13
726.763,1737504,56836,0,1794340,3821272,246095,1850005356544,65.13
726.863,1737504,57928,0,1795432,3821272,246138,1850331369472,65.13
726.963,1737504,58280,0,1795784,3821272,246182,1850650267648,65.13
727.064,1737504,58376,0,1795880,3821272,246225,1850976989184,65.13
727.164,1737504,58068,0,1795572,3821272,246271,1851311443968,65.13
727.265,1737504,58160,0,1795664,3821272,246316,1851653791744,65.13
727.365,1737504,57832,0,1795336,3821272,246359,1851975380992,65.13
727.466,1737504,58192,0,1795696,3821272,246402,1852310499328,65.13
727.566,1737504,57624,0,1795128,3821272,246448,1852638674944,65.13
727.666,1737504,57276,0,1794780,3821272,246494,1852994781184,65.13
727.767,1737504,57212,0,1794716,3821272,246538,1853324877824,65.29
727.867,1737504,57684,0,1795188,3821272,246584,1853662044160,65.29
727.968,1737504,58400,0,1795904,3821272,246630,1854007525376,65.29
728.068,1737504,58780,0,1796284,3821272,246676,1854330507264,65.29
728.169,1737504,59300,0,1796804,3821272,246719,1854681255936,65.29
728.269,1737504,59520,0,1797024,3821272,246766,1855019896832,65.29
728.369,1737504,59712,0,1797216,3821272,246812,1855367286784,65.29
728.470,1737504,59416,0,1796920,3821272,246855,1855705350144,65.29
728.570,1737504,60496,0,1798000,3821272,246901,1856051748864,65.29
728.670,1737504,60152,0,1797656,3821272,246943,1856385175552,65.29
728.771,1737504,59136,0,1796640,3821272,246990,1856724307968,65.29
728.871,1737504,58736,0,1796240,3821272,247031,1857059074048,65.29
728.972,1737504,58288,0,1795792,3821272,247079,1857405714432,65.29
729.072,1737504,58028,0,1795532,3821272,247122,1857736073216,65.29
729.172,1737504,59512,0,1797016,3821272,247170,1858089619456,65.29
729.273,1737504,59564,0,1797068,3821272,247215,1858431049728,65.29
729.373,1737504,60592,0,1798096,3821272,247259,1858766921728,65.29
729.473,1737504,61308,0,1798812,3821272,247307,1859112124416,65.29
729.574,1737504,61896,0,1799400,3821272,247352,1859433189376,65.29
729.674,1737504,62388,0,1799892,3821272,247402,1859796033536,65.23
729.775,1737504,63060,0,1800564,3821272,247448,1860127207424,65.23
729.875,1737508,64592,0,1802100,3821272,247498,1860470210560,65.23
729.976,1737508,65180,0,1802688,3821272,247542,1860801077248,65.23
730.076,1737508,64936,0,1802444,3821272,247583,1861145567232,65.23
730.177,1737508,65472,0,1802980,3821272,247627,1861462552576,65.23
730.277,1737508,66560,0,1804068,3821272,247674,1861818695680,65.23
730.377,1737508,67308,0,1804816,3821272,247723,1862161920000,65.23
730.478,1737508,67936,0,1805444,3821272,247765,1862497251328,65.23
730.578,1737508,68316,0,1805824,3821272,247811,1862822187008,65.23
730.679,1737508,67332,0,1804840,3821272,247855,1863173541888,65.23
730.779,1737508,67520,0,1805028,3821272,247905,1863503081472,65.23
730.880,1737508,67960,0,1805468,3821272,247956,1863873486848,65.23
730.980,1737508,68664,0,1806172,3821272,248003,1864212402176,65.23
731.080,1737508,68548,0,1806056,3821272,248050,1864536793088,65.23
731.183,1737508,66996,0,1804504,3821272,248077,1864685654016,65.23
731.284,1737508,67276,0,1804784,3821272,248114,1864950091776,65.23
731.384,1737508,62340,0,1799848,3821272,248127,1865096400896,65.23
731.485,1737508,62752,0,1800260,3821272,248150,1865198366720,65.23
731.586,1737508,60628,0,1798136,3821272,248196,1865547423744,63.2
731.697,1737508,60496,0,1798004,3821272,248211,1865625128960,63.2
731.798,1737508,58472,0,1795980,3821272,248256,1865988653056,63.2
731.898,1737508,57636,0,1795144,3821272,248271,1866076880896,63.2
732.021,1737508,58384,0,1795892,3821272,248291,1866209255424,63.2
732.122,1737508,56296,0,1793804,3821272,248335,1866537803776,63.2
732.223,1737508,51840,0,1789348,3821272,248361,1866786095104,63.2
732.324,1737508,52524,0,1790032,3821272,248400,1867010289664,63.2
732.425,1737508,44820,0,1782328,3821272,248440,1867379994624,63.2
732.526,1737508,42068,0,1779576,3821272,248487,1867739205632,63.2
732.626,1737508,40788,0,1778296,3821272,248536,1868077797376,63.2
732.727,1737508,39788,0,1777296,3821272,248580,1868417421312,63.2
732.827,1737508,39920,0,1777428,3821272,248627,1868771733504,63.2
732.927,1737508,39212,0,1776720,3821272,248671,1869099954176,63.2
733.028,1737508,38780,0,1776288,3821272,248716,1869446504448,63.2
733.128,1737508,38272,0,1775780,3821272,248759,1869788758016,63.2
733.229,1737508,39192,0,1776700,3821272,248807,1870127906816,63.2
733.329,1737508,38580,0,1776088,3821272,248851,1870463225856,63.2
733.429,1737508,39136,0,1776644,3821272,248897,1870804975616,63.2
733.530,1737508,40328,0,1777836,3821272,248940,1871134384128,60.99
733.630,1737508,41380,0,1778888,3821272,248985,1871478398976,60.99
733.731,1737508,41860,0,1779368,3821272,249027,1871809736704,60.99
733.831,1737508,42908,0,1780416,3821272,249075,1872169902080,60.99
733.931,1737508,44160,0,1781668,3821272,249119,1872524824576,60.99
734.032,1737508,45144,0,1782652,3821272,249162,1872843923456,60.99
734.132,1737508,46516,0,1784024,3821272,249206,1873185144832,60.99
734.233,1737508,48132,0,1785640,3821272,249252,1873522454528,60.99
734.333,1737508,48776,0,1786284,3821272,249300,1873880780800,60.99
734.433,1737508,48772,0,1786280,3821272,249344,1874218483712,60.99
734.534,1737508,48576,0,1786084,3821272,249389,1874562031616,60.99
734.634,1737508,49344,0,1786852,3821272,249435,1874892759040,60.99
734.735,1737508,48376,0,1785884,3821272,249480,1875228741632,60.99
734.835,1737508,48424,0,1785932,3821272,249522,1875583131648,60.99
734.935,1737508,48680,0,1786188,3821272,249566,1875914928128,60.99
735.036,1737508,49344,0,1786852,3821272,249612,1876255305728,60.99
735.136,1737508,50248,0,1787756,3821272,249656,1876589592576,60.99
735.237,1737508,50756,0,1788264,3821272,249700,1876940390400,60.99
735.337,1737508,51828,0,1789336,3821272,249743,1877277671424,60.99
735.437,1737508,52384,0,1789892,3821272,249787,1877617885184,60.99
735.538,1737508,53376,0,1790884,3821272,249832,1877979213824,61.17
735.638,1737508,53972,0,1791480,3821272,249874,1878311108608,61.17
735.738,1737508,54424,0,1791932,3821272,249919,1878631825408,61.17
735.839,1737508,55908,0,1793416,3821272,249963,1878975180800,61.17
735.939,1737508,55988,0,1793496,3821272,250009,1879326560256,61.17
736.040,1737508,55348,0,1792856,3821272,250056,1879661240320,61.17
736.140,1737508,56120,0,1793628,3821272,250099,1880011784192,61.17
736.240,1737508,55536,0,1793044,3821272,250142,1880338698240,61.17
736.341,1737508,55400,0,1792908,3821272,250188,1880674336768,61.17
736.441,1737508,55244,0,1792752,3821272,250233,1881019412480,61.17
736.542,1737508,54836,0,1792344,3821272,250279,1881380036608,61.17
736.642,1737508,54504,0,1792012,3821272,250323,1881699868672,61.17
736.742,1737508,54552,0,1792060,3821272,250369,1882045345792,61.17
736.843,1737508,53996,0,1791504,3821272,250416,1882386726912,61.17
736.943,1737508,55208,0,1792716,3821272,250465,1882748661760,61.17
737.044,1737508,55052,0,1792560,3821272,250512,1883113758720,61.17
737.144,1737508,53568,0,1791076,3821272,250561,1883477979136,61.17
737.244,1737508,53412,0,1790920,3821272,250607,1883822481408,61.17
737.345,1737508,53524,0,1791032,3821272,250651,1884168679424,61.17
737.445,1737508,53676,0,1791184,3821272,250702,1884546842624,62.04
737.545,1737508,52560,0,1790068,3821272,250749,1884913991680,62.04
737.646,1737508,52344,0,1789852,3821272,250794,1885264605184,62.04
737.746,1737508,52556,0,1790064,3821272,250840,1885623816192,62.04
737.846,1737508,52108,0,1789616,3821272,250889,1885995626496,62.04
737.947,1737508,52760,0,1790268,3821272,250935,1886335668224,62.04
738.047,1737508,53328,0,1790836,3821272,250984,1886702084096,62.04
738.147,1737508,53340,0,1790848,3821272,251031,1887060893696,62.04
738.248,1737508,53888,0,1791396,3821272,251078,1887405719552,62.04
738.348,1737508,54592,0,1792100,3821272,251127,1887774236672,62.04
738.449,1737508,54332,0,1791840,3821272,251173,1888125636608,62.04
738.549,1737508,53948,0,1791456,3821272,251222,1888500150272,62.04
738.650,1737508,54004,0,1791512,3821272,251271,1888860184576,62.04
738.750,1737508,54576,0,1792084,3821272,251315,1889202905088,62.04
738.850,1737508,55388,0,1792896,3821272,251362,1889568026624,62.04
738.951,1737508,55040,0,1792548,3821272,251410,1889924358144,62.04
739.051,1737508,54876,0,1792384,3821272,251457,1890261053440,62.04
739.151,1737508,54592,0,1792100,3821272,251505,1890628259840,62.04
739.252,1737508,54412,0,1791920,3821272,251553,1890980249600,63.67
739.352,1737508,53916,0,1791424,3821272,251601,1891356545024,63.67
739.452,1737508,53692,0,1791200,3821272,251649,1891709698048,63.67
739.553,1737508,53380,0,1790888,3821272,251700,1892074328064,63.67
739.653,1737508,53468,0,1790976,3821272,251747,1892441518080,63.67
739.754,1737508,53492,0,1791000,3821272,251796,1892810330112,63.67
739.854,1737508,53240,0,1790748,3821272,251843,1893164003328,63.67
739.955,1737508,53168,0,1790676,3821272,251890,1893519769600,63.67
740.055,1737508,52648,0,1790156,3821272,251938,1893873373184,63.67
740.155,1737508,53096,0,1790604,3821272,251985,1894214832128,63.67
740.256,1737508,53276,0,1790784,3821272,252035,1894599282688,63.67
740.356,1737508,53080,0,1790588,3821272,252083,1894945849344,63.67
740.456,1737508,53656,0,1791164,3821272,252132,1895310012416,63.67
740.557,1737508,53352,0,1790860,3821272,252181,1895670034432,63.67
740.657,1737508,53768,0,1791276,3821272,252228,1896021012480,63.67
740.757,1737508,53768,0,1791276,3821272,252275,1896395464704,63.67
740.858,1737508,54300,0,1791808,3821272,252326,1896738267136,63.67
740.958,1737508,54972,0,1792480,3821272,252377,1897102381056,63.67
741.059,1737508,53980,0,1791488,3821272,252424,1897463971840,63.67
741.159,1737508,54308,0,1791816,3821272,252474,1897831731200,64.09
741.259,1737508,54040,0,1791548,3821272,252520,1898162335744,64.09
741.360,1737508,53680,0,1791188,3821272,252565,1898496282624,64.09
741.460,1737508,53724,0,1791232,3821272,252611,1898834014208,64.09
741.561,1737508,54852,0,1792360,3821272,252661,1899182968832,64.09
741.661,1737508,54856,0,1792364,3821272,252708,1899534573568,64.09
741.761,1737508,55708,0,1793216,3821272,252755,1899870461952,64.09
741.862,1737508,55980,0,1793488,3821272,252798,1900205436928,64.09
741.962,1737508,56828,0,1794336,3821272,252841,1900536360960,64.09
742.062,1737508,57320,0,1794828,3821272,252886,1900876578816,64.09
742.163,1737508,57744,0,1795252,3821272,252930,1901201920000,64.09
742.263,1737508,58532,0,1796040,3821272,252979,1901574336512,64.09
742.364,1737508,59100,0,1796608,3821272,253025,1901899059200,64.09
742.464,1737508,55872,0,1793380,3821272,253071,1902250958848,64.09
742.565,1737508,47516,0,1785024,3821272,253118,1902581686272,64.09
742.665,1737508,44588,0,1782096,3821272,253167,1902932168704,64.09
742.766,1737508,43404,0,1780912,3821272,253211,1903260946432,64.09
742.866,1737508,42852,0,1780360,3821272,253257,1903601803264,64.09
742.966,1737508,42184,0,1779692,3821272,253304,1903940435968,64.09
743.067,1737508,40528,0,1778036,3821272,253349,1904286519296,64.07
743.167,1737508,40508,0,1778016,3821272,253394,1904600211456,64.07
743.268,1737508,40832,0,1778340,3821272,253437,1904952844288,64.07
743.368,1737508,40148,0,1777656,3821272,253482,1905303216128,64.07
743.468,1737508,40104,0,1777612,3821272,253527,1905644556288,64.07
743.569,1737508,39752,0,1777260,3821272,253572,1905979842560,64.07
743.669,1737508,40736,0,1778244,3821272,253617,1906332246016,64.07
743.769,1737508,41812,0,1779320,3821272,253660,1906658582528,64.07
743.870,1737508,42692,0,1780200,3821272,253707,1906995691520,64.07
743.970,1737508,43336,0,1780844,3821272,253751,1907344547840,64.07
744.071,1737508,43908,0,1781416,3821272,253798,1907692208128,64.07
744.171,1737508,45008,0,1782516,3821272,253842,1908026875904,64.07
744.271,1737508,45240,0,1782748,3821272,253885,1908352344064,64.07
744.372,1737508,46720,0,1784228,3821272,253931,1908694482944,64.07
744.472,1737508,47056,0,1784564,3821272,253975,1909041451008,64.07
744.572,1737508,47472,0,1784980,3821272,254017,1909381636096,64.07
744.673,1737508,47520,0,1785028,3821272,254059,1909717553152,64.07
744.773,1737508,47180,0,1784688,3821272,254103,1910060613632,64.07
744.874,1737508,47944,0,1785452,3821272,254149,1910392528896,64.07
744.974,1737508,47240,0,1784748,3821272,254193,1910739910656,64.24
745.075,1737508,48028,0,1785536,3821272,254237,1911084056576,64.24
745.175,1737508,48560,0,1786068,3821272,254281,1911417278464,64.24
745.275,1737508,50104,0,1787612,3821272,254324,1911744872448,64.24
745.376,1737508,50748,0,1788256,3821272,254371,1912099577856,64.24
745.476,1737508,52532,0,1790040,3821272,254415,1912437665792,64.24
745.577,1737508,53064,0,1790572,3821272,254458,1912769196032,64.24
745.677,1737508,53840,0,1791348,3821272,254507,1913121271808,64.24
745.777,1737508,53996,0,1791504,3821272,254550,1913451700224,64.24
745.878,1737508,53572,0,1791080,3821272,254595,1913798901760,64.24
745.978,1737508,54148,0,1791656,3821272,254641,1914135445504,64.24
746.079,1737508,54452,0,1791960,3821272,254686,1914471796736,64.24
746.179,1737508,53424,0,1790932,3821272,254731,1914817576960,64.24
746.280,1737508,53444,0,1790952,3821272,254778,1915155808256,64.24
746.380,1737508,53580,0,1791088,3821272,254821,1915487301632,64.24
746.480,1737508,53072,0,1790580,3821272,254869,1915847655424,64.24
746.581,1737508,52536,0,1790044,3821272,254912,1916182609920,64.24
746.681,1737508,53068,0,1790576,3821272,254956,1916510810112,64.24
746.782,1737508,53588,0,1791096,3821272,255003,1916860796928,64.24
746.882,1737508,53668,0,1791176,3821272,255047,1917203324928,64.24
746.982,1737508,53860,0,1791368,3821272,255091,1917539012608,64.01
747.083,1737508,53600,0,1791108,3821272,255136,1917868920832,64.01
747.183,1737508,53520,0,1791028,3821272,255180,1918215294976,64.01
747.284,1737508,53456,0,1790964,3821272,255227,1918568964096,64.01
747.384,1737508,53508,0,1791016,3821272,255272,1918896594944,64.01
747.484,1737508,53252,0,1790760,3821272,255317,1919239049216,64.01
747.585,1737508,52792,0,1790300,3821272,255362,1919588163584,64.01
747.685,1737508,53580,0,1791088,3821272,255408,1919915773952,64.01
747.786,1737508,53880,0,1791388,3821272,255453,1920262434816,64.01
747.886,1737508,53736,0,1791244,3821272,255500,1920604950528,64.01
747.986,1737508,53404,0,1790912,3821272,255543,1920937971712,64.01
748.087,1737508,53952,0,1791460,3821272,255587,1921277403136,64.01
748.187,1737508,53348,0,1790856,3821272,255633,1921608482816,64.01
748.288,1737508,53680,0,1791188,3821272,255679,1921962172416,64.01
748.388,1737508,54164,0,1791672,3821272,255729,1922302590976,64.01
748.488,1737508,54272,0,1791780,3821272,255771,1922626850816,64.01
748.589,1737508,54580,0,1792088,3821272,255817,1922983256064,64.01
748.689,1737508,54324,0,1791832,3821272,255861,1923313811456,64.01
748.789,1737508,54528,0,1792036,3821272,255907,1923665371136,64.01
748.890,1737508,54484,0,1791992,3821272,255952,1923989176320,64.73
748.990,1737508,54656,0,1792164,3821272,255996,1924324036608,64.73
749.091,1737508,54904,0,1792412,3821272,256043,1924671303680,64.73
749.191,1737508,55620,0,1793128,3821272,256089,1924999274496,64.73
749.292,1737508,55032,0,1792540,3821272,256134,1925347794944,64.73
749.392,1737508,56008,0,1793516,3821272,256178,1925687738368,64.73
749.492,1737508,55264,0,1792772,3821272,256224,1926025228288,64.73
749.593,1737508,54648,0,1792156,3821272,256269,1926366351360,64.73
749.693,1737508,54580,0,1792088,3821272,256316,1926695956480,64.73
749.793,1737508,53916,0,1791424,3821272,256361,1927054700544,64.73
749.894,1737508,54312,0,1791820,3821272,256407,1927397896192,64.73
749.994,1737508,55116,0,1792624,3821272,256452,1927737139200,64.73
750.095,1737508,54988,0,1792496,3821272,256498,1928085139456,64.73
750.195,1737508,55312,0,1792820,3821272,256541,1928408576000,64.73
750.296,1737508,55532,0,1793040,3821272,256589,1928757796864,64.73
750.396,1737508,56172,0,1793680,3821272,256635,1929081741312,64.73
750.496,1737508,56892,0,1794400,3821272,256683,1929436356608,64.73
750.597,1737508,56624,0,1794132,3821272,256727,1929775136768,64.73
750.697,1737508,58708,0,1796216,3821272,256773,1930121666560,64.73
750.797,1737508,58596,0,1796104,3821272,256823,1930461339648,64.73
750.898,1737508,58492,0,1796000,3821272,256866,1930784493568,64.96
750.998,1737508,57952,0,1795460,3821272,256914,1931132731392,64.96
751.098,1737508,57892,0,1795400,3821272,256960,1931468566528,64.96
751.199,1737508,58172,0,1795680,3821272,257007,1931812851712,64.96
751.299,1737508,58556,0,1796064,3821272,257053,1932136869888,64.96
751.400,1737508,59968,0,1797476,3821272,257100,1932476968960,64.96
751.500,1737508,59956,0,1797464,3821272,257145,1932815794176,64.96
751.600,1737508,60744,0,1798252,3821272,257195,1933170376704,64.96
751.701,1737508,62036,0,1799544,3821272,257243,1933500477440,64.96
751.801,1737508,62580,0,1800088,3821272,257290,1933840728064,64.96
751.902,1737508,63720,0,1801228,3821272,257338,1934166933504,64.96
752.005,1737508,63968,0,1801476,3821272,257388,1934492364800,64.96
752.120,1737508,64472,0,1801980,3821272,257403,1934583521280,64.96
752.220,1737508,63356,0,1800864,3821272,257448,1934919483392,64.96
752.343,1737508,63224,0,1800732,3821272,257464,1935036194816,64.96
752.443,1737508,62332,0,1799840,3821272,257513,1935423336448,64.96
752.543,1737508,54472,0,1791980,3821272,257562,1935759228928,64.96
752.644,1737508,48004,0,1785512,3821272,257610,1936093171712,64.96
752.744,1737508,46396,0,1783904,3821272,257653,1936439869440,64.96
752.845,1737508,43864,0,1781372,3821272,257698,1936760971264,64.06
752.945,1737508,42428,0,1779936,3821272,257748,1937098997760,64.06
753.046,1737508,40172,0,1777680,3821272,257791,1937435557888,64.06
753.146,1737508,39040,0,1776548,3821272,257836,1937786077184,64.06
753.247,1737508,38468,0,1775976,3821272,257879,1938118909952,64.06
753.347,1737508,37800,0,1775308,3821272,257928,1938449580032,64.06
753.448,1737508,38908,0,1776416,3821272,257973,1938796888064,64.06
753.548,1737508,39632,0,1777140,3821272,258017,1939121086464,64.06
753.648,1737508,40220,0,1777728,3821272,258061,1939454308352,64.06
753.749,1737508,42132,0,1779640,3821272,258109,1939796766720,64.06
753.849,1737508,43344,0,1780852,3821272,258152,1940132835328,64.06
753.950,1737508,44876,0,1782384,3821272,258196,1940458864640,64.06
754.050,1737508,45156,0,1782664,3821272,258240,1940801937408,64.06
754.151,1737508,46100,0,1783608,3821272,258283,1941138509824,64.06
754.251,1737508,48128,0,1785636,3821272,258327,1941468315648,64.06
754.351,1737508,49324,0,1786832,3821272,258371,1941795713024,64.06
754.452,1737508,49856,0,1787364,3821272,258417,1942142545920,64.06
754.552,1737508,50848,0,1788356,3821272,258462,1942468202496,64.06
754.653,1737508,50016,0,1787524,3821272,258508,1942798995456,64.06
754.753,1737508,50912,0,1788420,3821272,258552,1943140704256,63.51
754.854,1737508,50532,0,1788040,3821272,258595,1943466176512,63.51
754.954,1737508,50936,0,1788444,3821272,258640,1943803596800,63.51
755.055,1737508,50912,0,1788420,3821272,258684,1944144044032,63.51
755.155,1737508,50904,0,1788412,3821272,258731,1944468504576,63.51
755.255,1737508,51236,0,1788744,3821272,258775,1944810143744,63.51
755.356,1737508,53080,0,1790588,3821272,258818,1945145692160,63.51
755.456,1737508,54820,0,1792328,3821272,258864,1945472839680,63.51
755.557,1737508,55872,0,1793380,3821272,258908,1945814667264,63.51
755.657,1737508,55800,0,1793308,3821272,258952,1946151194624,63.51
755.757,1737508,55656,0,1793164,3821272,258999,1946501079040,63.51
755.858,1737508,55324,0,1792832,3821272,259044,1946824069120,63.51
755.958,1737508,55940,0,1793448,3821272,259088,1947151745024,63.51
756.059,1737508,56340,0,1793848,3821272,259134,1947498762240,63.51
756.159,1737508,56404,0,1793912,3821272,259177,1947824029696,63.51
756.259,1737508,54944,0,1792452,3821272,259220,1948159799296,63.51
756.360,1737508,54680,0,1792188,3821272,259263,1948486766592,63.51
756.460,1737508,55152,0,1792660,3821272,259310,1948837154816,63.51
756.561,1737508,55104,0,1792612,3821272,259352,1949160296448,63.51
756.661,1737508,56296,0,1793804,3821272,259395,1949490135040,63.51
756.761,1737508,56668,0,1794176,3821272,259441,1949833474048,64.5
756.862,1737508,57032,0,1794540,3821272,259485,1950161305600,64.5
756.962,1737508,57260,0,1794768,3821272,259528,1950486900736,64.5
757.063,1737508,57228,0,1794736,3821272,259576,1950820515840,64.5
757.163,1737508,56632,0,1794140,3821272,259625,1951180324864,64.5
757.264,1737508,56924,0,1794432,3821272,259671,1951514570752,64.5
757.364,1737508,56796,0,1794304,3821272,259712,1951813435392,64.5
757.465,1737508,56692,0,1794200,3821272,259755,1952170631168,64.5
757.565,1737508,56812,0,1794320,3821272,259799,1952493965312,64.5
757.665,1737508,57312,0,1794820,3821272,259845,1952844652544,64.5
757.766,1737508,56816,0,1794324,3821272,259890,1953176809472,64.5
757.866,1737508,57000,0,1794508,3821272,259934,1953503928320,64.5
757.967,1737508,57380,0,1794888,3821272,259977,1953834860544,64.5
758.067,1737508,57476,0,1794984,3821272,260020,1954180329472,64.5
758.167,1737508,57252,0,1794760,3821272,260069,1954518462464,64.5
758.268,1737508,55820,0,1793328,3821272,260112,1954852556800,64.5
758.368,1737508,56372,0,1793880,3821272,260155,1955167674368,64.5
758.469,1737508,57064,0,1794572,3821272,260200,1955510849536,64.5
758.569,1737508,55920,0,1793428,3821272,260246,1955845742592,64.5
758.669,1737508,55696,0,1793204,3821272,260289,1956179636224,64.5
758.770,1737508,55968,0,1793476,3821272,260334,1956527251456,64.41
758.870,1737508,56156,0,1793664,3821272,260379,1956858585088,64.41
758.971,1737508,56108,0,1793616,3821272,260423,1957176655872,64.41
759.071,1737508,56720,0,1794228,3821272,260468,1957504860160,64.41
759.171,1737508,56656,0,1794164,3821272,260515,1957852430336,64.41
759.272,1737508,56880,0,1794388,3821272,260560,1958190166016,64.41
759.372,1737508,57248,0,1794756,3821272,260604,1958530469888,64.41
759.473,1737508,57260,0,1794768,3821272,260651,1958872846336,64.41
759.573,1737508,57552,0,1795060,3821272,260697,1959220793344,64.41
759.674,1737508,57648,0,1795156,3821272,260743,1959540363264,64.41
759.774,1737508,57448,0,1794956,3821272,260790,1959894810624,64.41
759.874,1737508,57832,0,1795340,3821272,260835,1960238391296,64.41
759.975,1737508,57356,0,1794864,3821272,260880,1960572596224,64.41
760.075,1737508,57724,0,1795232,3821272,260926,1960893562880,64.41
760.176,1737508,58360,0,1795868,3821272,260973,1961253613568,64.41
760.276,1737508,58704,0,1796212,3821272,261023,1961592733696,64.41
760.376,1737508,58072,0,1795580,3821272,261070,1961941422080,64.41
760.477,1737508,58672,0,1796180,3821272,261115,1962273046528,64.41
760.577,1737508,58100,0,1795608,3821272,261158,1962593501184,64.41
760.678,1737508,57924,0,1795432,3821272,261206,1962952040448,65.42
760.778,1737508,58544,0,1796052,3821272,261254,1963297300480,65.42
760.878,1737508,58552,0,1796060,3821272,261302,1963640213504,65.42
760.979,1737508,58812,0,1796320,3821272,261347,1963973480448,65.42
761.079,1737508,58876,0,1796384,3821272,261394,1964327837696,65.42
761.179,1737508,59560,0,1797068,3821272,261441,1964665606144,65.42
761.280,1737508,59616,0,1797124,3821272,261487,1964999389184,65.42
761.380,1737508,59924,0,1797432,3821272,261533,1965361266688,65.42
761.481,1737508,60172,0,1797680,3821272,261580,1965702389760,65.42
761.581,1737508,59816,0,1797324,3821272,261623,1966030348288,65.42
761.681,1737508,60072,0,1797580,3821272,261672,1966393495552,65.42
761.782,1737508,60968,0,1798476,3821272,261718,1966725431296,65.42
761.882,1737508,61500,0,1799008,3821272,261764,1967040266240,65.42
761.983,1737508,63212,0,1800720,3821272,261814,1967410696192,65.42
762.083,1737508,63248,0,1800756,3821272,261860,1967752622080,65.42
762.183,1737508,64212,0,1801720,3821272,261905,1968072368128,65.42
762.287,1737508,64216,0,1801724,3821272,261948,1968306106368,65.42
762.387,1737508,62992,0,1800500,3821272,261975,1968508182528,65.42
762.523,1737508,61168,0,1798676,3821272,262011,1968733167616,65.42
762.623,1737508,50296,0,1787804,3821272,262048,1969038761984,63.53
762.723,1737508,45204,0,1782712,3821272,262096,1969371860992,63.53
762.824,1737508,43348,0,1780856,3821272,262141,1969715257344,63.53
762.924,1737508,42648,0,1780156,3821272,262186,1970055811072,63.53
763.025,1737508,41744,0,1779252,3821272,262235,1970394607616,63.53
763.125,1737508,40224,0,1777732,3821272,262280,1970730536960,63.53
763.225,1737508,39948,0,1777456,3821272,262326,1971067183104,63.53
763.326,1737508,40036,0,1777544,3821272,262370,1971400323072,63.53
763.426,1737508,39456,0,1776964,3821272,262417,1971765284864,63.53
763.527,1737508,39196,0,1776704,3821272,262462,1972099817472,63.53
763.627,1737508,39964,0,1777472,3821272,262508,1972429578240,63.53
763.728,1737508,40248,0,1777756,3821272,262553,1972767117312,63.53
763.828,1737508,41008,0,1778516,3821272,262600,1973109465088,63.53
763.928,1737508,41244,0,1778752,3821272,262646,1973473193984,63.53
764.029,1737508,42508,0,1780016,3821272,262689,1973799915520,63.53
764.129,1737508,43848,0,1781356,3821272,262735,1974159605760,63.53
764.230,1737508,44752,0,1782260,3821272,262781,1974512058368,63.53
764.330,1737508,45052,0,1782560,3821272,262824,1974847152128,63.53
764.430,1737508,45712,0,1783220,3821272,262871,1975190249472,63.53
764.531,1737508,46224,0,1783732,3821272,262918,1975524306944,63.53
764.631,1737508,46432,0,1783940,3821272,262964,1975861063680,63.07
764.732,1737508,47020,0,1784528,3821272,263009,1976213696512,63.07
764.832,1737508,48424,0,1785932,3821272,263053,1976551919616,63.07
764.932,1737508,48296,0,1785804,3821272,263100,1976905154560,63.07
765.033,1737508,48696,0,1786204,3821272,263144,1977236996096,63.07
765.133,1737508,49188,0,1786696,3821272,263190,1977590013952,63.07
765.233,1737508,50036,0,1787544,3821272,263236,1977929412608,63.07
765.334,1737508,51312,0,1788820,3821272,263281,1978244481024,63.07
765.434,1737508,51964,0,1789472,3821272,263325,1978604994560,63.07
765.534,1737508,52700,0,1790208,3821272,263371,1978936725504,63.07
765.635,1737508,52952,0,1790460,3821272,263417,1979284226048,63.07
765.735,1737508,54168,0,1791676,3821272,263463,1979619397632,63.07
765.836,1737508,54704,0,1792212,3821272,263508,1979974635520,63.07
765.936,1737508,54724,0,1792232,3821272,263553,1980315820032,63.07
766.037,1737508,54224,0,1791732,3821272,263597,1980654632960,63.07
766.137,1737508,54092,0,1791600,3821272,263642,1980993900544,63.07
766.237,1737508,54560,0,1792068,3821272,263686,1981330841600,63.07
766.338,1737508,54628,0,1792136,3821272,263733,1981685620736,63.07
766.438,1737508,54304,0,1791812,3821272,263775,1982007689216,63.07
766.538,1737508,54152,0,1791660,3821272,263822,1982350770176,63.96
766.639,1737508,55536,0,1793044,3821272,263867,1982703259648,63.96
766.739,1737508,55220,0,1792728,3821272,263915,1983039164416,63.96
766.839,1737508,54780,0,1792288,3821272,263960,1983389052928,63.96
766.940,1737508,55300,0,1792808,3821272,264004,1983732158464,63.96
767.040,1737508,55496,0,1793004,3821272,264048,1984073613312,63.96
767.141,1737508,55676,0,1793184,3821272,264093,1984409538560,63.96
767.241,1737508,55752,0,1793260,3821272,264140,1984742236160,63.96
767.341,1737508,55824,0,1793332,3821272,264187,1985100140544,63.96
767.442,1737508,56364,0,1793872,3821272,264230,1985416519680,63.96
767.542,1737508,55952,0,1793460,3821272,264275,1985787727872,63.96
767.642,1737508,56224,0,1793732,3821272,264320,1986121920512,63.96
767.743,1737508,56280,0,1793788,3821272,264363,1986467762176,63.96
767.843,1737508,55572,0,1793080,3821272,264411,1986813276160,63.96
767.943,1737508,55684,0,1793192,3821272,264454,1987130171392,63.96
768.044,1737508,55380,0,1792888,3821272,264500,1987501850624,63.96
768.144,1737508,55956,0,1793464,3821272,264545,1987824058368,63.96
768.245,1737508,55144,0,1792652,3821272,264589,1988159086592,63.96
768.345,1737508,54664,0,1792172,3821272,264634,1988507889664,63.96
768.446,1737508,56136,0,1793644,3821272,264681,1988852817920,64.7
768.546,1737508,56296,0,1793804,3821272,264727,1989190402048,64.7
768.646,1737508,55900,0,1793408,3821272,264772,1989536260096,64.7
768.747,1737508,56544,0,1794052,3821272,264820,1989884022784,64.7
768.847,1737508,57744,0,1795252,3821272,264866,1990227574784,64.7
768.947,1737508,58496,0,1796004,3821272,264913,1990578896896,64.7
769.048,1737508,58800,0,1796308,3821272,264962,1990942781440,64.7
769.148,1737508,58648,0,1796156,3821272,265006,1991296868352,64.7
769.249,1737508,58020,0,1795528,3821272,265051,1991639953408,64.7
769.349,1737508,58284,0,1795792,3821272,265099,1991991259136,64.7
769.449,1737508,58332,0,1795840,3821272,265147,1992339087360,64.7
769.550,1737508,57280,0,1794788,3821272,265197,1992695406592,64.7
769.650,1737508,57476,0,1794984,3821272,265245,1993046917120,64.7
769.751,1737508,56768,0,1794276,3821272,265295,1993423806464,64.7
769.851,1737508,57776,0,1795284,3821272,265342,1993778999296,64.7
769.951,1737508,57596,0,1795104,3821272,265390,1994138202112,64.7
770.052,1737508,57624,0,1795132,3821272,265436,1994477924352,64.7
770.152,1737508,58540,0,1796048,3821272,265486,1994846674944,64.7
770.252,1737508,59032,0,1796540,3821272,265531,1995184517120,64.7
770.353,1737508,59304,0,1796812,3821272,265580,1995547975680,65.29
770.453,1737508,59344,0,1796852,3821272,265630,1995906871296,65.29
770.553,1737508,59008,0,1796516,3821272,265675,1996252966912,65.29
770.654,1737508,59700,0,1797208,3821272,265722,1996609290240,65.29
770.754,1737508,60516,0,1798024,3821272,265768,1996938780672,65.29
770.855,1737508,61104,0,1798612,3821272,265816,1997311688704,65.29
770.955,1737508,63196,0,1800704,3821272,265863,1997666467840,65.29
771.056,1737508,62976,0,1800484,3821272,265913,1998030352384,65.29
771.156,1737508,63680,0,1801188,3821272,265963,1998385197056,65.29
771.256,1737508,63748,0,1801256,3821272,266013,1998738423808,65.29
771.357,1737508,63128,0,1800636,3821272,266060,1999079931904,65.29
771.457,1737508,62956,0,1800464,3821272,266109,1999448711168,65.29
771.558,1737508,62768,0,1800276,3821272,266158,1999797682176,65.29
771.658,1737508,62640,0,1800148,3821272,266208,2000161603584,65.29
771.758,1737508,64192,0,1801700,3821272,266256,2000500404224,65.29
771.859,1737508,65292,0,1802800,3821272,266307,2000861306880,65.29
771.959,1737508,65552,0,1803060,3821272,266356,2001225109504,65.29
772.059,1737508,65952,0,1803460,3821272,266403,2001561600000,65.29
772.160,1737508,66608,0,1804116,3821272,266453,2001923170304,65.29
772.260,1737508,66716,0,1804224,3821272,266501,2002272694272,64.7
772.361,1737508,68080,0,1805588,3821272,266552,2002634366976,64.7
772.461,1737508,68540,0,1806048,3821272,266599,2002985979904,64.7
772.561,1737508,69196,0,1806704,3821272,266649,2003346984960,64.7
772.662,1737508,69392,0,1806900,3821272,266699,2003709440000,64.7
772.762,1737508,56812,0,1794320,3821272,266746,2004055371776,64.7
772.863,1737508,50432,0,1787940,3821272,266792,2004419293184,64.7
772.963,1737508,47872,0,1785380,3821272,266839,2004759257088,64.7
773.063,1737508,44528,0,1782036,3821272,266885,2005111676928,64.7
773.164,1737508,42416,0,1779924,3821272,266933,2005485129728,64.7
773.264,1737508,40792,0,1778300,3821272,266980,2005842350080,64.7
773.364,1737508,39452,0,1776960,3821272,267026,2006180028416,64.7
773.465,1737508,40336,0,1777844,3821272,267071,2006516928512,64.7
773.565,1737508,40028,0,1777536,3821272,267120,2006876844032,64.7
773.666,1737508,40336,0,1777844,3821272,267165,2007213559808,64.7
773.766,1737508,42024,0,1779532,3821272,267208,2007540137984,64.7
773.867,1737508,42736,0,1780244,3821272,267252,2007877971968,64.7
773.967,1737508,43692,0,1781200,3821272,267299,2008238268416,64.7
774.068,1737508,44840,0,1782348,3821272,267343,2008568979456,64.7
774.168,1737508,45956,0,1783464,3821272,267388,2008898592768,64.75
774.268,1737508,47132,0,1784640,3821272,267433,2009247842304,64.75
774.369,1737508,46888,0,1784396,3821272,267479,2009594273792,64.75
774.469,1737508,49044,0,1786552,3821272,267523,2009925607424,64.75
774.570,1737508,49068,0,1786576,3821272,267567,2010253688832,64.75
774.670,1737508,49892,0,1787400,3821272,267616,2010601426944,64.75
774.770,1737508,50724,0,1788232,3821272,267661,2010946125824,64.75
774.871,1737508,49500,0,1787008,3821272,267706,2011293982720,64.75
774.971,1737508,47960,0,1785468,3821272,267746,2011622481920,64.75
775.072,1737508,48464,0,1785972,3821272,267794,2011971481600,64.75
775.172,1737508,47928,0,1785436,3821272,267840,2012302516224,64.75
775.273,1737508,48540,0,1786048,3821272,267887,2012645941248,64.75
775.373,1737508,48992,0,1786500,3821272,267932,2012989296640,64.75
775.473,1737508,49500,0,1787008,3821272,267976,2013337219072,64.75
775.574,1737508,50072,0,1787580,3821272,268023,2013686484992,64.75
775.674,1737508,50284,0,1787792,3821272,268066,2014024970240,64.75
775.774,1737508,51416,0,1788924,3821272,268113,2014359937024,64.75
775.875,1737508,52240,0,1789748,3821272,268159,2014715711488,64.75
775.975,1737508,51984,0,1789492,3821272,268202,2015048355840,64.75
776.076,1737508,51908,0,1789416,3821272,268249,2015358976000,64.98
776.176,1737508,52360,0,1789868,3821272,268295,2015728074752,64.98
776.276,1737508,52992,0,1790500,3821272,268340,2016068141056,64.98
776.377,1737508,53148,0,1790656,3821272,268385,2016408518656,64.98
776.477,1737508,53032,0,1790540,3821272,268427,2016737693696,64.98
776.577,1737508,52684,0,1790192,3821272,268474,2017087774720,64.98
776.678,1737508,52956,0,1790464,3821272,268517,2017429569536,64.98
776.778,1737508,53076,0,1790584,3821272,268564,2017763921920,64.98
776.878,1737508,53320,0,1790828,3821272,268609,2018110484480,64.98
776.979,1737508,54068,0,1791576,3821272,268651,2018441203712,64.98
777.079,1737508,55092,0,1792600,3821272,268699,2018782351360,64.98
777.180,1737508,55156,0,1792664,3821272,268746,2019130855424,64.98
777.280,1737508,55744,0,1793252,3821272,268790,2019464376320,64.98
777.380,1737508,55912,0,1793420,3821272,268832,2019796533248,64.98
777.481,1737508,55976,0,1793484,3821272,268878,2020128952320,64.98
777.581,1737508,55696,0,1793204,3821272,268925,2020479524864,64.98
777.682,1737508,55632,0,1793140,3821272,268969,2020819107840,64.98
777.782,1737508,55580,0,1793088,3821272,269015,2021166108672,64.98
777.882,1737508,55020,0,1792528,3821272,269059,2021507186688,64.98
777.983,1737508,54256,0,1791764,3821272,269103,2021842378752,65.52
778.083,1737508,54444,0,1791952,3821272,269149,2022185037824,65.52
778.184,1737508,53688,0,1791196,3821272,269193,2022526664704,65.52
778.284,1737508,54612,0,1792120,3821272,269239,2022857310208,65.52
778.384,1737508,54896,0,1792404,3821272,269283,2023198912512,65.52
778.485,1737508,55092,0,1792600,3821272,269329,2023535951872,65.52
778.585,1737508,55136,0,1792644,3821272,269377,2023875366912,65.52
778.686,1737508,54932,0,1792440,3821272,269421,2024218005504,65.52
778.786,1737508,54608,0,1792116,3821272,269467,2024562028544,65.52
778.886,1737508,54900,0,1792408,3821272,269512,2024899248128,65.52
778.987,1737508,54912,0,1792420,3821272,269556,2025223581696,65.52
779.087,1737508,56512,0,1794020,3821272,269602,2025555886080,65.52
779.188,1737508,55556,0,1793064,3821272,269649,2025915310080,65.52
779.288,1737508,55652,0,1793160,3821272,269694,2026258456576,65.52
779.389,1737508,55548,0,1793056,3821272,269739,2026589958144,65.52
779.489,1737508,55036,0,1792544,3821272,269785,2026943471616,65.52
779.589,1737508,55296,0,1792804,3821272,269830,2027281530880,65.52
779.690,1737508,55408,0,1792916,3821272,269875,2027608387584,65.52
779.790,1737508,54744,0,1792252,3821272,269922,2027971616768,65.52
779.890,1737508,54680,0,1792188,3821272,269966,2028297482240,65.52
779.991,1737508,54640,0,1792148,3821272,270011,2028625956864,65.43
780.091,1737508,55284,0,1792792,3821272,270059,2028975755264,65.43
780.192,1737508,56096,0,1793604,3821272,270105,2029320503296,65.43
780.292,1737508,56352,0,1793860,3821272,270153,2029656981504,65.43
780.393,1737508,56148,0,1793656,3821272,270196,2030007373824,65.43
780.493,1737508,56992,0,1794500,3821272,270238,2030344577024,65.43
780.593,1737508,56868,0,1794376,3821272,270286,2030690131968,65.43
780.694,1737508,57352,0,1794860,3821272,270330,2031007035392,65.43
780.794,1737508,58124,0,1795632,3821272,270378,2031361925120,65.43
780.895,1737508,57840,0,1795348,3821272,270427,2031711657984,65.43
780.995,1737508,58856,0,1796364,3821272,270473,2032045961216,65.43
781.096,1737508,58016,0,1795524,3821272,270521,2032384561152,65.43
781.196,1737508,59000,0,1796508,3821272,270567,2032727052288,65.43
781.296,1737508,58876,0,1796384,3821272,270612,2033062895616,65.43
781.397,1737508,58836,0,1796344,3821272,270657,2033397514240,65.43
781.497,1737508,58652,0,1796160,3821272,270702,2033746501632,65.43
781.598,1737508,58112,0,1795620,3821272,270746,2034079727616,65.43
781.698,1737508,57840,0,1795348,3821272,270789,2034408968192,65.43
781.799,1737508,57520,0,1795028,3821272,270838,2034762067968,65.43
781.899,1737508,57820,0,1795328,3821272,270883,2035087163392,65.53
781.999,1737508,57988,0,1795496,3821272,270930,2035460354048,65.53
782.100,1737508,58756,0,1796264,3821272,270975,2035778461696,65.53
782.200,1737508,59644,0,1797152,3821272,271022,2036120809472,65.53
782.301,1737508,60528,0,1798036,3821272,271069,2036465090560,65.53
782.402,1737508,60516,0,1798024,3821272,271114,2036807688192,65.53
782.502,1737508,61504,0,1799012,3821272,271160,2037154635776,65.53
782.602,1737508,62632,0,1800140,3821272,271210,2037489246208,65.53
782.703,1737508,63392,0,1800900,3821272,271256,2037821997056,65.53
782.803,1737508,60976,0,1798484,3821272,271303,2038158671872,65.53
782.904,1737508,51004,0,1788512,3821272,271350,2038501330944,65.53
783.004,1737508,45876,0,1783384,3821272,271398,2038845337600,65.53
783.104,1737508,43072,0,1780580,3821272,271442,2039190683648,65.53
783.205,1737508,40844,0,1778352,3821272,271487,2039528189952,65.53
783.305,1737508,38836,0,1776344,3821272,271533,2039858573312,65.53
783.406,1737508,37872,0,1775380,3821272,271576,2040209260544,65.53
783.506,1737508,36768,0,1774276,3821272,271622,2040550998016,65.53
783.607,1737508,36772,0,1774280,3821272,271664,2040884408320,65.53
783.707,1737508,37688,0,1775196,3821272,271712,2041234071552,65.53
783.808,1737508,37556,0,1775064,3821272,271758,2041560338432,65.53
783.908,1737508,37896,0,1775404,3821272,271800,2041912184832,66.16
784.008,1737508,39024,0,1776532,3821272,271847,2042261929984,66.16
784.109,1737508,40628,0,1778136,3821272,271892,2042597253120,66.16
784.209,1737508,42652,0,1780160,3821272,271938,2042934472704,66.16
784.310,1737508,45024,0,1782532,3821272,271985,2043269832704,66.16
784.410,1737508,45812,0,1783320,3821272,272028,2043616256000,66.16
784.511,1737508,46536,0,1784044,3821272,272072,2043956387840,66.16
784.611,1737508,47884,0,1785392,3821272,272118,2044287098880,66.16
784.711,1737508,49156,0,1786664,3821272,272162,2044628897792,66.16
784.812,1737508,49800,0,1787308,3821272,272207,2044971245568,66.16
784.912,1737508,50180,0,1787688,3821272,272251,2045314654208,66.16
785.013,1737508,50052,0,1787560,3821272,272294,2045635178496,66.16
785.114,1737508,49420,0,1786928,3821272,272339,2045977530368,66.16
785.214,1737508,48628,0,1786136,3821272,272381,2046307295232,66.16
785.315,1737508,48976,0,1786484,3821272,272423,2046635159552,66.16
785.415,1737508,48696,0,1786204,3821272,272465,2046966398976,66.16
785.516,1737508,47932,0,1785440,3821272,272506,2047299903488,66.16
785.616,1737508,49304,0,1786812,3821272,272549,2047620079616,66.16
785.717,1737508,49736,0,1787244,3821272,272594,2047954878464,66.16
785.817,1737508,49988,0,1787496,3821272,272638,2048283574272,66.13
785.918,1737508,50428,0,1787936,3821272,272681,2048607780864,66.13
786.018,1737508,51468,0,1788976,3821272,272723,2048946622464,66.13
786.123,1737508,52180,0,1789688,3821272,272767,2049296822272,66.13
786.223,1737508,52736,0,1790244,3821272,272810,2049606078464,66.13
786.323,1737508,53396,0,1790904,3821272,272855,2049938739200,66.13
786.424,1737508,54292,0,1791800,3821272,272899,2050282008576,66.13
786.525,1737508,54660,0,1792168,3821272,272942,2050615230464,66.13
786.625,1737508,54844,0,1792352,3821272,272986,2050951442432,66.13
786.726,1737508,54932,0,1792440,3821272,273030,2051278807040,66.13
786.826,1737508,55188,0,1792696,3821272,273075,2051594797056,66.13
786.926,1737508,55500,0,1793008,3821272,273119,2051927715840,66.13
787.027,1737508,55168,0,1792676,3821272,273162,2052270260224,66.13
787.127,1737508,54516,0,1792024,3821272,273205,2052597121024,66.13
787.228,1737508,54540,0,1792048,3821272,273246,2052928421888,66.13
787.328,1737508,54776,0,1792284,3821272,273289,2053239574528,66.13
787.429,1737508,54604,0,1792112,3821272,273331,2053577224192,66.13
787.529,1737508,54304,0,1791812,3821272,273377,2053913153536,66.13
787.630,1737508,54616,0,1792124,3821272,273421,2054234746880,66.13
787.730,1737508,54924,0,1792432,3821272,273465,2054576898048,66.13
787.830,1737508,54664,0,1792172,3821272,273507,2054901010432,66.65
787.931,1737508,54772,0,1792280,3821272,273552,2055220342784,66.65
788.032,1737508,54572,0,1792080,3821272,273595,2055557312512,66.65
788.132,1737508,54776,0,1792284,3821272,273639,2055902547968,66.65
788.232,1737508,54884,0,1792392,3821272,273684,2056230834176,66.65
788.333,1737508,55196,0,1792704,3821272,273728,2056559947776,66.65
788.433,1737508,55516,0,1793024,3821272,273772,2056893845504,66.65
788.534,1737508,55492,0,1793000,3821272,273813,2057207898112,66.65
788.634,1737508,54560,0,1792068,3821272,273857,2057538838528,66.65
788.735,1737508,54392,0,1791900,3821272,273900,2057870950400,66.65
788.835,1737508,54168,0,1791676,3821272,273945,2058213842944,66.65
788.936,1737508,55668,0,1793176,3821272,273985,2058534465536,66.65
789.036,1737508,55732,0,1793240,3821272,274030,2058870329344,66.65
789.136,1737508,55888,0,1793396,3821272,274074,2059210944512,66.65
789.237,1737508,55844,0,1793352,3821272,274119,2059552092160,66.65
789.337,1737508,56940,0,1794448,3821272,274165,2059894165504,66.65
789.438,1737508,56292,0,1793800,3821272,274209,2060223254528,66.65
789.538,1737508,56592,0,1794100,3821272,274253,2060576325632,66.65
789.638,1737508,57312,0,1794820,3821272,274297,2060910727168,66.65
789.739,1737508,56948,0,1794456,3821272,274345,2061248606208,66.65
789.840,1737508,57608,0,1795116,3821272,274389,2061596102656,66.53
789.940,1737508,57932,0,1795440,3821272,274432,2061920018432,66.53
790.040,1737508,55592,0,1793100,3821272,274476,2062270943232,66.53
790.141,1737508,55396,0,1792904,3821272,274523,2062619602944,66.53
790.241,1737508,55876,0,1793384,3821272,274569,2062962868224,66.53
790.342,1737508,55792,0,1793300,3821272,274614,2063287607296,66.53
790.442,1737508,56248,0,1793756,3821272,274661,2063643172864,66.53
790.543,1737508,55824,0,1793332,3821272,274703,2063978876928,66.53
790.643,1737508,55812,0,1793320,3821272,274748,2064314429440,66.53
790.743,1737508,54852,0,1792360,3821272,274794,2064645677056,66.53
790.844,1737508,55832,0,1793340,3821272,274838,2064988200960,66.53
790.944,1737508,55488,0,1792996,3821272,274886,2065333755904,66.53
791.044,1737508,56172,0,1793680,3821272,274931,2065659129856,66.53
791.145,1737508,55508,0,1793016,3821272,274975,2066009280512,66.53
791.245,1737508,55504,0,1793012,3821272,275019,2066344443904,66.53
791.346,1737508,55440,0,1792948,3821272,275065,2066687807488,66.53
791.446,1737508,55040,0,1792548,3821272,275110,2067031928832,66.53
791.546,1737508,54884,0,1792392,3821272,275156,2067361681408,66.53
791.647,1737508,55672,0,1793180,3821272,275205,2067707555840,66.53
791.747,1737508,54780,0,1792288,3821272,275252,2068053901312,67.16
791.848,1737508,55156,0,1792664,3821272,275299,2068401496064,67.16
791.948,1737508,55216,0,1792724,3821272,275345,2068738183168,67.16
792.049,1737508,55152,0,1792660,3821272,275389,2069089062912,67.16
792.149,1737508,54528,0,1792036,3821272,275433,2069413773312,67.16
792.250,1737508,54076,0,1791584,3821272,275479,2069756203008,67.16
792.350,1737508,54592,0,1792100,3821272,275528,2070104911872,67.16
792.450,1737508,55080,0,1792588,3821272,275574,2070450118656,67.16
792.551,1737508,55516,0,1793024,3821272,275622,2070781661184,67.16
792.651,1737508,55596,0,1793104,3821272,275666,2071137517568,67.16
792.752,1737508,55692,0,1793200,3821272,275710,2071468265472,67.16
792.852,1737508,56000,0,1793508,3821272,275756,2071805845504,67.16
792.952,1737508,57328,0,1794836,3821272,275806,2072146259968,67.16
793.053,1737508,57864,0,1795372,3821272,275855,2072504737792,67.16
793.153,1737508,57588,0,1795096,3821272,275905,2072861605888,67.16
793.254,1737508,57420,0,1794928,3821272,275950,2073192415232,67.16
793.354,1737508,57832,0,1795340,3821272,275996,2073554903040,67.16
793.455,1737508,57940,0,1795448,3821272,276043,2073884172288,67.16
793.555,1737508,58408,0,1795916,3821272,276092,2074233290752,67.16
793.658,1737508,58156,0,1795664,3821272,276120,2074376441856,67.16
793.758,1737508,55136,0,1792644,3821272,276147,2074563809280,65.86
793.858,1737508,52520,0,1790028,3821272,276164,2074727395328,65.86
793.975,1737508,53344,0,1790852,3821272,276195,2074923126784,65.86
794.075,1737508,52916,0,1790424,3821272,276226,2075089031168,65.86
794.175,1737508,50620,0,1788128,3821272,276250,2075250098176,65.86
794.276,1737508,48832,0,1786340,3821272,276267,2075450322944,65.86
794.411,1737508,49872,0,1787380,3821272,276302,2075658743808,65.86
794.566,1737508,48396,0,1785904,3821272,276323,2075810734080,65.86
794.667,1737508,47560,0,1785068,3821272,276371,2076186501120,65.86
794.767,1737508,46292,0,1783800,3821272,276396,2076375388160,65.86
794.867,1737508,43824,0,1781332,3821272,276440,2076691001344,65.86
794.968,1737508,40504,0,1778012,3821272,276488,2077035077632,65.86
795.068,1737508,40064,0,1777572,3821272,276535,2077386510336,65.86
795.168,1737508,39604,0,1777112,3821272,276580,2077730435072,65.86
795.269,1737508,39668,0,1777176,3821272,276627,2078078771200,65.86
795.369,1737508,40200,0,1777708,3821272,276674,2078420856832,65.86
795.469,1737508,39992,0,1777500,3821272,276720,2078772101120,65.86
795.570,1737508,39364,0,1776872,3821272,276766,2079116562432,65.86
