t,RssAnon,RssFile,RssShmem,VmRSS,VmHWM,majflt,read_bytes,psi_io_full
0.001,12,0,0,12,12,0,1802240,20.71
0.101,8560,11520,0,20080,20192,1,6537216,20.71
0.202,9076,11520,0,20596,20988,1,6537216,20.71
0.302,8832,11520,0,20352,22084,1,6537216,20.71
0.402,92468,12052,0,104520,143504,1,6537216,20.71
0.503,89012,12116,0,101128,178936,1,6537216,20.71
0.603,107620,12244,0,119864,178936,1,6537216,20.71
0.703,113856,12244,0,126100,178936,1,6537216,20.71
0.804,113864,12244,0,126108,178936,1,6537216,20.71
0.904,113864,12244,0,126108,178936,1,6537216,20.71
1.005,113868,12244,0,126112,178936,1,6537216,20.71
1.105,113868,12244,0,126112,178936,1,6537216,20.71
1.205,114340,12244,0,126584,178936,1,6537216,20.71
1.306,114572,12244,0,126816,178936,1,6537216,20.71
1.406,114768,12244,0,127012,178936,1,6537216,20.71
1.507,114768,12244,0,127012,178936,1,6537216,20.71
1.607,114812,12244,0,127056,178936,1,6537216,20.71
1.707,114812,12244,0,127056,178936,1,6537216,20.71
1.808,114812,12244,0,127056,178936,1,6537216,17.14
1.908,114812,12244,0,127056,178936,1,6537216,17.14
2.008,114812,12244,0,127056,178936,1,6537216,17.14
2.109,114812,12244,0,127056,178936,1,6537216,17.14
2.209,114812,12244,0,127056,178936,1,6537216,17.14
2.310,114812,12244,0,127056,178936,1,6537216,17.14
2.410,114812,12244,0,127056,178936,1,6537216,17.14
2.510,114812,12244,0,127056,178936,1,6537216,17.14
2.611,114812,12244,0,127056,178936,1,6537216,17.14
2.711,114812,12244,0,127056,178936,1,6537216,17.14
2.811,114812,12244,0,127056,178936,1,6537216,17.14
2.912,114812,12244,0,127056,178936,1,6537216,17.14
3.012,114812,12244,0,127056,178936,1,6537216,17.14
3.112,114812,12244,0,127056,178936,1,6537216,17.14
3.213,114812,12244,0,127056,178936,1,6537216,17.14
3.313,114812,12244,0,127056,178936,1,6537216,17.14
3.413,114812,12244,0,127056,178936,1,6537216,17.14
3.514,124020,12308,0,136328,178936,1,6537216,17.14
3.614,149148,12308,0,161456,178936,1,6537216,17.14
3.715,170992,12308,0,183300,183300,1,6537216,17.3
3.815,194928,12308,0,207236,207236,1,6537216,17.3
3.915,216240,12308,0,228548,228548,1,6537216,17.3
4.016,239132,12308,0,251440,251440,1,6537216,17.3
4.116,261776,12308,0,274084,274084,1,6537216,17.3
4.216,286324,12308,0,298632,298632,1,6537216,17.3
4.317,308516,12308,0,320824,320824,1,6537216,17.3
4.417,328948,12308,0,341256,341256,1,6537216,17.3
4.517,354276,12308,0,366584,366584,1,6537216,17.3
4.618,376620,12308,0,388928,388928,1,6537216,17.3
4.718,397416,12308,0,409724,409724,1,6537216,17.3
4.818,418924,12308,0,431232,431232,1,6537216,17.3
4.919,444180,12308,0,456488,456488,1,6537216,17.3
5.019,465244,12308,0,477552,477552,1,6537216,17.3
5.119,489428,12308,0,501736,501736,1,6537216,17.3
5.220,509552,12308,0,521860,521860,1,6537216,17.3
5.320,534516,12308,0,546824,546824,1,6537216,17.3
5.421,555852,12308,0,568160,568160,1,6537216,17.3
5.521,579300,12308,0,591608,591608,1,6537216,17.3
5.621,599992,12308,0,612300,612300,1,6537216,17.3
5.721,624492,12308,0,636800,636800,1,6537216,16.16
5.822,644876,12308,0,657184,657184,1,6537216,16.16
5.922,667960,12308,0,680268,680268,1,6537216,16.16
6.023,690820,12308,0,703128,703128,1,6537216,16.16
6.123,712620,12308,0,724928,724928,1,6537216,16.16
6.223,735008,12308,0,747316,747316,1,6537216,16.16
6.324,757052,12308,0,769360,769360,1,6537216,16.16
6.424,777956,12308,0,790264,790264,1,6537216,16.16
6.524,800520,12308,0,812828,812828,1,6537216,16.16
6.625,820608,12308,0,832916,832916,1,6537216,16.16
6.725,830284,12308,0,842592,842592,1,6537216,16.16
6.825,830284,12308,0,842592,842592,1,6537216,16.16
6.926,830284,12308,0,842592,842592,1,6537216,16.16
7.026,111272,12460,0,123732,842152,1,6537216,16.16
7.126,134596,12460,0,147056,842152,1,6537216,16.16
7.227,155700,12460,0,168160,842152,1,6537216,16.16
7.327,176932,12460,0,189392,842152,1,6537216,16.16
7.427,197056,12460,0,209516,842152,1,6537216,16.16
7.528,220208,12460,0,232668,842152,1,6537216,16.16
7.628,240036,12460,0,252496,842152,1,6537216,15.58
7.729,264716,12460,0,277176,842152,1,6537216,15.58
7.829,281040,12460,0,293500,842152,1,6537216,15.58
7.929,301440,12460,0,313900,842152,1,6537216,15.58
8.030,322596,12460,0,335056,842152,1,6537216,15.58
8.130,344760,12460,0,357220,842152,1,6537216,15.58
8.230,366352,12460,0,378812,842152,1,6537216,15.58
8.331,388176,12460,0,400636,842152,1,6537216,15.58
8.431,407984,12460,0,420444,842152,1,6537216,15.58
8.532,429100,12460,0,441560,842152,1,6537216,15.58
8.632,450592,12460,0,463052,842152,1,6537216,15.58
8.732,471504,12460,0,483964,842152,1,6537216,15.58
8.833,495436,12460,0,507896,842152,1,6537216,15.58
8.933,515536,12460,0,527996,842152,1,6537216,15.58
9.033,537220,12460,0,549680,842152,1,6537216,15.58
9.134,559260,12460,0,571720,842152,1,6537216,15.58
9.234,579992,12460,0,592452,842152,1,6537216,15.58
9.335,600684,12460,0,613144,842152,1,6537216,15.58
9.435,624100,12460,0,636560,842152,1,6537216,15.58
9.535,644924,12460,0,657384,842152,1,6537216,16.02
9.636,667076,12460,0,679536,842152,1,6537216,16.02
9.736,686916,12460,0,699376,842152,1,6537216,16.02
9.836,708828,12460,0,721288,842152,1,6537216,16.02
9.937,731104,12460,0,743564,842152,1,6537216,16.02
10.037,753384,12460,0,765844,842152,1,6537216,16.02
10.137,774624,12460,0,787084,842152,1,6537216,16.02
10.238,793948,12460,0,806408,842152,1,6537216,16.02
10.338,816012,12460,0,828472,842152,1,6537216,16.02
10.439,830976,12460,0,843436,843436,1,6537216,16.02
10.539,978988,12460,0,991448,991448,1,6537216,16.02
10.639,1145708,12460,0,1158168,1158168,1,6537216,16.02
10.740,1292856,12460,0,1305316,1305316,1,6537216,16.02
10.840,1436536,12460,0,1448996,1448996,1,6537216,16.02
10.941,1550000,12460,0,1562460,1562460,1,6537216,16.02
11.041,1550028,12460,0,1562488,1562488,1,6537216,16.02
11.142,1550140,12460,0,1562600,1562600,1,6537216,16.02
11.247,1550200,12460,0,1562660,1562660,1,6537216,16.02
11.347,1588992,12460,0,1601452,1601452,1,6537216,16.02
11.447,1654676,12460,0,1667136,1667136,1,6537216,13.12
11.548,1796008,12460,0,1808468,1808468,1,6537216,13.12
11.648,1938796,12460,0,1951256,1951256,1,6537216,13.12
11.749,842640,12460,0,855100,1960716,1,6537216,13.12
11.849,630736,12460,0,643196,1960716,1,6541312,13.12
11.949,724684,12460,0,737144,1960716,1,6541312,13.12
12.049,751928,37532,0,789460,1960716,3,6541312,13.12
12.150,622208,123356,0,745564,1960716,5,6541312,13.12
12.250,622212,168716,0,790928,1960716,5,6541312,13.12
12.354,622212,168716,0,790928,1960716,5,6541312,13.12
12.455,681320,168716,0,850036,1960716,5,6541312,13.12
12.555,771192,168716,0,939908,1960716,5,6541312,13.12
12.656,817528,168716,0,986244,1960716,5,6541312,13.12
12.756,879252,168716,0,1047968,1960716,5,6541312,13.12
12.856,1010052,168716,0,1178768,1960716,5,6541312,13.12
12.957,1099892,168716,0,1268608,1960716,5,6541312,13.12
13.057,1155160,168716,0,1323876,1960716,5,6541312,13.12
13.157,1184212,168716,0,1352928,1960716,5,6541312,13.12
13.258,1129716,168716,0,1298432,1960716,5,6541312,13.12
13.358,1040380,168716,0,1209096,1960716,5,6541312,13.12
13.459,1040380,168716,0,1209096,1960716,5,6541312,12.37
13.559,1040380,168716,0,1209096,1960716,5,6541312,12.37
13.659,1040380,168716,0,1209096,1960716,5,6541312,12.37
13.760,892788,168716,0,1061504,1960716,5,6541312,12.37
13.860,930064,168780,0,1098844,1960716,5,6541312,12.37
13.960,930152,168780,0,1098932,1960716,5,6541312,12.37
14.061,930176,168780,0,1098956,1960716,5,6541312,12.37
14.161,930200,168780,0,1098980,1960716,5,6541312,12.37
14.261,930204,168780,0,1098984,1960716,5,6541312,12.37
14.362,930212,168780,0,1098992,1960716,5,6541312,12.37
14.462,930256,168780,0,1099036,1960716,5,6541312,12.37
14.563,930268,168780,0,1099048,1960716,5,6541312,12.37
14.663,930308,168780,0,1099088,1960716,5,6541312,12.37
14.763,930324,168780,0,1099104,1960716,5,6541312,12.37
14.864,930348,168780,0,1099128,1960716,5,6541312,12.37
14.964,930356,168780,0,1099136,1960716,5,6541312,12.37
15.065,930408,168780,0,1099188,1960716,5,6541312,12.37
15.165,930420,168780,0,1099200,1960716,5,6541312,12.37
15.265,930420,168780,0,1099200,1960716,5,6541312,12.37
15.366,930424,168780,0,1099204,1960716,5,6541312,10.13
15.466,930428,168780,0,1099208,1960716,5,6541312,10.13
15.567,930432,168780,0,1099212,1960716,5,6541312,10.13
15.667,930432,168780,0,1099212,1960716,5,6541312,10.13
15.767,930432,168780,0,1099212,1960716,5,6541312,10.13
15.868,930432,168780,0,1099212,1960716,5,6541312,10.13
15.968,930432,168780,0,1099212,1960716,5,6541312,10.13
16.069,930432,168780,0,1099212,1960716,5,6541312,10.13
16.169,930432,168780,0,1099212,1960716,5,6541312,10.13
16.269,930432,168780,0,1099212,1960716,5,6541312,10.13
16.370,930432,168780,0,1099212,1960716,5,6541312,10.13
16.470,930432,168780,0,1099212,1960716,5,6541312,10.13
16.570,930432,168780,0,1099212,1960716,5,6541312,10.13
16.671,930432,168780,0,1099212,1960716,5,6541312,10.13
16.771,930432,168780,0,1099212,1960716,5,6541312,10.13
16.871,930432,168780,0,1099212,1960716,5,6541312,10.13
16.972,930444,168780,0,1099224,1960716,5,6541312,10.13
17.072,930452,168780,0,1099232,1960716,5,6541312,10.13
17.172,930656,168780,0,1099436,1960716,5,6541312,10.13
17.273,930716,168780,0,1099496,1960716,5,6541312,11.55
17.373,930716,168780,0,1099496,1960716,5,6541312,11.55
17.473,930716,168780,0,1099496,1960716,5,6541312,11.55
17.574,375888,90652,0,466540,1960716,5,6541312,11.55
17.674,382772,91036,0,473808,1960716,5,6553600,11.55
17.774,409316,91036,0,500352,1960716,5,6553600,11.55
17.875,436508,91036,0,527544,1960716,5,6553600,11.55
17.975,463276,91036,0,554312,1960716,5,6553600,11.55
18.076,490504,91036,0,581540,1960716,5,6553600,11.55
18.176,517356,91036,0,608392,1960716,5,6553600,11.55
18.276,544280,91036,0,635316,1960716,5,6553600,11.55
18.377,559028,91676,0,650704,1960716,5,6553600,11.55
18.477,559028,91676,0,650704,1960716,5,6553600,11.55
18.577,559028,91676,0,650704,1960716,5,6553600,11.55
18.678,559028,91676,0,650704,1960716,5,6553600,11.55
18.778,559028,91676,0,650704,1960716,5,6553600,11.55
18.879,379272,91676,0,470948,1960716,5,6553600,11.55
18.979,419420,100884,0,520304,1960716,29,6565888,11.55
19.079,400376,122452,0,522828,1960716,33,6569984,11.55
19.180,437452,136352,0,573804,1960716,37,6574080,11.55
19.280,432508,171168,0,603676,1960716,39,6574080,12.54
19.381,423168,147916,0,571084,1960716,41,6578176,12.54
19.481,420576,213812,0,634388,1960716,41,6578176,12.54
19.581,435252,148540,0,583792,1960716,42,6606848,12.54
19.682,472064,173508,0,645572,1960716,44,6606848,12.54
19.782,472260,223856,0,696116,1960716,44,6606848,12.54
19.883,476712,254904,0,731616,1960716,44,6606848,12.54
19.983,461128,322340,0,783468,1960716,44,6606848,12.54
20.083,453168,350812,0,803980,1960716,45,6610944,12.54
20.184,431208,409700,0,840908,1960716,45,6610944,12.54
20.284,432232,198960,0,631192,1960716,46,6643712,12.54
20.385,457812,249688,0,707500,1960716,46,6643712,12.54
20.485,467820,297280,0,765100,1960716,46,6643712,12.54
20.586,441944,345652,0,787596,1960716,48,6643712,12.54
20.686,445016,390380,0,835396,1960716,48,6643712,12.54
20.786,449112,388908,0,838020,1960716,49,6651904,12.54
20.887,486592,444372,0,930964,1960716,49,6651904,12.54
20.987,451168,487356,0,938524,1960716,49,6651904,12.54
21.088,453216,576140,0,1029356,1960716,49,6651904,12.54
21.188,484848,616596,0,1101444,1960716,49,6651904,12.8
21.288,481620,671356,0,1152976,1960716,49,6651904,12.8
21.389,529632,693508,0,1223140,1960716,121,6651904,12.8
21.489,529632,843088,0,1372720,1960716,133,6651904,12.8
21.589,529632,891332,0,1420964,1960716,134,6651904,12.8
21.690,529632,933996,0,1463628,1960716,137,6651904,12.8
21.790,529632,1212440,0,1742072,1960716,150,6656000,12.8
21.891,529632,1383904,0,1913536,1960716,152,6660096,12.8
21.991,529632,1478744,0,2008376,2020260,153,6664192,12.8
22.092,529632,1503276,0,2032908,2038712,154,6668288,12.8
22.192,529632,1470128,0,1999760,2059108,155,6668288,12.8
22.292,529632,1576272,0,2105904,2105904,155,6668288,12.8
22.393,529632,1608728,0,2138360,2138360,155,6668288,12.8
22.493,529632,1671004,0,2200636,2200636,155,6668288,12.8
22.594,529632,1664420,0,2194052,2201500,156,6672384,12.8
22.694,529632,1709248,0,2238880,2238880,156,6672384,12.8
22.795,529632,1625720,0,2155352,2242668,157,6684672,12.8
22.895,529632,1680924,0,2210556,2242668,157,6684672,12.8
22.996,529632,1732264,0,2261896,2261896,157,6684672,12.8
23.096,529632,1779488,0,2309120,2309120,157,6684672,16.28
23.197,529632,1824640,0,2354272,2354272,157,6684672,16.28
23.297,529632,1898436,0,2428068,2428068,157,6684672,16.28
23.397,529632,1976336,0,2505968,2505968,157,6684672,16.28
23.498,529632,2041936,0,2571568,2571568,157,6684672,16.28
23.599,529632,2115708,0,2645340,2645340,157,6684672,16.28
23.699,529632,1899940,0,2429572,2662756,158,6713344,16.28
23.799,529632,1970428,0,2500060,2662756,158,6713344,16.28
23.900,529632,2085236,0,2614868,2662756,158,6713344,16.28
24.000,529632,2208192,0,2737824,2737824,158,6713344,16.28
24.101,471652,2249184,0,2720836,2777884,158,6713344,16.28
24.201,533452,2249184,0,2782636,2782636,158,6713344,16.28
24.301,528952,2249184,0,2778136,2781712,158,6713344,16.28
24.401,506416,2249184,0,2755600,2781712,158,6713344,16.28
24.502,504004,2249184,0,2753188,2781712,158,6713344,16.28
24.602,476972,2249184,0,2726156,2785152,158,6713344,16.28
24.703,540764,2249184,0,2789948,2789948,158,6713344,16.28
24.803,532664,2249184,0,2781848,2789140,158,6713344,16.28
24.903,518468,2249184,0,2767652,2789140,158,6713344,16.28
25.004,506196,2249184,0,2755380,2789140,158,6713344,16.28
25.104,477952,2249184,0,2727136,2789140,158,6713344,16.41
25.204,477388,2249184,0,2726572,2789140,158,6713344,16.41
25.305,516384,2249184,0,2765568,2789140,158,6713344,16.41
25.405,525812,2249184,0,2774996,2789140,158,6713344,16.41
25.505,510072,2249184,0,2759256,2789200,158,6713344,16.41
25.606,490996,2249184,0,2740180,2789328,158,6713344,16.41
25.706,477388,2249184,0,2726572,2789328,158,6713344,16.41
25.807,539728,2249184,0,2788912,2789328,158,6713344,16.41
26.375,539728,2249184,0,2788912,2789328,158,6713344,16.41
26.487,539728,2249184,0,2788912,2789328,158,6713344,16.41
26.594,539728,2249184,0,2788912,2789328,158,6713344,16.41
26.703,539728,2249184,0,2788912,2789328,158,6713344,16.41
26.810,539728,2249184,0,2788912,2789328,158,6713344,16.41
26.918,539728,2249184,0,2788912,2789328,158,6713344,16.41
27.027,539728,2249184,0,2788912,2789328,158,6713344,23.22
27.134,539728,2249184,0,2788912,2789328,158,6713344,23.22
27.247,539728,2249184,0,2788912,2789328,158,6713344,23.22
27.362,539728,2249184,0,2788912,2789328,158,6713344,23.22
27.474,539728,2249184,0,2788912,2789328,158,6713344,23.22
27.582,539728,2249184,0,2788912,2789328,158,6713344,23.22
27.695,539728,2249184,0,2788912,2789328,158,6713344,23.22
27.803,477388,2265568,0,2742956,2804500,158,6713344,23.22
27.903,530856,2290144,0,2821000,2821000,158,6713344,23.22
28.003,508620,2318816,0,2827436,2848788,158,6713344,23.22
28.104,477388,2380256,0,2857644,2918988,158,6713344,23.22
28.204,539024,2396640,0,2935664,2935664,158,6717440,23.22
28.305,477824,1397216,0,1875040,2934724,159,6811648,23.22
28.405,543840,1432032,0,1975872,2934724,159,6811648,23.22
28.505,510456,1462752,0,1973208,2934724,159,6811648,23.22
28.606,542740,1522144,0,2064884,2934724,159,6811648,23.22
28.706,532032,1528288,0,2060320,2934724,159,6811648,23.22
28.806,477824,1591792,0,2069616,2934724,159,6811648,23.22
28.907,477824,1606160,0,2083984,2934724,159,6811648,25.35
29.007,478284,1649168,0,2127452,2934724,159,6811648,25.35
29.108,477824,1552408,0,2030232,2934724,160,6811648,25.35
29.208,529952,1562912,0,2092864,2934724,160,6811648,25.35
29.308,477824,1612592,0,2090416,2934724,160,6811648,25.35
29.409,538512,1632680,0,2171192,2934724,162,6811648,25.35
29.509,503256,1681832,0,2185088,2934724,162,6811648,25.35
29.610,533760,1767920,0,2301680,2934724,193,6811648,25.35
29.710,533760,2025352,0,2559112,2934724,210,6815744,25.35
29.811,533760,1465652,0,1999412,2934724,211,6873088,25.35
29.911,533760,1465652,0,1999412,2934724,211,6873088,25.35
30.012,533760,1465652,0,1999412,2934724,211,6873088,25.35
30.112,533760,1465652,0,1999412,2934724,211,6873088,25.35
30.212,533760,1401140,0,1934900,2934724,212,6873088,25.35
30.313,533760,1401140,0,1934900,2934724,212,6873088,25.35
30.413,533760,1401140,0,1934900,2934724,212,6873088,25.35
30.513,533760,1401140,0,1934900,2934724,212,6873088,25.35
30.614,533760,1401140,0,1934900,2934724,212,6873088,25.35
30.714,533760,1401140,0,1934900,2934724,212,6873088,25.35
30.814,533760,1401140,0,1934900,2934724,212,6873088,25.35
30.915,533760,1401140,0,1934900,2934724,212,6873088,30.72
31.015,533760,1401140,0,1934900,2934724,212,6873088,30.72
31.115,533760,1401140,0,1934900,2934724,212,6873088,30.72
31.216,533760,1401140,0,1934900,2934724,212,6873088,30.72
31.316,533760,1401140,0,1934900,2934724,212,6873088,30.72
31.416,533760,1401140,0,1934900,2934724,212,6873088,30.72
31.517,533760,1401140,0,1934900,2934724,212,6873088,30.72
31.617,533760,1401140,0,1934900,2934724,212,6873088,30.72
31.717,533760,1401140,0,1934900,2934724,212,6873088,30.72
31.818,533760,1409500,0,1943260,2934724,213,6873088,30.72
31.918,533760,1716036,0,2249796,2934724,214,6873088,30.72
32.018,533760,2139776,0,2673536,2934724,220,44621824,30.72
32.119,533760,2543296,0,3077056,3077056,222,90759168,30.72
32.219,533760,2983200,0,3516960,3516960,222,90759168,30.72
32.320,533760,3261172,0,3794932,3797784,223,111730688,30.72
32.420,533760,3270668,0,3804428,3804428,224,145473536,30.72
32.521,533760,3316016,0,3849776,3849776,226,170795008,30.72
32.621,533760,3481056,0,4014816,4014816,229,244297728,30.72
32.721,533760,3511240,0,4045000,4049728,231,273666048,30.72
32.909,533760,2471620,0,3005380,4059836,233,371232768,32.22
33.010,533760,2535508,0,3069268,4059836,234,497131520,32.22
33.110,533760,2566640,0,3100400,4059836,235,530722816,32.22
33.211,533760,2639940,0,3173700,4059836,235,578957312,32.22
33.311,533760,2715768,0,3249528,4059836,240,647823360,32.22
33.412,517272,2715768,0,3233040,4059836,240,647823360,32.22
33.512,478836,2715780,0,3194616,4059836,240,647823360,32.22
33.612,541740,2715780,0,3257520,4059836,240,647823360,32.22
33.713,492772,2715796,0,3208568,4059836,241,647839744,32.22
33.813,479028,2715816,0,3194844,4059836,242,647856128,32.22
33.913,543224,2715816,0,3259040,4059836,242,647856128,32.22
34.014,523464,2715816,0,3239280,4059836,242,647856128,32.22
34.114,505928,2715880,0,3221808,4059836,243,647921664,32.22
34.215,479028,2715880,0,3194908,4059836,243,647921664,32.22
34.315,479028,2715948,0,3194976,4059836,244,647987200,32.22
34.415,547780,2715948,0,3263728,4059836,244,647987200,32.22
34.516,507988,2715948,0,3223936,4059836,244,647987200,32.22
34.616,524876,2716052,0,3240928,4059836,245,648175616,32.22
34.716,525504,2717312,0,3242816,4059836,246,649224192,30.37
34.817,496308,2717312,0,3213620,4059836,246,649224192,30.37
34.917,479028,2717312,0,3196340,4059836,246,649224192,30.37
35.018,479028,2717312,0,3196340,4059836,246,649224192,30.37
35.118,546524,2717312,0,3263836,4059836,246,649224192,30.37
35.218,502656,2717312,0,3219968,4059836,246,649224192,30.37
35.319,479028,2715264,0,3194292,4059836,246,649224192,30.37
35.419,548416,2713216,0,3261632,4059836,246,649224192,30.37
35.520,525124,2713216,0,3238340,4059836,246,649224192,30.37
35.620,484104,2713216,0,3197320,4059836,246,649224192,30.37
35.720,545568,2713216,0,3258784,4059836,246,649224192,30.37
35.821,529100,2713216,0,3242316,4059836,246,649224192,30.37
35.921,529756,2713220,0,3242976,4059836,246,651321344,30.37
36.843,529756,2713220,0,3242976,4059836,247,651321344,29.94
36.950,529756,2713220,0,3242976,4059836,247,651321344,29.94
37.071,529756,2713220,0,3242976,4059836,247,651321344,29.94
37.179,529756,2713220,0,3242976,4059836,247,651321344,29.94
37.287,529756,2713220,0,3242976,4059836,247,651321344,29.94
37.411,529756,2713220,0,3242976,4059836,247,651321344,29.94
37.531,529756,2713220,0,3242976,4059836,247,651321344,29.94
37.647,529756,2713220,0,3242976,4059836,247,651321344,29.94
37.758,529756,2713220,0,3242976,4059836,247,651321344,29.94
37.870,484104,2714408,0,3198512,4059836,247,651321344,29.94
37.971,554816,2711168,0,3265984,4059836,247,651321344,29.94
38.071,520004,2709120,0,3229124,4059836,247,651321344,29.94
38.172,519752,2709124,0,3228876,4059836,248,651325440,29.94
38.272,511244,2709124,0,3220368,4059836,248,651325440,29.94
38.372,484104,2731652,0,3215756,4059836,248,651325440,29.94
38.473,553648,2729604,0,3283252,4059836,248,651325440,29.94
38.573,519668,2764436,0,3284104,4059836,248,651325440,29.94
38.673,484104,2813588,0,3297692,4059836,248,651325440,33.39
38.774,556712,2817684,0,3374396,4059836,248,651325440,33.39
38.874,521272,2860692,0,3381964,4059836,248,651325440,33.39
38.975,484104,2907796,0,3391900,4059836,248,651325440,33.39
39.075,555492,2907796,0,3463288,4059836,248,651325440,33.39
39.175,519176,2971284,0,3490460,4059836,248,651325440,33.39
39.276,484104,3031460,0,3515564,4059836,248,651325440,33.39
39.376,550864,3031460,0,3582324,4059836,248,651325440,33.39
39.476,491752,3112624,0,3604376,4059836,250,652365824,33.39
39.577,484104,3197548,0,3681652,4059836,251,662671360,33.39
39.677,544640,3197548,0,3742188,4059836,251,662671360,33.39
39.778,558584,3302504,0,3861088,4059836,294,700997632,33.39
39.878,558584,3444308,0,4002892,4059836,302,701009920,33.39
39.979,558584,3449768,0,4008352,4059836,302,701009920,33.39
40.079,558584,3449768,0,4008352,4059836,302,701009920,33.39
40.180,558584,3449768,0,4008352,4059836,302,701009920,33.39
40.280,558584,3449768,0,4008352,4059836,302,701009920,33.39
40.381,558584,3449768,0,4008352,4059836,302,701009920,33.39
40.481,558584,3449768,0,4008352,4059836,302,701009920,33.39
40.581,558584,3449768,0,4008352,4059836,302,701009920,32.59
40.682,558584,3449768,0,4008352,4059836,302,701009920,32.59
40.782,558584,3449768,0,4008352,4059836,302,701009920,32.59
40.883,558584,3449768,0,4008352,4059836,302,701009920,32.59
40.983,558584,3449768,0,4008352,4059836,303,701009920,32.59
41.083,558584,3449768,0,4008352,4059836,303,701009920,32.59
41.184,558584,3449768,0,4008352,4059836,303,701009920,32.59
41.284,558584,3449768,0,4008352,4059836,303,701009920,32.59
41.384,558584,3449768,0,4008352,4059836,303,701009920,32.59
41.485,558584,3449768,0,4008352,4059836,303,701009920,32.59
41.585,558584,3449768,0,4008352,4059836,303,701009920,32.59
41.685,558584,3449768,0,4008352,4059836,303,701009920,32.59
41.786,558584,3449768,0,4008352,4059836,303,701009920,32.59
41.886,558584,3449768,0,4008352,4059836,303,701009920,32.59
41.987,558584,3440352,0,3998936,4059836,307,701009920,32.59
42.087,558584,3444272,0,4002856,4059836,311,701014016,32.59
42.188,558584,3285456,0,3844040,4059836,313,701042688,32.59
42.288,558584,3284268,0,3842852,4059836,314,701042688,32.59
42.389,558584,3296132,0,3854716,4059836,315,705728512,32.59
42.489,558584,3430776,0,3989360,4059836,315,705728512,36.11
42.590,558584,3441212,0,3999796,4059836,315,705728512,36.11
42.690,558584,3445676,0,4004260,4059836,315,705728512,36.11
42.791,558584,3441516,0,4000100,4059836,315,705728512,36.11
42.891,558584,3446892,0,4005476,4059836,315,705728512,36.11
42.992,558584,3430924,0,3989508,4059836,316,726700032,36.11
43.092,558584,3436172,0,3994756,4059836,317,868143104,36.11
43.192,558584,3435368,0,3993952,4059836,318,1044312064,36.11
43.293,558584,2760048,0,3318632,4059836,319,1120047104,36.11
43.393,558584,2805232,0,3363816,4059836,319,1145212928,36.11
43.493,558584,2940776,0,3499360,4059836,319,1212321792,36.11
43.594,558584,3205400,0,3763984,4059836,323,1334407168,36.11
43.694,484756,3213240,0,3697996,4059836,324,1342435328,36.11
43.795,558572,3213252,0,3771824,4059836,324,1342435328,36.11
43.895,524964,3213252,0,3738216,4059836,324,1342435328,36.11
43.995,484104,3213268,0,3697372,4059836,325,1342451712,36.11
44.096,555864,3213272,0,3769136,4059836,325,1342451712,36.11
44.196,484104,3213288,0,3697392,4059836,326,1342468096,36.11
44.297,537608,3213288,0,3750896,4059836,326,1342468096,36.11
44.397,485400,3213288,0,3698688,4059836,326,1342468096,36.11
44.498,520428,3213288,0,3733716,4059836,326,1342468096,31.56
44.598,543428,3213288,0,3756716,4059836,326,1342468096,31.56
44.698,489776,3213288,0,3703064,4059836,326,1342468096,31.56
44.799,560520,3213288,0,3773808,4059836,326,1342468096,31.56
44.899,506464,3213288,0,3719752,4059836,326,1342468096,31.56
45.000,484104,3213288,0,3697392,4059836,326,1342468096,31.56
45.100,544932,3213288,0,3758220,4059836,326,1342468096,31.56
45.201,501072,3213304,0,3714376,4059836,326,1342468096,31.56
45.301,484104,3213316,0,3697420,4059836,326,1342468096,31.56
45.401,546008,3213316,0,3759324,4059836,326,1342468096,31.56
45.502,494468,3213316,0,3707784,4059836,326,1342468096,31.56
45.602,560536,3213316,0,3773852,4059836,326,1342468096,31.56
45.702,515352,3213316,0,3728668,4059836,326,1342468096,31.56
45.803,486264,3213316,0,3699580,4059836,326,1342468096,31.56
45.904,545136,3213316,0,3758452,4059836,326,1342468096,31.56
46.004,559176,3213316,0,3772492,4059836,326,1342468096,31.56
46.104,537932,3213316,0,3751248,4059836,326,1342468096,31.56
46.205,490040,3213316,0,3703356,4059836,326,1342468096,31.56
46.305,484104,3213316,0,3697420,4059836,326,1342468096,31.56
46.405,553680,3213316,0,3766996,4059836,326,1342468096,26.93
46.506,523332,3213316,0,3736648,4059836,326,1342468096,26.93
46.606,484104,3213316,0,3697420,4059836,326,1342468096,26.93
46.706,562540,3213316,0,3775856,4059836,326,1342468096,26.93
46.807,507372,3213316,0,3720688,4059836,326,1342468096,26.93
46.907,484104,3213316,0,3697420,4059836,326,1342468096,26.93
47.007,553900,3213316,0,3767216,4059836,326,1342468096,26.93
47.108,530440,3213316,0,3743756,4059836,326,1342468096,26.93
47.208,484104,3213316,0,3697420,4059836,326,1342468096,26.93
47.309,562108,3213316,0,3775424,4059836,326,1342468096,26.93
47.409,539980,3213316,0,3753296,4059836,326,1342468096,26.93
47.509,523160,3213316,0,3736476,4059836,326,1342468096,26.93
47.610,484104,3213316,0,3697420,4059836,326,1342468096,26.93
47.710,562140,3213316,0,3775456,4059836,326,1342468096,26.93
47.810,527200,3213316,0,3740516,4059836,326,1342468096,26.93
47.911,559204,1136508,0,1695712,4059836,327,1342672896,26.93
48.011,531360,1162244,0,1693604,4059836,327,1342672896,26.93
48.112,565168,1169412,0,1734580,4059836,327,1342672896,26.93
49.439,565168,1169412,0,1734580,4059836,327,1342672896,26.58
49.547,565168,1169412,0,1734580,4059836,327,1342672896,26.58
49.655,565168,1169412,0,1734580,4059836,327,1342672896,26.58
49.763,565168,1169412,0,1734580,4059836,327,1342672896,26.58
49.871,565168,1169412,0,1734580,4059836,327,1342672896,26.58
49.979,565168,1169412,0,1734580,4059836,327,1342672896,26.58
50.087,565168,1177604,0,1742772,4059836,327,1342672896,26.58
50.187,519152,1245188,0,1764340,4059836,327,1342672896,26.58
50.287,524220,1328180,0,1852400,4059836,327,1342672896,32.81
50.388,542216,1328180,0,1870396,4059836,327,1342672896,32.81
50.488,504848,1411444,0,1916292,4059836,327,1342672896,32.81
50.588,544612,1411444,0,1956056,4059836,327,1342672896,32.81
50.689,484104,1491812,0,1975916,4059836,327,1342672896,32.81
50.789,559140,1491812,0,2050952,4059836,327,1342672896,32.81
50.889,565456,1558464,0,2123920,4059836,334,1409900544,32.81
50.990,565456,1756148,0,2321604,4059836,335,1533632512,32.81
51.091,565456,2062324,0,2627780,4059836,336,1648975872,32.81
51.191,565456,2143440,0,2708896,4059836,338,1682530304,32.81
51.292,565456,2156760,0,2722216,4059836,338,1749639168,32.81
51.392,565456,2207652,0,2773108,4059836,341,1810477056,32.81
51.493,565456,2237464,0,2802920,4059836,345,1865977856,32.81
51.593,565456,2245544,0,2811000,4059836,348,1891495936,32.81
51.694,565456,2279684,0,2845140,4059836,354,1910935552,32.81
51.794,565456,2292728,0,2858184,4059836,359,1940590592,32.81
51.895,565456,2287704,0,2853160,4059836,363,1974444032,32.81
51.995,565456,2286960,0,2852416,4059836,371,2018078720,32.81
52.095,565456,2284456,0,2849912,4059836,375,2064326656,32.81
52.196,565456,2293480,0,2858936,4059836,378,2106445824,28.86
52.296,565456,2369840,0,2935296,4059836,381,2173648896,28.86
52.397,565456,2435540,0,3000996,4059836,386,2266120192,28.86
52.497,565456,2613000,0,3178456,4059836,387,2413424640,28.86
52.597,565456,2728488,0,3293944,4059836,388,2514132992,28.86
52.698,565456,2757308,0,3322764,4059836,388,2530910208,28.86
52.798,565456,2831220,0,3396676,4059836,389,2623246336,28.86
52.899,565456,2871608,0,3437064,4059836,391,2707263488,28.86
52.999,565456,2944568,0,3510024,4059836,391,2807926784,28.86
53.099,565456,3245836,0,3811292,4059836,391,2967199744,28.86
53.200,565456,3543592,0,4109048,4109048,391,3126583296,28.86
53.300,565456,3534160,0,4099616,4117544,392,3255443456,28.86
53.400,565456,3536220,0,4101676,4117544,392,3389661184,28.86
53.501,565456,3533864,0,4099320,4117544,392,3414827008,28.86
53.601,565456,3533928,0,4099384,4117544,392,3423215616,28.86
53.702,565456,3542752,0,4108208,4117544,394,3509415936,28.86
53.802,565456,3539780,0,4105236,4117544,395,3693969408,28.86
53.903,565456,3545260,0,4110716,4120892,397,3824013312,28.86
54.003,484104,3507528,0,3991632,4120892,408,3989159936,28.86
54.103,552772,3507528,0,4060300,4120892,408,3989159936,24.54
54.204,484104,3497176,0,3981280,4120892,408,4087726080,24.54
54.305,549456,3497176,0,4046632,4120892,408,4087726080,24.54
54.405,484104,3496392,0,3980496,4120892,409,4177920000,24.54
54.505,561356,3496392,0,4057748,4120892,409,4177920000,24.54
54.605,484104,3508000,0,3992104,4120892,409,4253417472,24.54
54.706,565776,3495088,0,4060864,4120892,410,4295426048,24.54
54.806,523640,3509424,0,4033064,4120892,410,4316397568,24.54
54.907,489572,3512528,0,4002100,4120892,410,4316397568,24.54
55.007,546260,3512528,0,4058788,4120892,410,4316397568,24.54
55.108,567984,3515568,0,4083552,4120892,410,4316397568,24.54
55.208,536524,3513520,0,4050044,4120892,410,4316397568,24.54
55.308,528128,3508180,0,4036308,4120892,410,4324786176,24.54
55.409,543976,3508180,0,4052156,4120892,410,4324786176,24.54
55.509,489480,3505904,0,3995384,4120892,412,4376166400,24.54
55.609,544976,3505904,0,4050880,4120892,412,4376166400,24.54
55.710,484320,3512580,0,3996900,4120892,412,4460052480,24.54
55.810,559748,3512580,0,4072328,4120892,412,4460052480,24.54
55.911,484320,3513124,0,3997444,4120892,413,4535599104,24.54
56.011,568400,3508708,0,4077108,4120892,414,4548182016,24.54
56.112,511944,3516228,0,4028172,4120892,414,4577542144,22.81
56.212,513064,3495780,0,4008844,4120892,415,4603101184,22.81
56.312,547508,3495780,0,4043288,4120892,415,4603101184,22.81
56.413,494928,3495812,0,3990740,4120892,415,4603101184,22.81
56.513,570464,3489700,0,4060164,4120892,415,4611489792,22.81
56.613,537976,3489700,0,4027676,4120892,415,4611489792,22.81
56.714,484320,3493144,0,3977464,4120892,417,4642947072,22.81
56.814,548172,3493144,0,4041316,4120892,417,4642947072,22.81
56.915,484320,3480352,0,3964672,4120892,421,4743684096,22.81
57.015,556548,3480352,0,4036900,4120892,421,4743684096,22.81
57.115,484320,3487116,0,3971436,4120892,423,4787675136,22.81
57.216,566064,3480288,0,4046352,4120892,423,4806860800,22.81
57.316,530732,3480660,0,4011392,4120892,423,4806860800,22.81
57.416,484320,3479684,0,3964004,4120892,423,4806860800,22.81
57.517,554356,3479684,0,4034040,4120892,423,4806860800,22.81
57.617,509360,3480740,0,3990100,4120892,423,4811055104,22.81
57.717,568604,3471312,0,4039916,4120892,424,4833251328,22.81
57.818,531892,3470532,0,4002424,4120892,424,4858417152,22.81
57.918,484320,3472604,0,3956924,4120892,424,4946497536,22.81
58.018,558696,3472604,0,4031300,4120892,424,4946497536,21.21
58.119,512084,3492080,0,4004164,4120892,424,4988440576,21.21
58.220,534464,3493584,0,4028048,4120892,424,4988440576,21.21
58.320,534464,3493584,0,4028048,4120892,424,4988440576,21.21
58.421,534464,3493584,0,4028048,4120892,424,4988440576,21.21
58.521,534464,3493584,0,4028048,4120892,424,4988440576,21.21
58.621,534464,3493584,0,4028048,4120892,424,4988440576,21.21
58.721,534464,3493584,0,4028048,4120892,424,4988440576,21.21
58.822,534464,3493584,0,4028048,4120892,424,4988440576,21.21
58.922,534464,3493584,0,4028048,4120892,424,4988440576,21.21
59.023,534464,3493584,0,4028048,4120892,424,4988440576,21.21
59.123,534464,3493584,0,4028048,4120892,424,4988440576,21.21
59.223,534464,3493584,0,4028048,4120892,424,4988440576,21.21
59.324,534464,3493584,0,4028048,4120892,424,4988440576,21.21
59.424,534464,3493584,0,4028048,4120892,424,4988440576,21.21
59.524,534464,3493584,0,4028048,4120892,424,4988440576,21.21
59.625,534464,3493584,0,4028048,4120892,424,4988440576,21.21
59.725,534464,3493584,0,4028048,4120892,424,4988440576,21.21
59.825,534464,3493584,0,4028048,4120892,424,4988440576,21.21
59.926,534464,3493584,0,4028048,4120892,424,4988440576,30.23
60.026,534464,3493584,0,4028048,4120892,424,4988440576,30.23
60.126,534464,3493584,0,4028048,4120892,424,4988440576,30.23
60.227,484320,3495592,0,3979912,4120892,426,5013970944,30.23
60.327,484320,3346288,0,3830608,4120892,478,5237190656,30.23
60.428,484320,3534892,0,4019212,4120892,490,5243916288,30.23
60.528,484320,3512840,0,3997160,4120892,493,5243920384,30.23
60.629,484320,3528104,0,4012424,4120892,494,5254406144,30.23
60.729,484320,3546088,0,4030408,4120892,502,5258801152,30.23
60.830,484320,3432796,0,3917116,4120892,516,5275910144,30.23
60.930,484320,3442064,0,3926384,4120892,517,5275910144,30.23
61.031,484320,3523992,0,4008312,4120892,517,5275910144,30.23
61.131,484320,3560880,0,4045200,4120892,517,5275910144,30.23
61.233,484320,3563020,0,4047340,4120892,517,5275910144,30.23
61.333,484320,3560448,0,4044768,4120892,517,5275910144,30.23
61.433,484320,3558440,0,4042760,4120892,518,5275914240,30.23
61.534,484320,3578820,0,4063140,4120892,518,5275914240,30.23
61.634,484320,3573168,0,4057488,4120892,518,5275914240,30.23
61.735,484320,3585456,0,4069776,4120892,518,5276254208,30.23
61.835,484320,2868660,0,3352980,4120892,519,5276319744,26.93
61.935,484320,3083716,0,3568036,4120892,519,5276319744,26.93
62.036,484320,3257304,0,3741624,4120892,520,5276323840,26.93
62.136,484320,910148,0,1394468,4120892,520,5276340224,26.93
62.236,435168,872008,0,1307176,4120892,520,5276397568,26.93
62.337,435168,872008,0,1307176,4120892,520,5276397568,26.93
62.437,435168,872008,0,1307176,4120892,520,5276397568,26.93
62.538,443144,872008,0,1315152,4120892,520,5276397568,26.93
62.638,457700,872008,0,1329708,4120892,520,5276397568,26.93
62.738,493256,872200,0,1365456,4120892,520,5276397568,26.93
62.839,502832,872200,0,1375032,4120892,520,5276397568,26.93
62.939,510440,872200,0,1382640,4120892,520,5276397568,26.93
63.039,517432,872200,0,1389632,4120892,520,5276397568,26.93
63.140,524524,872200,0,1396724,4120892,520,5276397568,26.93
63.240,531924,872200,0,1404124,4120892,520,5276397568,26.93
63.341,536564,872264,0,1408828,4120892,520,5276397568,26.93
63.735,536564,872264,0,1408828,4120892,520,5276397568,26.93
63.842,536564,872264,0,1408828,4120892,520,5276397568,28.21
63.950,536564,872264,0,1408828,4120892,520,5276397568,28.21
64.058,536564,872264,0,1408828,4120892,520,5276397568,28.21
64.166,536564,872264,0,1408828,4120892,520,5276397568,28.21
64.275,536564,872264,0,1408828,4120892,520,5276397568,28.21
64.375,536564,872264,0,1408828,4120892,520,5276397568,28.21
64.475,537240,872264,0,1409504,4120892,520,5276397568,28.21
64.576,537816,872264,0,1410080,4120892,520,5276397568,28.21
64.676,537816,872264,0,1410080,4120892,520,5276397568,28.21
64.776,537816,872264,0,1410080,4120892,520,5276397568,28.21
64.877,537816,872264,0,1410080,4120892,520,5276397568,28.21
64.977,537816,872264,0,1410080,4120892,520,5276397568,28.21
65.077,537816,872264,0,1410080,4120892,520,5276397568,28.21
65.177,539232,872264,0,1411496,4120892,520,5276397568,28.21
65.278,539992,872264,0,1412256,4120892,520,5276397568,28.21
65.378,540040,872264,0,1412304,4120892,520,5276397568,28.21
65.479,542136,872264,0,1414400,4120892,520,5276397568,28.21
65.579,542588,872264,0,1414852,4120892,520,5276397568,28.21
65.679,542964,872264,0,1415228,4120892,520,5276397568,28.21
65.780,544736,872264,0,1417000,4120892,520,5276397568,26.72
65.880,546484,872264,0,1418748,4120892,520,5276397568,26.72
65.981,547240,872264,0,1419504,4120892,520,5276397568,26.72
66.081,547560,872264,0,1419824,4120892,520,5276397568,26.72
66.181,547744,872264,0,1420008,4120892,520,5276397568,26.72
66.281,547744,872264,0,1420008,4120892,520,5276397568,26.72
66.382,547744,872264,0,1420008,4120892,520,5276397568,26.72
66.482,547744,872264,0,1420008,4120892,520,5276397568,26.72
66.583,547744,872264,0,1420008,4120892,520,5276397568,26.72
66.683,547744,872264,0,1420008,4120892,520,5276397568,26.72
66.783,547744,872264,0,1420008,4120892,520,5276397568,26.72
66.884,547744,872264,0,1420008,4120892,520,5276397568,26.72
66.984,547744,872264,0,1420008,4120892,520,5276397568,26.72
67.084,547744,872264,0,1420008,4120892,520,5276397568,26.72
67.185,548164,872264,0,1420428,4120892,520,5276397568,26.72
67.285,548432,872264,0,1420696,4120892,520,5276397568,26.72
67.385,548436,872264,0,1420700,4120892,520,5276397568,26.72
67.486,548444,872264,0,1420708,4120892,520,5276397568,26.72
67.586,548508,872264,0,1420772,4120892,520,5276397568,26.72
67.686,548508,872264,0,1420772,4120892,520,5276397568,22.78
67.787,548508,872264,0,1420772,4120892,520,5276397568,22.78
67.887,549728,872264,0,1421992,4120892,520,5276397568,22.78
67.987,549812,872264,0,1422076,4120892,520,5276397568,22.78
68.088,549936,872264,0,1422200,4120892,520,5276397568,22.78
68.188,550092,872264,0,1422356,4120892,520,5276397568,22.78
68.288,551504,872264,0,1423768,4120892,520,5276397568,22.78
68.389,551504,872264,0,1423768,4120892,520,5276397568,22.78
68.489,551504,872264,0,1423768,4120892,520,5276397568,22.78
68.589,551504,872264,0,1423768,4120892,520,5276397568,22.78
68.690,551504,872264,0,1423768,4120892,520,5276397568,22.78
68.790,551504,872264,0,1423768,4120892,520,5276397568,22.78
68.891,551504,872264,0,1423768,4120892,520,5276397568,22.78
68.991,551504,872264,0,1423768,4120892,520,5276397568,22.78
69.091,551504,872264,0,1423768,4120892,520,5276397568,22.78
69.192,551504,872264,0,1423768,4120892,520,5276397568,22.78
69.292,551504,872264,0,1423768,4120892,520,5276397568,22.78
69.392,551504,872264,0,1423768,4120892,520,5276397568,22.78
69.493,551504,872264,0,1423768,4120892,520,5276397568,22.78
69.593,551504,872264,0,1423768,4120892,520,5276397568,21.37
69.693,551504,872264,0,1423768,4120892,520,5276397568,21.37
69.794,551504,872264,0,1423768,4120892,520,5276397568,21.37
69.894,551516,872264,0,1423780,4120892,520,5276397568,21.37
69.994,551516,872264,0,1423780,4120892,520,5276397568,21.37
70.095,551516,872264,0,1423780,4120892,520,5276397568,21.37
70.195,551516,872264,0,1423780,4120892,520,5276397568,21.37
70.296,551548,872264,0,1423812,4120892,520,5276397568,21.37
70.396,551548,872264,0,1423812,4120892,520,5276397568,21.37
70.496,551548,872264,0,1423812,4120892,520,5276397568,21.37
70.597,551548,872264,0,1423812,4120892,520,5276397568,21.37
70.697,551548,872264,0,1423812,4120892,520,5276397568,21.37
70.797,551548,872264,0,1423812,4120892,520,5276397568,21.37
70.898,551548,872264,0,1423812,4120892,520,5276397568,21.37
70.998,551548,872264,0,1423812,4120892,520,5276397568,21.37
71.098,551548,872264,0,1423812,4120892,520,5276397568,21.37
71.199,551548,872264,0,1423812,4120892,520,5276397568,21.37
71.299,551548,872264,0,1423812,4120892,520,5276397568,21.37
71.400,551548,872264,0,1423812,4120892,520,5276397568,21.37
71.500,551548,872264,0,1423812,4120892,520,5276397568,19.67
71.600,551548,872264,0,1423812,4120892,520,5276397568,19.67
71.701,551548,872264,0,1423812,4120892,520,5276397568,19.67
71.801,551548,872264,0,1423812,4120892,520,5276397568,19.67
71.901,551548,872264,0,1423812,4120892,520,5276397568,19.67
72.002,551548,872264,0,1423812,4120892,520,5276397568,19.67
72.102,551548,872264,0,1423812,4120892,520,5276397568,19.67
72.203,551548,872264,0,1423812,4120892,520,5276397568,19.67
72.303,551548,872264,0,1423812,4120892,520,5276397568,19.67
72.403,551548,872264,0,1423812,4120892,520,5276397568,19.67
72.504,551548,872264,0,1423812,4120892,520,5276397568,19.67
72.604,551548,872264,0,1423812,4120892,520,5276397568,19.67
72.705,551548,872264,0,1423812,4120892,520,5276397568,19.67
72.805,551548,872264,0,1423812,4120892,520,5276397568,19.67
72.905,551548,872264,0,1423812,4120892,520,5276397568,19.67
73.006,551548,872264,0,1423812,4120892,520,5276397568,19.67
73.106,551548,872264,0,1423812,4120892,520,5276397568,19.67
73.206,551548,872264,0,1423812,4120892,520,5276397568,19.67
73.307,551548,872264,0,1423812,4120892,520,5276397568,19.67
73.407,551548,872264,0,1423812,4120892,520,5276397568,19.67
73.508,551548,872264,0,1423812,4120892,520,5276397568,17.38
73.608,551548,872264,0,1423812,4120892,520,5276397568,17.38
73.708,551548,872264,0,1423812,4120892,520,5276397568,17.38
73.809,551548,872264,0,1423812,4120892,520,5276397568,17.38
73.909,551548,872264,0,1423812,4120892,520,5276397568,17.38
74.009,551548,872264,0,1423812,4120892,520,5276397568,17.38
74.109,551548,872264,0,1423812,4120892,520,5276397568,17.38
74.210,551548,872264,0,1423812,4120892,520,5276397568,17.38
74.310,551548,872264,0,1423812,4120892,520,5276397568,17.38
74.411,551548,872264,0,1423812,4120892,520,5276397568,17.38
74.511,551548,872264,0,1423812,4120892,520,5276397568,17.38
74.611,551548,872264,0,1423812,4120892,520,5276397568,17.38
74.712,551548,872264,0,1423812,4120892,520,5276397568,17.38
74.812,551548,872264,0,1423812,4120892,520,5276397568,17.38
74.912,551548,872264,0,1423812,4120892,520,5276397568,17.38
75.013,551548,872264,0,1423812,4120892,520,5276397568,17.38
75.113,551548,872264,0,1423812,4120892,520,5276397568,17.38
75.213,551548,872264,0,1423812,4120892,520,5276397568,17.38
75.314,551548,872264,0,1423812,4120892,520,5276397568,17.38
75.414,551548,872264,0,1423812,4120892,520,5276397568,16.94
75.514,551548,872264,0,1423812,4120892,520,5276397568,16.94
75.615,551548,872264,0,1423812,4120892,520,5276397568,16.94
75.715,551548,872264,0,1423812,4120892,520,5276397568,16.94
75.816,551548,872264,0,1423812,4120892,520,5276397568,16.94
75.916,551548,872264,0,1423812,4120892,520,5276397568,16.94
76.016,551548,872264,0,1423812,4120892,520,5276397568,16.94
76.117,551548,872264,0,1423812,4120892,520,5276397568,16.94
76.217,551548,872264,0,1423812,4120892,520,5276397568,16.94
76.317,551548,872264,0,1423812,4120892,520,5276397568,16.94
76.418,551548,872264,0,1423812,4120892,520,5276397568,16.94
76.518,551548,872264,0,1423812,4120892,520,5276397568,16.94
76.618,551548,872264,0,1423812,4120892,520,5276397568,16.94
76.719,551548,872264,0,1423812,4120892,520,5276397568,16.94
76.819,551548,872264,0,1423812,4120892,520,5276397568,16.94
76.919,551548,872264,0,1423812,4120892,520,5276397568,16.94
77.020,551548,872264,0,1423812,4120892,520,5276397568,16.94
77.120,551548,872264,0,1423812,4120892,520,5276397568,16.94
77.221,551548,872264,0,1423812,4120892,520,5276397568,16.94
77.321,551548,872264,0,1423812,4120892,520,5276397568,16.94
77.421,551548,872264,0,1423812,4120892,520,5276397568,13.87
77.522,551548,872264,0,1423812,4120892,520,5276397568,13.87
77.622,551548,872264,0,1423812,4120892,520,5276397568,13.87
77.722,551548,872264,0,1423812,4120892,520,5276397568,13.87
77.823,551548,872264,0,1423812,4120892,520,5276397568,13.87
77.923,551548,872264,0,1423812,4120892,520,5276397568,13.87
78.024,551548,872264,0,1423812,4120892,520,5276397568,13.87
78.124,551548,872264,0,1423812,4120892,520,5276397568,13.87
78.224,551548,872264,0,1423812,4120892,520,5276397568,13.87
78.325,551548,872264,0,1423812,4120892,520,5276397568,13.87
78.425,551548,872264,0,1423812,4120892,520,5276397568,13.87
78.525,551548,872264,0,1423812,4120892,520,5276397568,13.87
78.626,551548,872264,0,1423812,4120892,520,5276397568,13.87
78.726,551548,872264,0,1423812,4120892,520,5276397568,13.87
78.827,551548,872264,0,1423812,4120892,520,5276397568,13.87
78.927,551548,872264,0,1423812,4120892,520,5276397568,13.87
79.027,551548,872264,0,1423812,4120892,520,5276397568,13.87
79.128,551548,872264,0,1423812,4120892,520,5276397568,13.87
79.228,551548,872264,0,1423812,4120892,520,5276397568,13.87
79.328,551548,872264,0,1423812,4120892,520,5276397568,14.62
79.429,551548,872264,0,1423812,4120892,520,5276397568,14.62
79.529,551548,872264,0,1423812,4120892,520,5276397568,14.62
79.630,551548,872264,0,1423812,4120892,520,5276397568,14.62
79.730,551548,872264,0,1423812,4120892,520,5276397568,14.62
79.830,551548,872264,0,1423812,4120892,520,5276397568,14.62
79.931,551548,872264,0,1423812,4120892,520,5276397568,14.62
80.031,551548,872264,0,1423812,4120892,520,5276397568,14.62
80.132,551548,872264,0,1423812,4120892,520,5276397568,14.62
80.232,551548,872264,0,1423812,4120892,520,5276397568,14.62
80.332,551548,872264,0,1423812,4120892,520,5276397568,14.62
80.433,551548,872264,0,1423812,4120892,520,5276397568,14.62
80.533,551548,872264,0,1423812,4120892,520,5276397568,14.62
80.633,551548,872264,0,1423812,4120892,520,5276397568,14.62
80.734,551548,872264,0,1423812,4120892,520,5276397568,14.62
80.834,551548,872264,0,1423812,4120892,520,5276397568,14.62
80.934,551548,872264,0,1423812,4120892,520,5276397568,14.62
81.035,551548,872264,0,1423812,4120892,520,5276397568,14.62
81.135,551548,872264,0,1423812,4120892,520,5276397568,14.62
81.235,551548,872264,0,1423812,4120892,520,5276397568,13.06
81.336,551548,872264,0,1423812,4120892,520,5276397568,13.06
81.436,551548,872264,0,1423812,4120892,520,5276401664,13.06
81.536,551548,872264,0,1423812,4120892,520,5276401664,13.06
81.637,551548,872264,0,1423812,4120892,520,5276401664,13.06
81.737,551548,872264,0,1423812,4120892,520,5276401664,13.06
81.838,551548,872264,0,1423812,4120892,520,5276401664,13.06
81.938,551548,872264,0,1423812,4120892,520,5276401664,13.06
82.038,551548,872264,0,1423812,4120892,520,5276401664,13.06
82.139,551548,872264,0,1423812,4120892,520,5276401664,13.06
82.239,551548,872264,0,1423812,4120892,520,5276401664,13.06
82.339,551548,872264,0,1423812,4120892,520,5276401664,13.06
82.440,551548,872264,0,1423812,4120892,520,5276401664,13.06
82.540,551548,872264,0,1423812,4120892,520,5276401664,13.06
82.641,551548,872264,0,1423812,4120892,520,5276401664,13.06
82.741,551548,872264,0,1423812,4120892,520,5276401664,13.06
82.841,551548,872264,0,1423812,4120892,520,5276401664,13.06
82.942,551548,872264,0,1423812,4120892,520,5276401664,13.06
83.042,551548,872264,0,1423812,4120892,520,5276401664,13.06
83.142,551548,872264,0,1423812,4120892,520,5276401664,13.06
83.243,551548,872264,0,1423812,4120892,520,5276401664,12.68
83.343,551548,872264,0,1423812,4120892,520,5276401664,12.68
83.443,551548,872264,0,1423812,4120892,520,5276401664,12.68
83.544,551548,872264,0,1423812,4120892,520,5276401664,12.68
83.644,551548,872264,0,1423812,4120892,520,5276401664,12.68
83.745,551548,872264,0,1423812,4120892,520,5276401664,12.68
83.845,551548,872264,0,1423812,4120892,520,5276401664,12.68
83.946,551548,872264,0,1423812,4120892,520,5276401664,12.68
84.046,551548,872264,0,1423812,4120892,520,5276401664,12.68
84.147,551548,872264,0,1423812,4120892,520,5276401664,12.68
84.247,551548,872264,0,1423812,4120892,520,5276401664,12.68
84.347,551548,872264,0,1423812,4120892,520,5276401664,12.68
84.448,551548,872264,0,1423812,4120892,520,5276401664,12.68
84.548,551548,872264,0,1423812,4120892,520,5276401664,12.68
84.648,551548,872264,0,1423812,4120892,520,5276401664,12.68
84.749,551548,872264,0,1423812,4120892,520,5276401664,12.68
84.849,551548,872264,0,1423812,4120892,520,5276401664,12.68
84.950,551548,872264,0,1423812,4120892,520,5276401664,12.68
85.050,551548,872264,0,1423812,4120892,520,5276401664,12.68
85.150,551548,872264,0,1423812,4120892,520,5276401664,14.19
85.251,551548,872264,0,1423812,4120892,520,5276401664,14.19
85.351,551548,872264,0,1423812,4120892,520,5276401664,14.19
85.451,551548,872264,0,1423812,4120892,520,5276401664,14.19
85.552,551548,872264,0,1423812,4120892,520,5276401664,14.19
85.652,551548,872264,0,1423812,4120892,520,5276401664,14.19
85.753,551552,872264,0,1423816,4120892,520,5276401664,14.19
85.853,551660,872264,0,1423924,4120892,520,5276401664,14.19
85.953,551660,872264,0,1423924,4120892,520,5276401664,14.19
86.053,551660,872264,0,1423924,4120892,520,5276401664,14.19
86.154,551660,872264,0,1423924,4120892,520,5276401664,14.19
86.254,551660,872264,0,1423924,4120892,520,5276401664,14.19
86.354,551660,872264,0,1423924,4120892,520,5276401664,14.19
86.455,551660,872264,0,1423924,4120892,520,5276401664,14.19
86.555,551660,872264,0,1423924,4120892,520,5276401664,14.19
86.656,551660,872264,0,1423924,4120892,520,5276401664,14.19
86.756,551660,872264,0,1423924,4120892,520,5276401664,14.19
86.856,551660,872264,0,1423924,4120892,520,5276401664,14.19
86.957,551660,872264,0,1423924,4120892,520,5276401664,14.19
87.057,551660,872264,0,1423924,4120892,520,5276401664,11.62
87.157,551660,872264,0,1423924,4120892,520,5276401664,11.62
87.258,551660,872264,0,1423924,4120892,520,5276401664,11.62
87.358,551660,872264,0,1423924,4120892,520,5276401664,11.62
87.458,551660,872264,0,1423924,4120892,520,5276401664,11.62
87.559,551660,872264,0,1423924,4120892,520,5276401664,11.62
87.659,551660,872264,0,1423924,4120892,520,5276401664,11.62
87.759,551660,872264,0,1423924,4120892,520,5276401664,11.62
87.860,551660,872264,0,1423924,4120892,520,5276401664,11.62
87.960,551660,872264,0,1423924,4120892,520,5276401664,11.62
88.060,551660,872264,0,1423924,4120892,520,5276401664,11.62
88.161,551660,872264,0,1423924,4120892,520,5276401664,11.62
88.261,551660,872264,0,1423924,4120892,520,5276401664,11.62
88.361,551660,872264,0,1423924,4120892,520,5276401664,11.62
88.462,551660,872264,0,1423924,4120892,520,5276401664,11.62
88.562,551660,872264,0,1423924,4120892,520,5276401664,11.62
88.663,551660,872264,0,1423924,4120892,520,5276401664,11.62
88.763,551660,872264,0,1423924,4120892,520,5276401664,11.62
88.863,551660,872264,0,1423924,4120892,520,5276401664,11.62
88.964,551660,872264,0,1423924,4120892,520,5276401664,12.95
89.064,551660,872264,0,1423924,4120892,520,5276401664,12.95
89.164,551660,872264,0,1423924,4120892,520,5276401664,12.95
89.265,551660,872264,0,1423924,4120892,520,5276401664,12.95
89.365,551660,872264,0,1423924,4120892,520,5276401664,12.95
89.465,551660,872264,0,1423924,4120892,520,5276401664,12.95
89.566,551660,872264,0,1423924,4120892,520,5276401664,12.95
89.666,551660,872264,0,1423924,4120892,520,5276401664,12.95
89.767,551660,872264,0,1423924,4120892,520,5276401664,12.95
89.867,551660,872264,0,1423924,4120892,520,5276401664,12.95
89.967,551660,872264,0,1423924,4120892,520,5276401664,12.95
90.068,551660,872264,0,1423924,4120892,520,5276401664,12.95
90.168,551660,872264,0,1423924,4120892,520,5276401664,12.95
90.269,551660,872264,0,1423924,4120892,520,5276401664,12.95
90.369,551660,872264,0,1423924,4120892,520,5276401664,12.95
90.469,551660,872264,0,1423924,4120892,520,5276401664,12.95
90.570,551660,872264,0,1423924,4120892,520,5276401664,12.95
90.670,551660,872264,0,1423924,4120892,520,5276401664,12.95
90.770,551660,872264,0,1423924,4120892,520,5276401664,12.95
90.871,551660,872264,0,1423924,4120892,520,5276401664,10.61
90.971,551660,872264,0,1423924,4120892,520,5276401664,10.61
91.071,551660,872264,0,1423924,4120892,520,5276401664,10.61
91.172,551660,872264,0,1423924,4120892,520,5276401664,10.61
91.272,551660,872264,0,1423924,4120892,520,5276401664,10.61
91.372,551660,872264,0,1423924,4120892,520,5276401664,10.61
91.473,551660,872264,0,1423924,4120892,520,5276401664,10.61
91.573,551660,872264,0,1423924,4120892,520,5276401664,10.61
91.673,551660,872264,0,1423924,4120892,520,5276401664,10.61
91.774,551660,872264,0,1423924,4120892,520,5276401664,10.61
91.874,551660,872264,0,1423924,4120892,520,5276401664,10.61
91.974,551660,872264,0,1423924,4120892,520,5276401664,10.61
92.075,551660,872264,0,1423924,4120892,520,5276401664,10.61
92.175,551660,872264,0,1423924,4120892,520,5276401664,10.61
92.276,551660,872264,0,1423924,4120892,520,5276401664,10.61
92.376,551660,872264,0,1423924,4120892,520,5276401664,10.61
92.477,551660,872264,0,1423924,4120892,520,5276401664,10.61
92.577,551660,872264,0,1423924,4120892,520,5276405760,10.61
92.677,551660,872264,0,1423924,4120892,520,5276405760,10.61
92.778,551660,872264,0,1423924,4120892,520,5276405760,12.13
92.878,551660,872264,0,1423924,4120892,520,5276405760,12.13
92.978,551660,872264,0,1423924,4120892,520,5276405760,12.13
93.079,551660,872264,0,1423924,4120892,520,5276405760,12.13
93.179,551660,872264,0,1423924,4120892,520,5276405760,12.13
93.280,551660,872264,0,1423924,4120892,520,5276405760,12.13
93.380,551660,872264,0,1423924,4120892,520,5276405760,12.13
93.480,551660,872264,0,1423924,4120892,520,5276405760,12.13
93.580,551660,872264,0,1423924,4120892,520,5276405760,12.13
93.681,551660,872264,0,1423924,4120892,520,5276405760,12.13
93.781,551660,872264,0,1423924,4120892,520,5276405760,12.13
93.881,551660,872264,0,1423924,4120892,520,5276405760,12.13
93.982,551660,872264,0,1423924,4120892,520,5276405760,12.13
94.082,551660,872264,0,1423924,4120892,520,5276405760,12.13
94.182,551660,872264,0,1423924,4120892,520,5276405760,12.13
94.283,551660,872264,0,1423924,4120892,520,5276405760,12.13
94.383,551660,872264,0,1423924,4120892,520,5276405760,12.13
94.483,551660,872264,0,1423924,4120892,520,5276405760,12.13
94.584,554092,872264,0,1426356,4120892,520,5276405760,12.13
94.684,555760,872264,0,1428024,4120892,520,5276405760,11.92
94.785,555760,872264,0,1428024,4120892,520,5276405760,11.92
94.885,555760,872264,0,1428024,4120892,520,5276405760,11.92
94.985,555760,872264,0,1428024,4120892,520,5276405760,11.92
95.086,555760,872264,0,1428024,4120892,520,5276405760,11.92
95.186,555760,872264,0,1428024,4120892,520,5276405760,11.92
95.286,555760,872264,0,1428024,4120892,520,5276405760,11.92
95.387,555760,872264,0,1428024,4120892,520,5276405760,11.92
95.487,555760,872264,0,1428024,4120892,520,5276405760,11.92
95.587,555760,872264,0,1428024,4120892,520,5276405760,11.92
95.688,555760,872264,0,1428024,4120892,520,5276405760,11.92
95.788,555760,872264,0,1428024,4120892,520,5276405760,11.92
95.888,555760,872264,0,1428024,4120892,520,5276405760,11.92
95.989,555760,872264,0,1428024,4120892,520,5276405760,11.92
96.089,555760,872264,0,1428024,4120892,520,5276405760,11.92
96.189,555760,872264,0,1428024,4120892,520,5276405760,11.92
96.290,555760,872264,0,1428024,4120892,520,5276405760,11.92
96.390,555760,872264,0,1428024,4120892,520,5276405760,11.92
96.490,555760,872264,0,1428024,4120892,520,5276405760,11.92
96.591,555760,872264,0,1428024,4120892,520,5276405760,11.92
96.691,555760,872264,0,1428024,4120892,520,5276405760,11.21
96.792,555760,872264,0,1428024,4120892,520,5276405760,11.21
96.892,555760,872264,0,1428024,4120892,520,5276405760,11.21
96.992,555760,872264,0,1428024,4120892,520,5276409856,11.21
97.093,555760,872264,0,1428024,4120892,520,5276409856,11.21
97.193,555760,872264,0,1428024,4120892,520,5276409856,11.21
97.294,555760,872264,0,1428024,4120892,520,5276409856,11.21
97.394,555760,872264,0,1428024,4120892,520,5276409856,11.21
97.494,555760,872264,0,1428024,4120892,520,5276409856,11.21
97.595,555760,872264,0,1428024,4120892,520,5276409856,11.21
97.695,555760,872264,0,1428024,4120892,520,5276409856,11.21
97.795,555760,872264,0,1428024,4120892,520,5276409856,11.21
97.896,555760,872264,0,1428024,4120892,520,5276409856,11.21
97.996,555760,872264,0,1428024,4120892,520,5276409856,11.21
98.096,555760,872264,0,1428024,4120892,520,5276409856,11.21
98.197,555760,872264,0,1428024,4120892,520,5276409856,11.21
98.297,555760,872264,0,1428024,4120892,520,5276409856,11.21
98.397,555760,872264,0,1428024,4120892,520,5276409856,11.21
98.498,555760,872264,0,1428024,4120892,520,5276409856,11.21
98.598,555760,872264,0,1428024,4120892,520,5276409856,12.8
98.699,555760,872264,0,1428024,4120892,520,5276409856,12.8
98.799,555760,872264,0,1428024,4120892,520,5276409856,12.8
98.899,555760,872264,0,1428024,4120892,520,5276409856,12.8
99.000,555760,872264,0,1428024,4120892,520,5276409856,12.8
99.100,555760,872264,0,1428024,4120892,520,5276409856,12.8
99.200,555760,872264,0,1428024,4120892,520,5276409856,12.8
99.301,555760,872264,0,1428024,4120892,520,5276409856,12.8
99.401,555760,872264,0,1428024,4120892,520,5276409856,12.8
99.501,555760,872264,0,1428024,4120892,520,5276409856,12.8
99.602,555760,872264,0,1428024,4120892,520,5276409856,12.8
99.702,555760,872264,0,1428024,4120892,520,5276409856,12.8
99.803,555760,872264,0,1428024,4120892,520,5276409856,12.8
99.903,555760,872264,0,1428024,4120892,520,5276409856,12.8
100.003,555760,872264,0,1428024,4120892,520,5276409856,12.8
100.104,555760,872264,0,1428024,4120892,520,5276409856,12.8
100.204,555760,872264,0,1428024,4120892,520,5276409856,12.8
100.305,555760,872264,0,1428024,4120892,520,5276409856,12.8
100.405,555760,872264,0,1428024,4120892,520,5276409856,12.8
100.505,555760,872264,0,1428024,4120892,520,5276409856,10.48
100.606,555760,872264,0,1428024,4120892,520,5276409856,10.48
100.706,555760,872264,0,1428024,4120892,520,5276409856,10.48
100.806,555760,872264,0,1428024,4120892,520,5276409856,10.48
100.907,555760,872264,0,1428024,4120892,520,5276409856,10.48
101.007,555760,872264,0,1428024,4120892,520,5276409856,10.48
101.108,555760,872264,0,1428024,4120892,520,5276409856,10.48
101.208,555760,872264,0,1428024,4120892,520,5276409856,10.48
101.308,555760,872264,0,1428024,4120892,520,5276409856,10.48
101.408,555760,872264,0,1428024,4120892,520,5276409856,10.48
101.509,555760,872264,0,1428024,4120892,520,5276409856,10.48
101.609,555760,872264,0,1428024,4120892,520,5276409856,10.48
101.709,555760,872264,0,1428024,4120892,520,5276409856,10.48
101.810,555760,872264,0,1428024,4120892,520,5276409856,10.48
101.910,555760,872264,0,1428024,4120892,520,5276409856,10.48
102.011,555760,872264,0,1428024,4120892,520,5276409856,10.48
102.111,555760,872264,0,1428024,4120892,520,5276409856,10.48
102.211,555760,872264,0,1428024,4120892,520,5276409856,10.48
102.312,555760,872264,0,1428024,4120892,520,5276409856,10.48
102.412,555760,872264,0,1428024,4120892,520,5276409856,13.11
102.512,555760,872264,0,1428024,4120892,520,5276409856,13.11
102.613,555760,872264,0,1428024,4120892,520,5276409856,13.11
102.713,555760,872264,0,1428024,4120892,520,5276409856,13.11
102.813,555760,872264,0,1428024,4120892,520,5276409856,13.11
102.914,555760,872264,0,1428024,4120892,520,5276409856,13.11
103.014,555760,872264,0,1428024,4120892,520,5276409856,13.11
103.114,555760,872264,0,1428024,4120892,520,5276409856,13.11
103.215,555760,872264,0,1428024,4120892,520,5276409856,13.11
103.315,555760,872264,0,1428024,4120892,520,5276409856,13.11
103.416,555760,872264,0,1428024,4120892,520,5276409856,13.11
103.516,555760,872264,0,1428024,4120892,520,5276409856,13.11
103.616,555760,872264,0,1428024,4120892,520,5276409856,13.11
103.717,555760,872264,0,1428024,4120892,520,5276409856,13.11
103.817,555760,872264,0,1428024,4120892,520,5276409856,13.11
103.917,555760,872264,0,1428024,4120892,520,5276409856,13.11
104.018,555760,872264,0,1428024,4120892,520,5276409856,13.11
104.118,555760,872264,0,1428024,4120892,520,5276409856,13.11
104.218,555760,872264,0,1428024,4120892,520,5276409856,13.11
104.319,555760,872264,0,1428024,4120892,520,5276409856,13.11
104.419,555760,872264,0,1428024,4120892,520,5276409856,10.92
104.520,555760,872264,0,1428024,4120892,520,5276409856,10.92
104.620,555760,872264,0,1428024,4120892,520,5276409856,10.92
104.720,555760,872264,0,1428024,4120892,520,5276409856,10.92
104.821,555760,872264,0,1428024,4120892,520,5276409856,10.92
104.921,555760,872264,0,1428024,4120892,520,5276409856,10.92
105.021,555760,872264,0,1428024,4120892,520,5276409856,10.92
105.122,555760,872264,0,1428024,4120892,520,5276409856,10.92
105.222,555760,872264,0,1428024,4120892,520,5276409856,10.92
105.322,555760,872264,0,1428024,4120892,520,5276409856,10.92
105.423,555760,872264,0,1428024,4120892,520,5276409856,10.92
105.523,555760,872264,0,1428024,4120892,520,5276409856,10.92
105.624,555760,872264,0,1428024,4120892,520,5276409856,10.92
105.724,555760,872264,0,1428024,4120892,520,5276409856,10.92
105.824,555760,872264,0,1428024,4120892,520,5276409856,10.92
105.925,555760,872264,0,1428024,4120892,520,5276409856,10.92
106.025,555760,872264,0,1428024,4120892,520,5276409856,10.92
106.125,555760,872264,0,1428024,4120892,520,5276409856,10.92
106.226,555760,872264,0,1428024,4120892,520,5276409856,10.92
106.326,555760,872264,0,1428024,4120892,520,5276409856,12.38
106.427,555760,872264,0,1428024,4120892,520,5276409856,12.38
106.527,555760,872264,0,1428024,4120892,520,5276409856,12.38
106.627,555760,872264,0,1428024,4120892,520,5276409856,12.38
106.728,555760,872264,0,1428024,4120892,520,5276409856,12.38
106.828,555760,872264,0,1428024,4120892,520,5276409856,12.38
106.929,555760,872264,0,1428024,4120892,520,5276409856,12.38
107.029,555760,872264,0,1428024,4120892,520,5276409856,12.38
107.129,555760,872264,0,1428024,4120892,520,5276409856,12.38
107.230,555760,872264,0,1428024,4120892,520,5276409856,12.38
107.330,555760,872264,0,1428024,4120892,520,5276409856,12.38
107.430,555760,872264,0,1428024,4120892,520,5276409856,12.38
107.531,555760,872264,0,1428024,4120892,520,5276409856,12.38
107.631,555760,872264,0,1428024,4120892,520,5276409856,12.38
107.732,555760,872264,0,1428024,4120892,520,5276409856,12.38
107.832,555760,872264,0,1428024,4120892,520,5276409856,12.38
107.932,555760,872264,0,1428024,4120892,520,5276409856,12.38
108.033,555760,872264,0,1428024,4120892,520,5276409856,12.38
108.133,555760,872264,0,1428024,4120892,520,5276409856,12.38
108.233,555760,872264,0,1428024,4120892,520,5276409856,12.38
108.334,555760,872264,0,1428024,4120892,520,5276409856,10.14
108.434,555760,872264,0,1428024,4120892,520,5276409856,10.14
108.535,555760,872264,0,1428024,4120892,520,5276409856,10.14
108.635,555760,872264,0,1428024,4120892,520,5276409856,10.14
108.735,555760,872264,0,1428024,4120892,520,5276409856,10.14
108.836,555760,872264,0,1428024,4120892,520,5276409856,10.14
108.936,555760,872264,0,1428024,4120892,520,5276409856,10.14
109.036,555760,872264,0,1428024,4120892,520,5276409856,10.14
109.137,555760,872264,0,1428024,4120892,520,5276409856,10.14
109.237,555760,872264,0,1428024,4120892,520,5276409856,10.14
109.338,555760,872264,0,1428024,4120892,520,5276409856,10.14
109.438,555760,872264,0,1428024,4120892,520,5276409856,10.14
109.538,555760,872264,0,1428024,4120892,520,5276409856,10.14
109.639,555760,872264,0,1428024,4120892,520,5276409856,10.14
109.739,555760,872264,0,1428024,4120892,520,5276409856,10.14
109.839,555760,872264,0,1428024,4120892,520,5276409856,10.14
109.940,555760,872264,0,1428024,4120892,520,5276409856,10.14
110.040,555760,872264,0,1428024,4120892,520,5276409856,10.14
110.141,555760,872264,0,1428024,4120892,520,5276409856,10.14
110.241,555760,872264,0,1428024,4120892,520,5276409856,11.38
110.341,555760,872264,0,1428024,4120892,520,5276409856,11.38
110.442,555760,872264,0,1428024,4120892,520,5276409856,11.38
110.542,555760,872264,0,1428024,4120892,520,5276409856,11.38
110.642,555760,872264,0,1428024,4120892,520,5276409856,11.38
110.743,555760,872264,0,1428024,4120892,520,5276409856,11.38
110.843,555760,872264,0,1428024,4120892,520,5276409856,11.38
110.943,555760,872264,0,1428024,4120892,520,5276409856,11.38
111.044,555760,872264,0,1428024,4120892,520,5276409856,11.38
111.144,555760,872264,0,1428024,4120892,520,5276409856,11.38
111.245,555760,872264,0,1428024,4120892,520,5276409856,11.38
111.345,555760,872264,0,1428024,4120892,520,5276409856,11.38
111.445,555760,872264,0,1428024,4120892,520,5276409856,11.38
111.546,555760,872264,0,1428024,4120892,520,5276409856,11.38
111.646,555760,872264,0,1428024,4120892,520,5276409856,11.38
111.747,555760,872264,0,1428024,4120892,520,5276409856,11.38
111.847,555760,872264,0,1428024,4120892,520,5276409856,11.38
111.947,555760,872264,0,1428024,4120892,520,5276409856,11.38
112.048,555760,872264,0,1428024,4120892,520,5276409856,11.38
112.148,555760,872264,0,1428024,4120892,520,5276409856,10.58
112.248,555760,872264,0,1428024,4120892,520,5276409856,10.58
112.349,555760,872264,0,1428024,4120892,520,5276409856,10.58
112.449,555760,872264,0,1428024,4120892,520,5276409856,10.58
112.549,555760,872264,0,1428024,4120892,520,5276409856,10.58
112.650,555760,872264,0,1428024,4120892,520,5276409856,10.58
112.750,555760,872264,0,1428024,4120892,520,5276409856,10.58
112.851,555760,872264,0,1428024,4120892,520,5276409856,10.58
112.951,555760,872264,0,1428024,4120892,520,5276409856,10.58
113.051,555760,872264,0,1428024,4120892,520,5276413952,10.58
113.152,555760,872264,0,1428024,4120892,520,5276413952,10.58
113.252,555760,872264,0,1428024,4120892,520,5276413952,10.58
113.352,555760,872264,0,1428024,4120892,520,5276413952,10.58
113.453,555760,872264,0,1428024,4120892,520,5276413952,10.58
113.553,555760,872264,0,1428024,4120892,520,5276413952,10.58
113.653,555760,872264,0,1428024,4120892,520,5276413952,10.58
113.753,555760,872264,0,1428024,4120892,520,5276413952,10.58
113.854,555760,872264,0,1428024,4120892,520,5276413952,10.58
113.954,555760,872264,0,1428024,4120892,520,5276413952,10.58
114.055,555760,872264,0,1428024,4120892,520,5276413952,10.66
114.155,555760,872264,0,1428024,4120892,520,5276413952,10.66
114.255,555760,872264,0,1428024,4120892,520,5276413952,10.66
114.356,555760,872264,0,1428024,4120892,520,5276413952,10.66
114.456,555760,872264,0,1428024,4120892,520,5276413952,10.66
114.557,555760,872264,0,1428024,4120892,520,5276413952,10.66
114.657,555760,872264,0,1428024,4120892,520,5276413952,10.66
114.757,555760,872264,0,1428024,4120892,520,5276413952,10.66
114.858,555760,872264,0,1428024,4120892,520,5276413952,10.66
114.958,555760,872264,0,1428024,4120892,520,5276413952,10.66
115.058,555760,872264,0,1428024,4120892,520,5276413952,10.66
115.159,555760,872264,0,1428024,4120892,520,5276413952,10.66
115.259,555760,872264,0,1428024,4120892,520,5276413952,10.66
115.359,555760,872264,0,1428024,4120892,520,5276413952,10.66
115.460,555760,872264,0,1428024,4120892,520,5276413952,10.66
115.560,555760,872264,0,1428024,4120892,520,5276413952,10.66
115.660,555760,872264,0,1428024,4120892,520,5276413952,10.66
115.761,555760,872264,0,1428024,4120892,520,5276413952,10.66
115.861,555760,872264,0,1428024,4120892,520,5276413952,10.66
115.961,555760,872264,0,1428024,4120892,520,5276413952,11.63
116.062,555760,872264,0,1428024,4120892,520,5276413952,11.63
116.162,555760,872264,0,1428024,4120892,520,5276413952,11.63
116.262,555760,872264,0,1428024,4120892,520,5276413952,11.63
116.363,555760,872264,0,1428024,4120892,520,5276413952,11.63
116.463,555760,872264,0,1428024,4120892,520,5276413952,11.63
116.563,555760,872264,0,1428024,4120892,520,5276413952,11.63
116.664,555760,872264,0,1428024,4120892,520,5276413952,11.63
116.764,555760,872264,0,1428024,4120892,520,5276413952,11.63
116.864,555760,872264,0,1428024,4120892,520,5276413952,11.63
116.964,555760,872264,0,1428024,4120892,520,5276413952,11.63
117.065,555760,872264,0,1428024,4120892,520,5276413952,11.63
117.165,555760,872264,0,1428024,4120892,520,5276413952,11.63
117.265,555760,872264,0,1428024,4120892,520,5276413952,11.63
117.366,555760,872264,0,1428024,4120892,520,5276413952,11.63
117.466,555760,872264,0,1428024,4120892,520,5276413952,11.63
117.567,555760,872264,0,1428024,4120892,520,5276413952,11.63
117.667,555760,872264,0,1428024,4120892,520,5276413952,11.63
117.767,555760,872264,0,1428024,4120892,520,5276413952,11.63
117.868,555760,872264,0,1428024,4120892,520,5276413952,11.63
117.968,555760,872264,0,1428024,4120892,520,5276413952,12.96
118.068,555760,872264,0,1428024,4120892,520,5276413952,12.96
118.169,555760,872264,0,1428024,4120892,520,5276413952,12.96
118.269,555760,872264,0,1428024,4120892,520,5276413952,12.96
118.369,555760,872264,0,1428024,4120892,520,5276413952,12.96
118.470,555760,872264,0,1428024,4120892,520,5276413952,12.96
118.570,555760,872264,0,1428024,4120892,520,5276413952,12.96
118.670,555760,872264,0,1428024,4120892,520,5276413952,12.96
118.771,555760,872264,0,1428024,4120892,520,5276413952,12.96
118.871,555760,872264,0,1428024,4120892,520,5276413952,12.96
118.971,555760,872264,0,1428024,4120892,520,5276413952,12.96
119.072,555760,872264,0,1428024,4120892,520,5276413952,12.96
119.172,555760,872264,0,1428024,4120892,520,5276413952,12.96
119.272,555760,872264,0,1428024,4120892,520,5276413952,12.96
119.373,555760,872264,0,1428024,4120892,520,5276413952,12.96
119.473,555760,872264,0,1428024,4120892,520,5276413952,12.96
119.573,555760,872264,0,1428024,4120892,520,5276413952,12.96
119.674,555760,872264,0,1428024,4120892,520,5276413952,12.96
119.774,555760,872264,0,1428024,4120892,520,5276413952,12.96
119.874,555760,872264,0,1428024,4120892,520,5276413952,13.87
119.975,555760,872264,0,1428024,4120892,520,5276413952,13.87
120.075,555760,872264,0,1428024,4120892,520,5276413952,13.87
120.176,555760,872264,0,1428024,4120892,520,5276413952,13.87
120.276,555760,872264,0,1428024,4120892,520,5276413952,13.87
120.376,555760,872264,0,1428024,4120892,520,5276413952,13.87
120.477,555760,872264,0,1428024,4120892,520,5276413952,13.87
120.577,555760,872264,0,1428024,4120892,520,5276413952,13.87
120.677,555760,872264,0,1428024,4120892,520,5276413952,13.87
120.778,555760,872264,0,1428024,4120892,520,5276413952,13.87
120.878,555760,872264,0,1428024,4120892,520,5276413952,13.87
120.978,555760,872264,0,1428024,4120892,520,5276413952,13.87
121.079,555760,872264,0,1428024,4120892,520,5276413952,13.87
121.179,555760,872264,0,1428024,4120892,520,5276413952,13.87
121.280,555760,872264,0,1428024,4120892,520,5276413952,13.87
121.380,555760,872264,0,1428024,4120892,520,5276413952,13.87
121.480,555760,872264,0,1428024,4120892,520,5276413952,13.87
121.581,555760,872264,0,1428024,4120892,520,5276413952,13.87
121.681,555760,872264,0,1428024,4120892,520,5276413952,13.87
121.781,555760,872264,0,1428024,4120892,520,5276413952,14.44
121.882,555760,872264,0,1428024,4120892,520,5276413952,14.44
121.982,555760,872264,0,1428024,4120892,520,5276413952,14.44
122.083,555760,872264,0,1428024,4120892,520,5276413952,14.44
122.183,555760,872264,0,1428024,4120892,520,5276413952,14.44
122.283,555760,872264,0,1428024,4120892,520,5276413952,14.44
122.384,555760,872264,0,1428024,4120892,520,5276413952,14.44
122.484,555760,872264,0,1428024,4120892,520,5276413952,14.44
122.585,555760,872264,0,1428024,4120892,520,5276413952,14.44
122.685,555760,872264,0,1428024,4120892,520,5276413952,14.44
122.785,555760,872264,0,1428024,4120892,520,5276413952,14.44
122.886,555760,872264,0,1428024,4120892,520,5276413952,14.44
122.986,555760,872264,0,1428024,4120892,520,5276413952,14.44
123.086,555760,872264,0,1428024,4120892,520,5276413952,14.44
123.187,555760,872264,0,1428024,4120892,520,5276413952,14.44
123.287,555760,872264,0,1428024,4120892,520,5276413952,14.44
123.387,555760,872264,0,1428024,4120892,520,5276413952,14.44
123.488,555760,872264,0,1428024,4120892,520,5276413952,14.44
123.588,555760,872264,0,1428024,4120892,520,5276413952,14.44
123.689,555760,872264,0,1428024,4120892,520,5276413952,14.44
123.789,555760,872264,0,1428024,4120892,520,5276413952,14.9
123.889,555760,872264,0,1428024,4120892,520,5276413952,14.9
123.990,555760,872264,0,1428024,4120892,520,5276413952,14.9
124.090,555760,872264,0,1428024,4120892,520,5276413952,14.9
124.191,555760,872264,0,1428024,4120892,520,5276413952,14.9
124.291,555760,872264,0,1428024,4120892,520,5276413952,14.9
124.391,555760,872264,0,1428024,4120892,520,5276413952,14.9
124.492,555760,872264,0,1428024,4120892,520,5276413952,14.9
124.592,555760,872264,0,1428024,4120892,520,5276413952,14.9
124.692,555760,872264,0,1428024,4120892,520,5276413952,14.9
124.793,555760,872264,0,1428024,4120892,520,5276413952,14.9
124.893,555760,872264,0,1428024,4120892,520,5276413952,14.9
124.993,555760,872264,0,1428024,4120892,520,5276413952,14.9
125.094,555760,872264,0,1428024,4120892,520,5276413952,14.9
125.194,555760,872264,0,1428024,4120892,520,5276413952,14.9
125.294,555760,872264,0,1428024,4120892,520,5276413952,14.9
125.395,555760,872264,0,1428024,4120892,520,5276413952,14.9
125.495,555760,872264,0,1428024,4120892,520,5276413952,14.9
125.596,555760,872264,0,1428024,4120892,520,5276413952,14.9
125.696,555760,872264,0,1428024,4120892,520,5276413952,16.19
125.796,555760,872264,0,1428024,4120892,520,5276413952,16.19
125.897,555760,872264,0,1428024,4120892,520,5276413952,16.19
125.997,555760,872264,0,1428024,4120892,520,5276413952,16.19
126.097,555760,872264,0,1428024,4120892,520,5276413952,16.19
126.198,555760,872264,0,1428024,4120892,520,5276413952,16.19
126.299,555760,872264,0,1428024,4120892,520,5276413952,16.19
126.399,555760,872264,0,1428024,4120892,520,5276413952,16.19
126.499,555760,872264,0,1428024,4120892,520,5276413952,16.19
126.600,555760,872264,0,1428024,4120892,520,5276413952,16.19
126.700,555760,872264,0,1428024,4120892,520,5276413952,16.19
126.801,555760,872264,0,1428024,4120892,520,5276413952,16.19
126.901,555760,872264,0,1428024,4120892,520,5276413952,16.19
127.001,555760,872264,0,1428024,4120892,520,5276413952,16.19
127.102,555760,872264,0,1428024,4120892,520,5276413952,16.19
127.202,555760,872264,0,1428024,4120892,520,5276413952,16.19
127.302,555760,872264,0,1428024,4120892,520,5276413952,16.19
127.403,555760,872264,0,1428024,4120892,520,5276413952,16.19
127.503,555760,872264,0,1428024,4120892,520,5276413952,16.19
127.603,555760,872264,0,1428024,4120892,520,5276413952,16.19
127.704,555760,872264,0,1428024,4120892,520,5276413952,14.88
127.804,555760,872264,0,1428024,4120892,520,5276413952,14.88
127.904,555760,872264,0,1428024,4120892,520,5276413952,14.88
128.005,555760,872264,0,1428024,4120892,520,5276413952,14.88
128.105,555760,872264,0,1428024,4120892,520,5276413952,14.88
128.206,555760,872264,0,1428024,4120892,520,5276413952,14.88
128.306,555760,872264,0,1428024,4120892,520,5276413952,14.88
128.406,555760,872264,0,1428024,4120892,520,5276413952,14.88
128.507,555760,872264,0,1428024,4120892,520,5276413952,14.88
128.607,555760,872264,0,1428024,4120892,520,5276413952,14.88
128.707,555760,872264,0,1428024,4120892,520,5276413952,14.88
128.808,555760,872264,0,1428024,4120892,520,5276413952,14.88
128.908,555760,872264,0,1428024,4120892,520,5276413952,14.88
129.009,555760,872264,0,1428024,4120892,520,5276413952,14.88
129.109,555760,872264,0,1428024,4120892,520,5276413952,14.88
129.209,555760,872264,0,1428024,4120892,520,5276413952,14.88
129.310,555760,872264,0,1428024,4120892,520,5276413952,14.88
129.410,555760,872264,0,1428024,4120892,520,5276413952,14.88
129.510,555760,872264,0,1428024,4120892,520,5276413952,14.88
129.611,555760,872264,0,1428024,4120892,520,5276413952,15.81
129.711,555760,872264,0,1428024,4120892,520,5276413952,15.81
129.812,555760,872264,0,1428024,4120892,520,5276413952,15.81
129.912,555760,872264,0,1428024,4120892,520,5276413952,15.81
130.012,555760,872264,0,1428024,4120892,520,5276413952,15.81
130.113,555760,872264,0,1428024,4120892,520,5276413952,15.81
130.213,555760,872264,0,1428024,4120892,520,5276413952,15.81
130.313,555760,872264,0,1428024,4120892,520,5276413952,15.81
130.414,555760,872264,0,1428024,4120892,520,5276413952,15.81
130.514,555760,872264,0,1428024,4120892,520,5276413952,15.81
130.614,555760,872264,0,1428024,4120892,520,5276413952,15.81
130.715,555760,872264,0,1428024,4120892,520,5276413952,15.81
130.815,555760,872264,0,1428024,4120892,520,5276413952,15.81
130.915,555760,872264,0,1428024,4120892,520,5276413952,15.81
131.016,555760,872264,0,1428024,4120892,520,5276413952,15.81
131.116,555760,872264,0,1428024,4120892,520,5276413952,15.81
131.217,555760,872264,0,1428024,4120892,520,5276413952,15.81
131.317,555760,872264,0,1428024,4120892,520,5276413952,15.81
131.417,555760,872264,0,1428024,4120892,520,5276413952,15.81
131.518,555760,872264,0,1428024,4120892,520,5276413952,15.81
131.618,555760,872264,0,1428024,4120892,520,5276413952,14.21
131.718,555760,872264,0,1428024,4120892,520,5276413952,14.21
131.819,555760,872264,0,1428024,4120892,520,5276413952,14.21
131.919,555760,872264,0,1428024,4120892,520,5276413952,14.21
132.020,555760,872264,0,1428024,4120892,520,5276413952,14.21
132.120,555760,872264,0,1428024,4120892,520,5276413952,14.21
132.220,555760,872264,0,1428024,4120892,520,5276413952,14.21
132.321,555760,872264,0,1428024,4120892,520,5276413952,14.21
132.421,555760,872264,0,1428024,4120892,520,5276413952,14.21
132.521,555760,872264,0,1428024,4120892,520,5276413952,14.21
132.622,555760,872264,0,1428024,4120892,520,5276413952,14.21
132.722,555760,872264,0,1428024,4120892,520,5276413952,14.21
132.822,555760,872264,0,1428024,4120892,520,5276413952,14.21
132.923,555760,872264,0,1428024,4120892,520,5276413952,14.21
133.023,555760,872264,0,1428024,4120892,520,5276413952,14.21
133.123,555760,872264,0,1428024,4120892,520,5276413952,14.21
133.224,555760,872264,0,1428024,4120892,520,5276413952,14.21
133.324,555760,872264,0,1428024,4120892,520,5276413952,14.21
133.425,555760,872264,0,1428024,4120892,520,5276413952,14.21
133.525,555760,872264,0,1428024,4120892,520,5276413952,14.9
133.625,555760,872264,0,1428024,4120892,520,5276413952,14.9
133.726,555760,872264,0,1428024,4120892,520,5276413952,14.9
133.826,555760,872264,0,1428024,4120892,520,5276413952,14.9
133.926,555760,872264,0,1428024,4120892,520,5276413952,14.9
134.027,555760,872264,0,1428024,4120892,520,5276413952,14.9
134.127,555760,872264,0,1428024,4120892,520,5276413952,14.9
134.228,555760,872264,0,1428024,4120892,520,5276413952,14.9
134.328,555760,872264,0,1428024,4120892,520,5276413952,14.9
134.428,555760,872264,0,1428024,4120892,520,5276413952,14.9
134.529,555760,872264,0,1428024,4120892,520,5276413952,14.9
134.629,555760,872264,0,1428024,4120892,520,5276413952,14.9
134.729,555760,872264,0,1428024,4120892,520,5276413952,14.9
134.830,555760,872264,0,1428024,4120892,520,5276413952,14.9
134.930,555760,872264,0,1428024,4120892,520,5276413952,14.9
135.030,555760,872264,0,1428024,4120892,520,5276413952,14.9
135.131,555760,872264,0,1428024,4120892,520,5276413952,14.9
135.231,555760,872264,0,1428024,4120892,520,5276413952,14.9
135.332,555760,872264,0,1428024,4120892,520,5276413952,14.9
135.432,555760,872264,0,1428024,4120892,520,5276413952,14.9
135.532,555760,872264,0,1428024,4120892,520,5276413952,12.2
135.633,555760,872264,0,1428024,4120892,520,5276413952,12.2
135.733,555760,872264,0,1428024,4120892,520,5276413952,12.2
135.833,555760,872264,0,1428024,4120892,520,5276413952,12.2
135.934,555760,872264,0,1428024,4120892,520,5276413952,12.2
136.034,555760,872264,0,1428024,4120892,520,5276413952,12.2
136.134,555760,872264,0,1428024,4120892,520,5276413952,12.2
136.235,555760,872264,0,1428024,4120892,520,5276413952,12.2
136.335,555760,872264,0,1428024,4120892,520,5276413952,12.2
136.436,555760,872264,0,1428024,4120892,520,5276413952,12.2
136.536,555760,872264,0,1428024,4120892,520,5276413952,12.2
136.636,555760,872264,0,1428024,4120892,520,5276413952,12.2
136.737,555760,872264,0,1428024,4120892,520,5276413952,12.2
136.837,555760,872264,0,1428024,4120892,520,5276413952,12.2
136.937,555760,872264,0,1428024,4120892,520,5276413952,12.2
137.038,555760,872264,0,1428024,4120892,520,5276413952,12.2
137.138,555760,872264,0,1428024,4120892,520,5276413952,12.2
137.238,555760,872264,0,1428024,4120892,520,5276413952,12.2
137.339,555760,872264,0,1428024,4120892,520,5276413952,12.2
137.439,555760,872264,0,1428024,4120892,520,5276413952,12.89
137.540,555760,872264,0,1428024,4120892,520,5276413952,12.89
137.640,555760,872264,0,1428024,4120892,520,5276413952,12.89
137.740,555760,872264,0,1428024,4120892,520,5276413952,12.89
137.841,555760,872264,0,1428024,4120892,520,5276413952,12.89
137.941,555760,872264,0,1428024,4120892,520,5276413952,12.89
138.041,555760,872264,0,1428024,4120892,520,5276413952,12.89
138.142,555760,872264,0,1428024,4120892,520,5276413952,12.89
138.242,555760,872264,0,1428024,4120892,520,5276413952,12.89
138.342,555760,872264,0,1428024,4120892,520,5276413952,12.89
138.443,555760,872264,0,1428024,4120892,520,5276413952,12.89
138.543,555760,872264,0,1428024,4120892,520,5276413952,12.89
138.644,555760,872264,0,1428024,4120892,520,5276413952,12.89
138.744,555760,872264,0,1428024,4120892,520,5276413952,12.89
138.844,555760,872264,0,1428024,4120892,520,5276413952,12.89
138.945,555760,872264,0,1428024,4120892,520,5276413952,12.89
139.045,555760,872264,0,1428024,4120892,520,5276413952,12.89
139.145,555760,872264,0,1428024,4120892,520,5276413952,12.89
139.246,555760,872264,0,1428024,4120892,520,5276413952,12.89
139.346,555760,872264,0,1428024,4120892,520,5276413952,14.17
139.447,555760,872264,0,1428024,4120892,520,5276413952,14.17
139.547,555760,872264,0,1428024,4120892,520,5276413952,14.17
139.647,555760,872264,0,1428024,4120892,520,5276413952,14.17
139.748,555760,872264,0,1428024,4120892,520,5276413952,14.17
139.848,555760,872264,0,1428024,4120892,520,5276413952,14.17
139.949,555760,872264,0,1428024,4120892,520,5276413952,14.17
140.049,555760,872264,0,1428024,4120892,520,5276413952,14.17
140.149,555760,872264,0,1428024,4120892,520,5276413952,14.17
140.250,555760,872264,0,1428024,4120892,520,5276413952,14.17
140.350,555760,872264,0,1428024,4120892,520,5276413952,14.17
140.450,555760,872264,0,1428024,4120892,520,5276413952,14.17
140.551,555760,872264,0,1428024,4120892,520,5276413952,14.17
140.651,555760,872264,0,1428024,4120892,520,5276413952,14.17
140.751,555760,872264,0,1428024,4120892,520,5276413952,14.17
140.852,555760,872264,0,1428024,4120892,520,5276413952,14.17
140.952,555760,872264,0,1428024,4120892,520,5276413952,14.17
141.053,555760,872264,0,1428024,4120892,520,5276413952,14.17
141.153,555760,872264,0,1428024,4120892,520,5276413952,14.17
141.253,555760,872264,0,1428024,4120892,520,5276413952,14.17
141.354,555760,872264,0,1428024,4120892,520,5276413952,11.61
141.454,555760,872264,0,1428024,4120892,520,5276413952,11.61
141.554,555760,872264,0,1428024,4120892,520,5276413952,11.61
141.655,555760,872264,0,1428024,4120892,520,5276413952,11.61
141.755,555760,872264,0,1428024,4120892,520,5276413952,11.61
141.856,601004,872520,0,1473524,4120892,520,5276413952,11.61
141.956,601004,872520,0,1473524,4120892,520,5276413952,11.61
142.056,601004,872520,0,1473524,4120892,520,5276413952,11.61
142.157,601004,872520,0,1473524,4120892,520,5276413952,11.61
142.257,601004,872520,0,1473524,4120892,520,5276413952,11.61
142.357,605824,872520,0,1478344,4120892,520,5276413952,11.61
142.458,634640,872520,0,1507160,4120892,520,5276413952,11.61
142.558,639276,872520,0,1511796,4120892,520,5276413952,11.61
142.659,639276,872520,0,1511796,4120892,520,5276413952,11.61
142.759,639276,872520,0,1511796,4120892,520,5276413952,11.61
142.859,639276,872520,0,1511796,4120892,520,5276413952,11.61
142.960,665884,872520,0,1538404,4120892,520,5276413952,11.61
143.060,674812,872520,0,1547332,4120892,520,5276413952,11.61
143.161,674812,872520,0,1547332,4120892,520,5276413952,11.61
143.261,674812,872520,0,1547332,4120892,520,5276413952,13.49
143.361,674812,872520,0,1547332,4120892,520,5276413952,13.49
143.462,674812,872520,0,1547332,4120892,520,5276413952,13.49
143.562,674812,872520,0,1547332,4120892,520,5276413952,13.49
143.662,674812,872520,0,1547332,4120892,520,5276413952,13.49
143.763,674812,872520,0,1547332,4120892,520,5276413952,13.49
143.863,674812,872520,0,1547332,4120892,520,5276413952,13.49
143.963,674812,872520,0,1547332,4120892,520,5276413952,13.49
144.064,674812,872520,0,1547332,4120892,520,5276413952,13.49
144.164,674812,872520,0,1547332,4120892,520,5276413952,13.49
144.264,674812,872520,0,1547332,4120892,520,5276413952,13.49
144.365,674812,872520,0,1547332,4120892,520,5276413952,13.49
144.465,674812,872520,0,1547332,4120892,520,5276413952,13.49
144.565,674812,872520,0,1547332,4120892,520,5276413952,13.49
144.666,674812,872520,0,1547332,4120892,520,5276413952,13.49
144.766,674812,872520,0,1547332,4120892,520,5276413952,13.49
144.867,674812,872520,0,1547332,4120892,520,5276413952,13.49
144.967,674812,872520,0,1547332,4120892,520,5276413952,13.49
145.067,674812,872520,0,1547332,4120892,520,5276413952,13.49
145.168,674812,872520,0,1547332,4120892,520,5276413952,11.04
145.268,674812,872520,0,1547332,4120892,520,5276413952,11.04
145.368,674812,872520,0,1547332,4120892,520,5276413952,11.04
145.469,674812,872520,0,1547332,4120892,520,5276413952,11.04
145.569,674812,872520,0,1547332,4120892,520,5276413952,11.04
145.669,674812,872520,0,1547332,4120892,520,5276413952,11.04
145.770,674812,872520,0,1547332,4120892,520,5276413952,11.04
145.870,674812,872520,0,1547332,4120892,520,5276413952,11.04
145.970,674812,872520,0,1547332,4120892,520,5276413952,11.04
146.071,674812,872520,0,1547332,4120892,520,5276413952,11.04
146.171,674812,872520,0,1547332,4120892,520,5276413952,11.04
146.272,674812,872520,0,1547332,4120892,520,5276413952,11.04
146.372,674812,872520,0,1547332,4120892,520,5276413952,11.04
146.472,674812,872520,0,1547332,4120892,520,5276413952,11.04
146.573,674812,872520,0,1547332,4120892,520,5276413952,11.04
146.673,674812,872520,0,1547332,4120892,520,5276413952,11.04
146.773,674812,872520,0,1547332,4120892,520,5276413952,11.04
146.874,674812,872520,0,1547332,4120892,520,5276413952,11.04
146.974,674812,872520,0,1547332,4120892,520,5276413952,11.04
147.075,674812,872520,0,1547332,4120892,520,5276413952,11.94
147.175,674812,872520,0,1547332,4120892,520,5276413952,11.94
147.275,674812,872520,0,1547332,4120892,520,5276413952,11.94
147.376,674812,872520,0,1547332,4120892,520,5276413952,11.94
147.476,676492,872520,0,1549012,4120892,520,5276413952,11.94
147.576,676492,872520,0,1549012,4120892,520,5276413952,11.94
147.677,676492,872520,0,1549012,4120892,520,5276413952,11.94
147.777,676492,872520,0,1549012,4120892,520,5276413952,11.94
147.877,676492,872520,0,1549012,4120892,520,5276413952,11.94
147.978,676492,872520,0,1549012,4120892,520,5276413952,11.94
148.078,676492,872520,0,1549012,4120892,520,5276413952,11.94
148.179,676492,872520,0,1549012,4120892,520,5276413952,11.94
148.279,676492,872520,0,1549012,4120892,520,5276413952,11.94
148.379,676492,872520,0,1549012,4120892,520,5276413952,11.94
148.480,676492,872520,0,1549012,4120892,520,5276413952,11.94
148.580,676492,872520,0,1549012,4120892,520,5276413952,11.94
148.680,676492,872520,0,1549012,4120892,520,5276413952,11.94
148.781,676492,872520,0,1549012,4120892,520,5276413952,11.94
148.881,676492,872520,0,1549012,4120892,520,5276413952,11.94
148.981,676492,872520,0,1549012,4120892,520,5276413952,10.86
149.082,676492,872520,0,1549012,4120892,520,5276413952,10.86
149.182,676492,872520,0,1549012,4120892,520,5276413952,10.86
149.283,676492,872520,0,1549012,4120892,520,5276413952,10.86
149.383,676492,872520,0,1549012,4120892,520,5276413952,10.86
149.483,676492,872520,0,1549012,4120892,520,5276413952,10.86
149.584,676492,872520,0,1549012,4120892,520,5276413952,10.86
149.684,676492,872520,0,1549012,4120892,520,5276413952,10.86
149.784,676492,872520,0,1549012,4120892,520,5276413952,10.86
149.885,676492,872520,0,1549012,4120892,520,5276413952,10.86
149.985,676492,872520,0,1549012,4120892,520,5276413952,10.86
150.085,676492,872520,0,1549012,4120892,520,5276413952,10.86
150.186,676492,872520,0,1549012,4120892,520,5276413952,10.86
150.286,676492,872520,0,1549012,4120892,520,5276413952,10.86
150.387,676492,872520,0,1549012,4120892,520,5276413952,10.86
150.487,676492,872520,0,1549012,4120892,520,5276413952,10.86
150.587,676492,872520,0,1549012,4120892,520,5276413952,10.86
150.688,676492,872520,0,1549012,4120892,520,5276413952,10.86
150.788,676492,872520,0,1549012,4120892,520,5276413952,10.86
150.888,676492,872520,0,1549012,4120892,520,5276413952,10.86
150.989,676492,872520,0,1549012,4120892,520,5276413952,11.43
151.089,676492,872520,0,1549012,4120892,520,5276413952,11.43
151.189,676492,872520,0,1549012,4120892,520,5276413952,11.43
151.290,676492,872520,0,1549012,4120892,520,5276413952,11.43
151.390,676492,872520,0,1549012,4120892,520,5276413952,11.43
151.490,676492,872520,0,1549012,4120892,520,5276413952,11.43
151.591,676492,872520,0,1549012,4120892,520,5276413952,11.43
151.691,676492,872520,0,1549012,4120892,520,5276413952,11.43
151.791,676492,872520,0,1549012,4120892,520,5276413952,11.43
151.892,676492,872520,0,1549012,4120892,520,5276413952,11.43
151.992,676492,872520,0,1549012,4120892,520,5276413952,11.43
152.092,676492,872520,0,1549012,4120892,520,5276413952,11.43
152.193,676492,872520,0,1549012,4120892,520,5276413952,11.43
152.293,676492,872520,0,1549012,4120892,520,5276413952,11.43
152.394,676492,872520,0,1549012,4120892,520,5276413952,11.43
152.494,676492,872520,0,1549012,4120892,520,5276413952,11.43
152.594,676492,872520,0,1549012,4120892,520,5276413952,11.43
152.695,676492,872520,0,1549012,4120892,520,5276413952,11.43
152.795,676492,872520,0,1549012,4120892,520,5276413952,11.43
152.895,676492,872520,0,1549012,4120892,520,5276413952,12.44
152.996,676492,872520,0,1549012,4120892,520,5276413952,12.44
153.096,676492,872520,0,1549012,4120892,520,5276413952,12.44
153.196,676492,872520,0,1549012,4120892,520,5276413952,12.44
153.297,676492,872520,0,1549012,4120892,520,5276413952,12.44
153.397,676492,872520,0,1549012,4120892,520,5276413952,12.44
153.497,676492,872520,0,1549012,4120892,520,5276413952,12.44
153.598,676492,872520,0,1549012,4120892,520,5276413952,12.44
153.698,676492,872520,0,1549012,4120892,520,5276413952,12.44
153.799,676492,872520,0,1549012,4120892,520,5276413952,12.44
153.899,676492,872520,0,1549012,4120892,520,5276413952,12.44
153.999,676492,872520,0,1549012,4120892,520,5276413952,12.44
154.100,676492,872520,0,1549012,4120892,520,5276413952,12.44
154.200,676492,872520,0,1549012,4120892,520,5276413952,12.44
154.300,676492,872520,0,1549012,4120892,520,5276413952,12.44
154.401,676492,872520,0,1549012,4120892,520,5276413952,12.44
154.501,676492,872520,0,1549012,4120892,520,5276413952,12.44
154.601,676492,872520,0,1549012,4120892,520,5276413952,12.44
154.702,676492,872520,0,1549012,4120892,520,5276413952,12.44
154.802,676492,872520,0,1549012,4120892,520,5276413952,13.27
154.902,676492,872520,0,1549012,4120892,520,5276413952,13.27
155.003,676492,872520,0,1549012,4120892,520,5276413952,13.27
155.103,676492,872520,0,1549012,4120892,520,5276413952,13.27
155.204,676492,872520,0,1549012,4120892,520,5276413952,13.27
155.304,676492,872520,0,1549012,4120892,520,5276413952,13.27
155.404,676492,872520,0,1549012,4120892,520,5276413952,13.27
155.505,676492,872520,0,1549012,4120892,520,5276413952,13.27
155.605,676492,872520,0,1549012,4120892,520,5276413952,13.27
155.706,676492,872520,0,1549012,4120892,520,5276413952,13.27
155.806,676492,872520,0,1549012,4120892,520,5276413952,13.27
155.906,676492,872520,0,1549012,4120892,520,5276413952,13.27
156.007,676492,872520,0,1549012,4120892,520,5276413952,13.27
156.107,676492,872520,0,1549012,4120892,520,5276413952,13.27
156.207,676492,872520,0,1549012,4120892,520,5276413952,13.27
156.308,676492,872520,0,1549012,4120892,520,5276413952,13.27
156.408,676492,872520,0,1549012,4120892,520,5276413952,13.27
156.509,676492,872520,0,1549012,4120892,520,5276413952,13.27
156.609,676492,872520,0,1549012,4120892,520,5276413952,13.27
156.709,676492,872520,0,1549012,4120892,520,5276413952,12.85
156.810,676492,872520,0,1549012,4120892,520,5276413952,12.85
156.910,676492,872520,0,1549012,4120892,520,5276413952,12.85
157.010,676492,872520,0,1549012,4120892,520,5276413952,12.85
157.111,676492,872520,0,1549012,4120892,520,5276413952,12.85
157.211,676492,872520,0,1549012,4120892,520,5276413952,12.85
157.312,676492,872520,0,1549012,4120892,520,5276413952,12.85
157.412,676492,872520,0,1549012,4120892,520,5276413952,12.85
157.512,676492,872520,0,1549012,4120892,520,5276413952,12.85
157.613,676492,872520,0,1549012,4120892,520,5276413952,12.85
157.713,676492,872520,0,1549012,4120892,520,5276413952,12.85
157.813,511020,872520,0,1383540,4120892,520,5276413952,12.85
157.914,511488,872520,0,1384008,4120892,520,5276413952,12.85
158.014,534136,872520,0,1406656,4120892,520,5276413952,12.85
158.115,567740,872520,0,1440260,4120892,520,5276413952,12.85
158.215,567740,872520,0,1440260,4120892,520,5276413952,12.85
158.315,641832,872520,0,1514352,4120892,520,5276413952,12.85
158.416,641832,872520,0,1514352,4120892,520,5276413952,12.85
158.516,641832,872520,0,1514352,4120892,520,5276413952,12.85
158.616,641832,872520,0,1514352,4120892,520,5276413952,12.85
158.717,641832,872520,0,1514352,4120892,520,5276413952,12.15
158.817,641832,872520,0,1514352,4120892,520,5276413952,12.15
158.917,641832,872520,0,1514352,4120892,520,5276413952,12.15
159.018,641832,872520,0,1514352,4120892,520,5276413952,12.15
159.118,641832,872520,0,1514352,4120892,520,5276413952,12.15
159.218,641832,872520,0,1514352,4120892,520,5276413952,12.15
159.319,641832,872520,0,1514352,4120892,520,5276413952,12.15
159.419,641832,872520,0,1514352,4120892,520,5276413952,12.15
159.520,641832,872520,0,1514352,4120892,520,5276413952,12.15
159.620,641832,872520,0,1514352,4120892,520,5276413952,12.15
159.720,641832,872520,0,1514352,4120892,520,5276413952,12.15
159.821,641832,872520,0,1514352,4120892,520,5276413952,12.15
159.921,641832,872520,0,1514352,4120892,520,5276413952,12.15
160.021,641832,872520,0,1514352,4120892,520,5276413952,12.15
160.122,645128,872520,0,1517648,4120892,520,5276413952,12.15
160.222,645128,872520,0,1517648,4120892,520,5276413952,12.15
160.322,645128,872520,0,1517648,4120892,520,5276413952,12.15
160.423,645128,872520,0,1517648,4120892,520,5276413952,12.15
160.523,645128,872520,0,1517648,4120892,520,5276413952,12.15
160.623,645128,872520,0,1517648,4120892,520,5276413952,13.94
160.724,645128,872520,0,1517648,4120892,520,5276413952,13.94
160.824,645128,872520,0,1517648,4120892,520,5276413952,13.94
160.925,645128,872520,0,1517648,4120892,520,5276413952,13.94
161.025,645128,872520,0,1517648,4120892,520,5276413952,13.94
161.125,645128,872520,0,1517648,4120892,520,5276413952,13.94
161.225,645128,872520,0,1517648,4120892,520,5276413952,13.94
161.326,645128,872520,0,1517648,4120892,520,5276413952,13.94
161.426,645128,872520,0,1517648,4120892,520,5276413952,13.94
161.527,645128,872520,0,1517648,4120892,520,5276413952,13.94
161.627,645128,872520,0,1517648,4120892,520,5276413952,13.94
161.727,645128,872520,0,1517648,4120892,520,5276413952,13.94
161.828,645128,872520,0,1517648,4120892,520,5276413952,13.94
161.928,645128,872520,0,1517648,4120892,520,5276413952,13.94
162.029,645128,872520,0,1517648,4120892,520,5276413952,13.94
162.129,645128,872520,0,1517648,4120892,520,5276413952,13.94
162.229,645128,872520,0,1517648,4120892,520,5276413952,13.94
162.330,645128,872520,0,1517648,4120892,520,5276413952,13.94
162.430,645128,872520,0,1517648,4120892,520,5276413952,13.94
162.531,645128,872520,0,1517648,4120892,520,5276413952,11.41
162.631,645128,872520,0,1517648,4120892,520,5276413952,11.41
162.731,645128,872520,0,1517648,4120892,520,5276413952,11.41
162.832,645128,872520,0,1517648,4120892,520,5276413952,11.41
162.932,645128,872520,0,1517648,4120892,520,5276413952,11.41
163.032,645128,872520,0,1517648,4120892,520,5276413952,11.41
163.133,645128,872520,0,1517648,4120892,520,5276413952,11.41
163.233,645128,872520,0,1517648,4120892,520,5276413952,11.41
163.334,645128,872520,0,1517648,4120892,520,5276413952,11.41
163.434,645128,872520,0,1517648,4120892,520,5276413952,11.41
163.535,645128,872520,0,1517648,4120892,520,5276413952,11.41
163.635,645128,872520,0,1517648,4120892,520,5276413952,11.41
163.735,645128,872520,0,1517648,4120892,520,5276413952,11.41
163.836,645128,872520,0,1517648,4120892,520,5276413952,11.41
163.936,645128,872520,0,1517648,4120892,520,5276413952,11.41
164.036,645128,872520,0,1517648,4120892,520,5276413952,11.41
164.137,645128,872520,0,1517648,4120892,520,5276413952,11.41
164.237,645128,872520,0,1517648,4120892,520,5276413952,11.41
164.337,645128,872520,0,1517648,4120892,520,5276413952,11.41
164.438,645128,872520,0,1517648,4120892,520,5276413952,11.41
164.538,645128,872520,0,1517648,4120892,520,5276413952,12.79
164.638,528608,872520,0,1401128,4120892,520,5276413952,12.79
164.739,550492,872584,0,1423076,4120892,520,5276413952,12.79
164.839,596624,872584,0,1469208,4120892,520,5276413952,12.79
164.939,597488,872584,0,1470072,4120892,520,5276413952,12.79
165.040,597488,872584,0,1470072,4120892,520,5276413952,12.79
165.140,597488,872584,0,1470072,4120892,520,5276413952,12.79
165.241,613688,872584,0,1486272,4120892,520,5276413952,12.79
165.341,640552,872584,0,1513136,4120892,520,5276413952,12.79
165.441,645584,872584,0,1518168,4120892,520,5276413952,12.79
165.541,674896,872584,0,1547480,4120892,520,5276413952,12.79
165.642,689612,872584,0,1562196,4120892,520,5276413952,12.79
165.742,711496,872584,0,1584080,4120892,520,5276413952,12.79
165.843,730232,872584,0,1602816,4120892,520,5276413952,12.79
165.943,742692,872584,0,1615276,4120892,520,5276413952,12.79
166.043,762840,872584,0,1635424,4120892,520,5276413952,12.79
166.144,791200,872584,0,1663784,4120892,520,5276413952,12.79
166.244,805844,872584,0,1678428,4120892,520,5276413952,12.79
166.344,820516,872584,0,1693100,4120892,520,5276413952,12.79
166.445,843644,872584,0,1716228,4120892,520,5276413952,13.73
166.545,845872,872584,0,1718456,4120892,520,5276413952,13.73
166.645,865716,872584,0,1738300,4120892,520,5276413952,13.73
166.746,899932,872584,0,1772516,4120892,520,5276413952,13.73
166.846,899932,872584,0,1772516,4120892,520,5276413952,13.73
166.946,908980,872584,0,1781564,4120892,520,5276413952,13.73
167.047,931796,872584,0,1804380,4120892,520,5276413952,13.73
167.147,960028,872584,0,1832612,4120892,520,5276413952,13.73
167.248,982576,872584,0,1855160,4120892,520,5276413952,13.73
167.348,1000356,872584,0,1872940,4120892,520,5276413952,13.73
167.448,1036732,872584,0,1909316,4120892,520,5276413952,13.73
167.549,1042084,872584,0,1914668,4120892,520,5276413952,13.73
167.649,1057404,872584,0,1929988,4120892,520,5276413952,13.73
167.749,1083368,872584,0,1955952,4120892,520,5276413952,13.73
167.849,1107932,872584,0,1980516,4120892,520,5276413952,13.73
167.950,1131968,872584,0,2004552,4120892,520,5276413952,13.73
168.050,1179112,872584,0,2051696,4120892,520,5276413952,13.73
168.151,1201608,872584,0,2074192,4120892,520,5276413952,13.73
168.251,1359212,872584,0,2231796,4120892,520,5276413952,13.73
168.351,1506020,872584,0,2378604,4120892,520,5276413952,14.68
168.452,1659612,872584,0,2532196,4120892,520,5276413952,14.68
168.552,1695932,872584,0,2568516,4120892,520,5276413952,14.68
168.652,1695932,872584,0,2568516,4120892,520,5276413952,14.68
168.753,1695932,872584,0,2568516,4120892,520,5276413952,14.68
168.853,1695932,888840,0,2584772,4120892,520,5276413952,14.68
168.954,1695932,888840,0,2584772,4120892,520,5276413952,14.68
169.054,1695932,888840,0,2584772,4120892,520,5276413952,14.68
169.154,1695932,888840,0,2584772,4120892,520,5276413952,14.68
169.255,1695932,888840,0,2584772,4120892,520,5276413952,14.68
169.355,1695932,922760,0,2618692,4120892,520,5276413952,14.68
169.455,1695932,1048840,0,2744772,4120892,520,5276413952,14.68
169.556,1695932,1171400,0,2867332,4120892,520,5276413952,14.68
169.656,1695932,1279432,0,2975364,4120892,520,5276413952,14.68
169.757,1695932,1363848,0,3059780,4120892,520,5276413952,14.68
169.857,1636832,1404068,0,3040900,4120892,520,5276413952,14.68
169.957,1558704,1405356,0,2964060,4120892,522,5286055936,14.68
170.058,1558704,1483180,0,3041884,4120892,522,5357670400,14.68
170.158,1558704,1483484,0,3042188,4120892,522,5357670400,14.68
170.261,1609316,1465400,0,3074716,4120892,525,5412298752,14.68
170.361,1637840,1465400,0,3103240,4120892,525,5487816704,12.57
170.462,1652128,1465400,0,3117528,4120892,525,5504602112,12.57
170.562,1671956,1465400,0,3137356,4120892,525,5538164736,12.57
170.663,1698820,1465400,0,3164220,4120892,525,5561434112,12.57
170.763,1705148,1465400,0,3170548,4120892,525,5573189632,12.57
170.870,1706628,1465400,0,3172028,4120892,525,5624229888,12.57
170.971,1708964,1465400,0,3174364,4120892,525,5704159232,12.57
171.074,1711048,1465400,0,3176448,4120892,525,5759295488,12.57
171.175,1712124,1465400,0,3177524,4120892,525,5782355968,12.57
171.275,1717504,1465400,0,3182904,4120892,525,5822296064,12.57
171.375,1718392,1465400,0,3183792,4120892,525,5865725952,12.57
171.476,1730004,1465400,0,3195404,4120892,525,5899276288,12.57
171.576,1736008,1465400,0,3201408,4120892,525,5916033024,12.57
171.677,1737628,1465380,0,3203008,4120892,525,5935546368,12.57
171.777,1737676,1465380,0,3203056,4120892,525,5970886656,12.57
171.877,1737700,1465388,0,3203088,4120892,525,5979283456,12.57
171.978,1737916,1465388,0,3203304,4120892,525,6014132224,12.57
172.078,1737916,1465392,0,3203308,4120892,525,6064472064,12.57
172.179,1740572,1426480,0,3167052,4120892,525,6112559104,12.57
172.279,1740940,1427632,0,3168572,4120892,525,6112559104,10.29
172.382,1741968,1427632,0,3169600,4120892,525,6135291904,10.29
172.483,1749660,1427632,0,3177292,4120892,525,6143676416,10.29
172.583,1751036,1392816,0,3143852,4120892,525,6176784384,10.29
172.684,1755988,1392816,0,3148804,4120892,525,6176784384,10.29
172.785,1758524,1341616,0,3100140,4120892,525,6241935360,10.29
172.885,1761692,1335472,0,3097164,4120892,525,6254514176,10.29
172.985,1762520,1335472,0,3097992,4120892,525,6262910976,10.29
173.086,1763732,1313008,0,3076740,4120892,525,6296473600,10.29
173.187,1764188,1304844,0,3069032,4120892,525,6312534016,10.29
173.287,1764324,1284364,0,3048688,4120892,525,6334681088,10.29
173.390,1767972,1263884,0,3031856,4120892,525,6366130176,10.29
173.491,1773924,1255692,0,3029616,4120892,525,6384316416,10.29
173.591,1784704,1220876,0,3005580,4120892,525,6405292032,10.29
173.692,1787636,1192204,0,2979840,4120892,525,6448746496,10.29
173.792,1789144,1181964,0,2971108,4120892,525,6464831488,10.29
173.893,1789960,1163532,0,2953492,4120892,525,6489997312,10.29
173.993,1790208,1149196,0,2939404,4120892,525,6516707328,10.29
174.093,1790208,1133004,0,2923212,4120892,525,6537904128,10.29
174.194,1790248,1122764,0,2913012,4120892,525,6566014976,8.42
174.298,1790252,1120716,0,2910968,4120892,525,6570094592,8.42
174.399,1790252,1120908,0,2911160,4120892,525,6570094592,8.42
174.499,1790344,1112716,0,2903060,4120892,525,6589734912,8.42
174.599,1790344,1071756,0,2862100,4120892,525,6627762176,8.42
174.700,1790356,1061516,0,2851872,4120892,525,6652391424,8.42
174.800,1790360,1061516,0,2851876,4120892,525,6652391424,8.42
174.901,1794368,1061516,0,2855884,4120892,525,6652391424,8.42
175.001,1794392,1061516,0,2855908,4120892,525,6652391424,8.42
175.101,1795508,1061516,0,2857024,4120892,525,6652391424,8.42
175.202,1795508,1036940,0,2832448,4120892,525,6706032640,8.42
175.302,1795508,1036940,0,2832448,4120892,525,6706032640,8.42
175.402,1795508,1032844,0,2828352,4120892,525,6706032640,8.42
175.503,1795508,1032844,0,2828352,4120892,525,6706032640,8.42
175.603,1795508,1028748,0,2824256,4120892,525,6706032640,8.42
175.704,1795508,1028748,0,2824256,4120892,525,6706032640,8.42
175.804,1795508,1024652,0,2820160,4120892,525,6706032640,8.42
175.904,1795508,1024652,0,2820160,4120892,525,6706032640,8.42
176.005,1795508,1020556,0,2816064,4120892,525,6706032640,8.42
176.105,1795508,1020556,0,2816064,4120892,525,6706032640,8.53
176.205,1795508,1016460,0,2811968,4120892,525,6706032640,8.53
176.306,1795508,1016460,0,2811968,4120892,525,6706032640,8.53
176.406,1795508,1012364,0,2807872,4120892,525,6706032640,8.53
176.506,1795508,1012364,0,2807872,4120892,525,6706032640,8.53
176.607,1795508,1008268,0,2803776,4120892,525,6706032640,8.53
176.707,1795508,1008268,0,2803776,4120892,525,6706032640,8.53
176.808,1795508,1004172,0,2799680,4120892,525,6706032640,8.53
176.908,1795508,1004172,0,2799680,4120892,525,6706032640,8.53
177.008,1795508,1000076,0,2795584,4120892,525,6706032640,8.53
177.109,1795508,1000076,0,2795584,4120892,525,6706032640,8.53
177.209,1795508,1000076,0,2795584,4120892,525,6706032640,8.53
177.309,1795508,995980,0,2791488,4120892,525,6706032640,8.53
177.410,1795508,995980,0,2791488,4120892,525,6706032640,8.53
177.510,1795508,991884,0,2787392,4120892,525,6706032640,8.53
177.610,1795508,987788,0,2783296,4120892,525,6706032640,8.53
177.711,1795508,987788,0,2783296,4120892,525,6706032640,8.53
177.811,1795508,983692,0,2779200,4120892,525,6706032640,8.53
177.911,1795508,983692,0,2779200,4120892,525,6706032640,8.53
178.012,1795508,979596,0,2775104,4120892,525,6706032640,8.53
178.112,1795508,979596,0,2775104,4120892,525,6706032640,8.25
178.212,1795508,975500,0,2771008,4120892,525,6706032640,8.25
178.313,1795508,975500,0,2771008,4120892,525,6706032640,8.25
178.413,1795508,971404,0,2766912,4120892,525,6706032640,8.25
178.513,1795508,971404,0,2766912,4120892,525,6706032640,8.25
178.614,1795508,967308,0,2762816,4120892,525,6706032640,8.25
178.714,1795508,967308,0,2762816,4120892,525,6706032640,8.25
178.814,1795508,963212,0,2758720,4120892,525,6706032640,8.25
178.915,1795508,963212,0,2758720,4120892,525,6706032640,8.25
179.015,1795508,959116,0,2754624,4120892,525,6706032640,8.25
179.115,1795508,959116,0,2754624,4120892,525,6706032640,8.25
179.216,1795508,955020,0,2750528,4120892,525,6706032640,8.25
179.316,1795508,955020,0,2750528,4120892,525,6706032640,8.25
179.417,1795508,950924,0,2746432,4120892,525,6706032640,8.25
179.517,1795508,950924,0,2746432,4120892,525,6706032640,8.25
179.617,1795508,946828,0,2742336,4120892,525,6706032640,8.25
179.717,1795508,944780,0,2740288,4120892,525,6706032640,8.25
179.818,1795508,942732,0,2738240,4120892,525,6706032640,8.25
179.918,1795508,938636,0,2734144,4120892,525,6706032640,8.25
180.019,1795508,938636,0,2734144,4120892,525,6706032640,8.57
180.119,1795508,934540,0,2730048,4120892,525,6706032640,8.57
180.219,1795508,934540,0,2730048,4120892,525,6706032640,8.57
180.320,1795508,930444,0,2725952,4120892,525,6706032640,8.57
180.420,1795508,930444,0,2725952,4120892,525,6706032640,8.57
180.520,1795508,926348,0,2721856,4120892,525,6706032640,8.57
180.621,1795508,926348,0,2721856,4120892,525,6706032640,8.57
180.721,1795508,922252,0,2717760,4120892,525,6706032640,8.57
180.821,1795508,922252,0,2717760,4120892,525,6706032640,8.57
180.922,1795508,918156,0,2713664,4120892,525,6706032640,8.57
181.022,1795508,918156,0,2713664,4120892,525,6706032640,8.57
181.122,1795508,914060,0,2709568,4120892,525,6706032640,8.57
181.223,1795508,914060,0,2709568,4120892,525,6706032640,8.57
181.323,1795508,909964,0,2705472,4120892,525,6706032640,8.57
181.423,1795508,909964,0,2705472,4120892,525,6706032640,8.57
181.524,1795508,905868,0,2701376,4120892,525,6706032640,8.57
181.624,1795508,905868,0,2701376,4120892,525,6706032640,8.57
181.724,1795508,901772,0,2697280,4120892,525,6706032640,8.57
181.825,1795508,897676,0,2693184,4120892,525,6706032640,8.57
181.925,1795508,897676,0,2693184,4120892,525,6706032640,10.46
182.026,1795508,893580,0,2689088,4120892,525,6706032640,10.46
182.126,1795508,893580,0,2689088,4120892,525,6706032640,10.46
182.226,1795508,889484,0,2684992,4120892,525,6706032640,10.46
182.327,1795508,889484,0,2684992,4120892,525,6706032640,10.46
182.427,1795508,885388,0,2680896,4120892,525,6706032640,10.46
182.527,1795508,885388,0,2680896,4120892,525,6706032640,10.46
182.628,1795508,881292,0,2676800,4120892,525,6706032640,10.46
182.728,1795508,881292,0,2676800,4120892,525,6706032640,10.46
182.829,1795508,879244,0,2674752,4120892,525,6706032640,10.46
182.929,1795508,879244,0,2674752,4120892,525,6706032640,10.46
183.029,1795508,879244,0,2674752,4120892,525,6706032640,10.46
183.129,1795508,879244,0,2674752,4120892,525,6706032640,10.46
183.230,1795508,879244,0,2674752,4120892,525,6706032640,10.46
183.330,1795508,879244,0,2674752,4120892,525,6706032640,10.46
183.431,1795508,879244,0,2674752,4120892,525,6706032640,10.46
183.531,1795508,879244,0,2674752,4120892,525,6706032640,10.46
183.631,1795508,879244,0,2674752,4120892,525,6706032640,10.46
183.732,1795508,879244,0,2674752,4120892,525,6706032640,10.46
183.832,1795508,879244,0,2674752,4120892,525,6706032640,10.46
183.932,1795508,879244,0,2674752,4120892,525,6706032640,8.74
184.033,1795508,879244,0,2674752,4120892,525,6706032640,8.74
184.133,1795508,879244,0,2674752,4120892,525,6706032640,8.74
184.233,1795508,879244,0,2674752,4120892,525,6706032640,8.74
184.334,1795508,879244,0,2674752,4120892,525,6706032640,8.74
184.434,1795508,879244,0,2674752,4120892,525,6706032640,8.74
184.534,1795508,879244,0,2674752,4120892,525,6706032640,8.74
184.635,1795508,879244,0,2674752,4120892,525,6706032640,8.74
184.735,1795508,879244,0,2674752,4120892,525,6706032640,8.74
184.835,1795508,879244,0,2674752,4120892,525,6706032640,8.74
184.936,1795508,879244,0,2674752,4120892,525,6706032640,8.74
185.036,1795508,879244,0,2674752,4120892,525,6706032640,8.74
185.136,1795508,879244,0,2674752,4120892,525,6706032640,8.74
185.237,1795508,879244,0,2674752,4120892,525,6706032640,8.74
185.337,1795508,879244,0,2674752,4120892,525,6706032640,8.74
185.437,1795508,879244,0,2674752,4120892,525,6706032640,8.74
185.538,1795508,879244,0,2674752,4120892,525,6706032640,8.74
185.638,1795508,879244,0,2674752,4120892,525,6706032640,8.74
185.738,1795508,879244,0,2674752,4120892,525,6706032640,8.74
185.839,1795508,879244,0,2674752,4120892,525,6706032640,10.24
185.939,1795508,879244,0,2674752,4120892,525,6706032640,10.24
186.039,1795508,879244,0,2674752,4120892,525,6706032640,10.24
186.140,1795508,879244,0,2674752,4120892,525,6706032640,10.24
186.240,1795508,879244,0,2674752,4120892,525,6706032640,10.24
186.340,1795508,879244,0,2674752,4120892,525,6706032640,10.24
186.441,1795508,879244,0,2674752,4120892,525,6706032640,10.24
186.541,1795508,879244,0,2674752,4120892,525,6706032640,10.24
186.642,1795508,879244,0,2674752,4120892,525,6706032640,10.24
186.742,1795508,879244,0,2674752,4120892,525,6706032640,10.24
186.842,1795508,879244,0,2674752,4120892,525,6706032640,10.24
186.943,1795508,879244,0,2674752,4120892,525,6706032640,10.24
187.043,1795508,879244,0,2674752,4120892,525,6706032640,10.24
187.143,1795508,879244,0,2674752,4120892,525,6706032640,10.24
187.244,1795508,879244,0,2674752,4120892,525,6706032640,10.24
187.344,1795508,879244,0,2674752,4120892,525,6706032640,10.24
187.444,1795508,879244,0,2674752,4120892,525,6706032640,10.24
187.545,1795508,879244,0,2674752,4120892,525,6706032640,10.24
187.645,1795508,879244,0,2674752,4120892,525,6706032640,10.24
187.745,1795508,879244,0,2674752,4120892,525,6706032640,8.56
187.846,1795508,879244,0,2674752,4120892,525,6706036736,8.56
187.946,1795508,940044,0,2735552,4120892,525,6706036736,8.56
188.047,1795508,706828,0,2502336,4120892,525,6706036736,8.56
188.147,1795508,706812,0,2502320,4120892,525,6782345216,8.56
188.248,1795508,764320,0,2559828,4120892,543,6816055296,8.56
188.348,1795508,764320,0,2559828,4120892,543,6883897344,8.56
188.448,1795508,764320,0,2559828,4120892,543,6899621888,8.56
188.550,1795508,764320,0,2559828,4120892,543,6959333376,8.56
188.651,1795508,764320,0,2559828,4120892,543,7031332864,8.56
188.751,1795508,764320,0,2559828,4120892,543,7106400256,8.56
188.852,1795508,764320,0,2559828,4120892,543,7156736000,8.56
188.952,1795508,764320,0,2559828,4120892,543,7186694144,8.56
189.052,1795508,764320,0,2559828,4120892,543,7244681216,8.56
189.154,1795508,764320,0,2559828,4120892,543,7277363200,8.56
189.255,1795508,764428,0,2559936,4120892,543,7317344256,8.56
189.355,1795508,764428,0,2559936,4120892,543,7334182912,8.56
189.456,1795508,764428,0,2559936,4120892,543,7375286272,8.56
189.556,1795508,739864,0,2535372,4120892,543,7412027392,8.56
189.656,1795508,739864,0,2535372,4120892,543,7415664640,9.18
189.758,1795508,739864,0,2535372,4120892,543,7436636160,9.18
189.862,1795508,733068,0,2528576,4120892,543,7448551424,9.18
189.963,1795508,733068,0,2528576,4120892,543,7466766336,9.18
190.064,1795508,733068,0,2528576,4120892,543,7488892928,9.18
190.164,1795508,733068,0,2528576,4120892,543,7488892928,9.18
190.265,1795508,733068,0,2528576,4120892,543,7488892928,9.18
190.365,1795508,733068,0,2528576,4120892,543,7488892928,9.18
190.465,1795508,733068,0,2528576,4120892,543,7488892928,9.18
190.566,1795508,733068,0,2528576,4120892,543,7488892928,9.18
190.666,1795508,733068,0,2528576,4120892,543,7488892928,9.18
190.766,1795508,733068,0,2528576,4120892,543,7488892928,9.18
190.867,1795508,733068,0,2528576,4120892,543,7488892928,9.18
190.967,1795508,733068,0,2528576,4120892,543,7488892928,9.18
191.068,1795508,733068,0,2528576,4120892,543,7488892928,9.18
191.168,1795508,732556,0,2528064,4120892,543,7488892928,9.18
191.268,1795508,729484,0,2524992,4120892,543,7488892928,9.18
191.369,1795508,727308,0,2522816,4120892,543,7488892928,9.18
191.469,1795508,724108,0,2519616,4120892,543,7488892928,9.18
191.569,1795508,721164,0,2516672,4120892,543,7488892928,9.18
191.670,1795508,718092,0,2513600,4120892,543,7488892928,9.88
191.770,1795508,715020,0,2510528,4120892,543,7488892928,9.88
191.870,1795508,712332,0,2507840,4120892,543,7488892928,9.88
191.971,1795508,709260,0,2504768,4120892,543,7488892928,9.88
192.071,1795508,706188,0,2501696,4120892,543,7488892928,9.88
192.171,1795508,703372,0,2498880,4120892,543,7488892928,9.88
192.272,1795508,700428,0,2495936,4120892,543,7488892928,9.88
192.372,1795508,697612,0,2493120,4120892,543,7488892928,9.88
192.473,1795508,695052,0,2490560,4120892,543,7488892928,9.88
192.573,1795508,692492,0,2488000,4120892,543,7488892928,9.88
192.673,1795508,689932,0,2485440,4120892,543,7488892928,9.88
192.774,1795508,687116,0,2482624,4120892,543,7488892928,9.88
192.874,1795508,684428,0,2479936,4120892,543,7488892928,9.88
192.974,1795508,681484,0,2476992,4120892,543,7488892928,9.88
193.075,1795508,678796,0,2474304,4120892,543,7488892928,9.88
193.175,1795508,676108,0,2471616,4120892,543,7488892928,9.88
193.275,1795508,673292,0,2468800,4120892,543,7488892928,9.88
193.376,1795508,670476,0,2465984,4120892,543,7488892928,9.88
193.476,1795508,667660,0,2463168,4120892,543,7488892928,9.88
193.576,1795508,664972,0,2460480,4120892,543,7488892928,9.17
193.677,1795508,662156,0,2457664,4120892,543,7488892928,9.17
193.777,1795508,658956,0,2454464,4120892,543,7488892928,9.17
193.877,1795508,656140,0,2451648,4120892,543,7488892928,9.17
193.978,1795508,653452,0,2448960,4120892,543,7488892928,9.17
194.078,1795508,652236,0,2447744,4120892,543,7488901120,9.17
194.178,1795508,544908,0,2340416,4120892,543,7488905216,9.17
194.282,1795508,542860,0,2338368,4120892,543,7543476224,9.17
194.383,1795508,542860,0,2338368,4120892,543,7551868928,9.17
194.483,1795508,542896,0,2338404,4120892,544,7633702912,9.17
194.583,1795508,542896,0,2338404,4120892,544,7650480128,9.17
194.684,1795508,542900,0,2338408,4120892,544,7667257344,9.17
194.784,1795508,542900,0,2338408,4120892,544,7769153536,9.17
194.884,1795508,542900,0,2338408,4120892,544,7831007232,9.17
194.984,1799332,542900,0,2342232,4120892,544,7857221632,9.17
195.085,1802716,479708,0,2282424,4120892,545,7923970048,9.17
195.186,1802716,465740,0,2268456,4120892,545,7945990144,9.17
195.287,1802716,452780,0,2255496,4120892,545,7983058944,9.17
195.387,1802716,438508,0,2241224,4120892,545,8013770752,9.17
195.488,1802716,410604,0,2213320,4120892,545,8064102400,7.69
195.588,1802716,375216,0,2177932,4120892,545,8114434048,7.69
195.690,1802716,339376,0,2142092,4120892,545,8164765696,7.69
195.791,1802776,324744,0,2127520,4120892,545,8198320128,7.69
195.891,1802952,324788,0,2127740,4120892,546,8231899136,7.69
195.992,1802952,324788,0,2127740,4120892,546,8231899136,7.69
196.094,1802960,324788,0,2127748,4120892,546,8248676352,7.69
196.198,1802960,324792,0,2127752,4120892,546,8248676352,7.69
196.299,1803364,324792,0,2128156,4120892,546,8282230784,7.69
196.399,1803364,324800,0,2128164,4120892,546,8315785216,7.69
196.500,1803496,324824,0,2128320,4120892,546,8366116864,7.69
196.600,1804064,324824,0,2128888,4120892,546,8382881792,7.69
196.700,1804068,324820,0,2128888,4120892,546,8433213440,7.69
196.801,1805328,324820,0,2130148,4120892,546,8433213440,7.69
196.901,1805328,324820,0,2130148,4120892,546,8449990656,7.69
197.002,1805332,324820,0,2130152,4120892,546,8449990656,7.69
197.102,1805640,324820,0,2130460,4120892,546,8466767872,7.69
197.206,1805640,324820,0,2130460,4120892,546,8483545088,7.69
197.307,1805640,324820,0,2130460,4120892,546,8533876736,7.69
197.407,1805672,324800,0,2130472,4120892,546,8561135616,6.3
197.508,1805672,324800,0,2130472,4120892,546,8577912832,6.3
197.608,1805676,324800,0,2130476,4120892,546,8611467264,6.3
197.708,1805676,324800,0,2130476,4120892,546,8645021696,6.3
197.809,1805676,324800,0,2130476,4120892,546,8645021696,6.3
197.909,1805680,324800,0,2130480,4120892,546,8661798912,6.3
198.010,1806248,324800,0,2131048,4120892,546,8695353344,6.3
198.110,1806248,324800,0,2131048,4120892,546,8728907776,6.3
198.210,1806248,324800,0,2131048,4120892,546,8762462208,6.3
198.311,1806296,324808,0,2131104,4120892,546,8779239424,6.3
198.411,1806300,324808,0,2131108,4120892,546,8796016640,6.3
198.512,1806584,324812,0,2131396,4120892,546,8850546688,6.3
198.612,1806584,324812,0,2131396,4120892,546,8858935296,6.3
198.713,1806584,324812,0,2131396,4120892,546,8875712512,6.3
198.813,1806584,324812,0,2131396,4120892,546,8892489728,6.3
198.918,1806584,324812,0,2131396,4120892,546,8892489728,6.3
199.019,1806584,324812,0,2131396,4120892,546,8930340864,6.3
199.119,1806584,324812,0,2131396,4120892,546,8963895296,6.3
199.220,1806584,324812,0,2131396,4120892,546,8997449728,6.3
199.320,1806584,324812,0,2131396,4120892,546,9047781376,6.3
199.422,1806584,324812,0,2131396,4120892,546,9081335808,5.15
199.523,1806584,324812,0,2131396,4120892,546,9081335808,5.15
199.623,1806584,324812,0,2131396,4120892,546,9098104832,5.15
199.724,1806584,324812,0,2131396,4120892,546,9114882048,5.15
199.824,1806584,324812,0,2131396,4120892,546,9114882048,5.15
199.925,1806584,324812,0,2131396,4120892,546,9148436480,5.15
200.030,1806584,324812,0,2131396,4120892,546,9198768128,5.15
200.131,1806584,324812,0,2131396,4120892,546,9232322560,5.15
200.231,1806584,324812,0,2131396,4120892,546,9265876992,5.15
200.332,1806584,324812,0,2131396,4120892,546,9282654208,5.15
200.432,1806816,324812,0,2131628,4120892,546,9282654208,5.15
200.533,1806816,324812,0,2131628,4120892,546,9299431424,5.15
200.633,1806848,324812,0,2131660,4120892,546,9307820032,5.15
200.733,1806864,324812,0,2131676,4120892,546,9307820032,5.15
200.834,1806868,324812,0,2131680,4120892,546,9341374464,5.15
200.934,1806868,324812,0,2131680,4120892,546,9408483328,5.15
201.035,1807964,324812,0,2132776,4120892,546,9408483328,5.15
201.135,1807964,324812,0,2132776,4120892,546,9458814976,5.15
201.236,1807964,324784,0,2132748,4120892,546,9501806592,5.15
201.336,1807964,324784,0,2132748,4120892,546,9501806592,4.22
201.436,1807964,324784,0,2132748,4120892,546,9501806592,4.22
201.538,1807964,324784,0,2132748,4120892,546,9506004992,4.22
201.639,1807964,324784,0,2132748,4120892,546,9547952128,4.22
201.740,1807964,324784,0,2132748,4120892,546,9598283776,4.22
201.840,1807964,324784,0,2132748,4120892,546,9631838208,4.22
201.941,1807964,315552,0,2123516,4120892,546,9665392640,4.22
202.042,1807964,279228,0,2087192,4120892,546,9701863424,4.22
202.143,1807964,276372,0,2084336,4120892,546,9718640640,4.22
202.246,1807964,276372,0,2084336,4120892,546,9718640640,4.22
202.347,1807964,272420,0,2080384,4120892,546,9735417856,4.22
202.448,1808632,267588,0,2076220,4120892,546,9735417856,4.22
202.548,1808632,267168,0,2075800,4120892,546,9785749504,4.22
202.648,1808632,267164,0,2075796,4120892,546,9836081152,4.22
202.749,1808632,267164,0,2075796,4120892,546,9886412800,4.22
202.849,1808632,267136,0,2075768,4120892,546,9919967232,4.22
202.950,1808632,267140,0,2075772,4120892,547,9936748544,4.22
203.050,1808904,267140,0,2076044,4120892,547,9936748544,4.22
203.150,1808904,267188,0,2076092,4120892,548,9936773120,4.22
203.251,1808904,267188,0,2076092,4120892,548,9936773120,3.45
203.354,1809108,267188,0,2076296,4120892,548,9953550336,3.45
203.455,1809160,267188,0,2076348,4120892,548,10020659200,3.45
203.555,1809160,267188,0,2076348,4120892,548,10073214976,3.45
203.658,1809160,267188,0,2076348,4120892,548,10092236800,3.45
203.759,1809160,261860,0,2071020,4120892,550,10114347008,3.45
203.859,1809160,261860,0,2071020,4120892,550,10156298240,3.45
203.960,1809160,261872,0,2071032,4120892,550,10156298240,3.45
204.060,1809160,261880,0,2071040,4120892,550,10182397952,3.45
204.160,1809192,261888,0,2071080,4120892,550,10194984960,3.45
204.261,1809192,261888,0,2071080,4120892,550,10212839424,3.45
204.361,1809192,261888,0,2071080,4120892,550,10318069760,3.45
204.462,1809196,261892,0,2071088,4120892,550,10336591872,3.45
204.566,1812864,261996,0,2074860,4120892,550,10389274624,3.45
204.667,1812864,262000,0,2074864,4120892,551,10414534656,3.45
204.767,1812864,262000,0,2074864,4120892,551,10427121664,3.45
204.868,1812864,262000,0,2074864,4120892,551,10472755200,3.45
204.968,1813092,261964,0,2075056,4120892,551,10510086144,3.45
205.068,1813092,261980,0,2075072,4120892,552,10540720128,3.45
205.169,1813092,261980,0,2075072,4120892,552,10616123392,2.83
205.269,1813092,261488,0,2074580,4120892,552,10690416640,2.83
205.369,1813092,259800,0,2072892,4120892,553,10716712960,2.83
205.470,1813092,258460,0,2071552,4120892,553,10733498368,2.83
205.570,1813092,258472,0,2071564,4120892,553,10749292544,2.83
205.671,1813092,258084,0,2071176,4120892,553,10782732288,2.83
205.771,1813092,254652,0,2067744,4120892,553,10845528064,2.83
205.874,1813092,254528,0,2067620,4120892,553,10866507776,2.83
205.975,1813092,248012,0,2061104,4120892,553,10958524416,2.83
206.075,1813092,239476,0,2052568,4120892,553,11003723776,2.83
206.176,1813092,224800,0,2037892,4120892,557,11036905472,2.83
206.276,1813092,225160,0,2038252,4120892,559,11049619456,2.83
206.377,1813092,225348,0,2038440,4120892,560,11059953664,2.83
206.477,1813092,224736,0,2037828,4120892,560,11095556096,2.83
206.577,1813092,203044,0,2016136,4120892,561,11143741440,2.83
206.682,1813352,203148,0,2016500,4120892,565,11148058624,2.83
206.783,1813352,193736,0,2007088,4120892,567,11203780608,2.83
206.883,1813352,162100,0,1975452,4120892,568,11255914496,2.83
206.983,1813352,148152,0,1961504,4120892,568,11292717056,2.83
207.084,1813352,138580,0,1951932,4120892,569,11312492544,2.31
207.184,1813352,138632,0,1951984,4120892,569,11312492544,2.31
207.285,1813352,133528,0,1946880,4120892,569,11343073280,2.31
207.390,1813352,133628,0,1946980,4120892,570,11359891456,2.31
207.491,1813352,133628,0,1946980,4120892,570,11371507712,2.31
207.591,1813352,108588,0,1921940,4120892,571,11421614080,2.31
207.692,1813352,95816,0,1909168,4120892,571,11455295488,2.31
207.792,1813352,95884,0,1909236,4120892,571,11455295488,2.31
207.892,1813352,95952,0,1909304,4120892,572,11522408448,2.31
207.993,1813916,95952,0,1909868,4120892,572,11522408448,2.31
208.093,1813948,96012,0,1909960,4120892,572,11539185664,2.31
208.193,1813948,96012,0,1909960,4120892,572,11539185664,2.31
208.294,1813948,96036,0,1909984,4120892,572,11555962880,2.31
208.394,1813948,96036,0,1909984,4120892,572,11597897728,2.31
208.495,1813948,96060,0,1910008,4120892,572,11614674944,2.31
208.595,1813948,96060,0,1910008,4120892,572,11631456256,2.31
208.695,1813948,96064,0,1910012,4120892,572,11681787904,2.31
208.796,1813948,96068,0,1910016,4120892,572,11712204800,2.31
208.896,1813948,96072,0,1910020,4120892,573,11728986112,2.31
208.997,1813948,96104,0,1910052,4120892,573,11760250880,2.31
209.097,1813948,96104,0,1910052,4120892,573,11793739776,1.89
209.198,1813948,96116,0,1910064,4120892,573,11825184768,1.89
209.299,1813948,96116,0,1910064,4120892,573,11825188864,1.89
209.401,1813948,96128,0,1910076,4120892,573,11873587200,1.89
209.506,1813948,96144,0,1910092,4120892,573,11907141632,1.89
209.607,1813948,96152,0,1910100,4120892,573,11907145728,1.89
209.707,1813948,96156,0,1910104,4120892,573,11957477376,1.89
209.808,1813948,96160,0,1910108,4120892,573,12007817216,1.89
209.908,1813948,96160,0,1910108,4120892,573,12007817216,1.89
210.010,1813988,96164,0,1910152,4120892,573,12024725504,1.89
210.111,1813988,96164,0,1910152,4120892,573,12024725504,1.89
210.214,1813988,96164,0,1910152,4120892,573,12075180032,1.89
210.315,1813988,96164,0,1910152,4120892,573,12075180032,1.89
210.415,1813988,96164,0,1910152,4120892,573,12112932864,1.89
210.515,1813988,96176,0,1910164,4120892,573,12154880000,1.89
210.616,1813988,96176,0,1910164,4120892,573,12188434432,1.89
210.716,1813988,96180,0,1910168,4120892,573,12188434432,1.89
210.817,1813988,96180,0,1910168,4120892,573,12238766080,1.89
210.917,1814300,96180,0,1910480,4120892,573,12253986816,1.89
211.017,1814300,96180,0,1910480,4120892,573,12253986816,1.55
211.118,1814380,96180,0,1910560,4120892,573,12287541248,1.55
211.218,1814380,96180,0,1910560,4120892,573,12304318464,1.55
211.319,1814380,96180,0,1910560,4120892,573,12337872896,1.55
211.419,1814380,96180,0,1910560,4120892,573,12354650112,1.55
211.520,1814380,96180,0,1910560,4120892,573,12371427328,1.55
211.620,1814380,96184,0,1910564,4120892,573,12421763072,1.55
211.720,1814380,96184,0,1910564,4120892,573,12455313408,1.55
211.821,1814380,96184,0,1910564,4120892,573,12472090624,1.55
211.921,1814380,96184,0,1910564,4120892,573,12488871936,1.55
212.022,1814380,96184,0,1910564,4120892,573,12522426368,1.55
212.122,1814380,96184,0,1910564,4120892,573,12539203584,1.55
212.226,1814380,96212,0,1910592,4120892,573,12555980800,1.55
212.327,1814384,96212,0,1910596,4120892,573,12555980800,1.55
212.427,1814384,96212,0,1910596,4120892,573,12623089664,1.55
212.528,1814384,96212,0,1910596,4120892,573,12623089664,1.55
212.628,1814384,96212,0,1910596,4120892,573,12639866880,1.55
212.728,1814384,96212,0,1910596,4120892,573,12706185216,1.55
212.829,1814384,96212,0,1910596,4120892,573,12722954240,1.55
212.929,1814384,96212,0,1910596,4120892,573,12722954240,1.27
213.030,1814384,96212,0,1910596,4120892,573,12739731456,1.27
213.130,1814384,96212,0,1910596,4120892,573,12773285888,1.27
213.231,1814384,96212,0,1910596,4120892,573,12790063104,1.27
213.334,1814384,96212,0,1910596,4120892,573,12827815936,1.27
213.438,1814408,96212,0,1910620,4120892,573,12844593152,1.27
213.539,1814408,96212,0,1910620,4120892,573,12869763072,1.27
213.639,1814408,96212,0,1910620,4120892,573,12869763072,1.27
213.740,1814408,96212,0,1910620,4120892,573,12903317504,1.27
213.840,1814408,96212,0,1910620,4120892,573,12913799168,1.27
213.941,1814408,96212,0,1910620,4120892,573,12913799168,1.27
214.041,1814408,96212,0,1910620,4120892,573,12943265792,1.27
214.141,1814408,96156,0,1910564,4120892,573,12997795840,1.27
214.242,1814528,96156,0,1910684,4120892,573,13014704128,1.27
214.342,1814528,96156,0,1910684,4120892,573,13056651264,1.27
214.443,1814528,96156,0,1910684,4120892,573,13090209792,1.27
214.543,1814528,96156,0,1910684,4120892,573,13123764224,1.27
214.644,1814528,96156,0,1910684,4120892,573,13123764224,1.27
214.744,1814528,96156,0,1910684,4120892,573,13139865600,1.27
214.846,1814528,96156,0,1910684,4120892,573,13156646912,1.04
214.947,1814528,96156,0,1910684,4120892,573,13206978560,1.04
215.047,1814528,96156,0,1910684,4120892,573,13223755776,1.04
215.148,1814528,96156,0,1910684,4120892,573,13240532992,1.04
215.248,1814532,96156,0,1910688,4120892,573,13257310208,1.04
215.350,1814532,96168,0,1910700,4120892,573,13307633664,1.04
215.452,1814532,96168,0,1910700,4120892,573,13324410880,1.04
215.554,1814532,96168,0,1910700,4120892,573,13341188096,1.04
215.662,1814532,96168,0,1910700,4120892,573,13374742528,1.04
215.763,1814532,96168,0,1910700,4120892,573,13391519744,1.04
215.863,1814532,96168,0,1910700,4120892,573,13425074176,1.04
215.964,1814536,96168,0,1910704,4120892,573,13458628608,1.04
216.064,1817072,96168,0,1913240,4120892,573,13458632704,1.04
216.164,1817072,96168,0,1913240,4120892,573,13521539072,1.04
216.265,1817072,96168,0,1913240,4120892,573,13521539072,1.04
216.365,1817072,96168,0,1913240,4120892,573,13538316288,1.04
216.465,1817072,96168,0,1913240,4120892,573,13571870720,1.04
216.566,1817072,96168,0,1913240,4120892,573,13592846336,1.04
216.666,1817072,96168,0,1913240,4120892,573,13626302464,1.04
216.767,1817072,96168,0,1913240,4120892,573,13643067392,1.04
216.867,1817076,96168,0,1913244,4120892,573,13668237312,0.85
216.967,1817076,96168,0,1913244,4120892,573,13685014528,0.85
217.068,1817076,96168,0,1913244,4120892,573,13718568960,0.85
217.170,1817076,96168,0,1913244,4120892,573,13746143232,0.85
217.271,1817076,96168,0,1913244,4120892,573,13762920448,0.85
217.371,1817076,96172,0,1913248,4120892,573,13803630592,0.85
217.472,1817076,96172,0,1913248,4120892,573,13820399616,0.85
217.572,1817076,96172,0,1913248,4120892,573,13842497536,0.85
217.672,1817076,96172,0,1913248,4120892,573,13869756416,0.85
217.773,1817076,96168,0,1913244,4120892,573,13920092160,0.85
217.873,1817076,96168,0,1913244,4120892,573,13920100352,0.85
217.974,1817076,96172,0,1913248,4120892,575,13953818624,0.85
218.078,1817076,96184,0,1913260,4120892,575,13966295040,0.85
218.179,1817076,96184,0,1913260,4120892,575,13987270656,0.85
218.279,1817076,96180,0,1913256,4120892,575,14029230080,0.85
218.380,1817076,96180,0,1913256,4120892,575,14041821184,0.85
218.480,1817076,96180,0,1913256,4120892,575,14075383808,0.85
218.581,1817076,96180,0,1913256,4120892,575,14092161024,0.85
218.681,1817076,96180,0,1913256,4120892,575,14100553728,0.85
218.781,1817076,96180,0,1913256,4120892,575,14158716928,0.69
218.882,1817076,96140,0,1913216,4120892,575,14199402496,0.69
218.982,1817076,96140,0,1913216,4120892,575,14216179712,0.69
219.086,1817076,96136,0,1913212,4120892,575,14251098112,0.69
219.187,1820480,96140,0,1916620,4120892,576,14265458688,0.69
219.287,1820732,96140,0,1916872,4120892,576,14303211520,0.69
219.388,1820732,96156,0,1916888,4120892,577,14367072256,0.69
219.488,1820732,96156,0,1916888,4120892,577,14409023488,0.69
219.588,1820732,96156,0,1916888,4120892,577,14425800704,0.69
219.689,1820732,96156,0,1916888,4120892,577,14442577920,0.69
219.789,1820732,96156,0,1916888,4120892,577,14469443584,0.69
219.890,1820732,96156,0,1916888,4120892,577,14511259648,0.69
219.990,1820732,96156,0,1916888,4120892,577,14511263744,0.69
220.091,1821108,96156,0,1917264,4120892,577,14528040960,0.69
220.191,1823284,96156,0,1919440,4120892,577,14565793792,0.69
220.291,1823284,96156,0,1919440,4120892,577,14599348224,0.69
220.394,1823284,96156,0,1919440,4120892,577,14611943424,0.69
220.495,1823284,96156,0,1919440,4120892,577,14628720640,0.69
220.595,1823632,96156,0,1919788,4120892,577,14670667776,0.69
220.696,1823632,96156,0,1919788,4120892,577,14729265152,0.57
220.796,1823632,96156,0,1919788,4120892,577,14729269248,0.57
220.896,1823632,96156,0,1919788,4120892,577,14746046464,0.57
220.997,1823632,96156,0,1919788,4120892,577,14809059328,0.57
221.097,1823632,96160,0,1919792,4120892,577,14825836544,0.57
221.197,1823632,96160,0,1919792,4120892,577,14874333184,0.57
221.298,1823640,96160,0,1919800,4120892,577,14891110400,0.57
221.398,1823640,96168,0,1919808,4120892,577,14928863232,0.57
221.503,1823640,96168,0,1919808,4120892,577,14945640448,0.57
221.603,1823640,96168,0,1919808,4120892,577,14975012864,0.57
221.703,1823640,96168,0,1919808,4120892,577,14991790080,0.57
221.806,1823644,96168,0,1919812,4120892,577,15067279360,0.57
221.907,1824680,96168,0,1920848,4120892,577,15067279360,0.57
222.007,1824680,96168,0,1920848,4120892,577,15084056576,0.57
222.108,1824680,96168,0,1920848,4120892,577,15096963072,0.57
222.208,1824680,96168,0,1920848,4120892,577,15109808128,0.57
222.309,1824680,96168,0,1920848,4120892,577,15143362560,0.57
222.409,1824680,96168,0,1920848,4120892,577,15193755648,0.57
222.510,1824680,96168,0,1920848,4120892,577,15210532864,0.57
222.610,1824700,96168,0,1920868,4120892,577,15244087296,0.46
222.711,1824700,96168,0,1920868,4120892,577,15294423040,0.46
222.811,1824700,96168,0,1920868,4120892,577,15304904704,0.46
222.914,1824700,96168,0,1920868,4120892,577,15304904704,0.46
223.018,1824700,96168,0,1920868,4120892,577,15355236352,0.46
223.119,1824700,96168,0,1920868,4120892,577,15372013568,0.46
223.219,1824700,96168,0,1920868,4120892,577,15422345216,0.46
223.320,1824700,96168,0,1920868,4120892,577,15439122432,0.46
223.420,1824700,96208,0,1920908,4120892,577,15439179776,0.46
223.521,1824700,96208,0,1920908,4120892,577,15439179776,0.46
223.621,1824700,96208,0,1920908,4120892,577,15439179776,0.46
223.726,1824700,96208,0,1920908,4120892,577,15489511424,0.46
223.827,1824700,96248,0,1920948,4120892,577,15544107008,0.46
223.927,1824700,96248,0,1920948,4120892,577,15544107008,0.46
224.028,1824700,96240,0,1920940,4120892,577,15627993088,0.46
224.128,1824700,96240,0,1920940,4120892,577,15636381696,0.46
224.228,1824700,96240,0,1920940,4120892,577,15636381696,0.46
224.329,1824700,96240,0,1920940,4120892,577,15636381696,0.46
224.429,1824700,96240,0,1920940,4120892,577,15653158912,0.46
224.529,1824700,96240,0,1920940,4120892,577,15669936128,0.38
224.630,1824700,96240,0,1920940,4120892,577,15724392448,0.38
224.730,1824700,96240,0,1920940,4120892,577,15741169664,0.38
224.831,1824700,96240,0,1920940,4120892,577,15823224832,0.38
224.931,1824700,96240,0,1920940,4120892,577,15856779264,0.38
225.031,1824700,96240,0,1920940,4120892,577,15856779264,0.38
225.132,1824700,96240,0,1920940,4120892,577,15860977664,0.38
225.232,1824700,96240,0,1920940,4120892,577,15888236544,0.38
225.333,1824700,96240,0,1920940,4120892,577,15896629248,0.38
225.433,1824700,96240,0,1920940,4120892,577,15913406464,0.38
225.538,1824700,96240,0,1920940,4120892,577,15946960896,0.38
225.639,1824700,96240,0,1920940,4120892,577,16014073856,0.38
225.739,1824700,96240,0,1920940,4120892,577,16064540672,0.38
225.840,1824700,96240,0,1920940,4120892,577,16064540672,0.38
225.940,1824700,96244,0,1920944,4120892,577,16072933376,0.38
226.040,1824700,96244,0,1920944,4120892,577,16089710592,0.38
226.141,1824700,96244,0,1920944,4120892,577,16089710592,0.38
226.241,1824700,96244,0,1920944,4120892,577,16104452096,0.38
226.341,1824700,96244,0,1920944,4120892,577,16121233408,0.38
226.442,1824700,96244,0,1920944,4120892,577,16214630400,0.38
226.542,1824700,96244,0,1920944,4120892,577,16264949760,0.31
226.643,1824700,96244,0,1920944,4120892,577,16281726976,0.31
226.743,1824700,96244,0,1920944,4120892,577,16286085120,0.31
226.844,1824700,96244,0,1920944,4120892,577,16286085120,0.31
226.947,1824700,96244,0,1920944,4120892,577,16290115584,0.31
227.047,1824700,96244,0,1920944,4120892,577,16298180608,0.31
227.147,1824700,96244,0,1920944,4120892,577,16302379008,0.31
227.248,1824700,96244,0,1920944,4120892,577,16344649728,0.31
227.350,1824700,96304,0,1921004,4120892,577,16378204160,0.31
227.451,1824700,96304,0,1921004,4120892,577,16455794688,0.31
227.551,1824700,96304,0,1921004,4120892,577,16472571904,0.31
227.651,1824700,96304,0,1921004,4120892,577,16476770304,0.31
227.754,1824700,96304,0,1921004,4120892,577,16485158912,0.31
227.855,1824700,96304,0,1921004,4120892,577,16526913536,0.31
227.955,1824700,96304,0,1921004,4120892,577,16526913536,0.31
228.056,1824700,96304,0,1921004,4120892,577,16543690752,0.31
228.156,1824700,96304,0,1921004,4120892,577,16560467968,0.31
228.256,1824700,96304,0,1921004,4120892,577,16620220416,0.31
228.357,1824700,96304,0,1921004,4120892,577,16680030208,0.31
228.457,1827276,96304,0,1923580,4120892,577,16724168704,0.25
228.557,1827276,96304,0,1923580,4120892,577,16753532928,0.25
228.662,1827276,96304,0,1923580,4120892,577,16778702848,0.25
228.763,1827276,96304,0,1923580,4120892,577,16799707136,0.25
228.863,1827276,96308,0,1923584,4120892,578,16829075456,0.25
228.964,1827276,96308,0,1923584,4120892,578,16872054784,0.25
229.064,1827376,96308,0,1923684,4120892,578,16891248640,0.25
229.164,1827376,96308,0,1923684,4120892,578,16974692352,0.25
229.265,1827376,96308,0,1923684,4120892,578,16997158912,0.25
229.365,1827376,96308,0,1923684,4120892,578,17025835008,0.25
229.466,1827496,96308,0,1923804,4120892,578,17029980160,0.25
229.566,1827496,96308,0,1923804,4120892,578,17083813888,0.25
229.666,1827496,96308,0,1923804,4120892,578,17117417472,0.25
229.767,1827496,96304,0,1923800,4120892,578,17150320640,0.25
229.867,1827496,96304,0,1923800,4120892,578,17183875072,0.25
229.968,1827520,96028,0,1923548,4120892,579,17249472512,0.25
230.068,1827520,96028,0,1923548,4120892,579,17282072576,0.25
230.168,1827520,95952,0,1923472,4120892,579,17321054208,0.25
230.270,1827520,95384,0,1922904,4120892,583,17345290240,0.25
230.371,1827520,95336,0,1922856,4120892,588,17379450880,0.2
230.471,1827520,95432,0,1922952,4120892,589,17397841920,0.2
230.572,1827520,95596,0,1923116,4120892,591,17414746112,0.2
230.672,1827520,95720,0,1923240,4120892,593,17435754496,0.2
230.772,1827524,95800,0,1923324,4120892,594,17442394112,0.2
230.873,1827524,95388,0,1922912,4120892,596,17476276224,0.2
230.974,1827524,95484,0,1923008,4120892,596,17492103168,0.2
231.075,1827524,95540,0,1923064,4120892,596,17509834752,0.2
231.175,1827536,95564,0,1923100,4120892,598,17526677504,0.2
231.282,1827536,95664,0,1923200,4120892,599,17586868224,0.2
231.383,1827536,95804,0,1923340,4120892,599,17603645440,0.2
231.483,1827536,95816,0,1923352,4120892,599,17620422656,0.2
231.584,1827536,95836,0,1923372,4120892,599,17653194752,0.2
231.684,1827536,95864,0,1923400,4120892,600,17678409728,0.2
231.785,1827536,95904,0,1923440,4120892,600,17711968256,0.2
231.885,1827540,95924,0,1923464,4120892,601,17728843776,0.2
231.985,1827540,95928,0,1923468,4120892,601,17728843776,0.2
232.086,1827540,95940,0,1923480,4120892,601,17767641088,0.2
232.186,1827540,95964,0,1923504,4120892,601,17817964544,0.2
232.286,1827540,95988,0,1923528,4120892,601,17834807296,0.53
232.387,1827540,95988,0,1923528,4120892,601,17834811392,0.53
232.487,1827540,95996,0,1923536,4120892,601,17868361728,0.53
232.588,1827540,96008,0,1923548,4120892,601,17868492800,0.53
232.688,1827540,96008,0,1923548,4120892,601,17885270016,0.53
232.789,1827540,96020,0,1923560,4120892,602,17885282304,0.53
232.889,1827540,96032,0,1923572,4120892,602,17885282304,0.53
232.989,1827540,96040,0,1923580,4120892,602,17935618048,0.53
233.089,1827540,96064,0,1923604,4120892,602,17935618048,0.53
233.190,1827540,96064,0,1923604,4120892,602,17951608832,0.53
233.290,1827540,96068,0,1923608,4120892,602,17957900288,0.53
233.390,1827540,96072,0,1923612,4120892,602,17974677504,0.53
233.491,1827540,96072,0,1923612,4120892,602,17974677504,0.53
233.591,1827540,96072,0,1923612,4120892,602,17974677504,0.53
233.692,1827540,96072,0,1923612,4120892,602,18024984576,0.53
233.792,1827576,96080,0,1923656,4120892,603,18024992768,0.53
233.892,1827576,96108,0,1923684,4120892,603,18025054208,0.53
233.993,1827576,96108,0,1923684,4120892,603,18025054208,0.53
234.093,1827576,96108,0,1923684,4120892,603,18041819136,0.53
234.193,1827576,96108,0,1923684,4120892,603,18041819136,0.53
234.294,1827576,96112,0,1923688,4120892,603,18041819136,1.52
234.394,1827576,96116,0,1923692,4120892,603,18068029440,1.52
234.494,1827580,96120,0,1923700,4120892,603,18073272320,1.52
234.595,1828100,96148,0,1924248,4120892,603,18073272320,1.52
234.695,1828100,96148,0,1924248,4120892,603,18073272320,1.52
234.795,1828100,96148,0,1924248,4120892,603,18073272320,1.52
234.896,1828100,96148,0,1924248,4120892,603,18083753984,1.52
234.996,1828100,96152,0,1924252,4120892,603,18083753984,1.52
235.096,1828100,96152,0,1924252,4120892,603,18100531200,1.52
235.197,1828100,96152,0,1924252,4120892,603,18100531200,1.52
235.297,1828100,96152,0,1924252,4120892,603,18100531200,1.52
235.398,1828100,96152,0,1924252,4120892,603,18100592640,1.52
235.498,1828100,96152,0,1924252,4120892,603,18100592640,1.52
235.598,1828100,96152,0,1924252,4120892,603,18145161216,1.52
235.699,1828100,96140,0,1924240,4120892,603,18275975168,1.52
235.799,1828100,96140,0,1924240,4120892,603,18405625856,1.52
235.899,1828100,96140,0,1924240,4120892,603,18530635776,1.52
236.000,1828100,96140,0,1924240,4120892,603,18530635776,1.52
236.100,1828100,96140,0,1924240,4120892,603,18530635776,1.52
236.200,1828100,96140,0,1924240,4120892,603,18530635776,1.79
236.301,1828100,96140,0,1924240,4120892,603,18530635776,1.79
236.401,1828100,96140,0,1924240,4120892,603,18530635776,1.79
236.501,1828100,96140,0,1924240,4120892,603,18530635776,1.79
236.602,1828100,96140,0,1924240,4120892,603,18530635776,1.79
236.702,1828100,96140,0,1924240,4120892,603,18530635776,1.79
236.803,1828100,96140,0,1924240,4120892,603,18530635776,1.79
236.903,1828100,96140,0,1924240,4120892,603,18530635776,1.79
237.003,1828100,96140,0,1924240,4120892,603,18530635776,1.79
237.104,1828100,96140,0,1924240,4120892,603,18530635776,1.79
237.204,1828100,96140,0,1924240,4120892,603,18530635776,1.79
237.304,1828100,96140,0,1924240,4120892,603,18530635776,1.79
237.405,1828100,96140,0,1924240,4120892,603,18530635776,1.79
237.505,1828100,96140,0,1924240,4120892,603,18530635776,1.79
237.605,1828100,96140,0,1924240,4120892,603,18530635776,1.79
237.706,1828100,96140,0,1924240,4120892,603,18530635776,1.79
237.806,1828100,96140,0,1924240,4120892,603,18530635776,1.79
237.907,1828100,96140,0,1924240,4120892,603,18530635776,1.79
238.007,1828100,96140,0,1924240,4120892,603,18530635776,1.79
238.107,1828100,96140,0,1924240,4120892,603,18530635776,4.36
238.208,1828100,96140,0,1924240,4120892,603,18530635776,4.36
238.308,1828100,96140,0,1924240,4120892,603,18530635776,4.36
238.408,1828100,96140,0,1924240,4120892,603,18530635776,4.36
238.509,1828100,96140,0,1924240,4120892,603,18530635776,4.36
238.609,1828100,96140,0,1924240,4120892,603,18530635776,4.36
238.709,1828100,96140,0,1924240,4120892,603,18530635776,4.36
238.810,1828100,96140,0,1924240,4120892,603,18530635776,4.36
238.910,1828100,96140,0,1924240,4120892,603,18530635776,4.36
239.011,1828100,96140,0,1924240,4120892,603,18530635776,4.36
239.111,1828100,96140,0,1924240,4120892,603,18530635776,4.36
239.211,1828100,96140,0,1924240,4120892,603,18530635776,4.36
239.312,1828100,96140,0,1924240,4120892,603,18530635776,4.36
239.412,1828100,96140,0,1924240,4120892,603,18530635776,4.36
239.512,1828100,96140,0,1924240,4120892,603,18530635776,4.36
239.613,1828100,96140,0,1924240,4120892,603,18530635776,4.36
239.713,1828100,96140,0,1924240,4120892,603,18530635776,4.36
239.813,1828100,96140,0,1924240,4120892,603,18530635776,4.36
239.914,1828100,96140,0,1924240,4120892,603,18530635776,4.36
240.014,1828100,96140,0,1924240,4120892,603,18530635776,4.36
240.115,1828100,96140,0,1924240,4120892,603,18530635776,3.57
240.215,1828100,96140,0,1924240,4120892,603,18530635776,3.57
240.315,1828100,96140,0,1924240,4120892,603,18530635776,3.57
240.416,1828100,96140,0,1924240,4120892,603,18530635776,3.57
240.516,1828100,96140,0,1924240,4120892,603,18530635776,3.57
240.616,1828100,96140,0,1924240,4120892,603,18530635776,3.57
240.717,1828100,96140,0,1924240,4120892,603,18530635776,3.57
240.817,1828100,96140,0,1924240,4120892,603,18530635776,3.57
240.917,1828100,96140,0,1924240,4120892,603,18530635776,3.57
241.018,1828100,96140,0,1924240,4120892,603,18530635776,3.57
241.118,1828100,96140,0,1924240,4120892,603,18530635776,3.57
241.218,1828100,96140,0,1924240,4120892,603,18530635776,3.57
241.319,1828100,96140,0,1924240,4120892,603,18530635776,3.57
241.419,1828100,96140,0,1924240,4120892,603,18530635776,3.57
241.519,1828100,96140,0,1924240,4120892,603,18530635776,3.57
241.620,1828100,96140,0,1924240,4120892,603,18530635776,3.57
241.720,1828100,96140,0,1924240,4120892,603,18530635776,3.57
241.821,1828100,96140,0,1924240,4120892,603,18530635776,3.57
241.921,1828100,96140,0,1924240,4120892,603,18530635776,3.57
242.021,1828100,96140,0,1924240,4120892,603,18530635776,7.09
242.122,1828100,96140,0,1924240,4120892,603,18530635776,7.09
242.222,1828100,96140,0,1924240,4120892,603,18530635776,7.09
242.322,1828100,96140,0,1924240,4120892,603,18530635776,7.09
242.423,1828100,96140,0,1924240,4120892,603,18530635776,7.09
242.523,1828100,96140,0,1924240,4120892,603,18530635776,7.09
242.624,1828100,96140,0,1924240,4120892,603,18530635776,7.09
242.724,1828100,96140,0,1924240,4120892,603,18530635776,7.09
242.824,1828100,96140,0,1924240,4120892,603,18530635776,7.09
242.925,1828100,96140,0,1924240,4120892,603,18530635776,7.09
243.025,1828100,96140,0,1924240,4120892,603,18530635776,7.09
243.126,1828100,96140,0,1924240,4120892,603,18530635776,7.09
243.226,1828100,96140,0,1924240,4120892,603,18530635776,7.09
243.326,1828100,96140,0,1924240,4120892,603,18530635776,7.09
243.427,1828100,96140,0,1924240,4120892,603,18530635776,7.09
243.527,1828100,96140,0,1924240,4120892,603,18530635776,7.09
243.627,1828100,96140,0,1924240,4120892,603,18530635776,7.09
243.728,1828100,96140,0,1924240,4120892,603,18530635776,7.09
243.828,1828100,96140,0,1924240,4120892,603,18530635776,7.09
243.928,1828100,96140,0,1924240,4120892,603,18530635776,8.34
244.029,1828100,96140,0,1924240,4120892,603,18530635776,8.34
244.129,1828100,96140,0,1924240,4120892,603,18530635776,8.34
244.229,1828100,96140,0,1924240,4120892,603,18530635776,8.34
244.330,1828100,96140,0,1924240,4120892,603,18530635776,8.34
244.430,1828100,96140,0,1924240,4120892,603,18530635776,8.34
244.530,1828100,96140,0,1924240,4120892,603,18530635776,8.34
244.631,1828100,96140,0,1924240,4120892,603,18530635776,8.34
244.731,1828100,96140,0,1924240,4120892,603,18530635776,8.34
244.831,1828100,96140,0,1924240,4120892,603,18530635776,8.34
244.932,1828100,96140,0,1924240,4120892,603,18530635776,8.34
245.032,1828100,96140,0,1924240,4120892,603,18530635776,8.34
245.132,1828100,96132,0,1924232,4120892,603,18530635776,8.34
245.233,1828100,96132,0,1924232,4120892,603,18530635776,8.34
245.333,1828100,96124,0,1924224,4120892,603,18530635776,8.34
245.434,1828100,96084,0,1924184,4120892,603,18530635776,8.34
245.534,1828100,96084,0,1924184,4120892,603,18530635776,8.34
245.634,1828100,96084,0,1924184,4120892,603,18530635776,8.34
245.735,1828100,96084,0,1924184,4120892,603,18530635776,8.34
245.835,1828100,96084,0,1924184,4120892,603,18530635776,9.0
245.935,1828100,96084,0,1924184,4120892,603,18530635776,9.0
246.036,1828100,96084,0,1924184,4120892,603,18530635776,9.0
246.136,1828100,96084,0,1924184,4120892,603,18530635776,9.0
246.236,1828100,96084,0,1924184,4120892,603,18530635776,9.0
246.336,1828100,96084,0,1924184,4120892,603,18530635776,9.0
246.437,1828100,96084,0,1924184,4120892,603,18530635776,9.0
246.537,1828100,96084,0,1924184,4120892,603,18530635776,9.0
246.637,1828100,96064,0,1924164,4120892,603,18530635776,9.0
246.738,1828100,96064,0,1924164,4120892,603,18530635776,9.0
246.838,1828100,96064,0,1924164,4120892,603,18530643968,9.0
246.939,1828100,96064,0,1924164,4120892,603,18551902208,9.0
247.039,1828100,96064,0,1924164,4120892,603,18673340416,9.0
247.139,1828100,96064,0,1924164,4120892,603,18803212288,9.0
247.240,1828100,96064,0,1924164,4120892,603,18937454592,9.0
247.340,1828100,96064,0,1924164,4120892,603,18992332800,9.0
247.440,1828100,96064,0,1924164,4120892,603,18992332800,9.0
247.541,1828100,96064,0,1924164,4120892,603,18992332800,9.0
247.641,1828100,96064,0,1924164,4120892,603,18992332800,9.0
247.741,1828100,96036,0,1924136,4120892,603,18992332800,9.0
247.842,1828100,96036,0,1924136,4120892,603,18992332800,10.99
247.942,1828100,96036,0,1924136,4120892,603,18992332800,10.99
248.042,1828100,95984,0,1924084,4120892,603,18992332800,10.99
248.143,1828100,95984,0,1924084,4120892,603,18992332800,10.99
248.243,1828100,95984,0,1924084,4120892,603,18992332800,10.99
248.344,1828100,95984,0,1924084,4120892,603,18992332800,10.99
248.444,1828100,95984,0,1924084,4120892,603,18992332800,10.99
248.544,1828100,95984,0,1924084,4120892,603,18992332800,10.99
248.645,1828100,95984,0,1924084,4120892,603,18992332800,10.99
248.745,1828100,95984,0,1924084,4120892,603,18992332800,10.99
248.845,1828100,95984,0,1924084,4120892,603,18992332800,10.99
248.946,1828100,95984,0,1924084,4120892,603,18992332800,10.99
249.046,1828100,95984,0,1924084,4120892,603,18992332800,10.99
249.147,1828100,95984,0,1924084,4120892,603,18992332800,10.99
249.247,1828100,95924,0,1924024,4120892,603,18992332800,10.99
249.347,1828100,95924,0,1924024,4120892,603,18992332800,10.99
249.448,1828100,95924,0,1924024,4120892,603,18992332800,10.99
249.548,1828100,95924,0,1924024,4120892,603,18992332800,10.99
249.648,1828100,95924,0,1924024,4120892,603,18992332800,10.99
249.749,1828100,95924,0,1924024,4120892,603,18992332800,12.26
249.849,1828100,95924,0,1924024,4120892,603,18992332800,12.26
249.949,1828100,95924,0,1924024,4120892,603,18992332800,12.26
250.050,1828100,95924,0,1924024,4120892,603,18992332800,12.26
250.150,1828100,95924,0,1924024,4120892,603,18992332800,12.26
250.251,1828100,95924,0,1924024,4120892,603,18992332800,12.26
250.351,1828100,95924,0,1924024,4120892,603,18992332800,12.26
250.451,1828100,95924,0,1924024,4120892,603,18992332800,12.26
250.552,1828100,95924,0,1924024,4120892,603,18992332800,12.26
250.652,1828100,95924,0,1924024,4120892,603,18992332800,12.26
250.752,1828100,95924,0,1924024,4120892,603,18992332800,12.26
250.853,1828100,95924,0,1924024,4120892,603,18992332800,12.26
250.953,1828100,95924,0,1924024,4120892,603,18992332800,12.26
251.053,1828100,95924,0,1924024,4120892,603,18992332800,12.26
251.154,1828100,95924,0,1924024,4120892,603,18992332800,12.26
251.254,1828100,95924,0,1924024,4120892,603,18992332800,12.26
251.355,1828100,95924,0,1924024,4120892,603,18992332800,12.26
251.455,1828100,95924,0,1924024,4120892,603,18992332800,12.26
251.555,1828100,95924,0,1924024,4120892,603,18992332800,12.26
251.656,1828100,95924,0,1924024,4120892,603,18992332800,10.04
251.756,1828100,95924,0,1924024,4120892,603,18992332800,10.04
251.857,1828100,95924,0,1924024,4120892,603,18992332800,10.04
251.957,1828100,95924,0,1924024,4120892,603,18992332800,10.04
252.057,1828100,95924,0,1924024,4120892,603,18992332800,10.04
252.158,1828100,95924,0,1924024,4120892,603,18992332800,10.04
252.258,1828100,95924,0,1924024,4120892,603,18992332800,10.04
252.358,1828100,95924,0,1924024,4120892,603,18992332800,10.04
252.459,1828100,95924,0,1924024,4120892,603,18992332800,10.04
252.559,1828100,95924,0,1924024,4120892,603,18992332800,10.04
252.659,1828100,95924,0,1924024,4120892,603,18992332800,10.04
252.760,1828100,95924,0,1924024,4120892,603,18992332800,10.04
252.860,1828100,95924,0,1924024,4120892,603,18992332800,10.04
252.960,1828100,95924,0,1924024,4120892,603,18992332800,10.04
253.061,1828100,95924,0,1924024,4120892,603,18992332800,10.04
253.161,1828100,95924,0,1924024,4120892,603,18992332800,10.04
253.261,1828100,95924,0,1924024,4120892,603,18992332800,10.04
253.362,1828100,95920,0,1924020,4120892,603,18992332800,10.04
253.462,1828100,95920,0,1924020,4120892,603,18992332800,10.04
253.563,1828100,95920,0,1924020,4120892,603,18992332800,10.04
253.663,1828100,95920,0,1924020,4120892,603,18992332800,12.21
253.763,1828100,95920,0,1924020,4120892,603,18992332800,12.21
253.864,1828100,95920,0,1924020,4120892,603,18992332800,12.21
253.964,1828100,95920,0,1924020,4120892,603,18992332800,12.21
254.064,1828100,95920,0,1924020,4120892,603,18992332800,12.21
254.165,1828100,95920,0,1924020,4120892,603,18992332800,12.21
254.265,1828100,95920,0,1924020,4120892,603,18992332800,12.21
254.365,1828100,95920,0,1924020,4120892,603,18992332800,12.21
254.466,1828100,95920,0,1924020,4120892,603,18992332800,12.21
254.566,1828100,95920,0,1924020,4120892,603,18992332800,12.21
254.666,1828100,95920,0,1924020,4120892,603,18992332800,12.21
254.767,1828100,95920,0,1924020,4120892,603,18992332800,12.21
254.867,1828100,95920,0,1924020,4120892,603,18992332800,12.21
254.967,1828100,95920,0,1924020,4120892,603,18992332800,12.21
255.068,1828100,95920,0,1924020,4120892,603,18992332800,12.21
255.168,1828100,95916,0,1924016,4120892,603,18992332800,12.21
255.268,1828100,95916,0,1924016,4120892,603,18992332800,12.21
255.369,1828100,95904,0,1924004,4120892,603,18992332800,12.21
255.469,1828100,95904,0,1924004,4120892,603,18992332800,12.21
255.569,1828100,95888,0,1923988,4120892,603,18992332800,13.44
255.670,1828100,95888,0,1923988,4120892,603,18992332800,13.44
255.770,1828100,95888,0,1923988,4120892,603,18992332800,13.44
255.870,1828100,95888,0,1923988,4120892,603,18992332800,13.44
255.971,1828100,95888,0,1923988,4120892,603,18992332800,13.44
256.071,1828100,95888,0,1923988,4120892,603,18992332800,13.44
256.172,1828100,95888,0,1923988,4120892,603,18992332800,13.44
256.272,1828100,95888,0,1923988,4120892,603,18992332800,13.44
256.372,1828100,95888,0,1923988,4120892,603,18992332800,13.44
256.473,1828100,95888,0,1923988,4120892,603,18992332800,13.44
256.573,1828100,95888,0,1923988,4120892,603,18992332800,13.44
256.673,1828100,95888,0,1923988,4120892,603,18992332800,13.44
256.774,1828100,95888,0,1923988,4120892,603,18992332800,13.44
256.874,1828100,95888,0,1923988,4120892,603,18992332800,13.44
256.974,1828100,95888,0,1923988,4120892,603,18992332800,13.44
257.075,1828100,95888,0,1923988,4120892,603,18992332800,13.44
257.175,1828100,95888,0,1923988,4120892,603,18992332800,13.44
257.275,1828100,95888,0,1923988,4120892,603,18992332800,13.44
257.376,1828100,95888,0,1923988,4120892,603,18992332800,13.44
257.476,1828100,95888,0,1923988,4120892,603,18992332800,11.0
257.576,1828100,95888,0,1923988,4120892,603,18992332800,11.0
257.677,1828100,95888,0,1923988,4120892,603,18992332800,11.0
257.777,1828100,95888,0,1923988,4120892,603,18992332800,11.0
257.878,1828100,95888,0,1923988,4120892,603,18992332800,11.0
257.978,1828100,95888,0,1923988,4120892,603,18992332800,11.0
258.078,1828100,95888,0,1923988,4120892,603,18992332800,11.0
258.179,1828100,95888,0,1923988,4120892,603,18992332800,11.0
258.279,1828100,95888,0,1923988,4120892,603,18992332800,11.0
258.379,1828100,95888,0,1923988,4120892,603,18992332800,11.0
258.480,1828100,95888,0,1923988,4120892,603,18992332800,11.0
258.580,1828100,95888,0,1923988,4120892,603,18992336896,11.0
258.680,1828100,95888,0,1923988,4120892,603,18992381952,11.0
258.781,1828100,95888,0,1923988,4120892,603,19103969280,11.0
258.881,1828100,95888,0,1923988,4120892,603,19241775104,11.0
258.981,1828100,95888,0,1923988,4120892,603,19382489088,11.0
259.082,1828100,95888,0,1923988,4120892,603,19433590784,11.0
259.182,1828100,95888,0,1923988,4120892,603,19433590784,11.0
259.282,1828100,95888,0,1923988,4120892,603,19433590784,11.0
259.383,1828100,95888,0,1923988,4120892,603,19433590784,14.62
259.483,1828100,95888,0,1923988,4120892,603,19433590784,14.62
259.583,1828100,95888,0,1923988,4120892,603,19433590784,14.62
259.684,1828100,95888,0,1923988,4120892,603,19433590784,14.62
259.784,1828100,95888,0,1923988,4120892,603,19433590784,14.62
259.885,1828100,95888,0,1923988,4120892,603,19433590784,14.62
259.985,1828100,95888,0,1923988,4120892,603,19433590784,14.62
260.085,1828100,95888,0,1923988,4120892,603,19433590784,14.62
260.186,1828100,95888,0,1923988,4120892,603,19433590784,14.62
260.286,1828100,95888,0,1923988,4120892,603,19433590784,14.62
260.387,1828100,95888,0,1923988,4120892,603,19433590784,14.62
260.487,1828100,95888,0,1923988,4120892,603,19433590784,14.62
260.587,1828100,95888,0,1923988,4120892,603,19433590784,14.62
260.688,1828100,95888,0,1923988,4120892,603,19433590784,14.62
260.788,1828100,95888,0,1923988,4120892,603,19433590784,14.62
260.888,1828100,95888,0,1923988,4120892,603,19433590784,14.62
260.989,1828100,95888,0,1923988,4120892,603,19433590784,14.62
261.089,1828100,95888,0,1923988,4120892,603,19433590784,14.62
261.190,1828100,95888,0,1923988,4120892,603,19433590784,14.62
261.290,1828100,95888,0,1923988,4120892,603,19433590784,14.62
261.390,1828100,95888,0,1923988,4120892,603,19433590784,12.7
261.491,1828100,95888,0,1923988,4120892,603,19433590784,12.7
261.591,1828100,95888,0,1923988,4120892,603,19433590784,12.7
261.691,1828100,95888,0,1923988,4120892,603,19433590784,12.7
261.792,1828100,95888,0,1923988,4120892,603,19433590784,12.7
261.892,1828100,95888,0,1923988,4120892,603,19433590784,12.7
261.992,1828100,95888,0,1923988,4120892,603,19433590784,12.7
262.093,1828100,95888,0,1923988,4120892,603,19433590784,12.7
262.193,1828100,95888,0,1923988,4120892,603,19433590784,12.7
262.293,1828100,95888,0,1923988,4120892,603,19433590784,12.7
262.394,1828100,95888,0,1923988,4120892,603,19433590784,12.7
262.494,1828100,95888,0,1923988,4120892,603,19433590784,12.7
262.595,1828100,95888,0,1923988,4120892,603,19433590784,12.7
262.695,1828100,95888,0,1923988,4120892,603,19433590784,12.7
262.795,1828100,95888,0,1923988,4120892,603,19433590784,12.7
262.896,1828100,95888,0,1923988,4120892,603,19433590784,12.7
262.996,1828100,95888,0,1923988,4120892,603,19433590784,12.7
263.096,1828100,95888,0,1923988,4120892,603,19433590784,12.7
263.197,1828100,95888,0,1923988,4120892,603,19433590784,12.7
263.297,1828100,95888,0,1923988,4120892,603,19433590784,12.75
263.397,1828100,95888,0,1923988,4120892,603,19433590784,12.75
263.498,1828100,95888,0,1923988,4120892,603,19433590784,12.75
263.598,1828100,95888,0,1923988,4120892,603,19433590784,12.75
263.699,1828100,95888,0,1923988,4120892,603,19433590784,12.75
263.799,1828100,95888,0,1923988,4120892,603,19433590784,12.75
263.899,1828100,95888,0,1923988,4120892,603,19433590784,12.75
264.000,1828100,95888,0,1923988,4120892,603,19433590784,12.75
264.100,1828100,95888,0,1923988,4120892,603,19433590784,12.75
264.200,1828100,95888,0,1923988,4120892,603,19433590784,12.75
264.301,1828100,95888,0,1923988,4120892,603,19433590784,12.75
264.401,1828100,95888,0,1923988,4120892,603,19433590784,12.75
264.501,1828100,95888,0,1923988,4120892,603,19433590784,12.75
264.602,1828100,95888,0,1923988,4120892,603,19433590784,12.75
264.702,1828100,95888,0,1923988,4120892,603,19433590784,12.75
264.803,1828100,95888,0,1923988,4120892,603,19433590784,12.75
264.903,1828100,95888,0,1923988,4120892,603,19433590784,12.75
265.003,1828100,95888,0,1923988,4120892,603,19433590784,12.75
265.104,1828100,95888,0,1923988,4120892,603,19433590784,12.75
265.204,1828100,95888,0,1923988,4120892,603,19433590784,13.34
265.304,1828100,95888,0,1923988,4120892,603,19433590784,13.34
265.405,1828100,95888,0,1923988,4120892,603,19433590784,13.34
265.505,1828100,95888,0,1923988,4120892,603,19433590784,13.34
265.605,1828100,95888,0,1923988,4120892,603,19433590784,13.34
265.706,1828100,95888,0,1923988,4120892,603,19433590784,13.34
265.806,1828100,95888,0,1923988,4120892,603,19433590784,13.34
265.906,1828100,95888,0,1923988,4120892,603,19433590784,13.34
266.007,1828100,95888,0,1923988,4120892,603,19433590784,13.34
266.107,1828100,95888,0,1923988,4120892,603,19433590784,13.34
266.207,1828100,95888,0,1923988,4120892,603,19433590784,13.34
266.308,1828100,95888,0,1923988,4120892,603,19433590784,13.34
266.408,1828100,95888,0,1923988,4120892,603,19433590784,13.34
266.509,1828100,95888,0,1923988,4120892,603,19433590784,13.34
266.609,1828100,95888,0,1923988,4120892,603,19433590784,13.34
266.709,1828100,95888,0,1923988,4120892,603,19433590784,13.34
266.810,1828100,95888,0,1923988,4120892,603,19433590784,13.34
266.910,1828100,95888,0,1923988,4120892,603,19433590784,13.34
267.011,1828100,95888,0,1923988,4120892,603,19433590784,13.34
267.111,1828100,95888,0,1923988,4120892,603,19433590784,13.34
267.211,1828100,95888,0,1923988,4120892,603,19433590784,12.91
267.312,1828100,95888,0,1923988,4120892,603,19433590784,12.91
267.412,1828100,95888,0,1923988,4120892,603,19433590784,12.91
267.512,1828100,95888,0,1923988,4120892,603,19433590784,12.91
267.613,1828100,95888,0,1923988,4120892,603,19433590784,12.91
267.713,1828100,95888,0,1923988,4120892,603,19433590784,12.91
267.813,1828100,95888,0,1923988,4120892,603,19433590784,12.91
267.914,1828100,95888,0,1923988,4120892,603,19433590784,12.91
268.014,1828100,95888,0,1923988,4120892,603,19433590784,12.91
268.114,1828100,95888,0,1923988,4120892,603,19433590784,12.91
268.215,1828100,95888,0,1923988,4120892,603,19433590784,12.91
268.315,1828100,95888,0,1923988,4120892,603,19433590784,12.91
268.415,1828100,95888,0,1923988,4120892,603,19433590784,12.91
268.516,1828100,95888,0,1923988,4120892,603,19433590784,12.91
268.616,1828100,95888,0,1923988,4120892,603,19433590784,12.91
268.716,1828100,95852,0,1923952,4120892,603,19433590784,12.91
268.817,1828100,95852,0,1923952,4120892,603,19433590784,12.91
268.917,1828100,95852,0,1923952,4120892,603,19433590784,12.91
269.017,1828100,95852,0,1923952,4120892,603,19433590784,12.91
269.118,1828100,95852,0,1923952,4120892,603,19433590784,12.57
269.218,1828100,95852,0,1923952,4120892,603,19433590784,12.57
269.318,1828100,95852,0,1923952,4120892,603,19433590784,12.57
269.419,1828100,95852,0,1923952,4120892,603,19433590784,12.57
269.519,1828100,95848,0,1923948,4120892,603,19433590784,12.57
269.619,1828100,95848,0,1923948,4120892,603,19433590784,12.57
269.720,1828100,95848,0,1923948,4120892,603,19433590784,12.57
269.820,1828100,95848,0,1923948,4120892,603,19433598976,12.57
269.920,1828100,95848,0,1923948,4120892,603,19492200448,12.57
270.021,1828100,95848,0,1923948,4120892,603,19615588352,12.57
270.121,1828100,95848,0,1923948,4120892,603,19755827200,12.57
270.221,1828100,95848,0,1923948,4120892,603,19816886272,12.57
270.322,1828100,95848,0,1923948,4120892,603,19816886272,12.57
270.422,1828100,95848,0,1923948,4120892,603,19816886272,12.57
270.523,1828100,95848,0,1923948,4120892,603,19816886272,12.57
270.623,1828100,95848,0,1923948,4120892,603,19816886272,12.57
270.723,1828100,95848,0,1923948,4120892,603,19816886272,12.57
270.824,1828100,95848,0,1923948,4120892,603,19816886272,12.57
270.924,1828100,95848,0,1923948,4120892,603,19816886272,12.57
271.024,1828100,95848,0,1923948,4120892,603,19816886272,15.72
271.125,1828100,95848,0,1923948,4120892,603,19816886272,15.72
271.225,1828100,95848,0,1923948,4120892,603,19816886272,15.72
271.325,1828100,95848,0,1923948,4120892,603,19816886272,15.72
271.426,1828100,95848,0,1923948,4120892,603,19816886272,15.72
271.526,1828100,95848,0,1923948,4120892,603,19816886272,15.72
271.626,1828100,95848,0,1923948,4120892,603,19816886272,15.72
271.727,1828100,95848,0,1923948,4120892,603,19816886272,15.72
271.827,1828100,95848,0,1923948,4120892,603,19816886272,15.72
271.928,1828100,95848,0,1923948,4120892,603,19816886272,15.72
272.028,1828100,95848,0,1923948,4120892,603,19816886272,15.72
272.128,1828100,95848,0,1923948,4120892,603,19816886272,15.72
272.228,1828100,95848,0,1923948,4120892,603,19816886272,15.72
272.329,1828100,95848,0,1923948,4120892,603,19816886272,15.72
272.429,1828100,95848,0,1923948,4120892,603,19816886272,15.72
272.529,1828100,95848,0,1923948,4120892,603,19816886272,15.72
272.630,1828100,95848,0,1923948,4120892,603,19816886272,15.72
272.730,1828100,95848,0,1923948,4120892,603,19816886272,15.72
272.830,1828100,95848,0,1923948,4120892,603,19816886272,15.72
272.931,1828100,95848,0,1923948,4120892,603,19816886272,16.32
273.031,1828100,95848,0,1923948,4120892,603,19816886272,16.32
273.132,1828100,95848,0,1923948,4120892,603,19816886272,16.32
273.232,1828100,95848,0,1923948,4120892,603,19816886272,16.32
273.332,1828100,95848,0,1923948,4120892,603,19816886272,16.32
273.433,1828100,95844,0,1923944,4120892,603,19816886272,16.32
273.533,1828100,95844,0,1923944,4120892,603,19816886272,16.32
273.633,1828100,95844,0,1923944,4120892,603,19816886272,16.32
273.734,1828100,95844,0,1923944,4120892,603,19816886272,16.32
273.834,1828100,95836,0,1923936,4120892,603,19816886272,16.32
273.934,1828100,95836,0,1923936,4120892,603,19816886272,16.32
274.035,1828100,95836,0,1923936,4120892,603,19816886272,16.32
274.135,1828100,95836,0,1923936,4120892,603,19816886272,16.32
274.235,1828100,95836,0,1923936,4120892,603,19816886272,16.32
274.336,1828100,95836,0,1923936,4120892,603,19816886272,16.32
274.436,1828100,95836,0,1923936,4120892,603,19816886272,16.32
274.536,1828100,95836,0,1923936,4120892,603,19816886272,16.32
274.637,1828100,95836,0,1923936,4120892,603,19816886272,16.32
274.737,1828100,95836,0,1923936,4120892,603,19816886272,16.32
274.837,1828100,95836,0,1923936,4120892,603,19816886272,16.32
274.938,1828100,95836,0,1923936,4120892,603,19816886272,14.63
275.038,1828100,95836,0,1923936,4120892,603,19816886272,14.63
275.139,1828100,95836,0,1923936,4120892,603,19816886272,14.63
275.239,1828100,95836,0,1923936,4120892,603,19816886272,14.63
275.339,1828100,95836,0,1923936,4120892,603,19816886272,14.63
275.440,1828100,95836,0,1923936,4120892,603,19816886272,14.63
275.540,1828100,95836,0,1923936,4120892,603,19816886272,14.63
275.640,1828100,95836,0,1923936,4120892,603,19816886272,14.63
275.741,1828100,95836,0,1923936,4120892,603,19816886272,14.63
275.841,1828100,95836,0,1923936,4120892,603,19816886272,14.63
275.941,1828100,95836,0,1923936,4120892,603,19816886272,14.63
276.042,1828100,95836,0,1923936,4120892,603,19816886272,14.63
276.142,1828100,95836,0,1923936,4120892,603,19816886272,14.63
276.242,1828100,95836,0,1923936,4120892,603,19816886272,14.63
276.343,1828100,95836,0,1923936,4120892,603,19816886272,14.63
276.443,1828100,95836,0,1923936,4120892,603,19816886272,14.63
276.543,1828100,95836,0,1923936,4120892,603,19816886272,14.63
276.644,1828100,95836,0,1923936,4120892,603,19816886272,14.63
276.744,1828100,95836,0,1923936,4120892,603,19816886272,14.63
276.844,1828100,95836,0,1923936,4120892,603,19816886272,14.69
276.945,1828100,95836,0,1923936,4120892,603,19816886272,14.69
277.045,1828100,95836,0,1923936,4120892,603,19816886272,14.69
277.146,1828100,95836,0,1923936,4120892,603,19816886272,14.69
277.246,1828100,95836,0,1923936,4120892,603,19816886272,14.69
277.347,1828100,95836,0,1923936,4120892,603,19816886272,14.69
277.447,1828100,95836,0,1923936,4120892,603,19816886272,14.69
277.547,1828100,95836,0,1923936,4120892,603,19816886272,14.69
277.648,1828100,95836,0,1923936,4120892,603,19816886272,14.69
277.748,1828100,95836,0,1923936,4120892,603,19816886272,14.69
277.848,1828100,95836,0,1923936,4120892,603,19816886272,14.69
277.949,1828100,95836,0,1923936,4120892,603,19816886272,14.69
278.049,1828100,95836,0,1923936,4120892,603,19816886272,14.69
278.149,1828100,95836,0,1923936,4120892,603,19816886272,14.69
278.250,1828100,95836,0,1923936,4120892,603,19816886272,14.69
278.350,1828100,95836,0,1923936,4120892,603,19816886272,14.69
278.450,1828100,95836,0,1923936,4120892,603,19816886272,14.69
278.551,1828100,95836,0,1923936,4120892,603,19816886272,14.69
278.651,1828100,95836,0,1923936,4120892,603,19816886272,14.69
278.751,1828100,95836,0,1923936,4120892,603,19816886272,15.47
278.852,1828100,95836,0,1923936,4120892,603,19816886272,15.47
278.952,1828100,95836,0,1923936,4120892,603,19816886272,15.47
279.053,1828100,95836,0,1923936,4120892,603,19816886272,15.47
279.153,1828100,95836,0,1923936,4120892,603,19816886272,15.47
279.253,1828100,95836,0,1923936,4120892,603,19816886272,15.47
279.354,1828100,95836,0,1923936,4120892,603,19816886272,15.47
279.454,1828100,95836,0,1923936,4120892,603,19816886272,15.47
279.554,1828100,95836,0,1923936,4120892,603,19816886272,15.47
279.655,1828100,95836,0,1923936,4120892,603,19816886272,15.47
279.755,1828100,95836,0,1923936,4120892,603,19816886272,15.47
279.855,1828100,95836,0,1923936,4120892,603,19816886272,15.47
279.956,1828100,95836,0,1923936,4120892,603,19816886272,15.47
280.056,1828100,95836,0,1923936,4120892,603,19816886272,15.47
280.157,1828100,95836,0,1923936,4120892,603,19816886272,15.47
280.257,1828100,95836,0,1923936,4120892,603,19816886272,15.47
280.357,1828100,95836,0,1923936,4120892,603,19816886272,15.47
280.458,1828100,95836,0,1923936,4120892,603,19816886272,15.47
280.558,1828100,95836,0,1923936,4120892,603,19816886272,15.47
280.658,1828100,95836,0,1923936,4120892,603,19816886272,15.47
280.759,1828100,95836,0,1923936,4120892,603,19816886272,13.58
280.859,1828100,95836,0,1923936,4120892,603,19816886272,13.58
280.959,1828100,95836,0,1923936,4120892,603,19816890368,13.58
281.060,1828100,95836,0,1923936,4120892,603,19816906752,13.58
281.160,1828100,95836,0,1923936,4120892,603,19939631104,13.58
281.260,1828100,95836,0,1923936,4120892,603,20077879296,13.58
281.361,1828100,95836,0,1923936,4120892,603,20107317248,13.58
281.461,1828100,95836,0,1923936,4120892,603,20107317248,13.58
281.561,1828100,95836,0,1923936,4120892,603,20107317248,13.58
281.662,1828100,95836,0,1923936,4120892,603,20107317248,13.58
281.762,1828100,95836,0,1923936,4120892,603,20107317248,13.58
281.862,1828100,95836,0,1923936,4120892,603,20107317248,13.58
281.963,1828100,95836,0,1923936,4120892,603,20107317248,13.58
282.063,1828100,95836,0,1923936,4120892,603,20107317248,13.58
282.163,1828100,95836,0,1923936,4120892,603,20107317248,13.58
282.264,1828100,95836,0,1923936,4120892,603,20107317248,13.58
282.364,1828100,95836,0,1923936,4120892,603,20107317248,13.58
282.464,1828100,95836,0,1923936,4120892,603,20107317248,13.58
282.565,1828100,95836,0,1923936,4120892,603,20107317248,13.58
282.665,1828100,95836,0,1923936,4120892,603,20107317248,14.92
282.766,1828100,95836,0,1923936,4120892,603,20107317248,14.92
282.866,1828100,95836,0,1923936,4120892,603,20107317248,14.92
282.966,1828100,95836,0,1923936,4120892,603,20107317248,14.92
283.067,1828100,95836,0,1923936,4120892,603,20107317248,14.92
283.167,1828100,95836,0,1923936,4120892,603,20107317248,14.92
283.267,1828100,95836,0,1923936,4120892,603,20107317248,14.92
283.368,1828100,95836,0,1923936,4120892,603,20107317248,14.92
283.468,1828100,95836,0,1923936,4120892,603,20107317248,14.92
283.568,1828100,95836,0,1923936,4120892,603,20107317248,14.92
283.669,1828100,95836,0,1923936,4120892,603,20107317248,14.92
283.769,1828100,95836,0,1923936,4120892,603,20107317248,14.92
283.869,1828100,95836,0,1923936,4120892,603,20107317248,14.92
283.970,1828100,95836,0,1923936,4120892,603,20107317248,14.92
284.070,1828100,95836,0,1923936,4120892,603,20107317248,14.92
284.170,1828100,95836,0,1923936,4120892,603,20107317248,14.92
284.271,1828100,95836,0,1923936,4120892,603,20107317248,14.92
284.371,1828100,95836,0,1923936,4120892,603,20107317248,14.92
284.471,1828100,95836,0,1923936,4120892,603,20107317248,14.92
284.572,1828100,95836,0,1923936,4120892,603,20107317248,16.02
284.672,1828100,95836,0,1923936,4120892,603,20107317248,16.02
284.772,1828100,95836,0,1923936,4120892,603,20107317248,16.02
284.873,1828100,95836,0,1923936,4120892,603,20107317248,16.02
284.973,1828100,95836,0,1923936,4120892,603,20107317248,16.02
285.074,1828100,95836,0,1923936,4120892,603,20107317248,16.02
285.174,1828100,95836,0,1923936,4120892,603,20107317248,16.02
285.274,1828100,95836,0,1923936,4120892,603,20107317248,16.02
285.375,1828100,95836,0,1923936,4120892,603,20107317248,16.02
285.475,1828100,95836,0,1923936,4120892,603,20107317248,16.02
285.575,1828100,95836,0,1923936,4120892,603,20107317248,16.02
285.676,1828100,95836,0,1923936,4120892,603,20107317248,16.02
285.776,1828100,95836,0,1923936,4120892,603,20107317248,16.02
285.877,1828100,95836,0,1923936,4120892,603,20107317248,16.02
285.977,1828100,95836,0,1923936,4120892,603,20107317248,16.02
286.077,1828100,95836,0,1923936,4120892,603,20107317248,16.02
286.178,1828100,95836,0,1923936,4120892,603,20107317248,16.02
286.278,1828100,95836,0,1923936,4120892,603,20107317248,16.02
286.378,1828100,95836,0,1923936,4120892,603,20107317248,16.02
286.479,1828100,95836,0,1923936,4120892,603,20107317248,16.02
286.579,1828100,95836,0,1923936,4120892,603,20107317248,16.2
286.679,1828100,95836,0,1923936,4120892,603,20107317248,16.2
286.780,1828100,95836,0,1923936,4120892,603,20107317248,16.2
286.880,1828100,95836,0,1923936,4120892,603,20107317248,16.2
286.981,1828100,95836,0,1923936,4120892,603,20107317248,16.2
287.081,1828100,95836,0,1923936,4120892,603,20107317248,16.2
287.181,1828100,95836,0,1923936,4120892,603,20107317248,16.2
287.282,1828100,95836,0,1923936,4120892,603,20107317248,16.2
287.382,1828100,95836,0,1923936,4120892,603,20107317248,16.2
287.482,1828100,95836,0,1923936,4120892,603,20107317248,16.2
287.583,1828100,95836,0,1923936,4120892,603,20107317248,16.2
287.683,1828100,95836,0,1923936,4120892,603,20107317248,16.2
287.783,1828100,95836,0,1923936,4120892,603,20107317248,16.2
287.884,1828100,95836,0,1923936,4120892,603,20107317248,16.2
287.984,1828100,95836,0,1923936,4120892,603,20107317248,16.2
288.084,1828100,95836,0,1923936,4120892,603,20107317248,16.2
288.185,1828100,95836,0,1923936,4120892,603,20107317248,16.2
288.285,1828100,95836,0,1923936,4120892,603,20107317248,16.2
288.385,1828100,95836,0,1923936,4120892,603,20107317248,16.2
288.486,1828100,95836,0,1923936,4120892,603,20107317248,16.34
288.586,1828100,95836,0,1923936,4120892,603,20107317248,16.34
288.687,1828100,95836,0,1923936,4120892,603,20107317248,16.34
288.787,1828100,95836,0,1923936,4120892,603,20107317248,16.34
288.887,1828100,95836,0,1923936,4120892,603,20107317248,16.34
288.988,1828100,95836,0,1923936,4120892,603,20107317248,16.34
289.088,1828100,95836,0,1923936,4120892,603,20107317248,16.34
289.189,1828100,95836,0,1923936,4120892,603,20107317248,16.34
289.289,1828100,95836,0,1923936,4120892,603,20107317248,16.34
289.389,1828100,95836,0,1923936,4120892,603,20107317248,16.34
289.489,1828100,95836,0,1923936,4120892,603,20107317248,16.34
289.590,1828100,95836,0,1923936,4120892,603,20107317248,16.34
289.690,1828100,95836,0,1923936,4120892,603,20107317248,16.34
289.791,1828100,95836,0,1923936,4120892,603,20107317248,16.34
289.891,1828100,95836,0,1923936,4120892,603,20107317248,16.34
289.991,1828100,95836,0,1923936,4120892,603,20107317248,16.34
290.092,1828100,95836,0,1923936,4120892,603,20107317248,16.34
290.192,1828100,95836,0,1923936,4120892,603,20107317248,16.34
290.292,1828100,95836,0,1923936,4120892,603,20107317248,16.34
290.393,1828100,95836,0,1923936,4120892,603,20107317248,14.65
290.493,1828100,95836,0,1923936,4120892,603,20107317248,14.65
290.593,1828100,95836,0,1923936,4120892,603,20107317248,14.65
290.694,1828100,95836,0,1923936,4120892,603,20107317248,14.65
290.794,1828100,95836,0,1923936,4120892,603,20107317248,14.65
290.895,1828100,95836,0,1923936,4120892,603,20107317248,14.65
290.995,1828100,95836,0,1923936,4120892,603,20107317248,14.65
291.095,1828100,95836,0,1923936,4120892,603,20107317248,14.65
291.196,1828100,95836,0,1923936,4120892,603,20107317248,14.65
291.296,1828100,95836,0,1923936,4120892,603,20107317248,14.65
291.396,1828100,95836,0,1923936,4120892,603,20107317248,14.65
291.497,1828100,95836,0,1923936,4120892,603,20107317248,14.65
291.597,1828100,95836,0,1923936,4120892,603,20107317248,14.65
291.697,1828100,95836,0,1923936,4120892,603,20107317248,14.65
291.798,1828100,95836,0,1923936,4120892,603,20107317248,14.65
291.898,1828100,95836,0,1923936,4120892,603,20107317248,14.65
291.999,1828100,95836,0,1923936,4120892,603,20107317248,14.65
292.099,1828100,95836,0,1923936,4120892,603,20107317248,14.65
292.199,1828100,95836,0,1923936,4120892,603,20107317248,14.65
292.300,1828100,95836,0,1923936,4120892,603,20107317248,15.07
292.400,1828100,95836,0,1923936,4120892,603,20107317248,15.07
292.500,1828100,95836,0,1923936,4120892,603,20107317248,15.07
292.601,1828100,95836,0,1923936,4120892,603,20107317248,15.07
292.701,1828100,95836,0,1923936,4120892,603,20107317248,15.07
292.801,1828100,95836,0,1923936,4120892,603,20107317248,15.07
292.902,1828100,95836,0,1923936,4120892,603,20107317248,15.07
293.002,1828100,95836,0,1923936,4120892,603,20107317248,15.07
293.102,1828100,95836,0,1923936,4120892,603,20107317248,15.07
293.203,1828100,95836,0,1923936,4120892,603,20107317248,15.07
293.303,1828100,95836,0,1923936,4120892,603,20107317248,15.07
293.404,1828100,95836,0,1923936,4120892,603,20107317248,15.07
293.504,1828100,95836,0,1923936,4120892,603,20107317248,15.07
293.604,1828100,95836,0,1923936,4120892,603,20107317248,15.07
293.705,1828100,95836,0,1923936,4120892,603,20107317248,15.07
293.805,1828100,95836,0,1923936,4120892,603,20107317248,15.07
293.905,1828100,95836,0,1923936,4120892,603,20107317248,15.07
294.006,1828100,95836,0,1923936,4120892,603,20107317248,15.07
294.106,1828100,95836,0,1923936,4120892,603,20107317248,15.07
294.206,1828100,95836,0,1923936,4120892,603,20107317248,15.07
294.307,1828100,95836,0,1923936,4120892,603,20107317248,15.42
294.407,1828100,95836,0,1923936,4120892,603,20107317248,15.42
294.507,1828100,95836,0,1923936,4120892,603,20107317248,15.42
294.608,1828100,95836,0,1923936,4120892,603,20107317248,15.42
294.708,1828100,95836,0,1923936,4120892,603,20107317248,15.42
294.808,1828100,95836,0,1923936,4120892,603,20107317248,15.42
294.909,1828100,95836,0,1923936,4120892,603,20107317248,15.42
295.009,1828100,95836,0,1923936,4120892,603,20107317248,15.42
295.109,1828100,95836,0,1923936,4120892,603,20107317248,15.42
295.210,1828100,95836,0,1923936,4120892,603,20107317248,15.42
295.310,1828100,95836,0,1923936,4120892,603,20107317248,15.42
295.411,1828100,95836,0,1923936,4120892,603,20107317248,15.42
295.511,1828100,95836,0,1923936,4120892,603,20107317248,15.42
295.611,1828100,95836,0,1923936,4120892,603,20107317248,15.42
295.712,1828100,95836,0,1923936,4120892,603,20107317248,15.42
295.812,1828100,95836,0,1923936,4120892,603,20107317248,15.42
295.912,1828100,95836,0,1923936,4120892,603,20107317248,15.42
296.013,1828100,95836,0,1923936,4120892,603,20107317248,15.42
296.113,1828100,95836,0,1923936,4120892,603,20107317248,15.42
296.213,1828100,95836,0,1923936,4120892,603,20107317248,15.71
296.314,1828100,95836,0,1923936,4120892,603,20107317248,15.71
296.414,1828100,95836,0,1923936,4120892,603,20107317248,15.71
296.514,1828100,95836,0,1923936,4120892,603,20107317248,15.71
296.615,1828100,95836,0,1923936,4120892,603,20107317248,15.71
296.715,1828100,95836,0,1923936,4120892,603,20107317248,15.71
296.815,1828100,95836,0,1923936,4120892,603,20107317248,15.71
296.916,1828100,95836,0,1923936,4120892,603,20107317248,15.71
297.016,1828100,95836,0,1923936,4120892,603,20107317248,15.71
297.117,1828100,95836,0,1923936,4120892,603,20107317248,15.71
297.217,1828100,95836,0,1923936,4120892,603,20107317248,15.71
297.317,1828100,95836,0,1923936,4120892,603,20107317248,15.71
297.418,1828100,95836,0,1923936,4120892,603,20107317248,15.71
297.518,1828100,95836,0,1923936,4120892,603,20107317248,15.71
297.618,1828100,95836,0,1923936,4120892,603,20107317248,15.71
297.719,1828100,95836,0,1923936,4120892,603,20107317248,15.71
297.819,1828100,95836,0,1923936,4120892,603,20107317248,15.71
297.919,1828100,95836,0,1923936,4120892,603,20107317248,15.71
298.020,1828100,95836,0,1923936,4120892,603,20107317248,15.71
298.120,1828100,95836,0,1923936,4120892,603,20107317248,13.95
298.220,1828100,95836,0,1923936,4120892,603,20107317248,13.95
298.321,1828100,95836,0,1923936,4120892,603,20107317248,13.95
298.421,1828100,95836,0,1923936,4120892,603,20107317248,13.95
298.521,1828100,95836,0,1923936,4120892,603,20107317248,13.95
298.622,1828100,95836,0,1923936,4120892,603,20107317248,13.95
298.722,1828100,95836,0,1923936,4120892,603,20107317248,13.95
298.822,1828100,95836,0,1923936,4120892,603,20107317248,13.95
298.923,1828100,95836,0,1923936,4120892,603,20107317248,13.95
299.023,1828100,95836,0,1923936,4120892,603,20107317248,13.95
299.123,1828100,95836,0,1923936,4120892,603,20107317248,13.95
299.224,1828100,95836,0,1923936,4120892,603,20107317248,13.95
299.324,1828100,95836,0,1923936,4120892,603,20107317248,13.95
299.424,1828100,95836,0,1923936,4120892,603,20107317248,13.95
299.525,1828100,95836,0,1923936,4120892,603,20107317248,13.95
299.625,1828100,95836,0,1923936,4120892,603,20107317248,13.95
299.726,1828100,95836,0,1923936,4120892,603,20107317248,13.95
299.826,1828100,95836,0,1923936,4120892,603,20107317248,13.95
299.926,1828100,95836,0,1923936,4120892,603,20107317248,13.95
300.027,1828100,95836,0,1923936,4120892,603,20107317248,13.95
300.127,1828100,95836,0,1923936,4120892,603,20107317248,15.41
300.227,1828100,95836,0,1923936,4120892,603,20107317248,15.41
300.328,1828100,95836,0,1923936,4120892,603,20107317248,15.41
300.428,1828100,95836,0,1923936,4120892,603,20107317248,15.41
300.528,1828100,95836,0,1923936,4120892,603,20107317248,15.41
300.629,1828100,95836,0,1923936,4120892,603,20107317248,15.41
300.729,1828100,95836,0,1923936,4120892,603,20107317248,15.41
300.829,1828100,95836,0,1923936,4120892,603,20107317248,15.41
300.930,1828100,95836,0,1923936,4120892,603,20107317248,15.41
301.030,1828100,95836,0,1923936,4120892,603,20115705856,15.41
301.130,1828100,95836,0,1923936,4120892,603,20115705856,15.41
301.231,1828100,95836,0,1923936,4120892,603,20115705856,15.41
301.331,1828100,95836,0,1923936,4120892,603,20115705856,15.41
301.431,1828100,95836,0,1923936,4120892,603,20115705856,15.41
301.532,1828100,95836,0,1923936,4120892,603,20115705856,15.41
301.632,1828100,95836,0,1923936,4120892,603,20124094464,15.41
301.733,1828100,95836,0,1923936,4120892,603,20124094464,15.41
301.833,1828100,95836,0,1923936,4120892,603,20124094464,15.41
301.933,1828100,95836,0,1923936,4120892,603,20124094464,15.41
302.034,1828100,95836,0,1923936,4120892,603,20124094464,15.87
302.134,1828100,95836,0,1923936,4120892,603,20124094464,15.87
302.235,1828100,95836,0,1923936,4120892,603,20132483072,15.87
302.335,1828100,95836,0,1923936,4120892,603,20132483072,15.87
302.435,1828100,95836,0,1923936,4120892,603,20132483072,15.87
302.536,1828100,95836,0,1923936,4120892,603,20132483072,15.87
302.636,1828100,95836,0,1923936,4120892,603,20132483072,15.87
302.736,1828100,95836,0,1923936,4120892,603,20132483072,15.87
302.837,1828100,95836,0,1923936,4120892,603,20132483072,15.87
302.937,1828100,95836,0,1923936,4120892,603,20132483072,15.87
303.037,1828100,95836,0,1923936,4120892,603,20132483072,15.87
303.138,1828100,95836,0,1923936,4120892,603,20132483072,15.87
303.238,1828100,95836,0,1923936,4120892,603,20132483072,15.87
303.338,1828100,95836,0,1923936,4120892,603,20132483072,15.87
303.439,1828100,95832,0,1923932,4120892,603,20140871680,15.87
303.539,1828100,95832,0,1923932,4120892,603,20140871680,15.87
303.640,1828100,95832,0,1923932,4120892,603,20140871680,15.87
303.740,1828100,95832,0,1923932,4120892,603,20140871680,15.87
303.840,1828100,95832,0,1923932,4120892,603,20140871680,15.87
303.941,1828100,95832,0,1923932,4120892,603,20140871680,13.0
304.041,1828100,95832,0,1923932,4120892,603,20140871680,13.0
304.141,1828100,95832,0,1923932,4120892,603,20140871680,13.0
304.241,1828100,95832,0,1923932,4120892,603,20140871680,13.0
304.342,1828100,95832,0,1923932,4120892,603,20140871680,13.0
304.442,1828100,95832,0,1923932,4120892,603,20140871680,13.0
304.543,1828100,95832,0,1923932,4120892,603,20140871680,13.0
304.643,1828100,95824,0,1923924,4120892,603,20149260288,13.0
304.743,1828100,95824,0,1923924,4120892,603,20149260288,13.0
304.844,1828100,95824,0,1923924,4120892,603,20149260288,13.0
304.944,1828100,95824,0,1923924,4120892,603,20149260288,13.0
305.044,1828100,95824,0,1923924,4120892,603,20149260288,13.0
305.145,1828100,95824,0,1923924,4120892,603,20149260288,13.0
305.245,1828100,95824,0,1923924,4120892,603,20149260288,13.0
305.346,1828100,95820,0,1923920,4120892,603,20149260288,13.0
305.446,1828100,95820,0,1923920,4120892,603,20149260288,13.0
305.546,1828100,95820,0,1923920,4120892,603,20149260288,13.0
305.647,1828100,95820,0,1923920,4120892,603,20149260288,13.0
305.747,1828100,95820,0,1923920,4120892,603,20157648896,13.0
305.847,1828100,95820,0,1923920,4120892,603,20157648896,13.0
305.948,1828100,95820,0,1923920,4120892,603,20157648896,14.08
306.048,1828100,95820,0,1923920,4120892,603,20157648896,14.08
306.149,1828100,95820,0,1923920,4120892,603,20157648896,14.08
306.249,1828100,95820,0,1923920,4120892,603,20157648896,14.08
306.349,1828100,95820,0,1923920,4120892,603,20157648896,14.08
306.450,1828100,95820,0,1923920,4120892,603,20157648896,14.08
306.550,1828100,95820,0,1923920,4120892,603,20157648896,14.08
306.650,1828100,95820,0,1923920,4120892,603,20157648896,14.08
306.751,1828100,95820,0,1923920,4120892,603,20157648896,14.08
306.851,1828100,95820,0,1923920,4120892,603,20157648896,14.08
306.951,1828100,95820,0,1923920,4120892,603,20166037504,14.08
307.052,1828100,95820,0,1923920,4120892,603,20174417920,14.08
307.152,1828100,95820,0,1923920,4120892,603,20174417920,14.08
307.252,1828100,95820,0,1923920,4120892,603,20174417920,14.08
307.353,1828100,95820,0,1923920,4120892,603,20174417920,14.08
307.453,1828100,95820,0,1923920,4120892,603,20174417920,14.08
307.553,1828100,95820,0,1923920,4120892,603,20174417920,14.08
307.654,1828100,95820,0,1923920,4120892,603,20182814720,14.08
307.754,1828100,95820,0,1923920,4120892,603,20182814720,14.08
307.855,1828100,95820,0,1923920,4120892,603,20182814720,13.16
307.955,1828100,95820,0,1923920,4120892,603,20182814720,13.16
308.055,1828100,95820,0,1923920,4120892,603,20182814720,13.16
308.156,1828100,95820,0,1923920,4120892,603,20199591936,13.16
308.256,1828100,95820,0,1923920,4120892,603,20199591936,13.16
308.356,1828100,95820,0,1923920,4120892,603,20199591936,13.16
308.457,1828100,95820,0,1923920,4120892,603,20199591936,13.16
308.557,1828100,95820,0,1923920,4120892,603,20199591936,13.16
308.657,1828100,95820,0,1923920,4120892,603,20199591936,13.16
308.758,1828100,95820,0,1923920,4120892,603,20199591936,13.16
308.858,1828100,95820,0,1923920,4120892,603,20199591936,13.16
308.959,1828100,95820,0,1923920,4120892,603,20199591936,13.16
309.059,1828100,95820,0,1923920,4120892,603,20199591936,13.16
309.159,1828100,95820,0,1923920,4120892,603,20199591936,13.16
309.260,1828100,95820,0,1923920,4120892,603,20199591936,13.16
309.360,1828100,95820,0,1923920,4120892,603,20216369152,13.16
309.460,1828100,95820,0,1923920,4120892,603,20216369152,13.16
309.561,1828100,95820,0,1923920,4120892,603,20216369152,13.16
309.661,1828100,95820,0,1923920,4120892,603,20216369152,13.16
309.761,1828100,95820,0,1923920,4120892,603,20216369152,12.95
309.862,1828100,95820,0,1923920,4120892,603,20216369152,12.95
309.962,1828100,95820,0,1923920,4120892,603,20216369152,12.95
310.062,1828100,95820,0,1923920,4120892,603,20216369152,12.95
310.163,1828100,95820,0,1923920,4120892,603,20216369152,12.95
310.263,1828100,95820,0,1923920,4120892,603,20216369152,12.95
310.363,1828100,95820,0,1923920,4120892,603,20216369152,12.95
310.464,1828100,95820,0,1923920,4120892,603,20224757760,12.95
310.564,1828100,95820,0,1923920,4120892,603,20233146368,12.95
310.664,1828100,95820,0,1923920,4120892,603,20233146368,12.95
310.765,1828100,95820,0,1923920,4120892,603,20233146368,12.95
310.865,1828100,95820,0,1923920,4120892,603,20233146368,12.95
310.965,1828100,95820,0,1923920,4120892,603,20233146368,12.95
311.066,1828100,95820,0,1923920,4120892,603,20233146368,12.95
311.166,1828100,95820,0,1923920,4120892,603,20233146368,12.95
311.266,1828100,95820,0,1923920,4120892,603,20233146368,12.95
311.367,1828100,95820,0,1923920,4120892,603,20233146368,12.95
311.467,1828100,95820,0,1923920,4120892,603,20233146368,12.95
311.568,1828100,95820,0,1923920,4120892,603,20233146368,12.95
311.668,1828100,95820,0,1923920,4120892,603,20241534976,13.86
311.768,1828100,95820,0,1923920,4120892,603,20249923584,13.86
311.869,1828100,95820,0,1923920,4120892,603,20249923584,13.86
311.969,1828100,95820,0,1923920,4120892,603,20249923584,13.86
312.069,1828100,95820,0,1923920,4120892,603,20249923584,13.86
312.170,1828100,95820,0,1923920,4120892,603,20258312192,13.86
312.270,1828100,95820,0,1923920,4120892,603,20258312192,13.86
312.371,1828100,95820,0,1923920,4120892,603,20258312192,13.86
312.471,1828100,95820,0,1923920,4120892,603,20258312192,13.86
312.571,1828100,95820,0,1923920,4120892,603,20258312192,13.86
312.672,1828100,95820,0,1923920,4120892,603,20258312192,13.86
312.772,1828100,95820,0,1923920,4120892,603,20266700800,13.86
312.872,1828100,95820,0,1923920,4120892,603,20275089408,13.86
312.973,1828100,95820,0,1923920,4120892,603,20283478016,13.86
313.073,1828100,95820,0,1923920,4120892,603,20283478016,13.86
313.173,1828100,95820,0,1923920,4120892,603,20283478016,13.86
313.274,1828100,95820,0,1923920,4120892,603,20291866624,13.86
313.374,1828100,95820,0,1923920,4120892,603,20291866624,13.86
313.475,1828100,95820,0,1923920,4120892,603,20291866624,13.86
313.575,1828100,95820,0,1923920,4120892,603,20291866624,13.86
313.675,1828100,95820,0,1923920,4120892,603,20291866624,14.25
313.776,1828100,95820,0,1923920,4120892,603,20291866624,14.25
313.876,1828100,95820,0,1923920,4120892,603,20291866624,14.25
313.976,1828100,95820,0,1923920,4120892,603,20296060928,14.25
314.077,1828100,95820,0,1923920,4120892,603,20296060928,14.25
314.177,1828100,95820,0,1923920,4120892,603,20304449536,14.25
314.277,1828100,95820,0,1923920,4120892,603,20304449536,14.25
314.378,1828100,95820,0,1923920,4120892,603,20304449536,14.25
314.478,1828100,95820,0,1923920,4120892,603,20312838144,14.25
314.579,1828100,95820,0,1923920,4120892,603,20312838144,14.25
314.679,1828100,95820,0,1923920,4120892,603,20312838144,14.25
314.779,1828100,95820,0,1923920,4120892,603,20312838144,14.25
314.880,1828100,95820,0,1923920,4120892,603,20312838144,14.25
314.980,1828100,95820,0,1923920,4120892,603,20312838144,14.25
315.080,1828100,95820,0,1923920,4120892,603,20321226752,14.25
315.181,1828100,95820,0,1923920,4120892,603,20321226752,14.25
315.281,1828100,95820,0,1923920,4120892,603,20329615360,14.25
315.381,1828100,95820,0,1923920,4120892,603,20329615360,14.25
315.482,1828100,95820,0,1923920,4120892,603,20329615360,14.25
315.582,1828100,95820,0,1923920,4120892,603,20329615360,14.57
315.683,1828100,95820,0,1923920,4120892,603,20346392576,14.57
315.783,1828100,95820,0,1923920,4120892,603,20346392576,14.57
315.883,1828100,95820,0,1923920,4120892,603,20346392576,14.57
315.984,1828100,95820,0,1923920,4120892,603,20346392576,14.57
316.084,1828100,95820,0,1923920,4120892,603,20346392576,14.57
316.184,1828100,95820,0,1923920,4120892,603,20346392576,14.57
316.285,1828100,95820,0,1923920,4120892,603,20346392576,14.57
316.385,1828100,95820,0,1923920,4120892,603,20346392576,14.57
316.485,1828100,95820,0,1923920,4120892,603,20354781184,14.57
316.586,1828100,95820,0,1923920,4120892,603,20363169792,14.57
316.686,1828100,95820,0,1923920,4120892,603,20363169792,14.57
316.787,1828100,95820,0,1923920,4120892,603,20379947008,14.57
316.887,1828100,95820,0,1923920,4120892,603,20379947008,14.57
316.987,1828100,95820,0,1923920,4120892,603,20379947008,14.57
317.088,1828100,95820,0,1923920,4120892,603,20379947008,14.57
317.188,1828100,95820,0,1923920,4120892,603,20388335616,14.57
317.288,1828100,95820,0,1923920,4120892,603,20388335616,14.57
317.389,1828100,95820,0,1923920,4120892,603,20388335616,14.57
317.489,1828100,95820,0,1923920,4120892,603,20388335616,15.37
317.589,1828100,95820,0,1923920,4120892,603,20388335616,15.37
317.690,1828100,95820,0,1923920,4120892,603,20396724224,15.37
317.790,1828100,95820,0,1923920,4120892,603,20405112832,15.37
317.890,1828100,95820,0,1923920,4120892,603,20413501440,15.37
317.991,1828100,95820,0,1923920,4120892,603,20421890048,15.37
318.091,1828100,95820,0,1923920,4120892,603,20421890048,15.37
318.191,1828100,95820,0,1923920,4120892,603,20421890048,15.37
318.292,1828100,95820,0,1923920,4120892,603,20421890048,15.37
318.392,1828100,95820,0,1923920,4120892,603,20421890048,15.37
318.492,1828100,95820,0,1923920,4120892,603,20421890048,15.37
318.593,1828100,95820,0,1923920,4120892,603,20421890048,15.37
318.693,1828100,95820,0,1923920,4120892,603,20421890048,15.37
318.794,1828100,95820,0,1923920,4120892,603,20421890048,15.37
318.894,1828100,95820,0,1923920,4120892,603,20430278656,15.37
318.994,1828100,95820,0,1923920,4120892,603,20438667264,15.37
319.095,1828100,95820,0,1923920,4120892,603,20447055872,15.37
319.195,1828100,95820,0,1923920,4120892,603,20455444480,15.37
319.295,1828100,95820,0,1923920,4120892,603,20455444480,15.37
319.396,1828100,95820,0,1923920,4120892,603,20455444480,15.37
319.496,1828100,95820,0,1923920,4120892,603,20463833088,12.77
319.596,1828100,95820,0,1923920,4120892,603,20463833088,12.77
319.697,1828100,95820,0,1923920,4120892,603,20463833088,12.77
319.797,1828100,95820,0,1923920,4120892,603,20463833088,12.77
319.897,1828100,95820,0,1923920,4120892,603,20463833088,12.77
319.997,1828100,95820,0,1923920,4120892,603,20463833088,12.77
320.098,1828100,95820,0,1923920,4120892,603,20472221696,12.77
320.198,1828100,95820,0,1923920,4120892,603,20472221696,12.77
320.298,1828100,95820,0,1923920,4120892,603,20497387520,12.77
320.399,1828100,95820,0,1923920,4120892,603,20497387520,12.77
320.499,1828100,95820,0,1923920,4120892,603,20505776128,12.77
320.599,1828100,95820,0,1923920,4120892,603,20505776128,12.77
320.700,1828100,95820,0,1923920,4120892,603,20505776128,12.77
320.800,1828100,95820,0,1923920,4120892,603,20505776128,12.77
320.900,1828100,95820,0,1923920,4120892,603,20505776128,12.77
321.001,1828100,95820,0,1923920,4120892,603,20505776128,12.77
321.101,1828100,95820,0,1923920,4120892,603,20508356608,12.77
321.202,1828100,95820,0,1923920,4120892,603,20508356608,12.77
321.302,1828100,95820,0,1923920,4120892,603,20512542720,12.77
321.402,1828100,95820,0,1923920,4120892,603,20512542720,13.71
321.503,1828100,95820,0,1923920,4120892,603,20519170048,13.71
321.603,1828100,95820,0,1923920,4120892,603,20519170048,13.71
321.703,1828100,95820,0,1923920,4120892,603,20520747008,13.71
321.804,1828100,95820,0,1923920,4120892,603,20520747008,13.71
321.904,1828100,95820,0,1923920,4120892,603,20520747008,13.71
322.004,1828100,95820,0,1923920,4120892,603,20520747008,13.71
322.105,1828100,95820,0,1923920,4120892,603,20520747008,13.71
322.205,1828100,95820,0,1923920,4120892,603,20520747008,13.71
322.305,1828100,95820,0,1923920,4120892,603,20520747008,13.71
322.406,1828100,95820,0,1923920,4120892,603,20520747008,13.71
322.506,1828100,95820,0,1923920,4120892,603,20520747008,13.71
322.606,1828100,95820,0,1923920,4120892,603,20520747008,13.71
322.707,1828100,95820,0,1923920,4120892,603,20520747008,13.71
322.807,1828100,95820,0,1923920,4120892,603,20520747008,13.71
322.907,1828100,95820,0,1923920,4120892,603,20520747008,13.71
323.008,1828100,95820,0,1923920,4120892,603,20520747008,13.71
323.108,1828100,95820,0,1923920,4120892,603,20520747008,13.71
323.208,1828100,95820,0,1923920,4120892,603,20520763392,13.71
323.309,1828100,136780,0,1964880,4120892,609,20571095040,14.49
323.409,1828100,235084,0,2063184,4120892,621,20671758336,14.49
323.509,1828100,333388,0,2161488,4120892,633,20772421632,14.49
323.610,1828100,439880,0,2267980,4120892,646,20881473536,14.49
323.710,1828100,538184,0,2366284,4120892,658,20982136832,14.49
323.810,1828100,650824,0,2478924,4120892,672,21099577344,14.49
323.911,1828100,720456,0,2548556,4120892,681,21175074816,14.49
324.012,1828100,759368,0,2587468,4120892,685,21208629248,14.49
324.112,1828100,808520,0,2636620,4120892,691,21258960896,14.49
324.212,1828100,888392,0,2716492,4120892,701,21342846976,14.49
324.313,1828100,964168,0,2792268,4120892,710,21418344448,14.49
324.413,1828100,1060424,0,2888524,4120892,722,21519007744,14.49
324.513,1828100,1193960,0,3022060,4120892,740,21670002688,14.49
324.614,1828100,1232688,0,3060788,4120892,752,21779054592,14.49
324.714,1828100,20204,0,1848304,4120892,762,21843316736,14.49
324.815,1828100,25040,0,1853140,4120892,778,21943361536,14.49
324.915,1828100,178248,0,2006348,4120892,791,22009917440,14.49
325.016,1828100,189704,0,2017804,4120892,791,22035083264,14.49
325.116,1828100,200776,0,2028876,4120892,791,22043471872,14.49
325.216,1828100,206472,0,2034572,4120892,791,22043471872,12.77
325.317,1828100,212680,0,2040780,4120892,791,22051860480,12.77
325.417,1828100,218952,0,2047052,4120892,791,22060249088,12.77
325.517,1828100,225160,0,2053260,4120892,791,22068637696,12.77
325.618,1828100,237640,0,2065740,4120892,791,22077026304,12.77
325.718,1828100,252836,0,2080936,4120892,791,22081531904,12.77
325.819,1828100,252836,0,2080936,4120892,791,22081531904,12.77
325.919,1828100,252836,0,2080936,4120892,791,22081531904,12.77
326.019,1828100,252836,0,2080936,4120892,791,22081531904,12.77
326.120,1828100,252836,0,2080936,4120892,791,22081531904,12.77
326.220,1828100,252836,0,2080936,4120892,791,22081531904,12.77
326.320,1828100,252836,0,2080936,4120892,791,22081531904,12.77
326.421,1828100,252836,0,2080936,4120892,791,22081531904,12.77
326.521,1828100,252836,0,2080936,4120892,791,22081531904,12.77
326.621,1828100,252836,0,2080936,4120892,791,22081531904,12.77
326.722,1828100,252836,0,2080936,4120892,791,22081531904,12.77
326.822,1828100,252836,0,2080936,4120892,791,22081531904,12.77
326.923,1828100,252836,0,2080936,4120892,791,22081531904,12.77
327.023,1828100,252836,0,2080936,4120892,791,22081531904,12.77
327.123,1828100,252836,0,2080936,4120892,791,22081531904,12.77
327.224,1828100,252836,0,2080936,4120892,791,22081531904,13.72
327.324,1828100,252836,0,2080936,4120892,791,22081531904,13.72
327.424,1828100,252836,0,2080936,4120892,791,22081531904,13.72
327.525,1828100,252836,0,2080936,4120892,791,22081531904,13.72
327.625,1828100,252836,0,2080936,4120892,791,22081531904,13.72
327.725,1828100,252836,0,2080936,4120892,791,22081531904,13.72
327.826,1828100,252836,0,2080936,4120892,791,22081531904,13.72
327.926,1828100,252836,0,2080936,4120892,791,22081531904,13.72
328.027,1828100,252836,0,2080936,4120892,791,22081531904,13.72
328.127,1828100,252836,0,2080936,4120892,791,22081531904,13.72
328.227,1828100,252836,0,2080936,4120892,791,22081531904,13.72
328.328,1828100,252836,0,2080936,4120892,791,22081531904,13.72
328.428,1828100,252836,0,2080936,4120892,791,22081531904,13.72
328.528,1828100,252836,0,2080936,4120892,791,22081531904,13.72
328.629,1828100,252836,0,2080936,4120892,791,22081531904,13.72
328.729,1828100,252836,0,2080936,4120892,791,22081531904,13.72
328.829,1828100,252836,0,2080936,4120892,791,22081531904,13.72
328.929,1828100,252836,0,2080936,4120892,791,22081531904,13.72
329.030,1828100,252836,0,2080936,4120892,791,22081531904,13.72
329.130,1828100,252836,0,2080936,4120892,791,22081531904,11.23
329.231,1828100,252836,0,2080936,4120892,791,22081531904,11.23
329.331,1828100,252836,0,2080936,4120892,791,22081531904,11.23
329.431,1828100,252836,0,2080936,4120892,791,22081531904,11.23
329.532,1828100,252836,0,2080936,4120892,791,22081531904,11.23
329.632,1828100,252836,0,2080936,4120892,791,22081531904,11.23
329.732,1828100,252836,0,2080936,4120892,791,22081531904,11.23
329.833,1828100,252836,0,2080936,4120892,791,22081531904,11.23
329.933,1828100,252836,0,2080936,4120892,791,22081531904,11.23
330.033,1828100,252836,0,2080936,4120892,791,22081531904,11.23
330.134,1828100,252836,0,2080936,4120892,791,22081531904,11.23
330.234,1828100,252836,0,2080936,4120892,791,22081531904,11.23
330.334,1828100,252836,0,2080936,4120892,791,22081531904,11.23
330.435,1828100,252836,0,2080936,4120892,791,22081531904,11.23
330.535,1828100,252836,0,2080936,4120892,791,22081531904,11.23
330.636,1828100,252836,0,2080936,4120892,791,22081531904,11.23
330.736,1828100,252836,0,2080936,4120892,791,22081531904,11.23
330.836,1828100,252836,0,2080936,4120892,791,22081531904,11.23
330.937,1828100,252836,0,2080936,4120892,791,22081531904,11.23
331.037,1828100,252836,0,2080936,4120892,791,22081531904,12.46
331.137,1828100,252836,0,2080936,4120892,791,22081531904,12.46
331.238,1828100,252836,0,2080936,4120892,791,22081531904,12.46
331.338,1828100,252836,0,2080936,4120892,791,22081531904,12.46
331.438,1828100,252836,0,2080936,4120892,791,22081531904,12.46
331.539,1828100,252836,0,2080936,4120892,791,22081531904,12.46
331.639,1828100,252836,0,2080936,4120892,791,22081531904,12.46
331.740,1828100,252836,0,2080936,4120892,791,22081531904,12.46
331.840,1828100,252836,0,2080936,4120892,791,22081531904,12.46
331.940,1828100,252836,0,2080936,4120892,791,22081531904,12.46
332.041,1828100,252836,0,2080936,4120892,791,22081531904,12.46
332.141,1828100,252836,0,2080936,4120892,791,22081531904,12.46
332.241,1828100,252836,0,2080936,4120892,791,22081531904,12.46
332.342,1828100,252836,0,2080936,4120892,791,22081531904,12.46
332.442,1828100,252836,0,2080936,4120892,791,22081531904,12.46
332.543,1828100,252836,0,2080936,4120892,791,22081531904,12.46
332.643,1828100,252836,0,2080936,4120892,791,22081531904,12.46
332.743,1828100,252836,0,2080936,4120892,791,22081531904,12.46
332.844,1828100,252836,0,2080936,4120892,791,22081531904,12.46
332.944,1828100,252836,0,2080936,4120892,791,22081531904,12.46
333.044,1828100,252836,0,2080936,4120892,791,22081531904,13.28
333.145,1828100,252836,0,2080936,4120892,791,22081531904,13.28
333.245,1828100,252836,0,2080936,4120892,791,22081531904,13.28
333.345,1828100,252836,0,2080936,4120892,791,22081531904,13.28
333.445,1828100,252836,0,2080936,4120892,791,22081531904,13.28
333.546,1828100,252836,0,2080936,4120892,791,22081531904,13.28
333.646,1828100,252836,0,2080936,4120892,791,22081531904,13.28
333.746,1828100,252836,0,2080936,4120892,791,22081531904,13.28
333.847,1828100,252836,0,2080936,4120892,791,22081531904,13.28
333.947,1828100,252836,0,2080936,4120892,791,22081531904,13.28
334.047,1828100,252836,0,2080936,4120892,791,22081531904,13.28
334.148,1828100,252836,0,2080936,4120892,791,22081531904,13.28
334.248,1828100,252836,0,2080936,4120892,791,22081531904,13.28
334.348,1828100,252836,0,2080936,4120892,791,22081531904,13.28
334.449,1828100,252836,0,2080936,4120892,791,22081531904,13.28
334.549,1828100,252836,0,2080936,4120892,791,22081531904,13.28
334.649,1828100,252836,0,2080936,4120892,791,22081531904,13.28
334.750,1828100,252836,0,2080936,4120892,791,22081531904,13.28
334.850,1828100,252836,0,2080936,4120892,791,22081531904,13.28
334.950,1828100,252836,0,2080936,4120892,791,22081531904,10.87
335.051,1828100,252836,0,2080936,4120892,791,22081531904,10.87
335.151,1828100,252836,0,2080936,4120892,791,22081531904,10.87
335.251,1828100,252836,0,2080936,4120892,791,22081531904,10.87
335.352,1828100,252836,0,2080936,4120892,791,22081531904,10.87
335.452,1828100,252836,0,2080936,4120892,791,22081531904,10.87
335.552,1828100,252836,0,2080936,4120892,791,22081531904,10.87
335.653,1828100,252836,0,2080936,4120892,791,22081531904,10.87
335.753,1828100,252836,0,2080936,4120892,791,22081531904,10.87
335.853,1828100,252836,0,2080936,4120892,791,22081531904,10.87
335.954,1828100,252836,0,2080936,4120892,791,22081531904,10.87
336.054,1828100,252836,0,2080936,4120892,791,22081531904,10.87
336.155,1828100,252836,0,2080936,4120892,791,22081531904,10.87
336.255,1828100,252836,0,2080936,4120892,791,22081531904,10.87
336.355,1828100,252836,0,2080936,4120892,791,22081531904,10.87
336.456,1828100,252836,0,2080936,4120892,791,22081531904,10.87
336.556,1828100,252836,0,2080936,4120892,791,22081531904,10.87
336.656,1828100,252836,0,2080936,4120892,791,22081531904,10.87
336.757,1828100,252836,0,2080936,4120892,791,22081531904,10.87
336.857,1828100,252836,0,2080936,4120892,791,22081531904,12.52
336.957,1828100,252836,0,2080936,4120892,791,22081531904,12.52
337.058,1828100,252836,0,2080936,4120892,791,22081531904,12.52
337.158,1828100,252836,0,2080936,4120892,791,22081531904,12.52
337.258,1828100,252836,0,2080936,4120892,791,22081531904,12.52
337.359,1828100,252836,0,2080936,4120892,791,22081531904,12.52
337.459,1828100,252836,0,2080936,4120892,791,22081531904,12.52
337.560,1828100,252836,0,2080936,4120892,791,22081531904,12.52
337.660,1828100,252836,0,2080936,4120892,791,22081531904,12.52
337.760,1828100,252836,0,2080936,4120892,791,22081531904,12.52
337.861,1828100,252836,0,2080936,4120892,791,22081531904,12.52
337.961,1828100,252836,0,2080936,4120892,791,22081531904,12.52
338.061,1828100,252836,0,2080936,4120892,791,22081531904,12.52
338.162,1828100,252836,0,2080936,4120892,791,22081531904,12.52
338.262,1828100,252836,0,2080936,4120892,791,22081531904,12.52
338.363,1828100,252836,0,2080936,4120892,791,22081531904,12.52
338.463,1828100,252836,0,2080936,4120892,791,22081531904,12.52
338.563,1828100,252836,0,2080936,4120892,791,22081531904,12.52
338.664,1828100,252836,0,2080936,4120892,791,22081531904,12.52
338.764,1828100,252836,0,2080936,4120892,791,22081531904,12.25
338.864,1828100,252836,0,2080936,4120892,791,22081531904,12.25
338.965,1828100,252836,0,2080936,4120892,791,22081531904,12.25
339.065,1828100,252836,0,2080936,4120892,791,22081531904,12.25
339.165,1828100,252836,0,2080936,4120892,791,22081531904,12.25
339.265,1828100,252836,0,2080936,4120892,791,22081531904,12.25
339.366,1828100,252836,0,2080936,4120892,791,22081531904,12.25
339.466,1828100,252836,0,2080936,4120892,791,22081531904,12.25
339.567,1828100,252836,0,2080936,4120892,791,22081531904,12.25
339.667,1828100,252836,0,2080936,4120892,791,22081531904,12.25
339.767,1828100,252836,0,2080936,4120892,791,22081531904,12.25
339.868,1828100,252836,0,2080936,4120892,791,22081531904,12.25
339.968,1828100,252836,0,2080936,4120892,791,22081531904,12.25
340.068,1828100,252836,0,2080936,4120892,791,22081531904,12.25
340.169,1828100,252836,0,2080936,4120892,791,22081531904,12.25
340.269,1828100,252836,0,2080936,4120892,791,22081531904,12.25
340.369,1828100,252836,0,2080936,4120892,791,22081531904,12.25
340.470,1828100,252836,0,2080936,4120892,791,22081531904,12.25
340.570,1828100,252836,0,2080936,4120892,791,22081531904,12.25
340.670,1828100,252836,0,2080936,4120892,791,22081531904,12.25
340.771,1828100,252836,0,2080936,4120892,791,22081531904,11.11
340.871,1828100,252836,0,2080936,4120892,791,22081531904,11.11
340.971,1828100,252836,0,2080936,4120892,791,22081531904,11.11
341.072,1828100,252836,0,2080936,4120892,791,22081531904,11.11
341.172,1828100,252836,0,2080936,4120892,791,22081531904,11.11
341.272,1828100,252836,0,2080936,4120892,791,22081531904,11.11
341.373,1828100,252836,0,2080936,4120892,791,22081531904,11.11
341.473,1828100,252836,0,2080936,4120892,791,22081531904,11.11
341.574,1828100,252836,0,2080936,4120892,791,22081531904,11.11
341.674,1828100,252836,0,2080936,4120892,791,22081531904,11.11
341.774,1828100,252836,0,2080936,4120892,791,22081531904,11.11
341.875,1828100,252836,0,2080936,4120892,791,22081531904,11.11
341.975,1828100,252836,0,2080936,4120892,791,22081531904,11.11
342.075,1828100,252836,0,2080936,4120892,791,22081531904,11.11
342.176,1828100,252836,0,2080936,4120892,791,22081531904,11.11
342.276,1828100,252836,0,2080936,4120892,791,22081531904,11.11
342.376,1828100,252836,0,2080936,4120892,791,22081531904,11.11
342.477,1828100,252836,0,2080936,4120892,791,22081531904,11.11
342.577,1828100,252836,0,2080936,4120892,791,22081531904,11.11
342.677,1828100,252836,0,2080936,4120892,791,22081531904,12.18
342.778,1828100,252836,0,2080936,4120892,791,22081531904,12.18
342.878,1828100,252836,0,2080936,4120892,791,22081531904,12.18
342.979,1828100,252836,0,2080936,4120892,791,22081531904,12.18
343.079,1828100,252836,0,2080936,4120892,791,22081531904,12.18
343.179,1828100,252836,0,2080936,4120892,791,22081531904,12.18
343.280,1828100,252836,0,2080936,4120892,791,22081531904,12.18
343.380,1828100,252836,0,2080936,4120892,791,22081531904,12.18
343.481,1828100,252836,0,2080936,4120892,791,22081531904,12.18
343.581,1828100,252836,0,2080936,4120892,791,22081531904,12.18
343.681,1828100,252836,0,2080936,4120892,791,22081531904,12.18
343.782,1828100,252836,0,2080936,4120892,791,22081531904,12.18
343.882,1828100,252836,0,2080936,4120892,791,22081531904,12.18
343.983,1828100,252836,0,2080936,4120892,791,22081531904,12.18
344.083,1828100,252836,0,2080936,4120892,791,22081531904,12.18
344.183,1828100,252836,0,2080936,4120892,791,22081531904,12.18
344.284,1828100,252836,0,2080936,4120892,791,22081531904,12.18
344.384,1828100,252836,0,2080936,4120892,791,22081531904,12.18
344.484,1828100,252836,0,2080936,4120892,791,22081531904,12.18
344.585,1828100,252836,0,2080936,4120892,791,22081531904,9.97
344.685,1828100,252836,0,2080936,4120892,791,22081531904,9.97
344.785,1828100,252836,0,2080936,4120892,791,22081531904,9.97
344.885,1828100,252836,0,2080936,4120892,791,22081531904,9.97
344.986,1828100,252836,0,2080936,4120892,791,22081531904,9.97
345.086,1828100,252836,0,2080936,4120892,791,22081531904,9.97
345.186,1828100,252836,0,2080936,4120892,791,22081531904,9.97
345.287,1828100,252836,0,2080936,4120892,791,22081531904,9.97
345.387,1828100,252836,0,2080936,4120892,791,22081531904,9.97
345.488,1828100,252836,0,2080936,4120892,791,22081531904,9.97
345.588,1828100,252836,0,2080936,4120892,791,22081531904,9.97
345.688,1828100,252836,0,2080936,4120892,791,22081531904,9.97
345.789,1828100,252836,0,2080936,4120892,791,22081531904,9.97
345.889,1828100,252836,0,2080936,4120892,791,22081531904,9.97
345.990,1828100,252836,0,2080936,4120892,791,22081531904,9.97
346.090,1828100,252836,0,2080936,4120892,791,22081531904,9.97
346.190,1828100,252836,0,2080936,4120892,791,22081531904,9.97
346.291,1828100,252836,0,2080936,4120892,791,22081531904,9.97
346.391,1828100,252836,0,2080936,4120892,791,22081531904,9.97
346.491,1828100,252836,0,2080936,4120892,791,22081531904,9.97
346.592,1828100,252836,0,2080936,4120892,791,22081531904,11.43
346.692,1828100,252836,0,2080936,4120892,791,22081531904,11.43
346.792,1828100,252836,0,2080936,4120892,791,22081531904,11.43
346.893,1828100,252836,0,2080936,4120892,791,22081531904,11.43
346.993,1828100,252836,0,2080936,4120892,791,22081531904,11.43
347.093,1828100,252836,0,2080936,4120892,791,22081531904,11.43
347.194,1828100,252836,0,2080936,4120892,791,22081531904,11.43
347.294,1828100,252836,0,2080936,4120892,791,22081531904,11.43
347.394,1828100,252836,0,2080936,4120892,791,22081531904,11.43
347.495,1828100,252836,0,2080936,4120892,791,22081531904,11.43
347.595,1828100,252836,0,2080936,4120892,791,22081531904,11.43
347.696,1828100,252836,0,2080936,4120892,791,22081531904,11.43
347.796,1828100,252836,0,2080936,4120892,791,22081531904,11.43
347.896,1828100,252836,0,2080936,4120892,791,22081531904,11.43
347.997,1828100,252836,0,2080936,4120892,791,22081531904,11.43
348.097,1828100,253156,0,2081256,4120892,796,22134185984,11.43
348.197,1828100,254284,0,2082384,4120892,810,22353539072,11.43
348.298,1828100,256076,0,2084176,4120892,824,22552240128,11.43
348.398,1828100,257772,0,2085872,4120892,839,22759743488,11.43
348.499,1828100,267584,0,2095684,4120892,854,22968819712,13.52
348.599,1828100,270720,0,2098820,4120892,867,23164391424,13.52
348.699,1828100,273856,0,2101956,4120892,880,23346319360,13.52
348.800,1828100,274928,0,2103028,4120892,892,23527178240,13.52
348.900,1828100,282160,0,2110260,4120892,902,23650119680,13.52
349.000,1828100,289772,0,2117872,4120892,911,23784116224,13.52
349.101,1828100,298156,0,2126256,4120892,921,23918678016,13.52
349.201,1828100,302636,0,2130736,4120892,929,24059686912,13.52
349.301,1828100,308516,0,2136616,4120892,938,24165441536,13.52
349.402,1828100,311012,0,2139112,4120892,950,24337190912,13.52
349.502,1828100,317728,0,2145828,4120892,966,24511467520,13.52
349.603,1828100,323856,0,2151956,4120892,981,24692273152,13.52
349.703,1828100,329612,0,2157712,4120892,995,24861249536,13.52
349.803,1828100,336012,0,2164112,4120892,1010,25041989632,13.52
349.904,1828100,340428,0,2168528,4120892,1025,25226338304,13.52
350.004,1828100,344780,0,2172880,4120892,1043,25405202432,13.52
350.104,1828100,348876,0,2176976,4120892,1056,25580498944,13.52
350.205,1828100,352204,0,2180304,4120892,1067,25733251072,13.52
350.305,1828100,358152,0,2186252,4120892,1081,25896378368,13.52
350.405,1828100,362696,0,2190796,4120892,1091,26048299008,13.97
350.506,1828100,345956,0,2174056,4120892,1103,26215100416,13.97
350.606,1828100,208560,0,2036660,4120892,1113,26371436544,13.97
350.707,1828100,147492,0,1975592,4120892,1128,26557222912,13.97
350.807,1828100,140244,0,1968344,4120892,1149,26748059648,13.97
350.907,1828100,139680,0,1967780,4120892,1169,26930192384,13.97
351.008,1828100,126136,0,1954236,4120892,1181,27102552064,13.97
351.108,1828100,120524,0,1948624,4120892,1199,27294408704,13.97
351.208,1828100,120648,0,1948748,4120892,1218,27492503552,13.97
351.309,1828100,124176,0,1952276,4120892,1234,27665162240,13.97
351.409,1828100,129476,0,1957576,4120892,1250,27836985344,13.97
351.509,1828100,130592,0,1958692,4120892,1263,28019982336,13.97
351.610,1828100,133448,0,1961548,4120892,1276,28191870976,13.97
351.710,1828100,134532,0,1962632,4120892,1288,28363235328,13.97
351.811,1828100,136228,0,1964328,4120892,1299,28534128640,13.97
351.911,1828100,139644,0,1967744,4120892,1313,28713992192,13.97
352.011,1828100,137984,0,1966084,4120892,1325,28892954624,13.97
352.112,1828100,122960,0,1951060,4120892,1337,29072199680,13.97
352.212,1828100,119700,0,1947800,4120892,1351,29250379776,13.97
352.313,1828100,107616,0,1935716,4120892,1366,29439504384,16.87
352.413,1828100,106384,0,1934484,4120892,1383,29615587328,16.87
352.513,1828100,103288,0,1931388,4120892,1402,29833834496,16.87
352.614,1828100,100280,0,1928380,4120892,1414,30012854272,16.87
352.714,1828100,97964,0,1926064,4120892,1430,30204878848,16.87
352.815,1828100,97952,0,1926052,4120892,1445,30401421312,16.87
352.915,1828100,97288,0,1925388,4120892,1458,30565851136,16.87
353.015,1828100,97124,0,1925224,4120892,1472,30749323264,16.87
353.116,1828100,97724,0,1925824,4120892,1483,30912999424,16.87
353.216,1828100,97608,0,1925708,4120892,1496,31070416896,16.87
353.316,1828100,97452,0,1925552,4120892,1510,31266193408,16.87
353.417,1828100,89232,0,1917332,4120892,1530,31463841792,16.87
353.517,1828100,87784,0,1915884,4120892,1542,31644344320,16.87
353.617,1828100,82240,0,1910340,4120892,1556,31828811776,16.87
353.718,1828100,81016,0,1909116,4120892,1573,32021794816,16.87
353.818,1828100,78496,0,1906596,4120892,1586,32212189184,16.87
353.918,1828100,81444,0,1909544,4120892,1606,32402964480,16.87
354.019,1828100,81844,0,1909944,4120892,1621,32580763648,16.87
354.119,1828100,85296,0,1913396,4120892,1636,32760242176,16.87
354.219,1828100,87624,0,1915724,4120892,1650,32941432832,16.87
354.320,1828100,88712,0,1916812,4120892,1665,33103904768,18.35
354.420,1828100,91436,0,1919536,4120892,1679,33294655488,18.35
354.520,1828100,93340,0,1921440,4120892,1694,33480609792,18.35
354.621,1828100,94980,0,1923080,4120892,1711,33674358784,18.35
354.721,1828100,97052,0,1925152,4120892,1724,33857282048,18.35
354.821,1828100,96292,0,1924392,4120892,1736,34035294208,18.35
354.922,1828100,96084,0,1924184,4120892,1750,34219532288,18.35
355.022,1828100,95900,0,1924000,4120892,1764,34416447488,18.35
355.123,1828100,96616,0,1924716,4120892,1778,34583846912,18.35
355.223,1828100,96384,0,1924484,4120892,1790,34749943808,18.35
355.323,1828100,96416,0,1924516,4120892,1804,34932109312,18.35
355.424,1828100,97624,0,1925724,4120892,1820,35112550400,18.35
355.524,1828100,96592,0,1924692,4120892,1832,35281276928,18.35
355.624,1828100,96232,0,1924332,4120892,1846,35476680704,18.35
355.725,1828100,98172,0,1926272,4120892,1862,35663962112,18.35
355.825,1828100,98652,0,1926752,4120892,1876,35846606848,18.35
355.925,1828100,97364,0,1925464,4120892,1891,36037738496,18.35
356.026,1828100,96864,0,1924964,4120892,1912,36233142272,18.35
356.126,1828100,98500,0,1926600,4120892,1926,36421038080,18.35
356.227,1828100,90436,0,1918536,4120892,1942,36604727296,18.1
356.327,1828100,90104,0,1918204,4120892,1956,36812177408,18.1
356.427,1828100,88184,0,1916284,4120892,1970,36989394944,18.1
356.528,1828100,86832,0,1914932,4120892,1982,37164261376,18.1
356.628,1828100,84204,0,1912304,4120892,1994,37327654912,18.1
356.728,1828100,86076,0,1914176,4120892,2007,37495640064,18.1
356.829,1828100,88564,0,1916664,4120892,2021,37668855808,18.1
356.929,1828100,88040,0,1916140,4120892,2037,37851369472,18.1
357.030,1828100,87436,0,1915536,4120892,2055,38049759232,18.1
357.130,1828100,91992,0,1920092,4120892,2071,38232158208,18.1
357.230,1828100,94300,0,1922400,4120892,2088,38431375360,18.1
357.331,1828100,95588,0,1923688,4120892,2104,38620917760,18.1
357.431,1828100,97168,0,1925268,4120892,2120,38817054720,18.1
357.531,1828100,94184,0,1922284,4120892,2132,38997405696,18.1
357.632,1828100,92432,0,1920532,4120892,2146,39182241792,18.1
357.732,1828100,95412,0,1923512,4120892,2162,39366647808,18.1
357.832,1828100,97048,0,1925148,4120892,2177,39552524288,18.1
357.933,1828100,97600,0,1925700,4120892,2191,39714246656,18.1
358.033,1828100,97632,0,1925732,4120892,2205,39904235520,18.1
358.133,1828100,98428,0,1926528,4120892,2219,40072691712,20.07
358.234,1828100,98840,0,1926940,4120892,2236,40262983680,20.07
358.334,1828100,99964,0,1928064,4120892,2250,40449155072,20.07
358.435,1828100,100920,0,1929020,4120892,2265,40630210560,20.07
358.535,1828100,98740,0,1926840,4120892,2280,40817344512,20.07
358.635,1828100,98952,0,1927052,4120892,2293,41018281984,20.07
358.736,1828100,97360,0,1925460,4120892,2309,41208217600,20.07
358.836,1828100,98600,0,1926700,4120892,2327,41400987648,20.07
358.937,1828100,94740,0,1922840,4120892,2341,41571639296,20.07
359.037,1828100,96452,0,1924552,4120892,2356,41756762112,20.07
359.137,1828100,96568,0,1924668,4120892,2370,41933037568,20.07
359.238,1828100,96084,0,1924184,4120892,2383,42093289472,20.07
359.338,1828100,97504,0,1925604,4120892,2398,42261180416,20.07
359.439,1828100,94948,0,1923048,4120892,2410,42431107072,20.07
359.539,1828100,92780,0,1920880,4120892,2423,42611802112,20.07
359.639,1828100,91216,0,1919316,4120892,2440,42792718336,20.07
359.740,1828100,91860,0,1919960,4120892,2454,42979467264,20.07
359.840,1828100,92684,0,1920784,4120892,2469,43167531008,20.07
359.940,1828100,91896,0,1919996,4120892,2482,43376181248,20.07
360.041,1828100,94120,0,1922220,4120892,2496,43543937024,20.07
360.141,1828100,93388,0,1921488,4120892,2513,43754733568,20.6
360.241,1828100,93268,0,1921368,4120892,2528,43920326656,20.6
360.342,1828100,93636,0,1921736,4120892,2544,44105465856,20.6
360.442,1828100,92692,0,1920792,4120892,2559,44277260288,20.6
360.542,1828100,93268,0,1921368,4120892,2575,44446879744,20.6
360.643,1828100,93412,0,1921512,4120892,2589,44624658432,20.6
360.743,1828100,94804,0,1922904,4120892,2603,44795486208,20.6
360.844,1828100,93472,0,1921572,4120892,2620,44981710848,20.6
360.944,1828100,94296,0,1922396,4120892,2635,45146181632,20.6
361.044,1828100,94492,0,1922592,4120892,2648,45330214912,20.6
361.145,1828100,97480,0,1925580,4120892,2666,45522096128,20.6
361.245,1828100,98048,0,1926148,4120892,2680,45687218176,20.6
361.345,1828100,97408,0,1925508,4120892,2693,45866549248,20.6
361.446,1828100,97848,0,1925948,4120892,2706,46067154944,20.6
361.546,1828100,97744,0,1925844,4120892,2721,46244577280,20.6
361.647,1828100,95960,0,1924060,4120892,2739,46414622720,20.6
361.747,1828100,95764,0,1923864,4120892,2753,46587211776,20.6
361.847,1828100,94648,0,1922748,4120892,2765,46756511744,20.6
361.948,1828100,94176,0,1922276,4120892,2779,46948167680,20.6
362.048,1828100,93232,0,1921332,4120892,2798,47143026688,20.13
362.148,1828100,92000,0,1920100,4120892,2810,47303798784,20.13
362.249,1828100,94536,0,1922636,4120892,2826,47472877568,20.13
362.349,1828100,96320,0,1924420,4120892,2843,47644405760,20.13
362.450,1828100,95584,0,1923684,4120892,2858,47817019392,20.13
362.550,1828100,94984,0,1923084,4120892,2872,47990988800,20.13
362.650,1828100,95384,0,1923484,4120892,2889,48185847808,20.13
362.751,1828100,95696,0,1923796,4120892,2903,48358240256,20.13
362.851,1828100,95856,0,1923956,4120892,2919,48528490496,20.13
362.951,1828100,99892,0,1927992,4120892,2936,48703909888,20.13
363.052,1828100,100780,0,1928880,4120892,2951,48893091840,20.13
363.152,1828100,101304,0,1929404,4120892,2965,49083899904,20.13
363.252,1828100,104760,0,1932860,4120892,2981,49272487936,20.13
363.353,1828100,106104,0,1934204,4120892,2995,49466646528,20.13
363.453,1828100,105912,0,1934012,4120892,3011,49650122752,20.13
363.553,1828100,109960,0,1938060,4120892,3031,49825992704,20.13
363.654,1828100,109924,0,1938024,4120892,3043,50019045376,20.13
363.754,1828100,110200,0,1938300,4120892,3055,50174803968,20.13
363.855,1828100,111828,0,1939928,4120892,3068,50326626304,20.13
363.955,1828100,111020,0,1939120,4120892,3081,50491351040,21.37
364.056,1828100,110764,0,1938864,4120892,3092,50655920128,21.37
364.156,1828100,111108,0,1939208,4120892,3110,50837979136,21.37
364.256,1828100,111576,0,1939676,4120892,3125,51006615552,21.37
364.357,1828100,111956,0,1940056,4120892,3142,51160010752,21.37
364.457,1828100,111416,0,1939516,4120892,3155,51341193216,21.37
364.557,1828100,112272,0,1940372,4120892,3168,51517452288,21.37
364.658,1828100,115044,0,1943144,4120892,3183,51668033536,21.37
364.758,1828100,114984,0,1943084,4120892,3195,51828080640,21.37
364.859,1828100,114476,0,1942576,4120892,3209,52006625280,21.37
364.959,1828100,114468,0,1942568,4120892,3222,52169674752,21.37
365.059,1828100,117748,0,1945848,4120892,3235,52344012800,21.37
365.160,1828100,120324,0,1948424,4120892,3253,52508110848,21.37
365.260,1828100,122736,0,1950836,4120892,3268,52696502272,21.37
365.360,1828100,124036,0,1952136,4120892,3284,52847255552,21.37
365.461,1828100,126684,0,1954784,4120892,3297,52992159744,21.37
365.561,1828100,127984,0,1956084,4120892,3311,53168377856,21.37
365.661,1828100,129436,0,1957536,4120892,3328,53353000960,21.37
365.761,1828100,129996,0,1958096,4120892,3339,53522108416,21.37
365.862,1828100,131060,0,1959160,4120892,3352,53668425728,21.12
365.962,1828100,134232,0,1962332,4120892,3368,53835792384,21.12
366.063,1828100,137612,0,1965712,4120892,3380,53987852288,21.12
366.163,1828100,142180,0,1970280,4120892,3398,54155808768,21.12
366.263,1828100,152872,0,1980972,4120892,3412,54308630528,21.12
366.364,1828100,155956,0,1984056,4120892,3428,54473388032,21.12
366.464,1828100,163112,0,1991212,4120892,3445,54638219264,21.12
366.564,1828100,163116,0,1991216,4120892,3455,54790631424,21.12
366.665,1828100,162628,0,1990728,4120892,3465,54953635840,21.12
366.765,1828100,162512,0,1990612,4120892,3475,55086559232,21.12
366.866,1828100,150816,0,1978916,4120892,3485,55234584576,21.12
366.966,1828100,130936,0,1959036,4120892,3496,55372926976,21.12
367.066,1828100,120048,0,1948148,4120892,3506,55513157632,21.12
367.167,1828100,111704,0,1939804,4120892,3517,55657488384,21.12
367.267,1828100,97480,0,1925580,4120892,3527,55793102848,21.12
367.367,1828100,88896,0,1916996,4120892,3539,55951298560,21.12
367.468,1828100,82924,0,1911024,4120892,3551,56104910848,21.12
367.568,1828100,75184,0,1903284,4120892,3562,56243322880,21.12
367.669,1828100,72496,0,1900596,4120892,3577,56399159296,21.12
367.769,1828100,68896,0,1896996,4120892,3588,56534454272,21.12
367.869,1828100,66904,0,1895004,4120892,3598,56680284160,21.46
367.970,1828100,64216,0,1892316,4120892,3609,56847515648,21.46
368.070,1828100,62424,0,1890524,4120892,3619,57000472576,21.46
368.170,1828100,60580,0,1888680,4120892,3634,57160458240,21.46
368.271,1828100,60496,0,1888596,4120892,3645,57307332608,21.46
368.371,1828100,62380,0,1890480,4120892,3659,57456349184,21.46
368.471,1828100,62380,0,1890480,4120892,3671,57611415552,21.46
368.572,1828100,63684,0,1891784,4120892,3688,57762549760,21.46
368.672,1828100,63704,0,1891804,4120892,3703,57934053376,21.46
368.772,1828100,62980,0,1891080,4120892,3717,58094686208,21.46
368.873,1828100,66940,0,1895040,4120892,3733,58244079616,21.46
368.973,1828100,70784,0,1898884,4120892,3750,58410991616,21.46
369.073,1828100,75160,0,1903260,4120892,3768,58602745856,21.46
369.174,1828100,80488,0,1908588,4120892,3786,58781945856,21.46
369.274,1828100,103608,0,1931708,4120892,3810,58930393088,21.46
369.375,1828100,107224,0,1935324,4120892,3823,59088351232,21.46
369.475,1828100,112032,0,1940132,4120892,3836,59248996352,21.46
369.576,1828100,117912,0,1946012,4120892,3851,59402944512,21.46
369.676,1828100,121468,0,1949568,4120892,3871,59581911040,21.46
369.776,1828100,125460,0,1953560,4120892,3887,59764219904,23.01
369.877,1828100,131812,0,1959912,4120892,3900,59908599808,23.01
369.977,1828100,139792,0,1967892,4120892,3917,60068655104,23.01
370.077,1828100,141564,0,1969664,4120892,3928,60235509760,23.01
370.178,1828100,142016,0,1970116,4120892,3940,60413706240,23.01
370.278,1828100,146712,0,1974812,4120892,3962,60594462720,23.01
370.378,1828100,142328,0,1970428,4120892,3979,60752916480,23.01
370.479,1828100,139344,0,1967444,4120892,4000,60938526720,23.01
370.579,1828100,144092,0,1972192,4120892,4023,61094088704,23.01
370.679,1828100,136784,0,1964884,4120892,4040,61269532672,23.01
370.780,1828100,141968,0,1970068,4120892,4059,61435514880,23.01
370.880,1828100,145112,0,1973212,4120892,4077,61610631168,23.01
370.981,1828100,148424,0,1976524,4120892,4095,61763264512,23.01
371.081,1828100,152324,0,1980424,4120892,4113,61912170496,23.01
371.181,1828100,151804,0,1979904,4120892,4127,62077661184,23.01
371.282,1828100,149592,0,1977692,4120892,4138,62230953984,23.01
371.382,1828100,146600,0,1974700,4120892,4148,62372528128,23.01
371.483,1828100,146372,0,1974472,4120892,4158,62531710976,23.01
371.583,1828100,145584,0,1973684,4120892,4169,62678114304,23.01
371.683,1828100,144228,0,1972328,4120892,4181,62854275072,22.28
371.784,1828100,143688,0,1971788,4120892,4196,63026622464,22.28
371.884,1828100,142148,0,1970248,4120892,4211,63195664384,22.28
371.984,1828100,142168,0,1970268,4120892,4223,63359967232,22.28
372.085,1828100,140600,0,1968700,4120892,4236,63527264256,22.28
372.185,1828100,141224,0,1969324,4120892,4248,63689555968,22.28
372.286,1828100,141900,0,1970000,4120892,4264,63855607808,22.28
372.386,1828100,140456,0,1968556,4120892,4277,64002404352,22.28
372.486,1828100,141648,0,1969748,4120892,4294,64158613504,22.28
372.587,1828100,142868,0,1970968,4120892,4305,64322990080,22.28
372.687,1828100,145464,0,1973564,4120892,4321,64472313856,22.28
372.787,1828100,147028,0,1975128,4120892,4333,64636698624,22.28
372.888,1828100,149148,0,1977248,4120892,4349,64813862912,22.28
372.988,1828100,152180,0,1980280,4120892,4363,64952991744,22.28
373.088,1828100,155036,0,1983136,4120892,4377,65115963392,22.28
373.189,1828100,156828,0,1984928,4120892,4391,65276694528,22.28
373.289,1828100,160292,0,1988392,4120892,4404,65419853824,22.28
373.389,1828100,163108,0,1991208,4120892,4418,65584517120,22.28
373.490,1828100,164528,0,1992628,4120892,4431,65734180864,22.28
373.590,1828100,164228,0,1992328,4120892,4445,65882836992,22.28
373.691,1828100,165496,0,1993596,4120892,4456,66041524224,23.32
373.791,1828100,167064,0,1995164,4120892,4470,66193301504,23.32
373.891,1828100,170652,0,1998752,4120892,4485,66337644544,23.32
373.992,1828100,172868,0,2000968,4120892,4497,66481639424,23.32
374.092,1828100,174580,0,2002680,4120892,4509,66644017152,23.32
374.193,1828100,178152,0,2006252,4120892,4522,66789986304,23.32
374.293,1828100,179256,0,2007356,4120892,4535,66953707520,23.32
374.393,1828100,181008,0,2009108,4120892,4547,67108708352,23.32
374.493,1828100,182764,0,2010864,4120892,4561,67271618560,23.32
374.594,1828100,185004,0,2013104,4120892,4574,67421835264,23.32
374.694,1828100,186520,0,2014620,4120892,4588,67591909376,23.32
374.794,1828100,187676,0,2015776,4120892,4598,67738103808,23.32
374.895,1828100,190184,0,2018284,4120892,4613,67904507904,23.32
374.995,1828100,191332,0,2019432,4120892,4626,68069011456,23.32
375.095,1828100,193796,0,2021896,4120892,4640,68224094208,23.32
375.196,1828100,195764,0,2023864,4120892,4652,68383485952,23.32
375.296,1828100,199572,0,2027672,4120892,4665,68529098752,23.32
375.396,1828100,202812,0,2030912,4120892,4678,68682792960,23.32
375.497,1828100,205644,0,2033744,4120892,4689,68819456000,23.32
375.597,1828100,209696,0,2037796,4120892,4699,68970307584,25.79
375.697,1828100,214116,0,2042216,4120892,4713,69120704512,25.79
375.798,1828100,218080,0,2046180,4120892,4725,69287112704,25.79
375.898,1828100,221228,0,2049328,4120892,4738,69427322880,25.79
375.998,1828100,222880,0,2050980,4120892,4750,69592170496,25.79
376.099,1828100,226492,0,2054592,4120892,4761,69730054144,25.79
376.199,1828100,217876,0,2045976,4120892,4774,69851557888,25.79
376.300,1828100,203888,0,2031988,4120892,4785,69999345664,25.79
376.400,1828100,206016,0,2034116,4120892,4796,70168416256,25.79
376.500,1828100,207176,0,2035276,4120892,4808,70305284096,25.79
376.601,1828100,192828,0,2020928,4120892,4817,70427475968,25.79
376.701,1828100,191056,0,2019156,4120892,4826,70554013696,25.79
376.801,1828100,166896,0,1994996,4120892,4838,70694014976,25.79
376.902,1828100,126252,0,1954352,4120892,4849,70841348096,25.79
377.002,1828100,110488,0,1938588,4120892,4860,70972256256,25.79
377.103,1828100,91600,0,1919700,4120892,4874,71125639168,25.79
377.203,1828100,83252,0,1911352,4120892,4885,71271817216,25.79
377.303,1828100,78468,0,1906568,4120892,4901,71419052032,25.79
377.403,1828100,74428,0,1902528,4120892,4912,71555698688,25.79
377.504,1828100,71616,0,1899716,4120892,4923,71696818176,23.48
377.604,1828100,71076,0,1899176,4120892,4936,71838740480,23.48
377.704,1828100,68564,0,1896664,4120892,4949,71992643584,23.48
377.805,1828100,65360,0,1893460,4120892,4962,72134651904,23.48
377.905,1828100,62232,0,1890332,4120892,4976,72282849280,23.48
378.005,1828100,62156,0,1890256,4120892,4992,72439316480,23.48
378.106,1828100,61588,0,1889688,4120892,5004,72585687040,23.48
378.206,1828100,63648,0,1891748,4120892,5016,72724353024,23.48
378.306,1828100,64060,0,1892160,4120892,5031,72872689664,23.48
378.407,1828100,64472,0,1892572,4120892,5043,73007816704,23.48
378.507,1828100,67496,0,1895596,4120892,5057,73147392000,23.48
378.607,1828100,69252,0,1897352,4120892,5069,73292394496,23.48
378.708,1828100,71060,0,1899160,4120892,5084,73421844480,23.48
378.808,1828100,72764,0,1900864,4120892,5095,73572347904,23.48
378.908,1828100,74188,0,1902288,4120892,5106,73721839616,23.48
379.009,1828100,75132,0,1903232,4120892,5117,73883070464,23.48
379.109,1828100,74060,0,1902160,4120892,5128,74024480768,23.48
379.210,1828100,71504,0,1899604,4120892,5139,74170691584,23.48
379.310,1828100,68756,0,1896856,4120892,5149,74329333760,23.48
379.410,1828100,66300,0,1894400,4120892,5163,74489925632,25.38
379.511,1828100,64316,0,1892416,4120892,5175,74651717632,25.38
379.611,1828100,63436,0,1891536,4120892,5188,74832941056,25.38
379.711,1828100,63352,0,1891452,4120892,5201,74986807296,25.38
379.812,1828100,62424,0,1890524,4120892,5214,75147972608,25.38
379.912,1828100,62176,0,1890276,4120892,5226,75309764608,25.38
380.012,1828100,62596,0,1890696,4120892,5236,75451158528,25.38
380.113,1828100,62352,0,1890452,4120892,5247,75619053568,25.38
380.213,1828100,63504,0,1891604,4120892,5258,75776065536,25.38
380.314,1828100,61504,0,1889604,4120892,5268,75914776576,25.38
380.414,1828100,58748,0,1886848,4120892,5280,76078075904,25.38
380.514,1828100,55292,0,1883392,4120892,5294,76248408064,25.38
380.615,1828100,54872,0,1882972,4120892,5308,76441505792,25.38
380.715,1828100,54984,0,1883084,4120892,5323,76607475712,25.38
380.815,1828100,56416,0,1884516,4120892,5337,76780343296,25.38
380.916,1828100,56096,0,1884196,4120892,5353,76974256128,25.38
381.016,1828100,56936,0,1885036,4120892,5365,77131190272,25.38
381.116,1828100,58360,0,1886460,4120892,5380,77307179008,25.38
381.217,1828100,59072,0,1887172,4120892,5391,77473574912,25.38
381.317,1828100,59904,0,1888004,4120892,5403,77646913536,25.38
381.417,1828100,60628,0,1888728,4120892,5414,77810937856,26.04
381.518,1828100,60692,0,1888792,4120892,5425,77975515136,26.04
381.618,1828100,60052,0,1888152,4120892,5439,78128922624,26.04
381.718,1828100,59948,0,1888048,4120892,5450,78295826432,26.04
381.819,1828100,60204,0,1888304,4120892,5464,78446784512,26.04
381.919,1828100,59436,0,1887536,4120892,5475,78601408512,26.04
382.019,1828100,59884,0,1887984,4120892,5486,78749372416,26.04
382.120,1828100,60332,0,1888432,4120892,5498,78915866624,26.04
382.220,1828100,61064,0,1889164,4120892,5509,79063896064,26.04
382.320,1828100,60236,0,1888336,4120892,5519,79210516480,26.04
382.421,1828100,61964,0,1890064,4120892,5533,79385186304,26.04
382.521,1828100,63744,0,1891844,4120892,5548,79542374400,26.04
382.621,1828100,66640,0,1894740,4120892,5561,79685619712,26.04
382.722,1828100,69228,0,1897328,4120892,5576,79863488512,26.04
382.822,1828100,70132,0,1898232,4120892,5588,80012754944,26.04
382.923,1828100,76824,0,1904924,4120892,5607,80183525376,26.04
383.023,1828100,79184,0,1907284,4120892,5620,80340385792,26.04
383.123,1828100,82576,0,1910676,4120892,5634,80493436928,26.04
383.224,1828100,84580,0,1912680,4120892,5645,80651649024,26.04
383.324,1828100,87788,0,1915888,4120892,5657,80792821760,23.31
383.424,1828100,90280,0,1918380,4120892,5668,80956813312,23.31
383.525,1828100,92524,0,1920624,4120892,5679,81107460096,23.31
383.625,1828100,92900,0,1921000,4120892,5692,81253101568,23.31
383.725,1828100,94748,0,1922848,4120892,5705,81422311424,23.31
383.826,1828100,95236,0,1923336,4120892,5718,81591201792,23.31
383.926,1828100,97864,0,1925964,4120892,5731,81747910656,23.31
384.027,1828100,100780,0,1928880,4120892,5742,81900347392,23.31
384.127,1828100,106752,0,1934852,4120892,5759,82054574080,23.31
384.227,1828100,111572,0,1939672,4120892,5776,82196176896,23.31
384.328,1828100,114188,0,1942288,4120892,5787,82365304832,23.31
384.428,1828100,117136,0,1945236,4120892,5799,82513174528,23.31
384.528,1828100,120080,0,1948180,4120892,5814,82657034240,23.31
384.629,1828100,122176,0,1950276,4120892,5826,82811867136,23.31
384.729,1828100,123392,0,1951492,4120892,5836,82967072768,23.31
384.830,1828100,124344,0,1952444,4120892,5846,83098308608,23.31
384.930,1828100,125776,0,1953876,4120892,5857,83239546880,23.31
385.030,1828100,126088,0,1954188,4120892,5867,83378601984,23.31
385.131,1828100,123772,0,1951872,4120892,5877,83505152000,23.31
385.231,1828100,120004,0,1948104,4120892,5888,83640967168,23.98
385.331,1828100,115336,0,1943436,4120892,5901,83781943296,23.98
385.432,1828100,113068,0,1941168,4120892,5913,83933954048,23.98
385.532,1828100,111264,0,1939364,4120892,5923,84078010368,23.98
385.632,1828100,101048,0,1929148,4120892,5935,84205744128,23.98
385.733,1828100,96932,0,1925032,4120892,5947,84354867200,23.98
385.833,1828100,94420,0,1922520,4120892,5960,84501639168,23.98
385.933,1828100,89004,0,1917104,4120892,5973,84647587840,23.98
386.034,1828100,82288,0,1910388,4120892,5984,84783505408,23.98
386.134,1828100,78520,0,1906620,4120892,5993,84920893440,23.98
386.235,1828100,72720,0,1900820,4120892,6005,85078667264,23.98
386.335,1828100,66316,0,1894416,4120892,6020,85230600192,23.98
386.435,1828100,62320,0,1890420,4120892,6033,85371592704,23.98
386.536,1828100,61632,0,1889732,4120892,6045,85500080128,23.98
386.636,1828100,60232,0,1888332,4120892,6057,85646491648,23.98
386.736,1828100,60144,0,1888244,4120892,6069,85777604608,23.98
386.837,1828100,59220,0,1887320,4120892,6084,85941993472,23.98
386.937,1828100,59740,0,1887840,4120892,6097,86091530240,23.98
387.037,1828100,62580,0,1890680,4120892,6110,86233919488,23.98
387.138,1828100,65420,0,1893520,4120892,6121,86398758912,24.89
387.238,1828100,70048,0,1898148,4120892,6136,86547140608,24.89
387.339,1828100,78004,0,1906104,4120892,6148,86705029120,24.89
387.439,1828100,82464,0,1910564,4120892,6161,86854369280,24.89
387.539,1828100,85496,0,1913596,4120892,6175,87019560960,24.89
387.640,1828100,87808,0,1915908,4120892,6188,87186849792,24.89
387.740,1828100,92648,0,1920748,4120892,6202,87347789824,24.89
387.840,1828100,95784,0,1923884,4120892,6216,87489007616,24.89
387.941,1828100,98976,0,1927076,4120892,6234,87662436352,24.89
388.041,1828100,101916,0,1930016,4120892,6248,87822028800,24.89
388.142,1828100,103836,0,1931936,4120892,6263,87974133760,24.89
388.242,1828100,108344,0,1936444,4120892,6278,88136269824,24.89
388.342,1828100,111788,0,1939888,4120892,6293,88296140800,24.89
388.443,1828100,117712,0,1945812,4120892,6308,88447610880,24.89
388.543,1828100,125044,0,1953144,4120892,6323,88607641600,24.89
388.643,1828100,133608,0,1961708,4120892,6339,88758566912,24.89
388.744,1828100,139536,0,1967636,4120892,6354,88911220736,24.89
388.844,1828100,145944,0,1974044,4120892,6372,89062592512,24.89
388.944,1828100,144444,0,1972544,4120892,6387,89219293184,24.89
389.045,1828100,140300,0,1968400,4120892,6401,89367420928,26.36
389.145,1828100,139808,0,1967908,4120892,6417,89528487936,26.36
389.245,1828100,141940,0,1970040,4120892,6436,89681723392,26.36
389.346,1828100,142164,0,1970264,4120892,6452,89857290240,26.36
389.446,1828100,143452,0,1971552,4120892,6465,90026438656,26.36
389.546,1828100,144432,0,1972532,4120892,6477,90175307776,26.36
389.647,1828100,149100,0,1977200,4120892,6494,90315255808,26.36
389.747,1828100,151356,0,1979456,4120892,6507,90472501248,26.36
389.847,1828100,152840,0,1980940,4120892,6522,90625044480,26.36
389.948,1828100,156204,0,1984304,4120892,6538,90791141376,26.36
390.048,1828100,159580,0,1987680,4120892,6552,90949111808,26.36
390.148,1828100,159680,0,1987780,4120892,6565,91082670080,26.36
390.249,1828100,159780,0,1987880,4120892,6582,91234586624,26.36
390.349,1828100,160524,0,1988624,4120892,6594,91383525376,26.36
390.450,1828100,161240,0,1989340,4120892,6603,91517644800,26.36
390.550,1828100,161660,0,1989760,4120892,6612,91664007168,26.36
390.650,1828100,163304,0,1991404,4120892,6628,91817873408,26.36
390.751,1828100,163688,0,1991788,4120892,6640,91985367040,26.36
390.851,1828100,165444,0,1993544,4120892,6656,92138586112,26.36
390.951,1828100,167540,0,1995640,4120892,6670,92295839744,26.36
391.052,1828100,167252,0,1995352,4120892,6680,92449427456,27.92
391.152,1828100,168516,0,1996616,4120892,6691,92596514816,27.92
391.252,1828100,169500,0,1997600,4120892,6701,92769480704,27.92
391.353,1828100,168860,0,1996960,4120892,6711,92897509376,27.92
391.453,1828100,169436,0,1997536,4120892,6724,93051715584,27.92
391.553,1828100,172792,0,2000892,4120892,6740,93192097792,27.92
391.654,1828100,179192,0,2007292,4120892,6756,93345488896,27.92
391.754,1828100,183944,0,2012044,4120892,6770,93473767424,27.92
391.854,1828100,186884,0,2014984,4120892,6781,93620449280,27.92
391.955,1828100,190660,0,2018760,4120892,6794,93757534208,27.92
392.055,1828100,195724,0,2023824,4120892,6811,93905375232,27.92
392.156,1828100,198236,0,2026336,4120892,6822,94048370688,27.92
392.256,1828100,197720,0,2025820,4120892,6830,94188216320,27.92
392.356,1828100,197772,0,2025872,4120892,6843,94324760576,27.92
392.457,1828100,198328,0,2026428,4120892,6854,94471856128,27.92
392.557,1828100,199148,0,2027248,4120892,6865,94615556096,27.92
392.657,1828100,203028,0,2031128,4120892,6883,94771671040,27.92
392.758,1828100,212652,0,2040752,4120892,6902,94921424896,27.92
392.858,1828100,217368,0,2045468,4120892,6913,95035502592,27.92
392.959,1828100,221104,0,2049204,4120892,6923,95156240384,29.02
393.059,1828100,195372,0,2023472,4120892,6935,95293534208,29.02
393.159,1828100,178560,0,2006660,4120892,6948,95423430656,29.02
393.260,1828100,174128,0,2002228,4120892,6964,95554789376,29.02
393.360,1828100,164108,0,1992208,4120892,6976,95696605184,29.02
393.461,1828100,165528,0,1993628,4120892,6994,95839444992,29.02
393.561,1828100,149892,0,1977992,4120892,7006,95973191680,29.02
393.661,1828100,136324,0,1964424,4120892,7021,96123985920,29.02
393.762,1828100,126404,0,1954504,4120892,7036,96270110720,29.02
393.862,1828100,125980,0,1954080,4120892,7055,96412438528,29.02
393.962,1828100,121672,0,1949772,4120892,7074,96548851712,29.02
394.063,1828100,112088,0,1940188,4120892,7090,96686407680,29.02
394.163,1828100,111104,0,1939204,4120892,7104,96834019328,29.02
394.263,1828100,108740,0,1936840,4120892,7120,96984047616,29.02
394.364,1828100,109048,0,1937148,4120892,7136,97113059328,29.02
394.464,1828100,108088,0,1936188,4120892,7152,97242755072,29.02
394.564,1828100,110892,0,1938992,4120892,7169,97393225728,29.02
394.665,1828100,109992,0,1938092,4120892,7181,97528360960,29.02
394.765,1828100,115424,0,1943524,4120892,7199,97667227648,29.02
394.865,1828100,117604,0,1945704,4120892,7208,97785012224,28.65
394.966,1828100,117508,0,1945608,4120892,7221,97927929856,28.65
395.066,1828100,117440,0,1945540,4120892,7235,98066747392,28.65
395.167,1828100,118216,0,1946316,4120892,7245,98205708288,28.65
395.267,1828100,119224,0,1947324,4120892,7259,98345590784,28.65
395.367,1828100,104236,0,1932336,4120892,7274,98487873536,28.65
395.468,1828100,101460,0,1929560,4120892,7294,98629312512,28.65
395.568,1828100,100676,0,1928776,4120892,7308,98797821952,28.65
395.668,1828100,95236,0,1923336,4120892,7323,98944278528,28.65
395.769,1828100,92448,0,1920548,4120892,7338,99092307968,28.65
395.869,1828100,91172,0,1919272,4120892,7355,99259985920,28.65
395.969,1828100,86440,0,1914540,4120892,7367,99405275136,28.65
396.070,1828100,84076,0,1912176,4120892,7378,99557822464,28.65
396.170,1828100,84644,0,1912744,4120892,7391,99711389696,28.65
396.270,1828100,85816,0,1913916,4120892,7401,99854438400,28.65
396.371,1828100,87112,0,1915212,4120892,7412,99998076928,28.65
396.471,1828100,86524,0,1914624,4120892,7422,100144820224,28.65
396.571,1828100,81748,0,1909848,4120892,7431,100291219456,28.65
396.672,1828100,81016,0,1909116,4120892,7441,100429815808,28.65
396.772,1828100,77716,0,1905816,4120892,7453,100584476672,28.65
396.872,1828100,76116,0,1904216,4120892,7470,100753235968,29.08
396.973,1828100,72180,0,1900280,4120892,7484,100926603264,29.08
397.073,1828100,74568,0,1902668,4120892,7501,101081141248,29.08
397.174,1828100,77380,0,1905480,4120892,7514,101234819072,29.08
397.274,1828100,82112,0,1910212,4120892,7528,101391065088,29.08
397.374,1828100,84384,0,1912484,4120892,7539,101519994880,29.08
397.475,1828100,84860,0,1912960,4120892,7548,101673017344,29.08
397.575,1828100,87544,0,1915644,4120892,7563,101830656000,29.08
397.675,1828100,87460,0,1915560,4120892,7578,102004502528,29.08
397.776,1828100,88636,0,1916736,4120892,7592,102168412160,29.08
397.876,1828100,89716,0,1917816,4120892,7608,102334734336,29.08
397.976,1828100,90156,0,1918256,4120892,7618,102480547840,29.08
398.077,1828100,91308,0,1919408,4120892,7629,102620999680,29.08
398.177,1828100,92332,0,1920432,4120892,7638,102771732480,29.08
398.278,1828100,93220,0,1921320,4120892,7649,102925979648,29.08
398.378,1828100,90412,0,1918512,4120892,7661,103074553856,29.08
398.478,1828100,88748,0,1916848,4120892,7671,103223193600,29.08
398.579,1828100,88728,0,1916828,4120892,7682,103367544832,29.08
398.679,1828100,89308,0,1917408,4120892,7694,103499509760,29.08
398.779,1828100,90588,0,1918688,4120892,7705,103651880960,29.97
398.880,1828100,91724,0,1919824,4120892,7718,103793299456,29.97
398.980,1828100,92804,0,1920904,4120892,7729,103945068544,29.97
399.081,1828100,93764,0,1921864,4120892,7739,104085671936,29.97
399.181,1828100,95212,0,1923312,4120892,7748,104229978112,29.97
399.281,1828100,96616,0,1924716,4120892,7759,104369610752,29.97
399.382,1828100,97576,0,1925676,4120892,7769,104517730304,29.97
399.482,1828100,98280,0,1926380,4120892,7780,104669372416,29.97
399.583,1828100,99596,0,1927696,4120892,7790,104821342208,29.97
399.683,1828100,101440,0,1929540,4120892,7801,104964222976,29.97
399.783,1828100,102616,0,1930716,4120892,7814,105092427776,29.97
399.884,1828100,104216,0,1932316,4120892,7823,105220845568,29.97
399.984,1828100,105236,0,1933336,4120892,7834,105372323840,29.97
400.087,1828100,106132,0,1934232,4120892,7847,105505566720,29.97
400.187,1828100,106908,0,1935008,4120892,7858,105646833664,29.97
400.288,1828100,107676,0,1935776,4120892,7870,105794850816,29.97
400.388,1828100,109212,0,1937312,4120892,7879,105955840000,29.97
400.489,1828100,110104,0,1938204,4120892,7889,106089627648,29.97
400.589,1828100,111252,0,1939352,4120892,7902,106246795264,29.97
400.689,1828100,112012,0,1940112,4120892,7912,106397765632,29.61
400.790,1828100,114428,0,1942528,4120892,7925,106530029568,29.61
400.890,1828100,115408,0,1943508,4120892,7935,106670686208,29.61
400.991,1828100,115212,0,1943312,4120892,7943,106791092224,29.61
401.091,1828100,109148,0,1937248,4120892,7952,106906488832,29.61
401.191,1828100,103576,0,1931676,4120892,7961,107042066432,29.61
401.292,1828100,98128,0,1926228,4120892,7972,107175313408,29.61
401.392,1828100,91516,0,1919616,4120892,7982,107321016320,29.61
401.493,1828100,88812,0,1916912,4120892,7995,107433291776,29.61
401.593,1828100,82692,0,1910792,4120892,8007,107576344576,29.61
401.693,1828100,79356,0,1907456,4120892,8016,107697782784,29.61
401.794,1828100,71956,0,1900056,4120892,8029,107842113536,29.61
401.894,1828100,64280,0,1892380,4120892,8041,107981557760,29.61
401.994,1828100,63372,0,1891472,4120892,8053,108126494720,29.61
402.095,1828100,59492,0,1887592,4120892,8066,108271407104,29.61
402.195,1828100,58256,0,1886356,4120892,8078,108389285888,29.61
402.296,1828100,59388,0,1887488,4120892,8091,108530528256,29.61
402.396,1828100,58032,0,1886132,4120892,8100,108672126976,29.61
402.496,1828100,53996,0,1882096,4120892,8112,108800651264,29.61
402.597,1828100,53556,0,1881656,4120892,8123,108933681152,29.61
402.697,1828100,53240,0,1881340,4120892,8132,109058199552,26.78
402.798,1828100,53216,0,1881316,4120892,8141,109183119360,26.78
402.898,1828100,53460,0,1881560,4120892,8150,109299130368,26.78
402.999,1828100,52288,0,1880388,4120892,8160,109437853696,26.78
403.099,1828100,51980,0,1880080,4120892,8171,109580664832,26.78
403.199,1828100,53124,0,1881224,4120892,8180,109701926912,26.78
403.300,1828100,53632,0,1881732,4120892,8191,109855780864,26.78
403.400,1828100,54108,0,1882208,4120892,8201,109996531712,26.78
403.500,1828100,54696,0,1882796,4120892,8213,110134460416,26.78
403.601,1828100,54708,0,1882808,4120892,8227,110293110784,26.78
403.701,1828100,53980,0,1882080,4120892,8238,110444982272,26.78
403.802,1828100,53404,0,1881504,4120892,8251,110597816320,26.78
403.902,1828100,53796,0,1881896,4120892,8263,110754013184,26.78
404.002,1828100,52960,0,1881060,4120892,8275,110897729536,26.78
404.103,1828100,53292,0,1881392,4120892,8287,111052079104,26.78
404.203,1828100,53056,0,1881156,4120892,8297,111198498816,26.78
404.303,1828100,52908,0,1881008,4120892,8309,111349792768,26.78
404.404,1828100,54044,0,1882144,4120892,8321,111507193856,26.78
404.504,1828100,55384,0,1883484,4120892,8334,111673528320,26.78
404.604,1828100,56560,0,1884660,4120892,8345,111832072192,27.73
404.705,1828100,57260,0,1885360,4120892,8355,111970955264,27.73
404.805,1828100,57772,0,1885872,4120892,8364,112105775104,27.73
404.905,1828100,58804,0,1886904,4120892,8376,112257273856,27.73
405.006,1828100,58960,0,1887060,4120892,8387,112423677952,27.73
405.106,1828100,58520,0,1886620,4120892,8399,112574164992,27.73
405.207,1828100,61268,0,1889368,4120892,8412,112712617984,27.73
405.307,1828100,63076,0,1891176,4120892,8426,112875716608,27.73
405.407,1828100,63840,0,1891940,4120892,8439,113005088768,27.73
405.508,1828100,65312,0,1893412,4120892,8447,113149595648,27.73
405.608,1828100,65696,0,1893796,4120892,8461,113304403968,27.73
405.709,1828100,66136,0,1894236,4120892,8472,113436626944,27.73
405.809,1828100,66840,0,1894940,4120892,8484,113578115072,27.73
405.909,1828100,69016,0,1897116,4120892,8493,113731715072,27.73
406.010,1828100,70944,0,1899044,4120892,8504,113858162688,27.73
406.110,1828100,72160,0,1900260,4120892,8516,114017255424,27.73
406.211,1828100,72860,0,1900960,4120892,8528,114169085952,27.73
406.311,1828100,72600,0,1900700,4120892,8541,114309025792,27.73
406.411,1828100,74452,0,1902552,4120892,8553,114468937728,27.73
406.512,1828100,77460,0,1905560,4120892,8567,114600071168,27.73
406.612,1828100,77212,0,1905312,4120892,8576,114747256832,24.7
406.712,1828100,78312,0,1906412,4120892,8587,114895519744,24.7
406.813,1828100,79208,0,1907308,4120892,8598,115026722816,24.7
406.913,1828100,80232,0,1908332,4120892,8608,115163660288,24.7
407.013,1828100,77984,0,1906084,4120892,8618,115306254336,24.7
407.114,1828100,78328,0,1906428,4120892,8629,115454550016,24.7
407.215,1828100,79060,0,1907160,4120892,8640,115586297856,24.7
407.315,1828100,79520,0,1907620,4120892,8652,115753414656,24.7
407.415,1828100,81708,0,1909808,4120892,8665,115917234176,24.7
407.515,1828100,83452,0,1911552,4120892,8676,116079230976,24.7
407.616,1828100,83964,0,1912064,4120892,8687,116251217920,24.7
407.716,1828100,85224,0,1913324,4120892,8699,116398989312,24.7
407.817,1828100,84904,0,1913004,4120892,8710,116551532544,24.7
407.917,1828100,85544,0,1913644,4120892,8721,116702511104,24.7
408.017,1828100,87656,0,1915756,4120892,8734,116846100480,24.7
408.117,1828100,88108,0,1916208,4120892,8746,116994732032,24.7
408.218,1828100,89452,0,1917552,4120892,8756,117141532672,24.7
408.318,1828100,90360,0,1918460,4120892,8768,117282549760,24.7
408.419,1828100,91252,0,1919352,4120892,8779,117424750592,24.7
408.519,1828100,92724,0,1920824,4120892,8791,117567455232,26.02
408.619,1828100,93684,0,1921784,4120892,8802,117708304384,26.02
408.720,1828100,95860,0,1923960,4120892,8815,117865123840,26.02
408.820,1828100,97968,0,1926068,4120892,8828,118000078848,26.02
408.920,1828100,100140,0,1928240,4120892,8841,118149828608,26.02
409.021,1828100,101012,0,1929112,4120892,8852,118292197376,26.02
409.121,1828100,101908,0,1930008,4120892,8861,118434349056,26.02
409.221,1828100,102804,0,1930904,4120892,8870,118560153600,26.02
409.322,1828100,103956,0,1932056,4120892,8880,118688313344,26.02
409.422,1828100,103192,0,1931292,4120892,8890,118814760960,26.02
409.523,1828100,98652,0,1926752,4120892,8900,118935891968,26.02
409.623,1828100,93200,0,1921300,4120892,8914,119075708928,26.02
409.723,1828100,89880,0,1917980,4120892,8924,119231307776,26.02
409.823,1828100,87228,0,1915328,4120892,8933,119371821056,26.02
409.924,1828100,83700,0,1911800,4120892,8945,119513346048,26.02
410.024,1828100,77140,0,1905240,4120892,8956,119665119232,26.02
410.124,1828100,74304,0,1902404,4120892,8968,119805992960,26.02
410.225,1828100,70864,0,1898964,4120892,8976,119952453632,26.02
410.325,1828100,65016,0,1893116,4120892,8987,120088076288,26.02
410.426,1828100,56856,0,1884956,4120892,9001,120247148544,27.46
410.526,1828100,54716,0,1882816,4120892,9012,120380133376,27.46
410.626,1828100,52348,0,1880448,4120892,9022,120534441984,27.46
410.727,1828100,50200,0,1878300,4120892,9033,120667021312,27.46
410.827,1828100,49932,0,1878032,4120892,9043,120805634048,27.46
410.927,1828100,48224,0,1876324,4120892,9053,120938586112,27.46
411.028,1828100,48632,0,1876732,4120892,9064,121076879360,27.46
411.128,1828100,49716,0,1877816,4120892,9077,121222496256,27.46
411.228,1828100,50424,0,1878524,4120892,9088,121369178112,27.46
411.329,1828100,50984,0,1879084,4120892,9099,121508610048,27.46
411.429,1828100,51096,0,1879196,4120892,9110,121650327552,27.46
411.530,1828100,52472,0,1880572,4120892,9120,121801244672,27.46
411.630,1828100,53300,0,1881400,4120892,9132,121950208000,27.46
411.730,1828100,54132,0,1882232,4120892,9142,122078883840,27.46
411.831,1828100,54524,0,1882624,4120892,9152,122238128128,27.46
411.931,1828100,55096,0,1883196,4120892,9166,122381832192,27.46
412.031,1828100,54868,0,1882968,4120892,9176,122523529216,27.46
412.132,1828100,55204,0,1883304,4120892,9186,122667442176,27.46
412.232,1828100,55820,0,1883920,4120892,9199,122827169792,27.46
412.332,1828100,57792,0,1885892,4120892,9213,122956664832,24.84
412.433,1828100,58060,0,1886160,4120892,9225,123109044224,24.84
412.533,1828100,58988,0,1887088,4120892,9237,123282698240,24.84
412.634,1828100,60268,0,1888368,4120892,9249,123434565632,24.84
412.734,1828100,60648,0,1888748,4120892,9261,123597447168,24.84
412.834,1828100,62696,0,1890796,4120892,9273,123745857536,24.84
412.935,1828100,62948,0,1891048,4120892,9282,123907407872,24.84
413.035,1828100,64624,0,1892724,4120892,9295,124059185152,24.84
413.135,1828100,65948,0,1894048,4120892,9306,124202315776,24.84
413.236,1828100,66008,0,1894108,4120892,9317,124374016000,24.84
413.336,1828100,66972,0,1895072,4120892,9330,124519301120,24.84
413.436,1828100,67368,0,1895468,4120892,9342,124663525376,24.84
413.537,1828100,67612,0,1895712,4120892,9355,124828721152,24.84
413.637,1828100,67740,0,1895840,4120892,9369,124988305408,24.84
413.737,1828100,67204,0,1895304,4120892,9382,125142433792,24.84
413.838,1828100,68224,0,1896324,4120892,9395,125300142080,24.84
413.938,1828100,68800,0,1896900,4120892,9406,125448609792,24.84
414.039,1828100,68868,0,1896968,4120892,9418,125608407040,24.84
414.139,1828100,69572,0,1897672,4120892,9428,125745344512,24.84
414.239,1828100,70020,0,1898120,4120892,9438,125893332992,25.78
414.340,1828100,69648,0,1897748,4120892,9450,126039109632,25.78
414.440,1828100,69908,0,1898008,4120892,9461,126184312832,25.78
414.541,1828100,70868,0,1898968,4120892,9473,126325948416,25.78
414.641,1828100,71440,0,1899540,4120892,9482,126458376192,25.78
414.741,1828100,70800,0,1898900,4120892,9491,126606467072,25.78
414.842,1828100,70608,0,1898708,4120892,9502,126756696064,25.78
414.942,1828100,70428,0,1898528,4120892,9512,126888255488,25.78
415.043,1828100,71196,0,1899296,4120892,9525,127035613184,25.78
415.143,1828100,71608,0,1899708,4120892,9536,127183376384,25.78
415.243,1828100,73328,0,1901428,4120892,9548,127336038400,25.78
415.344,1828100,73520,0,1901620,4120892,9559,127481716736,25.78
415.444,1828100,73392,0,1901492,4120892,9570,127617323008,25.78
415.544,1828100,73392,0,1901492,4120892,9580,127750725632,25.78
415.645,1828100,73648,0,1901748,4120892,9590,127900409856,25.78
415.745,1828100,74252,0,1902352,4120892,9603,128052051968,25.78
415.845,1828100,75084,0,1903184,4120892,9615,128217321472,25.78
415.946,1828100,76556,0,1904656,4120892,9627,128358076416,25.78
416.046,1828100,77084,0,1905184,4120892,9638,128517435392,25.78
416.146,1828100,76380,0,1904480,4120892,9651,128674258944,24.91
416.247,1828100,77840,0,1905940,4120892,9663,128844816384,24.91
416.347,1828100,77636,0,1905736,4120892,9674,128998195200,24.91
416.447,1828100,79100,0,1907200,4120892,9686,129137364992,24.91
416.548,1828100,80828,0,1908928,4120892,9699,129287946240,24.91
416.648,1828100,82484,0,1910584,4120892,9711,129430233088,24.91
416.748,1828100,83704,0,1911804,4120892,9722,129581084672,24.91
416.849,1828100,84536,0,1912636,4120892,9733,129715318784,24.91
416.949,1828100,84884,0,1912984,4120892,9744,129855791104,24.91
417.050,1828100,85716,0,1913816,4120892,9755,129992196096,24.91
417.150,1828100,86356,0,1914456,4120892,9765,130138963968,24.91
417.251,1828100,87572,0,1915672,4120892,9776,130282405888,24.91
417.351,1828100,87704,0,1915804,4120892,9786,130434809856,24.91
417.451,1828100,89488,0,1917588,4120892,9799,130574962688,24.91
417.552,1828100,91856,0,1919956,4120892,9812,130712084480,24.91
417.652,1828100,92304,0,1920404,4120892,9821,130857394176,24.91
417.752,1828100,93900,0,1922000,4120892,9831,131001077760,24.91
417.853,1828100,93588,0,1921688,4120892,9842,131154161664,24.91
417.953,1828100,93952,0,1922052,4120892,9853,131299106816,24.91
418.053,1828100,95040,0,1923140,4120892,9865,131431972864,24.74
418.154,1828100,95872,0,1923972,4120892,9875,131572457472,24.74
418.254,1828100,96192,0,1924292,4120892,9884,131709227008,24.74
418.355,1828100,96000,0,1924100,4120892,9896,131839090688,24.74
418.455,1828100,96640,0,1924740,4120892,9907,131977793536,24.74
418.555,1828100,97440,0,1925540,4120892,9917,132125220864,24.74
418.656,1828100,98144,0,1926244,4120892,9928,132275949568,24.74
418.756,1828100,98400,0,1926500,4120892,9937,132405284864,24.74
418.856,1828100,99140,0,1927240,4120892,9948,132549709824,24.74
418.957,1828100,100008,0,1928108,4120892,9956,132689408000,24.74
419.057,1828100,101340,0,1929440,4120892,9966,132830887936,24.74
419.157,1828100,101980,0,1930080,4120892,9977,132963352576,24.74
419.258,1828100,103068,0,1931168,4120892,9989,133111435264,24.74
419.358,1828100,104212,0,1932312,4120892,9998,133265154048,24.74
419.459,1828100,105364,0,1933464,4120892,10008,133380431872,24.74
419.559,1828100,106260,0,1934360,4120892,10016,133518643200,24.74
419.659,1828100,102876,0,1930976,4120892,10028,133655896064,24.74
419.760,1828100,90588,0,1918688,4120892,10040,133792210944,24.74
419.860,1828100,81332,0,1909432,4120892,10050,133920530432,24.74
419.960,1828100,77424,0,1905524,4120892,10060,134043459584,24.74
420.061,1828100,73880,0,1901980,4120892,10070,134182567936,27.14
420.161,1828100,67884,0,1895984,4120892,10079,134316249088,27.14
420.261,1828100,65128,0,1893228,4120892,10089,134457225216,27.14
420.362,1828100,62392,0,1890492,4120892,10099,134578814976,27.14
420.462,1828100,58340,0,1886440,4120892,10109,134717378560,27.14
420.562,1828100,53580,0,1881680,4120892,10120,134834249728,27.14
420.663,1828100,51008,0,1879108,4120892,10129,134981718016,27.14
420.763,1828100,49784,0,1877884,4120892,10139,135098499072,27.14
420.864,1828100,48496,0,1876596,4120892,10150,135240794112,27.14
420.964,1828100,46624,0,1874724,4120892,10158,135367270400,27.14
421.064,1828100,44764,0,1872864,4120892,10166,135488679936,27.14
421.165,1828100,44040,0,1872140,4120892,10175,135625125888,27.14
421.265,1828100,44476,0,1872576,4120892,10185,135753871360,27.14
421.365,1828100,44216,0,1872316,4120892,10194,135885840384,27.14
421.466,1828100,43384,0,1871484,4120892,10203,136012439552,27.14
421.566,1828100,43704,0,1871804,4120892,10214,136161742848,27.14
421.667,1828100,43700,0,1871800,4120892,10224,136290742272,27.14
421.767,1828100,43092,0,1871192,4120892,10235,136425508864,27.14
421.867,1828100,43156,0,1871256,4120892,10245,136566902784,27.14
421.968,1828100,42644,0,1870744,4120892,10254,136720158720,24.4
422.068,1828100,43100,0,1871200,4120892,10266,136852672512,24.4
422.168,1828100,43228,0,1871328,4120892,10276,136995713024,24.4
422.269,1828100,43808,0,1871908,4120892,10287,137120903168,24.4
422.369,1828100,43744,0,1871844,4120892,10296,137270329344,24.4
422.469,1828100,44252,0,1872352,4120892,10307,137407438848,24.4
422.570,1828100,43940,0,1872040,4120892,10319,137560858624,24.4
422.670,1828100,45080,0,1873180,4120892,10330,137708797952,24.4
422.770,1828100,45268,0,1873368,4120892,10339,137850519552,24.4
422.871,1828100,45844,0,1873944,4120892,10352,138013294592,24.4
422.971,1828100,46420,0,1874520,4120892,10364,138179682304,24.4
423.072,1828100,46804,0,1874904,4120892,10376,138344394752,24.4
423.172,1828100,47260,0,1875360,4120892,10386,138512281600,24.4
423.272,1828100,47772,0,1875872,4120892,10397,138669826048,24.4
423.373,1828100,48604,0,1876704,4120892,10407,138812166144,24.4
423.473,1828100,49436,0,1877536,4120892,10418,138964807680,24.4
423.573,1828100,50072,0,1878172,4120892,10430,139124453376,24.4
423.674,1828100,50400,0,1878500,4120892,10441,139283468288,24.4
423.774,1828100,50852,0,1878952,4120892,10452,139424251904,24.4
423.874,1828100,50692,0,1878792,4120892,10464,139562958848,25.96
423.975,1828100,50384,0,1878484,4120892,10475,139708805120,25.96
424.075,1828100,50640,0,1878740,4120892,10487,139850444800,25.96
424.176,1828100,50652,0,1878752,4120892,10498,140003950592,25.96
424.276,1828100,50508,0,1878608,4120892,10511,140154191872,25.96
424.376,1828100,50764,0,1878864,4120892,10521,140297797632,25.96
424.477,1828100,51268,0,1879368,4120892,10534,140437680128,25.96
424.577,1828100,50756,0,1878856,4120892,10544,140576534528,25.96
424.677,1828100,50200,0,1878300,4120892,10555,140740456448,25.96
424.778,1828100,50588,0,1878688,4120892,10564,140884537344,25.96
424.878,1828100,51240,0,1879340,4120892,10575,141029298176,25.96
424.978,1828100,52280,0,1880380,4120892,10586,141169491968,25.96
425.079,1828100,52472,0,1880572,4120892,10596,141303001088,25.96
425.179,1828100,52984,0,1881084,4120892,10606,141451370496,25.96
425.280,1828100,54840,0,1882940,4120892,10618,141589954560,25.96
425.380,1828100,55288,0,1883388,4120892,10628,141736366080,25.96
425.480,1828100,56376,0,1884476,4120892,10641,141888073728,25.96
425.581,1828100,57016,0,1885116,4120892,10650,142030290944,25.96
425.681,1828100,59320,0,1887420,4120892,10662,142191325184,25.96
425.782,1828100,60280,0,1888380,4120892,10672,142337351680,23.79
425.882,1828100,60500,0,1888600,4120892,10683,142491275264,23.79
425.982,1828100,61268,0,1889368,4120892,10695,142646005760,23.79
426.083,1828100,62296,0,1890396,4120892,10704,142782320640,23.79
426.183,1828100,63448,0,1891548,4120892,10714,142915944448,23.79
426.284,1828100,63924,0,1892024,4120892,10722,143053762560,23.79
426.384,1828100,64244,0,1892344,4120892,10731,143192137728,23.79
426.484,1828100,64116,0,1892216,4120892,10741,143356981248,23.79
426.585,1828100,63864,0,1891964,4120892,10752,143510020096,23.79
426.685,1828100,64244,0,1892344,4120892,10763,143653789696,23.79
426.785,1828100,63772,0,1891872,4120892,10772,143793733632,23.79
426.885,1828100,64156,0,1892256,4120892,10784,143929298944,23.79
426.986,1828100,64960,0,1893060,4120892,10794,144081051648,23.79
427.086,1828100,65600,0,1893700,4120892,10804,144218308608,23.79
427.186,1828100,65984,0,1894084,4120892,10813,144364212224,23.79
427.287,1828100,66688,0,1894788,4120892,10824,144501321728,23.79
427.387,1828100,67520,0,1895620,4120892,10834,144655134720,23.79
427.488,1828100,68700,0,1896800,4120892,10845,144776790016,23.79
427.588,1828100,69468,0,1897568,4120892,10854,144916443136,23.79
427.688,1828100,70492,0,1898592,4120892,10865,145049849856,23.79
427.790,1828100,71324,0,1899424,4120892,10876,145190318080,24.91
427.890,1828100,72220,0,1900320,4120892,10886,145334231040,24.91
427.991,1828100,72732,0,1900832,4120892,10896,145464324096,24.91
428.091,1828100,73624,0,1901724,4120892,10905,145599864832,24.91
428.191,1828100,74632,0,1902732,4120892,10915,145736859648,24.91
428.292,1828100,75052,0,1903152,4120892,10924,145872461824,24.91
428.392,1828100,76012,0,1904112,4120892,10935,146005155840,24.91
428.492,1828100,77124,0,1905224,4120892,10943,146136072192,24.91
428.593,1828100,78276,0,1906376,4120892,10952,146268925952,24.91
428.693,1828100,78868,0,1906968,4120892,10961,146406989824,24.91
428.793,1828100,79828,0,1907928,4120892,10970,146552762368,24.91
428.894,1828100,81120,0,1909220,4120892,10980,146693140480,24.91
428.994,1828100,81696,0,1909796,4120892,10990,146815324160,24.91
429.094,1828100,82720,0,1910820,4120892,11000,146956910592,24.91
429.195,1828100,83296,0,1911396,4120892,11010,147091038208,24.91
429.295,1828100,84512,0,1912612,4120892,11021,147220373504,24.91
429.396,1828100,85084,0,1913184,4120892,11031,147358306304,24.91
429.496,1828100,85404,0,1913504,4120892,11040,147496562688,24.91
429.596,1828100,86492,0,1914592,4120892,11049,147606036480,24.91
429.697,1828100,79140,0,1907240,4120892,11057,147731820544,23.3
429.797,1828100,75564,0,1903664,4120892,11066,147857625088,23.3
429.897,1828100,69104,0,1897204,4120892,11077,147995099136,23.3
429.998,1828100,66724,0,1894824,4120892,11087,148119715840,23.3
430.098,1828100,65556,0,1893656,4120892,11097,148255158272,23.3
430.198,1828100,62452,0,1890552,4120892,11107,148390514688,23.3
430.299,1828100,61344,0,1889444,4120892,11117,148526100480,23.3
430.399,1828100,59184,0,1887284,4120892,11127,148673183744,23.3
430.499,1828100,55552,0,1883652,4120892,11135,148792082432,23.3
430.600,1828100,53776,0,1881876,4120892,11145,148931108864,23.3
430.700,1828100,51968,0,1880068,4120892,11156,149050847232,23.3
430.800,1828100,50952,0,1879052,4120892,11164,149169786880,23.3
430.901,1828100,50440,0,1878540,4120892,11175,149301317632,23.3
431.001,1828100,49416,0,1877516,4120892,11184,149414563840,23.3
431.102,1828100,47072,0,1875172,4120892,11193,149543284736,23.3
431.202,1828100,46560,0,1874660,4120892,11203,149667082240,23.3
431.302,1828100,47040,0,1875140,4120892,11214,149791690752,23.3
431.403,1828100,47480,0,1875580,4120892,11222,149926686720,23.3
431.503,1828100,46768,0,1874868,4120892,11232,150054744064,23.3
431.603,1828100,47028,0,1875128,4120892,11242,150178598912,23.3
431.704,1828100,48684,0,1876784,4120892,11252,150313861120,24.33
431.804,1828100,49848,0,1877948,4120892,11263,150454460416,24.33
431.905,1828100,56052,0,1884152,4120892,11276,150599421952,24.33
432.005,1828100,59880,0,1887980,4120892,11288,150741430272,24.33
432.105,1828100,63824,0,1891924,4120892,11301,150878633984,24.33
432.206,1828100,68868,0,1896968,4120892,11319,151012536320,24.33
432.306,1828100,74196,0,1902296,4120892,11336,151160975360,24.33
432.407,1828100,75540,0,1903640,4120892,11348,151298654208,24.33
432.507,1828100,77896,0,1905996,4120892,11359,151424724992,24.33
432.607,1828100,80780,0,1908880,4120892,11371,151574204416,24.33
432.708,1828100,84816,0,1912916,4120892,11387,151732330496,24.33
432.808,1828100,86620,0,1914720,4120892,11399,151871676416,24.33
432.909,1828100,89376,0,1917476,4120892,11408,152013709312,24.33
433.009,1828100,91916,0,1920016,4120892,11421,152174198784,24.33
433.109,1828100,96076,0,1924176,4120892,11437,152338444288,24.33
433.210,1828100,101836,0,1929936,4120892,11450,152501305344,24.33
433.310,1828100,103316,0,1931416,4120892,11462,152668696576,24.33
433.410,1828100,104404,0,1932504,4120892,11474,152819318784,24.33
433.511,1828100,102612,0,1930712,4120892,11489,152997961728,24.33
433.611,1828100,104028,0,1932128,4120892,11499,153145749504,25.18
433.711,1828100,105364,0,1933464,4120892,11512,153290506240,25.18
433.812,1828100,101732,0,1929832,4120892,11524,153440358400,25.18
433.912,1828100,99712,0,1927812,4120892,11534,153587105792,25.18
434.012,1828100,95600,0,1923700,4120892,11547,153715122176,25.18
434.113,1828100,92868,0,1920968,4120892,11556,153856618496,25.18
434.213,1828100,91904,0,1920004,4120892,11567,153990217728,25.18
434.313,1828100,91584,0,1919684,4120892,11576,154125901824,25.18
434.414,1828100,90936,0,1919036,4120892,11585,154246279168,25.18
434.514,1828100,89216,0,1917316,4120892,11593,154388078592,25.18
434.615,1828100,87564,0,1915664,4120892,11602,154514829312,25.18
434.715,1828100,87728,0,1915828,4120892,11613,154645544960,25.18
434.815,1828100,86132,0,1914232,4120892,11623,154779541504,25.18
434.916,1828100,85620,0,1913720,4120892,11632,154927841280,25.18
435.016,1828100,86324,0,1914424,4120892,11641,155064258560,25.18
435.116,1828100,87024,0,1915124,4120892,11651,155184115712,25.18
435.217,1828100,87484,0,1915584,4120892,11661,155330162688,25.18
435.317,1828100,87228,0,1915328,4120892,11673,155465306112,25.18
435.418,1828100,87196,0,1915296,4120892,11681,155595784192,25.18
435.518,1828100,88016,0,1916116,4120892,11691,155742535680,25.18
435.618,1828100,88144,0,1916244,4120892,11702,155863171072,22.61
435.719,1828100,88336,0,1916436,4120892,11711,155997474816,22.61
435.819,1828100,89324,0,1917424,4120892,11721,156130852864,22.61
435.919,1828100,90252,0,1918352,4120892,11731,156265156608,22.61
436.020,1828100,91208,0,1919308,4120892,11740,156400979968,22.61
436.120,1828100,91976,0,1920076,4120892,11748,156540805120,22.61
436.221,1828100,93064,0,1921164,4120892,11759,156676669440,22.61
436.321,1828100,93064,0,1921164,4120892,11769,156825169920,22.61
436.421,1828100,93832,0,1921932,4120892,11778,156980039680,22.61
436.522,1828100,94664,0,1922764,4120892,11789,157126213632,22.61
436.622,1828100,95692,0,1923792,4120892,11800,157260537856,22.61
436.723,1828100,97612,0,1925712,4120892,11811,157399691264,22.61
436.823,1828100,97872,0,1925972,4120892,11820,157550022656,22.61
436.923,1828100,99152,0,1927252,4120892,11831,157695209472,22.61
437.024,1828100,99344,0,1927444,4120892,11843,157836677120,22.61
437.124,1828100,100304,0,1928404,4120892,11853,157964165120,22.61
437.225,1828100,101008,0,1929108,4120892,11863,158099877888,22.61
437.325,1828100,102160,0,1930260,4120892,11873,158229938176,22.61
437.425,1828100,102544,0,1930644,4120892,11882,158355988480,22.61
437.526,1828100,103184,0,1931284,4120892,11893,158501466112,24.67
437.626,1828100,104400,0,1932500,4120892,11905,158631391232,24.67
437.727,1828100,106064,0,1934164,4120892,11914,158767124480,24.67
437.827,1828100,107152,0,1935252,4120892,11924,158902845440,24.67
437.927,1828100,107960,0,1936060,4120892,11934,159031971840,24.67
438.028,1828100,109104,0,1937204,4120892,11944,159173169152,24.67
438.128,1828100,109616,0,1937716,4120892,11955,159304486912,24.67
438.228,1828100,110256,0,1938356,4120892,11964,159443865600,24.67
438.329,1828100,110548,0,1938648,4120892,11975,159577612288,24.67
438.429,1828100,110932,0,1939032,4120892,11983,159721422848,24.67
438.530,1828100,112304,0,1940404,4120892,11993,159863193600,24.67
438.630,1828100,113072,0,1941172,4120892,12003,159983640576,24.67
438.730,1828100,113516,0,1941616,4120892,12012,160127275008,24.67
438.831,1828100,114444,0,1942544,4120892,12020,160256745472,24.67
438.932,1828100,115212,0,1943312,4120892,12030,160384401408,24.67
439.032,1828100,116172,0,1944272,4120892,12040,160515903488,24.67
439.132,1828100,117136,0,1945236,4120892,12051,160657580032,24.67
439.233,1828100,118224,0,1946324,4120892,12062,160795656192,24.67
439.333,1828100,119440,0,1947540,4120892,12072,160915734528,24.67
439.433,1828100,120656,0,1948756,4120892,12081,161052078080,24.67
439.534,1828100,121296,0,1949396,4120892,12092,161179639808,22.55
439.634,1828100,114120,0,1942220,4120892,12100,161302118400,22.55
439.735,1828100,109892,0,1937992,4120892,12110,161443164160,22.55
439.835,1828100,111088,0,1939188,4120892,12121,161547120640,22.55
439.935,1828100,101320,0,1929420,4120892,12129,161667162112,22.55
440.036,1828100,95480,0,1923580,4120892,12137,161800056832,22.55
440.136,1828100,83460,0,1911560,4120892,12147,161921908736,22.55
440.237,1828100,73808,0,1901908,4120892,12156,162053132288,22.55
440.337,1828100,68472,0,1896572,4120892,12166,162194685952,22.55
440.437,1828100,65068,0,1893168,4120892,12180,162340171776,22.55
440.538,1828100,63412,0,1891512,4120892,12189,162475524096,22.55
440.638,1828100,60324,0,1888424,4120892,12198,162613334016,22.55
440.739,1828100,56568,0,1884668,4120892,12207,162724749312,22.55
440.839,1828100,51656,0,1879756,4120892,12216,162844332032,22.55
440.939,1828100,46924,0,1875024,4120892,12225,162971385856,22.55
441.040,1828100,44236,0,1872336,4120892,12234,163103596544,22.55
441.140,1828100,43340,0,1871440,4120892,12243,163231461376,22.55
441.241,1828100,42444,0,1870544,4120892,12254,163354996736,22.55
441.341,1828100,42084,0,1870184,4120892,12264,163476709376,22.55
441.441,1828100,41376,0,1869476,4120892,12274,163600732160,24.27
441.542,1828100,41808,0,1869908,4120892,12283,163733598208,24.27
441.642,1828100,42224,0,1870324,4120892,12293,163862376448,24.27
441.742,1828100,42508,0,1870608,4120892,12302,163987533824,24.27
441.843,1828100,42212,0,1870312,4120892,12313,164120371200,24.27
441.943,1828100,42080,0,1870180,4120892,12323,164252954624,24.27
442.044,1828100,42972,0,1871072,4120892,12332,164390547456,24.27
442.144,1828100,42932,0,1871032,4120892,12341,164529414144,24.27
442.244,1828100,43188,0,1871288,4120892,12351,164665524224,24.27
442.345,1828100,43704,0,1871804,4120892,12360,164786655232,24.27
442.445,1828100,44280,0,1872380,4120892,12370,164930752512,24.27
442.545,1828100,43896,0,1871996,4120892,12380,165069758464,24.27
442.646,1828100,44480,0,1872580,4120892,12392,165203288064,24.27
442.746,1828100,45376,0,1873476,4120892,12405,165359972352,24.27
442.847,1828100,45760,0,1873860,4120892,12415,165498294272,24.27
442.947,1828100,45764,0,1873864,4120892,12423,165619990528,24.27
443.047,1828100,45700,0,1873800,4120892,12432,165757542400,24.27
443.148,1828100,46340,0,1874440,4120892,12444,165909401600,24.27
443.248,1828100,46980,0,1875080,4120892,12454,166046670848,24.27
443.348,1828100,48388,0,1876488,4120892,12466,166202167296,22.4
443.449,1828100,49540,0,1877640,4120892,12477,166354079744,22.4
443.549,1828100,50948,0,1879048,4120892,12489,166500831232,22.4
443.649,1828100,53156,0,1881256,4120892,12500,166641618944,22.4
443.750,1828100,54692,0,1882792,4120892,12511,166777520128,22.4
443.850,1828100,54676,0,1882776,4120892,12522,166943670272,22.4
443.950,1828100,54676,0,1882776,4120892,12532,167090348032,22.4
444.051,1828100,54896,0,1882996,4120892,12542,167231352832,22.4
444.151,1828100,54828,0,1882928,4120892,12552,167390351360,22.4
444.252,1828100,55404,0,1883504,4120892,12561,167527636992,22.4
444.352,1828100,55084,0,1883184,4120892,12576,167675449344,22.4
444.452,1828100,55400,0,1883500,4120892,12588,167836770304,22.4
444.553,1828100,57332,0,1885432,4120892,12597,167997349888,22.4
444.653,1828100,57332,0,1885432,4120892,12609,168139546624,22.4
444.753,1828100,58036,0,1886136,4120892,12621,168280731648,22.4
444.854,1828100,58292,0,1886392,4120892,12632,168420155392,22.4
444.954,1828100,59380,0,1887480,4120892,12645,168566095872,22.4
445.055,1828100,59700,0,1887800,4120892,12656,168715419648,22.4
445.155,1828100,61684,0,1889784,4120892,12668,168871395328,22.4
445.255,1828100,61624,0,1889724,4120892,12677,169003433984,22.87
445.356,1828100,61176,0,1889276,4120892,12686,169142005760,22.87
445.456,1828100,61320,0,1889420,4120892,12697,169294061568,22.87
445.557,1828100,61948,0,1890048,4120892,12709,169432850432,22.87
445.657,1828100,62524,0,1890624,4120892,12719,169566580736,22.87
445.757,1828100,63204,0,1891304,4120892,12730,169710485504,22.87
445.857,1828100,63316,0,1891416,4120892,12739,169863819264,22.87
445.958,1828100,64340,0,1892440,4120892,12750,169998893056,22.87
446.058,1828100,65172,0,1893272,4120892,12762,170136104960,22.87
446.159,1828100,68308,0,1896408,4120892,12776,170280386560,22.87
446.259,1828100,70036,0,1898136,4120892,12789,170425257984,22.87
446.359,1828100,72464,0,1900564,4120892,12801,170587877376,22.87
446.460,1828100,74828,0,1902928,4120892,12813,170735849472,22.87
446.560,1828100,78088,0,1906188,4120892,12826,170876448768,22.87
446.660,1828100,81544,0,1909644,4120892,12838,171014410240,22.87
446.761,1828100,81992,0,1910092,4120892,12849,171159289856,22.87
446.861,1828100,84828,0,1912928,4120892,12862,171307782144,22.87
446.961,1828100,88924,0,1917024,4120892,12876,171451203584,22.87
447.062,1828100,91228,0,1919328,4120892,12887,171588907008,22.87
447.162,1828100,92124,0,1920224,4120892,12897,171723223040,22.87
447.262,1828100,92572,0,1920672,4120892,12907,171871670272,24.16
447.363,1828100,93220,0,1921320,4120892,12918,172002906112,24.16
447.463,1828100,93860,0,1921960,4120892,12927,172145471488,24.16
447.563,1828100,94820,0,1922920,4120892,12940,172277010432,24.16
447.664,1828100,95336,0,1923436,4120892,12949,172429307904,24.16
447.764,1828100,96040,0,1924140,4120892,12959,172566597632,24.16
447.865,1828100,97384,0,1925484,4120892,12970,172709531648,24.16
447.965,1828100,98744,0,1926844,4120892,12981,172851126272,24.16
448.065,1828100,100600,0,1928700,4120892,12991,172986712064,24.16
448.166,1828100,102008,0,1930108,4120892,13001,173113573376,24.16
448.266,1828100,103608,0,1931708,4120892,13012,173260189696,24.16
448.367,1828100,105656,0,1933756,4120892,13021,173401939968,24.16
448.467,1828100,106552,0,1934652,4120892,13032,173527916544,24.16
448.567,1828100,106960,0,1935060,4120892,13043,173672161280,24.16
448.668,1828100,108864,0,1936964,4120892,13051,173806379008,24.16
448.768,1828100,110848,0,1938948,4120892,13065,173942054912,24.16
448.868,1828100,112700,0,1940800,4120892,13078,174073942016,24.16
448.969,1828100,113692,0,1941792,4120892,13089,174229782528,24.16
449.069,1828100,114780,0,1942880,4120892,13099,174359384064,24.16
449.169,1828100,115552,0,1943652,4120892,13109,174501036032,22.14
449.270,1828100,117152,0,1945252,4120892,13119,174638485504,22.14
449.370,1828100,119584,0,1947684,4120892,13130,174760562688,22.14
449.470,1828100,120864,0,1948964,4120892,13140,174899396608,22.14
449.571,1828100,123232,0,1951332,4120892,13150,175030874112,22.14
449.671,1828100,124064,0,1952164,4120892,13158,175158153216,22.14
449.771,1828100,116256,0,1944356,4120892,13167,175277383680,22.14
449.872,1828100,117152,0,1945252,4120892,13177,175397756928,22.14
449.972,1828100,114268,0,1942368,4120892,13187,175530536960,22.14
450.072,1828100,106756,0,1934856,4120892,13198,175685914624,22.14
450.173,1828100,107216,0,1935316,4120892,13209,175823785984,22.14
450.273,1828100,101140,0,1929240,4120892,13222,175955775488,22.14
450.374,1828100,92244,0,1920344,4120892,13232,176103059456,22.14
450.474,1828100,86372,0,1914472,4120892,13244,176239484928,22.14
450.574,1828100,81528,0,1909628,4120892,13253,176358842368,22.14
450.675,1828100,78520,0,1906620,4120892,13266,176523411456,22.14
450.775,1828100,75708,0,1903808,4120892,13278,176638840832,22.14
450.875,1828100,70600,0,1898700,4120892,13288,176778817536,22.14
450.976,1828100,67476,0,1895576,4120892,13299,176927055872,22.14
451.076,1828100,65312,0,1893412,4120892,13311,177047601152,24.11
451.176,1828100,62924,0,1891024,4120892,13319,177173065728,24.11
451.277,1828100,60744,0,1888844,4120892,13331,177300680704,24.11
451.377,1828100,54556,0,1882656,4120892,13339,177425121280,24.11
451.477,1828100,53060,0,1881160,4120892,13347,177527009280,24.11
451.578,1828100,51004,0,1879104,4120892,13357,177659351040,24.11
451.678,1828100,49400,0,1877500,4120892,13366,177785974784,24.11
451.778,1828100,48564,0,1876664,4120892,13375,177913679872,24.11
451.879,1828100,48396,0,1876496,4120892,13385,178048516096,24.11
451.979,1828100,48716,0,1876816,4120892,13394,178180648960,24.11
452.080,1828100,49484,0,1877584,4120892,13405,178324729856,24.11
452.180,1828100,49224,0,1877324,4120892,13414,178453241856,24.11
452.280,1828100,50124,0,1878224,4120892,13424,178585157632,24.11
452.381,1828100,49932,0,1878032,4120892,13434,178727600128,24.11
452.481,1828100,49024,0,1877124,4120892,13444,178864472064,24.11
452.581,1828100,48264,0,1876364,4120892,13454,179010035712,24.11
452.682,1828100,47900,0,1876000,4120892,13464,179141799936,24.11
452.782,1828100,47644,0,1875744,4120892,13473,179290923008,24.11
452.883,1828100,48664,0,1876764,4120892,13484,179424788480,21.73
452.983,1828100,48408,0,1876508,4120892,13496,179566247936,21.73
453.083,1828100,48340,0,1876440,4120892,13508,179714490368,21.73
453.184,1828100,48276,0,1876376,4120892,13518,179876376576,21.73
453.284,1828100,48844,0,1876944,4120892,13531,180019146752,21.73
453.384,1828100,49804,0,1877904,4120892,13541,180162904064,21.73
453.484,1828100,50700,0,1878800,4120892,13551,180307697664,21.73
453.585,1828100,51028,0,1879128,4120892,13561,180442918912,21.73
453.685,1828100,52752,0,1880852,4120892,13574,180620361728,21.73
453.785,1828100,53524,0,1881624,4120892,13587,180776787968,21.73
453.886,1828100,54536,0,1882636,4120892,13600,180917063680,21.73
453.986,1828100,55560,0,1883660,4120892,13609,181062701056,21.73
454.087,1828100,55628,0,1883728,4120892,13619,181201207296,21.73
454.187,1828100,56272,0,1884372,4120892,13629,181339164672,21.73
454.287,1828100,56404,0,1884504,4120892,13640,181487235072,21.73
454.388,1828100,56488,0,1884588,4120892,13650,181627195392,21.73
454.488,1828100,56940,0,1885040,4120892,13662,181770637312,21.73
454.588,1828100,58072,0,1886172,4120892,13676,181913935872,21.73
454.689,1828100,58072,0,1886172,4120892,13686,182060359680,21.73
454.789,1828100,58840,0,1886940,4120892,13698,182209015808,21.73
454.889,1828100,59352,0,1887452,4120892,13709,182362181632,23.23
454.990,1828100,59872,0,1887972,4120892,13719,182490619904,23.23
455.090,1828100,60592,0,1888692,4120892,13729,182633951232,23.23
455.191,1828100,62428,0,1890528,4120892,13740,182784983040,23.23
455.291,1828100,63464,0,1891564,4120892,13752,182924091392,23.23
455.391,1828100,63848,0,1891948,4120892,13763,183062388736,23.23
455.492,1828100,64296,0,1892396,4120892,13774,183203123200,23.23
455.592,1828100,64436,0,1892536,4120892,13784,183343149056,23.23
455.692,1828100,64060,0,1892160,4120892,13795,183490342912,23.23
455.793,1828100,64828,0,1892928,4120892,13804,183614390272,23.23
455.893,1828100,64452,0,1892552,4120892,13814,183760502784,23.23
455.993,1828100,64516,0,1892616,4120892,13824,183919435776,23.23
456.094,1828100,63560,0,1891660,4120892,13835,184059252736,23.23
456.194,1828100,62216,0,1890316,4120892,13848,184186769408,23.23
456.294,1828100,61832,0,1889932,4120892,13858,184331227136,23.23
456.395,1828100,62468,0,1890568,4120892,13868,184471539712,23.23
456.495,1828100,62264,0,1890364,4120892,13879,184621740032,23.23
456.595,1828100,63224,0,1891324,4120892,13890,184798343168,23.23
456.696,1828100,64692,0,1892792,4120892,13901,184932827136,23.23
456.796,1828100,64756,0,1892856,4120892,13912,185087066112,24.09
456.896,1828100,64760,0,1892860,4120892,13924,185232633856,24.09
456.997,1828100,65404,0,1893504,4120892,13936,185380929536,24.09
457.097,1828100,65212,0,1893312,4120892,13948,185522024448,24.09
457.197,1828100,66116,0,1894216,4120892,13958,185673773056,24.09
457.298,1828100,67460,0,1895560,4120892,13971,185814368256,24.09
457.398,1828100,68100,0,1896200,4120892,13983,185959477248,24.09
457.498,1828100,67072,0,1895172,4120892,13993,186098270208,24.09
457.599,1828100,67520,0,1895620,4120892,14002,186221621248,24.09
457.699,1828100,68096,0,1896196,4120892,14012,186358439936,24.09
457.799,1828100,69056,0,1897156,4120892,14023,186502234112,24.09
457.900,1828100,70208,0,1898308,4120892,14036,186643865600,24.09
458.000,1828100,70336,0,1898436,4120892,14047,186802028544,24.09
458.101,1828100,71928,0,1900028,4120892,14057,186942955520,24.09
458.201,1828100,73596,0,1901696,4120892,14068,187084935168,24.09
458.301,1828100,76412,0,1904512,4120892,14076,187225468928,24.09
458.402,1828100,76924,0,1905024,4120892,14086,187348520960,24.09
458.502,1828100,77440,0,1905540,4120892,14095,187502125056,24.09
458.602,1828100,77824,0,1905924,4120892,14105,187635933184,24.09
458.703,1828100,78804,0,1906904,4120892,14116,187765391360,22.81
458.803,1828100,80056,0,1908156,4120892,14127,187908849664,22.81
458.904,1828100,81400,0,1909500,4120892,14138,188040548352,22.81
459.004,1828100,81724,0,1909824,4120892,14149,188189777920,22.81
459.104,1828100,82872,0,1910972,4120892,14158,188314873856,22.81
459.205,1828100,83576,0,1911676,4120892,14170,188454809600,22.81
459.305,1828100,84664,0,1912764,4120892,14180,188574797824,22.81
459.405,1828100,85044,0,1913144,4120892,14191,188716359680,22.81
459.505,1828100,85868,0,1913968,4120892,14201,188855382016,22.81
459.606,1828100,86508,0,1914608,4120892,14212,189001412608,22.81
459.706,1828100,87436,0,1915536,4120892,14221,189142675456,22.81
459.807,1828100,89548,0,1917648,4120892,14230,189256974336,22.81
459.907,1828100,90700,0,1918800,4120892,14239,189394210816,22.81
460.007,1828100,91852,0,1919952,4120892,14249,189527646208,22.81
460.108,1828100,93132,0,1921232,4120892,14260,189651079168,22.81
460.208,1828100,94216,0,1922316,4120892,14270,189788221440,22.81
460.308,1828100,89160,0,1917260,4120892,14279,189921697792,22.81
460.409,1828100,83200,0,1911300,4120892,14288,190044602368,22.81
460.509,1828100,81456,0,1909556,4120892,14297,190173601792,22.81
460.609,1828100,77272,0,1905372,4120892,14307,190304460800,22.81
460.710,1828100,72872,0,1900972,4120892,14316,190431432704,24.11
460.810,1828100,67904,0,1896004,4120892,14326,190568181760,24.11
460.911,1828100,64908,0,1893008,4120892,14336,190695211008,24.11
461.011,1828100,59840,0,1887940,4120892,14346,190822191104,24.11
461.111,1828100,56704,0,1884804,4120892,14356,190948548608,24.11
461.212,1828100,52580,0,1880680,4120892,14364,191076048896,24.11
461.312,1828100,50840,0,1878940,4120892,14372,191200796672,24.11
461.413,1828100,49800,0,1877900,4120892,14383,191318945792,24.11
461.513,1828100,48624,0,1876724,4120892,14392,191439765504,24.11
461.613,1828100,47944,0,1876044,4120892,14402,191583694848,24.11
461.714,1828100,46728,0,1874828,4120892,14412,191712354304,24.11
461.814,1828100,45788,0,1873888,4120892,14420,191838408704,24.11
461.914,1828100,46096,0,1874196,4120892,14431,191955677184,24.11
462.015,1828100,45288,0,1873388,4120892,14440,192097931264,24.11
462.115,1828100,43872,0,1871972,4120892,14449,192240570368,24.11
462.215,1828100,43548,0,1871648,4120892,14459,192371875840,24.11
462.316,1828100,43548,0,1871648,4120892,14470,192508899328,24.11
462.416,1828100,43576,0,1871676,4120892,14480,192646615040,24.11
462.517,1828100,43916,0,1872016,4120892,14490,192783298560,24.11
462.617,1828100,44036,0,1872136,4120892,14501,192919240704,21.73
462.717,1828100,44028,0,1872128,4120892,14512,193061376000,21.73
462.818,1828100,45116,0,1873216,4120892,14524,193198665728,21.73
462.918,1828100,45304,0,1873404,4120892,14534,193337020416,21.73
463.018,1828100,45624,0,1873724,4120892,14544,193470230528,21.73
463.119,1828100,45620,0,1873720,4120892,14553,193616969728,21.73
463.219,1828100,45956,0,1874056,4120892,14563,193768402944,21.73
463.319,1828100,46656,0,1874756,4120892,14573,193898508288,21.73
463.420,1828100,47404,0,1875504,4120892,14583,194040270848,21.73
463.520,1828100,47788,0,1875888,4120892,14593,194197504000,21.73
463.621,1828100,49468,0,1877568,4120892,14607,194345517056,21.73
463.721,1828100,50812,0,1878912,4120892,14619,194472628224,21.73
463.821,1828100,52604,0,1880704,4120892,14630,194618359808,21.73
463.922,1828100,54012,0,1882112,4120892,14640,194749775872,21.73
464.022,1828100,57148,0,1885248,4120892,14654,194892271616,21.73
464.123,1828100,59768,0,1887868,4120892,14664,195034763264,21.73
464.223,1828100,61496,0,1889596,4120892,14674,195160080384,21.73
464.324,1828100,62512,0,1890612,4120892,14683,195304615936,21.73
464.424,1828100,63028,0,1891128,4120892,14693,195447033856,21.73
464.524,1828100,63868,0,1891968,4120892,14705,195596148736,21.73
464.625,1828100,63684,0,1891784,4120892,14715,195725856768,23.23
464.725,1828100,63620,0,1891720,4120892,14726,195888652288,23.23
464.825,1828100,64260,0,1892360,4120892,14736,196019687424,23.23
464.926,1828100,64712,0,1892812,4120892,14747,196158308352,23.23
465.026,1828100,64328,0,1892428,4120892,14758,196316733440,23.23
465.127,1828100,64796,0,1892896,4120892,14770,196467810304,23.23
465.227,1828100,65060,0,1893160,4120892,14781,196615946240,23.23
465.327,1828100,63908,0,1892008,4120892,14792,196764921856,23.23
465.428,1828100,65700,0,1893800,4120892,14806,196913733632,23.23
465.528,1828100,67616,0,1895716,4120892,14817,197060812800,23.23
465.629,1828100,68500,0,1896600,4120892,14827,197208662016,23.23
465.729,1828100,69528,0,1897628,4120892,14838,197344284672,23.23
465.829,1828100,69272,0,1897372,4120892,14851,197509009408,23.23
465.930,1828100,68892,0,1896992,4120892,14862,197646446592,23.23
466.030,1828100,67556,0,1895656,4120892,14874,197799309312,23.23
466.131,1828100,68736,0,1896836,4120892,14888,197950009344,23.23
466.231,1828100,69220,0,1897320,4120892,14897,198078668800,23.23
466.331,1828100,69412,0,1897512,4120892,14908,198232842240,23.23
466.432,1828100,70444,0,1898544,4120892,14919,198370725888,23.23
466.532,1828100,70572,0,1898672,4120892,14927,198514724864,24.64
466.633,1828100,71340,0,1899440,4120892,14939,198650875904,24.64
466.733,1828100,71220,0,1899320,4120892,14948,198790975488,24.64
466.833,1828100,71796,0,1899896,4120892,14957,198935683072,24.64
466.934,1828100,71900,0,1900000,4120892,14969,199069700096,24.64
467.034,1828100,72920,0,1901020,4120892,14983,199203962880,24.64
467.134,1828100,74072,0,1902172,4120892,14994,199344648192,24.64
467.235,1828100,74800,0,1902900,4120892,15004,199487279104,24.64
467.335,1828100,75288,0,1903388,4120892,15015,199614459904,24.64
467.436,1828100,75992,0,1904092,4120892,15025,199750393856,24.64
467.536,1828100,76344,0,1904444,4120892,15035,199878545408,24.64
467.636,1828100,77684,0,1905784,4120892,15045,200025485312,24.64
467.737,1828100,78180,0,1906280,4120892,15055,200160505856,24.64
467.837,1828100,78948,0,1907048,4120892,15065,200297570304,24.64
467.938,1828100,80740,0,1908840,4120892,15076,200434692096,24.64
468.038,1828100,81384,0,1909484,4120892,15087,200576704512,24.64
468.139,1828100,84388,0,1912488,4120892,15099,200716607488,24.64
468.239,1828100,85000,0,1913100,4120892,15109,200845451264,24.64
468.339,1828100,85420,0,1913520,4120892,15119,200970489856,24.64
468.440,1828100,86448,0,1914548,4120892,15128,201104769024,24.64
468.540,1828100,87024,0,1915124,4120892,15140,201243693056,22.35
468.640,1828100,88368,0,1916468,4120892,15151,201384763392,22.35
468.741,1828100,89520,0,1917620,4120892,15163,201532293120,22.35
468.841,1828100,91264,0,1919364,4120892,15175,201664602112,22.35
468.942,1828100,91772,0,1919872,4120892,15184,201793515520,22.35
469.042,1828100,92220,0,1920320,4120892,15193,201929703424,22.35
469.142,1828100,92860,0,1920960,4120892,15204,202077503488,22.35
469.243,1828100,93372,0,1921472,4120892,15214,202208759808,22.35
469.343,1828100,95420,0,1923520,4120892,15225,202356023296,22.35
469.443,1828100,96968,0,1925068,4120892,15235,202502524928,22.35
469.544,1828100,99400,0,1927500,4120892,15247,202636464128,22.35
469.644,1828100,100680,0,1928780,4120892,15258,202784198656,22.35
469.744,1828100,103752,0,1931852,4120892,15270,202918334464,22.35
469.845,1828100,105732,0,1933832,4120892,15280,203072229376,22.35
469.945,1828100,106124,0,1934224,4120892,15291,203200983040,22.35
470.045,1828100,106508,0,1934608,4120892,15301,203334774784,22.35
470.146,1828100,102664,0,1930764,4120892,15308,203437875200,22.35
470.246,1828100,89320,0,1917420,4120892,15319,203557896192,22.35
470.346,1828100,81336,0,1909436,4120892,15328,203692953600,22.35
470.447,1828100,79044,0,1907144,4120892,15337,203809443840,25.0
470.547,1828100,75344,0,1903444,4120892,15346,203925843968,25.0
470.648,1828100,68120,0,1896220,4120892,15356,204054802432,25.0
470.748,1828100,64052,0,1892152,4120892,15367,204180897792,25.0
470.848,1828100,60708,0,1888808,4120892,15377,204304793600,25.0
470.949,1828100,55772,0,1883872,4120892,15386,204432195584,25.0
471.049,1828100,53628,0,1881728,4120892,15396,204551041024,25.0
471.150,1828100,52020,0,1880120,4120892,15407,204682874880,25.0
471.250,1828100,51356,0,1879456,4120892,15414,204810207232,25.0
471.350,1828100,49316,0,1877416,4120892,15423,204925063168,25.0
471.451,1828100,48144,0,1876244,4120892,15432,205048143872,25.0
471.551,1828100,45284,0,1873384,4120892,15442,205194555392,25.0
471.651,1828100,44736,0,1872836,4120892,15452,205307871232,25.0
471.752,1828100,43900,0,1872000,4120892,15461,205434679296,25.0
471.852,1828100,43628,0,1871728,4120892,15470,205555056640,25.0
471.952,1828100,43224,0,1871324,4120892,15479,205684830208,25.0
472.053,1828100,43016,0,1871116,4120892,15489,205805154304,25.0
472.153,1828100,43204,0,1871304,4120892,15499,205958914048,25.0
472.254,1828100,43076,0,1871176,4120892,15509,206105010176,25.0
472.354,1828100,43972,0,1872072,4120892,15519,206252929024,25.0
472.454,1828100,44788,0,1872888,4120892,15530,206382051328,24.27
472.555,1828100,45364,0,1873464,4120892,15541,206527213568,24.27
472.655,1828100,46516,0,1874616,4120892,15551,206660165632,24.27
472.755,1828100,47600,0,1875700,4120892,15561,206811467776,24.27
472.856,1828100,48248,0,1876348,4120892,15573,206946082816,24.27
472.956,1828100,48192,0,1876292,4120892,15583,207097241600,24.27
473.056,1828100,48896,0,1876996,4120892,15592,207241252864,24.27
473.157,1828100,48636,0,1876736,4120892,15602,207376777216,24.27
473.257,1828100,49660,0,1877760,4120892,15614,207535374336,24.27
473.357,1828100,50412,0,1878512,4120892,15624,207671238656,24.27
473.458,1828100,51496,0,1879596,4120892,15635,207817256960,24.27
473.558,1828100,52904,0,1881004,4120892,15645,207941312512,24.27
473.658,1828100,54056,0,1882156,4120892,15655,208081387520,24.27
473.759,1828100,55144,0,1883244,4120892,15666,208235065344,24.27
473.859,1828100,56940,0,1885040,4120892,15676,208385159168,24.27
473.960,1828100,58348,0,1886448,4120892,15687,208529362944,24.27
474.060,1828100,59120,0,1887220,4120892,15699,208680865792,24.27
474.160,1828100,58944,0,1887044,4120892,15710,208826707968,24.27
474.261,1828100,59600,0,1887700,4120892,15722,208986148864,24.27
474.361,1828100,60308,0,1888408,4120892,15732,209126494208,23.5
474.461,1828100,61652,0,1889752,4120892,15746,209268621312,23.5
474.562,1828100,63896,0,1891996,4120892,15759,209409695744,23.5
474.662,1828100,65172,0,1893272,4120892,15770,209545953280,23.5
474.762,1828100,65492,0,1893592,4120892,15781,209670709248,23.5
474.863,1828100,65748,0,1893848,4120892,15792,209830567936,23.5
474.963,1828100,66580,0,1894680,4120892,15803,209969577984,23.5
475.063,1828100,67988,0,1896088,4120892,15814,210115895296,23.5
475.164,1828100,68608,0,1896708,4120892,15827,210265739264,23.5
475.264,1828100,69108,0,1897208,4120892,15838,210409848832,23.5
475.364,1828100,69428,0,1897528,4120892,15849,210537852928,23.5
475.465,1828100,68344,0,1896444,4120892,15860,210687881216,23.5
475.565,1828100,68792,0,1896892,4120892,15873,210827300864,23.5
475.666,1828100,70644,0,1898744,4120892,15888,210976055296,23.5
475.766,1828100,70716,0,1898816,4120892,15900,211122401280,23.5
475.866,1828100,72612,0,1900712,4120892,15913,211284738048,23.5
475.967,1828100,73332,0,1901432,4120892,15926,211426611200,23.5
476.067,1828100,74232,0,1902332,4120892,15935,211570372608,23.5
476.167,1828100,77296,0,1905396,4120892,15949,211715653632,23.5
476.268,1828100,78952,0,1907052,4120892,15959,211855032320,25.04
476.368,1828100,81576,0,1909676,4120892,15970,211989360640,25.04
476.468,1828100,84140,0,1912240,4120892,15980,212116480000,25.04
476.569,1828100,85456,0,1913556,4120892,15989,212242378752,25.04
476.669,1828100,86760,0,1914860,4120892,16000,212393742336,25.04
476.769,1828100,88616,0,1916716,4120892,16009,212526448640,25.04
476.870,1828100,90152,0,1918252,4120892,16020,212656627712,25.04
476.970,1828100,91368,0,1919468,4120892,16030,212792782848,25.04
477.070,1828100,92424,0,1920524,4120892,16041,212921614336,25.04
477.171,1828100,92996,0,1921096,4120892,16054,213062279168,25.04
477.271,1828100,95428,0,1923528,4120892,16066,213188358144,25.04
477.371,1828100,95972,0,1924072,4120892,16075,213330309120,25.04
477.472,1828100,97884,0,1925984,4120892,16086,213459963904,25.04
477.572,1828100,98716,0,1926816,4120892,16097,213609811968,25.04
477.672,1828100,100380,0,1928480,4120892,16107,213742407680,25.04
477.773,1828100,101592,0,1929692,4120892,16118,213865000960,25.04
477.873,1828100,102996,0,1931096,4120892,16126,213997481984,25.04
477.973,1828100,104088,0,1932188,4120892,16135,214127091712,25.04
478.074,1828100,105560,0,1933660,4120892,16147,214261706752,25.04
478.174,1828100,105960,0,1934060,4120892,16155,214389551104,22.68
478.275,1828100,107108,0,1935208,4120892,16165,214508474368,22.68
478.375,1828100,107632,0,1935732,4120892,16173,214631964672,22.68
478.475,1828100,103976,0,1932076,4120892,16183,214739066880,22.68
478.576,1828100,101136,0,1929236,4120892,16194,214870425600,22.68
478.676,1828100,96284,0,1924384,4120892,16205,215001214976,22.68
478.776,1828100,94688,0,1922788,4120892,16214,215121416192,22.68
478.877,1828100,91068,0,1919168,4120892,16222,215255134208,22.68
478.977,1828100,89940,0,1918040,4120892,16232,215378370560,22.68
479.078,1828100,89368,0,1917468,4120892,16243,215510466560,22.68
479.178,1828100,83628,0,1911728,4120892,16255,215638360064,22.68
479.278,1828100,76088,0,1904188,4120892,16264,215773245440,22.68
479.379,1828100,71988,0,1900088,4120892,16274,215918759936,22.68
479.479,1828100,69168,0,1897268,4120892,16285,216054022144,22.68
479.579,1828100,62232,0,1890332,4120892,16297,216188465152,22.68
479.680,1828100,58824,0,1886924,4120892,16309,216335093760,22.68
479.780,1828100,57068,0,1885168,4120892,16319,216475398144,22.68
479.880,1828100,56556,0,1884656,4120892,16329,216604540928,22.68
479.981,1828100,56528,0,1884628,4120892,16343,216741707776,22.68
480.081,1828100,53640,0,1881740,4120892,16353,216878477312,24.91
480.181,1828100,53276,0,1881376,4120892,16362,217020141568,24.91
480.282,1828100,53712,0,1881812,4120892,16374,217155334144,24.91
480.382,1828100,54468,0,1882568,4120892,16386,217290964992,24.91
480.483,1828100,53832,0,1881932,4120892,16396,217421611008,24.91
480.583,1828100,54280,0,1882380,4120892,16406,217561432064,24.91
480.683,1828100,55448,0,1883548,4120892,16422,217716387840,24.91
480.784,1828100,55628,0,1883728,4120892,16433,217852125184,24.91
480.884,1828100,55276,0,1883376,4120892,16443,217985875968,24.91
480.984,1828100,55248,0,1883348,4120892,16455,218117947392,24.91
481.085,1828100,56976,0,1885076,4120892,16466,218257190912,24.91
481.185,1828100,58768,0,1886868,4120892,16478,218397745152,24.91
481.285,1828100,58840,0,1886940,4120892,16491,218549465088,24.91
481.386,1828100,58768,0,1886868,4120892,16503,218699751424,24.91
481.486,1828100,59288,0,1887388,4120892,16514,218864500736,24.91
481.587,1828100,60820,0,1888920,4120892,16526,219023450112,24.91
481.687,1828100,62804,0,1890904,4120892,16537,219174596608,24.91
481.787,1828100,65364,0,1893464,4120892,16549,219324461056,24.91
481.888,1828100,66836,0,1894936,4120892,16561,219492020224,24.91
481.988,1828100,69720,0,1897820,4120892,16573,219648741376,24.74
482.089,1828100,71228,0,1899328,4120892,16587,219806588928,24.74
482.189,1828100,73572,0,1901672,4120892,16600,219963629568,24.74
482.289,1828100,74020,0,1902120,4120892,16611,220129796096,24.74
482.390,1828100,73276,0,1901376,4120892,16624,220265250816,24.74
482.490,1828100,73540,0,1901640,4120892,16635,220411588608,24.74
482.590,1828100,72904,0,1901004,4120892,16645,220552687616,24.74
482.691,1828100,74132,0,1902232,4120892,16658,220692172800,24.74
482.791,1828100,74196,0,1902296,4120892,16668,220842713088,24.74
482.891,1828100,75596,0,1903696,4120892,16680,220988481536,24.74
482.992,1828100,75980,0,1904080,4120892,16694,221140873216,24.74
483.092,1828100,76628,0,1904728,4120892,16705,221280780288,24.74
483.193,1828100,77272,0,1905372,4120892,16718,221435691008,24.74
483.293,1828100,77968,0,1906068,4120892,16732,221597212672,24.74
483.393,1828100,79000,0,1907100,4120892,16745,221737357312,24.74
483.494,1828100,80244,0,1908344,4120892,16758,221902761984,24.74
483.594,1828100,81524,0,1909624,4120892,16772,222050340864,24.74
483.694,1828100,82808,0,1910908,4120892,16782,222186569728,24.74
483.795,1828100,84168,0,1912268,4120892,16792,222311243776,24.74
483.895,1828100,86024,0,1914124,4120892,16803,222450667520,23.16
483.996,1828100,84812,0,1912912,4120892,16812,222589599744,23.16
484.096,1828100,86040,0,1914140,4120892,16823,222730817536,23.16
484.196,1828100,86384,0,1914484,4120892,16833,222873612288,23.16
484.297,1828100,87284,0,1915384,4120892,16846,223022342144,23.16
484.397,1828100,88308,0,1916408,4120892,16858,223167406080,23.16
484.497,1828100,88756,0,1916856,4120892,16869,223293202432,23.16
484.598,1828100,89852,0,1917952,4120892,16879,223441903616,23.16
484.698,1828100,91576,0,1919676,4120892,16889,223585107968,23.16
484.798,1828100,91776,0,1919876,4120892,16899,223714258944,23.16
484.899,1828100,93364,0,1921464,4120892,16911,223854960640,23.16
484.999,1828100,96188,0,1924288,4120892,16923,224003440640,23.16
485.099,1828100,95952,0,1924052,4120892,16936,224151482368,23.16
485.200,1828100,96272,0,1924372,4120892,16948,224307957760,23.16
485.300,1828100,97680,0,1925780,4120892,16959,224463945728,23.16
485.401,1828100,100480,0,1928580,4120892,16974,224607162368,23.16
485.501,1828100,101884,0,1929984,4120892,16984,224756944896,23.16
485.601,1828100,103628,0,1931728,4120892,16996,224912097280,23.16
485.702,1828100,105088,0,1933188,4120892,17005,225049890816,23.16
485.802,1828100,108388,0,1936488,4120892,17016,225191055360,24.94
485.902,1828100,110232,0,1938332,4120892,17029,225331216384,24.94
486.003,1828100,112024,0,1940124,4120892,17040,225465913344,24.94
486.103,1828100,113560,0,1941660,4120892,17050,225602236416,24.94
486.203,1828100,115164,0,1943264,4120892,17061,225753300992,24.94
486.304,1828100,116572,0,1944672,4120892,17070,225887019008,24.94
486.404,1828100,118512,0,1946612,4120892,17079,226016645120,24.94
486.505,1828100,120816,0,1948916,4120892,17092,226151788544,24.94
486.605,1828100,123312,0,1951412,4120892,17102,226294816768,24.94
486.705,1828100,125360,0,1953460,4120892,17112,226441576448,24.94
486.806,1828100,127344,0,1955444,4120892,17125,226563854336,24.94
486.906,1828100,131384,0,1959484,4120892,17135,226700591104,24.94
487.006,1828100,134008,0,1962108,4120892,17144,226828476416,24.94
487.107,1828100,135352,0,1963452,4120892,17153,226959560704,24.94
487.207,1828100,137848,0,1965948,4120892,17162,227092824064,24.94
487.307,1828100,138800,0,1966900,4120892,17174,227223687168,24.94
487.408,1828100,141488,0,1969588,4120892,17185,227364294656,24.94
487.508,1828100,144304,0,1972404,4120892,17195,227497254912,24.94
487.609,1828100,145632,0,1973732,4120892,17203,227629481984,24.94
487.709,1828100,148256,0,1976356,4120892,17215,227755913216,22.78
487.809,1828100,150816,0,1978916,4120892,17226,227884298240,22.78
487.910,1828100,153376,0,1981476,4120892,17236,228028862464,22.78
488.010,1828100,154720,0,1982820,4120892,17245,228161552384,22.78
488.111,1828100,157536,0,1985636,4120892,17256,228291764224,22.78
488.211,1828100,141932,0,1970032,4120892,17265,228396941312,22.78
488.312,1828100,123400,0,1951500,4120892,17274,228524007424,22.78
488.412,1828100,116272,0,1944372,4120892,17284,228649881600,22.78
488.512,1828100,110640,0,1938740,4120892,17298,228773920768,22.78
488.613,1828100,102172,0,1930272,4120892,17311,228922609664,22.78
488.713,1828100,86020,0,1914120,4120892,17323,229072105472,22.78
488.813,1828100,82416,0,1910516,4120892,17333,229200310272,22.78
488.914,1828100,79744,0,1907844,4120892,17344,229331308544,22.78
489.014,1828100,76288,0,1904388,4120892,17356,229459734528,22.78
489.114,1828100,70192,0,1898292,4120892,17366,229584470016,22.78
489.215,1828100,66524,0,1894624,4120892,17376,229698457600,22.78
489.315,1828100,63868,0,1891968,4120892,17387,229831266304,22.78
489.415,1828100,60884,0,1888984,4120892,17398,229953867776,22.78
489.516,1828100,59312,0,1887412,4120892,17410,230084980736,22.78
489.616,1828100,58164,0,1886264,4120892,17421,230214995968,24.45
489.717,1828100,58384,0,1886484,4120892,17431,230335463424,24.45
489.817,1828100,58192,0,1886292,4120892,17440,230465462272,24.45
489.918,1828100,57236,0,1885336,4120892,17448,230586925056,24.45
490.018,1828100,57632,0,1885732,4120892,17458,230714195968,24.45
490.118,1828100,57444,0,1885544,4120892,17467,230830743552,24.45
490.219,1828100,58140,0,1886240,4120892,17482,230959706112,24.45
490.319,1828100,59588,0,1887688,4120892,17494,231095529472,24.45
490.419,1828100,59696,0,1887796,4120892,17506,231231082496,24.45
490.520,1828100,60148,0,1888248,4120892,17518,231380774912,24.45
490.620,1828100,60044,0,1888144,4120892,17529,231518658560,24.45
490.720,1828100,59864,0,1887964,4120892,17538,231657443328,24.45
490.821,1828100,56736,0,1884836,4120892,17548,231787458560,24.45
490.921,1828100,56804,0,1884904,4120892,17556,231932473344,24.45
491.022,1828100,57196,0,1885296,4120892,17569,232086781952,24.45
491.122,1828100,56404,0,1884504,4120892,17580,232229863424,24.45
491.222,1828100,57552,0,1885652,4120892,17594,232380456960,24.45
491.323,1828100,57848,0,1885948,4120892,17605,232510914560,24.45
491.423,1828100,56496,0,1884596,4120892,17617,232648818688,24.45
491.524,1828100,57012,0,1885112,4120892,17628,232800038912,24.45
491.624,1828100,57588,0,1885688,4120892,17639,232930136064,22.19
491.724,1828100,59448,0,1887548,4120892,17649,233077264384,22.19
491.825,1828100,60540,0,1888640,4120892,17658,233209102336,22.19
491.925,1828100,62200,0,1890300,4120892,17670,233369403392,22.19
492.025,1828100,61496,0,1889596,4120892,17683,233545920512,22.19
492.126,1828100,62264,0,1890364,4120892,17695,233682059264,22.19
492.226,1828100,63932,0,1892032,4120892,17709,233838481408,22.19
492.326,1828100,64340,0,1892440,4120892,17718,233975918592,22.19
492.427,1828100,64592,0,1892692,4120892,17727,234115813376,22.19
492.527,1828100,63848,0,1891948,4120892,17738,234255659008,22.19
492.628,1828100,65132,0,1893232,4120892,17751,234412015616,22.19
492.728,1828100,66104,0,1894204,4120892,17763,234549665792,22.19
492.829,1828100,67544,0,1895644,4120892,17773,234696916992,22.19
492.929,1828100,67992,0,1896092,4120892,17786,234833805312,22.19
493.029,1828100,68504,0,1896604,4120892,17798,234974973952,22.19
493.130,1828100,69528,0,1897628,4120892,17809,235125694464,22.19
493.230,1828100,69992,0,1898092,4120892,17820,235258748928,22.19
493.331,1828100,70796,0,1898896,4120892,17831,235405504512,22.19
493.431,1828100,71504,0,1899604,4120892,17840,235542294528,22.19
493.531,1828100,71056,0,1899156,4120892,17851,235668721664,23.6
493.632,1828100,71820,0,1899920,4120892,17861,235801382912,23.6
493.732,1828100,72140,0,1900240,4120892,17870,235934703616,23.6
493.832,1828100,72220,0,1900320,4120892,17880,236081401856,23.6
493.933,1828100,72344,0,1900444,4120892,17890,236221865984,23.6
494.033,1828100,73764,0,1901864,4120892,17903,236353511424,23.6
494.133,1828100,74340,0,1902440,4120892,17913,236478627840,23.6
494.234,1828100,75244,0,1903344,4120892,17925,236612317184,23.6
494.334,1828100,75816,0,1903916,4120892,17936,236750462976,23.6
494.435,1828100,79100,0,1907200,4120892,17948,236889243648,23.6
494.535,1828100,81784,0,1909884,4120892,17962,237017341952,23.6
494.635,1828100,85204,0,1913304,4120892,17973,237153980416,23.6
494.736,1828100,86392,0,1914492,4120892,17983,237303627776,23.6
494.836,1828100,89656,0,1917756,4120892,17995,237429112832,23.6
494.937,1828100,91384,0,1919484,4120892,18006,237566537728,23.6
495.037,1828100,93944,0,1922044,4120892,18018,237686112256,23.6
495.137,1828100,96424,0,1924524,4120892,18031,237819338752,23.6
495.238,1828100,98372,0,1926472,4120892,18042,237964480512,23.6
495.338,1828100,98824,0,1926924,4120892,18055,238113406976,23.6
495.438,1828100,100260,0,1928360,4120892,18066,238260375552,23.13
495.539,1828100,101728,0,1929828,4120892,18079,238405115904,23.13
495.639,1828100,101728,0,1929828,4120892,18089,238532526080,23.13
495.740,1828100,104044,0,1932144,4120892,18100,238669496320,23.13
495.840,1828100,105768,0,1933868,4120892,18112,238809788416,23.13
495.940,1828100,108648,0,1936748,4120892,18122,238948466688,23.13
496.041,1828100,111208,0,1939308,4120892,18133,239084371968,23.13
496.141,1828100,112296,0,1940396,4120892,18144,239219073024,23.13
496.242,1828100,114088,0,1942188,4120892,18154,239347400704,23.13
496.342,1828100,114792,0,1942892,4120892,18160,239446958080,23.13
496.442,1828100,113956,0,1942056,4120892,18170,239568302080,23.13
496.543,1828100,107156,0,1935256,4120892,18181,239696113664,23.13
496.643,1828100,100732,0,1928832,4120892,18190,239815020544,23.13
496.743,1828100,96712,0,1924812,4120892,18200,239933722624,23.13
496.844,1828100,94888,0,1922988,4120892,18211,240053116928,23.13
496.944,1828100,92544,0,1920644,4120892,18220,240186359808,23.13
497.045,1828100,91456,0,1919556,4120892,18231,240301252608,23.13
497.145,1828100,87116,0,1915216,4120892,18241,240410861568,23.13
497.245,1828100,79916,0,1908016,4120892,18252,240546996224,23.13
497.346,1828100,71772,0,1899872,4120892,18261,240664072192,23.13
497.446,1828100,67344,0,1895444,4120892,18272,240786857984,23.47
497.546,1828100,64284,0,1892384,4120892,18282,240923279360,23.47
497.647,1828100,62044,0,1890144,4120892,18294,241052594176,23.47
497.747,1828100,61540,0,1889640,4120892,18301,241169973248,23.47
497.848,1828100,57816,0,1885916,4120892,18310,241280897024,23.47
497.948,1828100,54972,0,1883072,4120892,18319,241398067200,23.47
498.048,1828100,54828,0,1882928,4120892,18330,241536360448,23.47
498.149,1828100,54324,0,1882424,4120892,18342,241652330496,23.47
498.249,1828100,53300,0,1881400,4120892,18351,241777729536,23.47
498.350,1828100,50864,0,1878964,4120892,18362,241902895104,23.47
498.450,1828100,50664,0,1878764,4120892,18370,242033631232,23.47
498.551,1828100,49852,0,1877952,4120892,18381,242167332864,23.47
498.651,1828100,50492,0,1878592,4120892,18393,242311061504,23.47
498.751,1828100,49948,0,1878048,4120892,18403,242439413760,23.47
498.852,1828100,49992,0,1878092,4120892,18413,242563227648,23.47
498.952,1828100,49288,0,1877388,4120892,18423,242709622784,23.47
499.052,1828100,49096,0,1877196,4120892,18433,242851143680,23.47
499.153,1828100,48844,0,1876944,4120892,18444,242982903808,23.47
499.253,1828100,48984,0,1877084,4120892,18454,243122167808,23.47
499.354,1828100,47856,0,1875956,4120892,18463,243259330560,23.47
499.454,1828100,47676,0,1875776,4120892,18473,243400339456,25.38
499.554,1828100,47248,0,1875348,4120892,18484,243539038208,25.38
499.655,1828100,46840,0,1874940,4120892,18495,243677364224,25.38
499.755,1828100,47292,0,1875392,4120892,18505,243817099264,25.38
499.855,1828100,48236,0,1876336,4120892,18515,243950252032,25.38
499.955,1828100,49260,0,1877360,4120892,18524,244082348032,25.38
500.056,1828100,49516,0,1877616,4120892,18533,244224688128,25.38
500.156,1828100,50228,0,1878328,4120892,18542,244352839680,25.38
500.257,1828100,51132,0,1879232,4120892,18552,244495024128,25.38
500.357,1828100,51912,0,1880012,4120892,18563,244625252352,25.38
500.457,1828100,52164,0,1880264,4120892,18572,244768530432,25.38
500.557,1828100,53560,0,1881660,4120892,18582,244898332672,25.38
500.658,1828100,53816,0,1881916,4120892,18594,245031383040,25.38
500.758,1828100,54776,0,1882876,4120892,18603,245174370304,25.38
500.859,1828100,56764,0,1884864,4120892,18616,245299548160,25.38
500.959,1828100,56828,0,1884928,4120892,18625,245448564736,25.38
501.059,1828100,58044,0,1886144,4120892,18638,245581381632,25.38
501.160,1828100,58816,0,1886916,4120892,18647,245726191616,25.38
501.260,1828100,58748,0,1886848,4120892,18658,245859155968,25.38
501.361,1828100,58888,0,1886988,4120892,18667,246001881088,25.38
501.461,1828100,58888,0,1886988,4120892,18678,246152306688,23.13
501.561,1828100,58428,0,1886528,4120892,18689,246303891456,23.13
501.662,1828100,60156,0,1888256,4120892,18699,246432276480,23.13
501.762,1828100,60584,0,1888684,4120892,18711,246573604864,23.13
501.862,1828100,60968,0,1889068,4120892,18721,246720159744,23.13
501.963,1828100,60840,0,1888940,4120892,18732,246857453568,23.13
502.063,1828100,61416,0,1889516,4120892,18742,247007780864,23.13
502.163,1828100,61648,0,1889748,4120892,18752,247149166592,23.13
502.264,1828100,61776,0,1889876,4120892,18760,247300161536,23.13
502.364,1828100,61808,0,1889908,4120892,18770,247436189696,23.13
502.464,1828100,61296,0,1889396,4120892,18781,247589498880,23.13
502.565,1828100,61616,0,1889716,4120892,18789,247725109248,23.13
502.665,1828100,61828,0,1889928,4120892,18800,247868633088,23.13
502.766,1828100,61848,0,1889948,4120892,18811,248015941632,23.13
502.866,1828100,62588,0,1890688,4120892,18821,248145633280,23.13
502.966,1828100,63256,0,1891356,4120892,18830,248288419840,23.13
503.067,1828100,63960,0,1892060,4120892,18839,248421695488,23.13
503.167,1828100,63640,0,1891740,4120892,18850,248551452672,23.13
503.267,1828100,63380,0,1891480,4120892,18860,248687648768,23.13
503.368,1828100,63436,0,1891536,4120892,18870,248818786304,24.38
503.468,1828100,64012,0,1892112,4120892,18881,248958726144,24.38
503.568,1828100,64780,0,1892880,4120892,18890,249093656576,24.38
503.669,1828100,65548,0,1893648,4120892,18900,249240260608,24.38
503.769,1828100,66188,0,1894288,4120892,18911,249375981568,24.38
503.869,1828100,67084,0,1895184,4120892,18920,249506164736,24.38
503.970,1828100,68492,0,1896592,4120892,18930,249632755712,24.38
504.070,1828100,69624,0,1897724,4120892,18938,249759653888,24.38
504.171,1828100,70392,0,1898492,4120892,18947,249906139136,24.38
504.271,1828100,71608,0,1899708,4120892,18957,250039218176,24.38
504.371,1828100,74168,0,1902268,4120892,18968,250180456448,24.38
504.472,1828100,74868,0,1902968,4120892,18978,250307026944,24.38
504.572,1828100,76556,0,1904656,4120892,18989,250427465728,24.38
504.672,1828100,77516,0,1905616,4120892,18999,250564726784,24.38
504.773,1828100,78540,0,1906640,4120892,19008,250697883648,24.38
504.873,1828100,79884,0,1907984,4120892,19017,250841489408,24.38
504.973,1828100,81340,0,1909440,4120892,19029,250982166528,24.38
505.074,1828100,82812,0,1910912,4120892,19041,251106402304,24.38
505.174,1828100,83500,0,1911600,4120892,19052,251239694336,24.38
505.275,1828100,84720,0,1912820,4120892,19063,251389440000,24.38
505.375,1828100,86124,0,1914224,4120892,19074,251542683648,23.04
505.475,1828100,87848,0,1915948,4120892,19085,251678474240,23.04
505.576,1828100,88296,0,1916396,4120892,19096,251821826048,23.04
505.676,1828100,89348,0,1917448,4120892,19107,251958284288,23.04
505.776,1828100,90772,0,1918872,4120892,19117,252106846208,23.04
505.877,1828100,91536,0,1919636,4120892,19128,252260212736,23.04
505.977,1828100,92688,0,1920788,4120892,19137,252409798656,23.04
506.077,1828100,93384,0,1921484,4120892,19147,252542930944,23.04
506.178,1828100,94536,0,1922636,4120892,19160,252676243456,23.04
506.278,1828100,95240,0,1923340,4120892,19169,252800409600,23.04
506.379,1828100,95880,0,1923980,4120892,19180,252923494400,23.04
506.479,1828100,94412,0,1922512,4120892,19188,253036892160,23.04
506.579,1828100,87276,0,1915376,4120892,19198,253156945920,23.04
506.680,1828100,81456,0,1909556,4120892,19207,253283581952,23.04
506.780,1828100,75060,0,1903160,4120892,19216,253396537344,23.04
506.881,1828100,69668,0,1897768,4120892,19224,253526798336,23.04
506.981,1828100,68068,0,1896168,4120892,19235,253644181504,23.04
507.081,1828100,64508,0,1892608,4120892,19244,253770817536,23.04
507.182,1828100,58960,0,1887060,4120892,19254,253891731456,23.04
507.282,1828100,58956,0,1887056,4120892,19263,254011346944,23.94
507.382,1828100,57596,0,1885696,4120892,19273,254136549376,23.94
507.483,1828100,56436,0,1884536,4120892,19283,254276173824,23.94
507.583,1828100,54020,0,1882120,4120892,19291,254387138560,23.94
507.684,1828100,50444,0,1878544,4120892,19300,254504136704,23.94
507.784,1828100,49356,0,1877456,4120892,19310,254645133312,23.94
507.884,1828100,48836,0,1876936,4120892,19321,254748364800,23.94
507.985,1828100,48916,0,1877016,4120892,19331,254878601216,23.94
508.085,1828100,49728,0,1877828,4120892,19341,254993907712,23.94
508.185,1828100,50428,0,1878528,4120892,19349,255115730944,23.94
508.286,1828100,52956,0,1881056,4120892,19360,255237005312,23.94
508.386,1828100,53468,0,1881568,4120892,19370,255367884800,23.94
508.486,1828100,53980,0,1882080,4120892,19381,255491805184,23.94
508.587,1828100,54308,0,1882408,4120892,19391,255615180800,23.94
508.687,1828100,54960,0,1883060,4120892,19402,255746781184,23.94
508.787,1828100,54644,0,1882744,4120892,19412,255889244160,23.94
508.888,1828100,55540,0,1883640,4120892,19423,256031064064,23.94
508.988,1828100,56960,0,1885060,4120892,19434,256170663936,23.94
509.089,1828100,57552,0,1885652,4120892,19444,256316964864,23.94
509.189,1828100,57484,0,1885584,4120892,19455,256462348288,23.4
509.289,1828100,58064,0,1886164,4120892,19466,256608698368,23.4
509.389,1828100,58288,0,1886388,4120892,19478,256768950272,23.4
509.490,1828100,58808,0,1886908,4120892,19491,256905154560,23.4
509.590,1828100,59324,0,1887424,4120892,19501,257063043072,23.4
509.691,1828100,59640,0,1887740,4120892,19512,257204609024,23.4
509.791,1828100,59608,0,1887708,4120892,19523,257350373376,23.4
509.891,1828100,60448,0,1888548,4120892,19534,257502429184,23.4
509.992,1828100,60792,0,1888892,4120892,19546,257636384768,23.4
510.092,1828100,61948,0,1890048,4120892,19558,257789358080,23.4
510.193,1828100,62008,0,1890108,4120892,19567,257926844416,23.4
510.293,1828100,63032,0,1891132,4120892,19580,258073059328,23.4
510.393,1828100,63676,0,1891776,4120892,19592,258224586752,23.4
510.494,1828100,64016,0,1892116,4120892,19603,258358308864,23.4
510.594,1828100,65632,0,1893732,4120892,19614,258508206080,23.4
510.694,1828100,66660,0,1894760,4120892,19625,258639450112,23.4
510.795,1828100,66324,0,1894424,4120892,19636,258784976896,23.4
510.895,1828100,66516,0,1894616,4120892,19648,258928373760,23.4
510.995,1828100,68424,0,1896524,4120892,19661,259061944320,23.4
511.096,1828100,69320,0,1897420,4120892,19672,259188707328,22.79
511.196,1828100,69108,0,1897208,4120892,19683,259343396864,22.79
511.296,1828100,70344,0,1898444,4120892,19695,259511017472,22.79
511.397,1828100,72308,0,1900408,4120892,19706,259658166272,22.79
511.497,1828100,72628,0,1900728,4120892,19716,259798093824,22.79
511.598,1828100,73912,0,1902012,4120892,19728,259964514304,22.79
511.698,1828100,74616,0,1902716,4120892,19738,260110004224,22.79
511.798,1828100,75640,0,1903740,4120892,19750,260256854016,22.79
511.899,1828100,78996,0,1907096,4120892,19764,260392239104,22.79
511.999,1828100,77528,0,1905628,4120892,19775,260543516672,22.79
512.099,1828100,77776,0,1905876,4120892,19788,260707598336,22.79
512.200,1828100,78992,0,1907092,4120892,19799,260870549504,22.79
512.300,1828100,80272,0,1908372,4120892,19811,261025792000,22.79
512.400,1828100,81156,0,1909256,4120892,19824,261172776960,22.79
512.500,1828100,81048,0,1909148,4120892,19838,261340401664,22.79
512.601,1828100,81880,0,1909980,4120892,19851,261488021504,22.79
512.701,1828100,83096,0,1911196,4120892,19862,261622562816,22.79
512.801,1828100,83672,0,1911772,4120892,19873,261775704064,22.79
512.902,1828100,85144,0,1913244,4120892,19882,261914632192,22.79
513.002,1828100,86344,0,1914444,4120892,19892,262060802048,25.18
513.102,1828100,88580,0,1916680,4120892,19902,262197342208,25.18
513.203,1828100,89540,0,1917640,4120892,19913,262344499200,25.18
513.303,1828100,91140,0,1919240,4120892,19924,262485786624,25.18
513.404,1828100,92984,0,1921084,4120892,19935,262627934208,25.18
513.504,1828100,94036,0,1922136,4120892,19946,262756417536,25.18
513.604,1828100,94764,0,1922864,4120892,19958,262894260224,25.18
513.705,1828100,95980,0,1924080,4120892,19968,263038914560,25.18
513.805,1828100,97452,0,1925552,4120892,19980,263179259904,25.18
513.905,1828100,97964,0,1926064,4120892,19989,263318974464,25.18
514.006,1828100,99308,0,1927408,4120892,20001,263460634624,25.18
514.106,1828100,100792,0,1928892,4120892,20013,263611383808,25.18
514.206,1828100,102584,0,1930684,4120892,20022,263729446912,25.18
514.307,1828100,103800,0,1931900,4120892,20031,263872663552,25.18
514.407,1828100,105400,0,1933500,4120892,20042,264009859072,25.18
514.508,1828100,106936,0,1935036,4120892,20052,264150249472,25.18
514.608,1828100,108536,0,1936636,4120892,20062,264270479360,25.18
514.708,1828100,108488,0,1936588,4120892,20070,264408584192,25.18
514.809,1828100,98612,0,1926712,4120892,20082,264544051200,23.52
514.909,1828100,88936,0,1917036,4120892,20094,264691200000,23.52
515.010,1828100,84244,0,1912344,4120892,20105,264844496896,23.52
515.110,1828100,78868,0,1906968,4120892,20115,264978399232,23.52
515.210,1828100,72596,0,1900696,4120892,20130,265127591936,23.52
515.311,1828100,67616,0,1895716,4120892,20140,265267597312,23.52
515.411,1828100,62632,0,1890732,4120892,20150,265401290752,23.52
515.511,1828100,60472,0,1888572,4120892,20162,265543761920,23.52
515.612,1828100,58348,0,1886448,4120892,20170,265666949120,23.52
515.712,1828100,56904,0,1885004,4120892,20180,265792421888,23.52
515.812,1828100,54196,0,1882296,4120892,20187,265922240512,23.52
515.913,1828100,51012,0,1879112,4120892,20195,266041819136,23.52
516.013,1828100,47928,0,1876028,4120892,20206,266190311424,23.52
516.113,1828100,47324,0,1875424,4120892,20215,266309689344,23.52
516.214,1828100,45712,0,1873812,4120892,20225,266433859584,23.52
516.314,1828100,45520,0,1873620,4120892,20235,266557493248,23.52
516.415,1828100,44780,0,1872880,4120892,20242,266668896256,23.52
516.515,1828100,44652,0,1872752,4120892,20250,266786402304,23.52
516.615,1828100,44840,0,1872940,4120892,20259,266922016768,23.52
516.716,1828100,45084,0,1873184,4120892,20270,267055706112,23.96
516.816,1828100,44520,0,1872620,4120892,20279,267195076608,23.96
516.917,1828100,44772,0,1872872,4120892,20288,267330072576,23.96
517.017,1828100,44964,0,1873064,4120892,20299,267459198976,23.96
517.118,1828100,45604,0,1873704,4120892,20310,267585896448,23.96
517.218,1828100,45732,0,1873832,4120892,20319,267716476928,23.96
517.318,1828100,46372,0,1874472,4120892,20328,267846082560,23.96
517.419,1828100,46196,0,1874296,4120892,20338,267987783680,23.96
517.519,1828100,45928,0,1874028,4120892,20348,268109340672,23.96
517.619,1828100,45364,0,1873464,4120892,20358,268243972096,23.96
517.720,1828100,45676,0,1873776,4120892,20366,268376817664,23.96
517.820,1828100,45608,0,1873708,4120892,20376,268513812480,23.96
517.921,1828100,46032,0,1874132,4120892,20387,268636585984,23.96
518.021,1828100,46484,0,1874584,4120892,20397,268793958400,23.96
518.121,1828100,47380,0,1875480,4120892,20409,268937416704,23.96
518.222,1828100,47764,0,1875864,4120892,20418,269089456128,23.96
518.322,1828100,48584,0,1876684,4120892,20429,269245640704,23.96
518.422,1828100,49720,0,1877820,4120892,20441,269393977344,23.96
518.523,1828100,50232,0,1878332,4120892,20451,269544456192,23.96
518.623,1828100,50864,0,1878964,4120892,20460,269705412608,24.33
518.723,1828100,51448,0,1879548,4120892,20471,269856415744,24.33
518.824,1828100,51988,0,1880088,4120892,20482,269999095808,24.33
518.924,1828100,53016,0,1881116,4120892,20493,270141706240,24.33
519.024,1828100,53148,0,1881248,4120892,20506,270297960448,24.33
519.125,1828100,53852,0,1881952,4120892,20516,270432321536,24.33
519.225,1828100,53720,0,1881820,4120892,20525,270571053056,24.33
519.325,1828100,53920,0,1882020,4120892,20536,270710067200,24.33
519.426,1828100,55048,0,1883148,4120892,20548,270878392320,24.33
519.526,1828100,55176,0,1883276,4120892,20559,271013490688,24.33
519.626,1828100,55304,0,1883404,4120892,20569,271139549184,24.33
519.727,1828100,55624,0,1883724,4120892,20580,271297826816,24.33
519.827,1828100,56328,0,1884428,4120892,20591,271429791744,24.33
519.927,1828100,57032,0,1885132,4120892,20602,271568736256,24.33
520.028,1828100,57480,0,1885580,4120892,20613,271707648000,24.33
520.128,1828100,57484,0,1885584,4120892,20623,271843500032,24.33
520.228,1828100,57240,0,1885340,4120892,20631,271979098112,24.33
520.329,1828100,58328,0,1886428,4120892,20643,272118120448,24.33
520.429,1828100,58072,0,1886172,4120892,20654,272265932800,24.33
520.530,1828100,58392,0,1886492,4120892,20665,272407564288,24.33
520.630,1828100,58012,0,1886112,4120892,20674,272547373056,22.82
520.730,1828100,58012,0,1886112,4120892,20684,272690728960,22.82
520.831,1828100,57820,0,1885920,4120892,20693,272835092480,22.82
520.931,1828100,57820,0,1885920,4120892,20702,272967516160,22.82
521.032,1828100,58432,0,1886532,4120892,20712,273102487552,22.82
521.132,1828100,58304,0,1886404,4120892,20722,273236803584,22.82
521.232,1828100,59200,0,1887300,4120892,20732,273379778560,22.82
521.333,1828100,59124,0,1887224,4120892,20743,273503793152,22.82
521.433,1828100,59508,0,1887608,4120892,20754,273655779328,22.82
521.533,1828100,60192,0,1888292,4120892,20765,273801089024,22.82
521.634,1828100,60384,0,1888484,4120892,20775,273948053504,22.82
521.734,1828100,60256,0,1888356,4120892,20787,274096689152,22.82
521.834,1828100,60820,0,1888920,4120892,20798,274237587456,22.82
521.935,1828100,61344,0,1889444,4120892,20809,274390118400,22.82
522.035,1828100,61088,0,1889188,4120892,20819,274536910848,22.82
522.135,1828100,61724,0,1889824,4120892,20829,274671910912,22.82
522.236,1828100,62108,0,1890208,4120892,20839,274813378560,22.82
522.336,1828100,62492,0,1890592,4120892,20849,274957529088,22.82
522.436,1828100,63388,0,1891488,4120892,20858,275095093248,22.82
522.537,1828100,63500,0,1891600,4120892,20868,275229622272,24.85
522.637,1828100,63336,0,1891436,4120892,20878,275368816640,24.85
522.737,1828100,63528,0,1891628,4120892,20887,275518111744,24.85
522.838,1828100,64168,0,1892268,4120892,20896,275635818496,24.85
522.938,1828100,64960,0,1893060,4120892,20904,275770216448,24.85
523.038,1828100,65536,0,1893636,4120892,20913,275891163136,24.85
523.139,1828100,66432,0,1894532,4120892,20924,276011847680,24.85
523.239,1828100,67328,0,1895428,4120892,20935,276163297280,24.85
523.340,1828100,68288,0,1896388,4120892,20944,276292263936,24.85
523.440,1828100,69120,0,1897220,4120892,20954,276423135232,24.85
523.540,1828100,69440,0,1897540,4120892,20964,276562001920,24.85
523.641,1828100,70172,0,1898272,4120892,20974,276685176832,24.85
523.741,1828100,71132,0,1899232,4120892,20984,276826824704,24.85
523.841,1828100,72204,0,1900304,4120892,20992,276963770368,24.85
523.942,1828100,73228,0,1901328,4120892,21001,277089906688,24.85
524.042,1828100,73996,0,1902096,4120892,21009,277221691392,24.85
524.143,1828100,75148,0,1903248,4120892,21021,277363322880,24.85
524.243,1828100,75916,0,1904016,4120892,21032,277505384448,24.85
524.343,1828100,76428,0,1904528,4120892,21042,277658808320,24.85
524.444,1828100,77644,0,1905744,4120892,21052,277781417984,22.7
524.544,1828100,78872,0,1906972,4120892,21062,277934292992,22.7
524.644,1828100,79640,0,1907740,4120892,21071,278061260800,22.7
524.745,1828100,79768,0,1907868,4120892,21078,278178938880,22.7
524.845,1828100,80744,0,1908844,4120892,21086,278295412736,22.7
524.945,1828100,77640,0,1905740,4120892,21095,278418169856,22.7
525.046,1828100,71044,0,1899144,4120892,21103,278547701760,22.7
525.146,1828100,67112,0,1895212,4120892,21114,278686195712,22.7
525.246,1828100,63016,0,1891116,4120892,21122,278808612864,22.7
525.347,1828100,61684,0,1889784,4120892,21134,278946119680,22.7
525.447,1828100,60404,0,1888504,4120892,21144,279076532224,22.7
525.547,1828100,58612,0,1886712,4120892,21153,279201452032,22.7
525.648,1828100,56744,0,1884844,4120892,21161,279340077056,22.7
525.748,1828100,55380,0,1883480,4120892,21171,279455473664,22.7
525.848,1828100,52776,0,1880876,4120892,21178,279578046464,22.7
525.949,1828100,50280,0,1878380,4120892,21186,279687217152,22.7
526.049,1828100,49116,0,1877216,4120892,21197,279810396160,22.7
526.149,1828100,48480,0,1876580,4120892,21206,279922819072,22.7
526.250,1828100,48544,0,1876644,4120892,21216,280042156032,22.7
526.350,1828100,46952,0,1875052,4120892,21225,280153104384,22.7
526.451,1828100,45100,0,1873200,4120892,21235,280287432704,23.84
526.551,1828100,43812,0,1871912,4120892,21243,280415989760,23.84
526.651,1828100,42260,0,1870360,4120892,21252,280533168128,23.84
526.752,1828100,41236,0,1869336,4120892,21261,280678973440,23.84
526.852,1828100,40528,0,1868628,4120892,21271,280813527040,23.84
526.952,1828100,40180,0,1868280,4120892,21280,280950763520,23.84
527.053,1828100,39796,0,1867896,4120892,21290,281086885888,23.84
527.153,1828100,40056,0,1868156,4120892,21300,281204363264,23.84
527.253,1828100,40124,0,1868224,4120892,21308,281337929728,23.84
527.354,1828100,39924,0,1868024,4120892,21318,281449492480,23.84
527.454,1828100,40816,0,1868916,4120892,21327,281575346176,23.84
527.555,1828100,41904,0,1870004,4120892,21336,281704980480,23.84
527.655,1828100,42544,0,1870644,4120892,21345,281833435136,23.84
527.756,1828100,43568,0,1871668,4120892,21357,281962041344,23.84
527.856,1828100,43380,0,1871480,4120892,21366,282088787968,23.84
527.956,1828100,44080,0,1872180,4120892,21376,282232635392,23.84
528.057,1828100,44528,0,1872628,4120892,21386,282379333632,23.84
528.157,1828100,44464,0,1872564,4120892,21397,282520649728,23.84
528.257,1828100,45296,0,1873396,4120892,21407,282668687360,23.84
528.358,1828100,47460,0,1875560,4120892,21419,282812616704,24.23
528.458,1828100,47840,0,1875940,4120892,21429,282938662912,24.23
528.558,1828100,48660,0,1876760,4120892,21440,283069689856,24.23
528.659,1828100,49428,0,1877528,4120892,21451,283217928192,24.23
528.759,1828100,50452,0,1878552,4120892,21461,283360608256,24.23
528.860,1828100,51412,0,1879512,4120892,21471,283504492544,24.23
528.960,1828100,51924,0,1880024,4120892,21481,283635355648,24.23
529.060,1828100,52052,0,1880152,4120892,21490,283770724352,24.23
529.161,1828100,52756,0,1880856,4120892,21500,283913347072,24.23
529.261,1828100,52868,0,1880968,4120892,21509,284068265984,24.23
529.361,1828100,53392,0,1881492,4120892,21519,284201541632,24.23
529.462,1828100,53584,0,1881684,4120892,21531,284349423616,24.23
529.562,1828100,53780,0,1881880,4120892,21541,284476448768,24.23
529.663,1828100,53844,0,1881944,4120892,21549,284617564160,24.23
529.763,1828100,52948,0,1881048,4120892,21559,284738785280,24.23
529.863,1828100,53244,0,1881344,4120892,21571,284883980288,24.23
529.964,1828100,53116,0,1881216,4120892,21580,285016915968,24.23
530.064,1828100,52924,0,1881024,4120892,21591,285165199360,24.23
530.165,1828100,53260,0,1881360,4120892,21601,285311549440,24.23
530.265,1828100,53680,0,1881780,4120892,21613,285452546048,24.23
530.365,1828100,53488,0,1881588,4120892,21624,285601095680,23.46
530.466,1828100,53964,0,1882064,4120892,21634,285738852352,23.46
530.566,1828100,54540,0,1882640,4120892,21643,285884579840,23.46
530.667,1828100,54604,0,1882704,4120892,21652,286023081984,23.46
530.767,1828100,55052,0,1883152,4120892,21661,286146760704,23.46
530.867,1828100,55944,0,1884044,4120892,21672,286287429632,23.46
530.968,1828100,56208,0,1884308,4120892,21682,286433468416,23.46
531.068,1828100,56288,0,1884388,4120892,21692,286562709504,23.46
531.168,1828100,57312,0,1885412,4120892,21702,286709911552,23.46
531.269,1828100,57512,0,1885612,4120892,21713,286871674880,23.46
531.369,1828100,58472,0,1886572,4120892,21725,287011913728,23.46
531.469,1828100,58248,0,1886348,4120892,21734,287161139200,23.46
531.570,1828100,59080,0,1887180,4120892,21745,287286128640,23.46
531.670,1828100,59656,0,1887756,4120892,21754,287435083776,23.46
531.771,1828100,59848,0,1887948,4120892,21765,287581171712,23.46
531.871,1828100,60172,0,1888272,4120892,21774,287720783872,23.46
531.971,1828100,60576,0,1888676,4120892,21784,287848206336,23.46
532.072,1828100,60580,0,1888680,4120892,21794,287969234944,23.46
532.172,1828100,60900,0,1889000,4120892,21803,288108470272,23.46
532.273,1828100,61412,0,1889512,4120892,21812,288247255040,23.46
532.373,1828100,61644,0,1889744,4120892,21823,288373121024,25.55
532.473,1828100,61452,0,1889552,4120892,21832,288511483904,25.55
532.574,1828100,62028,0,1890128,4120892,21842,288642838528,25.55
532.674,1828100,62852,0,1890952,4120892,21851,288757862400,25.55
532.774,1828100,62852,0,1890952,4120892,21861,288886857728,25.55
532.875,1828100,63300,0,1891400,4120892,21871,289026949120,25.55
532.975,1828100,63444,0,1891544,4120892,21882,289177653248,25.55
533.076,1828100,64020,0,1892120,4120892,21891,289303547904,25.55
533.176,1828100,64724,0,1892824,4120892,21901,289429061632,25.55
533.276,1828100,65108,0,1893208,4120892,21910,289566695424,25.55
533.377,1828100,65748,0,1893848,4120892,21918,289679736832,25.55
533.477,1828100,66516,0,1894616,4120892,21927,289816977408,25.55
533.577,1828100,67156,0,1895256,4120892,21938,289949048832,25.55
533.678,1828100,67796,0,1895896,4120892,21946,290084405248,25.55
533.778,1828100,68324,0,1896424,4120892,21958,290220294144,25.55
533.879,1828100,69216,0,1897316,4120892,21969,290367315968,25.55
533.979,1828100,69728,0,1897828,4120892,21981,290526834688,25.55
534.079,1828100,70176,0,1898276,4120892,21991,290662240256,25.55
534.180,1828100,71116,0,1899216,4120892,22002,290816577536,25.55
534.280,1828100,72844,0,1900944,4120892,22015,290975776768,25.09
534.380,1828100,73776,0,1901876,4120892,22026,291112665088,25.09
534.481,1828100,74720,0,1902820,4120892,22036,291254808576,25.09
534.581,1828100,75360,0,1903460,4120892,22047,291400642560,25.09
534.681,1828100,75688,0,1903788,4120892,22057,291540914176,25.09
534.782,1828100,76180,0,1904280,4120892,22068,291690446848,25.09
534.882,1828100,77012,0,1905112,4120892,22079,291834740736,25.09
534.982,1828100,77308,0,1905408,4120892,22090,291966988288,25.09
535.083,1828100,78016,0,1906116,4120892,22099,292101451776,25.09
535.183,1828100,79360,0,1907460,4120892,22109,292233461760,25.09
535.284,1828100,79808,0,1907908,4120892,22119,292354871296,25.09
535.384,1828100,80640,0,1908740,4120892,22128,292497309696,25.09
535.484,1828100,81344,0,1909444,4120892,22137,292629336064,25.09
535.585,1828100,81344,0,1909444,4120892,22146,292766531584,25.09
535.685,1828100,82176,0,1910276,4120892,22155,292906401792,25.09
535.785,1828100,83552,0,1911652,4120892,22166,293032173568,25.09
535.886,1828100,84164,0,1912264,4120892,22175,293162434560,25.09
535.986,1828100,86532,0,1914632,4120892,22184,293290110976,25.09
536.087,1828100,87876,0,1915976,4120892,22194,293429391360,25.09
536.187,1828100,89076,0,1917176,4120892,22205,293560864768,25.09
536.287,1828100,90784,0,1918884,4120892,22215,293691953152,25.43
536.388,1828100,92036,0,1920136,4120892,22225,293832364032,25.43
536.488,1828100,94496,0,1922596,4120892,22236,293941870592,25.43
536.588,1828100,97408,0,1925508,4120892,22248,294073528320,25.43
536.689,1828100,99840,0,1927940,4120892,22258,294203572224,25.43
536.789,1828100,101952,0,1930052,4120892,22269,294328565760,25.43
536.890,1828100,99196,0,1927296,4120892,22278,294419034112,25.43
536.990,1828100,94324,0,1922424,4120892,22286,294549323776,25.43
537.090,1828100,88476,0,1916576,4120892,22297,294668800000,25.43
537.191,1828100,82708,0,1910808,4120892,22310,294795272192,25.43
537.291,1828100,79012,0,1907112,4120892,22319,294934806528,25.43
537.392,1828100,77040,0,1905140,4120892,22328,295058501632,25.43
537.492,1828100,74100,0,1902200,4120892,22340,295188402176,25.43
537.592,1828100,70260,0,1898360,4120892,22349,295333314560,25.43
537.693,1828100,66700,0,1894800,4120892,22359,295458304000,25.43
537.793,1828100,65132,0,1893232,4120892,22368,295575695360,25.43
537.893,1828100,62700,0,1890800,4120892,22377,295700463616,25.43
537.994,1828100,60636,0,1888736,4120892,22386,295831076864,25.43
538.094,1828100,58780,0,1886880,4120892,22396,295970811904,25.43
538.195,1828100,57312,0,1885412,4120892,22406,296093446144,26.26
538.295,1828100,55028,0,1883128,4120892,22417,296243056640,26.26
538.395,1828100,54844,0,1882944,4120892,22428,296366338048,26.26
538.496,1828100,54400,0,1882500,4120892,22436,296496173056,26.26
538.596,1828100,52220,0,1880320,4120892,22447,296630816768,26.26
538.696,1828100,52856,0,1880956,4120892,22457,296760901632,26.26
538.797,1828100,51896,0,1879996,4120892,22466,296883904512,26.26
538.897,1828100,51020,0,1879120,4120892,22478,297026764800,26.26
538.997,1828100,51620,0,1879720,4120892,22490,297166336000,26.26
539.098,1828100,52748,0,1880848,4120892,22498,297301000192,26.26
539.198,1828100,52712,0,1880812,4120892,22509,297427476480,26.26
539.299,1828100,52348,0,1880448,4120892,22518,297553481728,26.26
539.399,1828100,52652,0,1880752,4120892,22527,297685368832,26.26
539.499,1828100,53476,0,1881576,4120892,22537,297813299200,26.26
539.600,1828100,54852,0,1882952,4120892,22549,297952862208,26.26
539.700,1828100,54704,0,1882804,4120892,22559,298089570304,26.26
539.800,1828100,56436,0,1884536,4120892,22571,298228822016,26.26
539.901,1828100,59000,0,1887100,4120892,22587,298356264960,26.26
540.001,1828100,59984,0,1888084,4120892,22599,298504060928,26.26
540.101,1828100,60548,0,1888648,4120892,22607,298629967872,23.86
540.202,1828100,60808,0,1888908,4120892,22619,298765045760,23.86
540.302,1828100,61580,0,1889680,4120892,22630,298913234944,23.86
540.402,1828100,63504,0,1891604,4120892,22642,299071275008,23.86
540.503,1828100,65100,0,1893200,4120892,22654,299218563072,23.86
540.603,1828100,65156,0,1893256,4120892,22666,299372957696,23.86
540.704,1828100,67268,0,1895368,4120892,22677,299520999424,23.86
540.804,1828100,67780,0,1895880,4120892,22690,299687952384,23.86
540.904,1828100,69256,0,1897356,4120892,22701,299831988224,23.86
541.005,1828100,70856,0,1898956,4120892,22713,299991433216,23.86
541.105,1828100,71816,0,1899916,4120892,22724,300118798336,23.86
541.205,1828100,72196,0,1900296,4120892,22733,300261863424,23.86
541.305,1828100,72540,0,1900640,4120892,22746,300395630592,23.86
541.406,1828100,74136,0,1902236,4120892,22755,300543754240,23.86
541.506,1828100,77584,0,1905684,4120892,22765,300677738496,23.86
541.606,1828100,77392,0,1905492,4120892,22775,300824625152,23.86
541.707,1828100,78204,0,1906304,4120892,22786,300959588352,23.86
541.807,1828100,79724,0,1907824,4120892,22799,301087481856,23.86
541.907,1828100,78972,0,1907072,4120892,22810,301221605376,23.86
542.008,1828100,79156,0,1907256,4120892,22820,301364436992,24.79
542.108,1828100,81116,0,1909216,4120892,22831,301496152064,24.79
542.209,1828100,84048,0,1912148,4120892,22840,301616840704,24.79
542.309,1828100,85328,0,1913428,4120892,22850,301761155072,24.79
542.409,1828100,87316,0,1915416,4120892,22864,301894533120,24.79
542.510,1828100,89300,0,1917400,4120892,22874,302034505728,24.79
542.610,1828100,90136,0,1918236,4120892,22884,302166274048,24.79
542.711,1828100,92876,0,1920976,4120892,22893,302301667328,24.79
542.811,1828100,93580,0,1921680,4120892,22903,302440968192,24.79
542.911,1828100,94280,0,1922380,4120892,22915,302577360896,24.79
543.012,1828100,95624,0,1923724,4120892,22928,302735519744,24.79
543.112,1828100,96288,0,1924388,4120892,22941,302885752832,24.79
543.212,1828100,97504,0,1925604,4120892,22952,303026356224,24.79
543.313,1828100,98628,0,1926728,4120892,22965,303177039872,24.79
543.413,1828100,99460,0,1927560,4120892,22977,303342747648,24.79
543.513,1828100,100096,0,1928196,4120892,22988,303504039936,24.79
543.614,1828100,100568,0,1928668,4120892,23000,303653400576,24.79
543.714,1828100,101016,0,1929116,4120892,23010,303799123968,24.79
543.814,1828100,102552,0,1930652,4120892,23024,303922262016,24.79
543.915,1828100,103376,0,1931476,4120892,23034,304063791104,25.73
544.015,1828100,105232,0,1933332,4120892,23044,304197210112,25.73
544.116,1828100,106764,0,1934864,4120892,23053,304335196160,25.73
544.216,1828100,107916,0,1936016,4120892,23062,304476205056,25.73
544.316,1828100,108492,0,1936592,4120892,23074,304605282304,25.73
544.417,1828100,111052,0,1939152,4120892,23084,304741126144,25.73
544.517,1828100,113164,0,1941264,4120892,23093,304882270208,25.73
544.617,1828100,115084,0,1943184,4120892,23102,305012977664,25.73
544.718,1828100,116492,0,1944592,4120892,23111,305149050880,25.73
544.818,1828100,118536,0,1946636,4120892,23123,305273450496,25.73
544.919,1828100,119436,0,1947536,4120892,23132,305403265024,25.73
545.019,1828100,118368,0,1946468,4120892,23140,305525260288,25.73
545.119,1828100,111876,0,1939976,4120892,23152,305647652864,25.73
545.220,1828100,107408,0,1935508,4120892,23163,305764990976,25.73
545.320,1828100,96056,0,1924156,4120892,23175,305908690944,25.73
545.420,1828100,85476,0,1913576,4120892,23183,306035257344,25.73
545.521,1828100,83304,0,1911404,4120892,23193,306147196928,25.73
545.621,1828100,80632,0,1908732,4120892,23202,306279862272,25.73
545.722,1828100,72396,0,1900496,4120892,23213,306407444480,25.73
545.822,1828100,64196,0,1892296,4120892,23223,306538381312,23.61
545.922,1828100,58952,0,1887052,4120892,23233,306690789376,23.61
546.023,1828100,57184,0,1885284,4120892,23245,306825351168,23.61
546.123,1828100,54992,0,1883092,4120892,23257,306963755008,23.61
546.223,1828100,52520,0,1880620,4120892,23267,307106996224,23.61
546.323,1828100,52696,0,1880796,4120892,23277,307245867008,23.61
546.424,1828100,49880,0,1877980,4120892,23288,307389517824,23.61
546.524,1828100,48676,0,1876776,4120892,23300,307532886016,23.61
546.624,1828100,47300,0,1875400,4120892,23311,307677409280,23.61
546.725,1828100,46492,0,1874592,4120892,23322,307816943616,23.61
546.825,1828100,46052,0,1874152,4120892,23333,307955245056,23.61
546.926,1828100,46036,0,1874136,4120892,23344,308093706240,23.61
547.026,1828100,44944,0,1873044,4120892,23353,308224921600,23.61
547.126,1828100,44812,0,1872912,4120892,23362,308361601024,23.61
547.227,1828100,45492,0,1873592,4120892,23372,308508475392,23.61
547.327,1828100,46700,0,1874800,4120892,23382,308642222080,23.61
547.427,1828100,46888,0,1874988,4120892,23391,308794634240,23.61
547.528,1828100,47328,0,1875428,4120892,23401,308939374592,23.61
547.628,1828100,47364,0,1875464,4120892,23413,309081456640,25.31
547.728,1828100,47368,0,1875468,4120892,23422,309228318720,25.31
547.828,1828100,46704,0,1874804,4120892,23432,309364752384,25.31
547.929,1828100,46196,0,1874296,4120892,23443,309521555456,25.31
548.029,1828100,46648,0,1874748,4120892,23453,309663739904,25.31
548.130,1828100,47732,0,1875832,4120892,23465,309804707840,25.31
548.230,1828100,47420,0,1875520,4120892,23476,309951258624,25.31
548.330,1828100,48052,0,1876152,4120892,23488,310078152704,25.31
548.431,1828100,48400,0,1876500,4120892,23499,310243594240,25.31
548.531,1828100,49832,0,1877932,4120892,23512,310391861248,25.31
548.631,1828100,50728,0,1878828,4120892,23522,310530039808,25.31
548.732,1828100,51952,0,1880052,4120892,23532,310674644992,25.31
548.832,1828100,54192,0,1882292,4120892,23547,310851145728,25.31
548.932,1828100,54448,0,1882548,4120892,23557,310993432576,25.31
549.033,1828100,55476,0,1883576,4120892,23569,311161548800,25.31
549.133,1828100,56948,0,1885048,4120892,23579,311309332480,25.31
549.233,1828100,57716,0,1885816,4120892,23591,311451348992,25.31
549.334,1828100,58096,0,1886196,4120892,23602,311584444416,25.31
549.434,1828100,58752,0,1886852,4120892,23612,311738085376,25.31
549.535,1828100,58440,0,1886540,4120892,23623,311886958592,25.61
549.635,1828100,58964,0,1887064,4120892,23636,312034906112,25.61
549.736,1828100,59432,0,1887532,4120892,23649,312205619200,25.61
549.836,1828100,59836,0,1887936,4120892,23660,312363057152,25.61
549.936,1828100,60924,0,1889024,4120892,23672,312514592768,25.61
550.037,1828100,62936,0,1891036,4120892,23681,312661880832,25.61
550.137,1828100,62616,0,1890716,4120892,23694,312811151360,25.61
550.238,1828100,64700,0,1892800,4120892,23704,312947625984,25.61
550.338,1828100,65088,0,1893188,4120892,23713,313097773056,25.61
550.438,1828100,64708,0,1892808,4120892,23725,313233838080,25.61
550.539,1828100,65212,0,1893312,4120892,23737,313390026752,25.61
550.639,1828100,65492,0,1893592,4120892,23750,313526087680,25.61
550.739,1828100,65180,0,1893280,4120892,23760,313676455936,25.61
550.840,1828100,66016,0,1894116,4120892,23772,313827098624,25.61
550.940,1828100,65312,0,1893412,4120892,23781,313993728000,25.61
551.040,1828100,65696,0,1893796,4120892,23790,314130743296,25.61
551.141,1828100,64992,0,1893092,4120892,23799,314272800768,25.61
551.241,1828100,65632,0,1893732,4120892,23809,314401095680,25.61
551.341,1828100,65508,0,1893608,4120892,23818,314544640000,25.61
551.442,1828100,65892,0,1893992,4120892,23828,314678611968,26.04
551.542,1828100,66976,0,1895076,4120892,23838,314806718464,26.04
551.642,1828100,67872,0,1895972,4120892,23847,314943877120,26.04
551.743,1828100,68836,0,1896936,4120892,23857,315073024000,26.04
551.843,1828100,68456,0,1896556,4120892,23867,315200827392,26.04
551.943,1828100,67880,0,1895980,4120892,23877,315352768512,26.04
552.044,1828100,68968,0,1897068,4120892,23886,315481706496,26.04
552.144,1828100,69228,0,1897328,4120892,23897,315631206400,26.04
552.244,1828100,69036,0,1897136,4120892,23907,315761131520,26.04
552.345,1828100,70212,0,1898312,4120892,23921,315910467584,26.04
552.445,1828100,70532,0,1898632,4120892,23931,316056748032,26.04
552.546,1828100,72004,0,1900104,4120892,23942,316218085376,26.04
552.646,1828100,73732,0,1901832,4120892,23952,316357918720,26.04
552.746,1828100,74372,0,1902472,4120892,23962,316504518656,26.04
552.847,1828100,75200,0,1903300,4120892,23973,316643008512,26.04
552.947,1828100,76476,0,1904576,4120892,23984,316786765824,26.04
553.047,1828100,77948,0,1906048,4120892,23995,316922302464,26.04
553.148,1828100,78716,0,1906816,4120892,24007,317055242240,26.04
553.248,1828100,80060,0,1908160,4120892,24018,317195481088,26.04
553.348,1828100,81020,0,1909120,4120892,24031,317343809536,26.04
553.449,1828100,82748,0,1910848,4120892,24041,317485346816,26.58
553.549,1828100,85760,0,1913860,4120892,24051,317602332672,26.58
553.649,1828100,87120,0,1915220,4120892,24060,317747290112,26.58
553.750,1828100,88652,0,1916752,4120892,24071,317878054912,26.58
553.850,1828100,90060,0,1918160,4120892,24081,318028599296,26.58
553.950,1828100,91340,0,1919440,4120892,24093,318174392320,26.58
554.051,1828100,91916,0,1920016,4120892,24105,318325010432,26.58
554.151,1828100,94260,0,1922360,4120892,24118,318466142208,26.58
554.252,1828100,96232,0,1924332,4120892,24129,318613590016,26.58
554.352,1828100,98280,0,1926380,4120892,24141,318757945344,26.58
554.452,1828100,99560,0,1927660,4120892,24152,318887673856,26.58
554.553,1828100,102032,0,1930132,4120892,24163,319018369024,26.58
554.653,1828100,104784,0,1932884,4120892,24174,319144488960,26.58
554.753,1828100,108112,0,1936212,4120892,24185,319264722944,26.58
554.854,1828100,110200,0,1938300,4120892,24197,319402340352,26.58
554.954,1828100,112632,0,1940732,4120892,24206,319508135936,26.58
555.054,1828100,109024,0,1937124,4120892,24214,319626174464,26.58
555.156,1828100,104368,0,1932468,4120892,24226,319758229504,26.58
555.256,1828100,102440,0,1930540,4120892,24235,319887073280,26.58
555.357,1828100,105376,0,1933476,4120892,24247,320021622784,27.38
555.457,1828100,107228,0,1935328,4120892,24261,320139173888,27.38
555.557,1828100,108124,0,1936224,4120892,24271,320267673600,27.38
555.658,1828100,108952,0,1937052,4120892,24279,320378556416,27.38
555.758,1828100,104956,0,1933056,4120892,24291,320497516544,27.38
555.858,1828100,94344,0,1922444,4120892,24299,320615653376,27.38
555.959,1828100,90612,0,1918712,4120892,24311,320753537024,27.38
556.059,1828100,83656,0,1911756,4120892,24320,320888643584,27.38
556.159,1828100,76200,0,1904300,4120892,24333,321030668288,27.38
556.260,1828100,73300,0,1901400,4120892,24344,321164832768,27.38
556.360,1828100,70944,0,1899044,4120892,24354,321295876096,27.38
556.461,1828100,70604,0,1898704,4120892,24363,321418432512,27.38
556.561,1828100,70664,0,1898764,4120892,24372,321541128192,27.38
556.661,1828100,65148,0,1893248,4120892,24381,321663954944,27.38
556.762,1828100,65200,0,1893300,4120892,24389,321783451648,27.38
556.862,1828100,62916,0,1891016,4120892,24399,321913200640,27.38
556.962,1828100,62348,0,1890448,4120892,24407,322043977728,27.38
557.063,1828100,62604,0,1890704,4120892,24416,322170470400,27.38
557.163,1828100,62648,0,1890748,4120892,24426,322294095872,27.38
557.263,1828100,61624,0,1889724,4120892,24435,322420142080,27.49
557.364,1828100,59968,0,1888068,4120892,24443,322549805056,27.49
557.464,1828100,56772,0,1884872,4120892,24454,322673963008,27.49
557.564,1828100,52992,0,1881092,4120892,24464,322800697344,27.49
557.665,1828100,53120,0,1881220,4120892,24474,322939133952,27.49
557.765,1828100,53988,0,1882088,4120892,24486,323074830336,27.49
557.865,1828100,54224,0,1882324,4120892,24498,323227017216,27.49
557.966,1828100,54388,0,1882488,4120892,24507,323366477824,27.49
558.066,1828100,52804,0,1880904,4120892,24515,323512651776,27.49
558.166,1828100,52860,0,1880960,4120892,24527,323638095872,27.49
558.267,1828100,52992,0,1881092,4120892,24538,323774152704,27.49
558.367,1828100,54472,0,1882572,4120892,24551,323924750336,27.49
558.468,1828100,52188,0,1880288,4120892,24561,324058234880,27.49
558.568,1828100,51732,0,1879832,4120892,24573,324197306368,27.49
558.668,1828100,53456,0,1881556,4120892,24585,324349984768,27.49
558.769,1828100,52312,0,1880412,4120892,24595,324488015872,27.49
558.869,1828100,52760,0,1880860,4120892,24605,324624859136,27.49
558.969,1828100,53976,0,1882076,4120892,24618,324763131904,27.49
559.070,1828100,55088,0,1883188,4120892,24628,324899811328,27.49
559.170,1828100,56048,0,1884148,4120892,24638,325035122688,27.49
559.271,1828100,57560,0,1885660,4120892,24649,325184208896,27.76
559.371,1828100,59800,0,1887900,4120892,24662,325328404480,27.76
559.472,1828100,62036,0,1890136,4120892,24675,325483532288,27.76
559.572,1828100,61900,0,1890000,4120892,24684,325620916224,27.76
559.673,1828100,61008,0,1889108,4120892,24694,325760786432,27.76
559.773,1828100,60276,0,1888376,4120892,24706,325904474112,27.76
559.874,1828100,60968,0,1889068,4120892,24716,326047219712,27.76
559.974,1828100,63972,0,1892072,4120892,24728,326182318080,27.76
560.075,1828100,65380,0,1893480,4120892,24740,326317166592,27.76
560.175,1828100,66144,0,1894244,4120892,24751,326466584576,27.76
560.276,1828100,67808,0,1895908,4120892,24762,326603382784,27.76
560.377,1828100,70960,0,1899060,4120892,24776,326752878592,27.76
560.477,1828100,72148,0,1900248,4120892,24787,326890643456,27.76
560.578,1828100,75480,0,1903580,4120892,24797,327028355072,27.76
560.679,1828100,76508,0,1904608,4120892,24809,327163461632,27.76
560.779,1828100,77848,0,1905948,4120892,24822,327300239360,27.76
560.880,1828100,79192,0,1907292,4120892,24833,327434600448,27.76
560.980,1828100,80212,0,1908312,4120892,24845,327554437120,27.76
561.080,1828100,80980,0,1909080,4120892,24854,327690620928,27.76
561.181,1828100,82952,0,1911052,4120892,24867,327822180352,27.76
561.282,1828100,85320,0,1913420,4120892,24878,327959076864,29.25
561.382,1828100,85884,0,1913984,4120892,24889,328098664448,29.25
561.482,1828100,87764,0,1915864,4120892,24905,328234348544,29.25
561.583,1828100,88700,0,1916800,4120892,24916,328362516480,29.25
561.683,1828100,89660,0,1917760,4120892,24926,328493318144,29.25
561.784,1828100,91324,0,1919424,4120892,24936,328621285376,29.25
561.884,1828100,93532,0,1921632,4120892,24946,328740200448,29.25
561.985,1828100,95128,0,1923228,4120892,24954,328877686784,29.25
562.085,1828100,95772,0,1923872,4120892,24966,329002328064,29.25
562.186,1828100,99556,0,1927656,4120892,24978,329133502464,29.25
562.286,1828100,102452,0,1930552,4120892,24990,329253916672,29.25
562.387,1828100,105920,0,1934020,4120892,25000,329380118528,29.25
562.487,1828100,106372,0,1934472,4120892,25008,329494478848,29.25
562.587,1828100,107540,0,1935640,4120892,25017,329633914880,29.25
562.688,1828100,112292,0,1940392,4120892,25029,329780674560,29.25
562.788,1828100,114232,0,1942332,4120892,25040,329934508032,29.25
562.889,1828100,116344,0,1944444,4120892,25052,330055016448,29.25
562.989,1828100,118304,0,1946404,4120892,25063,330197442560,29.25
563.090,1828100,122604,0,1950704,4120892,25074,330328932352,29.25
563.190,1828100,123484,0,1951584,4120892,25085,330453864448,29.25
563.291,1828100,125424,0,1953524,4120892,25093,330589503488,29.21
563.391,1828100,127772,0,1955872,4120892,25106,330715774976,29.21
563.491,1828100,131240,0,1959340,4120892,25120,330849226752,29.21
563.592,1828100,131844,0,1959944,4120892,25134,330947526656,29.21
563.692,1828100,129564,0,1957664,4120892,25146,331083304960,29.21
563.793,1828100,131364,0,1959464,4120892,25154,331172421632,29.21
563.893,1828100,128436,0,1956536,4120892,25165,331280838656,29.21
563.994,1828100,125188,0,1953288,4120892,25174,331397980160,29.21
564.094,1828100,120672,0,1948772,4120892,25183,331526045696,29.21
564.195,1828100,110956,0,1939056,4120892,25193,331638681600,29.21
564.295,1828100,99448,0,1927548,4120892,25205,331757645824,29.21
564.396,1828100,93752,0,1921852,4120892,25212,331866157056,29.21
564.496,1828100,82364,0,1910464,4120892,25222,331987324928,29.21
564.596,1828100,72580,0,1900680,4120892,25234,332126109696,29.21
564.697,1828100,71808,0,1899908,4120892,25243,332256706560,29.21
564.797,1828100,70004,0,1898104,4120892,25255,332371517440,29.21
564.898,1828100,65300,0,1893400,4120892,25266,332496883712,29.21
564.998,1828100,64516,0,1892616,4120892,25275,332610859008,29.21
565.099,1828100,62004,0,1890104,4120892,25284,332729929728,29.21
565.199,1828100,63628,0,1891728,4120892,25295,332843683840,29.21
565.299,1828100,62388,0,1890488,4120892,25306,332972924928,25.73
565.400,1828100,61448,0,1889548,4120892,25317,333096333312,25.73
565.500,1828100,62336,0,1890436,4120892,25327,333211185152,25.73
565.601,1828100,62140,0,1890240,4120892,25336,333335863296,25.73
565.701,1828100,61320,0,1889420,4120892,25345,333462913024,25.73
565.801,1828100,63424,0,1891524,4120892,25360,333589303296,25.73
565.902,1828100,63388,0,1891488,4120892,25369,333726232576,25.73
566.002,1828100,64996,0,1893096,4120892,25381,333863759872,25.73
566.102,1828100,65564,0,1893664,4120892,25393,334010290176,25.73
566.203,1828100,67352,0,1895452,4120892,25404,334151409664,25.73
566.303,1828100,67732,0,1895832,4120892,25416,334301712384,25.73
566.403,1828100,68320,0,1896420,4120892,25427,334442020864,25.73
566.504,1828100,68580,0,1896680,4120892,25438,334586716160,25.73
566.604,1828100,67968,0,1896068,4120892,25448,334724538368,25.73
566.704,1828100,68152,0,1896252,4120892,25460,334859317248,25.73
566.805,1828100,66524,0,1894624,4120892,25471,335011336192,25.73
566.905,1828100,64260,0,1892360,4120892,25483,335158898688,25.73
567.006,1828100,63580,0,1891680,4120892,25494,335325818880,25.73
567.106,1828100,63892,0,1891992,4120892,25506,335466790912,25.73
567.206,1828100,64616,0,1892716,4120892,25519,335624822784,25.78
567.307,1828100,66856,0,1894956,4120892,25531,335777103872,25.78
567.407,1828100,68816,0,1896916,4120892,25544,335926603776,25.78
567.507,1828100,71824,0,1899924,4120892,25555,336051572736,25.78
567.608,1828100,73028,0,1901128,4120892,25567,336209403904,25.78
567.708,1828100,71980,0,1900080,4120892,25579,336354488320,25.78
567.808,1828100,73044,0,1901144,4120892,25590,336498532352,25.78
567.909,1828100,69876,0,1897976,4120892,25599,336637829120,25.78
568.009,1828100,69792,0,1897892,4120892,25611,336773550080,25.78
568.110,1828100,69768,0,1897868,4120892,25623,336906702848,25.78
568.210,1828100,70752,0,1898852,4120892,25633,337045217280,25.78
568.311,1828100,70112,0,1898212,4120892,25643,337180848128,25.78
568.411,1828100,70880,0,1898980,4120892,25656,337326907392,25.78
568.511,1828100,71344,0,1899444,4120892,25668,337464680448,25.78
568.612,1828100,71680,0,1899780,4120892,25678,337612406784,25.78
568.712,1828100,72744,0,1900844,4120892,25689,337741398016,25.78
568.812,1828100,73984,0,1902084,4120892,25701,337898774528,25.78
568.912,1828100,74096,0,1902196,4120892,25712,338028584960,25.78
569.013,1828100,74860,0,1902960,4120892,25721,338163859456,25.78
569.113,1828100,74916,0,1903016,4120892,25731,338313216000,23.28
569.214,1828100,76456,0,1904556,4120892,25743,338457817088,23.28
569.314,1828100,76648,0,1904748,4120892,25753,338603515904,23.28
569.415,1828100,78120,0,1906220,4120892,25763,338736082944,23.28
569.515,1828100,79080,0,1907180,4120892,25773,338887430144,23.28
569.615,1828100,79464,0,1907564,4120892,25783,339013939200,23.28
569.716,1828100,79848,0,1907948,4120892,25793,339153321984,23.28
569.816,1828100,80608,0,1908708,4120892,25804,339293786112,23.28
569.916,1828100,81228,0,1909328,4120892,25815,339441680384,23.28
570.016,1828100,82756,0,1910856,4120892,25828,339593248768,23.28
570.117,1828100,83204,0,1911304,4120892,25840,339744825344,23.28
570.217,1828100,85000,0,1913100,4120892,25853,339907063808,23.28
570.317,1828100,86344,0,1914444,4120892,25865,340052021248,23.28
570.418,1828100,88008,0,1916108,4120892,25874,340200747008,23.28
570.518,1828100,89796,0,1917896,4120892,25885,340336492544,23.28
570.619,1828100,89996,0,1918096,4120892,25897,340478709760,23.28
570.719,1828100,91336,0,1919436,4120892,25907,340614705152,23.28
570.819,1828100,92488,0,1920588,4120892,25921,340767346688,23.28
570.920,1828100,92464,0,1920564,4120892,25930,340905746432,23.28
571.020,1828100,93276,0,1921376,4120892,25940,341038653440,25.22
571.120,1828100,93352,0,1921452,4120892,25950,341175074816,25.22
571.221,1828100,94220,0,1922320,4120892,25960,341323935744,25.22
571.321,1828100,96460,0,1924560,4120892,25972,341466984448,25.22
571.422,1828100,93904,0,1922004,4120892,25982,341570428928,25.22
571.522,1828100,87968,0,1916068,4120892,25994,341702041600,25.22
571.622,1828100,80708,0,1908808,4120892,26005,341840588800,25.22
571.723,1828100,82116,0,1910216,4120892,26016,341989040128,25.22
571.823,1828100,84224,0,1912324,4120892,26030,342126575616,25.22
571.923,1828100,85312,0,1913412,4120892,26038,342230204416,25.22
572.024,1828100,80264,0,1908364,4120892,26049,342355046400,25.22
572.124,1828100,74372,0,1902472,4120892,26056,342479581184,25.22
572.224,1828100,71440,0,1899540,4120892,26064,342589423616,25.22
572.325,1828100,68532,0,1896632,4120892,26073,342712336384,25.22
572.425,1828100,65916,0,1894016,4120892,26083,342829219840,25.22
572.525,1828100,63836,0,1891936,4120892,26092,342955237376,25.22
572.626,1828100,58156,0,1886256,4120892,26103,343080034304,25.22
572.726,1828100,53980,0,1882080,4120892,26113,343197364224,25.22
572.826,1828100,51616,0,1879716,4120892,26124,343335825408,25.22
572.927,1828100,50616,0,1878716,4120892,26133,343449612288,22.64
573.027,1828100,48092,0,1876192,4120892,26142,343572336640,22.64
573.127,1828100,45756,0,1873856,4120892,26150,343706533888,22.64
573.228,1828100,45236,0,1873336,4120892,26160,343820734464,22.64
573.328,1828100,44340,0,1872440,4120892,26169,343945592832,22.64
573.428,1828100,43900,0,1872000,4120892,26181,344067801088,22.64
573.529,1828100,43804,0,1871904,4120892,26190,344198119424,22.64
573.629,1828100,44316,0,1872416,4120892,26200,344341032960,22.64
573.729,1828100,43232,0,1871332,4120892,26210,344459603968,22.64
573.830,1828100,43972,0,1872072,4120892,26220,344602746880,22.64
573.930,1828100,44292,0,1872392,4120892,26231,344746729472,22.64
574.030,1828100,44840,0,1872940,4120892,26241,344888557568,22.64
574.131,1828100,45608,0,1873708,4120892,26254,345029599232,22.64
574.231,1828100,45988,0,1874088,4120892,26263,345190903808,22.64
574.331,1828100,46744,0,1874844,4120892,26273,345313685504,22.64
574.432,1828100,46736,0,1874836,4120892,26284,345455120384,22.64
574.532,1828100,46616,0,1874716,4120892,26294,345593139200,22.64
574.633,1828100,46552,0,1874652,4120892,26303,345740201984,22.64
574.733,1828100,46812,0,1874912,4120892,26313,345869869056,22.64
574.833,1828100,47000,0,1875100,4120892,26323,346026176512,25.24
574.933,1828100,46976,0,1875076,4120892,26333,346159443968,25.24
575.034,1828100,47752,0,1875852,4120892,26349,346315829248,25.24
575.134,1828100,48204,0,1876304,4120892,26360,346467078144,25.24
575.235,1828100,48140,0,1876240,4120892,26370,346616627200,25.24
575.335,1828100,49664,0,1877764,4120892,26385,346783539200,25.24
575.435,1828100,51264,0,1879364,4120892,26395,346927579136,25.24
575.536,1828100,53504,0,1881604,4120892,26404,347065864192,25.24
575.636,1828100,55516,0,1883616,4120892,26416,347209084928,25.24
575.736,1828100,56032,0,1884132,4120892,26427,347358765056,25.24
575.837,1828100,58520,0,1886620,4120892,26438,347505856512,25.24
575.937,1828100,58560,0,1886660,4120892,26448,347659579392,25.24
576.037,1828100,59212,0,1887312,4120892,26459,347800760320,25.24
576.138,1828100,60352,0,1888452,4120892,26471,347950616576,25.24
576.238,1828100,60792,0,1888892,4120892,26481,348111515648,25.24
576.339,1828100,61612,0,1889712,4120892,26491,348249792512,25.24
576.439,1828100,60992,0,1889092,4120892,26503,348414754816,25.24
576.539,1828100,63104,0,1891204,4120892,26518,348595134464,25.24
576.640,1828100,64128,0,1892228,4120892,26531,348770979840,25.24
576.740,1828100,64640,0,1892740,4120892,26545,348927639552,24.29
576.840,1828100,65280,0,1893380,4120892,26560,349091655680,24.29
576.941,1828100,67000,0,1895100,4120892,26570,349247791104,24.29
577.041,1828100,67068,0,1895168,4120892,26584,349417058304,24.29
577.141,1828100,67228,0,1895328,4120892,26598,349578280960,24.29
577.242,1828100,67108,0,1895208,4120892,26607,349723824128,24.29
577.342,1828100,66688,0,1894788,4120892,26619,349875208192,24.29
577.442,1828100,66332,0,1894432,4120892,26631,350016782336,24.29
577.543,1828100,66332,0,1894432,4120892,26645,350192017408,24.29
577.643,1828100,67544,0,1895644,4120892,26656,350326005760,24.29
577.744,1828100,68632,0,1896732,4120892,26665,350472888320,24.29
577.844,1828100,69784,0,1897884,4120892,26675,350602948608,24.29
577.944,1828100,69804,0,1897904,4120892,26686,350762635264,24.29
578.045,1828100,70636,0,1898736,4120892,26697,350915010560,24.29
578.145,1828100,71596,0,1899696,4120892,26710,351054348288,24.29
578.246,1828100,71852,0,1899952,4120892,26721,351191703552,24.29
578.346,1828100,74404,0,1902504,4120892,26734,351336488960,24.29
578.446,1828100,75428,0,1903528,4120892,26744,351472066560,24.29
578.547,1828100,76812,0,1904912,4120892,26755,351619317760,23.69
578.647,1828100,77780,0,1905880,4120892,26765,351758409728,23.69
578.747,1828100,78544,0,1906644,4120892,26778,351907872768,23.69
578.848,1828100,79312,0,1907412,4120892,26787,352038440960,23.69
578.948,1828100,80160,0,1908260,4120892,26799,352175755264,23.69
579.049,1828100,80288,0,1908388,4120892,26809,352321409024,23.69
579.149,1828100,81184,0,1909284,4120892,26821,352444022784,23.69
579.249,1828100,81820,0,1909920,4120892,26832,352596320256,23.69
579.350,1828100,82884,0,1910984,4120892,26844,352732737536,23.69
579.450,1828100,83680,0,1911780,4120892,26853,352880001024,23.69
579.551,1828100,85092,0,1913192,4120892,26865,353015476224,23.69
579.651,1828100,86052,0,1914152,4120892,26875,353161502720,23.69
579.751,1828100,87592,0,1915692,4120892,26888,353319813120,23.69
579.852,1828100,88424,0,1916524,4120892,26898,353458360320,23.69
579.952,1828100,88796,0,1916896,4120892,26909,353599107072,23.69
580.052,1828100,88036,0,1916136,4120892,26919,353732890624,23.69
580.152,1828100,89384,0,1917484,4120892,26931,353873657856,23.69
580.253,1828100,88696,0,1916796,4120892,26943,354009006080,23.69
580.353,1828100,85160,0,1913260,4120892,26954,354142076928,23.69
580.453,1828100,83784,0,1911884,4120892,26963,354275135488,24.47
580.554,1828100,76396,0,1904496,4120892,26974,354405085184,24.47
580.654,1828100,75500,0,1903600,4120892,26986,354538508288,24.47
580.754,1828100,74528,0,1902628,4120892,26994,354664890368,24.47
580.855,1828100,71444,0,1899544,4120892,27005,354793562112,24.47
580.955,1828100,67696,0,1895796,4120892,27017,354922151936,24.47
581.055,1828100,65700,0,1893800,4120892,27028,355049320448,24.47
581.156,1828100,65440,0,1893540,4120892,27038,355179433984,24.47
581.256,1828100,59356,0,1887456,4120892,27048,355317366784,24.47
581.356,1828100,55992,0,1884092,4120892,27058,355448217600,24.47
581.457,1828100,54148,0,1882248,4120892,27068,355571511296,24.47
581.557,1828100,49752,0,1877852,4120892,27078,355712708608,24.47
581.658,1828100,48736,0,1876836,4120892,27087,355847585792,24.47
581.758,1828100,48032,0,1876132,4120892,27097,355972775936,24.47
581.858,1828100,47392,0,1875492,4120892,27108,356108500992,24.47
581.959,1828100,45748,0,1873848,4120892,27116,356236005376,24.47
582.059,1828100,44652,0,1872752,4120892,27126,356378140672,24.47
582.159,1828100,44168,0,1872268,4120892,27134,356504190976,24.47
582.260,1828100,44236,0,1872336,4120892,27145,356634681344,22.21
582.360,1828100,44488,0,1872588,4120892,27153,356765982720,22.21
582.460,1828100,44544,0,1872644,4120892,27162,356887957504,22.21
582.561,1828100,44800,0,1872900,4120892,27173,357032103936,22.21
582.661,1828100,44612,0,1872712,4120892,27181,357161177088,22.21
582.762,1828100,44676,0,1872776,4120892,27190,357293776896,22.21
582.862,1828100,44924,0,1873024,4120892,27200,357426573312,22.21
582.962,1828100,43904,0,1872004,4120892,27209,357562941440,22.21
583.063,1828100,43588,0,1871688,4120892,27218,357707464704,22.21
583.163,1828100,43456,0,1871556,4120892,27228,357842173952,22.21
583.263,1828100,43952,0,1872052,4120892,27238,358003073024,22.21
583.364,1828100,44716,0,1872816,4120892,27249,358141263872,22.21
583.464,1828100,45228,0,1873328,4120892,27260,358279196672,22.21
583.564,1828100,46140,0,1874240,4120892,27271,358433579008,22.21
583.665,1828100,46140,0,1874240,4120892,27280,358572425216,22.21
583.765,1828100,47484,0,1875584,4120892,27292,358730326016,22.21
583.865,1828100,48260,0,1876360,4120892,27301,358880063488,22.21
583.966,1828100,49064,0,1877164,4120892,27312,359011221504,22.21
584.066,1828100,49400,0,1877500,4120892,27323,359159382016,22.21
584.166,1828100,50936,0,1879036,4120892,27333,359286861824,22.21
584.267,1828100,50936,0,1879036,4120892,27343,359424663552,23.62
584.367,1828100,51256,0,1879356,4120892,27353,359560192000,23.62
584.467,1828100,51484,0,1879584,4120892,27363,359690764288,23.62
584.568,1828100,52264,0,1880364,4120892,27373,359826972672,23.62
584.668,1828100,53240,0,1881340,4120892,27382,359959539712,23.62
584.768,1828100,53240,0,1881340,4120892,27392,360098074624,23.62
584.869,1828100,53432,0,1881532,4120892,27401,360252190720,23.62
584.969,1828100,53064,0,1881164,4120892,27411,360397025280,23.62
585.070,1828100,53192,0,1881292,4120892,27420,360530501632,23.62
585.170,1828100,53004,0,1881104,4120892,27429,360672215040,23.62
585.270,1828100,53132,0,1881232,4120892,27439,360804044800,23.62
585.371,1828100,53772,0,1881872,4120892,27448,360937684992,23.62
585.471,1828100,53836,0,1881936,4120892,27459,361082875904,23.62
585.571,1828100,53964,0,1882064,4120892,27468,361214992384,23.62
585.672,1828100,54500,0,1882600,4120892,27477,361355902976,23.62
585.772,1828100,54884,0,1882984,4120892,27487,361484681216,23.62
585.872,1828100,55720,0,1883820,4120892,27498,361624092672,23.62
585.973,1828100,55764,0,1883864,4120892,27508,361762004992,23.62
586.073,1828100,55828,0,1883928,4120892,27517,361898700800,23.62
586.173,1828100,56404,0,1884504,4120892,27525,362037006336,21.34
586.274,1828100,56468,0,1884568,4120892,27536,362160627712,21.34
586.374,1828100,56540,0,1884640,4120892,27546,362301030400,21.34
586.475,1828100,57116,0,1885216,4120892,27554,362437419008,21.34
586.575,1828100,57692,0,1885792,4120892,27564,362567753728,21.34
586.675,1828100,58140,0,1886240,4120892,27577,362717609984,21.34
586.776,1828100,58844,0,1886944,4120892,27588,362873020416,21.34
586.876,1828100,59100,0,1887200,4120892,27598,363023249408,21.34
586.976,1828100,60048,0,1888148,4120892,27611,363161935872,21.34
587.077,1828100,61068,0,1889168,4120892,27622,363301404672,21.34
587.177,1828100,61492,0,1889592,4120892,27632,363441594368,21.34
587.277,1828100,62328,0,1890428,4120892,27643,363589091328,21.34
587.378,1828100,62712,0,1890812,4120892,27654,363736920064,21.34
587.478,1828100,62648,0,1890748,4120892,27663,363863113728,21.34
587.579,1828100,63352,0,1891452,4120892,27672,363992317952,21.34
587.679,1828100,63864,0,1891964,4120892,27682,364127793152,21.34
587.780,1828100,64660,0,1892760,4120892,27694,364255350784,21.34
587.880,1828100,64476,0,1892576,4120892,27703,364380172288,21.34
587.980,1828100,64284,0,1892384,4120892,27713,364528095232,21.34
588.081,1828100,64476,0,1892576,4120892,27723,364658421760,23.27
588.181,1828100,65116,0,1893216,4120892,27733,364800249856,23.27
588.281,1828100,66012,0,1894112,4120892,27743,364939730944,23.27
588.382,1828100,66612,0,1894712,4120892,27755,365075779584,23.27
588.482,1828100,67060,0,1895160,4120892,27764,365209968640,23.27
588.582,1828100,67212,0,1895312,4120892,27773,365336915968,23.27
588.683,1828100,68056,0,1896156,4120892,27782,365469855744,23.27
588.783,1828100,68940,0,1897040,4120892,27792,365604818944,23.27
588.884,1828100,69132,0,1897232,4120892,27801,365741043712,23.27
588.984,1828100,70220,0,1898320,4120892,27812,365873168384,23.27
589.084,1828100,71500,0,1899600,4120892,27822,366007713792,23.27
589.185,1828100,72204,0,1900304,4120892,27832,366145990656,23.27
589.285,1828100,72716,0,1900816,4120892,27841,366284288000,23.27
589.385,1828100,73676,0,1901776,4120892,27850,366413676544,23.27
589.486,1828100,74380,0,1902480,4120892,27858,366552088576,23.27
589.586,1828100,75468,0,1903568,4120892,27869,366680895488,23.27
589.686,1828100,76300,0,1904400,4120892,27879,366811529216,23.27
589.787,1828100,77132,0,1905232,4120892,27889,366941237248,23.27
589.887,1828100,77772,0,1905872,4120892,27897,367086723072,23.27
589.987,1828100,78412,0,1906512,4120892,27906,367206547456,23.27
590.088,1828100,79628,0,1907728,4120892,27917,367354408960,21.41
590.188,1828100,80524,0,1908624,4120892,27927,367469817856,21.41
590.288,1828100,81520,0,1909620,4120892,27938,367612764160,21.41
590.389,1828100,81904,0,1910004,4120892,27946,367757225984,21.41
590.489,1828100,82800,0,1910900,4120892,27956,367888384000,21.41
590.589,1828100,83760,0,1911860,4120892,27965,368032964608,21.41
590.690,1828100,84400,0,1912500,4120892,27975,368165781504,21.41
590.790,1828100,85616,0,1913716,4120892,27985,368310239232,21.41
590.891,1828100,86704,0,1914804,4120892,27995,368458768384,21.41
590.991,1828100,87344,0,1915444,4120892,28004,368585949184,21.41
591.091,1828100,88880,0,1916980,4120892,28014,368712089600,21.41
591.192,1828100,89264,0,1917364,4120892,28022,368846249984,21.41
591.292,1828100,89904,0,1918004,4120892,28033,368973692928,21.41
591.392,1828100,90992,0,1919092,4120892,28041,369087819776,21.41
591.493,1828100,91440,0,1919540,4120892,28051,369206190080,21.41
591.594,1828100,92464,0,1920564,4120892,28060,369319874560,21.41
591.695,1828100,93232,0,1921332,4120892,28069,369444020224,21.41
591.796,1828100,94320,0,1922420,4120892,28078,369564098560,21.41
591.898,1828100,95028,0,1923128,4120892,28088,369695612928,21.41
591.998,1828100,95732,0,1923832,4120892,28096,369798709248,23.51
592.099,1828100,88712,0,1916812,4120892,28103,369886941184,23.51
592.200,1828100,81824,0,1909924,4120892,28112,370007277568,23.51
592.301,1828100,77456,0,1905556,4120892,28120,370123001856,23.51
592.402,1828100,72824,0,1900924,4120892,28128,370237227008,23.51
592.503,1828100,68760,0,1896860,4120892,28135,370344923136,23.51
592.603,1828100,65680,0,1893780,4120892,28143,370449625088,23.51
592.704,1828100,60828,0,1888928,4120892,28152,370560999424,23.51
592.805,1828100,58780,0,1886880,4120892,28160,370683748352,23.51
592.906,1828100,56732,0,1884832,4120892,28168,370807369728,23.51
593.007,1828100,53396,0,1881496,4120892,28179,370921316352,23.51
593.108,1828100,50824,0,1878924,4120892,28188,371027783680,23.51
593.209,1828100,50076,0,1878176,4120892,28195,371149611008,23.51
593.309,1828100,48604,0,1876704,4120892,28204,371257184256,23.51
593.411,1828100,46072,0,1874172,4120892,28212,371386986496,23.51
593.511,1828100,44544,0,1872644,4120892,28222,371517886464,23.51
593.612,1828100,42808,0,1870908,4120892,28232,371635871744,23.51
593.713,1828100,41520,0,1869620,4120892,28240,371764584448,23.51
593.813,1828100,40148,0,1868248,4120892,28250,371880570880,23.51
593.914,1828100,39740,0,1867840,4120892,28257,372005724160,23.51
594.015,1828100,39288,0,1867388,4120892,28266,372114006016,24.5
594.116,1828100,39736,0,1867836,4120892,28277,372249821184,24.5
594.216,1828100,39928,0,1868028,4120892,28288,372382351360,24.5
594.317,1828100,39800,0,1867900,4120892,28296,372498178048,24.5
594.418,1828100,40504,0,1868604,4120892,28303,372632031232,24.5
594.518,1828100,41076,0,1869176,4120892,28312,372762787840,24.5
594.619,1828100,41720,0,1869820,4120892,28320,372889907200,24.5
594.720,1828100,42744,0,1870844,4120892,28328,372997242880,24.5
594.820,1828100,42728,0,1870828,4120892,28338,373141381120,24.5
594.921,1828100,43448,0,1871548,4120892,28349,373259653120,24.5
595.022,1828100,43996,0,1872096,4120892,28357,373386973184,24.5
595.123,1828100,44076,0,1872176,4120892,28366,373511761920,24.5
595.224,1828100,44300,0,1872400,4120892,28375,373638303744,24.5
595.325,1828100,44244,0,1872344,4120892,28384,373768220672,24.5
595.425,1828100,44612,0,1872712,4120892,28392,373890285568,24.5
595.526,1828100,45188,0,1873288,4120892,28403,374019014656,24.5
595.626,1828100,45704,0,1873804,4120892,28414,374155948032,24.5
595.727,1828100,46000,0,1874100,4120892,28423,374285565952,24.5
595.827,1828100,46960,0,1875060,4120892,28433,374403244032,24.5
595.928,1828100,47984,0,1876084,4120892,28442,374533885952,24.5
596.029,1828100,49904,0,1878004,4120892,28452,374679437312,24.5
596.129,1828100,51544,0,1879644,4120892,28464,374805389312,22.96
596.229,1828100,52372,0,1880472,4120892,28475,374954024960,22.96
596.330,1828100,53208,0,1881308,4120892,28485,375094849536,22.96
596.430,1828100,53140,0,1881240,4120892,28497,375248781312,22.96
596.531,1828100,54032,0,1882132,4120892,28506,375377022976,22.96
596.631,1828100,54324,0,1882424,4120892,28514,375523143680,22.96
596.731,1828100,54396,0,1882496,4120892,28524,375641337856,22.96
596.832,1828100,54708,0,1882808,4120892,28536,375797428224,22.96
596.932,1828100,55540,0,1883640,4120892,28547,375936880640,22.96
597.032,1828100,56052,0,1884152,4120892,28558,376096026624,22.96
597.133,1828100,57076,0,1885176,4120892,28568,376232009728,22.96
597.233,1828100,57908,0,1886008,4120892,28578,376372768768,22.96
597.333,1828100,57656,0,1885756,4120892,28588,376520839168,22.96
597.434,1828100,57912,0,1886012,4120892,28600,376655859712,22.96
597.534,1828100,58548,0,1886648,4120892,28610,376791425024,22.96
597.634,1828100,57728,0,1885828,4120892,28622,376953335808,22.96
597.735,1828100,58060,0,1886160,4120892,28632,377101742080,22.96
597.835,1828100,58764,0,1886864,4120892,28641,377237098496,22.96
597.936,1828100,59468,0,1887568,4120892,28651,377363881984,22.96
598.036,1828100,60108,0,1888208,4120892,28662,377483468800,24.96
598.136,1828100,60236,0,1888336,4120892,28671,377623445504,24.96
598.237,1828100,60788,0,1888888,4120892,28680,377761099776,24.96
598.337,1828100,60980,0,1889080,4120892,28689,377907027968,24.96
598.437,1828100,60920,0,1889020,4120892,28701,378037583872,24.96
598.538,1828100,61624,0,1889724,4120892,28709,378171596800,24.96
598.638,1828100,62520,0,1890620,4120892,28718,378302300160,24.96
598.739,1828100,63068,0,1891168,4120892,28728,378432475136,24.96
598.839,1828100,63640,0,1891740,4120892,28737,378561437696,24.96
598.940,1828100,64180,0,1892280,4120892,28747,378699558912,24.96
599.040,1828100,64948,0,1893048,4120892,28757,378824216576,24.96
599.140,1828100,65844,0,1893944,4120892,28765,378948280320,24.96
599.241,1828100,66740,0,1894840,4120892,28775,379091189760,24.96
599.342,1828100,67252,0,1895352,4120892,28784,379218522112,24.96
599.442,1828100,67824,0,1895924,4120892,28793,379347640320,24.96
599.543,1828100,68400,0,1896500,4120892,28802,379480657920,24.96
599.643,1828100,69464,0,1897564,4120892,28813,379613290496,24.96
599.743,1828100,70168,0,1898268,4120892,28823,379756044288,24.96
599.844,1828100,70744,0,1898844,4120892,28832,379888558080,24.96
599.944,1828100,71320,0,1899420,4120892,28842,380025704448,22.43
600.044,1828100,72408,0,1900508,4120892,28852,380152029184,22.43
600.145,1828100,72880,0,1900980,4120892,28860,380282109952,22.43
600.245,1828100,73904,0,1902004,4120892,28869,380395794432,22.43
600.345,1828100,74796,0,1902896,4120892,28879,380524027904,22.43
600.446,1828100,75472,0,1903572,4120892,28886,380641402880,22.43
600.546,1828100,73548,0,1901648,4120892,28896,380774629376,22.43
600.646,1828100,70540,0,1898640,4120892,28906,380900376576,22.43
600.747,1828100,67856,0,1895956,4120892,28918,381039267840,22.43
600.847,1828100,65976,0,1894076,4120892,28928,381161656320,22.43
600.948,1828100,64432,0,1892532,4120892,28938,381302226944,22.43
601.048,1828100,62496,0,1890596,4120892,28951,381438607360,22.43
601.148,1828100,60328,0,1888428,4120892,28961,381565063168,22.43
601.249,1828100,58088,0,1886188,4120892,28972,381699936256,22.43
601.349,1828100,58116,0,1886216,4120892,28980,381841862656,22.43
601.449,1828100,58256,0,1886356,4120892,28992,381980422144,22.43
601.550,1828100,57052,0,1885152,4120892,29004,382108606464,22.43
601.650,1828100,56712,0,1884812,4120892,29017,382251528192,22.43
601.750,1828100,57228,0,1885328,4120892,29026,382389727232,22.43
601.851,1828100,56532,0,1884632,4120892,29035,382516768768,23.26
601.951,1828100,56628,0,1884728,4120892,29044,382641016832,23.26
602.051,1828100,55764,0,1883864,4120892,29055,382768652288,23.26
602.152,1828100,54864,0,1882964,4120892,29066,382921879552,23.26
602.252,1828100,55416,0,1883516,4120892,29078,383068454912,23.26
602.353,1828100,55216,0,1883316,4120892,29089,383211999232,23.26
602.453,1828100,54988,0,1883088,4120892,29098,383345770496,23.26
602.553,1828100,55560,0,1883660,4120892,29106,383482970112,23.26
602.654,1828100,55536,0,1883636,4120892,29116,383615561728,23.26
602.754,1828100,57212,0,1885312,4120892,29127,383744659456,23.26
602.855,1828100,57012,0,1885112,4120892,29137,383881441280,23.26
602.955,1828100,56764,0,1884864,4120892,29150,384024158208,23.26
603.055,1828100,56780,0,1884880,4120892,29162,384140783616,23.26
603.156,1828100,58616,0,1886716,4120892,29174,384290795520,23.26
603.256,1828100,57968,0,1886068,4120892,29184,384423854080,23.26
603.356,1828100,59696,0,1887796,4120892,29194,384552431616,23.26
603.456,1828100,58484,0,1886584,4120892,29203,384690274304,23.26
603.557,1828100,58132,0,1886232,4120892,29212,384823386112,23.26
603.657,1828100,58708,0,1886808,4120892,29224,384974381056,23.26
603.758,1828100,59472,0,1887572,4120892,29234,385132875776,21.76
603.858,1828100,60176,0,1888276,4120892,29245,385280667648,21.76
603.958,1828100,60992,0,1889092,4120892,29255,385428434944,21.76
604.059,1828100,62720,0,1890820,4120892,29268,385578135552,21.76
604.159,1828100,64128,0,1892228,4120892,29279,385736654848,21.76
604.259,1828100,66240,0,1894340,4120892,29293,385887080448,21.76
604.360,1828100,66876,0,1894976,4120892,29304,386038206464,21.76
604.460,1828100,68224,0,1896324,4120892,29315,386195906560,21.76
604.560,1828100,69972,0,1898072,4120892,29327,386339688448,21.76
604.661,1828100,71120,0,1899220,4120892,29340,386477281280,21.76
604.761,1828100,72640,0,1900740,4120892,29351,386615418880,21.76
604.861,1828100,74728,0,1902828,4120892,29364,386775064576,21.76
604.962,1828100,78468,0,1906568,4120892,29376,386917261312,21.76
605.062,1828100,80452,0,1908552,4120892,29388,387065053184,21.76
605.163,1828100,82192,0,1910292,4120892,29400,387193946112,21.76
605.263,1828100,83864,0,1911964,4120892,29409,387337162752,21.76
605.363,1828100,87560,0,1915660,4120892,29421,387479232512,21.76
605.464,1828100,90864,0,1918964,4120892,29433,387628109824,21.76
605.564,1828100,93820,0,1921920,4120892,29446,387782180864,21.76
605.664,1828100,101820,0,1929920,4120892,29458,387921502208,22.53
605.765,1828100,102460,0,1930560,4120892,29468,388060971008,22.53
605.865,1828100,103548,0,1931648,4120892,29479,388201517056,22.53
605.965,1828100,105212,0,1933312,4120892,29490,388344987648,22.53
606.066,1828100,105404,0,1933504,4120892,29502,388488347648,22.53
606.166,1828100,107092,0,1935192,4120892,29514,388638134272,22.53
606.266,1828100,108152,0,1936252,4120892,29526,388784136192,22.53
606.367,1828100,109440,0,1937540,4120892,29538,388910641152,22.53
606.467,1828100,110892,0,1938992,4120892,29548,389062967296,22.53
606.568,1828100,114092,0,1942192,4120892,29557,389189586944,22.53
606.668,1828100,115948,0,1944048,4120892,29568,389335359488,22.53
606.768,1828100,117244,0,1945344,4120892,29581,389479469056,22.53
606.868,1828100,118496,0,1946596,4120892,29591,389606936576,22.53
606.969,1828100,119060,0,1947160,4120892,29601,389752459264,22.53
607.069,1828100,120532,0,1948632,4120892,29614,389899022336,22.53
607.169,1828100,122356,0,1950456,4120892,29625,390041079808,22.53
607.270,1828100,122700,0,1950800,4120892,29637,390201683968,22.53
607.370,1828100,124756,0,1952856,4120892,29647,390346022912,22.53
607.471,1828100,126168,0,1954268,4120892,29661,390509649920,22.53
607.571,1828100,129468,0,1957568,4120892,29673,390660161536,22.61
607.671,1828100,131296,0,1959396,4120892,29687,390802989056,22.61
607.772,1828100,133524,0,1961624,4120892,29698,390948790272,22.61
607.872,1828100,134292,0,1962392,4120892,29708,391108644864,22.61
607.972,1828100,137096,0,1965196,4120892,29719,391246815232,22.61
608.073,1828100,138804,0,1966904,4120892,29729,391380992000,22.61
608.173,1828100,140336,0,1968436,4120892,29738,391524257792,22.61
608.273,1828100,143532,0,1971632,4120892,29751,391661572096,22.61
608.374,1828100,146024,0,1974124,4120892,29760,391808204800,22.61
608.474,1828100,152168,0,1980268,4120892,29778,391949815808,22.61
608.574,1828100,154344,0,1982444,4120892,29788,392082731008,22.61
608.675,1828100,157208,0,1985308,4120892,29799,392227934208,22.61
608.775,1828100,160452,0,1988552,4120892,29808,392375910400,22.61
608.875,1828100,163008,0,1991108,4120892,29818,392490835968,22.61
608.976,1828100,167320,0,1995420,4120892,29830,392639619072,22.61
609.076,1828100,169704,0,1997804,4120892,29842,392763305984,22.61
609.176,1828100,173288,0,2001388,4120892,29854,392894414848,22.61
609.277,1828100,176040,0,2004140,4120892,29865,393029967872,22.61
609.377,1828100,179496,0,2007596,4120892,29878,393184092160,22.5
609.478,1828100,180516,0,2008616,4120892,29887,393327673344,22.5
609.578,1828100,184288,0,2012388,4120892,29898,393463746560,22.5
609.678,1828100,188032,0,2016132,4120892,29908,393597919232,22.5
609.779,1828100,192508,0,2020608,4120892,29920,393723387904,22.5
609.879,1828100,197180,0,2025280,4120892,29933,393872326656,22.5
609.979,1828100,202940,0,2031040,4120892,29945,394011635712,22.5
610.080,1828100,184788,0,2012888,4120892,29954,394130382848,22.5
610.180,1828100,159956,0,1988056,4120892,29969,394269810688,22.5
610.280,1828100,158044,0,1986144,4120892,29979,394390913024,22.5
610.381,1828100,147632,0,1975732,4120892,29989,394495574016,22.5
610.481,1828100,125552,0,1953652,4120892,29999,394614263808,22.5
610.581,1828100,123816,0,1951916,4120892,30015,394735136768,22.5
610.682,1828100,118916,0,1947016,4120892,30029,394872205312,22.5
610.782,1828100,109060,0,1937160,4120892,30041,395008262144,22.5
610.882,1828100,102136,0,1930236,4120892,30054,395138682880,22.5
610.983,1828100,95548,0,1923648,4120892,30066,395284713472,22.5
611.083,1828100,96980,0,1925080,4120892,30080,395429470208,22.5
611.183,1828100,96156,0,1924256,4120892,30089,395559768064,22.5
611.284,1828100,97788,0,1925888,4120892,30103,395697815552,23.5
611.384,1828100,95488,0,1923588,4120892,30114,395833958400,23.5
611.484,1828100,95576,0,1923676,4120892,30126,395954335744,23.5
611.585,1828100,101900,0,1930000,4120892,30139,396094103552,23.5
611.685,1828100,104816,0,1932916,4120892,30150,396221980672,23.5
611.785,1828100,111572,0,1939672,4120892,30160,396347920384,23.5
611.886,1828100,113848,0,1941948,4120892,30172,396482392064,23.5
611.986,1828100,113004,0,1941104,4120892,30180,396600696832,23.5
612.086,1828100,113044,0,1941144,4120892,30189,396719067136,23.5
612.187,1828100,118648,0,1946748,4120892,30201,396846915584,23.5
612.287,1828100,121624,0,1949724,4120892,30213,396972716032,23.5
612.388,1828100,124188,0,1952288,4120892,30227,397099569152,23.5
612.488,1828100,126556,0,1954656,4120892,30238,397239021568,23.5
612.588,1828100,127136,0,1955236,4120892,30250,397389324288,23.5
612.689,1828100,110936,0,1939036,4120892,30264,397522210816,23.5
612.789,1828100,108104,0,1936204,4120892,30279,397664149504,23.5
612.889,1828100,101580,0,1929680,4120892,30293,397813518336,23.5
612.990,1828100,99424,0,1927524,4120892,30304,397949644800,23.5
613.090,1828100,99256,0,1927356,4120892,30318,398081961984,23.5
613.190,1828100,95508,0,1923608,4120892,30331,398220767232,21.77
613.291,1828100,96376,0,1924476,4120892,30346,398364905472,21.77
613.391,1828100,92748,0,1920848,4120892,30360,398525837312,21.77
613.491,1828100,95004,0,1923104,4120892,30372,398662144000,21.77
613.592,1828100,97464,0,1925564,4120892,30387,398811734016,21.77
613.692,1828100,104224,0,1932324,4120892,30400,398944804864,21.77
613.793,1828100,119128,0,1947228,4120892,30417,399098806272,21.77
613.893,1828100,121428,0,1949528,4120892,30434,399222042624,21.77
613.993,1828100,128244,0,1956344,4120892,30448,399357087744,21.77
614.093,1828100,129744,0,1957844,4120892,30458,399498358784,21.77
614.194,1828100,131768,0,1959868,4120892,30474,399639822336,21.77
614.294,1828100,132216,0,1960316,4120892,30489,399770783744,21.77
614.395,1828100,131280,0,1959380,4120892,30503,399912677376,21.77
614.495,1828100,135244,0,1963344,4120892,30517,400057016320,21.77
614.595,1828100,140552,0,1968652,4120892,30530,400183341056,21.77
614.696,1828100,146240,0,1974340,4120892,30542,400322752512,21.77
614.796,1828100,149752,0,1977852,4120892,30553,400460767232,21.77
614.896,1828100,154228,0,1982328,4120892,30568,400581496832,21.77
614.997,1828100,157724,0,1985824,4120892,30584,400730812416,21.77
615.097,1828100,162944,0,1991044,4120892,30595,400869642240,22.9
615.197,1828100,168512,0,1996612,4120892,30612,400999047168,22.9
615.298,1828100,173736,0,2001836,4120892,30628,401138335744,22.9
615.398,1828100,175796,0,2003896,4120892,30639,401273180160,22.9
615.498,1828100,177536,0,2005636,4120892,30650,401404121088,22.9
615.599,1828100,181612,0,2009712,4120892,30664,401555304448,22.9
615.699,1828100,184180,0,2012280,4120892,30676,401681838080,22.9
615.800,1828100,187692,0,2015792,4120892,30686,401812209664,22.9
615.900,1828100,190012,0,2018112,4120892,30697,401945124864,22.9
616.000,1828100,193000,0,2021100,4120892,30707,402075430912,22.9
616.101,1828100,195836,0,2023936,4120892,30717,402199961600,22.9
616.201,1828100,197240,0,2025340,4120892,30727,402339377152,22.9
616.301,1828100,199092,0,2027192,4120892,30737,402462208000,22.9
616.402,1828100,200680,0,2028780,4120892,30747,402614566912,22.9
616.502,1828100,204408,0,2032508,4120892,30759,402738835456,22.9
616.603,1828100,208500,0,2036600,4120892,30772,402871025664,22.9
616.703,1828100,210324,0,2038424,4120892,30781,403002200064,22.9
616.803,1828100,201008,0,2029108,4120892,30791,403135991808,22.9
616.904,1828100,200720,0,2028820,4120892,30806,403269042176,22.9
617.004,1828100,201804,0,2029904,4120892,30822,403401089024,23.82
617.104,1828100,206372,0,2034472,4120892,30834,403534782464,23.82
617.205,1828100,207544,0,2035644,4120892,30848,403660980224,23.82
617.305,1828100,208352,0,2036452,4120892,30859,403780308992,23.82
617.405,1828100,212352,0,2040452,4120892,30871,403911446528,23.82
617.506,1828100,189200,0,2017300,4120892,30881,404026486784,23.82
617.606,1828100,163836,0,1991936,4120892,30892,404143788032,23.82
617.706,1828100,148800,0,1976900,4120892,30902,404269805568,23.82
617.807,1828100,132040,0,1960140,4120892,30915,404402954240,23.82
617.907,1828100,116044,0,1944144,4120892,30928,404548968448,23.82
618.007,1828100,110508,0,1938608,4120892,30943,404672987136,23.82
618.108,1828100,97576,0,1925676,4120892,30954,404810190848,23.82
618.208,1828100,91740,0,1919840,4120892,30967,404943515648,23.82
618.309,1828100,89348,0,1917448,4120892,30980,405068337152,23.82
618.409,1828100,89928,0,1918028,4120892,30995,405209300992,23.82
618.509,1828100,90804,0,1918904,4120892,31007,405347872768,23.82
618.610,1828100,87404,0,1915504,4120892,31022,405483438080,23.82
618.710,1828100,88784,0,1916884,4120892,31038,405630586880,23.82
618.811,1828100,91732,0,1919832,4120892,31051,405764653056,23.82
618.911,1828100,90512,0,1918612,4120892,31062,405902831616,21.68
619.011,1828100,91572,0,1919672,4120892,31075,406039404544,21.68
619.112,1828100,92656,0,1920756,4120892,31085,406179549184,21.68
619.212,1828100,88876,0,1916976,4120892,31098,406311780352,21.68
619.312,1828100,88076,0,1916176,4120892,31110,406460895232,21.68
619.413,1828100,87756,0,1915856,4120892,31119,406588071936,21.68
619.513,1828100,87588,0,1915688,4120892,31130,406741053440,21.68
619.613,1828100,84088,0,1912188,4120892,31143,406893637632,21.68
619.714,1828100,81048,0,1909148,4120892,31154,407039021056,21.68
619.814,1828100,82308,0,1910408,4120892,31169,407185313792,21.68
619.914,1828100,86172,0,1914272,4120892,31185,407343661056,21.68
620.015,1828100,87108,0,1915208,4120892,31198,407485018112,21.68
620.115,1828100,89400,0,1917500,4120892,31209,407651315712,21.68
620.216,1828100,91768,0,1919868,4120892,31223,407798415360,21.68
620.316,1828100,95008,0,1923108,4120892,31233,407939133440,21.68
620.416,1828100,95812,0,1923912,4120892,31245,408065445888,21.68
620.516,1828100,98072,0,1926172,4120892,31255,408203386880,21.68
620.617,1828100,100148,0,1928248,4120892,31265,408345587712,21.68
620.717,1828100,104240,0,1932340,4120892,31277,408496103424,21.68
620.817,1828100,100764,0,1928864,4120892,31292,408655695872,21.68
620.918,1828100,100300,0,1928400,4120892,31305,408784932864,23.01
621.018,1828100,101336,0,1929436,4120892,31321,408913772544,23.01
621.119,1828100,103644,0,1931744,4120892,31333,409039155200,23.01
621.219,1828100,104564,0,1932664,4120892,31344,409182650368,23.01
621.319,1828100,105416,0,1933516,4120892,31355,409322819584,23.01
621.420,1828100,106556,0,1934656,4120892,31366,409446309888,23.01
621.520,1828100,108476,0,1936576,4120892,31379,409609617408,23.01
621.620,1828100,110024,0,1938124,4120892,31392,409745207296,23.01
621.721,1828100,111888,0,1939988,4120892,31404,409870528512,23.01
621.821,1828100,114504,0,1942604,4120892,31419,410019098624,23.01
621.921,1828100,114512,0,1942612,4120892,31430,410156953600,23.01
622.022,1828100,116680,0,1944780,4120892,31444,410286800896,23.01
622.122,1828100,117176,0,1945276,4120892,31454,410430328832,23.01
622.223,1828100,117684,0,1945784,4120892,31464,410571616256,23.01
622.323,1828100,119744,0,1947844,4120892,31475,410698850304,23.01
622.423,1828100,121504,0,1949604,4120892,31486,410830995456,23.01
622.523,1828100,122828,0,1950928,4120892,31497,410964140032,23.01
622.624,1828100,122836,0,1950936,4120892,31506,411098312704,23.01
622.724,1828100,124048,0,1952148,4120892,31516,411222183936,23.01
622.825,1828100,124692,0,1952792,4120892,31527,411367133184,21.01
622.925,1828100,125336,0,1953436,4120892,31539,411509391360,21.01
623.025,1828100,128640,0,1956740,4120892,31552,411651874816,21.01
623.125,1828100,131972,0,1960072,4120892,31565,411795079168,21.01
623.226,1828100,133116,0,1961216,4120892,31576,411928969216,21.01
623.326,1828100,134524,0,1962624,4120892,31588,412061491200,21.01
623.427,1828100,137020,0,1965120,4120892,31597,412190224384,21.01
623.527,1828100,138940,0,1967040,4120892,31608,412324937728,21.01
623.628,1828100,141256,0,1969356,4120892,31620,412455792640,21.01
623.728,1828100,143048,0,1971148,4120892,31630,412589236224,21.01
623.829,1828100,145948,0,1974048,4120892,31642,412709109760,21.01
623.929,1828100,146268,0,1974368,4120892,31651,412845580288,21.01
624.030,1828100,148292,0,1976392,4120892,31663,412972003328,21.01
624.130,1828100,149120,0,1977220,4120892,31672,413109399552,21.01
624.230,1828100,151552,0,1979652,4120892,31681,413219827712,21.01
624.331,1828100,152940,0,1981040,4120892,31692,413359005696,21.01
624.431,1828100,155228,0,1983328,4120892,31705,413474709504,21.01
624.532,1828100,155908,0,1984008,4120892,31716,413602562048,21.01
624.632,1828100,147412,0,1975512,4120892,31725,413687857152,21.01
624.733,1828100,128548,0,1956648,4120892,31733,413807525888,21.01
624.833,1828100,114004,0,1942104,4120892,31744,413926539264,23.36
624.934,1828100,99324,0,1927424,4120892,31755,414053740544,23.36
625.034,1828100,94796,0,1922896,4120892,31770,414184058880,23.36
625.135,1828100,93860,0,1921960,4120892,31783,414311501824,23.36
625.235,1828100,92260,0,1920360,4120892,31793,414439923712,23.36
625.335,1828100,79052,0,1907152,4120892,31806,414555611136,23.36
625.436,1828100,74816,0,1902916,4120892,31820,414688055296,23.36
625.536,1828100,77192,0,1905292,4120892,31833,414813794304,23.36
625.637,1828100,75572,0,1903672,4120892,31846,414931222528,23.36
625.737,1828100,71376,0,1899476,4120892,31856,415045206016,23.36
625.838,1828100,76476,0,1904576,4120892,31872,415170371584,23.36
625.938,1828100,75584,0,1903684,4120892,31882,415296610304,23.36
626.039,1828100,73624,0,1901724,4120892,31892,415406440448,23.36
626.139,1828100,73008,0,1901108,4120892,31902,415534370816,23.36
626.240,1828100,74692,0,1902792,4120892,31913,415663071232,23.36
626.340,1828100,77568,0,1905668,4120892,31925,415785197568,23.36
626.441,1828100,76784,0,1904884,4120892,31933,415897702400,23.36
626.541,1828100,76544,0,1904644,4120892,31949,416034258944,23.36
626.641,1828100,77196,0,1905296,4120892,31957,416143974400,23.36
626.742,1828100,78260,0,1906360,4120892,31969,416288473088,23.36
626.842,1828100,80988,0,1909088,4120892,31986,416423837696,24.02
626.943,1828100,82820,0,1910920,4120892,31998,416559321088,24.02
627.044,1828100,83448,0,1911548,4120892,32007,416673439744,24.02
627.144,1828100,83552,0,1911652,4120892,32016,416805806080,24.02
627.245,1828100,86056,0,1914156,4120892,32029,416920403968,24.02
627.346,1828100,81432,0,1909532,4120892,32038,417048645632,24.02
627.446,1828100,77352,0,1905452,4120892,32051,417176489984,24.02
627.547,1828100,73996,0,1902096,4120892,32062,417320935424,24.02
627.647,1828100,73968,0,1902068,4120892,32074,417456484352,24.02
627.748,1828100,75072,0,1903172,4120892,32088,417598554112,24.02
627.848,1828100,78856,0,1906956,4120892,32104,417734914048,24.02
627.948,1828100,82360,0,1910460,4120892,32114,417871007744,24.02
628.049,1828100,84908,0,1913008,4120892,32126,418011848704,24.02
628.149,1828100,89764,0,1917864,4120892,32139,418150297600,24.02
628.249,1828100,91720,0,1919820,4120892,32149,418304241664,24.02
628.350,1828100,90624,0,1918724,4120892,32159,418437734400,24.02
628.450,1828100,87320,0,1915420,4120892,32172,418573271040,24.02
628.550,1828100,86976,0,1915076,4120892,32180,418692345856,24.02
628.651,1828100,87476,0,1915576,4120892,32190,418826932224,24.02
628.751,1828100,87508,0,1915608,4120892,32199,418965561344,24.02
628.852,1828100,89620,0,1917720,4120892,32214,419101347840,21.84
628.952,1828100,90012,0,1918112,4120892,32226,419241082880,21.84
629.052,1828100,89952,0,1918052,4120892,32236,419373268992,21.84
629.153,1828100,90784,0,1918884,4120892,32244,419498450944,21.84
629.253,1828100,91784,0,1919884,4120892,32256,419658858496,21.84
629.353,1828100,92420,0,1920520,4120892,32267,419804176384,21.84
629.453,1828100,93696,0,1921796,4120892,32280,419949441024,21.84
629.554,1828100,94320,0,1922420,4120892,32295,420087291904,21.84
629.654,1828100,96860,0,1924960,4120892,32308,420223336448,21.84
629.755,1828100,98504,0,1926604,4120892,32320,420371062784,21.84
629.855,1828100,98716,0,1926816,4120892,32329,420516667392,21.84
629.955,1828100,99484,0,1927584,4120892,32339,420659822592,21.84
630.056,1828100,99368,0,1927468,4120892,32349,420790046720,21.84
630.156,1828100,100520,0,1928620,4120892,32357,420934258688,21.84
630.256,1828100,101208,0,1929308,4120892,32369,421077209088,21.84
630.357,1828100,103316,0,1931416,4120892,32382,421206212608,21.84
630.457,1828100,105668,0,1933768,4120892,32396,421338738688,21.84
630.557,1828100,107460,0,1935560,4120892,32405,421479325696,21.84
630.658,1828100,109288,0,1937388,4120892,32414,421580005376,21.84
630.758,1828100,111016,0,1939116,4120892,32422,421699723264,23.14
630.858,1828100,112360,0,1940460,4120892,32433,421835137024,23.14
630.959,1828100,112056,0,1940156,4120892,32443,421951193088,23.14
631.059,1828100,100608,0,1928708,4120892,32453,422079361024,23.14
631.159,1828100,97928,0,1926028,4120892,32460,422199111680,23.14
631.260,1828100,94808,0,1922908,4120892,32470,422323744768,23.14
631.360,1828100,88756,0,1916856,4120892,32482,422461698048,23.14
631.460,1828100,84748,0,1912848,4120892,32491,422585958400,23.14
631.561,1828100,81784,0,1909884,4120892,32505,422729252864,23.14
631.661,1828100,79000,0,1907100,4120892,32515,422868279296,23.14
631.761,1828100,77936,0,1906036,4120892,32526,423010652160,23.14
631.862,1828100,76380,0,1904480,4120892,32538,423157616640,23.14
631.962,1828100,73740,0,1901840,4120892,32549,423293153280,23.14
632.063,1828100,71280,0,1899380,4120892,32558,423416786944,23.14
632.163,1828100,66464,0,1894564,4120892,32569,423539085312,23.14
632.263,1828100,59708,0,1887808,4120892,32579,423668449280,23.14
632.364,1828100,54600,0,1882700,4120892,32590,423780970496,23.14
632.464,1828100,52140,0,1880240,4120892,32602,423927017472,23.14
632.566,1828100,51196,0,1879296,4120892,32614,424062119936,23.14
632.667,1828100,51628,0,1879728,4120892,32625,424208449536,24.38
632.767,1828100,51880,0,1879980,4120892,32637,424351690752,24.38
632.867,1828100,51256,0,1879356,4120892,32649,424501411840,24.38
632.968,1828100,51580,0,1879680,4120892,32661,424648650752,24.38
633.068,1828100,51704,0,1879804,4120892,32671,424787865600,24.38
633.168,1828100,51004,0,1879104,4120892,32682,424940269568,24.38
633.269,1828100,51392,0,1879492,4120892,32693,425084690432,24.38
633.369,1828100,51896,0,1879996,4120892,32705,425235300352,24.38
633.470,1828100,51744,0,1879844,4120892,32715,425386135552,24.38
633.570,1828100,52468,0,1880568,4120892,32726,425534099456,24.38
633.670,1828100,51448,0,1879548,4120892,32739,425700564992,24.38
633.771,1828100,51564,0,1879664,4120892,32751,425832808448,24.38
633.871,1828100,52336,0,1880436,4120892,32764,425972047872,24.38
633.971,1828100,53224,0,1881324,4120892,32775,426117177344,24.38
634.072,1828100,53592,0,1881692,4120892,32786,426256801792,24.38
634.172,1828100,54868,0,1882968,4120892,32797,426406187008,24.38
634.272,1828100,55144,0,1883244,4120892,32806,426551271424,24.38
634.373,1828100,55780,0,1883880,4120892,32819,426695077888,24.38
634.473,1828100,56216,0,1884316,4120892,32829,426838700032,24.38
634.573,1828100,56972,0,1885072,4120892,32838,426979024896,25.94
634.674,1828100,57540,0,1885640,4120892,32850,427126546432,25.94
634.774,1828100,59596,0,1887696,4120892,32860,427272499200,25.94
634.874,1828100,60512,0,1888612,4120892,32871,427416653824,25.94
634.975,1828100,59768,0,1887868,4120892,32881,427571748864,25.94
635.075,1828100,59204,0,1887304,4120892,32892,427730268160,25.94
635.175,1828100,59976,0,1888076,4120892,32902,427866812416,25.94
635.276,1828100,59552,0,1887652,4120892,32913,428020842496,25.94
635.376,1828100,59156,0,1887256,4120892,32924,428179030016,25.94
635.477,1828100,59092,0,1887192,4120892,32933,428315635712,25.94
635.577,1828100,59732,0,1887832,4120892,32944,428442275840,25.94
635.677,1828100,59428,0,1887528,4120892,32953,428589072384,25.94
635.778,1828100,59432,0,1887532,4120892,32963,428735246336,25.94
635.878,1828100,59324,0,1887424,4120892,32976,428885209088,25.94
635.979,1828100,60224,0,1888324,4120892,32989,429034315776,25.94
636.079,1828100,60032,0,1888132,4120892,33000,429174235136,25.94
636.180,1828100,61196,0,1889296,4120892,33012,429303255040,25.94
636.280,1828100,61220,0,1889320,4120892,33022,429447467008,25.94
636.380,1828100,61736,0,1889836,4120892,33034,429598539776,25.94
636.480,1828100,62376,0,1890476,4120892,33045,429725835264,26.5
636.581,1828100,62632,0,1890732,4120892,33056,429861470208,26.5
636.681,1828100,62560,0,1890660,4120892,33066,430016913408,26.5
636.781,1828100,63712,0,1891812,4120892,33080,430172237824,26.5
636.882,1828100,63648,0,1891748,4120892,33093,430347685888,26.5
636.982,1828100,64580,0,1892680,4120892,33104,430498607104,26.5
637.082,1828100,66052,0,1894152,4120892,33116,430662320128,26.5
637.183,1828100,66436,0,1894536,4120892,33126,430802231296,26.5
637.283,1828100,66752,0,1894852,4120892,33136,430942969856,26.5
637.383,1828100,67520,0,1895620,4120892,33145,431070273536,26.5
637.484,1828100,68348,0,1896448,4120892,33157,431212474368,26.5
637.584,1828100,68564,0,1896664,4120892,33166,431356768256,26.5
637.684,1828100,69296,0,1897396,4120892,33178,431492706304,26.5
637.785,1828100,70256,0,1898356,4120892,33188,431623319552,26.5
637.885,1828100,70960,0,1899060,4120892,33198,431760502784,26.5
637.985,1828100,72248,0,1900348,4120892,33207,431897489408,26.5
638.086,1828100,73076,0,1901176,4120892,33216,432046759936,26.5
638.186,1828100,75428,0,1903528,4120892,33228,432198230016,26.5
638.286,1828100,76968,0,1905068,4120892,33240,432347021312,26.5
638.387,1828100,78028,0,1906128,4120892,33251,432490909696,27.85
638.487,1828100,78504,0,1906604,4120892,33261,432627380224,27.85
638.587,1828100,79768,0,1907868,4120892,33275,432772018176,27.85
638.688,1828100,80672,0,1908772,4120892,33285,432916316160,27.85
638.788,1828100,81104,0,1909204,4120892,33297,433064382464,27.85
638.889,1828100,82120,0,1910220,4120892,33310,433195974656,27.85
638.989,1828100,83576,0,1911676,4120892,33321,433334767616,27.85
639.089,1828100,86328,0,1914428,4120892,33333,433468432384,27.85
639.190,1828100,89400,0,1917500,4120892,33346,433602260992,27.85
639.290,1828100,90296,0,1918396,4120892,33355,433736425472,27.85
639.390,1828100,92280,0,1920380,4120892,33365,433872580608,27.85
639.491,1828100,93560,0,1921660,4120892,33376,434000834560,27.85
639.591,1828100,94904,0,1923004,4120892,33388,434145828864,27.85
639.691,1828100,95660,0,1923760,4120892,33397,434280521728,27.85
639.792,1828100,96748,0,1924848,4120892,33407,434411573248,27.85
639.892,1828100,97660,0,1925760,4120892,33416,434543857664,27.85
639.992,1828100,99388,0,1927488,4120892,33426,434682511360,27.85
640.093,1828100,99828,0,1927928,4120892,33435,434822045696,27.85
640.193,1828100,101916,0,1930016,4120892,33447,434967994368,28.6
640.293,1828100,103444,0,1931544,4120892,33457,435098271744,28.6
640.394,1828100,103956,0,1932056,4120892,33468,435242377216,28.6
640.494,1828100,105196,0,1933296,4120892,33480,435389366272,28.6
640.594,1828100,106604,0,1934704,4120892,33493,435544231936,28.6
640.695,1828100,108012,0,1936112,4120892,33504,435677720576,28.6
640.795,1828100,105244,0,1933344,4120892,33513,435776118784,28.6
640.896,1828100,96092,0,1924192,4120892,33523,435904327680,28.6
640.996,1828100,89812,0,1917912,4120892,33532,436018855936,28.6
641.096,1828100,82720,0,1910820,4120892,33543,436149501952,28.6
641.197,1828100,79684,0,1907784,4120892,33554,436274065408,28.6
641.297,1828100,73232,0,1901332,4120892,33566,436414881792,28.6
641.398,1828100,70728,0,1898828,4120892,33577,436549832704,28.6
641.498,1828100,66896,0,1894996,4120892,33588,436685594624,28.6
641.598,1828100,67404,0,1895504,4120892,33600,436801282048,28.6
641.699,1828100,65172,0,1893272,4120892,33610,436925739008,28.6
641.799,1828100,61624,0,1889724,4120892,33619,437069053952,28.6
641.899,1828100,58584,0,1886684,4120892,33631,437208522752,28.6
642.000,1828100,57212,0,1885312,4120892,33642,437335625728,28.6
642.100,1828100,54500,0,1882600,4120892,33650,437459943424,29.58
642.200,1828100,53624,0,1881724,4120892,33663,437590364160,29.58
642.301,1828100,52972,0,1881072,4120892,33671,437715922944,29.58
642.401,1828100,51412,0,1879512,4120892,33684,437865496576,29.58
642.501,1828100,52428,0,1880528,4120892,33699,438003453952,29.58
642.602,1828100,53572,0,1881672,4120892,33711,438149566464,29.58
642.702,1828100,52960,0,1881060,4120892,33721,438260711424,29.58
642.803,1828100,55200,0,1883300,4120892,33732,438392119296,29.58
642.903,1828100,59068,0,1887168,4120892,33745,438539939840,29.58
643.003,1828100,62420,0,1890520,4120892,33757,438668746752,29.58
643.104,1828100,66836,0,1894936,4120892,33769,438793080832,29.58
643.204,1828100,68956,0,1897056,4120892,33780,438924652544,29.58
643.304,1828100,71464,0,1899564,4120892,33789,439069200384,29.58
643.405,1828100,72412,0,1900512,4120892,33800,439202734080,29.58
643.505,1828100,74336,0,1902436,4120892,33814,439328915456,29.58
643.605,1828100,79256,0,1907356,4120892,33826,439477325824,29.58
643.706,1828100,83064,0,1911164,4120892,33836,439604580352,29.58
643.806,1828100,85136,0,1913236,4120892,33851,439749623808,29.58
643.906,1828100,85384,0,1913484,4120892,33861,439896989696,29.58
644.007,1828100,86760,0,1914860,4120892,33873,440025022464,28.39
644.107,1828100,88300,0,1916400,4120892,33885,440174592000,28.39
644.207,1828100,90420,0,1918520,4120892,33897,440313966592,28.39
644.308,1828100,95092,0,1923192,4120892,33909,440461262848,28.39
644.408,1828100,98516,0,1926616,4120892,33923,440602947584,28.39
644.509,1828100,98876,0,1926976,4120892,33934,440755032064,28.39
644.609,1828100,101376,0,1929476,4120892,33943,440895463424,28.39
644.709,1828100,102784,0,1930884,4120892,33954,441036345344,28.39
644.810,1828100,102456,0,1930556,4120892,33968,441174593536,28.39
644.910,1828100,97748,0,1925848,4120892,33982,441342337024,28.39
645.010,1828100,97744,0,1925844,4120892,33996,441483800576,28.39
645.111,1828100,96664,0,1924764,4120892,34011,441627197440,28.39
645.211,1828100,97028,0,1925128,4120892,34024,441785643008,28.39
645.311,1828100,99340,0,1927440,4120892,34037,441927610368,28.39
645.412,1828100,103744,0,1931844,4120892,34054,442089893888,28.39
645.512,1828100,105148,0,1933248,4120892,34062,442238091264,28.39
645.612,1828100,107216,0,1935316,4120892,34074,442397814784,28.39
645.713,1828100,112900,0,1941000,4120892,34090,442527879168,28.39
645.813,1828100,116600,0,1944700,4120892,34101,442619355136,28.39
645.914,1828100,120064,0,1948164,4120892,34115,442763304960,29.58
646.014,1828100,122960,0,1951060,4120892,34126,442898427904,29.58
646.114,1828100,122308,0,1950408,4120892,34136,443031691264,29.58
646.215,1828100,123524,0,1951624,4120892,34147,443175677952,29.58
646.315,1828100,126932,0,1955032,4120892,34159,443319492608,29.58
646.415,1828100,130512,0,1958612,4120892,34171,443446214656,29.58
646.516,1828100,132596,0,1960696,4120892,34182,443580002304,29.58
646.616,1828100,134704,0,1962804,4120892,34192,443719106560,29.58
646.717,1828100,136560,0,1964660,4120892,34204,443854356480,29.58
646.817,1828100,138612,0,1966712,4120892,34215,443995066368,29.58
646.917,1828100,139388,0,1967488,4120892,34224,444128735232,29.58
647.018,1828100,140080,0,1968180,4120892,34236,444255387648,29.58
647.118,1828100,140276,0,1968376,4120892,34247,444390649856,29.58
647.218,1828100,140888,0,1968988,4120892,34257,444514832384,29.58
647.319,1828100,141124,0,1969224,4120892,34267,444658184192,29.58
647.419,1828100,142020,0,1970120,4120892,34279,444783611904,29.58
647.519,1828100,143236,0,1971336,4120892,34290,444919164928,29.58
647.620,1828100,143872,0,1971972,4120892,34298,445038071808,29.58
647.720,1828100,145072,0,1973172,4120892,34309,445175476224,29.58
647.820,1828100,146668,0,1974768,4120892,34319,445305131008,26.58
647.921,1828100,147308,0,1975408,4120892,34329,445431242752,26.58
648.021,1828100,148076,0,1976176,4120892,34340,445579464704,26.58
648.121,1828100,150700,0,1978800,4120892,34351,445718011904,26.58
648.222,1828100,151816,0,1979916,4120892,34360,445855084544,26.58
648.322,1828100,154196,0,1982296,4120892,34372,445988487168,26.58
648.422,1828100,156096,0,1984196,4120892,34383,446132137984,26.58
648.523,1828100,157404,0,1985504,4120892,34395,446265815040,26.58
648.623,1828100,158532,0,1986632,4120892,34405,446410002432,26.58
648.723,1828100,160452,0,1988552,4120892,34415,446538526720,26.58
648.824,1828100,160004,0,1988104,4120892,34423,446666088448,26.58
648.924,1828100,154404,0,1982504,4120892,34430,446759583744,26.58
649.024,1828100,148940,0,1977040,4120892,34442,446886002688,26.58
649.125,1828100,127816,0,1955916,4120892,34451,446991503360,26.58
649.225,1828100,114608,0,1942708,4120892,34462,447110971392,26.58
649.325,1828100,108212,0,1936312,4120892,34473,447241891840,26.58
649.426,1828100,104744,0,1932844,4120892,34484,447363698688,26.58
649.526,1828100,102864,0,1930964,4120892,34494,447486431232,26.58
649.627,1828100,93968,0,1922068,4120892,34502,447604625408,26.58
649.727,1828100,83056,0,1911156,4120892,34511,447707406336,26.58
649.827,1828100,69808,0,1897908,4120892,34520,447831363584,28.1
649.928,1828100,65200,0,1893300,4120892,34530,447947649024,28.1
650.028,1828100,61880,0,1889980,4120892,34538,448071696384,28.1
650.128,1828100,60248,0,1888348,4120892,34549,448188579840,28.1
650.229,1828100,57716,0,1885816,4120892,34557,448306495488,28.1
650.329,1828100,55260,0,1883360,4120892,34568,448431054848,28.1
650.429,1828100,52284,0,1880384,4120892,34576,448561782784,28.1
650.530,1828100,48960,0,1877060,4120892,34585,448678170624,28.1
650.630,1828100,48252,0,1876352,4120892,34597,448817233920,28.1
650.731,1828100,47760,0,1875860,4120892,34608,448956874752,28.1
650.831,1828100,48248,0,1876348,4120892,34620,449096011776,28.1
650.931,1828100,48052,0,1876152,4120892,34631,449246015488,28.1
651.032,1828100,47496,0,1875596,4120892,34642,449382891520,28.1
651.132,1828100,48176,0,1876276,4120892,34652,449515327488,28.1
651.232,1828100,48680,0,1876780,4120892,34662,449659498496,28.1
651.333,1828100,48736,0,1876836,4120892,34672,449798594560,28.1
651.433,1828100,48300,0,1876400,4120892,34682,449930186752,28.1
651.533,1828100,48832,0,1876932,4120892,34692,450066964480,28.1
651.634,1828100,49792,0,1877892,4120892,34705,450200793088,28.1
651.734,1828100,49472,0,1877572,4120892,34715,450330546176,29.35
651.835,1828100,49536,0,1877636,4120892,34723,450465132544,29.35
651.935,1828100,49296,0,1877396,4120892,34733,450593193984,29.35
652.035,1828100,49904,0,1878004,4120892,34744,450727989248,29.35
652.136,1828100,49812,0,1877912,4120892,34756,450850189312,29.35
652.236,1828100,49888,0,1877988,4120892,34767,450996989952,29.35
652.337,1828100,52188,0,1880288,4120892,34780,451147952128,29.35
652.437,1828100,54748,0,1882848,4120892,34790,451298164736,29.35
652.538,1828100,56668,0,1884768,4120892,34801,451429650432,29.35
652.638,1828100,57692,0,1885792,4120892,34810,451548053504,29.35
652.738,1828100,58848,0,1886948,4120892,34818,451690557440,29.35
652.839,1828100,61108,0,1889208,4120892,34830,451825405952,29.35
652.939,1828100,64756,0,1892856,4120892,34840,451964043264,29.35
653.039,1828100,65584,0,1893684,4120892,34851,452115185664,29.35
653.140,1828100,66780,0,1894880,4120892,34864,452250525696,29.35
653.240,1828100,70680,0,1898780,4120892,34875,452385861632,29.35
653.340,1828100,70744,0,1898844,4120892,34886,452528738304,29.35
653.441,1828100,71496,0,1899596,4120892,34900,452653350912,29.35
653.541,1828100,71880,0,1899980,4120892,34910,452786561024,29.35
653.641,1828100,71876,0,1899976,4120892,34923,452954177536,27.11
653.741,1828100,73824,0,1901924,4120892,34938,453105745920,27.11
653.842,1828100,74784,0,1902884,4120892,34947,453250224128,27.11
653.942,1828100,75936,0,1904036,4120892,34957,453401706496,27.11
654.042,1828100,76448,0,1904548,4120892,34967,453545385984,27.11
654.143,1828100,76328,0,1904428,4120892,34977,453667962880,27.11
654.243,1828100,77000,0,1905100,4120892,34988,453813104640,27.11
654.344,1828100,77832,0,1905932,4120892,34999,453958955008,27.11
654.444,1828100,77832,0,1905932,4120892,35011,454097854464,27.11
654.544,1828100,76436,0,1904536,4120892,35023,454214651904,27.11
654.645,1828100,78160,0,1906260,4120892,35034,454368296960,27.11
654.745,1828100,78672,0,1906772,4120892,35043,454490533888,27.11
654.845,1828100,78300,0,1906400,4120892,35055,454621061120,27.11
654.946,1828100,78500,0,1906600,4120892,35064,454748872704,27.11
655.046,1828100,79140,0,1907240,4120892,35075,454890819584,27.11
655.146,1828100,79064,0,1907164,4120892,35086,455020216320,27.11
655.247,1828100,79600,0,1907700,4120892,35096,455162077184,27.11
655.347,1828100,80240,0,1908340,4120892,35109,455279714304,27.11
655.448,1828100,80816,0,1908916,4120892,35119,455424303104,27.11
655.549,1828100,81712,0,1909812,4120892,35129,455559405568,27.11
655.649,1828100,82492,0,1910592,4120892,35139,455680110592,27.27
655.749,1828100,83068,0,1911168,4120892,35146,455803789312,27.27
655.850,1828100,82780,0,1910880,4120892,35157,455929700352,27.27
655.950,1828100,83224,0,1911324,4120892,35167,456053723136,27.27
656.051,1828100,83328,0,1911428,4120892,35175,456183914496,27.27
656.151,1828100,83648,0,1911748,4120892,35183,456310677504,27.27
656.252,1828100,84032,0,1912132,4120892,35193,456427810816,27.27
656.352,1828100,85220,0,1913320,4120892,35202,456555855872,27.27
656.453,1828100,85476,0,1913576,4120892,35211,456681926656,27.27
656.553,1828100,86180,0,1914280,4120892,35220,456796794880,27.27
656.654,1828100,86564,0,1914664,4120892,35228,456928813056,27.27
656.754,1828100,86888,0,1914988,4120892,35237,457057320960,27.27
656.855,1828100,87724,0,1915824,4120892,35245,457168678912,27.27
656.955,1828100,88236,0,1916336,4120892,35255,457305944064,27.27
657.055,1828100,88796,0,1916896,4120892,35267,457436590080,27.27
657.156,1828100,89908,0,1918008,4120892,35276,457576964096,27.27
657.256,1828100,90356,0,1918456,4120892,35286,457708638208,27.27
657.357,1828100,90928,0,1919028,4120892,35296,457854259200,27.27
657.457,1828100,91760,0,1919860,4120892,35308,457988849664,27.27
657.557,1828100,93088,0,1921188,4120892,35318,458124746752,27.27
657.658,1828100,94112,0,1922212,4120892,35326,458244964352,27.22
657.758,1828100,94980,0,1923080,4120892,35335,458365788160,27.22
657.859,1828100,95620,0,1923720,4120892,35343,458502385664,27.22
657.959,1828100,96772,0,1924872,4120892,35354,458627039232,27.22
658.059,1828100,97476,0,1925576,4120892,35365,458751508480,27.22
658.160,1828100,98244,0,1926344,4120892,35376,458880774144,27.22
658.260,1828100,99328,0,1927428,4120892,35384,459009339392,27.22
658.361,1828100,100400,0,1928500,4120892,35395,459126050816,27.22
658.461,1828100,100888,0,1928988,4120892,35405,459243917312,27.22
658.561,1828100,101588,0,1929688,4120892,35415,459371859968,27.22
658.662,1828100,102740,0,1930840,4120892,35424,459503300608,27.22
658.762,1828100,103476,0,1931576,4120892,35434,459631534080,27.22
658.863,1828100,104496,0,1932596,4120892,35444,459753119744,27.22
658.963,1828100,105456,0,1933556,4120892,35453,459871485952,27.22
659.064,1828100,106220,0,1934320,4120892,35459,459975544832,27.22
659.164,1828100,99044,0,1927144,4120892,35468,460077260800,27.22
659.265,1828100,93212,0,1921312,4120892,35476,460194893824,27.22
659.365,1828100,84160,0,1912260,4120892,35485,460307357696,27.22
659.466,1828100,78240,0,1906340,4120892,35495,460441542656,27.22
659.567,1828100,76768,0,1904868,4120892,35504,460556840960,27.22
659.667,1828100,75240,0,1903340,4120892,35515,460689874944,25.55
659.768,1828100,70388,0,1898488,4120892,35524,460810948608,25.55
659.868,1828100,64576,0,1892676,4120892,35532,460926455808,25.55
659.968,1828100,61988,0,1890088,4120892,35543,461059342336,25.55
660.069,1828100,61988,0,1890088,4120892,35552,461168586752,25.55
660.169,1828100,58600,0,1886700,4120892,35560,461276803072,25.55
660.269,1828100,57324,0,1885424,4120892,35570,461405171712,25.55
660.370,1828100,53376,0,1881476,4120892,35579,461520842752,25.55
660.470,1828100,50896,0,1878996,4120892,35590,461652209664,25.55
660.571,1828100,48820,0,1876920,4120892,35599,461772312576,25.55
660.671,1828100,46960,0,1875060,4120892,35607,461892857856,25.55
660.771,1828100,46024,0,1874124,4120892,35619,462020612096,25.55
660.872,1828100,45424,0,1873524,4120892,35628,462144950272,25.55
660.972,1828100,44780,0,1872880,4120892,35638,462272884736,25.55
661.072,1828100,44588,0,1872688,4120892,35650,462427848704,25.55
661.173,1828100,44396,0,1872496,4120892,35659,462584963072,25.55
661.273,1828100,44192,0,1872292,4120892,35669,462730489856,25.55
661.373,1828100,44324,0,1872424,4120892,35679,462867980288,25.55
661.474,1828100,44512,0,1872612,4120892,35689,463020150784,25.55
661.574,1828100,43932,0,1872032,4120892,35699,463174209536,27.26
661.674,1828100,44696,0,1872796,4120892,35709,463293706240,27.26
661.775,1828100,44676,0,1872776,4120892,35719,463430471680,27.26
661.875,1828100,45196,0,1873296,4120892,35729,463561543680,27.26
661.976,1828100,44868,0,1872968,4120892,35737,463690498048,27.26
662.076,1828100,44684,0,1872784,4120892,35746,463834050560,27.26
662.176,1828100,44768,0,1872868,4120892,35756,463968612352,27.26
662.277,1828100,45192,0,1873292,4120892,35765,464081383424,27.26
662.377,1828100,46216,0,1874316,4120892,35774,464214134784,27.26
662.477,1828100,46344,0,1874444,4120892,35783,464354328576,27.26
662.577,1828100,46792,0,1874892,4120892,35792,464467419136,27.26
662.678,1828100,47432,0,1875532,4120892,35802,464614850560,27.26
662.778,1828100,47492,0,1875592,4120892,35810,464742584320,27.26
662.879,1828100,48448,0,1876548,4120892,35819,464887926784,27.26
662.979,1828100,49408,0,1877508,4120892,35830,465025675264,27.26
663.079,1828100,49984,0,1878084,4120892,35840,465161801728,27.26
663.180,1828100,50368,0,1878468,4120892,35850,465301217280,27.26
663.280,1828100,50912,0,1879012,4120892,35861,465451999232,27.26
663.380,1828100,51360,0,1879460,4120892,35870,465581408256,27.26
663.481,1828100,52640,0,1880740,4120892,35880,465724481536,24.68
663.581,1828100,52760,0,1880860,4120892,35891,465852559360,24.68
663.681,1828100,53080,0,1881180,4120892,35900,465988050944,24.68
663.782,1828100,53532,0,1881632,4120892,35910,466120544256,24.68
663.882,1828100,53852,0,1881952,4120892,35921,466286227456,24.68
663.983,1828100,53980,0,1882080,4120892,35934,466432675840,24.68
664.083,1828100,54168,0,1882268,4120892,35943,466591141888,24.68
664.183,1828100,54104,0,1882204,4120892,35953,466741346304,24.68
664.284,1828100,54232,0,1882332,4120892,35964,466874974208,24.68
664.384,1828100,54168,0,1882268,4120892,35975,467026382848,24.68
664.484,1828100,54616,0,1882716,4120892,35986,467165622272,24.68
664.585,1828100,55060,0,1883160,4120892,35998,467305762816,24.68
664.685,1828100,55380,0,1883480,4120892,36006,467437740032,24.68
664.785,1828100,55892,0,1883992,4120892,36019,467572121600,24.68
664.886,1828100,56208,0,1884308,4120892,36029,467715317760,24.68
664.986,1828100,56080,0,1884180,4120892,36039,467866476544,24.68
665.086,1828100,56336,0,1884436,4120892,36050,467996119040,24.68
665.187,1828100,56020,0,1884120,4120892,36060,468130611200,24.68
665.287,1828100,56580,0,1884680,4120892,36069,468279717888,24.68
665.387,1828100,56732,0,1884832,4120892,36078,468409937920,26.0
665.488,1828100,57888,0,1885988,4120892,36089,468541243392,26.0
665.588,1828100,58272,0,1886372,4120892,36099,468699148288,26.0
665.688,1828100,58400,0,1886500,4120892,36109,468832575488,26.0
665.789,1828100,58720,0,1886820,4120892,36119,468963979264,26.0
665.889,1828100,59104,0,1887204,4120892,36130,469105934336,26.0
665.990,1828100,59440,0,1887540,4120892,36142,469248864256,26.0
666.090,1828100,60080,0,1888180,4120892,36151,469401546752,26.0
666.190,1828100,60464,0,1888564,4120892,36163,469541531648,26.0
666.291,1828100,60464,0,1888564,4120892,36173,469672452096,26.0
666.391,1828100,60784,0,1888884,4120892,36183,469826617344,26.0
666.492,1828100,61552,0,1889652,4120892,36196,469959847936,26.0
666.592,1828100,62240,0,1890340,4120892,36208,470109577216,26.0
666.692,1828100,64096,0,1892196,4120892,36218,470238883840,26.0
666.793,1828100,64848,0,1892948,4120892,36228,470367920128,26.0
666.893,1828100,65724,0,1893824,4120892,36238,470497943552,26.0
666.993,1828100,66696,0,1894796,4120892,36249,470644162560,26.0
667.094,1828100,67984,0,1896084,4120892,36259,470795591680,26.0
667.194,1828100,67920,0,1896020,4120892,36270,470926389248,26.0
667.294,1828100,68816,0,1896916,4120892,36283,471073107968,24.01
667.395,1828100,69836,0,1897936,4120892,36294,471212703744,24.01
667.495,1828100,70668,0,1898768,4120892,36305,471360581632,24.01
667.595,1828100,71372,0,1899472,4120892,36316,471492866048,24.01
667.696,1828100,71488,0,1899588,4120892,36327,471634952192,24.01
667.796,1828100,71760,0,1899860,4120892,36337,471773552640,24.01
667.896,1828100,72788,0,1900888,4120892,36347,471916494848,24.01
667.997,1828100,73428,0,1901528,4120892,36356,472064561152,24.01
668.097,1828100,74520,0,1902620,4120892,36367,472207511552,24.01
668.198,1828100,75800,0,1903900,4120892,36377,472340471808,24.01
668.298,1828100,76504,0,1904604,4120892,36388,472495984640,24.01
668.398,1828100,78296,0,1906396,4120892,36398,472640901120,24.01
668.499,1828100,78744,0,1906844,4120892,36408,472771780608,24.01
668.599,1828100,78552,0,1906652,4120892,36417,472920989696,24.01
668.700,1828100,79724,0,1907824,4120892,36427,473049067520,24.01
668.800,1828100,80444,0,1908544,4120892,36436,473183973376,24.01
668.900,1828100,81340,0,1909440,4120892,36444,473309052928,24.01
669.001,1828100,82812,0,1910912,4120892,36454,473422794752,24.01
669.101,1828100,84220,0,1912320,4120892,36462,473543340032,24.01
669.202,1828100,85672,0,1913772,4120892,36473,473662431232,25.09
669.302,1828100,84408,0,1912508,4120892,36482,473789317120,25.09
669.402,1828100,80696,0,1908796,4120892,36489,473907396608,25.09
669.503,1828100,74764,0,1902864,4120892,36499,474035671040,25.09
669.603,1828100,70416,0,1898516,4120892,36509,474167799808,25.09
669.704,1828100,68304,0,1896404,4120892,36517,474297581568,25.09
669.804,1828100,66228,0,1894328,4120892,36526,474420473856,25.09
669.904,1828100,61132,0,1889232,4120892,36535,474540982272,25.09
670.005,1828100,59592,0,1887692,4120892,36545,474662670336,25.09
670.105,1828100,57204,0,1885304,4120892,36555,474793762816,25.09
670.205,1828100,54380,0,1882480,4120892,36564,474911199232,25.09
670.306,1828100,52956,0,1881056,4120892,36574,475035058176,25.09
670.406,1828100,51800,0,1879900,4120892,36585,475155673088,25.09
670.506,1828100,50388,0,1878488,4120892,36594,475283787776,25.09
670.607,1828100,50004,0,1878104,4120892,36603,475421024256,25.09
670.707,1828100,49080,0,1877180,4120892,36614,475550535680,25.09
670.807,1828100,49204,0,1877304,4120892,36625,475681849344,25.09
670.908,1828100,47900,0,1876000,4120892,36636,475826860032,25.09
671.008,1828100,47028,0,1875128,4120892,36647,475951702016,25.09
671.108,1828100,46156,0,1874256,4120892,36656,476101677056,25.26
671.209,1828100,46028,0,1874128,4120892,36667,476238000128,25.26
671.309,1828100,44992,0,1873092,4120892,36679,476386074624,25.26
671.410,1828100,44716,0,1872816,4120892,36690,476545404928,25.26
671.510,1828100,44204,0,1872304,4120892,36701,476668055552,25.26
671.611,1828100,43628,0,1871728,4120892,36711,476804354048,25.26
671.711,1828100,44708,0,1872808,4120892,36723,476950962176,25.26
671.811,1828100,45292,0,1873392,4120892,36732,477098909696,25.26
671.912,1828100,46432,0,1874532,4120892,36742,477226905600,25.26
672.012,1828100,45660,0,1873760,4120892,36752,477370814464,25.26
672.112,1828100,46932,0,1875032,4120892,36763,477511634944,25.26
672.212,1828100,46160,0,1874260,4120892,36771,477645504512,25.26
672.313,1828100,46860,0,1874960,4120892,36783,477794250752,25.26
672.413,1828100,48652,0,1876752,4120892,36795,477945667584,25.26
672.514,1828100,49368,0,1877468,4120892,36807,478084345856,25.26
672.614,1828100,51288,0,1879388,4120892,36818,478226362368,25.26
672.714,1828100,52116,0,1880216,4120892,36828,478370131968,25.26
672.815,1828100,52692,0,1880792,4120892,36837,478500900864,25.26
672.915,1828100,54688,0,1882788,4120892,36848,478638587904,25.26
673.015,1828100,56036,0,1884136,4120892,36859,478771941376,24.48
673.116,1828100,57572,0,1885672,4120892,36870,478910259200,24.48
673.216,1828100,59300,0,1887400,4120892,36879,479050784768,24.48
673.316,1828100,61624,0,1889724,4120892,36891,479176159232,24.48
673.417,1828100,61884,0,1889984,4120892,36902,479319769088,24.48
673.517,1828100,63372,0,1891472,4120892,36914,479471165440,24.48
673.618,1828100,65784,0,1893884,4120892,36924,479618129920,24.48
673.718,1828100,67380,0,1895480,4120892,36933,479767150592,24.48
673.818,1828100,69876,0,1897976,4120892,36946,479900684288,24.48
673.919,1828100,71676,0,1899776,4120892,36958,480050708480,24.48
674.019,1828100,71936,0,1900036,4120892,36968,480197959680,24.48
674.119,1828100,72456,0,1900556,4120892,36979,480336334848,24.48
674.220,1828100,72908,0,1901008,4120892,36991,480508657664,24.48
674.320,1828100,73676,0,1901776,4120892,37001,480655937536,24.48
674.420,1828100,72920,0,1901020,4120892,37013,480791605248,24.48
674.521,1828100,73176,0,1901276,4120892,37024,480946401280,24.48
674.621,1828100,72604,0,1900704,4120892,37035,481097801728,24.48
674.721,1828100,72540,0,1900640,4120892,37048,481255563264,24.48
674.822,1828100,73244,0,1901344,4120892,37059,481406488576,24.48
674.922,1828100,72028,0,1900128,4120892,37069,481549037568,26.21
675.022,1828100,72204,0,1900304,4120892,37080,481684549632,26.21
675.123,1828100,72528,0,1900628,4120892,37091,481837142016,26.21
675.223,1828100,73024,0,1901124,4120892,37101,481968746496,26.21
675.324,1828100,74280,0,1902380,4120892,37112,482111070208,26.21
675.424,1828100,74852,0,1902952,4120892,37122,482240700416,26.21
675.524,1828100,74532,0,1902632,4120892,37131,482386694144,26.21
675.625,1828100,74340,0,1902440,4120892,37143,482525327360,26.21
675.725,1828100,74532,0,1902632,4120892,37153,482655744000,26.21
675.825,1828100,74720,0,1902820,4120892,37162,482783404032,26.21
675.926,1828100,74728,0,1902828,4120892,37171,482923507712,26.21
676.026,1828100,75240,0,1903340,4120892,37180,483066380288,26.21
676.127,1828100,75112,0,1903212,4120892,37190,483222937600,26.21
676.227,1828100,75060,0,1903160,4120892,37201,483362996224,26.21
676.327,1828100,74868,0,1902968,4120892,37211,483509067776,26.21
676.428,1828100,76596,0,1904696,4120892,37221,483639255040,26.21
676.528,1828100,76788,0,1904888,4120892,37232,483776970752,26.21
676.628,1828100,77232,0,1905332,4120892,37242,483924250624,26.21
676.729,1828100,78752,0,1906852,4120892,37250,484058517504,23.81
676.829,1828100,80100,0,1908200,4120892,37260,484190040064,23.81
676.930,1828100,80620,0,1908720,4120892,37270,484325355520,23.81
677.030,1828100,81828,0,1909928,4120892,37281,484478029824,23.81
677.130,1828100,82788,0,1910888,4120892,37292,484631781376,23.81
677.231,1828100,84772,0,1912872,4120892,37304,484776181760,23.81
677.331,1828100,86360,0,1914460,4120892,37314,484907237376,23.81
677.431,1828100,87640,0,1915740,4120892,37325,485053702144,23.81
677.532,1828100,88788,0,1916888,4120892,37338,485214818304,23.81
677.632,1828100,90192,0,1918292,4120892,37351,485348188160,23.81
677.732,1828100,92292,0,1920392,4120892,37362,485481005056,23.81
677.833,1828100,94860,0,1922960,4120892,37373,485628248064,23.81
677.933,1828100,96020,0,1924120,4120892,37385,485768695808,23.81
678.033,1828100,96852,0,1924952,4120892,37398,485904654336,23.81
678.134,1828100,99108,0,1927208,4120892,37410,486039916544,23.81
678.234,1828100,101168,0,1929268,4120892,37422,486174130176,23.81
678.335,1828100,101488,0,1929588,4120892,37434,486321922048,23.81
678.435,1828100,102320,0,1930420,4120892,37442,486458773504,23.81
678.535,1828100,102640,0,1930740,4120892,37451,486587752448,23.81
678.636,1828100,103472,0,1931572,4120892,37461,486705729536,23.81
678.736,1828100,104688,0,1932788,4120892,37469,486833520640,24.93
678.836,1828100,105712,0,1933812,4120892,37478,486936825856,24.93
678.937,1828100,100476,0,1928576,4120892,37487,487042535424,24.93
679.037,1828100,94024,0,1922124,4120892,37498,487172362240,24.93
679.138,1828100,91260,0,1919360,4120892,37507,487302238208,24.93
679.238,1828100,92220,0,1920320,4120892,37517,487425228800,24.93
679.338,1828100,92728,0,1920828,4120892,37525,487546298368,24.93
679.439,1828100,93768,0,1921868,4120892,37535,487647932416,24.93
679.539,1828100,88724,0,1916824,4120892,37544,487766134784,24.93
679.639,1828100,79316,0,1907416,4120892,37552,487875522560,24.93
679.740,1828100,72596,0,1900696,4120892,37562,488002527232,24.93
679.840,1828100,65636,0,1893736,4120892,37571,488123805696,24.93
679.941,1828100,62856,0,1890956,4120892,37581,488239534080,24.93
680.041,1828100,58952,0,1887052,4120892,37588,488351436800,24.93
680.141,1828100,58396,0,1886496,4120892,37598,488476168192,24.93
680.242,1828100,54644,0,1882744,4120892,37610,488620781568,24.93
680.342,1828100,52216,0,1880316,4120892,37622,488756871168,24.93
680.442,1828100,52168,0,1880268,4120892,37633,488878612480,24.93
680.543,1828100,52332,0,1880432,4120892,37643,489007448064,24.93
680.643,1828100,51624,0,1879724,4120892,37653,489155538944,24.58
680.743,1828100,51884,0,1879984,4120892,37664,489296601088,24.58
680.844,1828100,51360,0,1879460,4120892,37675,489428680704,24.58
680.944,1828100,50468,0,1878568,4120892,37684,489535180800,24.58
681.045,1828100,49240,0,1877340,4120892,37692,489659572224,24.58
681.145,1828100,48688,0,1876788,4120892,37700,489772740608,24.58
681.245,1828100,48596,0,1876696,4120892,37708,489911365632,24.58
681.346,1828100,53308,0,1881408,4120892,37723,490054012928,24.58
681.446,1828100,54064,0,1882164,4120892,37733,490168782848,24.58
681.546,1828100,60140,0,1888240,4120892,37743,490299076608,24.58
681.647,1828100,66392,0,1894492,4120892,37753,490435461120,24.58
681.747,1828100,70428,0,1898528,4120892,37765,490569027584,24.58
681.847,1828100,73820,0,1901920,4120892,37774,490709143552,24.58
681.948,1828100,82716,0,1910816,4120892,37783,490832003072,24.58
682.048,1828100,87292,0,1915392,4120892,37794,490945327104,24.58
682.148,1828100,92620,0,1920720,4120892,37804,491081216000,24.58
682.249,1828100,94676,0,1922776,4120892,37815,491226398720,24.58
682.349,1828100,98172,0,1926272,4120892,37826,491363602432,24.58
682.449,1828100,101396,0,1929496,4120892,37838,491492401152,24.58
682.550,1828100,102804,0,1930904,4120892,37847,491614511104,23.39
682.650,1828100,103296,0,1931396,4120892,37858,491765080064,23.39
682.750,1828100,103244,0,1931344,4120892,37871,491905093632,23.39
682.851,1828100,104392,0,1932492,4120892,37887,492071985152,23.39
682.951,1828100,107176,0,1935276,4120892,37901,492222431232,23.39
683.051,1828100,108344,0,1936444,4120892,37910,492371767296,23.39
683.152,1828100,111860,0,1939960,4120892,37928,492531912704,23.39
683.252,1828100,113792,0,1941892,4120892,37941,492691918848,23.39
683.353,1828100,118784,0,1946884,4120892,37952,492817596416,23.39
683.453,1828100,122504,0,1950604,4120892,37964,492953075712,23.39
683.553,1828100,124624,0,1952724,4120892,37974,493093089280,23.39
683.654,1828100,125596,0,1953696,4120892,37987,493243740160,23.39
683.754,1828100,121400,0,1949500,4120892,38002,493384507392,23.39
683.854,1828100,101052,0,1929152,4120892,38015,493529829376,23.39
683.955,1828100,100648,0,1928748,4120892,38036,493688848384,23.39
684.055,1828100,102968,0,1931068,4120892,38051,493834604544,23.39
684.155,1828100,107964,0,1936064,4120892,38065,493987229696,23.39
684.256,1828100,108988,0,1937088,4120892,38080,494177660928,23.39
684.356,1828100,112180,0,1940280,4120892,38094,494320463872,23.39
684.457,1828100,114544,0,1942644,4120892,38109,494479327232,24.77
684.557,1828100,115900,0,1944000,4120892,38119,494607372288,24.77
684.657,1828100,117748,0,1945848,4120892,38131,494746894336,24.77
684.758,1828100,118708,0,1946808,4120892,38140,494885031936,24.77
684.858,1828100,116920,0,1945020,4120892,38150,495024078848,24.77
684.959,1828100,116360,0,1944460,4120892,38161,495152750592,24.77
685.059,1828100,112116,0,1940216,4120892,38170,495283118080,24.77
685.159,1828100,112252,0,1940352,4120892,38183,495428177920,24.77
685.260,1828100,113584,0,1941684,4120892,38195,495553609728,24.77
685.360,1828100,114288,0,1942388,4120892,38205,495690399744,24.77
685.461,1828100,113136,0,1941236,4120892,38215,495816724480,24.77
685.561,1828100,113588,0,1941688,4120892,38225,495953035264,24.77
685.661,1828100,113784,0,1941884,4120892,38235,496093503488,24.77
685.762,1828100,113892,0,1941992,4120892,38245,496228880384,24.77
685.862,1828100,115144,0,1943244,4120892,38257,496358666240,24.77
685.963,1828100,116356,0,1944456,4120892,38269,496489066496,24.77
686.063,1828100,117628,0,1945728,4120892,38279,496612704256,24.77
686.163,1828100,120656,0,1948756,4120892,38288,496748777472,24.77
686.264,1828100,120952,0,1949052,4120892,38300,496891453440,24.77
686.364,1828100,121400,0,1949500,4120892,38308,497021493248,24.77
686.464,1828100,121776,0,1949876,4120892,38319,497131016192,22.63
686.565,1828100,121984,0,1950084,4120892,38328,497279418368,22.63
686.665,1828100,122432,0,1950532,4120892,38338,497394892800,22.63
686.765,1828100,123392,0,1951492,4120892,38348,497525342208,22.63
686.866,1828100,123584,0,1951684,4120892,38356,497669300224,22.63
686.966,1828100,124152,0,1952252,4120892,38367,497811410944,22.63
687.066,1828100,124152,0,1952252,4120892,38377,497952358400,22.63
687.167,1828100,125240,0,1953340,4120892,38387,498079338496,22.63
687.267,1828100,125944,0,1954044,4120892,38395,498224259072,22.63
687.367,1828100,126392,0,1954492,4120892,38405,498366373888,22.63
687.468,1828100,127032,0,1955132,4120892,38415,498485071872,22.63
687.568,1828100,127928,0,1956028,4120892,38425,498616999936,22.63
687.669,1828100,123348,0,1951448,4120892,38433,498738585600,22.63
687.769,1828100,119996,0,1948096,4120892,38443,498854346752,22.63
687.869,1828100,117556,0,1945656,4120892,38452,498978107392,22.63
687.970,1828100,109764,0,1937864,4120892,38460,499090526208,22.63
688.070,1828100,103712,0,1931812,4120892,38468,499211485184,22.63
688.171,1828100,100028,0,1928128,4120892,38476,499317698560,22.63
688.271,1828100,98424,0,1926524,4120892,38486,499442188288,22.63
688.371,1828100,93388,0,1921488,4120892,38493,499549704192,24.87
688.472,1828100,82668,0,1910768,4120892,38501,499667755008,24.87
688.572,1828100,74000,0,1902100,4120892,38510,499794788352,24.87
688.672,1828100,67944,0,1896044,4120892,38519,499916308480,24.87
688.773,1828100,67548,0,1895648,4120892,38529,500038438912,24.87
688.873,1828100,64120,0,1892220,4120892,38537,500155359232,24.87
688.973,1828100,59008,0,1887108,4120892,38546,500283564032,24.87
689.074,1828100,56472,0,1884572,4120892,38555,500393672704,24.87
689.174,1828100,54180,0,1882280,4120892,38566,500526710784,24.87
689.274,1828100,50584,0,1878684,4120892,38575,500642906112,24.87
689.375,1828100,47868,0,1875968,4120892,38583,500759502848,24.87
689.475,1828100,46592,0,1874692,4120892,38592,500896448512,24.87
689.575,1828100,45996,0,1874096,4120892,38600,501023535104,24.87
689.676,1828100,45732,0,1873832,4120892,38609,501162766336,24.87
689.776,1828100,45344,0,1873444,4120892,38619,501289537536,24.87
689.876,1828100,45588,0,1873688,4120892,38632,501425229824,24.87
689.977,1828100,44916,0,1873016,4120892,38641,501574602752,24.87
690.077,1828100,44404,0,1872504,4120892,38654,501727612928,24.87
690.177,1828100,45108,0,1873208,4120892,38664,501859532800,24.87
690.278,1828100,46324,0,1874424,4120892,38675,501988483072,24.71
690.378,1828100,46744,0,1874844,4120892,38684,502136487936,24.71
690.478,1828100,47024,0,1875124,4120892,38695,502265585664,24.71
690.579,1828100,46964,0,1875064,4120892,38704,502423851008,24.71
690.679,1828100,46440,0,1874540,4120892,38714,502557798400,24.71
690.779,1828100,47720,0,1875820,4120892,38723,502688837632,24.71
690.880,1828100,47336,0,1875436,4120892,38734,502826414080,24.71
690.980,1828100,48520,0,1876620,4120892,38745,502969409536,24.71
691.080,1828100,49032,0,1877132,4120892,38754,503112241152,24.71
691.181,1828100,50312,0,1878412,4120892,38764,503228096512,24.71
691.281,1828100,51716,0,1879816,4120892,38773,503366254592,24.71
691.381,1828100,52420,0,1880520,4120892,38786,503512129536,24.71
691.482,1828100,53032,0,1881132,4120892,38796,503649906688,24.71
691.583,1828100,53544,0,1881644,4120892,38806,503771447296,24.71
691.683,1828100,54308,0,1882408,4120892,38816,503925260288,24.71
691.783,1828100,55180,0,1883280,4120892,38825,504060915712,24.71
691.884,1828100,56208,0,1884308,4120892,38835,504179789824,24.71
691.984,1828100,56740,0,1884840,4120892,38845,504322138112,24.71
692.085,1828100,57828,0,1885928,4120892,38854,504440385536,24.71
692.185,1828100,57572,0,1885672,4120892,38863,504569663488,24.71
692.285,1828100,58084,0,1886184,4120892,38874,504708382720,24.4
692.386,1828100,57132,0,1885232,4120892,38886,504856735744,24.4
692.486,1828100,57528,0,1885628,4120892,38896,504998367232,24.4
692.587,1828100,57808,0,1885908,4120892,38903,505117908992,24.4
692.687,1828100,56932,0,1885032,4120892,38912,505256800256,24.4
692.787,1828100,56484,0,1884584,4120892,38923,505400061952,24.4
692.888,1828100,56740,0,1884840,4120892,38935,505532227584,24.4
692.988,1828100,56780,0,1884880,4120892,38945,505669218304,24.4
693.088,1828100,57104,0,1885204,4120892,38953,505793630208,24.4
693.189,1828100,57684,0,1885784,4120892,38963,505925595136,24.4
693.289,1828100,58132,0,1886232,4120892,38975,506066317312,24.4
693.389,1828100,58580,0,1886680,4120892,38985,506208456704,24.4
693.490,1828100,59696,0,1887796,4120892,38999,506370465792,24.4
693.590,1828100,62768,0,1890868,4120892,39012,506512289792,24.4
693.690,1828100,67568,0,1895668,4120892,39025,506662662144,24.4
693.791,1828100,75932,0,1904032,4120892,39037,506824302592,24.4
693.891,1828100,81852,0,1909952,4120892,39050,506973581312,24.4
693.991,1828100,86180,0,1914280,4120892,39062,507111993344,24.4
694.092,1828100,91100,0,1919200,4120892,39072,507251396608,24.4
694.192,1828100,93404,0,1921504,4120892,39084,507407024128,25.42
694.293,1828100,95708,0,1923808,4120892,39096,507536293888,25.42
694.393,1828100,97924,0,1926024,4120892,39106,507690844160,25.42
694.493,1828100,99144,0,1927244,4120892,39120,507833749504,25.42
694.594,1828100,103304,0,1931404,4120892,39136,507985686528,25.42
694.694,1828100,105688,0,1933788,4120892,39149,508127191040,25.42
694.794,1828100,107480,0,1935580,4120892,39160,508277301248,25.42
694.895,1828100,103272,0,1931372,4120892,39169,508405534720,25.42
694.995,1828100,104292,0,1932392,4120892,39181,508546637824,25.42
695.096,1828100,101572,0,1929672,4120892,39194,508678918144,25.42
695.196,1828100,96572,0,1924672,4120892,39205,508815994880,25.42
695.297,1828100,95828,0,1923928,4120892,39215,508944027648,25.42
695.397,1828100,95904,0,1924004,4120892,39223,509081186304,25.42
695.497,1828100,96784,0,1924884,4120892,39232,509214769152,25.42
695.598,1828100,96720,0,1924820,4120892,39244,509340372992,25.42
695.698,1828100,97680,0,1925780,4120892,39253,509472108544,25.42
695.798,1828100,98384,0,1926484,4120892,39262,509588357120,25.42
695.899,1828100,99244,0,1927344,4120892,39273,509727801344,25.42
695.999,1828100,101036,0,1929136,4120892,39284,509850091520,25.42
696.099,1828100,100976,0,1929076,4120892,39293,509990400000,22.98
696.200,1828100,101424,0,1929524,4120892,39301,510110830592,22.98
696.300,1828100,101576,0,1929676,4120892,39309,510244642816,22.98
696.401,1828100,102660,0,1930760,4120892,39319,510369574912,22.98
696.501,1828100,103812,0,1931912,4120892,39327,510492565504,22.98
696.601,1828100,104708,0,1932808,4120892,39335,510623145984,22.98
696.702,1828100,106296,0,1934396,4120892,39343,510758928384,22.98
696.802,1828100,107000,0,1935100,4120892,39352,510898114560,22.98
696.902,1828100,108536,0,1936636,4120892,39364,511027900416,22.98
697.003,1828100,109572,0,1937672,4120892,39373,511165427712,22.98
697.103,1828100,110532,0,1938632,4120892,39383,511293186048,22.98
697.203,1828100,111600,0,1939700,4120892,39391,511427403776,22.98
697.304,1828100,112048,0,1940148,4120892,39400,511563231232,22.98
697.404,1828100,113352,0,1941452,4120892,39410,511691182080,22.98
697.504,1828100,114248,0,1942348,4120892,39419,511827742720,22.98
697.605,1828100,114888,0,1942988,4120892,39426,511936471040,22.98
697.705,1828100,113608,0,1941708,4120892,39436,512041811968,22.98
697.805,1828100,107272,0,1935372,4120892,39444,512165744640,22.98
697.906,1828100,101640,0,1929740,4120892,39452,512283885568,22.98
698.006,1828100,97220,0,1925320,4120892,39461,512405426176,25.7
698.107,1828100,92308,0,1920408,4120892,39468,512519294976,25.7
698.207,1828100,91476,0,1919576,4120892,39475,512646029312,25.7
698.307,1828100,88688,0,1916788,4120892,39485,512767741952,25.7
698.408,1828100,84716,0,1912816,4120892,39495,512887660544,25.7
698.508,1828100,80048,0,1908148,4120892,39503,513015308288,25.7
698.608,1828100,76856,0,1904956,4120892,39512,513135161344,25.7
698.709,1828100,75028,0,1903128,4120892,39520,513266446336,25.7
698.809,1828100,73420,0,1901520,4120892,39528,513391763456,25.7
698.909,1828100,68628,0,1896728,4120892,39537,513517473792,25.7
699.010,1828100,64512,0,1892612,4120892,39547,513638498304,25.7
699.110,1828100,60864,0,1888964,4120892,39556,513741275136,25.7
699.210,1828100,57640,0,1885740,4120892,39564,513867546624,25.7
699.311,1828100,54080,0,1882180,4120892,39573,513985937408,25.7
699.411,1828100,51320,0,1879420,4120892,39583,514118180864,25.7
699.512,1828100,49844,0,1877944,4120892,39591,514247454720,25.7
699.612,1828100,47904,0,1876004,4120892,39600,514386423808,25.7
699.712,1828100,45876,0,1873976,4120892,39609,514520236032,25.7
699.813,1828100,45392,0,1873492,4120892,39620,514657931264,25.7
699.913,1828100,44164,0,1872264,4120892,39628,514790436864,22.86
700.013,1828100,43588,0,1871688,4120892,39636,514910687232,22.86
700.114,1828100,42856,0,1870956,4120892,39647,515037360128,22.86
700.214,1828100,41828,0,1869928,4120892,39656,515175890944,22.86
700.315,1828100,42292,0,1870392,4120892,39666,515313627136,22.86
700.415,1828100,42940,0,1871040,4120892,39676,515458809856,22.86
700.515,1828100,43004,0,1871104,4120892,39686,515604787200,22.86
700.615,1828100,42680,0,1870780,4120892,39697,515743399936,22.86
700.716,1828100,43508,0,1871608,4120892,39709,515881766912,22.86
700.816,1828100,44272,0,1872372,4120892,39720,516021952512,22.86
700.916,1828100,44980,0,1873080,4120892,39731,516161970176,22.86
701.017,1828100,45832,0,1873932,4120892,39741,516314030080,22.86
701.117,1828100,47048,0,1875148,4120892,39752,516465999872,22.86
701.218,1828100,48028,0,1876128,4120892,39762,516604596224,22.86
701.318,1828100,50196,0,1878296,4120892,39773,516748832768,22.86
701.418,1828100,51156,0,1879256,4120892,39785,516900397056,22.86
701.519,1828100,54676,0,1882776,4120892,39799,517036085248,22.86
701.619,1828100,56580,0,1884680,4120892,39813,517172772864,22.86
701.719,1828100,59012,0,1887112,4120892,39826,517309214720,22.86
701.820,1828100,60616,0,1888716,4120892,39836,517452316672,24.69
701.920,1828100,62340,0,1890440,4120892,39847,517601517568,24.69
702.020,1828100,62852,0,1890952,4120892,39856,517736697856,24.69
702.121,1828100,63368,0,1891468,4120892,39867,517866803200,24.69
702.221,1828100,64396,0,1892496,4120892,39877,518018048000,24.69
702.321,1828100,66248,0,1894348,4120892,39891,518165520384,24.69
702.422,1828100,68132,0,1896232,4120892,39903,518319116288,24.69
702.522,1828100,69220,0,1897320,4120892,39913,518461710336,24.69
702.623,1828100,68524,0,1896624,4120892,39925,518610415616,24.69
702.723,1828100,67356,0,1895456,4120892,39935,518766813184,24.69
702.823,1828100,64496,0,1892596,4120892,39945,518921310208,24.69
702.924,1828100,63988,0,1892088,4120892,39956,519059480576,24.69
703.024,1828100,63776,0,1891876,4120892,39965,519201558528,24.69
703.124,1828100,64032,0,1892132,4120892,39975,519326547968,24.69
703.225,1828100,63840,0,1891940,4120892,39984,519476645888,24.69
703.325,1828100,63380,0,1891480,4120892,39995,519608696832,24.69
703.425,1828100,63700,0,1891800,4120892,40006,519738343424,24.69
703.526,1828100,63572,0,1891672,4120892,40015,519871725568,24.69
703.626,1828100,61328,0,1889428,4120892,40027,520023707648,24.69
703.726,1828100,61788,0,1889888,4120892,40038,520168550400,23.48
703.827,1828100,62492,0,1890592,4120892,40048,520305614848,23.48
703.927,1828100,63132,0,1891232,4120892,40059,520461336576,23.48
704.027,1828100,63772,0,1891872,4120892,40070,520595779584,23.48
704.128,1828100,65048,0,1893148,4120892,40084,520755023872,23.48
704.228,1828100,65068,0,1893168,4120892,40093,520885907456,23.48
704.328,1828100,65580,0,1893680,4120892,40103,521022636032,23.48
704.429,1828100,66148,0,1894248,4120892,40114,521168121856,23.48
704.529,1828100,67748,0,1895848,4120892,40125,521287335936,23.48
704.630,1828100,68964,0,1897064,4120892,40135,521432064000,23.48
704.730,1828100,69648,0,1897748,4120892,40146,521571274752,23.48
704.830,1828100,70416,0,1898516,4120892,40156,521704579072,23.48
704.931,1828100,71184,0,1899284,4120892,40167,521860657152,23.48
705.031,1828100,71580,0,1899680,4120892,40177,521989951488,23.48
705.131,1828100,71836,0,1899936,4120892,40187,522129461248,23.48
705.232,1828100,72284,0,1900384,4120892,40198,522265059328,23.48
705.332,1828100,72820,0,1900920,4120892,40207,522399723520,23.48
705.433,1828100,73780,0,1901880,4120892,40216,522529198080,23.48
705.533,1828100,73460,0,1901560,4120892,40225,522654146560,23.48
705.633,1828100,74612,0,1902712,4120892,40235,522778996736,24.3
705.733,1828100,75060,0,1903160,4120892,40243,522921201664,24.3
705.834,1828100,76724,0,1904824,4120892,40254,523044954112,24.3
705.934,1828100,78388,0,1906488,4120892,40263,523175190528,24.3
706.034,1828100,80120,0,1908220,4120892,40274,523311783936,24.3
706.135,1828100,81464,0,1909564,4120892,40285,523448049664,24.3
706.235,1828100,82860,0,1910960,4120892,40295,523573526528,24.3
706.336,1828100,83592,0,1911692,4120892,40308,523722317824,24.3
706.436,1828100,84616,0,1912716,4120892,40319,523858087936,24.3
706.536,1828100,85640,0,1913740,4120892,40330,524005261312,24.3
706.637,1828100,87240,0,1915340,4120892,40341,524150239232,24.3
706.737,1828100,87752,0,1915852,4120892,40352,524290060288,24.3
706.837,1828100,89196,0,1917296,4120892,40363,524420354048,24.3
706.938,1828100,90564,0,1918664,4120892,40373,524561162240,24.3
707.038,1828100,90820,0,1918920,4120892,40383,524694093824,24.3
707.139,1828100,91840,0,1919940,4120892,40391,524828246016,24.3
707.239,1828100,92984,0,1921084,4120892,40401,524962873344,24.3
707.339,1828100,93880,0,1921980,4120892,40411,525086216192,24.3
707.440,1828100,94776,0,1922876,4120892,40421,525215813632,24.3
707.540,1828100,96824,0,1924924,4120892,40432,525339484160,26.24
707.640,1828100,98104,0,1926204,4120892,40442,525464981504,26.24
707.741,1828100,97428,0,1925528,4120892,40449,525574189056,26.24
707.841,1828100,93212,0,1921312,4120892,40459,525698576384,26.24
707.941,1828100,89152,0,1917252,4120892,40467,525811015680,26.24
708.042,1828100,86420,0,1914520,4120892,40477,525936381952,26.24
708.142,1828100,85904,0,1914004,4120892,40486,526053011456,26.24
708.243,1828100,85504,0,1913604,4120892,40496,526173618176,26.24
708.343,1828100,82792,0,1910892,4120892,40509,526286172160,26.24
708.443,1828100,75188,0,1903288,4120892,40518,526413864960,26.24
708.544,1828100,73056,0,1901156,4120892,40528,526527741952,26.24
708.644,1828100,70544,0,1898644,4120892,40538,526643589120,26.24
708.744,1828100,64804,0,1892904,4120892,40548,526774861824,26.24
708.845,1828100,62596,0,1890696,4120892,40560,526913843200,26.24
708.945,1828100,61252,0,1889352,4120892,40572,527028498432,26.24
709.046,1828100,60984,0,1889084,4120892,40584,527152504832,26.24
709.146,1828100,59316,0,1887416,4120892,40593,527278309376,26.24
709.246,1828100,56976,0,1885076,4120892,40601,527385575424,26.24
709.347,1828100,56020,0,1884120,4120892,40610,527512633344,26.24
709.447,1828100,54996,0,1883096,4120892,40618,527632904192,23.29
709.547,1828100,52852,0,1880952,4120892,40627,527761399808,23.29
709.648,1828100,51392,0,1879492,4120892,40635,527888834560,23.29
709.748,1828100,48588,0,1876688,4120892,40645,528027144192,23.29
709.848,1828100,47024,0,1875124,4120892,40657,528158564352,23.29
709.949,1828100,47748,0,1875848,4120892,40667,528303259648,23.29
710.049,1828100,47340,0,1875440,4120892,40677,528446214144,23.29
710.150,1828100,46636,0,1874736,4120892,40687,528586006528,23.29
710.250,1828100,47148,0,1875248,4120892,40697,528729346048,23.29
710.351,1828100,47664,0,1875764,4120892,40707,528848003072,23.29
710.451,1828100,49008,0,1877108,4120892,40720,529006170112,23.29
710.551,1828100,49892,0,1877992,4120892,40730,529131143168,23.29
710.652,1828100,49572,0,1877672,4120892,40740,529271836672,23.29
710.752,1828100,49764,0,1877864,4120892,40749,529387847680,23.29
710.852,1828100,49372,0,1877472,4120892,40759,529512443904,23.29
710.953,1828100,49436,0,1877536,4120892,40768,529665798144,23.29
711.053,1828100,50448,0,1878548,4120892,40780,529800736768,23.29
711.153,1828100,51536,0,1879636,4120892,40787,529934954496,23.29
711.254,1828100,52620,0,1880720,4120892,40797,530068402176,23.29
711.354,1828100,53964,0,1882064,4120892,40806,530209894400,24.69
711.454,1828100,54536,0,1882636,4120892,40816,530330673152,24.69
711.555,1828100,56584,0,1884684,4120892,40826,530468564992,24.69
711.655,1828100,56900,0,1885000,4120892,40836,530590900224,24.69
711.756,1828100,58708,0,1886808,4120892,40845,530720477184,24.69
711.856,1828100,59604,0,1887704,4120892,40857,530875363328,24.69
711.956,1828100,59604,0,1887704,4120892,40867,531013451776,24.69
712.057,1828100,60048,0,1888148,4120892,40881,531148140544,24.69
712.157,1828100,59212,0,1887312,4120892,40890,531277082624,24.69
712.257,1828100,59788,0,1887888,4120892,40899,531416092672,24.69
712.358,1828100,60320,0,1888420,4120892,40912,531566473216,24.69
712.458,1828100,60448,0,1888548,4120892,40921,531696373760,24.69
712.559,1828100,60892,0,1888992,4120892,40933,531845345280,24.69
712.659,1828100,62172,0,1890272,4120892,40947,531975151616,24.69
712.759,1828100,62300,0,1890400,4120892,40957,532123578368,24.69
712.860,1828100,62940,0,1891040,4120892,40966,532238786560,24.69
712.960,1828100,62876,0,1890976,4120892,40974,532361687040,24.69
713.061,1828100,64116,0,1892216,4120892,40987,532500492288,24.69
713.161,1828100,66004,0,1894104,4120892,41000,532642271232,24.69
713.261,1828100,68308,0,1896408,4120892,41011,532781240320,24.69
713.362,1828100,69460,0,1897560,4120892,41023,532940660736,23.66
713.462,1828100,69204,0,1897304,4120892,41033,533096628224,23.66
713.562,1828100,70288,0,1898388,4120892,41043,533235814400,23.66
713.663,1828100,71188,0,1899288,4120892,41054,533388914688,23.66
713.763,1828100,72296,0,1900396,4120892,41064,533527142400,23.66
713.863,1828100,73576,0,1901676,4120892,41073,533662560256,23.66
713.964,1828100,74408,0,1902508,4120892,41085,533797220352,23.66
714.064,1828100,73840,0,1901940,4120892,41093,533933449216,23.66
714.165,1828100,75120,0,1903220,4120892,41105,534063562752,23.66
714.265,1828100,75440,0,1903540,4120892,41116,534202961920,23.66
714.365,1828100,76212,0,1904312,4120892,41127,534337511424,23.66
714.466,1828100,78132,0,1906232,4120892,41137,534466113536,23.66
714.566,1828100,78712,0,1906812,4120892,41148,534603694080,23.66
714.667,1828100,81336,0,1909436,4120892,41158,534734229504,23.66
714.767,1828100,81592,0,1909692,4120892,41168,534885752832,23.66
714.867,1828100,83256,0,1911356,4120892,41178,535018196992,23.66
714.968,1828100,84596,0,1912696,4120892,41191,535156473856,23.66
715.068,1828100,85876,0,1913976,4120892,41202,535296376832,23.66
715.168,1828100,86492,0,1914592,4120892,41215,535430651904,23.66
715.269,1828100,87220,0,1915320,4120892,41223,535555506176,23.36
715.369,1828100,88888,0,1916988,4120892,41234,535690772480,23.36
715.469,1828100,89336,0,1917436,4120892,41246,535834259456,23.36
715.570,1828100,90996,0,1919096,4120892,41256,535960788992,23.36
715.670,1828100,92724,0,1920824,4120892,41268,536101294080,23.36
715.770,1828100,98364,0,1926464,4120892,41283,536255668224,23.36
715.871,1828100,99516,0,1927616,4120892,41293,536375857152,23.36
715.971,1828100,101948,0,1930048,4120892,41303,536504410112,23.36
716.071,1828100,96532,0,1924632,4120892,41313,536621690880,23.36
716.172,1828100,90496,0,1918596,4120892,41323,536739020800,23.36
716.272,1828100,86724,0,1914824,4120892,41334,536869654528,23.36
716.372,1828100,84996,0,1913096,4120892,41343,536994664448,23.36
716.473,1828100,82664,0,1910764,4120892,41354,537120825344,23.36
716.573,1828100,79580,0,1907680,4120892,41364,537234882560,23.36
716.673,1828100,77900,0,1906000,4120892,41376,537353748480,23.36
716.774,1828100,72444,0,1900544,4120892,41385,537469059072,23.36
716.874,1828100,69552,0,1897652,4120892,41396,537585082368,23.36
716.975,1828100,64116,0,1892216,4120892,41403,537696288768,23.36
717.075,1828100,61568,0,1889668,4120892,41415,537834860544,23.36
717.175,1828100,60992,0,1889092,4120892,41424,537952509952,23.83
717.276,1828100,56900,0,1885000,4120892,41434,538062942208,23.83
717.376,1828100,55160,0,1883260,4120892,41442,538181603328,23.83
717.477,1828100,54504,0,1882604,4120892,41454,538311815168,23.83
717.577,1828100,52024,0,1880124,4120892,41462,538429952000,23.83
717.677,1828100,50820,0,1878920,4120892,41474,538564816896,23.83
717.778,1828100,50692,0,1878792,4120892,41484,538689482752,23.83
717.878,1828100,50200,0,1878300,4120892,41493,538807390208,23.83
717.978,1828100,50428,0,1878528,4120892,41505,538939461632,23.83
718.079,1828100,49716,0,1877816,4120892,41516,539068731392,23.83
718.179,1828100,49392,0,1877492,4120892,41525,539195613184,23.83
718.280,1828100,48672,0,1876772,4120892,41537,539325677568,23.83
718.380,1828100,50400,0,1878500,4120892,41547,539456593920,23.83
718.480,1828100,50912,0,1879012,4120892,41557,539596582912,23.83
718.581,1828100,51964,0,1880064,4120892,41567,539725295616,23.83
718.681,1828100,51968,0,1880068,4120892,41577,539868446720,23.83
718.781,1828100,52352,0,1880452,4120892,41588,540008583168,23.83
718.882,1828100,52488,0,1880588,4120892,41600,540149174272,23.83
718.982,1828100,51720,0,1879820,4120892,41610,540296646656,23.83
719.082,1828100,51280,0,1879380,4120892,41619,540425220096,25.13
719.183,1828100,50604,0,1878704,4120892,41628,540568760320,25.13
719.283,1828100,50860,0,1878960,4120892,41639,540700966912,25.13
719.384,1828100,51436,0,1879536,4120892,41648,540844580864,25.13
719.484,1828100,52524,0,1880624,4120892,41661,540973711360,25.13
719.584,1828100,54572,0,1882672,4120892,41671,541098921984,25.13
719.685,1828100,56608,0,1884708,4120892,41682,541235560448,25.13
719.785,1828100,58144,0,1886244,4120892,41693,541357211648,25.13
719.886,1828100,60220,0,1888320,4120892,41704,541510279168,25.13
719.986,1828100,61372,0,1889472,4120892,41715,541653561344,25.13
720.086,1828100,62076,0,1890176,4120892,41724,541785473024,25.13
720.187,1828100,63616,0,1891716,4120892,41735,541924433920,25.13
720.287,1828100,64656,0,1892756,4120892,41745,542061228032,25.13
720.387,1828100,65236,0,1893336,4120892,41755,542180405248,25.13
720.488,1828100,65364,0,1893464,4120892,41764,542312566784,25.13
720.588,1828100,65944,0,1894044,4120892,41775,542457335808,25.13
720.688,1828100,66436,0,1894536,4120892,41785,542600077312,25.13
720.789,1828100,67388,0,1895488,4120892,41795,542740692992,25.13
720.889,1828100,68984,0,1897084,4120892,41809,542894280704,25.13
720.990,1828100,68856,0,1896956,4120892,41818,543026860032,25.13
721.090,1828100,70396,0,1898496,4120892,41832,543196721152,24.38
721.190,1828100,72700,0,1900800,4120892,41845,543353647104,24.38
721.291,1828100,73148,0,1901248,4120892,41855,543484649472,24.38
721.391,1828100,73596,0,1901696,4120892,41866,543621595136,24.38
721.492,1828100,74116,0,1902216,4120892,41875,543752540160,24.38
721.592,1828100,76020,0,1904120,4120892,41885,543877316608,24.38
721.692,1828100,75380,0,1903480,4120892,41896,544013737984,24.38
721.793,1828100,76484,0,1904584,4120892,41906,544146804736,24.38
721.893,1828100,76820,0,1904920,4120892,41916,544267890688,24.38
721.993,1828100,77524,0,1905624,4120892,41928,544409640960,24.38
722.094,1828100,78548,0,1906648,4120892,41939,544543121408,24.38
722.194,1828100,80340,0,1908440,4120892,41949,544673091584,24.38
722.295,1828100,81172,0,1909272,4120892,41961,544817098752,24.38
722.395,1828100,82516,0,1910616,4120892,41972,544947191808,24.38
722.496,1828100,83412,0,1911512,4120892,41980,545084403712,24.38
722.596,1828100,84584,0,1912684,4120892,41989,545208381440,24.38
722.696,1828100,86056,0,1914156,4120892,41999,545351020544,24.38
722.797,1828100,87420,0,1915520,4120892,42012,545479467008,24.38
722.897,1828100,89084,0,1917184,4120892,42023,545608032256,24.38
722.997,1828100,89596,0,1917696,4120892,42034,545731514368,24.38
723.098,1828100,90108,0,1918208,4120892,42042,545869156352,23.59
723.198,1828100,91972,0,1920072,4120892,42056,545990934528,23.59
723.299,1828100,92228,0,1920328,4120892,42065,546121691136,23.59
723.399,1828100,93636,0,1921736,4120892,42076,546261676032,23.59
723.499,1828100,95096,0,1923196,4120892,42086,546407948288,23.59
723.600,1828100,95864,0,1923964,4120892,42097,546527133696,23.59
723.700,1828100,97272,0,1925372,4120892,42108,546669707264,23.59
723.800,1828100,99192,0,1927292,4120892,42120,546799857664,23.59
723.901,1828100,101544,0,1929644,4120892,42132,546927005696,23.59
724.001,1828100,103360,0,1931460,4120892,42142,547042881536,23.59
724.101,1828100,103608,0,1931708,4120892,42153,547153526784,23.59
724.202,1828100,95540,0,1923640,4120892,42163,547274264576,23.59
724.302,1828100,92452,0,1920552,4120892,42172,547381268480,23.59
724.403,1828100,85668,0,1913768,4120892,42183,547504185344,23.59
724.503,1828100,80396,0,1908496,4120892,42191,547632562176,23.59
724.603,1828100,74440,0,1902540,4120892,42203,547778187264,23.59
724.704,1828100,71688,0,1899788,4120892,42216,547921506304,23.59
724.804,1828100,69628,0,1897728,4120892,42230,548052799488,23.59
724.904,1828100,67260,0,1895360,4120892,42240,548175851520,23.59
725.005,1828100,61936,0,1890036,4120892,42249,548304470016,23.59
725.105,1828100,60884,0,1888984,4120892,42261,548452352000,25.11
725.205,1828100,60252,0,1888352,4120892,42271,548577681408,25.11
725.306,1828100,59896,0,1887996,4120892,42279,548693344256,25.11
725.406,1828100,58820,0,1886920,4120892,42288,548807151616,25.11
725.507,1828100,54764,0,1882864,4120892,42298,548944834560,25.11
725.607,1828100,53608,0,1881708,4120892,42307,549048897536,25.11
725.708,1828100,52496,0,1880596,4120892,42316,549178470400,25.11
725.808,1828100,51932,0,1880032,4120892,42325,549290917888,25.11
725.908,1828100,51940,0,1880040,4120892,42334,549410308096,25.11
726.009,1828100,53268,0,1881368,4120892,42344,549534470144,25.11
726.109,1828100,53648,0,1881748,4120892,42353,549647933440,25.11
726.209,1828100,55220,0,1883320,4120892,42361,549778825216,25.11
726.310,1828100,57452,0,1885552,4120892,42371,549903400960,25.11
726.410,1828100,59396,0,1887496,4120892,42382,550058078208,25.11
726.511,1828100,59224,0,1887324,4120892,42393,550194053120,25.11
726.611,1828100,61636,0,1889736,4120892,42405,550329466880,25.11
726.711,1828100,62272,0,1890372,4120892,42416,550456070144,25.11
726.812,1828100,62084,0,1890184,4120892,42425,550590341120,25.11
726.912,1828100,63236,0,1891336,4120892,42436,550721409024,25.11
727.012,1828100,63936,0,1892036,4120892,42447,550862594048,22.55
727.113,1828100,63272,0,1891372,4120892,42458,550994599936,22.55
727.213,1828100,63636,0,1891736,4120892,42471,551154397184,22.55
727.314,1828100,63612,0,1891712,4120892,42482,551278825472,22.55
727.414,1828100,65488,0,1893588,4120892,42496,551427391488,22.55
727.514,1828100,66960,0,1895060,4120892,42507,551564558336,22.55
727.615,1828100,68732,0,1896832,4120892,42518,551691874304,22.55
727.715,1828100,71096,0,1899196,4120892,42529,551831359488,22.55
727.815,1828100,72180,0,1900280,4120892,42540,551985606656,22.55
727.916,1828100,74100,0,1902200,4120892,42553,552148529152,22.55
728.016,1828100,75388,0,1903488,4120892,42566,552284946432,22.55
728.117,1828100,73156,0,1901256,4120892,42576,552431357952,22.55
728.217,1828100,70784,0,1898884,4120892,42589,552595259392,22.55
728.317,1828100,71892,0,1899992,4120892,42602,552732536832,22.55
728.418,1828100,72400,0,1900500,4120892,42614,552886091776,22.55
728.518,1828100,74828,0,1902928,4120892,42627,553028308992,22.55
728.618,1828100,74332,0,1902432,4120892,42639,553178095616,22.55
728.719,1828100,75500,0,1903600,4120892,42653,553329979392,22.55
728.819,1828100,76508,0,1904608,4120892,42666,553481523200,22.55
728.920,1828100,79072,0,1907172,4120892,42682,553603178496,22.55
729.020,1828100,78564,0,1906664,4120892,42691,553744236544,24.63
729.120,1828100,80092,0,1908192,4120892,42701,553881288704,24.63
729.221,1828100,79520,0,1907620,4120892,42712,554019893248,24.63
729.321,1828100,79980,0,1908080,4120892,42725,554163052544,24.63
729.421,1828100,79728,0,1907828,4120892,42735,554299539456,24.63
729.522,1828100,81068,0,1909168,4120892,42747,554426232832,24.63
