t,RssAnon,RssFile,RssShmem,VmRSS,VmHWM,majflt,read_bytes,psi_io_full
0.001,12,0,0,12,12,0,1445888,27.6
0.101,8696,11696,0,20392,20412,11,27754496,27.6
0.201,8564,11696,0,20260,20532,11,27754496,27.6
0.302,57264,12112,0,69376,69376,13,28831744,27.6
0.402,83524,12496,0,96020,144640,13,28831744,27.6
0.503,100128,12560,0,112688,173636,13,28831744,27.6
0.603,111396,12560,0,123956,173636,13,28831744,25.68
0.703,112404,12560,0,124964,173636,13,28831744,25.68
0.804,112404,12560,0,124964,173636,13,28831744,25.68
0.904,112404,12560,0,124964,173636,13,28831744,25.68
1.004,112404,12560,0,124964,173636,13,28831744,25.68
1.105,112404,12560,0,124964,173636,13,28831744,25.68
1.205,112996,12560,0,125556,173636,13,28831744,25.68
1.305,117096,12560,0,129656,173636,13,28831744,25.68
1.406,117096,12560,0,129656,173636,13,28831744,25.68
1.506,117096,12560,0,129656,173636,13,28831744,25.68
1.607,117096,12560,0,129656,173636,13,28831744,25.68
1.707,117096,12560,0,129656,173636,13,28831744,25.68
1.808,117096,12560,0,129656,173636,13,28831744,25.68
1.908,117096,12560,0,129656,173636,13,28831744,25.68
2.008,117096,12560,0,129656,173636,13,28831744,25.68
2.108,117096,12560,0,129656,173636,13,28831744,25.68
2.209,117096,12560,0,129656,173636,13,28831744,25.68
2.309,117096,12560,0,129656,173636,13,28831744,25.68
2.409,117096,12560,0,129656,173636,13,28831744,25.68
2.510,117096,12560,0,129656,173636,13,28831744,21.21
2.610,117100,12560,0,129660,173636,13,28831744,21.21
2.711,117100,12560,0,129660,173636,13,28831744,21.21
2.811,117100,12560,0,129660,173636,13,28831744,21.21
2.911,117100,12560,0,129660,173636,13,28831744,21.21
3.012,117100,12560,0,129660,173636,13,28831744,21.21
3.112,117100,12560,0,129660,173636,13,28831744,21.21
3.212,117100,12560,0,129660,173636,13,28831744,21.21
3.313,117100,12560,0,129660,173636,13,28831744,21.21
3.413,117100,12560,0,129660,173636,13,28831744,21.21
3.513,117100,12624,0,129724,173636,13,28831744,21.21
3.614,147196,12624,0,159820,173636,13,28831744,21.21
3.714,170484,12624,0,183108,183108,13,28831744,21.21
3.815,190640,12624,0,203264,203264,13,28831744,21.21
3.915,211076,12624,0,223700,223700,13,28831744,21.21
4.015,231164,12624,0,243788,243788,13,28831744,21.21
4.116,254056,12624,0,266680,266680,13,28831744,21.21
4.216,274724,12624,0,287348,287348,13,28831744,21.21
4.316,296284,12624,0,308908,308908,13,28831744,21.21
4.417,317040,12624,0,329664,329664,13,28831744,20.26
4.517,341956,12624,0,354580,354580,13,28831744,20.26
4.618,363444,12624,0,376068,376068,13,28831744,20.26
4.718,385140,12624,0,397764,397764,13,28831744,20.26
4.818,406280,12624,0,418904,418904,13,28831744,20.26
4.919,428140,12624,0,440764,440764,13,28831744,20.26
5.019,449924,12624,0,462548,462548,13,28831744,20.26
5.119,473952,12624,0,486576,486576,13,28831744,20.26
5.220,493616,12624,0,506240,506240,13,28831744,20.26
5.320,518288,12624,0,530912,530912,13,28831744,20.26
5.421,538968,12624,0,551592,551592,13,28831744,20.26
5.521,562512,12624,0,575136,575136,13,28831744,20.26
5.621,582952,12624,0,595576,595576,13,28831744,20.26
5.722,603732,12624,0,616356,616356,13,28831744,20.26
5.822,627556,12624,0,640180,640180,13,28831744,20.26
5.922,648468,12624,0,661092,661092,13,28831744,20.26
6.023,668980,12624,0,681604,681604,13,28831744,20.26
6.123,691132,12624,0,703756,703756,13,28831744,20.26
6.224,713600,12624,0,726224,726224,13,28831744,20.26
6.324,735536,12624,0,748160,748160,13,28831744,20.26
6.424,758056,12624,0,770680,770680,13,28831744,20.21
6.525,779708,12624,0,792332,792332,13,28831744,20.21
6.625,803492,12624,0,816116,816116,13,28831744,20.21
6.725,824488,12624,0,837112,837112,13,28831744,20.21
6.826,844324,12624,0,856948,856948,13,28831744,20.21
6.926,844324,12624,0,856948,856948,13,28831744,20.21
7.027,844324,12624,0,856948,856948,13,28831744,20.21
7.127,405728,12624,0,418352,856368,13,28831744,20.21
7.227,139888,12816,0,152704,856368,13,28831744,20.21
7.328,160736,12816,0,173552,856368,13,28831744,20.21
7.428,184908,12816,0,197724,856368,13,28831744,20.21
7.528,205980,12816,0,218796,856368,13,28831744,20.21
7.629,226200,12816,0,239016,856368,13,28831744,20.21
7.729,248984,12816,0,261800,856368,13,28831744,20.21
7.830,269116,12816,0,281932,856368,13,28831744,20.21
7.930,289596,12816,0,302412,856368,13,28831744,20.21
8.030,311532,12816,0,324348,856368,13,28831744,20.21
8.131,333656,12816,0,346472,856368,13,28831744,20.21
8.231,352732,12816,0,365548,856368,13,28831744,20.21
8.331,374228,12816,0,387044,856368,13,28831744,19.99
8.432,396144,12816,0,408960,856368,13,28831744,19.99
8.532,419032,12816,0,431848,856368,13,28831744,19.99
8.632,437688,12816,0,450504,856368,13,28831744,19.99
8.733,458580,12816,0,471396,856368,13,28831744,19.99
8.833,479932,12816,0,492748,856368,13,28831744,19.99
8.934,503476,12816,0,516292,856368,13,28831744,19.99
9.034,523600,12816,0,536416,856368,13,28831744,19.99
9.134,543308,12816,0,556124,856368,13,28831744,19.99
9.235,564668,12816,0,577484,856368,13,28831744,19.99
9.335,587080,12816,0,599896,856368,13,28831744,19.99
9.435,608936,12816,0,621752,856368,13,28831744,19.99
9.536,628564,12816,0,641380,856368,13,28831744,19.99
9.636,648476,12816,0,661292,856368,13,28831744,19.99
9.736,671692,12816,0,684508,856368,13,28831744,19.99
9.837,691140,12816,0,703956,856368,13,28831744,19.99
9.937,713608,12816,0,726424,856368,13,28831744,19.99
10.037,734896,12816,0,747712,856368,13,28831744,19.99
10.138,753556,12816,0,766372,856368,13,28831744,19.99
10.238,775468,12816,0,788284,856368,13,28831744,19.99
10.339,795844,12816,0,808660,856368,13,28831744,20.72
10.439,814568,12816,0,827384,856368,13,28831744,20.72
10.539,834776,12816,0,847592,856368,13,28831744,20.72
10.640,870572,12816,0,883388,883388,13,28831744,20.72
10.740,1037536,12816,0,1050352,1050352,13,28831744,20.72
10.841,1207156,12816,0,1219972,1219972,13,28831744,20.72
10.941,1367280,12816,0,1380096,1380096,13,28831744,20.72
11.041,1521672,12816,0,1534488,1534488,13,28831744,20.72
11.142,1567284,12816,0,1580100,1580100,13,28831744,20.72
11.245,1567416,12816,0,1580232,1580232,13,28831744,20.72
11.346,1567444,12816,0,1580260,1580260,13,28831744,20.72
11.446,1578108,12816,0,1590924,1590924,13,28831744,20.72
11.547,1606276,12816,0,1619092,1619092,13,28831744,20.72
11.647,1723928,12816,0,1736744,1736744,13,28831744,20.72
11.747,1847040,12816,0,1859856,1859856,13,28831744,20.72
11.848,1963604,12816,0,1976420,1976420,13,28831744,20.72
11.948,696548,12816,0,709364,1978088,13,28831744,20.72
12.048,668132,12816,0,680948,1978088,13,28831744,20.72
12.149,757416,12816,0,770232,1978088,13,28831744,20.72
12.249,780480,59024,0,839504,1978088,15,28831744,18.23
12.349,640232,149312,0,789544,1978088,17,28835840,18.23
12.453,640240,169136,0,809376,1978088,17,28839936,18.23
12.553,640240,169136,0,809376,1978088,17,28839936,18.23
12.654,719692,169136,0,888828,1978088,17,28839936,18.23
12.754,811272,169136,0,980408,1978088,17,28839936,18.23
12.857,835556,169136,0,1004692,1978088,17,28839936,18.23
12.957,946440,169136,0,1115576,1978088,17,28839936,18.23
13.058,1042524,169136,0,1211660,1978088,17,28839936,18.23
13.158,1127172,169136,0,1296308,1978088,17,28839936,18.23
13.259,1167992,169136,0,1337128,1978088,17,28839936,18.23
13.359,1197168,169136,0,1366304,1978088,17,28839936,18.23
13.459,1128080,169136,0,1297216,1978088,17,28839936,18.23
13.560,1038744,169136,0,1207880,1978088,17,28839936,18.23
13.660,1038744,169136,0,1207880,1978088,17,28839936,18.23
13.760,1038744,169136,0,1207880,1978088,17,28839936,18.23
13.861,1038744,169136,0,1207880,1978088,17,28839936,18.23
13.961,928148,169200,0,1097348,1978088,17,28839936,18.23
14.061,928448,169200,0,1097648,1978088,17,28839936,18.23
14.162,928528,169200,0,1097728,1978088,17,28839936,16.74
14.262,928540,169200,0,1097740,1978088,17,28839936,16.74
14.362,928564,169200,0,1097764,1978088,17,28839936,16.74
14.463,928568,169200,0,1097768,1978088,17,28839936,16.74
14.563,928576,169200,0,1097776,1978088,17,28839936,16.74
14.663,928620,169200,0,1097820,1978088,17,28839936,16.74
14.764,928628,169200,0,1097828,1978088,17,28839936,16.74
14.864,928672,169200,0,1097872,1978088,17,28839936,16.74
14.964,928688,169200,0,1097888,1978088,17,28839936,16.74
15.065,928708,169200,0,1097908,1978088,17,28839936,16.74
15.165,928716,169200,0,1097916,1978088,17,28839936,16.74
15.265,928764,169200,0,1097964,1978088,17,28839936,16.74
15.366,928780,169200,0,1097980,1978088,17,28839936,16.74
15.466,928784,169200,0,1097984,1978088,17,28839936,16.74
15.566,928784,169200,0,1097984,1978088,17,28839936,16.74
15.667,928788,169200,0,1097988,1978088,17,28839936,16.74
15.767,928792,169200,0,1097992,1978088,17,28839936,16.74
15.867,928796,169200,0,1097996,1978088,17,28839936,16.74
15.967,928796,169200,0,1097996,1978088,17,28839936,16.74
16.068,928796,169200,0,1097996,1978088,17,28839936,16.74
16.168,928796,169200,0,1097996,1978088,17,28839936,16.6
16.268,928796,169200,0,1097996,1978088,17,28839936,16.6
16.369,928796,169200,0,1097996,1978088,17,28839936,16.6
16.469,928796,169200,0,1097996,1978088,17,28839936,16.6
16.569,928796,169200,0,1097996,1978088,17,28839936,16.6
16.670,928796,169200,0,1097996,1978088,17,28839936,16.6
16.770,928796,169200,0,1097996,1978088,17,28839936,16.6
16.870,928796,169200,0,1097996,1978088,17,28839936,16.6
16.971,928796,169200,0,1097996,1978088,17,28839936,16.6
17.071,928796,169200,0,1097996,1978088,17,28839936,16.6
17.171,928796,169200,0,1097996,1978088,17,28839936,16.6
17.272,928796,169200,0,1097996,1978088,17,28839936,16.6
17.372,928804,169200,0,1098004,1978088,17,28839936,16.6
17.472,928812,169200,0,1098012,1978088,17,28839936,16.6
17.573,928816,169200,0,1098016,1978088,17,28839936,16.6
17.673,929028,169200,0,1098228,1978088,17,28839936,16.6
17.773,929080,169200,0,1098280,1978088,17,28839936,16.6
17.874,929080,169200,0,1098280,1978088,17,28839936,16.6
17.974,929080,169200,0,1098280,1978088,17,28839936,16.6
18.074,374252,91072,0,465324,1978088,17,28839936,16.68
18.175,375844,91456,0,467300,1978088,17,28844032,16.68
18.275,402944,91456,0,494400,1978088,17,28844032,16.68
18.375,429680,91456,0,521136,1978088,17,28844032,16.68
18.476,456460,91456,0,547916,1978088,17,28844032,16.68
18.576,483608,91456,0,575064,1978088,17,28844032,16.68
18.677,510744,91456,0,602200,1978088,17,28844032,16.68
18.777,537928,91456,0,629384,1978088,17,28844032,16.68
18.877,555852,91840,0,647692,1978088,17,28844032,16.68
18.978,555852,92224,0,648076,1978088,17,28844032,16.68
19.078,555852,92224,0,648076,1978088,17,28844032,16.68
19.178,555852,92224,0,648076,1978088,17,28844032,16.68
19.279,555852,92224,0,648076,1978088,17,28844032,16.68
19.379,555852,92224,0,648076,1978088,17,28844032,16.68
19.479,417848,95056,0,512904,1978088,31,28852224,16.68
19.580,391712,123000,0,514712,1978088,45,28856320,16.68
19.680,434544,135696,0,570240,1978088,49,28860416,16.68
19.780,436060,171716,0,607776,1978088,51,28860416,16.68
19.881,438664,148464,0,587128,1978088,53,28872704,16.68
19.981,431324,214360,0,645684,1978088,53,28872704,16.73
20.082,424572,149088,0,573660,1978088,54,28901376,16.73
20.182,435052,192672,0,627724,1978088,56,28901376,16.73
20.282,481068,232692,0,713760,1978088,56,28901376,16.73
20.383,486704,255452,0,742156,1978088,56,28901376,16.73
20.483,471356,322888,0,794244,1978088,56,28901376,16.73
20.584,465688,351360,0,817048,1978088,57,28901376,16.73
20.684,441756,410248,0,852004,1978088,57,28901376,16.73
20.784,439116,217904,0,657020,1978088,58,28950528,16.73
20.885,475612,289532,0,765144,1978088,58,28950528,16.73
20.985,442192,350376,0,792568,1978088,58,28950528,16.73
21.085,446288,390928,0,837216,1978088,60,28950528,16.73
21.186,450384,389456,0,839840,1978088,61,28954624,16.73
21.286,451408,444920,0,896328,1978088,61,28954624,16.73
21.386,452436,487904,0,940340,1978088,61,28954624,16.73
21.487,456184,576688,0,1032872,1978088,61,28954624,16.73
21.587,491128,617144,0,1108272,1978088,61,28954624,16.73
21.688,490048,671904,0,1161952,1978088,61,28954624,16.73
21.788,532600,807464,0,1340064,1978088,143,28958720,16.73
21.888,532600,1183704,0,1716304,1978088,160,28962816,16.73
21.989,532600,1508452,0,2041052,2041052,166,28971008,16.42
22.089,532600,1685344,0,2217944,2227364,169,28987392,16.42
22.189,532600,2017824,0,2550424,2550424,169,28987392,16.42
22.290,532600,1946308,0,2478908,2666192,170,29007872,16.42
22.390,532600,2077516,0,2610116,2666192,170,29007872,16.42
22.490,532600,2162972,0,2695572,2695572,170,29007872,16.42
22.591,532600,2248968,0,2781568,2781568,170,29007872,16.42
22.691,495468,2248992,0,2744460,2780452,170,29007872,16.42
22.791,476768,2248992,0,2725760,2781220,170,29007872,16.42
22.892,531704,2248992,0,2780696,2781220,170,29007872,16.42
22.992,528568,2248992,0,2777560,2781220,170,29007872,16.42
23.093,523348,2248992,0,2772340,2781220,170,29007872,16.42
23.193,500500,2248992,0,2749492,2784672,170,29007872,16.42
23.293,476768,2248992,0,2725760,2788704,170,29007872,16.42
23.394,476768,2248992,0,2725760,2788704,170,29007872,16.42
23.494,538144,2248992,0,2787136,2788704,170,29007872,16.42
23.594,535976,2248992,0,2784968,2788704,170,29007872,16.42
23.695,521784,2248992,0,2770776,2788704,170,29007872,16.42
23.795,476772,2248992,0,2725764,2788704,170,29007872,16.42
23.895,500052,2248992,0,2749044,2788704,170,29007872,14.17
23.996,481600,2248992,0,2730592,2788704,170,29007872,14.17
24.096,476772,2248992,0,2725764,2788704,170,29007872,14.17
24.197,476772,2248992,0,2725764,2788704,170,29007872,14.17
24.297,539112,2257184,0,2796296,2796296,170,29007872,14.17
24.397,530240,2273568,0,2803808,2803808,170,29007872,14.17
24.498,481912,2317336,0,2799248,2846556,170,29007872,14.17
24.598,539464,2355488,0,2894952,2894952,170,29007872,14.17
24.698,518720,2380000,0,2898720,2918292,170,29007872,14.17
24.799,524268,1394980,0,1919248,2933800,171,29118464,14.17
24.899,535460,1394980,0,1930440,2933800,171,29118464,14.17
24.999,477184,1459440,0,1936624,2933800,171,29118464,14.17
25.100,542100,1463852,0,2005952,2933800,171,29118464,14.17
25.200,477184,1526052,0,2003236,2933800,171,29118464,14.17
25.300,540716,1554964,0,2095680,2933800,171,29118464,14.17
25.401,477184,1591444,0,2068628,2933800,171,29118464,14.17
25.501,516356,1606416,0,2122772,2933800,171,29118464,14.17
25.601,504712,1630548,0,2135260,2933800,171,29118464,14.17
25.702,519612,1547092,0,2066704,2933800,172,29118464,14.17
25.802,477184,1606476,0,2083660,2933800,172,29118464,14.17
25.902,538088,1645716,0,2183804,2933800,172,29118464,16.13
26.003,510048,1678980,0,2189028,2933800,172,34361344,16.13
26.103,533336,1753808,0,2287144,2933800,174,34365440,16.13
26.204,533336,2037088,0,2570424,2933800,174,34365440,16.13
26.304,533336,1638700,0,2172036,2933800,176,34451456,16.13
26.405,533336,1904240,0,2437576,2933800,176,34451456,16.13
26.505,533336,2066388,0,2599724,2933800,176,34451456,16.13
26.605,533336,2231892,0,2765228,2933800,176,34451456,16.13
26.706,533336,2338744,0,2872080,2933800,176,34451456,16.13
26.806,533336,2475276,0,3008612,3008612,176,34451456,16.13
26.907,533336,2615748,0,3149084,3149084,176,34451456,16.13
27.007,533336,2769156,0,3302492,3302492,176,34451456,16.13
27.107,533336,2937876,0,3471212,3471212,176,34451456,16.13
27.208,533336,3136540,0,3669876,3669876,176,34451456,16.13
27.308,533336,3333948,0,3867284,3867284,176,34451456,16.13
27.408,533336,3516708,0,4050044,4050044,176,34451456,16.13
27.509,533336,3590936,0,4124272,4124272,176,34451456,16.13
27.609,533336,3664484,0,4197820,4197820,176,34451456,16.13
27.710,533336,3599080,0,4132416,4242012,176,34541568,16.13
27.810,533336,2732096,0,3265432,4242012,177,34541568,14.66
27.910,533336,2829620,0,3362956,4242012,177,34541568,14.66
28.011,533336,2930048,0,3463384,4242012,177,34541568,14.66
28.111,477400,2939184,0,3416584,4242012,177,71266304,14.66
28.212,544976,2939184,0,3484160,4242012,177,85012480,14.66
28.312,477400,2939184,0,3416584,4242012,177,111132672,14.66
28.412,544488,2939184,0,3483672,4242012,177,135000064,14.66
28.513,519752,2939184,0,3458936,4242012,177,161292288,14.66
28.613,486500,2939184,0,3425684,4242012,177,187502592,14.66
28.714,522596,2939184,0,3461780,4242012,177,202973184,14.66
28.814,531928,2939184,0,3471112,4242012,177,239853568,14.66
28.914,518368,2939184,0,3457552,4242012,177,263938048,14.66
29.015,478400,2939184,0,3417584,4242012,177,308400128,14.66
29.115,477400,2939184,0,3416584,4242012,177,331067392,14.66
29.215,546152,2939184,0,3485336,4242012,177,352632832,14.66
29.316,514216,2939184,0,3453400,4242012,177,352632832,14.66
29.416,504736,2939184,0,3443920,4242012,177,352632832,14.66
29.516,485128,2939184,0,3424312,4242012,177,352632832,14.66
29.617,477400,2939184,0,3416584,4242012,177,352632832,14.66
29.717,510048,2939184,0,3449232,4242012,177,352632832,15.8
29.817,477400,2939184,0,3416584,4242012,177,354668544,15.8
29.918,544896,2939184,0,3484080,4242012,177,354668544,15.8
30.018,533528,2939184,0,3472712,4242012,177,354668544,15.8
30.119,499300,2939184,0,3438484,4242012,177,355717120,15.8
30.219,477400,2939184,0,3416584,4242012,177,355717120,15.8
30.319,543380,2939184,0,3482564,4242012,177,355717120,15.8
30.420,518508,2939184,0,3457692,4242012,177,355717120,15.8
30.520,507732,2939184,0,3446916,4242012,177,355717120,15.8
30.620,520292,2939200,0,3459492,4242012,177,355717120,15.8
30.721,505120,2939200,0,3444320,4242012,177,355717120,15.8
30.821,510228,2939200,0,3449428,4242012,177,355717120,15.8
30.922,509344,2939200,0,3448544,4242012,177,355717120,15.8
31.022,477400,2963028,0,3440428,4242012,177,355717120,15.8
31.122,546944,2976356,0,3523300,4242012,177,355717120,15.8
31.223,486600,3033000,0,3519600,4242012,177,355717120,15.8
31.323,549256,3066700,0,3615956,4242012,177,355717120,15.8
31.423,508656,3105288,0,3613944,4242012,177,357294080,15.8
31.524,550008,3152356,0,3702364,4242012,177,357294080,15.8
31.625,477400,3178980,0,3656380,4242012,177,365838336,15.8
31.725,549756,3199300,0,3749056,4242012,177,365838336,16.02
31.826,490068,3252708,0,3742776,4242012,177,376242176,16.02
31.926,549736,3283428,0,3833164,4242012,177,376242176,16.02
32.027,506700,3324388,0,3831088,4242012,177,390479872,16.02
32.127,551456,3353060,0,3904516,4242012,177,390479872,16.02
32.227,477400,3401956,0,3879356,4242012,177,393142272,16.02
32.328,550600,3404772,0,3955372,4242012,177,418119680,16.02
32.428,477400,3481632,0,3959032,4242012,177,428199936,16.02
32.528,551964,3483528,0,4035492,4242012,177,448745472,16.02
32.629,477400,3563752,0,4041152,4242012,177,452939776,16.02
32.729,539112,3563752,0,4102864,4242012,177,492154880,16.02
32.830,551880,3599076,0,4150956,4242012,177,499318784,16.02
32.930,551880,3544908,0,4096788,4242012,179,499331072,16.02
33.031,551880,3662488,0,4214368,4242012,179,499331072,16.02
33.131,551952,3790804,0,4342756,4342756,179,499331072,16.02
33.232,551996,3880844,0,4432840,4432840,179,499331072,16.02
33.332,551996,3964172,0,4516168,4516168,179,499331072,16.02
33.433,551996,3794304,0,4346300,4598372,180,499347456,16.02
33.533,551996,3896684,0,4448680,4598372,180,499347456,16.02
33.634,551996,3960196,0,4512192,4598372,180,499347456,13.12
33.734,551996,4042568,0,4594564,4598372,180,499347456,13.12
33.835,551996,4129592,0,4681588,4681588,180,499347456,13.12
33.936,551996,4187632,0,4739628,4739628,180,499347456,13.12
34.036,551996,4273760,0,4825756,4825756,180,499347456,13.12
34.137,551996,4327128,0,4879124,4879124,180,499347456,13.12
34.237,551996,4410572,0,4962568,4962568,180,499347456,13.12
34.337,551996,4510948,0,5062944,5062944,180,499347456,13.12
34.438,551996,4605120,0,5157116,5157116,180,499347456,13.12
34.538,551996,4684292,0,5236288,5236288,180,499347456,13.12
34.639,551996,4775896,0,5327892,5327892,180,499347456,13.12
34.739,551996,4873588,0,5425584,5425584,180,499347456,13.12
34.839,551996,4976548,0,5528544,5528544,180,499347456,13.12
34.940,551996,5062684,0,5614680,5614680,180,499347456,13.12
35.040,551996,5105644,0,5657640,5657640,180,499347456,13.12
35.141,551996,5160928,0,5712924,5712924,180,499347456,13.12
35.241,551996,5265324,0,5817320,5817320,180,499347456,13.12
35.341,551996,5250992,0,5802988,5873908,180,499429376,13.12
35.442,551996,3247284,0,3799280,5873908,181,499429376,13.12
35.542,551996,3346264,0,3898260,5873908,181,499429376,13.12
35.643,551996,3432376,0,3984372,5873908,181,499429376,12.19
35.743,551996,3486984,0,4038980,5873908,181,499429376,12.19
35.844,510796,3486984,0,3997780,5873908,181,520704000,12.19
35.944,477516,3486984,0,3964500,5873908,181,553652224,12.19
36.044,547232,3486984,0,4034216,5873908,181,584216576,12.19
36.145,510364,3488008,0,3998372,5873908,181,599068672,12.19
36.245,477516,3488328,0,3965844,5873908,181,631046144,12.19
36.345,526316,3488328,0,4014644,5873908,181,661807104,12.19
36.446,486732,3488520,0,3975252,5873908,181,698609664,12.19
36.546,477516,3488520,0,3966036,5873908,181,729038848,12.19
36.646,546196,3488520,0,4034716,5873908,181,768225280,12.19
36.747,516676,3488520,0,4005196,5873908,181,796925952,12.19
36.847,553932,3489352,0,4043284,5873908,181,812163072,12.19
36.948,477516,3489352,0,3966868,5873908,181,839278592,12.19
37.048,477516,3489352,0,3966868,5873908,181,860819456,12.19
37.149,533420,3489352,0,4022772,5873908,181,891830272,12.19
37.249,491144,3489352,0,3980496,5873908,181,933134336,12.19
37.349,553840,3489352,0,4043192,5873908,181,957214720,12.19
37.450,512608,3489352,0,4001960,5873908,181,973275136,12.19
37.550,477516,3489352,0,3966868,5873908,181,1000718336,13.42
37.651,533444,3489352,0,4022796,5873908,181,1040736256,13.42
37.751,477516,3489416,0,3966932,5873908,181,1048825856,13.42
37.851,554028,3489416,0,4043444,5873908,181,1086722048,13.42
37.952,490860,3489416,0,3980276,5873908,181,1104539648,13.42
38.052,552588,3489416,0,4042004,5873908,181,1134120960,13.42
38.152,480716,3489416,0,3970132,5873908,181,1141702656,13.42
38.253,551592,3489416,0,4041008,5873908,181,1158303744,13.42
38.353,477516,3489416,0,3966932,5873908,181,1187913728,13.42
38.454,552964,3489416,0,4042380,5873908,181,1197985792,13.42
38.554,524176,3489416,0,4013592,5873908,181,1234026496,13.42
38.654,477516,3489416,0,3966932,5873908,181,1254871040,13.42
38.755,477516,3489416,0,3966932,5873908,181,1266266112,13.42
38.855,550864,3489416,0,4040280,5873908,181,1295945728,13.42
38.955,477516,3489416,0,3966932,5873908,181,1309417472,13.42
39.056,555952,3489416,0,4045368,5873908,181,1343565824,13.42
39.156,499648,3489416,0,3989064,5873908,181,1359556608,13.42
39.257,556308,3489416,0,4045724,5873908,181,1373499392,13.42
39.357,524796,3489416,0,4014212,5873908,181,1400307712,13.42
39.457,477516,3489416,0,3966932,5873908,181,1415958528,14.25
39.558,523852,3489416,0,4013268,5873908,181,1445400576,14.25
39.658,477516,3489672,0,3967188,5873908,181,1462124544,14.25
39.759,551000,3489672,0,4040672,5873908,181,1493049344,14.25
39.859,497288,3489672,0,3986960,5873908,181,1516425216,14.25
39.959,477516,3489672,0,3967188,5873908,181,1530617856,14.25
40.060,546388,3489672,0,4036060,5873908,181,1561063424,14.25
40.160,477516,3490696,0,3968212,5873908,181,1568530432,14.25
40.260,505644,3490696,0,3996340,5873908,181,1583394816,14.25
40.361,555552,3490696,0,4046248,5873908,181,1597689856,14.25
40.461,525676,3490696,0,4016372,5873908,181,1618702336,14.25
40.562,552616,2188788,0,2741404,5873908,181,1626030080,14.25
40.662,477516,1438200,0,1915716,5873908,182,1638293504,14.25
40.762,558580,1453560,0,2012140,5873908,182,1670447104,14.25
40.863,483272,1519212,0,2002484,5873908,182,1678323712,14.25
40.963,558612,1540892,0,2099504,5873908,182,1701380096,14.25
41.063,514880,1602332,0,2117212,5873908,182,1729146880,14.25
41.164,559540,1654668,0,2214208,5873908,182,1747746816,14.25
41.264,514600,1691820,0,2206420,5873908,182,1752719360,14.25
41.364,559408,1734532,0,2293940,5873908,182,1770029056,14.25
41.465,490500,1781432,0,2271932,5873908,182,1803763712,13.84
41.565,558868,1779384,0,2338252,5873908,182,1834446848,13.84
41.666,558868,1972312,0,2531180,5873908,182,1834446848,13.84
41.766,558868,2246968,0,2805836,5873908,182,1834446848,13.84
41.867,558868,2345652,0,2904520,5873908,182,1834446848,13.84
41.967,558868,2503264,0,3062132,5873908,182,1834446848,13.84
42.068,558868,2648468,0,3207336,5873908,182,1834446848,13.84
42.168,558868,2776340,0,3335208,5873908,182,1834446848,13.84
42.268,558868,2947984,0,3506852,5873908,182,1834446848,13.84
42.369,558868,3064392,0,3623260,5873908,182,1834446848,13.84
42.469,558868,3234292,0,3793160,5873908,182,1834446848,13.84
42.570,558868,3415484,0,3974352,5873908,182,1834446848,13.84
42.670,558868,3576700,0,4135568,5873908,182,1834446848,13.84
42.770,558868,3732296,0,4291164,5873908,182,1834446848,13.84
42.871,558868,3878448,0,4437316,5873908,182,1834446848,13.84
42.971,558868,4044084,0,4602952,5873908,182,1834446848,13.84
43.072,558868,4152744,0,4711612,5873908,182,1834446848,13.84
43.172,558868,4278968,0,4837836,5873908,182,1834446848,13.84
43.273,558868,4446056,0,5004924,5873908,182,1834446848,13.84
43.373,558868,4569804,0,5128672,5873908,182,1834446848,11.88
43.473,558868,4636692,0,5195560,5873908,182,1834446848,11.88
43.574,558868,4735008,0,5293876,5873908,182,1834446848,11.88
43.674,558868,4865780,0,5424648,5873908,182,1834446848,11.88
43.775,558868,4944840,0,5503708,5873908,182,1834446848,11.88
43.875,558868,5070924,0,5629792,5873908,182,1834446848,11.88
43.976,558868,5218916,0,5777784,5873908,182,1834446848,11.88
44.076,558868,5373388,0,5932256,5932256,182,1834446848,11.88
44.176,558868,5534364,0,6093232,6093232,182,1834446848,11.88
44.277,558868,5681656,0,6240524,6240524,182,1834446848,11.88
44.377,558868,5845404,0,6404272,6404272,182,1834446848,11.88
44.478,558868,5992952,0,6551820,6551820,182,1834446848,11.88
44.578,558868,6146600,0,6705468,6705468,182,1834446848,11.88
44.678,558868,6275008,0,6833876,6833876,182,1834446848,11.88
44.779,558868,6343536,0,6902404,6902404,182,1834446848,11.88
44.879,558868,6353776,0,6912644,6912644,182,1834446848,11.88
45.328,558868,6427980,0,6986848,6986848,182,1834446848,13.35
45.428,558868,6508464,0,7067332,7067332,182,1834446848,13.35
45.528,558868,6595448,0,7154316,7154316,182,1834446848,13.35
45.629,558868,6676312,0,7235180,7235180,182,1834446848,13.35
45.729,477516,6693904,0,7171420,7251796,182,1840390144,13.35
45.830,552728,6693904,0,7246632,7251796,182,1879543808,13.35
45.930,477516,6695280,0,7172796,7254536,182,1891405824,13.35
46.030,559064,6695280,0,7254344,7254536,182,1916035072,13.35
46.131,522792,6694192,0,7216984,7254536,182,1954365440,13.35
46.231,477516,6695216,0,7172732,7254536,182,1969008640,13.35
46.331,485220,6695216,0,7180436,7254536,182,1993773056,13.35
46.432,548680,6695216,0,7243896,7254536,182,2015793152,13.35
46.532,501720,6695296,0,7197016,7254536,182,2040483840,13.35
46.632,560416,6695328,0,7255744,7255744,182,2069794816,13.35
46.733,535120,6695328,0,7230448,7254744,182,2094534656,13.35
46.833,482376,6695600,0,7177976,7260888,182,2114932736,13.35
46.934,546872,6695600,0,7242472,7260888,182,2151452672,13.35
47.034,484880,6696112,0,7180992,7263692,182,2189832192,13.35
47.134,559192,6697376,0,7256568,7263792,182,2212900864,13.35
47.235,541604,6697376,0,7238980,7263792,182,2245513216,14.01
47.335,496752,6697376,0,7194128,7263792,182,2274873344,14.01
47.436,567732,6697376,0,7265108,7265108,182,2302136320,14.01
47.536,539000,6697376,0,7236376,7264048,182,2336149504,14.01
47.636,568960,6697572,0,7266532,7266532,182,2350829568,14.01
47.737,510296,6697572,0,7207868,7265456,182,2373898240,14.01
47.838,555332,6697572,0,7252904,7265456,182,2396966912,14.01
47.938,548440,6698016,0,7246456,7266352,182,2396966912,14.01
48.038,542908,6698016,0,7240924,7266352,182,2435170304,14.01
48.139,531672,6699056,0,7230728,7268356,182,2442817536,14.01
48.239,542332,6699056,0,7241388,7268356,182,2474573824,14.01
48.339,484880,6699056,0,7183936,7269176,182,2482319360,14.01
48.440,548448,6699056,0,7247504,7269176,182,2520760320,14.01
48.540,484880,6699056,0,7183936,7269176,182,2524532736,14.01
48.641,535480,6699056,0,7234536,7269176,182,2571460608,14.01
48.741,573444,6699056,0,7272500,7272500,182,2578915328,14.01
48.842,474660,6699056,0,7173716,7271536,182,2600128512,14.01
48.942,535280,6699072,0,7234352,7271536,182,2618380288,14.01
49.043,453088,6699072,0,7152160,7271536,182,2634022912,14.01
49.143,502268,6699072,0,7201340,7271536,182,2658594816,14.01
49.243,534832,6699072,0,7233904,7271536,182,2673274880,13.46
49.344,508792,6699072,0,7207864,7271536,182,2710609920,13.46
49.444,453120,6699072,0,7152192,7271536,182,2719653888,13.46
49.545,519800,6699072,0,7218872,7271536,182,2757201920,13.46
49.645,453556,6699560,0,7153116,7271536,182,2774310912,13.46
49.745,534872,6699560,0,7234432,7271536,182,2804654080,13.46
49.846,454820,6700012,0,7154832,7271536,182,2822537216,13.46
49.946,511968,6700012,0,7211980,7271536,182,2854301696,13.46
50.047,454820,6700352,0,7155172,7271536,182,2862018560,13.46
50.147,519040,6700352,0,7219392,7271536,182,2899517440,13.46
50.247,454920,6700864,0,7155784,7271536,182,2916360192,13.46
50.348,454920,6703408,0,7158328,7271536,182,2922713088,13.46
50.448,454920,6445208,0,6900128,7271536,183,2922737664,13.46
50.549,454920,6576732,0,7031652,7271536,184,2922737664,13.46
50.649,454920,6684100,0,7139020,7271536,184,2922737664,13.46
50.750,454920,6762268,0,7217188,7271536,184,2922737664,13.46
50.850,454920,6859040,0,7313960,7313960,184,2922737664,13.46
50.950,454920,6973060,0,7427980,7427980,184,2922737664,13.46
51.051,454920,7028660,0,7483580,7483580,184,2922737664,13.46
51.151,454920,7089704,0,7544624,7544624,184,2922737664,12.65
51.251,454920,7152844,0,7607764,7607764,184,2922737664,12.65
51.352,454920,7228512,0,7683432,7683432,184,2922737664,12.65
51.452,454920,7312420,0,7767340,7767340,184,2922737664,12.65
51.553,454920,7396148,0,7851068,7851068,184,2922737664,12.65
51.653,454920,7482072,0,7936992,7936992,184,2922737664,12.65
51.754,454920,7550284,0,8005204,8005204,184,2922737664,12.65
51.854,454920,7609300,0,8064220,8064220,184,2922737664,12.65
51.955,454920,7657812,0,8112732,8112732,184,2922737664,12.65
52.055,454920,7696712,0,8151632,8151632,184,2922737664,12.65
52.156,454920,7738084,0,8193004,8193004,184,2922737664,12.65
52.256,454920,7763416,0,8218336,8218336,184,2922737664,12.65
52.357,454920,7795460,0,8250380,8250380,184,2922737664,12.65
52.457,454920,7826524,0,8281444,8281444,184,2922737664,12.65
52.558,454920,7884772,0,8339692,8339692,184,2922737664,12.65
52.658,454920,7956796,0,8411716,8411716,184,2922737664,12.65
52.758,454920,8025780,0,8480700,8480700,184,2922737664,12.65
52.859,454920,8105824,0,8560744,8560744,184,2922737664,12.65
52.959,454920,8120728,0,8575648,8575648,184,2922942464,12.65
53.059,454920,8120728,0,8575648,8575648,184,2923274240,12.65
53.160,454920,5568916,0,6023836,8574868,184,2923331584,10.72
53.260,454920,3938712,0,4393632,8574868,185,2923331584,10.72
53.360,454920,4016504,0,4471424,8574868,185,2923331584,10.72
53.461,454920,4090216,0,4545136,8574868,185,2923331584,10.72
53.561,454920,4171624,0,4626544,8574868,185,2923331584,10.72
53.662,454920,4266044,0,4720964,8574868,185,2923331584,10.72
53.762,454920,4385392,0,4840312,8574868,185,2923331584,10.72
53.862,454920,4447320,0,4902240,8574868,185,2923331584,10.72
53.963,454920,4255560,0,4710480,8574868,185,2923331584,10.72
54.063,454920,1861204,0,2316124,8574868,185,2923331584,10.72
54.163,454920,1629076,0,2083996,8574868,185,2923331584,10.72
54.264,454920,1629076,0,2083996,8574868,185,2923331584,10.72
54.364,405768,1579540,0,1985308,8574868,188,2924457984,10.72
54.464,405768,1579540,0,1985308,8574868,188,2924457984,10.72
54.565,418060,1579540,0,1997600,8574868,188,2924457984,10.72
54.665,432584,1579540,0,2012124,8574868,188,2924457984,10.72
54.766,447480,1579540,0,2027020,8574868,188,2924457984,10.72
54.866,478276,1579540,0,2057816,8574868,188,2925178880,10.72
54.966,493488,1579848,0,2073336,8574868,189,2926764032,10.72
55.067,500928,1579848,0,2080776,8574868,189,2927521792,10.95
55.167,507248,1579848,0,2087096,8574868,189,2927603712,10.95
55.267,514456,1579848,0,2094304,8574868,189,2927763456,10.95
55.368,521248,1579848,0,2101096,8574868,189,2927763456,10.95
55.468,527936,1579848,0,2107784,8574868,189,2927763456,10.95
55.568,534548,1579848,0,2114396,8574868,189,2927763456,10.95
55.669,540488,1579848,0,2120336,8574868,189,2927763456,10.95
55.769,547388,1579848,0,2127236,8574868,189,2927763456,10.95
55.869,554276,1579848,0,2134124,8574868,189,2927763456,10.95
55.970,560424,1579848,0,2140272,8574868,189,2927763456,10.95
56.070,568804,1579848,0,2148652,8574868,189,2927763456,10.95
56.171,574044,1579848,0,2153892,8574868,189,2927763456,10.95
56.271,580160,1579848,0,2160008,8574868,189,2927763456,10.95
56.371,586616,1579848,0,2166464,8574868,189,2927763456,10.95
56.471,594284,1579848,0,2174132,8574868,189,2927763456,10.95
56.572,597588,1579848,0,2177436,8574868,189,2927763456,10.95
56.672,602432,1579848,0,2182280,8574868,189,2927763456,10.95
56.773,607700,1579848,0,2187548,8574868,189,2927763456,10.95
56.873,612348,1579848,0,2192196,8574868,189,2927763456,10.95
56.973,617780,1579848,0,2197628,8574868,189,2927763456,12.59
57.074,623584,1579848,0,2203432,8574868,189,2927763456,12.59
57.174,630932,1579848,0,2210780,8574868,189,2927763456,12.59
57.274,637516,1579848,0,2217364,8574868,189,2927763456,12.59
57.375,645076,1579848,0,2224924,8574868,189,2927763456,12.59
57.475,650492,1579848,0,2230340,8574868,189,2927763456,12.59
57.575,654548,1579848,0,2234396,8574868,189,2927763456,12.59
57.676,659128,1579848,0,2238976,8574868,189,2927763456,12.59
57.776,665192,1579848,0,2245040,8574868,189,2927763456,12.59
57.877,671108,1579848,0,2250956,8574868,189,2927763456,12.59
57.977,676916,1579848,0,2256764,8574868,189,2927763456,12.59
58.077,681916,1579848,0,2261764,8574868,189,2927763456,12.59
58.178,693324,1579848,0,2273172,8574868,189,2927763456,12.59
58.278,697496,1579848,0,2277344,8574868,189,2927763456,12.59
58.378,703080,1579848,0,2282928,8574868,189,2927763456,12.59
58.479,708228,1579848,0,2288076,8574868,189,2927763456,12.59
58.579,712756,1579848,0,2292604,8574868,189,2927763456,12.59
58.679,719060,1579848,0,2298908,8574868,189,2927763456,12.59
58.780,724588,1579848,0,2304436,8574868,189,2927763456,12.59
58.880,730088,1579848,0,2309936,8574868,189,2927763456,12.59
58.981,734736,1579848,0,2314584,8574868,189,2927763456,13.57
59.081,739512,1579848,0,2319360,8574868,189,2927763456,13.57
59.181,744580,1579848,0,2324428,8574868,189,2927763456,13.57
59.282,749944,1579848,0,2329792,8574868,189,2927763456,13.57
59.386,754208,1579848,0,2334056,8574868,189,2927763456,13.57
59.486,760680,1579848,0,2340528,8574868,189,2927763456,13.57
59.587,764944,1579848,0,2344792,8574868,189,2927763456,13.57
59.687,771368,1579848,0,2351216,8574868,189,2927763456,13.57
59.787,779048,1579848,0,2358896,8574868,189,2927763456,13.57
59.888,781652,1579848,0,2361500,8574868,189,2927763456,13.57
59.988,792024,1579848,0,2371872,8574868,189,2927763456,13.57
60.088,802172,1579848,0,2382020,8574868,189,2927763456,13.57
60.189,804356,1579848,0,2384204,8574868,189,2927763456,13.57
60.289,809420,1579848,0,2389268,8574868,189,2927763456,13.57
60.389,816276,1579848,0,2396124,8574868,189,2927763456,13.57
60.490,821140,1579848,0,2400988,8574868,189,2927763456,13.57
60.590,824976,1579848,0,2404824,8574868,189,2927763456,13.57
60.690,830428,1579848,0,2410276,8574868,189,2927763456,13.57
60.791,834500,1579848,0,2414348,8574868,189,2927763456,13.57
60.891,840104,1579848,0,2419952,8574868,189,2927763456,11.11
60.992,844260,1579848,0,2424108,8574868,189,2927763456,11.11
61.092,849236,1579848,0,2429084,8574868,189,2927763456,11.11
61.192,853208,1579848,0,2433056,8574868,189,2927763456,11.11
61.292,858972,1579848,0,2438820,8574868,189,2927763456,11.11
61.393,865064,1579848,0,2444912,8574868,189,2927763456,11.11
61.493,871268,1579848,0,2451116,8574868,189,2927763456,11.11
61.594,877644,1579848,0,2457492,8574868,189,2927763456,11.11
61.694,896144,1579848,0,2475992,8574868,189,2927763456,11.11
61.794,897992,1579848,0,2477840,8574868,189,2927763456,11.11
61.895,899664,1579848,0,2479512,8574868,189,2927763456,11.11
61.995,906112,1579848,0,2485960,8574868,189,2927763456,11.11
62.095,911608,1579848,0,2491456,8574868,189,2927763456,11.11
62.196,914456,1579848,0,2494304,8574868,189,2927763456,11.11
62.296,919640,1579848,0,2499488,8574868,189,2927763456,11.11
62.396,924976,1579848,0,2504824,8574868,189,2927763456,11.11
62.497,930376,1579848,0,2510224,8574868,189,2927763456,11.11
62.597,936672,1579848,0,2516520,8574868,189,2927763456,11.11
62.698,942172,1579848,0,2522020,8574868,189,2927763456,11.11
62.798,946580,1579848,0,2526428,8574868,189,2927763456,11.11
62.898,951548,1579848,0,2531396,8574868,189,2927763456,14.17
62.999,956608,1579848,0,2536456,8574868,189,2927763456,14.17
63.099,961912,1579848,0,2541760,8574868,189,2927763456,14.17
63.199,965428,1579848,0,2545276,8574868,189,2927763456,14.17
63.300,970896,1579848,0,2550744,8574868,189,2927763456,14.17
63.400,974044,1579848,0,2553892,8574868,189,2927763456,14.17
63.500,978428,1579848,0,2558276,8574868,189,2927763456,14.17
63.601,982464,1579848,0,2562312,8574868,189,2927763456,14.17
63.701,986980,1579848,0,2566828,8574868,189,2927763456,14.17
63.802,990728,1579848,0,2570576,8574868,189,2927763456,14.17
63.902,996128,1579848,0,2575976,8574868,189,2927763456,14.17
64.002,1001056,1579848,0,2580904,8574868,189,2927763456,14.17
64.103,1009328,1579848,0,2589176,8574868,189,2927763456,14.17
64.203,1015568,1579848,0,2595416,8574868,189,2927763456,14.17
64.303,1017896,1579848,0,2597744,8574868,189,2927763456,14.17
64.404,1020612,1579848,0,2600460,8574868,189,2927763456,14.17
64.504,1024696,1579848,0,2604544,8574868,189,2927763456,14.17
64.605,1029836,1579848,0,2609684,8574868,189,2927763456,14.17
64.705,1038608,1579976,0,2618584,8574868,189,2927763456,14.17
64.805,1038608,1579976,0,2618584,8574868,189,2927763456,11.78
64.906,1038608,1579976,0,2618584,8574868,189,2927763456,11.78
65.006,1038608,1579976,0,2618584,8574868,189,2927763456,11.78
65.106,1038608,1579976,0,2618584,8574868,189,2927763456,11.78
65.207,800132,1579976,0,2380108,8574868,189,2927763456,11.78
65.307,800132,1579976,0,2380108,8574868,189,2927763456,11.78
65.407,800132,1579976,0,2380108,8574868,189,2927763456,11.78
65.508,801340,1579976,0,2381316,8574868,189,2927763456,11.78
65.608,801372,1579976,0,2381348,8574868,189,2927763456,11.78
65.709,801972,1579976,0,2381948,8574868,189,2927763456,11.78
65.809,803088,1579976,0,2383064,8574868,189,2927763456,11.78
65.909,803600,1579976,0,2383576,8574868,189,2927763456,11.78
66.010,805988,1579976,0,2385964,8574868,189,2927763456,11.78
66.110,806148,1579976,0,2386124,8574868,189,2927763456,11.78
66.210,806900,1579976,0,2386876,8574868,189,2927763456,11.78
66.311,808652,1579976,0,2388628,8574868,189,2927763456,11.78
66.411,808908,1579976,0,2388884,8574868,189,2927763456,11.78
66.511,809228,1579976,0,2389204,8574868,189,2927763456,11.78
66.612,809480,1579976,0,2389456,8574868,189,2927763456,11.78
66.712,809712,1579976,0,2389688,8574868,189,2927763456,13.63
66.812,810296,1579976,0,2390272,8574868,189,2927763456,13.63
66.913,812136,1579976,0,2392112,8574868,189,2927763456,13.63
67.013,813164,1579976,0,2393140,8574868,189,2927763456,13.63
67.113,813656,1579976,0,2393632,8574868,189,2927763456,13.63
67.214,814832,1579976,0,2394808,8574868,189,2927763456,13.63
67.314,816768,1579976,0,2396744,8574868,189,2927763456,13.63
67.414,817016,1579976,0,2396992,8574868,189,2927763456,13.63
67.515,817284,1579976,0,2397260,8574868,189,2927763456,13.63
67.615,817540,1579976,0,2397516,8574868,189,2927763456,13.63
67.715,817824,1579976,0,2397800,8574868,189,2927763456,13.63
67.816,818132,1579976,0,2398108,8574868,189,2927763456,13.63
67.916,818444,1579976,0,2398420,8574868,189,2927763456,13.63
68.017,818836,1579976,0,2398812,8574868,189,2927763456,13.63
68.117,818960,1579976,0,2398936,8574868,189,2927763456,13.63
68.217,819024,1579976,0,2399000,8574868,189,2927763456,13.63
68.318,819080,1579976,0,2399056,8574868,189,2927763456,13.63
68.418,819124,1579976,0,2399100,8574868,189,2927763456,13.63
68.518,819152,1579976,0,2399128,8574868,189,2927763456,13.63
68.618,819188,1579976,0,2399164,8574868,189,2927763456,13.63
68.719,819216,1579976,0,2399192,8574868,189,2927763456,14.24
68.819,819236,1579976,0,2399212,8574868,189,2927763456,14.24
68.919,819252,1579976,0,2399228,8574868,189,2927763456,14.24
69.020,819268,1579976,0,2399244,8574868,189,2927763456,14.24
69.120,819276,1579976,0,2399252,8574868,189,2927763456,14.24
69.220,819288,1579976,0,2399264,8574868,189,2927763456,14.24
69.321,819296,1579976,0,2399272,8574868,189,2927763456,14.24
69.421,819308,1579976,0,2399284,8574868,189,2927763456,14.24
69.521,819316,1579976,0,2399292,8574868,189,2927763456,14.24
69.622,819316,1579976,0,2399292,8574868,189,2927763456,14.24
69.722,819316,1579976,0,2399292,8574868,189,2927763456,14.24
69.822,819316,1579976,0,2399292,8574868,189,2927763456,14.24
69.923,819316,1579976,0,2399292,8574868,189,2927763456,14.24
70.023,819316,1579976,0,2399292,8574868,189,2927763456,14.24
70.123,819316,1579976,0,2399292,8574868,189,2927763456,14.24
70.224,819316,1579976,0,2399292,8574868,189,2927763456,14.24
70.324,819316,1579976,0,2399292,8574868,189,2927763456,14.24
70.424,819316,1579976,0,2399292,8574868,189,2927763456,14.24
70.525,819316,1579976,0,2399292,8574868,189,2927763456,14.24
70.625,819316,1579976,0,2399292,8574868,189,2927763456,13.11
70.725,819316,1579976,0,2399292,8574868,189,2927763456,13.11
70.826,819316,1579976,0,2399292,8574868,189,2927763456,13.11
70.926,819316,1579976,0,2399292,8574868,189,2927763456,13.11
71.027,820924,1579976,0,2400900,8574868,189,2927763456,13.11
71.127,823032,1579976,0,2403008,8574868,189,2927763456,13.11
71.227,825520,1579976,0,2405496,8574868,189,2927763456,13.11
71.328,839680,1579976,0,2419656,8574868,189,2927763456,13.11
71.428,844184,1579976,0,2424160,8574868,189,2927763456,13.11
71.528,845932,1579976,0,2425908,8574868,189,2927763456,13.11
71.629,848680,1579976,0,2428656,8574868,189,2927763456,13.11
71.729,852544,1579976,0,2432520,8574868,189,2927763456,13.11
71.829,855736,1579976,0,2435712,8574868,189,2927763456,13.11
71.930,859168,1579976,0,2439144,8574868,189,2927763456,13.11
72.030,862068,1579976,0,2442044,8574868,189,2927763456,13.11
72.130,865572,1579976,0,2445548,8574868,189,2927763456,13.11
72.231,868248,1579976,0,2448224,8574868,189,2927763456,13.11
72.331,871340,1579976,0,2451316,8574868,189,2927763456,13.11
72.431,873724,1579976,0,2453700,8574868,189,2927763456,13.11
72.532,877552,1579976,0,2457528,8574868,189,2927763456,13.11
72.632,879516,1579976,0,2459492,8574868,189,2927763456,13.45
72.733,883068,1579976,0,2463044,8574868,189,2927763456,13.45
72.833,886024,1579976,0,2466000,8574868,189,2927763456,13.45
72.933,888600,1579976,0,2468576,8574868,189,2927763456,13.45
73.034,892896,1579976,0,2472872,8574868,189,2927763456,13.45
73.134,895220,1579976,0,2475196,8574868,189,2927763456,13.45
73.234,899132,1579976,0,2479108,8574868,189,2927763456,13.45
73.335,901304,1579976,0,2481280,8574868,189,2927763456,13.45
73.435,903132,1579976,0,2483108,8574868,189,2927763456,13.45
73.536,906268,1579976,0,2486244,8574868,189,2927763456,13.45
73.636,910988,1579976,0,2490964,8574868,189,2927763456,13.45
73.736,913604,1579976,0,2493580,8574868,189,2927763456,13.45
73.837,916684,1579976,0,2496660,8574868,189,2927763456,13.45
73.937,923224,1579976,0,2503200,8574868,189,2927763456,13.45
74.037,924724,1579976,0,2504700,8574868,189,2927763456,13.45
74.138,935576,1579976,0,2515552,8574868,189,2927763456,13.45
74.238,936720,1579976,0,2516696,8574868,189,2927763456,13.45
74.338,939240,1579976,0,2519216,8574868,189,2927763456,13.45
74.439,943008,1579976,0,2522984,8574868,189,2927763456,13.45
74.539,948632,1579976,0,2528608,8574868,189,2927763456,12.64
74.639,952128,1579976,0,2532104,8574868,189,2927763456,12.64
74.740,961864,1579976,0,2541840,8574868,189,2927763456,12.64
74.840,963228,1579976,0,2543204,8574868,189,2927763456,12.64
74.940,972732,1579976,0,2552708,8574868,189,2927763456,12.64
75.041,974068,1579976,0,2554044,8574868,189,2927763456,12.64
75.141,979716,1579976,0,2559692,8574868,189,2927763456,12.64
75.242,1001324,1579976,0,2581300,8574868,189,2927763456,12.64
75.342,1002840,1579976,0,2582816,8574868,189,2927763456,12.64
75.442,1004328,1579976,0,2584304,8574868,189,2927763456,12.64
75.543,1013876,1579976,0,2593852,8574868,189,2927763456,12.64
75.643,1016060,1579976,0,2596036,8574868,189,2927763456,12.64
75.743,1021752,1579976,0,2601728,8574868,189,2927763456,12.64
75.844,1025072,1579976,0,2605048,8574868,189,2927763456,12.64
75.944,1031268,1579976,0,2611244,8574868,189,2927763456,12.64
76.044,1035052,1579976,0,2615028,8574868,189,2927763456,12.64
76.145,1043260,1579976,0,2623236,8574868,189,2927763456,12.64
76.245,1046000,1579976,0,2625976,8574868,189,2927763456,12.64
76.345,1048780,1579976,0,2628756,8574868,189,2927763456,12.64
76.446,1053668,1579976,0,2633644,8574868,189,2927763456,11.44
76.546,1053668,1579976,0,2633644,8574868,189,2927763456,11.44
76.647,1053668,1579976,0,2633644,8574868,189,2927763456,11.44
76.747,1053668,1579976,0,2633644,8574868,189,2927763456,11.44
76.847,911700,1579976,0,2491676,8574868,189,2927763456,11.44
76.948,911700,1579976,0,2491676,8574868,189,2927763456,11.44
77.048,911700,1579976,0,2491676,8574868,189,2927763456,11.44
77.148,911700,1579976,0,2491676,8574868,189,2927763456,11.44
77.249,911700,1579976,0,2491676,8574868,189,2927763456,11.44
77.349,911700,1579976,0,2491676,8574868,189,2927763456,11.44
77.449,911700,1579976,0,2491676,8574868,189,2927763456,11.44
77.550,911700,1579976,0,2491676,8574868,189,2927763456,11.44
77.650,911700,1579976,0,2491676,8574868,189,2927763456,11.44
77.750,911700,1579976,0,2491676,8574868,189,2927763456,11.44
77.851,911700,1579976,0,2491676,8574868,189,2927763456,11.44
77.951,911700,1579976,0,2491676,8574868,189,2927763456,11.44
78.051,911700,1579976,0,2491676,8574868,189,2927763456,11.44
78.152,911700,1579976,0,2491676,8574868,189,2927763456,11.44
78.252,911700,1579976,0,2491676,8574868,189,2927763456,11.44
78.353,911700,1579976,0,2491676,8574868,189,2927763456,11.44
78.453,911700,1579976,0,2491676,8574868,189,2927763456,12.99
78.553,911700,1579976,0,2491676,8574868,189,2927763456,12.99
78.654,911700,1579976,0,2491676,8574868,189,2927763456,12.99
78.754,911700,1579976,0,2491676,8574868,189,2927763456,12.99
78.854,911700,1579976,0,2491676,8574868,189,2927763456,12.99
78.955,911700,1579976,0,2491676,8574868,189,2927763456,12.99
79.055,911700,1579976,0,2491676,8574868,189,2927763456,12.99
79.155,911700,1579976,0,2491676,8574868,189,2927763456,12.99
79.256,911700,1579976,0,2491676,8574868,189,2927763456,12.99
79.356,911700,1579976,0,2491676,8574868,189,2927763456,12.99
79.456,911700,1579976,0,2491676,8574868,189,2927763456,12.99
79.557,911700,1579976,0,2491676,8574868,189,2927763456,12.99
79.657,911700,1579976,0,2491676,8574868,189,2927763456,12.99
79.757,911700,1579976,0,2491676,8574868,189,2927763456,12.99
79.858,911700,1579976,0,2491676,8574868,189,2927763456,12.99
79.958,911700,1579976,0,2491676,8574868,189,2927763456,12.99
80.058,911700,1579976,0,2491676,8574868,189,2927763456,12.99
80.159,911700,1579976,0,2491676,8574868,189,2927763456,12.99
80.259,911700,1579976,0,2491676,8574868,189,2927763456,12.99
80.359,911700,1579976,0,2491676,8574868,189,2927763456,10.64
80.460,911700,1579976,0,2491676,8574868,189,2927763456,10.64
80.560,911700,1579976,0,2491676,8574868,189,2927763456,10.64
80.660,911700,1579976,0,2491676,8574868,189,2927763456,10.64
80.761,911700,1579976,0,2491676,8574868,189,2927763456,10.64
80.861,911700,1579976,0,2491676,8574868,189,2927763456,10.64
80.962,911700,1579976,0,2491676,8574868,189,2927763456,10.64
81.062,911700,1579976,0,2491676,8574868,189,2927763456,10.64
81.162,911700,1579976,0,2491676,8574868,189,2927763456,10.64
81.263,911700,1579976,0,2491676,8574868,189,2927763456,10.64
81.363,911700,1579976,0,2491676,8574868,189,2927763456,10.64
81.464,911700,1579976,0,2491676,8574868,189,2927763456,10.64
81.564,911700,1579976,0,2491676,8574868,189,2927763456,10.64
81.664,911700,1579976,0,2491676,8574868,189,2927763456,10.64
81.765,911700,1579976,0,2491676,8574868,189,2927763456,10.64
81.865,911700,1579976,0,2491676,8574868,189,2927763456,10.64
81.965,911700,1579976,0,2491676,8574868,189,2927763456,10.64
82.066,911700,1579976,0,2491676,8574868,189,2927763456,10.64
82.166,911700,1579976,0,2491676,8574868,189,2927763456,10.64
82.267,911700,1579976,0,2491676,8574868,189,2927763456,10.64
82.367,911700,1579976,0,2491676,8574868,189,2927763456,12.87
82.467,911700,1579976,0,2491676,8574868,189,2927763456,12.87
82.568,911700,1579976,0,2491676,8574868,189,2927763456,12.87
82.668,911700,1579976,0,2491676,8574868,189,2927763456,12.87
82.768,911700,1579976,0,2491676,8574868,189,2927763456,12.87
82.869,911700,1579976,0,2491676,8574868,189,2927763456,12.87
82.969,911700,1579976,0,2491676,8574868,189,2927763456,12.87
83.069,912320,1579976,0,2492296,8574868,189,2927763456,12.87
83.170,912540,1579976,0,2492516,8574868,189,2927763456,12.87
83.270,912932,1579976,0,2492908,8574868,189,2927763456,12.87
83.371,913376,1579976,0,2493352,8574868,189,2927763456,12.87
83.471,913844,1579976,0,2493820,8574868,189,2927763456,12.87
83.571,914552,1579976,0,2494528,8574868,189,2927763456,12.87
83.672,915404,1579976,0,2495380,8574868,189,2927763456,12.87
83.772,916492,1579976,0,2496468,8574868,189,2927763456,12.87
83.872,916916,1579976,0,2496892,8574868,189,2927763456,12.87
83.973,917568,1579976,0,2497544,8574868,189,2927763456,12.87
84.073,918280,1579976,0,2498256,8574868,189,2927763456,12.87
84.173,921564,1579976,0,2501540,8574868,189,2927763456,12.87
84.274,922788,1579976,0,2502764,8574868,189,2927763456,13.44
84.374,926956,1579976,0,2506932,8574868,189,2927763456,13.44
84.474,931268,1579976,0,2511244,8574868,189,2927763456,13.44
84.575,931540,1579976,0,2511516,8574868,189,2927763456,13.44
84.675,932960,1579976,0,2512936,8574868,189,2927763456,13.44
84.775,934856,1579976,0,2514832,8574868,189,2927763456,13.44
84.876,938608,1579976,0,2518584,8574868,189,2927763456,13.44
84.976,940740,1579976,0,2520716,8574868,189,2927763456,13.44
85.076,942640,1579976,0,2522616,8574868,189,2927763456,13.44
85.177,947580,1579976,0,2527556,8574868,189,2927763456,13.44
85.277,949284,1579976,0,2529260,8574868,189,2927763456,13.44
85.378,951764,1579976,0,2531740,8574868,189,2927763456,13.44
85.478,954292,1579976,0,2534268,8574868,189,2927763456,13.44
85.578,957660,1579976,0,2537636,8574868,189,2927763456,13.44
85.679,962788,1579976,0,2542764,8574868,189,2927763456,13.44
85.779,969264,1579976,0,2549240,8574868,189,2927763456,13.44
85.879,971320,1579976,0,2551296,8574868,189,2927763456,13.44
85.980,976652,1579976,0,2556628,8574868,189,2927763456,13.44
86.080,980432,1579976,0,2560408,8574868,189,2927763456,13.44
86.180,982956,1579976,0,2562932,8574868,189,2927763456,14.08
86.281,985760,1579976,0,2565736,8574868,189,2927763456,14.08
86.381,990660,1579976,0,2570636,8574868,189,2927763456,14.08
86.482,995032,1579976,0,2575008,8574868,189,2927763456,14.08
86.582,997776,1579976,0,2577752,8574868,189,2927763456,14.08
86.682,1000284,1579976,0,2580260,8574868,189,2927763456,14.08
86.783,1004088,1579976,0,2584064,8574868,189,2927763456,14.08
86.883,1010900,1579976,0,2590876,8574868,189,2927763456,14.08
86.983,1013152,1579976,0,2593128,8574868,189,2927763456,14.08
87.084,1016384,1579976,0,2596360,8574868,189,2927763456,14.08
87.184,1020280,1579976,0,2600256,8574868,189,2927763456,14.08
87.284,1023792,1579976,0,2603768,8574868,189,2927763456,14.08
87.385,1026104,1579976,0,2606080,8574868,189,2927763456,14.08
87.485,1040704,1579976,0,2620680,8574868,189,2927763456,14.08
87.585,1047364,1579976,0,2627340,8574868,189,2927763456,14.08
87.686,1051144,1579976,0,2631120,8574868,189,2927763456,14.08
87.786,1053376,1579976,0,2633352,8574868,189,2927763456,14.08
87.887,1071040,1579976,0,2651016,8574868,189,2927763456,14.08
87.987,1071424,1579976,0,2651400,8574868,189,2927763456,14.08
88.087,1071424,1579976,0,2651400,8574868,189,2927763456,14.08
88.188,1071424,1579976,0,2651400,8574868,189,2927763456,15.34
88.288,1071424,1579976,0,2651400,8574868,189,2927763456,15.34
88.388,782156,1579976,0,2362132,8574868,189,2927763456,15.34
88.489,630224,1579976,0,2210200,8574868,189,2927763456,15.34
88.589,630224,1579976,0,2210200,8574868,189,2927763456,15.34
88.690,630224,1579976,0,2210200,8574868,189,2927763456,15.34
88.790,630224,1579976,0,2210200,8574868,189,2927763456,15.34
88.890,630224,1579976,0,2210200,8574868,189,2927763456,15.34
88.991,630224,1579976,0,2210200,8574868,189,2927763456,15.34
89.091,630224,1579976,0,2210200,8574868,189,2927763456,15.34
89.191,630224,1579976,0,2210200,8574868,189,2927763456,15.34
89.292,630224,1579976,0,2210200,8574868,189,2927763456,15.34
89.392,630224,1579976,0,2210200,8574868,189,2927763456,15.34
89.493,630224,1579976,0,2210200,8574868,189,2927763456,15.34
89.593,630224,1579976,0,2210200,8574868,189,2927763456,15.34
89.693,630224,1579976,0,2210200,8574868,189,2927763456,15.34
89.794,630224,1579976,0,2210200,8574868,189,2927763456,15.34
89.894,630224,1579976,0,2210200,8574868,189,2927763456,15.34
89.994,630224,1579976,0,2210200,8574868,189,2927763456,15.34
90.095,630224,1579976,0,2210200,8574868,189,2927763456,15.27
90.195,630224,1579976,0,2210200,8574868,189,2927763456,15.27
90.296,630224,1579976,0,2210200,8574868,189,2927763456,15.27
90.396,630224,1579976,0,2210200,8574868,189,2927763456,15.27
90.496,630224,1579976,0,2210200,8574868,189,2927763456,15.27
90.597,630224,1579976,0,2210200,8574868,189,2927763456,15.27
90.697,630224,1579976,0,2210200,8574868,189,2927763456,15.27
90.797,630224,1579976,0,2210200,8574868,189,2927763456,15.27
90.898,630224,1579976,0,2210200,8574868,189,2927763456,15.27
90.998,630224,1579976,0,2210200,8574868,189,2927763456,15.27
91.098,630224,1579976,0,2210200,8574868,189,2927763456,15.27
91.199,630224,1579976,0,2210200,8574868,189,2927763456,15.27
91.299,630224,1579976,0,2210200,8574868,189,2927763456,15.27
91.399,630224,1579976,0,2210200,8574868,189,2927763456,15.27
91.500,630224,1579976,0,2210200,8574868,189,2927763456,15.27
91.600,630224,1579976,0,2210200,8574868,189,2927763456,15.27
91.700,630224,1579976,0,2210200,8574868,189,2927763456,15.27
91.801,631656,1579976,0,2211632,8574868,189,2927763456,15.27
91.901,634352,1579976,0,2214328,8574868,189,2927763456,15.27
92.002,638660,1579976,0,2218636,8574868,189,2927763456,15.27
92.102,643096,1579976,0,2223072,8574868,189,2927763456,13.05
92.202,646456,1579976,0,2226432,8574868,189,2927763456,13.05
92.303,649940,1579976,0,2229916,8574868,189,2927763456,13.05
92.403,653992,1579976,0,2233968,8574868,189,2927763456,13.05
92.503,657684,1579976,0,2237660,8574868,189,2927763456,13.05
92.604,660980,1579976,0,2240956,8574868,189,2927763456,13.05
92.704,664928,1579976,0,2244904,8574868,189,2927763456,13.05
92.804,668876,1579976,0,2248852,8574868,189,2927763456,13.05
92.905,674688,1579976,0,2254664,8574868,189,2927763456,13.05
93.005,679076,1579976,0,2259052,8574868,189,2927763456,13.05
93.105,683060,1579976,0,2263036,8574868,189,2927763456,13.05
93.206,688036,1579976,0,2268012,8574868,189,2927763456,13.05
93.306,691012,1579976,0,2270988,8574868,189,2927763456,13.05
93.406,695652,1579976,0,2275628,8574868,189,2927763456,13.05
93.507,700308,1579976,0,2280284,8574868,189,2927763456,13.05
93.607,705084,1579976,0,2285060,8574868,189,2927763456,13.05
93.708,714332,1579976,0,2294308,8574868,189,2927763456,13.05
93.808,717152,1579976,0,2297128,8574868,189,2927763456,13.05
93.908,723652,1579976,0,2303628,8574868,189,2927763456,13.05
94.008,725724,1579976,0,2305700,8574868,189,2927763456,14.13
94.109,736020,1579976,0,2315996,8574868,189,2927763456,14.13
94.209,748236,1579976,0,2328212,8574868,189,2927763456,14.13
94.309,749996,1579976,0,2329972,8574868,189,2927763456,14.13
94.410,752072,1579976,0,2332048,8574868,189,2927763456,14.13
94.510,755464,1579976,0,2335440,8574868,189,2927763456,14.13
94.611,759060,1579976,0,2339036,8574868,189,2927763456,14.13
94.711,761976,1579976,0,2341952,8574868,189,2927763456,14.13
94.811,766720,1579976,0,2346696,8574868,189,2927763456,14.13
94.912,771376,1579976,0,2351352,8574868,189,2927763456,14.13
95.012,776388,1579976,0,2356364,8574868,189,2927763456,14.13
95.112,781128,1579976,0,2361104,8574868,189,2927763456,14.13
95.213,787732,1579976,0,2367708,8574868,189,2927763456,14.13
95.313,792032,1579976,0,2372008,8574868,189,2927763456,14.13
95.413,810232,1579976,0,2390208,8574868,189,2927763456,14.13
95.514,812236,1579976,0,2392212,8574868,189,2927763456,14.13
95.614,818240,1579976,0,2398216,8574868,189,2927763456,14.13
95.714,824336,1579976,0,2404312,8574868,189,2927763456,14.13
95.815,828244,1579976,0,2408220,8574868,189,2927763456,14.13
95.915,833776,1579976,0,2413752,8574868,189,2927763456,11.57
96.016,839564,1579976,0,2419540,8574868,189,2927763456,11.57
96.116,843956,1579976,0,2423932,8574868,189,2927763456,11.57
96.216,850292,1579976,0,2430268,8574868,189,2927763456,11.57
96.317,855160,1579976,0,2435136,8574868,189,2927763456,11.57
96.417,862080,1579976,0,2442056,8574868,189,2927763456,11.57
96.517,866456,1579976,0,2446432,8574868,189,2927763456,11.57
96.618,870956,1579976,0,2450932,8574868,189,2927763456,11.57
96.718,875632,1579976,0,2455608,8574868,189,2927763456,11.57
96.818,879484,1579976,0,2459460,8574868,189,2927763456,11.57
96.919,884440,1579976,0,2464416,8574868,189,2927763456,11.57
97.019,888136,1579976,0,2468112,8574868,189,2927763456,11.57
97.119,892796,1579976,0,2472772,8574868,189,2927763456,11.57
97.220,898264,1579976,0,2478240,8574868,189,2927763456,11.57
97.320,908416,1579976,0,2488392,8574868,189,2927763456,11.57
97.420,910540,1579976,0,2490516,8574868,189,2927763456,11.57
97.521,913848,1579976,0,2493824,8574868,189,2927763456,11.57
97.621,918672,1579976,0,2498648,8574868,189,2927763456,11.57
97.722,924224,1579976,0,2504200,8574868,189,2927763456,11.57
97.822,927956,1579976,0,2507932,8574868,189,2927763456,11.57
97.922,932908,1579976,0,2512884,8574868,189,2927763456,12.73
98.023,935608,1579976,0,2515584,8574868,189,2927763456,12.73
98.123,942492,1579976,0,2522468,8574868,189,2927763456,12.73
98.223,944488,1579976,0,2524464,8574868,189,2927763456,12.73
98.324,949260,1579976,0,2529236,8574868,189,2927763456,12.73
98.424,953540,1579976,0,2533516,8574868,189,2927763456,12.73
98.524,957868,1579976,0,2537844,8574868,189,2927763456,12.73
98.625,964264,1579976,0,2544240,8574868,189,2927763456,12.73
98.725,970200,1579976,0,2550176,8574868,189,2927763456,12.73
98.826,976004,1579976,0,2555980,8574868,189,2927763456,12.73
98.926,980164,1579976,0,2560140,8574868,189,2927763456,12.73
99.026,990600,1579976,0,2570576,8574868,189,2927763456,12.73
99.127,993976,1579976,0,2573952,8574868,189,2927763456,12.73
99.227,998388,1579976,0,2578364,8574868,189,2927763456,12.73
99.327,1004228,1579976,0,2584204,8574868,189,2927763456,12.73
99.428,1009264,1579976,0,2589240,8574868,189,2927763456,12.73
99.528,1013456,1579976,0,2593432,8574868,189,2927763456,12.73
99.628,1017448,1579976,0,2597424,8574868,189,2927763456,12.73
99.729,1023188,1579976,0,2603164,8574868,189,2927763456,12.73
99.829,1030196,1579976,0,2610172,8574868,189,2927763456,13.68
99.930,1031680,1579976,0,2611656,8574868,189,2927763456,13.68
100.030,1031680,1579976,0,2611656,8574868,189,2927763456,13.68
100.130,1031680,1579976,0,2611656,8574868,189,2927763456,13.68
100.231,1031680,1579976,0,2611656,8574868,189,2927763456,13.68
100.331,726220,1579976,0,2306196,8574868,189,2927763456,13.68
100.431,726220,1579976,0,2306196,8574868,189,2927763456,13.68
100.532,726220,1579976,0,2306196,8574868,189,2927763456,13.68
100.632,726220,1579976,0,2306196,8574868,189,2927763456,13.68
100.732,726220,1579976,0,2306196,8574868,189,2927763456,13.68
100.833,726220,1579976,0,2306196,8574868,189,2927763456,13.68
100.933,630224,1579976,0,2210200,8574868,189,2927763456,13.68
101.034,630224,1579976,0,2210200,8574868,189,2927763456,13.68
101.134,630224,1579976,0,2210200,8574868,189,2927763456,13.68
101.234,630224,1579976,0,2210200,8574868,189,2927763456,13.68
101.335,630224,1579976,0,2210200,8574868,189,2927763456,13.68
101.435,630224,1579976,0,2210200,8574868,189,2927763456,13.68
101.536,630224,1579976,0,2210200,8574868,189,2927763456,13.68
101.636,630224,1579976,0,2210200,8574868,189,2927763456,13.68
101.736,630224,1579976,0,2210200,8574868,189,2927763456,13.68
101.837,630224,1579976,0,2210200,8574868,189,2927763456,12.29
101.937,630224,1579976,0,2210200,8574868,189,2927763456,12.29
102.037,630224,1579976,0,2210200,8574868,189,2927763456,12.29
102.138,630224,1579976,0,2210200,8574868,189,2927763456,12.29
102.238,630224,1579976,0,2210200,8574868,189,2927763456,12.29
102.338,630224,1579976,0,2210200,8574868,189,2927763456,12.29
102.439,630224,1579976,0,2210200,8574868,189,2927763456,12.29
102.539,630224,1579976,0,2210200,8574868,189,2927763456,12.29
102.639,630224,1579976,0,2210200,8574868,189,2927763456,12.29
102.740,630224,1579976,0,2210200,8574868,189,2927763456,12.29
102.840,630224,1579976,0,2210200,8574868,189,2927763456,12.29
102.940,630224,1579976,0,2210200,8574868,189,2927763456,12.29
103.041,630224,1579976,0,2210200,8574868,189,2927763456,12.29
103.141,630224,1579976,0,2210200,8574868,189,2927763456,12.29
103.242,630224,1579976,0,2210200,8574868,189,2927763456,12.29
103.342,630224,1579976,0,2210200,8574868,189,2927763456,12.29
103.442,630224,1579976,0,2210200,8574868,189,2927763456,12.29
103.543,630224,1579976,0,2210200,8574868,189,2927763456,12.29
103.643,632088,1579976,0,2212064,8574868,189,2927763456,12.29
103.743,635560,1579976,0,2215536,8574868,189,2927763456,11.88
103.844,645092,1579976,0,2225068,8574868,189,2927763456,11.88
103.944,648172,1579976,0,2228148,8574868,189,2927763456,11.88
104.044,651332,1579976,0,2231308,8574868,189,2927763456,11.88
104.145,654900,1579976,0,2234876,8574868,189,2927763456,11.88
104.245,658396,1579976,0,2238372,8574868,189,2927763456,11.88
104.346,661756,1579976,0,2241732,8574868,189,2927763456,11.88
104.446,666252,1579976,0,2246228,8574868,189,2927763456,11.88
104.546,669996,1579976,0,2249972,8574868,189,2927763456,11.88
104.647,674436,1579976,0,2254412,8574868,189,2927763456,11.88
104.747,677956,1579976,0,2257932,8574868,189,2927763456,11.88
104.847,681756,1579976,0,2261732,8574868,189,2927763456,11.88
104.948,686512,1579976,0,2266488,8574868,189,2927763456,11.88
105.048,690132,1579976,0,2270108,8574868,189,2927763456,11.88
105.148,693148,1579976,0,2273124,8574868,189,2927763456,11.88
105.249,698140,1579976,0,2278116,8574868,189,2927763456,11.88
105.349,702976,1579976,0,2282952,8574868,189,2927763456,11.88
105.449,707516,1579976,0,2287492,8574868,189,2927763456,11.88
105.550,711236,1579976,0,2291212,8574868,189,2927763456,11.88
105.650,714800,1579976,0,2294776,8574868,189,2927763456,12.8
105.751,719860,1579976,0,2299836,8574868,189,2927763456,12.8
105.851,723004,1579976,0,2302980,8574868,189,2927763456,12.8
105.951,727432,1579976,0,2307408,8574868,189,2927763456,12.8
106.052,731816,1579976,0,2311792,8574868,189,2927763456,12.8
106.152,739356,1579976,0,2319332,8574868,189,2927763456,12.8
106.252,745072,1579976,0,2325048,8574868,189,2927763456,12.8
106.353,752132,1579976,0,2332108,8574868,189,2927763456,12.8
106.453,757988,1579976,0,2337964,8574868,189,2927763456,12.8
106.553,769520,1579976,0,2349496,8574868,189,2927763456,12.8
106.654,781660,1579976,0,2361636,8574868,189,2927763456,12.8
106.754,783832,1579976,0,2363808,8574868,189,2927763456,12.8
106.854,788524,1579976,0,2368500,8574868,189,2927763456,12.8
106.955,793464,1579976,0,2373440,8574868,189,2927763456,12.8
107.055,796732,1579976,0,2376708,8574868,189,2927763456,12.8
107.155,798484,1579976,0,2378460,8574868,189,2927763456,12.8
107.256,803228,1579976,0,2383204,8574868,189,2927763456,12.8
107.356,807780,1579976,0,2387756,8574868,189,2927763456,12.8
107.456,810740,1579976,0,2390716,8574868,189,2927763456,12.8
107.557,812864,1579976,0,2392840,8574868,189,2927763456,12.8
107.657,816980,1579976,0,2396956,8574868,189,2927763456,13.56
107.758,820132,1579976,0,2400108,8574868,189,2927763456,13.56
107.858,822280,1579976,0,2402256,8574868,189,2927763456,13.56
107.958,833456,1579976,0,2413432,8574868,189,2927763456,13.56
108.059,843804,1579976,0,2423780,8574868,189,2927763456,13.56
108.159,846044,1579976,0,2426020,8574868,189,2927763456,13.56
108.259,851368,1579976,0,2431344,8574868,189,2927763456,13.56
108.360,857540,1579976,0,2437516,8574868,189,2927763456,13.56
108.460,861780,1579976,0,2441756,8574868,189,2927763456,13.56
108.560,865644,1579976,0,2445620,8574868,189,2927763456,13.56
108.660,870220,1579976,0,2450196,8574868,189,2927763456,13.56
108.761,875284,1579976,0,2455260,8574868,189,2927763456,13.56
108.861,879120,1579976,0,2459096,8574868,189,2927763456,13.56
108.961,887176,1579976,0,2467152,8574868,189,2927763456,13.56
109.062,891288,1579976,0,2471264,8574868,189,2927763456,13.56
109.162,894868,1579976,0,2474844,8574868,189,2927763456,13.56
109.262,900176,1579976,0,2480152,8574868,189,2927763456,13.56
109.363,903820,1579976,0,2483796,8574868,189,2927763456,13.56
109.463,908232,1579976,0,2488208,8574868,189,2927763456,13.56
109.564,912584,1579976,0,2492560,8574868,189,2927763456,14.37
109.664,920024,1579976,0,2500000,8574868,189,2927763456,14.37
109.764,922444,1579976,0,2502420,8574868,189,2927763456,14.37
109.865,927388,1579976,0,2507364,8574868,189,2927763456,14.37
109.965,933448,1579976,0,2513424,8574868,189,2927763456,14.37
110.065,936528,1579976,0,2516504,8574868,189,2927763456,14.37
110.166,942604,1579976,0,2522580,8574868,189,2927763456,14.37
110.266,948008,1579976,0,2527984,8574868,189,2927763456,14.37
110.366,951940,1579976,0,2531916,8574868,189,2927763456,14.37
110.467,957624,1579976,0,2537600,8574868,189,2927763456,14.37
110.567,961736,1579976,0,2541712,8574868,189,2927763456,14.37
110.667,966792,1579976,0,2546768,8574868,189,2927763456,14.37
110.768,970892,1579976,0,2550868,8574868,189,2927763456,14.37
110.868,980540,1579976,0,2560516,8574868,189,2927763456,14.37
110.969,984676,1579976,0,2564652,8574868,189,2927763456,14.37
111.069,987848,1579976,0,2567824,8574868,189,2927763456,14.37
111.169,993896,1579976,0,2573872,8574868,189,2927763456,14.37
111.270,997912,1579976,0,2577888,8574868,189,2927763456,14.37
111.370,1003236,1579976,0,2583212,8574868,189,2927763456,14.37
111.470,1008216,1579976,0,2588192,8574868,189,2927763456,14.37
111.571,1014872,1579976,0,2594848,8574868,189,2927763456,15.2
111.671,1017008,1579976,0,2596984,8574868,189,2927763456,15.2
111.771,1021592,1579976,0,2601568,8574868,189,2927763456,15.2
111.872,1026048,1579976,0,2606024,8574868,189,2927763456,15.2
111.972,1032812,1579976,0,2612788,8574868,189,2927763456,15.2
112.072,1032812,1579976,0,2612788,8574868,189,2927763456,15.2
112.173,1032812,1579976,0,2612788,8574868,189,2927763456,15.2
112.273,1032812,1579976,0,2612788,8574868,189,2927763456,15.2
112.373,989316,1579976,0,2569292,8574868,189,2927767552,15.2
112.474,751928,1579976,0,2331904,8574868,189,2927767552,15.2
112.574,751928,1579976,0,2331904,8574868,189,2927767552,15.2
112.674,751928,1579976,0,2331904,8574868,189,2927767552,15.2
112.775,751928,1579976,0,2331904,8574868,189,2927767552,15.2
112.875,751928,1579976,0,2331904,8574868,189,2927767552,15.2
112.975,751928,1579976,0,2331904,8574868,189,2927767552,15.2
113.076,751928,1579976,0,2331904,8574868,189,2927767552,15.2
113.176,751928,1579976,0,2331904,8574868,189,2927767552,15.2
113.276,751928,1579976,0,2331904,8574868,189,2927767552,15.2
113.377,751928,1579976,0,2331904,8574868,189,2927767552,15.2
113.477,751928,1579976,0,2331904,8574868,189,2927767552,16.07
113.577,751928,1579976,0,2331904,8574868,189,2927767552,16.07
113.678,751928,1579976,0,2331904,8574868,189,2927767552,16.07
113.778,751928,1579976,0,2331904,8574868,189,2927767552,16.07
113.878,751928,1579976,0,2331904,8574868,189,2927767552,16.07
113.979,751928,1579976,0,2331904,8574868,189,2927767552,16.07
114.079,751928,1579976,0,2331904,8574868,189,2927767552,16.07
114.180,751928,1579976,0,2331904,8574868,189,2927767552,16.07
114.280,751928,1579976,0,2331904,8574868,189,2927767552,16.07
114.380,751928,1579976,0,2331904,8574868,189,2927767552,16.07
114.481,751928,1579976,0,2331904,8574868,189,2927767552,16.07
114.581,751928,1579976,0,2331904,8574868,189,2927767552,16.07
114.682,751928,1579976,0,2331904,8574868,189,2927767552,16.07
114.782,751928,1579976,0,2331904,8574868,189,2927767552,16.07
114.882,751928,1579976,0,2331904,8574868,189,2927767552,16.07
114.983,751928,1579976,0,2331904,8574868,189,2927767552,16.07
115.083,751928,1579976,0,2331904,8574868,189,2927767552,16.07
115.183,751928,1579976,0,2331904,8574868,189,2927767552,16.07
115.284,751928,1579976,0,2331904,8574868,189,2927767552,16.07
115.384,751928,1579976,0,2331904,8574868,189,2927767552,13.34
115.484,751928,1579976,0,2331904,8574868,189,2927767552,13.34
115.585,751928,1579976,0,2331904,8574868,189,2927767552,13.34
115.685,751928,1579976,0,2331904,8574868,189,2927767552,13.34
115.785,751928,1579976,0,2331904,8574868,189,2927767552,13.34
115.886,751928,1579976,0,2331904,8574868,189,2927767552,13.34
115.986,751928,1579976,0,2331904,8574868,189,2927767552,13.34
116.086,751928,1579976,0,2331904,8574868,189,2927767552,13.34
116.187,751928,1579976,0,2331904,8574868,189,2927767552,13.34
116.287,751928,1579976,0,2331904,8574868,189,2927767552,13.34
116.388,751928,1579976,0,2331904,8574868,189,2927767552,13.34
116.488,751928,1579976,0,2331904,8574868,189,2927767552,13.34
116.588,751928,1579976,0,2331904,8574868,189,2927767552,13.34
116.689,751928,1579976,0,2331904,8574868,189,2927767552,13.34
116.789,751928,1579976,0,2331904,8574868,189,2927767552,13.34
116.889,751928,1579976,0,2331904,8574868,189,2927767552,13.34
116.990,751928,1579976,0,2331904,8574868,189,2928345088,13.34
117.090,751928,1579976,0,2331904,8574868,189,2928345088,13.34
117.191,751928,1579976,0,2331904,8574868,189,2931916800,13.34
117.291,751928,1579976,0,2331904,8574868,189,2931916800,13.34
117.391,751928,1579976,0,2331904,8574868,189,2931916800,13.28
117.492,751928,1579976,0,2331904,8574868,189,2931916800,13.28
117.592,751928,1579976,0,2331904,8574868,189,2931916800,13.28
117.692,751928,1579976,0,2331904,8574868,189,2931916800,13.28
117.793,751928,1579976,0,2331904,8574868,189,2931916800,13.28
117.893,753448,1579976,0,2333424,8574868,189,2931916800,13.28
117.994,758092,1579976,0,2338068,8574868,189,2931916800,13.28
118.094,766228,1579976,0,2346204,8574868,189,2931916800,13.28
118.194,770524,1579976,0,2350500,8574868,189,2931916800,13.28
118.295,770804,1579976,0,2350780,8574868,189,2931916800,13.28
118.395,775108,1579976,0,2355084,8574868,189,2931916800,13.28
118.495,779532,1579976,0,2359508,8574868,189,2931916800,13.28
118.596,784796,1579976,0,2364772,8574868,189,2931916800,13.28
118.696,793452,1579976,0,2373428,8574868,189,2936643584,13.28
118.796,804244,1579976,0,2384220,8574868,189,2936643584,13.28
118.897,804920,1579976,0,2384896,8574868,189,2936643584,13.28
118.997,806752,1579976,0,2386728,8574868,189,2936643584,13.28
119.097,813216,1579976,0,2393192,8574868,189,2936643584,13.28
119.198,815072,1579976,0,2395048,8574868,189,2936643584,13.28
119.298,819104,1579976,0,2399080,8574868,189,2936643584,14.68
119.398,824112,1579976,0,2404088,8574868,189,2936643584,14.68
119.499,829996,1579976,0,2409972,8574868,189,2936643584,14.68
119.599,832964,1579976,0,2412940,8574868,189,2941149184,14.68
119.699,852400,1579976,0,2432376,8574868,189,2941149184,14.68
119.800,853624,1579976,0,2433600,8574868,189,2941149184,14.68
119.900,854864,1579976,0,2434840,8574868,189,2941149184,14.68
120.001,857128,1579976,0,2437104,8574868,189,2941149184,14.68
120.101,859928,1579976,0,2439904,8574868,189,2941149184,14.68
120.201,865416,1579976,0,2445392,8574868,189,2941149184,14.68
120.302,868568,1579976,0,2448544,8574868,189,2941149184,14.68
120.402,872240,1579976,0,2452216,8574868,189,2948964352,14.68
120.502,876832,1579976,0,2456808,8574868,189,2948964352,14.68
120.603,880940,1579976,0,2460916,8574868,189,2948964352,14.68
120.703,884420,1579976,0,2464396,8574868,189,2948964352,14.68
120.803,889196,1579976,0,2469172,8574868,189,2948964352,14.68
120.904,893220,1579976,0,2473196,8574868,189,2948964352,14.68
121.004,900952,1579976,0,2480928,8574868,189,2948964352,14.68
121.104,904888,1579976,0,2484864,8574868,189,2948964352,14.68
121.205,908296,1579976,0,2488272,8574868,189,2948964352,14.68
121.305,912236,1579976,0,2492212,8574868,189,2948964352,15.82
121.406,917648,1579976,0,2497624,8574868,189,2948964352,15.82
121.506,921396,1579976,0,2501372,8574868,189,2948964352,15.82
121.606,925420,1579976,0,2505396,8574868,189,2948964352,15.82
121.707,930524,1579976,0,2510500,8574868,189,2948964352,15.82
121.807,935272,1579976,0,2515248,8574868,189,2948964352,15.82
121.907,940676,1579976,0,2520652,8574868,189,2948964352,15.82
122.008,945972,1579976,0,2525948,8574868,189,2948964352,15.82
122.108,948916,1579976,0,2528892,8574868,189,2948964352,15.82
122.208,953096,1579976,0,2533072,8574868,189,2948964352,15.82
122.309,956888,1579976,0,2536864,8574868,189,2948964352,15.82
122.409,967060,1579976,0,2547036,8574868,189,2948964352,15.82
122.509,969496,1579976,0,2549472,8574868,189,2948964352,15.82
122.610,974268,1579976,0,2554244,8574868,189,2953773056,15.82
122.710,978196,1579976,0,2558172,8574868,189,2953773056,15.82
122.810,983216,1579976,0,2563192,8574868,189,2953773056,15.82
122.911,986136,1579976,0,2566112,8574868,189,2953773056,15.82
123.012,988964,1579976,0,2568940,8574868,189,2953773056,15.82
123.112,992628,1579976,0,2572604,8574868,189,2953773056,15.82
123.212,999028,1579976,0,2579004,8574868,189,2953773056,16.76
123.313,1005868,1579976,0,2585844,8574868,189,2953773056,16.76
123.413,1009028,1579976,0,2589004,8574868,189,2953773056,16.76
123.513,1014552,1579976,0,2594528,8574868,189,2957377536,16.76
123.614,1018896,1579976,0,2598872,8574868,189,2957377536,16.76
123.714,1023608,1579976,0,2603584,8574868,189,2957377536,16.76
123.814,1030356,1579976,0,2610332,8574868,189,2957377536,16.76
123.915,1032152,1579976,0,2612128,8574868,189,2957377536,16.76
124.015,1032152,1579976,0,2612128,8574868,189,2957377536,16.76
124.115,1032152,1579976,0,2612128,8574868,189,2957377536,16.76
124.216,1032152,1579976,0,2612128,8574868,189,2957377536,16.76
124.316,759492,1579976,0,2339468,8574868,189,2957377536,16.76
124.416,759492,1579976,0,2339468,8574868,189,2957377536,16.76
124.517,759492,1579976,0,2339468,8574868,189,2957377536,16.76
124.617,759492,1579976,0,2339468,8574868,189,2957377536,16.76
124.717,759492,1579976,0,2339468,8574868,189,2957377536,16.76
124.818,759492,1579976,0,2339468,8574868,189,2962067456,16.76
124.918,759492,1579976,0,2339468,8574868,189,2962067456,16.76
125.018,759492,1579976,0,2339468,8574868,189,2962067456,16.76
125.119,759492,1579976,0,2339468,8574868,189,2962067456,17.53
125.219,759492,1579976,0,2339468,8574868,189,2962067456,17.53
125.320,759492,1579976,0,2339468,8574868,189,2962067456,17.53
125.420,759492,1579976,0,2339468,8574868,189,2962067456,17.53
125.520,759492,1579976,0,2339468,8574868,189,2970296320,17.53
125.621,759492,1579976,0,2339468,8574868,189,2970296320,17.53
125.721,759492,1579976,0,2339468,8574868,189,2970296320,17.53
125.822,759492,1579976,0,2339468,8574868,189,2970296320,17.53
125.922,759492,1579976,0,2339468,8574868,189,2970296320,17.53
126.022,759492,1579976,0,2339468,8574868,189,2970296320,17.53
126.123,759492,1579976,0,2339468,8574868,189,2970296320,17.53
126.223,759492,1579976,0,2339468,8574868,189,2970296320,17.53
126.323,759492,1579976,0,2339468,8574868,189,2970296320,17.53
126.424,759492,1579976,0,2339468,8574868,189,2974949376,17.53
126.524,759492,1579976,0,2339468,8574868,189,2974949376,17.53
126.624,759492,1579976,0,2339468,8574868,189,2974949376,17.53
126.725,759492,1579976,0,2339468,8574868,189,2974949376,17.53
126.825,759492,1579976,0,2339468,8574868,189,2974949376,17.53
126.925,759492,1579976,0,2339468,8574868,189,2974949376,17.53
127.026,759492,1579976,0,2339468,8574868,189,2974949376,17.53
127.126,759492,1579976,0,2339468,8574868,189,2974949376,17.79
127.226,759492,1579976,0,2339468,8574868,189,2974949376,17.79
127.327,759492,1579976,0,2339468,8574868,189,2974949376,17.79
127.427,759492,1579976,0,2339468,8574868,189,2974949376,17.79
127.527,759492,1579976,0,2339468,8574868,189,2974949376,17.79
127.628,759492,1579976,0,2339468,8574868,189,2974949376,17.79
127.728,759492,1579976,0,2339468,8574868,189,2974949376,17.79
127.828,759492,1579976,0,2339468,8574868,189,2974949376,17.79
127.929,759492,1579976,0,2339468,8574868,189,2974949376,17.79
128.029,759492,1579976,0,2339468,8574868,189,2979495936,17.79
128.129,759492,1579976,0,2339468,8574868,189,2979495936,17.79
128.230,759492,1579976,0,2339468,8574868,189,2979495936,17.79
128.330,759492,1579976,0,2339468,8574868,189,2979495936,17.79
128.430,759492,1579976,0,2339468,8574868,189,2979495936,17.79
128.531,759492,1579976,0,2339468,8574868,189,2979495936,17.79
128.631,759492,1579976,0,2339468,8574868,189,2979495936,17.79
128.731,759492,1579976,0,2339468,8574868,189,2979495936,17.79
128.832,759492,1579976,0,2339468,8574868,189,2979545088,17.79
128.932,759492,1579976,0,2339468,8574868,189,2980155392,17.79
129.032,759492,1579976,0,2339468,8574868,189,2984763392,18.74
129.133,759492,1579976,0,2339468,8574868,189,2984763392,18.74
129.233,759492,1579976,0,2339468,8574868,189,2984763392,18.74
129.333,759492,1579976,0,2339468,8574868,189,2984763392,18.74
129.434,759492,1579976,0,2339468,8574868,189,2984763392,18.74
129.534,759492,1579976,0,2339468,8574868,189,2984763392,18.74
129.635,759492,1579976,0,2339468,8574868,189,2984763392,18.74
129.735,759492,1579976,0,2339468,8574868,189,2984763392,18.74
129.835,759516,1579976,0,2339492,8574868,189,2984763392,18.74
129.936,761088,1579976,0,2341064,8574868,189,2993917952,18.74
130.036,763492,1579976,0,2343468,8574868,189,2993917952,18.74
130.136,773460,1579976,0,2353436,8574868,189,2993917952,18.74
130.237,774148,1579976,0,2354124,8574868,189,2993917952,18.74
130.337,783372,1579976,0,2363348,8574868,189,2993917952,18.74
130.438,792036,1579976,0,2372012,8574868,189,2993917952,18.74
130.538,792604,1579976,0,2372580,8574868,189,2993917952,18.74
130.638,795068,1579976,0,2375044,8574868,189,2993917952,18.74
130.739,801776,1579976,0,2381752,8574868,189,2993917952,18.74
130.839,802404,1579976,0,2382380,8574868,189,2995331072,18.74
130.939,805568,1579976,0,2385544,8574868,189,2995331072,18.74
131.040,813016,1579976,0,2392992,8574868,189,2995331072,15.34
131.140,826140,1579976,0,2406116,8574868,189,2995331072,15.34
131.240,827104,1579976,0,2407080,8574868,189,2995331072,15.34
131.341,829768,1579976,0,2409744,8574868,189,2995331072,15.34
131.441,836036,1579976,0,2416012,8574868,189,2995331072,15.34
131.541,838740,1579976,0,2418716,8574868,189,2995331072,15.34
131.642,841984,1579976,0,2421960,8574868,189,2998140928,15.34
131.742,846064,1579976,0,2426040,8574868,189,2998140928,15.34
131.842,849360,1579976,0,2429336,8574868,189,2998140928,15.34
131.943,852856,1579976,0,2432832,8574868,189,2998140928,15.34
132.043,857128,1579976,0,2437104,8574868,189,2998140928,15.34
132.144,860056,1579976,0,2440032,8574868,189,2998140928,15.34
132.244,864544,1579976,0,2444520,8574868,189,2998140928,15.34
132.344,867288,1579976,0,2447264,8574868,189,2998140928,15.34
132.444,871196,1579976,0,2451172,8574868,189,2998140928,15.34
132.545,875000,1579976,0,2454976,8574868,189,2998140928,15.34
132.645,879340,1579976,0,2459316,8574868,189,2998140928,15.34
132.745,883880,1579976,0,2463856,8574868,189,2998140928,15.34
132.846,887912,1579976,0,2467888,8574868,189,2998140928,15.34
132.946,892084,1579976,0,2472060,8574868,189,2998140928,17.45
133.046,900872,1579976,0,2480848,8574868,189,2998140928,17.45
133.147,903904,1579976,0,2483880,8574868,189,2998140928,17.45
133.247,908976,1579976,0,2488952,8574868,189,2998140928,17.45
133.347,912440,1579976,0,2492416,8574868,189,3001384960,17.45
133.448,918828,1579976,0,2498804,8574868,189,3001384960,17.45
133.548,923600,1579976,0,2503576,8574868,189,3001384960,17.45
133.648,930908,1579976,0,2510884,8574868,189,3001384960,17.45
133.749,933712,1579976,0,2513688,8574868,189,3001384960,17.45
133.849,939568,1579976,0,2519544,8574868,189,3001384960,17.45
133.949,943456,1579976,0,2523432,8574868,189,3001384960,17.45
134.050,946544,1579976,0,2526520,8574868,189,3001384960,17.45
134.150,951472,1579976,0,2531448,8574868,189,3001384960,17.45
134.250,955712,1579976,0,2535688,8574868,189,3003682816,17.45
134.351,959952,1579976,0,2539928,8574868,189,3003682816,17.45
134.451,963880,1579976,0,2543856,8574868,189,3003682816,17.45
134.552,968396,1579976,0,2548372,8574868,189,3003682816,17.45
134.652,971128,1579976,0,2551104,8574868,189,3003682816,17.45
134.752,977780,1579976,0,2557756,8574868,189,3003682816,17.45
134.853,984936,1579976,0,2564912,8574868,189,3003682816,15.38
134.953,987160,1579976,0,2567136,8574868,189,3003682816,15.38
135.053,995000,1579976,0,2574976,8574868,189,3003682816,15.38
135.154,1005300,1579976,0,2585276,8574868,189,3003682816,15.38
135.254,1011716,1579976,0,2591692,8574868,189,3003682816,15.38
135.354,1014920,1579976,0,2594896,8574868,189,3003682816,15.38
135.455,1026592,1579976,0,2606568,8574868,189,3003682816,15.38
135.555,1028864,1579976,0,2608840,8574868,189,3003682816,15.38
135.655,1035708,1579976,0,2615684,8574868,189,3003682816,15.38
135.756,1057820,1579976,0,2637796,8574868,189,3003682816,15.38
135.856,1057820,1579976,0,2637796,8574868,189,3003682816,15.38
135.956,1057820,1579976,0,2637796,8574868,189,3003682816,15.38
136.057,1057820,1579976,0,2637796,8574868,189,3003682816,15.38
136.157,1057820,1579976,0,2637796,8574868,189,3003686912,15.38
136.257,751928,1579976,0,2331904,8574868,189,3003686912,15.38
136.358,751928,1579976,0,2331904,8574868,189,3003686912,15.38
136.458,751928,1579976,0,2331904,8574868,189,3005083648,15.38
136.558,751928,1579976,0,2331904,8574868,189,3005083648,15.38
136.659,751928,1580232,0,2332160,8574868,189,3005083648,15.38
136.759,751928,1580264,0,2332192,8574868,189,3005083648,15.38
136.860,751928,1580264,0,2332192,8574868,189,3005083648,16.03
136.960,751928,1580264,0,2332192,8574868,189,3005083648,16.03
137.060,751928,1580264,0,2332192,8574868,189,3005083648,16.03
137.161,751928,1580264,0,2332192,8574868,189,3005083648,16.03
137.261,751928,1580264,0,2332192,8574868,189,3005083648,16.03
137.361,751928,1580264,0,2332192,8574868,189,3005083648,16.03
137.462,751928,1580264,0,2332192,8574868,189,3005083648,16.03
137.562,751928,1580264,0,2332192,8574868,189,3005083648,16.03
137.662,751928,1580264,0,2332192,8574868,189,3005083648,16.03
137.763,751928,1580264,0,2332192,8574868,189,3005083648,16.03
137.863,751928,1580264,0,2332192,8574868,189,3005083648,16.03
137.963,751928,1580264,0,2332192,8574868,189,3005083648,16.03
138.064,751928,1580264,0,2332192,8574868,189,3005083648,16.03
138.164,751928,1580264,0,2332192,8574868,189,3005083648,16.03
138.265,751928,1580264,0,2332192,8574868,189,3005083648,16.03
138.365,751928,1580264,0,2332192,8574868,189,3005083648,16.03
138.465,751928,1580264,0,2332192,8574868,189,3005083648,16.03
138.566,751928,1580264,0,2332192,8574868,189,3005083648,16.03
138.666,751928,1580264,0,2332192,8574868,189,3005083648,16.03
138.767,751928,1580264,0,2332192,8574868,189,3005083648,16.57
138.867,751928,1580264,0,2332192,8574868,189,3005083648,16.57
138.967,751928,1580264,0,2332192,8574868,189,3005083648,16.57
139.068,751928,1580264,0,2332192,8574868,189,3005083648,16.57
139.168,751928,1580264,0,2332192,8574868,189,3005083648,16.57
139.268,751928,1580264,0,2332192,8574868,189,3005083648,16.57
139.369,751928,1580264,0,2332192,8574868,189,3005083648,16.57
139.469,751928,1580264,0,2332192,8574868,189,3005083648,16.57
139.569,751928,1580264,0,2332192,8574868,189,3005083648,16.57
139.670,751928,1580264,0,2332192,8574868,189,3005083648,16.57
139.770,751928,1580264,0,2332192,8574868,189,3005083648,16.57
139.871,751928,1580264,0,2332192,8574868,189,3005083648,16.57
139.971,751928,1580264,0,2332192,8574868,189,3005083648,16.57
140.071,751928,1580264,0,2332192,8574868,189,3005083648,16.57
140.172,751928,1580264,0,2332192,8574868,189,3005083648,16.57
140.272,751928,1580264,0,2332192,8574868,189,3005083648,16.57
140.372,751928,1580264,0,2332192,8574868,189,3005083648,16.57
140.473,751928,1580264,0,2332192,8574868,189,3005083648,16.57
140.573,751928,1580264,0,2332192,8574868,189,3005083648,16.57
140.674,751928,1580264,0,2332192,8574868,189,3005083648,14.11
140.774,751928,1580264,0,2332192,8574868,189,3005083648,14.11
140.874,751928,1580264,0,2332192,8574868,189,3005083648,14.11
140.975,751928,1580264,0,2332192,8574868,189,3005083648,14.11
141.075,751928,1580264,0,2332192,8574868,189,3005083648,14.11
141.175,751928,1580264,0,2332192,8574868,189,3005083648,14.11
141.276,751928,1580264,0,2332192,8574868,189,3005083648,14.11
141.376,751928,1580264,0,2332192,8574868,189,3005083648,14.11
141.477,751928,1580264,0,2332192,8574868,189,3005083648,14.11
141.577,751928,1580264,0,2332192,8574868,189,3005083648,14.11
141.677,751928,1580264,0,2332192,8574868,189,3005083648,14.11
141.778,751928,1580264,0,2332192,8574868,189,3005083648,14.11
141.878,751928,1580264,0,2332192,8574868,189,3005083648,14.11
141.978,751928,1580264,0,2332192,8574868,189,3005083648,14.11
142.079,751928,1580264,0,2332192,8574868,189,3005083648,14.11
142.179,751928,1580264,0,2332192,8574868,189,3005083648,14.11
142.279,751928,1580264,0,2332192,8574868,189,3005083648,14.11
142.380,751928,1580264,0,2332192,8574868,189,3005083648,14.11
142.480,751928,1580264,0,2332192,8574868,189,3005083648,14.11
142.580,751928,1580264,0,2332192,8574868,189,3005083648,14.11
142.681,751928,1580264,0,2332192,8574868,189,3005083648,13.91
142.781,751928,1580264,0,2332192,8574868,189,3005083648,13.91
142.881,751928,1580264,0,2332192,8574868,189,3005083648,13.91
142.982,751928,1580264,0,2332192,8574868,189,3005083648,13.91
143.082,751928,1580264,0,2332192,8574868,189,3005083648,13.91
143.183,751928,1580264,0,2332192,8574868,189,3005083648,13.91
143.283,751928,1580264,0,2332192,8574868,189,3005083648,13.91
143.383,751928,1580264,0,2332192,8574868,189,3005083648,13.91
143.484,751928,1580264,0,2332192,8574868,189,3005083648,13.91
143.584,751928,1580264,0,2332192,8574868,189,3005083648,13.91
143.684,751928,1580264,0,2332192,8574868,189,3005083648,13.91
143.785,751928,1580264,0,2332192,8574868,189,3005083648,13.91
143.885,751928,1580264,0,2332192,8574868,189,3005083648,13.91
143.985,751928,1580264,0,2332192,8574868,189,3005083648,13.91
144.086,751928,1580264,0,2332192,8574868,189,3005083648,13.91
144.186,751928,1580264,0,2332192,8574868,189,3005083648,13.91
144.287,751928,1580264,0,2332192,8574868,189,3005083648,13.91
144.387,751928,1580264,0,2332192,8574868,189,3005083648,13.91
144.487,751928,1580264,0,2332192,8574868,189,3005083648,13.91
144.588,751928,1580264,0,2332192,8574868,189,3005083648,14.47
144.688,751928,1580264,0,2332192,8574868,189,3005083648,14.47
144.788,751928,1580264,0,2332192,8574868,189,3005083648,14.47
144.889,751928,1580264,0,2332192,8574868,189,3005083648,14.47
144.989,751928,1580264,0,2332192,8574868,189,3005083648,14.47
145.089,751928,1580264,0,2332192,8574868,189,3005083648,14.47
145.190,751928,1580264,0,2332192,8574868,189,3005083648,14.47
145.290,751928,1580264,0,2332192,8574868,189,3005083648,14.47
145.390,751928,1580264,0,2332192,8574868,189,3005083648,14.47
145.491,751928,1580264,0,2332192,8574868,189,3005083648,14.47
145.591,751928,1580264,0,2332192,8574868,189,3005083648,14.47
145.691,751928,1580264,0,2332192,8574868,189,3005083648,14.47
145.792,751928,1580264,0,2332192,8574868,189,3005083648,14.47
145.892,751928,1580264,0,2332192,8574868,189,3005083648,14.47
145.992,751928,1580264,0,2332192,8574868,189,3005083648,14.47
146.093,751928,1580264,0,2332192,8574868,189,3005083648,14.47
146.193,751928,1580264,0,2332192,8574868,189,3005083648,14.47
146.293,751928,1580264,0,2332192,8574868,189,3005083648,14.47
146.394,751928,1580264,0,2332192,8574868,189,3005083648,14.47
146.494,751928,1580264,0,2332192,8574868,189,3005083648,14.47
146.595,751928,1580264,0,2332192,8574868,189,3005083648,12.93
146.695,751928,1580264,0,2332192,8574868,189,3005083648,12.93
146.795,751928,1580264,0,2332192,8574868,189,3005083648,12.93
146.896,751928,1580264,0,2332192,8574868,189,3005083648,12.93
146.996,751928,1580264,0,2332192,8574868,189,3005083648,12.93
147.096,751928,1580264,0,2332192,8574868,189,3005083648,12.93
147.197,751928,1580264,0,2332192,8574868,189,3005083648,12.93
147.297,751928,1580264,0,2332192,8574868,189,3005083648,12.93
147.397,751928,1580264,0,2332192,8574868,189,3005083648,12.93
147.498,751928,1580264,0,2332192,8574868,189,3005083648,12.93
147.598,751928,1580264,0,2332192,8574868,189,3005083648,12.93
147.699,751928,1580264,0,2332192,8574868,189,3005083648,12.93
147.799,751928,1580264,0,2332192,8574868,189,3005083648,12.93
147.899,751928,1580264,0,2332192,8574868,189,3005083648,12.93
148.000,751928,1580264,0,2332192,8574868,189,3005083648,12.93
148.100,751928,1580264,0,2332192,8574868,189,3005083648,12.93
148.200,751928,1580264,0,2332192,8574868,189,3005083648,12.93
148.301,751928,1580264,0,2332192,8574868,189,3005083648,12.93
148.401,751928,1580264,0,2332192,8574868,189,3005083648,12.93
148.501,751928,1580264,0,2332192,8574868,189,3005083648,14.21
148.602,751928,1580264,0,2332192,8574868,189,3005083648,14.21
148.702,751928,1580264,0,2332192,8574868,189,3005083648,14.21
148.802,751928,1580264,0,2332192,8574868,189,3005083648,14.21
148.903,751928,1580264,0,2332192,8574868,189,3005083648,14.21
149.003,751928,1580264,0,2332192,8574868,189,3005083648,14.21
149.103,751928,1580264,0,2332192,8574868,189,3005083648,14.21
149.204,751928,1580264,0,2332192,8574868,189,3005083648,14.21
149.304,751928,1580264,0,2332192,8574868,189,3005083648,14.21
149.404,751928,1580264,0,2332192,8574868,189,3005083648,14.21
149.505,751928,1580264,0,2332192,8574868,189,3005083648,14.21
149.605,751928,1580264,0,2332192,8574868,189,3005083648,14.21
149.705,751928,1580264,0,2332192,8574868,189,3005083648,14.21
149.806,751928,1580264,0,2332192,8574868,189,3005083648,14.21
149.906,751928,1580264,0,2332192,8574868,189,3005083648,14.21
150.007,751928,1580264,0,2332192,8574868,189,3005083648,14.21
150.107,751928,1580264,0,2332192,8574868,189,3005083648,14.21
150.207,751928,1580264,0,2332192,8574868,189,3005083648,14.21
150.308,751928,1580264,0,2332192,8574868,189,3005083648,14.21
150.408,751928,1580264,0,2332192,8574868,189,3005083648,15.44
150.508,751928,1580264,0,2332192,8574868,189,3005083648,15.44
150.609,751928,1580264,0,2332192,8574868,189,3005083648,15.44
150.709,751928,1580264,0,2332192,8574868,189,3005083648,15.44
150.809,751928,1580264,0,2332192,8574868,189,3005083648,15.44
150.910,751928,1580264,0,2332192,8574868,189,3005083648,15.44
151.010,751928,1580264,0,2332192,8574868,189,3005083648,15.44
151.110,751928,1580264,0,2332192,8574868,189,3005083648,15.44
151.211,751928,1580264,0,2332192,8574868,189,3005083648,15.44
151.311,751928,1580264,0,2332192,8574868,189,3005083648,15.44
151.412,751928,1580264,0,2332192,8574868,189,3005083648,15.44
151.512,751928,1580264,0,2332192,8574868,189,3005083648,15.44
151.612,751928,1580264,0,2332192,8574868,189,3005083648,15.44
151.713,751928,1580264,0,2332192,8574868,189,3005083648,15.44
151.813,751928,1580264,0,2332192,8574868,189,3005083648,15.44
151.913,751928,1580264,0,2332192,8574868,189,3005083648,15.44
152.014,751928,1580264,0,2332192,8574868,189,3005083648,15.44
152.114,751928,1580264,0,2332192,8574868,189,3005083648,15.44
152.214,751928,1580264,0,2332192,8574868,189,3005083648,15.44
152.315,751928,1580264,0,2332192,8574868,189,3005083648,15.44
152.415,751928,1580264,0,2332192,8574868,189,3005083648,16.45
152.516,751928,1580264,0,2332192,8574868,189,3005083648,16.45
152.616,751928,1580264,0,2332192,8574868,189,3005083648,16.45
152.716,751928,1580264,0,2332192,8574868,189,3005083648,16.45
152.816,751928,1580264,0,2332192,8574868,189,3005091840,16.45
152.917,751928,1580264,0,2332192,8574868,189,3005108224,16.45
153.017,752296,1580264,0,2332560,8574868,189,3005108224,16.45
153.118,752296,1580264,0,2332560,8574868,189,3005108224,16.45
153.218,752296,1580264,0,2332560,8574868,189,3005108224,16.45
153.318,752296,1580264,0,2332560,8574868,189,3005108224,16.45
153.419,752296,1580264,0,2332560,8574868,189,3005108224,16.45
153.519,752296,1580264,0,2332560,8574868,189,3005108224,16.45
153.619,752296,1580264,0,2332560,8574868,189,3005108224,16.45
153.720,752296,1580264,0,2332560,8574868,189,3005108224,16.45
153.820,752296,1580264,0,2332560,8574868,189,3005108224,16.45
153.920,752296,1580264,0,2332560,8574868,189,3005108224,16.45
154.021,752296,1580264,0,2332560,8574868,189,3005108224,16.45
154.121,752296,1580264,0,2332560,8574868,189,3005108224,16.45
154.221,752296,1580264,0,2332560,8574868,189,3005108224,16.45
154.322,752296,1580264,0,2332560,8574868,189,3005108224,15.64
154.422,752296,1580264,0,2332560,8574868,189,3005108224,15.64
154.523,752296,1580264,0,2332560,8574868,189,3005108224,15.64
154.623,752296,1580264,0,2332560,8574868,189,3005108224,15.64
154.723,752296,1580264,0,2332560,8574868,189,3005108224,15.64
154.824,752296,1580264,0,2332560,8574868,189,3005108224,15.64
154.924,752296,1580264,0,2332560,8574868,189,3005108224,15.64
155.024,752296,1580264,0,2332560,8574868,189,3005108224,15.64
155.125,752296,1580264,0,2332560,8574868,189,3005108224,15.64
155.225,752296,1580264,0,2332560,8574868,189,3005108224,15.64
155.326,752296,1580264,0,2332560,8574868,189,3005108224,15.64
155.426,752296,1580264,0,2332560,8574868,189,3005108224,15.64
155.526,752296,1580264,0,2332560,8574868,189,3005108224,15.64
155.627,752296,1580264,0,2332560,8574868,189,3005108224,15.64
155.727,752296,1580264,0,2332560,8574868,189,3005108224,15.64
155.827,752296,1580264,0,2332560,8574868,189,3005108224,15.64
155.928,752296,1580264,0,2332560,8574868,189,3005108224,15.64
156.028,752296,1580264,0,2332560,8574868,189,3005108224,15.64
156.128,752296,1580264,0,2332560,8574868,189,3005108224,15.64
156.229,752296,1580264,0,2332560,8574868,189,3005108224,15.64
156.329,752296,1580264,0,2332560,8574868,189,3005108224,15.16
156.430,752296,1580264,0,2332560,8574868,189,3005108224,15.16
156.530,752296,1580264,0,2332560,8574868,189,3005108224,15.16
156.630,752296,1580264,0,2332560,8574868,189,3005108224,15.16
156.731,752296,1580264,0,2332560,8574868,189,3005108224,15.16
156.831,752296,1580264,0,2332560,8574868,189,3005108224,15.16
156.931,752296,1580264,0,2332560,8574868,189,3005108224,15.16
157.032,752296,1580264,0,2332560,8574868,189,3005108224,15.16
157.132,752296,1580264,0,2332560,8574868,189,3005108224,15.16
157.232,752296,1580264,0,2332560,8574868,189,3005108224,15.16
157.333,752296,1580264,0,2332560,8574868,189,3005108224,15.16
157.433,752296,1580264,0,2332560,8574868,189,3005108224,15.16
157.533,752296,1580264,0,2332560,8574868,189,3005108224,15.16
157.634,752296,1580264,0,2332560,8574868,189,3005108224,15.16
157.734,752296,1580264,0,2332560,8574868,189,3005108224,15.16
157.834,752296,1580264,0,2332560,8574868,189,3005108224,15.16
157.935,752296,1580264,0,2332560,8574868,189,3005108224,15.16
158.035,752296,1580264,0,2332560,8574868,189,3005108224,15.16
158.136,752296,1580264,0,2332560,8574868,189,3005108224,15.16
158.236,752296,1580264,0,2332560,8574868,189,3005108224,15.67
158.336,752296,1580264,0,2332560,8574868,189,3005108224,15.67
158.437,752296,1580264,0,2332560,8574868,189,3005108224,15.67
158.537,752296,1580264,0,2332560,8574868,189,3005108224,15.67
158.637,752296,1580264,0,2332560,8574868,189,3005108224,15.67
158.738,752296,1580264,0,2332560,8574868,189,3005108224,15.67
158.838,752296,1580264,0,2332560,8574868,189,3005108224,15.67
158.939,752296,1580264,0,2332560,8574868,189,3005108224,15.67
159.039,752296,1580264,0,2332560,8574868,189,3005108224,15.67
159.139,752296,1580264,0,2332560,8574868,189,3005108224,15.67
159.240,752296,1580264,0,2332560,8574868,189,3005108224,15.67
159.340,752296,1580264,0,2332560,8574868,189,3005108224,15.67
159.440,752296,1580264,0,2332560,8574868,189,3005108224,15.67
159.541,752296,1580264,0,2332560,8574868,189,3005108224,15.67
159.641,752296,1580264,0,2332560,8574868,189,3005108224,15.67
159.742,752296,1580264,0,2332560,8574868,189,3005108224,15.67
159.842,752296,1580392,0,2332688,8574868,189,3005108224,15.67
159.942,752296,1580392,0,2332688,8574868,189,3005108224,15.67
160.043,752296,1580392,0,2332688,8574868,189,3005108224,15.67
160.143,752296,1580392,0,2332688,8574868,189,3005108224,12.83
160.243,752296,1580392,0,2332688,8574868,189,3005108224,12.83
160.344,752296,1580392,0,2332688,8574868,189,3005108224,12.83
160.444,752296,1580392,0,2332688,8574868,189,3005108224,12.83
160.544,752296,1580392,0,2332688,8574868,189,3005108224,12.83
160.645,752296,1580392,0,2332688,8574868,189,3005108224,12.83
160.745,752296,1580392,0,2332688,8574868,189,3005108224,12.83
160.845,752296,1580392,0,2332688,8574868,189,3005108224,12.83
160.946,752296,1580392,0,2332688,8574868,189,3005108224,12.83
161.046,767100,1580392,0,2347492,8574868,189,3005108224,12.83
161.147,799772,1580392,0,2380164,8574868,189,3005108224,12.83
161.247,814416,1580392,0,2394808,8574868,189,3005108224,12.83
161.347,828764,1580392,0,2409156,8574868,189,3005108224,12.83
161.448,852220,1580392,0,2432612,8574868,189,3005108224,12.83
161.548,852220,1580392,0,2432612,8574868,189,3005108224,12.83
161.648,870220,1580392,0,2450612,8574868,189,3005108224,12.83
161.749,908504,1580392,0,2488896,8574868,189,3005108224,12.83
161.849,909960,1580392,0,2490352,8574868,189,3005108224,12.83
161.950,929432,1580392,0,2509824,8574868,189,3005108224,12.83
162.050,950792,1580392,0,2531184,8574868,189,3005108224,12.83
162.150,975408,1580392,0,2555800,8574868,189,3005108224,13.77
162.251,1000216,1580392,0,2580608,8574868,189,3005108224,13.77
162.351,1014132,1580392,0,2594524,8574868,189,3005108224,13.77
162.451,1048840,1580392,0,2629232,8574868,189,3005108224,13.77
162.552,1054088,1580392,0,2634480,8574868,189,3005108224,13.77
162.652,1071684,1580392,0,2652076,8574868,189,3005108224,13.77
162.752,1096448,1580392,0,2676840,8574868,189,3005108224,13.77
162.853,1122512,1580392,0,2702904,8574868,189,3005108224,13.77
162.953,1141372,1580392,0,2721764,8574868,189,3005108224,13.77
163.053,1173428,1580392,0,2753820,8574868,189,3005108224,13.77
163.154,1189684,1580392,0,2770076,8574868,189,3005108224,13.77
163.254,1290560,1580392,0,2870952,8574868,189,3005108224,13.77
163.355,1391092,1580392,0,2971484,8574868,189,3005108224,13.77
163.455,1496692,1580392,0,3077084,8574868,189,3005108224,13.77
163.555,1599544,1580392,0,3179936,8574868,189,3005108224,13.77
163.656,1702960,1580392,0,3283352,8574868,189,3005108224,13.77
163.756,1704504,1580392,0,3284896,8574868,189,3005108224,13.77
163.856,1704504,1580392,0,3284896,8574868,189,3005108224,13.77
163.957,1704504,1580392,0,3284896,8574868,189,3005108224,13.77
164.057,1704504,1596648,0,3301152,8574868,189,3005108224,14.9
164.157,1704504,1596648,0,3301152,8574868,189,3005108224,14.9
164.258,1704504,1596648,0,3301152,8574868,189,3005108224,14.9
164.358,1704504,1596648,0,3301152,8574868,189,3005108224,14.9
164.458,1704504,1596648,0,3301152,8574868,189,3005108224,14.9
164.559,1704504,1596648,0,3301152,8574868,189,3005108224,14.9
164.659,1704504,1596648,0,3301152,8574868,189,3005112320,14.9
164.760,1704504,1630184,0,3334688,8574868,189,3005112320,14.9
164.860,1704504,1716840,0,3421344,8574868,189,3005112320,14.9
164.960,1704504,1845032,0,3549536,8574868,189,3005112320,14.9
165.061,1704504,1959528,0,3664032,8574868,189,3005112320,14.9
165.161,1704504,2051432,0,3755936,8574868,189,3005112320,14.9
165.261,1704504,2111928,0,3816432,8574868,191,3005124608,14.9
165.362,1626376,2111992,0,3738368,8574868,191,3005124608,14.9
165.462,1626376,2111992,0,3738368,8574868,191,3005124608,14.9
165.562,1626376,2111992,0,3738368,8574868,191,3005132800,14.9
165.665,1663240,1658836,0,3322076,8574868,191,3005132800,14.9
165.765,1692472,1659260,0,3351732,8574868,191,3005132800,14.9
165.866,1712892,1659260,0,3372152,8574868,191,3005132800,14.9
165.966,1739616,1659260,0,3398876,8574868,191,3005132800,14.9
166.066,1773024,1659260,0,3432284,8574868,191,3005132800,12.74
166.167,1790716,1659260,0,3449976,8574868,191,3005132800,12.74
166.267,1794716,1659260,0,3453976,8574868,191,3005132800,12.74
166.369,1795136,1659260,0,3454396,8574868,191,3005132800,12.74
166.469,1796744,1659260,0,3456004,8574868,191,3005132800,12.74
166.570,1801220,1659260,0,3460480,8574868,191,3005132800,12.74
166.670,1809560,1659260,0,3468820,8574868,191,3005132800,12.74
166.770,1811536,1659260,0,3470796,8574868,191,3005132800,12.74
166.873,1815448,1659260,0,3474708,8574868,191,3005132800,12.74
166.973,1819552,1659260,0,3478812,8574868,191,3005132800,12.74
167.074,1824852,1659260,0,3484112,8574868,191,3005132800,12.74
167.174,1824868,1659260,0,3484128,8574868,191,3005132800,12.74
167.274,1825216,1659260,0,3484476,8574868,191,3005132800,12.74
167.374,1825220,1659260,0,3484480,8574868,191,3005132800,12.74
167.477,1825252,1659260,0,3484512,8574868,191,3005132800,12.74
167.577,1825508,1659892,0,3485400,8574868,192,3006144512,12.74
167.678,1825520,1659892,0,3485412,8574868,192,3006144512,12.74
167.778,1825520,1659892,0,3485412,8574868,192,3006144512,12.74
167.878,1825524,1659892,0,3485416,8574868,192,3006144512,12.74
167.979,1825524,1659892,0,3485416,8574868,192,3006144512,10.43
168.079,1825524,1659892,0,3485416,8574868,192,3006144512,10.43
168.181,1826128,1659892,0,3486020,8574868,192,3006144512,10.43
168.281,1826264,1659892,0,3486156,8574868,192,3006144512,10.43
168.382,1826264,1660020,0,3486284,8574868,192,3006144512,10.43
168.482,1826984,1660020,0,3487004,8574868,192,3006144512,10.43
168.583,1826984,1660020,0,3487004,8574868,192,3006144512,10.43
168.685,1830992,1660020,0,3491012,8574868,192,3006144512,10.43
168.785,1832260,1660020,0,3492280,8574868,192,3006144512,10.43
168.886,1833716,1660020,0,3493736,8574868,192,3006144512,10.43
168.989,1834500,1660020,0,3494520,8574868,192,3006144512,10.43
169.089,1834500,1660212,0,3494712,8574868,192,3006148608,10.43
169.190,1834500,1660212,0,3494712,8574868,192,3006148608,10.43
169.290,1834552,1660212,0,3494764,8574868,192,3006148608,10.43
169.390,1834556,1660212,0,3494768,8574868,192,3006148608,10.43
169.491,1834860,1660212,0,3495072,8574868,192,3006148608,10.43
169.593,1838516,1660212,0,3498728,8574868,192,3006148608,10.43
169.693,1839196,1660212,0,3499408,8574868,192,3006148608,10.43
169.794,1842628,1660212,0,3502840,8574868,192,3006148608,10.43
169.894,1843028,1660212,0,3503240,8574868,192,3006148608,8.54
169.994,1843028,1660404,0,3503432,8574868,192,3006148608,8.54
170.095,1844204,1660404,0,3504608,8574868,192,3006148608,8.54
170.195,1845168,1660404,0,3505572,8574868,192,3006148608,8.54
170.295,1845168,1660404,0,3505572,8574868,192,3006148608,8.54
170.396,1845168,1660404,0,3505572,8574868,192,3006148608,8.54
170.496,1845168,1660404,0,3505572,8574868,192,3006148608,8.54
170.596,1845168,1660404,0,3505572,8574868,192,3006148608,8.54
170.697,1845168,1660404,0,3505572,8574868,192,3006148608,8.54
170.797,1845168,1660404,0,3505572,8574868,192,3006148608,8.54
170.897,1845168,1660404,0,3505572,8574868,192,3006148608,8.54
170.998,1845168,1660404,0,3505572,8574868,192,3006148608,8.54
171.098,1845168,1660404,0,3505572,8574868,192,3006148608,8.54
171.198,1845168,1660404,0,3505572,8574868,192,3006148608,8.54
171.299,1845168,1660404,0,3505572,8574868,192,3006148608,8.54
171.399,1845168,1660404,0,3505572,8574868,192,3006148608,8.54
171.499,1845168,1660404,0,3505572,8574868,192,3006148608,8.54
171.600,1845168,1660404,0,3505572,8574868,192,3006148608,8.54
171.700,1845168,1660404,0,3505572,8574868,192,3006148608,8.54
171.800,1845168,1660404,0,3505572,8574868,192,3006148608,8.54
171.901,1845168,1660404,0,3505572,8574868,192,3006148608,8.62
172.001,1845168,1660404,0,3505572,8574868,192,3006148608,8.62
172.101,1845168,1660404,0,3505572,8574868,192,3006148608,8.62
172.202,1845168,1660404,0,3505572,8574868,192,3006148608,8.62
172.302,1845168,1660404,0,3505572,8574868,192,3006148608,8.62
172.403,1845168,1660404,0,3505572,8574868,192,3006148608,8.62
172.503,1845168,1660404,0,3505572,8574868,192,3006148608,8.62
172.603,1845168,1660404,0,3505572,8574868,192,3006148608,8.62
172.704,1845168,1660404,0,3505572,8574868,192,3006148608,8.62
172.804,1845168,1660404,0,3505572,8574868,192,3006148608,8.62
172.904,1845168,1660404,0,3505572,8574868,192,3006148608,8.62
173.004,1845168,1660404,0,3505572,8574868,192,3006148608,8.62
173.105,1845168,1660404,0,3505572,8574868,192,3006148608,8.62
173.205,1845168,1660404,0,3505572,8574868,192,3006148608,8.62
173.305,1845168,1660404,0,3505572,8574868,192,3006148608,8.62
173.406,1845168,1660404,0,3505572,8574868,192,3006148608,8.62
173.506,1845168,1660404,0,3505572,8574868,192,3006148608,8.62
173.606,1845168,1660404,0,3505572,8574868,192,3006148608,8.62
173.707,1845168,1660404,0,3505572,8574868,192,3006148608,8.62
173.807,1845168,1660404,0,3505572,8574868,192,3006148608,9.42
173.907,1845168,1660404,0,3505572,8574868,192,3006148608,9.42
174.008,1845168,1660404,0,3505572,8574868,192,3006148608,9.42
174.108,1845168,1660404,0,3505572,8574868,192,3006148608,9.42
174.208,1845168,1660404,0,3505572,8574868,192,3006148608,9.42
174.309,1845168,1660404,0,3505572,8574868,192,3006148608,9.42
174.409,1845168,1660404,0,3505572,8574868,192,3006148608,9.42
174.510,1845168,1660404,0,3505572,8574868,192,3006148608,9.42
174.610,1845168,1660404,0,3505572,8574868,192,3006148608,9.42
174.710,1845168,1660404,0,3505572,8574868,192,3006148608,9.42
174.811,1845168,1660404,0,3505572,8574868,192,3006148608,9.42
174.911,1845168,1660404,0,3505572,8574868,192,3006148608,9.42
175.011,1845168,1660404,0,3505572,8574868,192,3006148608,9.42
175.112,1845168,1660404,0,3505572,8574868,192,3006148608,9.42
175.212,1845168,1660404,0,3505572,8574868,192,3006148608,9.42
175.312,1845168,1660404,0,3505572,8574868,192,3006148608,9.42
175.413,1845168,1660404,0,3505572,8574868,192,3006148608,9.42
175.513,1845168,1660404,0,3505572,8574868,192,3006148608,9.42
175.613,1845168,1660404,0,3505572,8574868,192,3006148608,9.42
175.714,1845168,1660404,0,3505572,8574868,192,3006148608,11.33
175.814,1845168,1660404,0,3505572,8574868,192,3006148608,11.33
175.914,1845168,1660404,0,3505572,8574868,192,3006148608,11.33
176.015,1845168,1660404,0,3505572,8574868,192,3006148608,11.33
176.115,1845168,1660404,0,3505572,8574868,192,3006148608,11.33
176.215,1845168,1660404,0,3505572,8574868,192,3006148608,11.33
176.315,1845168,1660404,0,3505572,8574868,192,3006148608,11.33
176.416,1845168,1660404,0,3505572,8574868,192,3006148608,11.33
176.516,1845168,1660404,0,3505572,8574868,192,3006148608,11.33
176.617,1845168,1660404,0,3505572,8574868,192,3006148608,11.33
176.717,1845168,1660404,0,3505572,8574868,192,3006148608,11.33
176.817,1845168,1660404,0,3505572,8574868,192,3006148608,11.33
176.918,1845168,1660404,0,3505572,8574868,192,3006148608,11.33
177.018,1845168,1660404,0,3505572,8574868,192,3006148608,11.33
177.118,1845168,1660404,0,3505572,8574868,192,3006148608,11.33
177.218,1845168,1660404,0,3505572,8574868,192,3006148608,11.33
177.319,1845168,1660404,0,3505572,8574868,192,3006148608,11.33
177.419,1845168,1660404,0,3505572,8574868,192,3006148608,11.33
177.519,1845168,1660404,0,3505572,8574868,192,3006148608,11.33
177.620,1845168,1660404,0,3505572,8574868,192,3006148608,11.33
177.720,1845168,1660404,0,3505572,8574868,192,3006148608,9.64
177.820,1845168,1660404,0,3505572,8574868,192,3006148608,9.64
177.921,1845168,1660404,0,3505572,8574868,192,3006148608,9.64
178.021,1845168,1660404,0,3505572,8574868,192,3006148608,9.64
178.121,1845168,1660404,0,3505572,8574868,192,3006148608,9.64
178.222,1845168,1660404,0,3505572,8574868,192,3006148608,9.64
178.322,1845168,1660404,0,3505572,8574868,192,3006148608,9.64
178.422,1845168,1660404,0,3505572,8574868,192,3006148608,9.64
178.523,1845168,1660404,0,3505572,8574868,192,3006148608,9.64
178.623,1845168,1660404,0,3505572,8574868,192,3006148608,9.64
178.723,1845168,1660404,0,3505572,8574868,192,3006148608,9.64
178.824,1845168,1660404,0,3505572,8574868,192,3006148608,9.64
178.924,1845168,1660404,0,3505572,8574868,192,3006148608,9.64
179.024,1845168,1660404,0,3505572,8574868,192,3006148608,9.64
179.125,1845168,1660404,0,3505572,8574868,192,3006148608,9.64
179.225,1845168,1660404,0,3505572,8574868,192,3006148608,9.64
179.325,1845168,1660404,0,3505572,8574868,192,3006148608,9.64
179.426,1845168,1660404,0,3505572,8574868,192,3006148608,9.64
179.526,1845168,1660404,0,3505572,8574868,192,3006148608,9.64
179.626,1845168,1660404,0,3505572,8574868,192,3006148608,11.15
179.727,1845168,1660404,0,3505572,8574868,192,3006148608,11.15
179.827,1845168,1660404,0,3505572,8574868,192,3006148608,11.15
179.927,1845168,1660404,0,3505572,8574868,192,3006156800,11.15
180.028,1845168,1825524,0,3670692,8574868,192,3006156800,11.15
180.128,1845168,1660404,0,3505572,8574868,192,3006156800,11.15
180.228,1845168,1615204,0,3460372,8574868,192,3006156800,11.15
180.329,1845168,1615204,0,3460372,8574868,192,3006156800,11.15
180.430,1845168,1615204,0,3460372,8574868,192,3006156800,11.15
180.530,1845168,1615204,0,3460372,8574868,192,3006156800,11.15
180.630,1845168,1615204,0,3460372,8574868,192,3006156800,11.15
180.731,1845168,1615204,0,3460372,8574868,192,3006156800,11.15
180.831,1845168,1615204,0,3460372,8574868,192,3006156800,11.15
180.931,1845168,1615204,0,3460372,8574868,192,3006156800,11.15
181.032,1845168,1615204,0,3460372,8574868,192,3006156800,11.15
181.137,1845168,1615204,0,3460372,8574868,192,3006156800,11.15
181.240,1845168,1615204,0,3460372,8574868,192,3006156800,11.15
181.340,1845168,1615204,0,3460372,8574868,192,3006156800,11.15
181.440,1845168,1615204,0,3460372,8574868,192,3006156800,11.15
181.541,1845168,1615204,0,3460372,8574868,192,3006156800,11.15
181.641,1845168,1615204,0,3460372,8574868,192,3006156800,9.49
181.742,1845168,1615204,0,3460372,8574868,192,3006156800,9.49
181.842,1845168,1615204,0,3460372,8574868,192,3006156800,9.49
181.942,1845168,1615204,0,3460372,8574868,192,3006156800,9.49
182.042,1845168,1615204,0,3460372,8574868,192,3006156800,9.49
182.143,1845168,1615204,0,3460372,8574868,192,3006156800,9.49
182.243,1845168,1615204,0,3460372,8574868,192,3006156800,9.49
182.344,1845168,1615204,0,3460372,8574868,192,3006156800,9.49
182.444,1845168,1615204,0,3460372,8574868,192,3006156800,9.49
182.544,1845168,1615204,0,3460372,8574868,192,3006156800,9.49
182.644,1845168,1615204,0,3460372,8574868,192,3006156800,9.49
182.745,1845168,1615204,0,3460372,8574868,192,3006156800,9.49
182.845,1845168,1615204,0,3460372,8574868,192,3006156800,9.49
182.945,1845168,1615204,0,3460372,8574868,192,3006156800,9.49
183.046,1845168,1615204,0,3460372,8574868,192,3006156800,9.49
183.146,1845168,1615204,0,3460372,8574868,192,3006156800,9.49
183.246,1845168,1615204,0,3460372,8574868,192,3006156800,9.49
183.347,1845168,1615204,0,3460372,8574868,192,3006156800,9.49
183.447,1845168,1615204,0,3460372,8574868,192,3006156800,9.49
183.547,1845168,1615204,0,3460372,8574868,192,3006156800,9.22
183.648,1845168,1615204,0,3460372,8574868,192,3006156800,9.22
183.748,1845168,1615204,0,3460372,8574868,192,3006156800,9.22
183.848,1845168,1615204,0,3460372,8574868,192,3006156800,9.22
183.948,1845168,1615204,0,3460372,8574868,192,3006156800,9.22
184.049,1845168,1615204,0,3460372,8574868,192,3006156800,9.22
184.149,1845168,1615204,0,3460372,8574868,192,3006156800,9.22
184.250,1845168,1615204,0,3460372,8574868,192,3006156800,9.22
184.350,1845168,1615204,0,3460372,8574868,192,3006156800,9.22
184.450,1845168,1615204,0,3460372,8574868,192,3006156800,9.22
184.551,1845168,1615204,0,3460372,8574868,192,3006156800,9.22
184.651,1845168,1615204,0,3460372,8574868,192,3006156800,9.22
184.751,1845168,1615204,0,3460372,8574868,192,3006156800,9.22
184.852,1845168,1615204,0,3460372,8574868,192,3006156800,9.22
184.952,1845168,1615204,0,3460372,8574868,192,3006156800,9.22
185.052,1845168,1615204,0,3460372,8574868,192,3006156800,9.22
185.152,1845168,1615204,0,3460372,8574868,192,3006156800,9.22
185.253,1845168,1615204,0,3460372,8574868,192,3006156800,9.22
185.353,1845168,1615204,0,3460372,8574868,192,3006156800,9.22
185.453,1845168,1615204,0,3460372,8574868,192,3006156800,11.36
185.554,1845168,1615204,0,3460372,8574868,192,3006156800,11.36
185.654,1845168,1615204,0,3460372,8574868,192,3006156800,11.36
185.754,1845168,1615204,0,3460372,8574868,192,3006156800,11.36
185.855,1845168,1615204,0,3460372,8574868,192,3006156800,11.36
185.955,1845168,1693988,0,3539156,8574868,192,3006160896,11.36
186.057,1845168,1028468,0,2873636,8574868,192,3006160896,11.36
186.157,1845168,1028468,0,2873636,8574868,192,3006160896,11.36
186.258,1845168,1028468,0,2873636,8574868,192,3006160896,11.36
186.361,1845168,1028468,0,2873636,8574868,192,3006160896,11.36
186.461,1845168,1028468,0,2873636,8574868,192,3006160896,11.36
186.562,1845168,1028468,0,2873636,8574868,192,3006160896,11.36
186.662,1845168,1028468,0,2873636,8574868,192,3006160896,11.36
186.765,1845268,1028468,0,2873736,8574868,192,3006160896,11.36
186.865,1845332,1028468,0,2873800,8574868,192,3006160896,11.36
186.966,1846292,1028468,0,2874760,8574868,192,3006160896,11.36
187.066,1849620,1028468,0,2878088,8574868,192,3006160896,11.36
187.167,1855216,1028684,0,2883900,8574868,192,3006160896,11.36
187.267,1863728,1028684,0,2892412,8574868,192,3006160896,11.36
187.369,1872572,1028684,0,2901256,8574868,192,3006160896,11.36
187.469,1883020,1028684,0,2911704,8574868,192,3006160896,10.93
187.570,1894012,1028684,0,2922696,8574868,192,3006160896,10.93
187.673,1907948,1028692,0,2936640,8574868,192,3006160896,10.93
187.773,1929360,1028692,0,2958052,8574868,192,3006160896,10.93
187.877,1947888,1028692,0,2976580,8574868,192,3006160896,10.93
187.977,1963800,1028692,0,2992492,8574868,192,3006160896,10.93
188.078,1990604,1028756,0,3019360,8574868,192,3006160896,10.93
188.178,2008824,1028756,0,3037580,8574868,192,3006160896,10.93
188.279,2026240,1028756,0,3054996,8574868,192,3006160896,10.93
188.380,2033400,1028756,0,3062156,8574868,192,3006160896,10.93
188.480,2041932,1028756,0,3070688,8574868,192,3006160896,10.93
188.580,2082604,1028756,0,3111360,8574868,192,3006160896,10.93
188.681,2101196,1028756,0,3129952,8574868,192,3006160896,10.93
188.781,2129348,1028756,0,3158104,8574868,192,3006160896,10.93
188.882,2136340,1028756,0,3165096,8574868,192,3006160896,10.93
188.989,2143064,1028756,0,3171820,8574868,192,3006160896,10.93
189.089,2150512,1028756,0,3179268,8574868,192,3006160896,10.93
189.190,2159836,1028756,0,3188592,8574868,192,3006160896,10.93
189.290,2171204,1028756,0,3199960,8574868,192,3006160896,10.93
189.390,2181900,1028756,0,3210656,8574868,192,3006160896,8.95
189.491,2192972,1028756,0,3221728,8574868,192,3006160896,8.95
189.591,2202212,1028756,0,3230968,8574868,192,3006160896,8.95
189.692,2211820,1028756,0,3240576,8574868,192,3006160896,8.95
189.792,2221304,1028756,0,3250060,8574868,192,3006160896,8.95
189.893,2232588,1028756,0,3261344,8574868,192,3006160896,8.95
189.993,2243348,1028820,0,3272168,8574868,192,3006160896,8.95
190.093,2248428,1028820,0,3277248,8574868,192,3006160896,8.95
190.194,2257360,1028820,0,3286180,8574868,192,3006160896,8.95
190.297,2263416,1028820,0,3292236,8574868,192,3006164992,8.95
190.397,2269864,1028820,0,3298684,8574868,192,3006164992,8.95
190.498,2278228,1028820,0,3307048,8574868,192,3006164992,8.95
190.598,2283384,1028820,0,3312204,8574868,192,3006164992,8.95
190.698,2284068,1028820,0,3312888,8574868,192,3006164992,8.95
190.803,2289604,1028820,0,3318424,8574868,192,3006164992,8.95
190.903,2297940,1028820,0,3326760,8574868,192,3006164992,8.95
191.004,2302372,1028820,0,3331192,8574868,192,3006164992,8.95
191.104,2298512,1028820,0,3327332,8574868,192,3006164992,8.95
191.204,2305552,1028820,0,3334372,8574868,192,3006164992,8.95
191.304,2310704,1028820,0,3339524,8574868,192,3006164992,7.32
191.405,2314560,1028820,0,3343380,8574868,192,3006164992,7.32
191.505,2302264,1028820,0,3331084,8574868,192,3006164992,7.32
191.606,2295036,1028820,0,3323856,8574868,192,3006164992,7.32
191.709,2296212,1028820,0,3325032,8574868,192,3006164992,7.32
191.809,2289256,1028820,0,3318076,8574868,192,3006164992,7.32
191.910,2289732,1028820,0,3318552,8574868,192,3006164992,7.32
192.010,2289868,1028820,0,3318688,8574868,192,3006164992,7.32
192.110,2282764,1028820,0,3311584,8574868,192,3006164992,7.32
192.211,2282868,1028820,0,3311688,8574868,192,3006164992,7.32
192.311,2282952,1028820,0,3311772,8574868,192,3006164992,7.32
192.412,2283692,1028820,0,3312512,8574868,192,3006164992,7.32
192.512,2283800,1028820,0,3312620,8574868,192,3006164992,7.32
192.613,2283928,1028820,0,3312748,8574868,192,3006164992,7.32
192.713,2284084,1028820,0,3312904,8574868,192,3006164992,7.32
192.814,2284520,1028820,0,3313340,8574868,192,3006164992,7.32
192.917,2285120,1028820,0,3313940,8574868,192,3006164992,7.32
193.017,2285604,1028820,0,3314424,8574868,192,3006164992,7.32
193.118,2286140,1028820,0,3314960,8574868,192,3006164992,7.32
193.218,2286744,1028820,0,3315564,8574868,192,3006164992,7.32
193.321,2287428,1028820,0,3316248,8574868,192,3006164992,6.0
193.421,2288996,1028820,0,3317816,8574868,192,3006164992,6.0
193.522,2290820,1028820,0,3319640,8574868,192,3006164992,6.0
193.622,2293180,1028820,0,3322000,8574868,192,3006164992,6.0
193.722,2295108,1028820,0,3323928,8574868,192,3006164992,6.0
193.823,2298996,1028820,0,3327816,8574868,192,3006164992,6.0
193.923,2301700,1028820,0,3330520,8574868,192,3006164992,6.0
194.024,2303476,1028820,0,3332296,8574868,192,3006164992,6.0
194.124,2305064,1028820,0,3333884,8574868,192,3006164992,6.0
194.225,2306472,1028820,0,3335292,8574868,192,3006164992,6.0
194.326,2308104,1028820,0,3336924,8574868,192,3006164992,6.0
194.427,2311364,1028820,0,3340184,8574868,192,3006164992,6.0
194.528,2311772,1028820,0,3340592,8574868,192,3006164992,6.0
194.628,2307836,1028820,0,3336656,8574868,192,3006164992,6.0
194.728,2308608,1028820,0,3337428,8574868,192,3006164992,6.0
194.828,2309432,1028820,0,3338252,8574868,192,3006164992,6.0
194.929,2310256,1028820,0,3339076,8574868,192,3006164992,6.0
195.029,2311908,1028820,0,3340728,8574868,192,3006164992,6.0
195.129,2313608,1028820,0,3342428,8574868,192,3006164992,6.0
195.230,2315664,1028820,0,3344484,8574868,192,3006164992,4.91
195.330,2320496,1028820,0,3349316,8574868,192,3006164992,4.91
195.432,2322228,1028820,0,3351048,8574868,192,3006164992,4.91
195.533,2324092,1028820,0,3352912,8574868,192,3006164992,4.91
195.633,2320636,1028820,0,3349456,8574868,192,3006164992,4.91
195.734,2323568,1028820,0,3352388,8574868,192,3006164992,4.91
195.834,2327040,1028820,0,3355860,8574868,192,3006164992,4.91
195.934,2333852,1028820,0,3362672,8574868,192,3006164992,4.91
196.035,2338556,1028820,0,3367376,8574868,192,3006164992,4.91
196.136,2334580,1028820,0,3363400,8574868,192,3006164992,4.91
196.236,2338872,1028820,0,3367692,8574868,192,3006164992,4.91
196.337,2345808,1028820,0,3374628,8574868,192,3006164992,4.91
196.438,2350944,1028820,0,3379764,8574868,192,3006164992,4.91
196.539,2355452,1028820,0,3384272,8574868,192,3006164992,4.91
196.641,2348988,1028820,0,3377808,8574868,192,3006164992,4.91
196.741,2334152,1028820,0,3362972,8574868,192,3006164992,4.91
196.844,2340944,1028820,0,3369764,8574868,192,3006164992,4.91
196.944,2341036,1028820,0,3369856,8574868,192,3006164992,4.91
197.045,2341088,1028820,0,3369908,8574868,192,3006164992,4.91
197.145,2331304,1028820,0,3360124,8574868,192,3006164992,4.02
197.247,2319624,1028820,0,3348444,8574868,192,3006164992,4.02
197.347,2319860,1028820,0,3348680,8574868,192,3006164992,4.02
197.447,2320080,1028820,0,3348900,8574868,192,3006164992,4.02
197.548,2320688,1028820,0,3349508,8574868,192,3006164992,4.02
197.648,2320972,1028820,0,3349792,8574868,192,3006164992,4.02
197.749,2321288,1028820,0,3350108,8574868,192,3006164992,4.02
197.857,2321512,1028820,0,3350332,8574868,192,3006164992,4.02
197.957,2321840,1028820,0,3350660,8574868,192,3006164992,4.02
198.061,2321940,1028820,0,3350760,8574868,192,3006164992,4.02
198.161,2321976,1028820,0,3350796,8574868,192,3006164992,4.02
198.262,2323028,1028820,0,3351848,8574868,192,3006164992,4.02
198.362,2323612,1028820,0,3352432,8574868,192,3006164992,4.02
198.462,2324364,1028820,0,3353184,8574868,192,3006164992,4.02
198.563,2325088,1028820,0,3353908,8574868,192,3006164992,4.02
198.665,2325580,1028820,0,3354400,8574868,192,3006164992,4.02
198.765,2326616,1028820,0,3355436,8574868,192,3006164992,4.02
198.866,2330088,1028820,0,3358908,8574868,192,3006164992,4.02
198.973,2330620,1028820,0,3359440,8574868,192,3006164992,4.02
199.073,2333208,1028820,0,3362028,8574868,192,3006164992,3.29
199.174,2327776,1028820,0,3356596,8574868,192,3006164992,3.29
199.274,2327956,1028820,0,3356776,8574868,192,3006164992,3.29
199.374,2325412,1028820,0,3354232,8574868,192,3006164992,3.29
199.475,2325484,1028820,0,3354304,8574868,192,3006164992,3.29
199.576,2325640,1028820,0,3354460,8574868,192,3006164992,3.29
199.677,2326116,1028820,0,3354936,8574868,192,3006169088,3.29
199.778,2327068,1028820,0,3355888,8574868,192,3006169088,3.29
199.881,2327776,1028820,0,3356596,8574868,192,3006169088,3.29
199.981,2328404,1028820,0,3357224,8574868,192,3006169088,3.29
200.082,2331268,1028820,0,3360088,8574868,192,3006169088,3.29
200.182,2331348,1028820,0,3360168,8574868,192,3006169088,3.29
200.282,2326960,1028820,0,3355780,8574868,192,3006169088,3.29
200.383,2327796,1028820,0,3356616,8574868,192,3006169088,3.29
200.483,2328852,1028820,0,3357672,8574868,192,3006169088,3.29
200.585,2329840,1028820,0,3358660,8574868,192,3006169088,3.29
200.685,2330804,1028820,0,3359624,8574868,192,3006169088,3.29
200.786,2331760,1028820,0,3360580,8574868,192,3006169088,3.29
200.886,2335592,1028820,0,3364412,8574868,192,3006169088,3.29
200.989,2337184,1028820,0,3366004,8574868,192,3006169088,3.29
201.089,2330936,1028820,0,3359756,8574868,192,3006169088,2.69
201.190,2335532,1028820,0,3364352,8574868,192,3006169088,2.69
201.290,2337768,1028820,0,3366588,8574868,192,3006169088,2.69
201.390,2334068,1028820,0,3362888,8574868,192,3006169088,2.69
201.491,2337124,1028820,0,3365944,8574868,192,3006169088,2.69
201.593,2340276,1028820,0,3369096,8574868,192,3006169088,2.69
201.693,2345416,1028820,0,3374236,8574868,192,3006169088,2.69
201.794,2349904,1028820,0,3378724,8574868,192,3006169088,2.69
201.894,2351836,1028820,0,3380656,8574868,192,3006169088,2.69
202.000,2338184,1028820,0,3367004,8574868,192,3006169088,2.69
202.100,2340432,1028820,0,3369252,8574868,192,3006169088,2.69
202.200,2342532,1028820,0,3371352,8574868,192,3006169088,2.69
202.301,2344880,1028820,0,3373700,8574868,192,3006169088,2.69
202.405,2348776,1028820,0,3377596,8574868,192,3006169088,2.69
202.505,2352788,1028820,0,3381608,8574868,192,3006169088,2.69
202.606,2343764,1028820,0,3372584,8574868,192,3006169088,2.69
202.706,2344584,1028820,0,3373404,8574868,192,3006169088,2.69
202.807,2345624,1028820,0,3374444,8574868,192,3006169088,2.69
202.907,2346740,1028820,0,3375560,8574868,192,3006169088,2.69
203.007,2347576,1028820,0,3376396,8574868,192,3006169088,2.2
203.109,2348660,1028820,0,3377480,8574868,192,3006169088,2.2
203.209,2349660,1028820,0,3378480,8574868,192,3006169088,2.2
203.310,2350292,1028820,0,3379112,8574868,192,3006169088,2.2
203.413,2353852,1028820,0,3382672,8574868,192,3006169088,2.2
203.513,2354076,1028820,0,3382896,8574868,192,3006169088,2.2
203.614,2354580,1028820,0,3383400,8574868,192,3006173184,2.2
203.714,2355764,1028820,0,3384584,8574868,192,3006173184,2.2
203.814,2357660,1028820,0,3386480,8574868,192,3006173184,2.2
203.915,2361060,1028820,0,3389880,8574868,192,3006173184,2.2
204.015,2361924,1028820,0,3390744,8574868,192,3006173184,2.2
204.115,2364564,1028820,0,3393384,8574868,192,3006173184,2.2
204.221,2359552,1028820,0,3388372,8574868,192,3006173184,2.2
204.321,2359564,1028820,0,3388384,8574868,192,3006173184,2.2
204.422,2360092,1028820,0,3388912,8574868,192,3006173184,2.2
204.522,2362820,1028820,0,3391640,8574868,192,3006173184,2.2
204.622,2363060,1028820,0,3391880,8574868,192,3006173184,2.2
204.723,2360724,1028820,0,3389544,8574868,192,3006173184,2.2
204.823,2360912,1028820,0,3389732,8574868,192,3006173184,2.2
204.923,2360956,1028820,0,3389776,8574868,192,3006173184,1.8
205.023,2361924,1028820,0,3390744,8574868,192,3006173184,1.8
205.124,2363384,1028820,0,3392204,8574868,192,3006173184,1.8
205.229,2365484,1028820,0,3394304,8574868,192,3006173184,1.8
205.329,2367604,1028820,0,3396424,8574868,192,3006173184,1.8
205.430,2375052,1028820,0,3403872,8574868,192,3006173184,1.8
205.530,2376304,1028820,0,3405124,8574868,192,3006173184,1.8
205.630,2374740,1028820,0,3403560,8574868,192,3006173184,1.8
205.731,2378144,1028820,0,3406964,8574868,192,3006173184,1.8
205.831,2378516,1028820,0,3407336,8574868,192,3006173184,1.8
205.931,2373660,1028820,0,3402480,8574868,192,3006173184,1.8
206.032,2373696,1028820,0,3402516,8574868,192,3006173184,1.8
206.133,2373724,1028820,0,3402544,8574868,192,3006173184,1.8
206.233,2373748,1028820,0,3402568,8574868,192,3006173184,1.8
206.337,2373808,1028820,0,3402628,8574868,192,3006173184,1.8
206.437,2373856,1028820,0,3402676,8574868,192,3006173184,1.8
206.538,2376000,1028820,0,3404820,8574868,192,3006173184,1.8
206.641,2377124,1028820,0,3405944,8574868,192,3006173184,1.8
206.741,2378532,1028820,0,3407352,8574868,192,3006173184,1.8
206.842,2380244,1028820,0,3409064,8574868,192,3006173184,1.8
206.942,2382088,1028820,0,3410908,8574868,192,3006173184,1.48
207.045,2383500,1028820,0,3412320,8574868,192,3006173184,1.48
207.145,2385620,1028820,0,3414440,8574868,192,3006173184,1.48
207.246,2387812,1028820,0,3416632,8574868,192,3006173184,1.48
207.346,2389812,1028820,0,3418632,8574868,192,3006173184,1.48
207.449,2394816,1028820,0,3423636,8574868,192,3006173184,1.48
207.549,2399188,1028820,0,3428008,8574868,192,3006173184,1.48
207.650,2391840,1028820,0,3420660,8574868,192,3006173184,1.48
207.750,2383260,1028820,0,3412080,8574868,192,3006173184,1.48
207.853,2384280,1028820,0,3413100,8574868,192,3006173184,1.48
207.953,2385216,1028820,0,3414036,8574868,192,3006173184,1.48
208.054,2388464,1028820,0,3417284,8574868,192,3006173184,1.48
208.154,2388480,1028820,0,3417300,8574868,192,3006173184,1.48
208.254,2378488,1028820,0,3407308,8574868,192,3006177280,1.48
208.354,2378548,1028820,0,3407368,8574868,192,3006177280,1.48
208.455,2378604,1028820,0,3407424,8574868,192,3006177280,1.48
208.555,2379240,1028820,0,3408060,8574868,192,3006177280,1.48
208.657,2380128,1028820,0,3408948,8574868,192,3006177280,1.48
208.757,2381436,1028820,0,3410256,8574868,192,3006177280,1.48
208.861,2385328,1028820,0,3414148,8574868,192,3006177280,1.21
208.961,2386012,1028820,0,3414832,8574868,192,3006177280,1.21
209.062,2383756,1028820,0,3412576,8574868,192,3006177280,1.21
209.162,2380068,1028820,0,3408888,8574868,192,3006177280,1.21
209.262,2380068,1028820,0,3408888,8574868,192,3006177280,1.21
209.363,2380072,1028820,0,3408892,8574868,192,3006177280,1.21
209.463,2380076,1028820,0,3408896,8574868,192,3006177280,1.21
209.563,2380076,1028820,0,3408896,8574868,192,3006177280,1.21
209.665,2380088,1028820,0,3408908,8574868,192,3006177280,1.21
209.765,2380092,1028820,0,3408912,8574868,192,3006177280,1.21
209.866,2362140,1028820,0,3390960,8574868,192,3006177280,1.21
209.966,2362436,1028820,0,3391256,8574868,192,3006177280,1.21
210.069,2363212,1028820,0,3392032,8574868,192,3006177280,1.21
210.173,2364152,1028820,0,3392972,8574868,192,3006177280,1.21
210.273,2365572,1028820,0,3394392,8574868,192,3006177280,1.21
210.374,2369220,1028820,0,3398040,8574868,192,3006177280,1.21
210.474,2369912,1028820,0,3398732,8574868,192,3006177280,1.21
210.577,2367656,1028820,0,3396476,8574868,192,3006177280,1.21
210.677,2367768,1028820,0,3396588,8574868,192,3006177280,1.21
210.778,2362120,1028820,0,3390940,8574868,192,3006177280,0.99
210.878,2362120,1028820,0,3390940,8574868,192,3006177280,0.99
210.978,2362120,1028820,0,3390940,8574868,192,3006177280,0.99
211.079,2362120,1028820,0,3390940,8574868,192,3006177280,0.99
211.179,2362128,1028820,0,3390948,8574868,192,3006177280,0.99
211.279,2362128,1028820,0,3390948,8574868,192,3006177280,0.99
211.380,2362128,1028820,0,3390948,8574868,192,3006177280,0.99
211.481,2362128,1028820,0,3390948,8574868,192,3006177280,0.99
211.581,2362128,1028820,0,3390948,8574868,192,3006177280,0.99
211.682,2362132,1028820,0,3390952,8574868,192,3006177280,0.99
211.785,2362132,1028820,0,3390952,8574868,192,3006177280,0.99
211.885,2362756,1028820,0,3391576,8574868,192,3006177280,0.99
211.986,2364620,1028820,0,3393440,8574868,192,3006177280,0.99
212.086,2366720,1028820,0,3395540,8574868,192,3006177280,0.99
212.186,2368964,1028820,0,3397784,8574868,192,3006177280,0.99
212.287,2371492,1028820,0,3400312,8574868,192,3006177280,0.99
212.389,2372932,1028820,0,3401752,8574868,192,3006177280,0.99
212.489,2375056,1028820,0,3403876,8574868,192,3006177280,0.99
212.590,2377196,1028820,0,3406016,8574868,192,3006177280,0.99
212.690,2379544,1028820,0,3408364,8574868,192,3006177280,0.99
212.797,2384932,1028820,0,3413752,8574868,192,3006177280,0.81
212.897,2389332,1028820,0,3418152,8574868,192,3006177280,0.81
212.998,2393048,1028820,0,3421868,8574868,192,3006177280,0.81
213.098,2385524,1028820,0,3414344,8574868,192,3006177280,0.81
213.198,2371912,1028820,0,3400732,8574868,192,3006177280,0.81
213.299,2373368,1028820,0,3402188,8574868,192,3006177280,0.81
213.399,2377768,1028820,0,3406588,8574868,192,3006177280,0.81
213.499,2379704,1028820,0,3408524,8574868,192,3006177280,0.81
213.600,2370020,1028820,0,3398840,8574868,192,3006177280,0.81
213.700,2373924,1028820,0,3402744,8574868,192,3006177280,0.81
213.800,2375364,1028820,0,3404184,8574868,192,3006177280,0.81
213.901,2375296,1028820,0,3404116,8574868,192,3006177280,0.81
214.001,2376080,1028820,0,3404900,8574868,192,3006181376,0.81
214.105,2376912,1028820,0,3405732,8574868,192,3006181376,0.81
214.205,2371756,1028820,0,3400576,8574868,192,3006181376,0.81
214.306,2372996,1028820,0,3401816,8574868,192,3006181376,0.81
214.406,2373776,1028820,0,3402596,8574868,192,3006181376,0.81
214.506,2374716,1028820,0,3403536,8574868,192,3006181376,0.81
214.607,2375828,1028820,0,3404648,8574868,192,3006181376,0.81
214.707,2376552,1028820,0,3405372,8574868,192,3006181376,0.66
214.807,2380572,1028820,0,3409392,8574868,192,3006181376,0.66
214.909,2381276,1028820,0,3410096,8574868,192,3006181376,0.66
215.009,2382564,1028820,0,3411384,8574868,192,3006181376,0.66
215.113,2384296,1028820,0,3413116,8574868,192,3006181376,0.66
215.213,2385988,1028820,0,3414808,8574868,192,3006181376,0.66
215.314,2389832,1028820,0,3418652,8574868,192,3006181376,0.66
215.414,2390952,1028820,0,3419772,8574868,192,3006181376,0.66
215.514,2391776,1028820,0,3420596,8574868,192,3006181376,0.66
215.615,2386868,1028820,0,3415688,8574868,192,3006181376,0.66
215.715,2387384,1028820,0,3416204,8574868,192,3006181376,0.66
215.817,2387676,1028820,0,3416496,8574868,192,3006181376,0.66
215.917,2388336,1028820,0,3417156,8574868,192,3006181376,0.66
216.018,2391644,1028820,0,3420464,8574868,192,3006181376,0.66
216.118,2391644,1028820,0,3420464,8574868,192,3006181376,0.66
216.219,2392520,1028820,0,3421340,8574868,192,3006181376,0.66
216.319,2380348,1028820,0,3409168,8574868,192,3006181376,0.66
216.421,2380352,1028884,0,3409236,8574868,192,3006181376,0.66
216.521,2380352,1028884,0,3409236,8574868,192,3006181376,0.66
216.622,2366268,1028884,0,3395152,8574868,192,3006181376,0.54
216.722,2366268,1028884,0,3395152,8574868,192,3006181376,0.54
216.825,2366268,1028884,0,3395152,8574868,192,3006181376,0.54
216.925,2366268,1028884,0,3395152,8574868,192,3006181376,0.54
217.026,2366268,1028884,0,3395152,8574868,192,3006181376,0.54
217.126,2366268,1028884,0,3395152,8574868,192,3006181376,0.54
217.226,2366508,1028884,0,3395392,8574868,192,3006181376,0.54
217.329,2367688,1028884,0,3396572,8574868,192,3006181376,0.54
217.429,2368708,1028884,0,3397592,8574868,192,3006181376,0.54
217.530,2371116,1028884,0,3400000,8574868,192,3006181376,0.54
217.630,2373776,1028884,0,3402660,8574868,192,3006181376,0.54
217.730,2379084,1028884,0,3407968,8574868,192,3006181376,0.54
217.831,2381428,1028884,0,3410312,8574868,192,3006181376,0.54
217.933,2384008,1028884,0,3412892,8574868,192,3006181376,0.54
218.034,2386120,1028884,0,3415004,8574868,192,3006181376,0.54
218.134,2391636,1028884,0,3420520,8574868,192,3006181376,0.54
218.234,2388356,1028884,0,3417240,8574868,192,3006181376,0.54
218.337,2380692,1028884,0,3409576,8574868,192,3006181376,0.54
218.437,2382112,1028884,0,3410996,8574868,192,3006181376,0.54
218.538,2387544,1028884,0,3416428,8574868,192,3006181376,0.44
218.638,2389528,1028884,0,3418412,8574868,192,3006181376,0.44
218.738,2392208,1028884,0,3421092,8574868,192,3006181376,0.44
218.841,2393696,1028884,0,3422580,8574868,192,3006181376,0.44
218.941,2398240,1028884,0,3427124,8574868,192,3006181376,0.44
219.042,2400112,1028884,0,3428996,8574868,192,3006181376,0.44
219.142,2397860,1028884,0,3426744,8574868,192,3006181376,0.44
219.242,2405612,1028884,0,3434496,8574868,192,3006181376,0.44
219.345,2407772,1028884,0,3436656,8574868,192,3006181376,0.44
219.445,2412044,1028884,0,3440928,8574868,192,3006185472,0.44
219.546,2406380,1028884,0,3435264,8574868,192,3006185472,0.44
219.646,2407184,1028948,0,3436132,8574868,192,3006185472,0.44
219.746,2410120,1028948,0,3439068,8574868,192,3006189568,0.44
219.847,2397764,1028948,0,3426712,8574868,192,3006189568,0.44
219.947,2397784,1028948,0,3426732,8574868,192,3006189568,0.44
220.049,2390348,1028948,0,3419296,8574868,192,3006189568,0.44
220.153,2391252,1028948,0,3420200,8574868,192,3006189568,0.44
220.253,2391924,1028948,0,3420872,8574868,192,3006189568,0.44
220.354,2392540,1028948,0,3421488,8574868,192,3006189568,0.44
220.454,2396064,1028948,0,3425012,8574868,192,3006189568,0.44
220.554,2396784,1028948,0,3425732,8574868,192,3006189568,0.36
220.657,2397520,1028948,0,3426468,8574868,192,3006189568,0.36
220.757,2398644,1028948,0,3427592,8574868,192,3006189568,0.36
220.858,2399320,1028948,0,3428268,8574868,192,3006189568,0.36
220.958,2395024,1028948,0,3423972,8574868,192,3006189568,0.36
221.058,2395652,1028948,0,3424600,8574868,192,3006189568,0.36
221.161,2396976,1028948,0,3425924,8574868,192,3006189568,0.36
221.265,2397840,1028948,0,3426788,8574868,192,3006189568,0.36
221.365,2398568,1028948,0,3427516,8574868,192,3006189568,0.36
221.466,2399380,1028948,0,3428328,8574868,192,3006189568,0.36
221.566,2399788,1028948,0,3428736,8574868,192,3006189568,0.36
221.666,2403128,1028948,0,3432076,8574868,192,3006189568,0.36
221.767,2403132,1028948,0,3432080,8574868,192,3006189568,0.36
221.867,2390720,1028948,0,3419668,8574868,192,3006189568,0.36
221.973,2390732,1028948,0,3419680,8574868,192,3006189568,0.36
222.073,2390776,1028948,0,3419724,8574868,192,3006189568,0.36
222.174,2390828,1028948,0,3419776,8574868,192,3006189568,0.36
222.274,2390888,1028948,0,3419836,8574868,192,3006189568,0.36
222.374,2390892,1028948,0,3419840,8574868,192,3006189568,0.36
222.475,2390944,1028948,0,3419892,8574868,192,3006189568,0.29
222.575,2391672,1028948,0,3420620,8574868,192,3006189568,0.29
222.677,2392720,1028948,0,3421668,8574868,192,3006189568,0.29
222.777,2394456,1028948,0,3423404,8574868,192,3006189568,0.29
222.889,2396148,1028948,0,3425096,8574868,192,3006189568,0.29
222.989,2397548,1028948,0,3426496,8574868,192,3006189568,0.29
223.090,2402480,1028948,0,3431428,8574868,192,3006189568,0.29
223.190,2403912,1028948,0,3432860,8574868,192,3006189568,0.29
223.290,2405564,1028948,0,3434512,8574868,192,3006189568,0.29
223.391,2400612,1028948,0,3429560,8574868,192,3006189568,0.29
223.491,2402184,1028948,0,3431132,8574868,192,3006189568,0.29
223.591,2406300,1028948,0,3435248,8574868,192,3006189568,0.29
223.692,2407732,1028948,0,3436680,8574868,192,3006189568,0.29
223.792,2409116,1028948,0,3438064,8574868,192,3006189568,0.29
223.892,2399456,1028948,0,3428404,8574868,192,3006189568,0.29
223.993,2401432,1028948,0,3430380,8574868,192,3006189568,0.29
224.097,2404084,1028948,0,3433032,8574868,192,3006189568,0.29
224.197,2409536,1028948,0,3438484,8574868,192,3006189568,0.29
224.298,2412180,1028948,0,3441128,8574868,192,3006189568,0.29
224.398,2414128,1028948,0,3443076,8574868,192,3006189568,0.24
224.501,2417144,1028948,0,3446092,8574868,192,3006189568,0.24
224.601,2419908,1028948,0,3448856,8574868,192,3006189568,0.24
224.702,2422136,1028948,0,3451084,8574868,192,3006189568,0.24
224.802,2426996,1028948,0,3455944,8574868,192,3006189568,0.24
224.902,2429196,1028948,0,3458144,8574868,192,3006189568,0.24
225.003,2426868,1028948,0,3455816,8574868,192,3006189568,0.24
225.103,2428196,1028948,0,3457144,8574868,192,3006189568,0.24
225.203,2432740,1028948,0,3461688,8574868,192,3006189568,0.24
225.304,2420332,1028948,0,3449280,8574868,192,3006189568,0.24
225.404,2410136,1028948,0,3439084,8574868,192,3006189568,0.24
225.504,2410972,1028948,0,3439920,8574868,192,3006189568,0.24
225.605,2412572,1028948,0,3441520,8574868,192,3006189568,0.24
225.705,2413388,1028948,0,3442336,8574868,192,3006189568,0.24
225.806,2414248,1028948,0,3443196,8574868,192,3006189568,0.24
225.906,2415256,1028948,0,3444204,8574868,192,3006189568,0.24
226.006,2419764,1028948,0,3448712,8574868,192,3006189568,0.24
226.107,2424340,1028948,0,3453288,8574868,192,3006189568,0.24
226.207,2424972,1028948,0,3453920,8574868,192,3006189568,0.24
226.308,2413048,1028948,0,3441996,8574868,192,3006189568,0.24
226.408,2414072,1028948,0,3443020,8574868,192,3006189568,0.92
226.508,2417036,1028948,0,3445984,8574868,192,3006189568,0.92
226.609,2417036,1028948,0,3445984,8574868,192,3006189568,0.92
226.709,2417036,1028948,0,3445984,8574868,192,3006189568,0.92
226.810,2410092,1028948,0,3439040,8574868,192,3006189568,0.92
226.910,2410092,1028948,0,3439040,8574868,192,3006189568,0.92
227.010,2410092,1028948,0,3439040,8574868,192,3006189568,0.92
227.111,2410092,1028948,0,3439040,8574868,192,3006189568,0.92
227.211,2410092,1028948,0,3439040,8574868,192,3006189568,0.92
227.311,2410228,1028948,0,3439176,8574868,192,3006189568,0.92
227.412,2410992,1028948,0,3439940,8574868,192,3006189568,0.92
227.512,2411712,1028948,0,3440660,8574868,192,3006189568,0.92
227.612,2412980,1028948,0,3441928,8574868,192,3006189568,0.92
227.713,2414404,1028948,0,3443352,8574868,192,3006189568,0.92
227.813,2416060,1028948,0,3445008,8574868,192,3006189568,0.92
227.913,2418256,1028948,0,3447204,8574868,192,3006189568,0.92
228.014,2420244,1028948,0,3449192,8574868,192,3006189568,0.92
228.114,2422124,1028948,0,3451072,8574868,192,3006189568,0.92
228.214,2424436,1028948,0,3453384,8574868,192,3006189568,0.92
228.315,2428696,1028948,0,3457644,8574868,192,3006189568,1.66
228.415,2429768,1028948,0,3458716,8574868,192,3006189568,1.66
228.515,2430436,1028948,0,3459384,8574868,192,3006189568,1.66
228.616,2433772,1028948,0,3462720,8574868,192,3006189568,1.66
228.716,2433772,1028948,0,3462720,8574868,192,3006189568,1.66
228.817,2433772,1028948,0,3462720,8574868,192,3006189568,1.66
228.917,2433772,1028948,0,3462720,8574868,192,3006189568,1.66
229.017,2433772,1028948,0,3462720,8574868,192,3006189568,1.66
229.118,2433772,1028948,0,3462720,8574868,192,3006189568,1.66
229.218,2433772,1028948,0,3462720,8574868,192,3006189568,1.66
229.318,2433772,1028948,0,3462720,8574868,192,3006189568,1.66
229.419,2433772,1028948,0,3462720,8574868,192,3006189568,1.66
229.519,2433772,1028948,0,3462720,8574868,192,3006189568,1.66
229.619,2433772,1028948,0,3462720,8574868,192,3006189568,1.66
229.720,2433772,1028948,0,3462720,8574868,192,3006189568,1.66
229.820,2433772,1028948,0,3462720,8574868,192,3006189568,1.66
229.920,2433772,1028948,0,3462720,8574868,192,3006189568,1.66
230.020,2433772,1028948,0,3462720,8574868,192,3006189568,1.66
230.121,2433772,1028948,0,3462720,8574868,192,3006189568,1.66
230.221,2433772,1028948,0,3462720,8574868,192,3006189568,4.62
230.322,2433772,1028948,0,3462720,8574868,192,3006189568,4.62
230.422,2433772,1028948,0,3462720,8574868,192,3006189568,4.62
230.522,2433772,1028948,0,3462720,8574868,192,3006189568,4.62
230.623,2433772,1028948,0,3462720,8574868,192,3006189568,4.62
230.723,2433772,1028948,0,3462720,8574868,192,3006189568,4.62
230.823,2433772,1028948,0,3462720,8574868,192,3006189568,4.62
230.923,2433772,1028948,0,3462720,8574868,192,3006189568,4.62
231.024,2433772,1028948,0,3462720,8574868,192,3006189568,4.62
231.124,2433772,1028948,0,3462720,8574868,192,3006189568,4.62
231.224,2433772,1028948,0,3462720,8574868,192,3006189568,4.62
231.325,2433772,1028948,0,3462720,8574868,192,3006189568,4.62
231.425,2433772,1028948,0,3462720,8574868,192,3006189568,4.62
231.525,2433772,1028948,0,3462720,8574868,192,3006189568,4.62
231.626,2433772,1028948,0,3462720,8574868,192,3006189568,4.62
231.726,2433772,1028948,0,3462720,8574868,192,3006189568,4.62
231.827,2433772,1028948,0,3462720,8574868,192,3006189568,4.62
231.927,2433772,1028948,0,3462720,8574868,192,3006189568,4.62
232.027,2433772,1028948,0,3462720,8574868,192,3006189568,4.62
232.128,2433772,1028948,0,3462720,8574868,192,3006189568,4.62
232.228,2433772,1028948,0,3462720,8574868,192,3006189568,7.22
232.328,2433772,1028948,0,3462720,8574868,192,3006189568,7.22
232.429,2433772,1028948,0,3462720,8574868,192,3006189568,7.22
232.529,2433772,1028948,0,3462720,8574868,192,3006189568,7.22
232.629,2433772,1028948,0,3462720,8574868,192,3006189568,7.22
232.730,2433772,1028948,0,3462720,8574868,192,3006189568,7.22
232.830,2433772,1028948,0,3462720,8574868,192,3006189568,7.22
232.930,2433772,1028948,0,3462720,8574868,192,3006189568,7.22
233.031,2433772,1028948,0,3462720,8574868,192,3006189568,7.22
233.131,2433772,1028948,0,3462720,8574868,192,3006189568,7.22
233.231,2433772,1028948,0,3462720,8574868,192,3006189568,7.22
233.332,2433772,1028948,0,3462720,8574868,192,3006189568,7.22
233.432,2433772,1028948,0,3462720,8574868,192,3006189568,7.22
233.532,2433772,1028948,0,3462720,8574868,192,3006189568,7.22
233.633,2433772,1028948,0,3462720,8574868,192,3006189568,7.22
233.733,2433772,1028948,0,3462720,8574868,192,3006189568,7.22
233.833,2433772,1028948,0,3462720,8574868,192,3006189568,7.22
233.934,2433772,1028948,0,3462720,8574868,192,3006189568,7.22
234.034,2433772,1028948,0,3462720,8574868,192,3006189568,7.22
234.134,2433772,1028948,0,3462720,8574868,192,3006189568,9.17
234.235,2433772,1028948,0,3462720,8574868,192,3006189568,9.17
234.335,2433772,1028948,0,3462720,8574868,192,3006189568,9.17
234.435,2433772,1028948,0,3462720,8574868,192,3006189568,9.17
234.536,2433772,1028948,0,3462720,8574868,192,3006189568,9.17
234.636,2433772,1028948,0,3462720,8574868,192,3006189568,9.17
234.736,2433772,1028948,0,3462720,8574868,192,3006189568,9.17
234.837,2433772,1028948,0,3462720,8574868,192,3006189568,9.17
234.937,2433772,1028948,0,3462720,8574868,192,3006189568,9.17
235.038,2433772,1028948,0,3462720,8574868,192,3006189568,9.17
235.138,2433772,1028948,0,3462720,8574868,192,3006189568,9.17
235.238,2433772,1028948,0,3462720,8574868,192,3006189568,9.17
235.338,2433772,1028948,0,3462720,8574868,192,3006189568,9.17
235.439,2433772,1028948,0,3462720,8574868,192,3006189568,9.17
235.539,2433772,1028948,0,3462720,8574868,192,3006189568,9.17
235.640,2433772,1028948,0,3462720,8574868,192,3006189568,9.17
235.740,2433772,1028948,0,3462720,8574868,192,3006189568,9.17
235.840,2433772,1028948,0,3462720,8574868,192,3006189568,9.17
235.941,2433772,1028948,0,3462720,8574868,192,3006189568,9.17
236.041,2433772,1028948,0,3462720,8574868,192,3006189568,9.17
236.141,2433772,1028948,0,3462720,8574868,192,3006189568,10.77
236.242,2433772,1028948,0,3462720,8574868,192,3006189568,10.77
236.342,2433772,1028948,0,3462720,8574868,192,3006189568,10.77
236.442,2433772,1028948,0,3462720,8574868,192,3006189568,10.77
236.543,2433772,1028948,0,3462720,8574868,192,3006189568,10.77
236.643,2433772,1028948,0,3462720,8574868,192,3006189568,10.77
236.743,2433772,1028948,0,3462720,8574868,192,3006189568,10.77
236.844,2433772,1028948,0,3462720,8574868,192,3006189568,10.77
236.944,2433772,1028948,0,3462720,8574868,192,3006189568,10.77
237.044,2433772,1028948,0,3462720,8574868,192,3006189568,10.77
237.145,2433772,1028948,0,3462720,8574868,192,3006189568,10.77
237.245,2433772,1028948,0,3462720,8574868,192,3006189568,10.77
237.346,2433772,1028948,0,3462720,8574868,192,3006189568,10.77
237.446,2433772,1028948,0,3462720,8574868,192,3006189568,10.77
237.546,2433772,1028948,0,3462720,8574868,192,3006189568,10.77
237.646,2433772,1028948,0,3462720,8574868,192,3006189568,10.77
237.747,2433772,1028948,0,3462720,8574868,192,3006189568,10.77
237.847,2433772,1028948,0,3462720,8574868,192,3006189568,10.77
237.948,2433772,1028948,0,3462720,8574868,192,3006189568,10.77
238.048,2433772,1028948,0,3462720,8574868,192,3006189568,12.08
238.148,2433772,1028948,0,3462720,8574868,192,3006189568,12.08
238.249,2433772,1028948,0,3462720,8574868,192,3006189568,12.08
238.349,2433772,1028948,0,3462720,8574868,192,3006189568,12.08
238.449,2433772,1028948,0,3462720,8574868,192,3006189568,12.08
238.550,2433772,1028948,0,3462720,8574868,192,3006189568,12.08
238.650,2433772,1028948,0,3462720,8574868,192,3006189568,12.08
238.750,2433772,1028948,0,3462720,8574868,192,3006189568,12.08
238.851,2433772,1028948,0,3462720,8574868,192,3006189568,12.08
238.951,2433772,1028948,0,3462720,8574868,192,3006189568,12.08
239.051,2433772,1028948,0,3462720,8574868,192,3006189568,12.08
239.152,2433772,1028948,0,3462720,8574868,192,3006189568,12.08
239.252,2433772,1028948,0,3462720,8574868,192,3006189568,12.08
239.353,2433772,1028948,0,3462720,8574868,192,3006189568,12.08
239.453,2433772,1028948,0,3462720,8574868,192,3006189568,12.08
239.553,2433772,1028948,0,3462720,8574868,192,3006189568,12.08
239.654,2433772,1028948,0,3462720,8574868,192,3006189568,12.08
239.754,2433772,1028948,0,3462720,8574868,192,3006189568,12.08
239.854,2433772,1028948,0,3462720,8574868,192,3006189568,12.08
239.955,2433772,1028948,0,3462720,8574868,192,3006189568,11.52
240.055,2433772,1028948,0,3462720,8574868,192,3006189568,11.52
240.155,2433772,1028948,0,3462720,8574868,192,3006189568,11.52
240.255,2433772,1028948,0,3462720,8574868,192,3006189568,11.52
240.356,2433772,1028948,0,3462720,8574868,192,3006189568,11.52
240.456,2433772,1028948,0,3462720,8574868,192,3006189568,11.52
240.556,2433772,1028948,0,3462720,8574868,192,3006189568,11.52
240.657,2433772,1028948,0,3462720,8574868,192,3006189568,11.52
240.757,2433772,1028948,0,3462720,8574868,192,3006189568,11.52
240.858,2433772,1028948,0,3462720,8574868,192,3006189568,11.52
240.958,2433772,1028948,0,3462720,8574868,192,3006189568,11.52
241.058,2433772,1028948,0,3462720,8574868,192,3006189568,11.52
241.159,2433772,1028948,0,3462720,8574868,192,3006189568,11.52
241.259,2433772,1028948,0,3462720,8574868,192,3006189568,11.52
241.359,2433772,1028948,0,3462720,8574868,192,3006189568,11.52
241.460,2433772,1028948,0,3462720,8574868,192,3006189568,11.52
241.560,2433772,1028948,0,3462720,8574868,192,3006189568,11.52
241.660,2433772,1028948,0,3462720,8574868,192,3006189568,11.52
241.761,2433772,1028948,0,3462720,8574868,192,3006189568,11.52
241.861,2433772,1028948,0,3462720,8574868,192,3006189568,11.52
241.961,2433772,1028948,0,3462720,8574868,192,3006189568,12.51
242.062,2433772,1028948,0,3462720,8574868,192,3006189568,12.51
242.162,2433772,1028948,0,3462720,8574868,192,3006189568,12.51
242.262,2433772,1028948,0,3462720,8574868,192,3006189568,12.51
242.363,2433772,1028948,0,3462720,8574868,192,3006189568,12.51
242.463,2433772,1028948,0,3462720,8574868,192,3006189568,12.51
242.564,2433772,1028948,0,3462720,8574868,192,3006189568,12.51
242.664,2433772,1028948,0,3462720,8574868,192,3006189568,12.51
242.764,2433772,1028948,0,3462720,8574868,192,3006189568,12.51
242.865,2433772,1028948,0,3462720,8574868,192,3006189568,12.51
242.965,2433772,1028948,0,3462720,8574868,192,3006189568,12.51
243.065,2433772,1028948,0,3462720,8574868,192,3006189568,12.51
243.166,2433772,1028948,0,3462720,8574868,192,3006189568,12.51
243.266,2433772,1028948,0,3462720,8574868,192,3006189568,12.51
243.366,2433772,1028948,0,3462720,8574868,192,3006189568,12.51
243.467,2433772,1028948,0,3462720,8574868,192,3006189568,12.51
243.567,2433772,1028948,0,3462720,8574868,192,3006189568,12.51
243.667,2433772,1028948,0,3462720,8574868,192,3006189568,12.51
243.768,2433772,1028948,0,3462720,8574868,192,3006189568,12.51
243.868,2433772,1028948,0,3462720,8574868,192,3006189568,13.87
243.968,2433772,1028948,0,3462720,8574868,192,3006189568,13.87
244.069,2433772,1028948,0,3462720,8574868,192,3006189568,13.87
244.169,2433772,1028948,0,3462720,8574868,192,3006189568,13.87
244.269,2433772,1028948,0,3462720,8574868,192,3006189568,13.87
244.370,2433772,1028948,0,3462720,8574868,192,3006189568,13.87
244.470,2433772,1028948,0,3462720,8574868,192,3006189568,13.87
244.571,2433772,1028948,0,3462720,8574868,192,3006189568,13.87
244.671,2433772,1028948,0,3462720,8574868,192,3006189568,13.87
244.771,2433772,1028948,0,3462720,8574868,192,3006189568,13.87
244.872,2433772,1028948,0,3462720,8574868,192,3006189568,13.87
244.972,2433772,1028948,0,3462720,8574868,192,3006189568,13.87
245.072,2433772,1028948,0,3462720,8574868,192,3006189568,13.87
245.173,2433772,1028948,0,3462720,8574868,192,3006189568,13.87
245.273,2433772,1028948,0,3462720,8574868,192,3006189568,13.87
245.373,2433772,1028948,0,3462720,8574868,192,3006189568,13.87
245.474,2433772,1028948,0,3462720,8574868,192,3006189568,13.87
245.574,2433772,1028948,0,3462720,8574868,192,3006189568,13.87
245.674,2433772,1028948,0,3462720,8574868,192,3006189568,13.87
245.775,2433772,1028948,0,3462720,8574868,192,3006189568,13.87
245.875,2433772,1028948,0,3462720,8574868,192,3006189568,14.07
245.975,2433772,1028948,0,3462720,8574868,192,3006189568,14.07
246.076,2433772,1028948,0,3462720,8574868,192,3006189568,14.07
246.176,2433772,1028948,0,3462720,8574868,192,3006189568,14.07
246.277,2433772,1028948,0,3462720,8574868,192,3006189568,14.07
246.377,2433772,1028948,0,3462720,8574868,192,3006189568,14.07
246.477,2433772,1028948,0,3462720,8574868,192,3006189568,14.07
246.578,2433772,1028948,0,3462720,8574868,192,3006189568,14.07
246.678,2433772,1028948,0,3462720,8574868,192,3006189568,14.07
246.778,2433772,1028948,0,3462720,8574868,192,3006189568,14.07
246.879,2433772,1028948,0,3462720,8574868,192,3006189568,14.07
246.979,2433772,1028948,0,3462720,8574868,192,3006189568,14.07
247.079,2433772,1028948,0,3462720,8574868,192,3006189568,14.07
247.180,2433772,1028948,0,3462720,8574868,192,3006189568,14.07
247.280,2433772,1028948,0,3462720,8574868,192,3006189568,14.07
247.380,2433772,1028948,0,3462720,8574868,192,3006189568,14.07
247.481,2433772,1028948,0,3462720,8574868,192,3006189568,14.07
247.581,2433772,1028948,0,3462720,8574868,192,3006189568,14.07
247.681,2433772,1028948,0,3462720,8574868,192,3006189568,14.07
247.782,2433772,1028948,0,3462720,8574868,192,3006189568,15.33
247.882,2433772,1028948,0,3462720,8574868,192,3006189568,15.33
247.982,2433772,1028948,0,3462720,8574868,192,3006189568,15.33
248.083,2433772,1028948,0,3462720,8574868,192,3006189568,15.33
248.183,2433772,1028948,0,3462720,8574868,192,3006189568,15.33
248.283,2433772,1028948,0,3462720,8574868,192,3006189568,15.33
248.384,2433772,1028948,0,3462720,8574868,192,3006189568,15.33
248.484,2433772,1028948,0,3462720,8574868,192,3006189568,15.33
248.584,2433772,1028948,0,3462720,8574868,192,3006189568,15.33
248.685,2433772,1028948,0,3462720,8574868,192,3006189568,15.33
248.785,2433772,1028948,0,3462720,8574868,192,3006189568,15.33
248.885,2433772,1028948,0,3462720,8574868,192,3006189568,15.33
248.986,2433772,1028948,0,3462720,8574868,192,3006189568,15.33
249.086,2433772,1028948,0,3462720,8574868,192,3006189568,15.33
249.186,2433772,1028948,0,3462720,8574868,192,3006189568,15.33
249.287,2433772,1028948,0,3462720,8574868,192,3006189568,15.33
249.387,2433772,1028948,0,3462720,8574868,192,3006189568,15.33
249.487,2433772,1028948,0,3462720,8574868,192,3006189568,15.33
249.588,2433772,1028948,0,3462720,8574868,192,3006189568,15.33
249.688,2433772,1028948,0,3462720,8574868,192,3006189568,16.17
249.788,2433772,1028948,0,3462720,8574868,192,3006189568,16.17
249.888,2433772,1028948,0,3462720,8574868,192,3006189568,16.17
249.989,2433772,1028948,0,3462720,8574868,192,3006189568,16.17
250.089,2433772,1028948,0,3462720,8574868,192,3006189568,16.17
250.189,2433772,1028948,0,3462720,8574868,192,3006189568,16.17
250.290,2433772,1028948,0,3462720,8574868,192,3006189568,16.17
250.390,2433772,1028948,0,3462720,8574868,192,3006189568,16.17
250.491,2433772,1028948,0,3462720,8574868,192,3006189568,16.17
250.591,2433772,1028948,0,3462720,8574868,192,3006189568,16.17
250.691,2433772,1028948,0,3462720,8574868,192,3006189568,16.17
250.792,2433772,1028948,0,3462720,8574868,192,3006189568,16.17
250.892,2433772,1028948,0,3462720,8574868,192,3006189568,16.17
250.992,2433772,1028948,0,3462720,8574868,192,3006189568,16.17
251.092,2433772,1028948,0,3462720,8574868,192,3006189568,16.17
251.193,2433772,1028948,0,3462720,8574868,192,3006189568,16.17
251.293,2433772,1028948,0,3462720,8574868,192,3006189568,16.17
251.393,2433772,1028948,0,3462720,8574868,192,3006189568,16.17
251.494,2433772,1028948,0,3462720,8574868,192,3006189568,16.17
251.594,2433772,1028948,0,3462720,8574868,192,3006189568,16.17
251.694,2433772,1028948,0,3462720,8574868,192,3006189568,17.23
251.795,2433772,1028948,0,3462720,8574868,192,3006189568,17.23
251.895,2433772,1028948,0,3462720,8574868,192,3006189568,17.23
251.995,2433772,1028948,0,3462720,8574868,192,3006189568,17.23
252.096,2433772,1028948,0,3462720,8574868,192,3006189568,17.23
252.196,2433772,1028948,0,3462720,8574868,192,3006189568,17.23
252.297,2433772,1028948,0,3462720,8574868,192,3006189568,17.23
252.397,2433772,1028948,0,3462720,8574868,192,3006189568,17.23
252.497,2433772,1028948,0,3462720,8574868,192,3006189568,17.23
252.598,2433772,1028948,0,3462720,8574868,192,3006189568,17.23
252.698,2433772,1028948,0,3462720,8574868,192,3006189568,17.23
252.798,2433772,1028948,0,3462720,8574868,192,3006189568,17.23
252.899,2433772,1028948,0,3462720,8574868,192,3006189568,17.23
252.999,2433772,1028948,0,3462720,8574868,192,3006189568,17.23
253.099,2433772,1028948,0,3462720,8574868,192,3006189568,17.23
253.200,2433772,1028948,0,3462720,8574868,192,3006189568,17.23
253.300,2433772,1028948,0,3462720,8574868,192,3006189568,17.23
253.400,2433772,1028948,0,3462720,8574868,192,3006189568,17.23
253.501,2433772,1028948,0,3462720,8574868,192,3006189568,17.23
253.601,2433772,1028948,0,3462720,8574868,192,3006189568,17.91
253.701,2433772,1028948,0,3462720,8574868,192,3006189568,17.91
253.802,2433772,1028948,0,3462720,8574868,192,3006189568,17.91
253.902,2433772,1028948,0,3462720,8574868,192,3006189568,17.91
254.002,2433772,1028948,0,3462720,8574868,192,3006189568,17.91
254.103,2433772,1028948,0,3462720,8574868,192,3006189568,17.91
254.203,2433772,1028948,0,3462720,8574868,192,3006189568,17.91
254.303,2433772,1028948,0,3462720,8574868,192,3006189568,17.91
254.403,2433772,1028948,0,3462720,8574868,192,3006189568,17.91
254.504,2433772,1028948,0,3462720,8574868,192,3006189568,17.91
254.604,2433772,1028948,0,3462720,8574868,192,3006189568,17.91
254.704,2433772,1028948,0,3462720,8574868,192,3006189568,17.91
254.805,2433772,1028948,0,3462720,8574868,192,3006189568,17.91
254.905,2433772,1028948,0,3462720,8574868,192,3006189568,17.91
255.006,2433772,1028948,0,3462720,8574868,192,3006189568,17.91
255.106,2433772,1028948,0,3462720,8574868,192,3006189568,17.91
255.206,2433772,1028948,0,3462720,8574868,192,3006189568,17.91
255.307,2433772,1028948,0,3462720,8574868,192,3006189568,17.91
255.407,2433772,1028948,0,3462720,8574868,192,3006189568,17.91
255.507,2433772,1028948,0,3462720,8574868,192,3006189568,17.91
255.608,2433772,1028948,0,3462720,8574868,192,3006189568,18.65
255.708,2433772,1028948,0,3462720,8574868,192,3006189568,18.65
255.808,2433772,1028948,0,3462720,8574868,192,3006189568,18.65
255.909,2433772,1028948,0,3462720,8574868,192,3006189568,18.65
256.009,2433772,1028948,0,3462720,8574868,192,3006189568,18.65
256.109,2433772,1028948,0,3462720,8574868,192,3006189568,18.65
256.210,2433772,1028948,0,3462720,8574868,192,3006189568,18.65
256.310,2433772,1028948,0,3462720,8574868,192,3006189568,18.65
256.410,2433772,1028948,0,3462720,8574868,192,3006189568,18.65
256.511,2433772,1028948,0,3462720,8574868,192,3006189568,18.65
256.611,2433772,1028948,0,3462720,8574868,192,3006189568,18.65
256.711,2433772,1028948,0,3462720,8574868,192,3006189568,18.65
256.812,2433772,1028948,0,3462720,8574868,192,3006189568,18.65
256.912,2433772,1028948,0,3462720,8574868,192,3006189568,18.65
257.012,2433772,1028948,0,3462720,8574868,192,3006189568,18.65
257.112,2433772,1028948,0,3462720,8574868,192,3006189568,18.65
257.213,2433772,1028948,0,3462720,8574868,192,3006189568,18.65
257.313,2433772,1028948,0,3462720,8574868,192,3006189568,18.65
257.414,2433772,1028948,0,3462720,8574868,192,3006189568,18.65
257.514,2433772,1028948,0,3462720,8574868,192,3006189568,18.89
257.614,2433772,1028948,0,3462720,8574868,192,3006189568,18.89
257.715,2433772,1028948,0,3462720,8574868,192,3006189568,18.89
257.815,2433772,1028948,0,3462720,8574868,192,3006189568,18.89
257.915,2433772,1028948,0,3462720,8574868,192,3006189568,18.89
258.016,2433772,1028948,0,3462720,8574868,192,3006189568,18.89
258.116,2433772,1028948,0,3462720,8574868,192,3006189568,18.89
258.216,2433772,1028948,0,3462720,8574868,192,3006189568,18.89
258.317,2433772,1028948,0,3462720,8574868,192,3006189568,18.89
258.417,2433772,1028948,0,3462720,8574868,192,3006189568,18.89
258.518,2433772,1028948,0,3462720,8574868,192,3006189568,18.89
258.618,2433772,1028948,0,3462720,8574868,192,3006189568,18.89
258.718,2433772,1028948,0,3462720,8574868,192,3006189568,18.89
258.819,2433772,1028948,0,3462720,8574868,192,3006189568,18.89
258.919,2433772,1028948,0,3462720,8574868,192,3006189568,18.89
259.019,2433772,1028948,0,3462720,8574868,192,3006189568,18.89
259.120,2433772,1028948,0,3462720,8574868,192,3006189568,18.89
259.220,2433772,1028948,0,3462720,8574868,192,3006189568,18.89
259.321,2433772,1028948,0,3462720,8574868,192,3006189568,18.89
259.421,2433772,1028948,0,3462720,8574868,192,3006189568,21.09
259.521,2433772,1028948,0,3462720,8574868,192,3006189568,21.09
259.622,2433772,1028948,0,3462720,8574868,192,3006189568,21.09
259.722,2433772,1028948,0,3462720,8574868,192,3006189568,21.09
259.822,2433772,1028948,0,3462720,8574868,192,3006189568,21.09
259.923,2433772,1028948,0,3462720,8574868,192,3006189568,21.09
260.023,2433772,1028948,0,3462720,8574868,192,3006189568,21.09
260.123,2433772,1028948,0,3462720,8574868,192,3006189568,21.09
260.224,2433772,1028948,0,3462720,8574868,192,3006189568,21.09
260.324,2433772,1028948,0,3462720,8574868,192,3006189568,21.09
260.424,2433772,1028948,0,3462720,8574868,192,3006189568,21.09
260.525,2433772,1028948,0,3462720,8574868,192,3006189568,21.09
260.625,2433772,1028948,0,3462720,8574868,192,3006189568,21.09
260.726,2433772,1028948,0,3462720,8574868,192,3006189568,21.09
260.826,2433772,1028948,0,3462720,8574868,192,3006189568,21.09
260.926,2433772,1028948,0,3462720,8574868,192,3006189568,21.09
261.027,2433772,1028948,0,3462720,8574868,192,3006189568,21.09
261.127,2433772,1028948,0,3462720,8574868,192,3006189568,21.09
261.227,2433772,1028948,0,3462720,8574868,192,3006189568,21.09
261.328,2433772,1028948,0,3462720,8574868,192,3006189568,21.09
261.428,2433772,1028948,0,3462720,8574868,192,3006189568,19.8
261.528,2433772,1028948,0,3462720,8574868,192,3006189568,19.8
261.629,2433772,1028948,0,3462720,8574868,192,3006189568,19.8
261.729,2433772,1028948,0,3462720,8574868,192,3006189568,19.8
261.829,2433772,1028948,0,3462720,8574868,192,3006189568,19.8
261.930,2433772,1028948,0,3462720,8574868,192,3006189568,19.8
262.030,2433772,1028948,0,3462720,8574868,192,3006189568,19.8
262.130,2433772,1028948,0,3462720,8574868,192,3006189568,19.8
262.231,2433772,1028948,0,3462720,8574868,192,3006189568,19.8
262.331,2433772,1028948,0,3462720,8574868,192,3006189568,19.8
262.431,2433772,1028948,0,3462720,8574868,192,3006189568,19.8
262.532,2433772,1028948,0,3462720,8574868,192,3006189568,19.8
262.632,2433772,1028948,0,3462720,8574868,192,3006189568,19.8
262.732,2433772,1028948,0,3462720,8574868,192,3006189568,19.8
262.833,2433772,1028948,0,3462720,8574868,192,3006189568,19.8
262.933,2433772,1028948,0,3462720,8574868,192,3006189568,19.8
263.033,2433772,1028948,0,3462720,8574868,192,3006189568,19.8
263.134,2433772,1028948,0,3462720,8574868,192,3006189568,19.8
263.234,2433772,1028948,0,3462720,8574868,192,3006189568,19.8
263.335,2433772,1028948,0,3462720,8574868,192,3006189568,20.02
263.435,2433772,1028948,0,3462720,8574868,192,3006189568,20.02
263.535,2433772,1028948,0,3462720,8574868,192,3006189568,20.02
263.635,2433772,1028948,0,3462720,8574868,192,3006189568,20.02
263.736,2433772,1028948,0,3462720,8574868,192,3006189568,20.02
263.836,2433772,1028948,0,3462720,8574868,192,3006189568,20.02
263.936,2433772,1028948,0,3462720,8574868,192,3006189568,20.02
264.037,2433772,1028948,0,3462720,8574868,192,3006189568,20.02
264.137,2433772,1028948,0,3462720,8574868,192,3006189568,20.02
264.237,2433772,1028948,0,3462720,8574868,192,3006189568,20.02
264.338,2433772,1028948,0,3462720,8574868,192,3006189568,20.02
264.438,2433772,1028948,0,3462720,8574868,192,3006189568,20.02
264.538,2433772,1028948,0,3462720,8574868,192,3006189568,20.02
264.639,2433772,1028948,0,3462720,8574868,192,3006189568,20.02
264.739,2433772,1028948,0,3462720,8574868,192,3006189568,20.02
264.840,2433772,1028948,0,3462720,8574868,192,3006189568,20.02
264.940,2433772,1028948,0,3462720,8574868,192,3006189568,20.02
265.040,2433772,1028948,0,3462720,8574868,192,3006189568,20.02
265.140,2433772,1028948,0,3462720,8574868,192,3006189568,20.02
265.241,2433772,1028948,0,3462720,8574868,192,3006189568,20.02
265.341,2433772,1028948,0,3462720,8574868,192,3006189568,21.28
265.441,2433772,1028948,0,3462720,8574868,192,3006189568,21.28
265.542,2433772,1028948,0,3462720,8574868,192,3006189568,21.28
265.642,2433772,1028948,0,3462720,8574868,192,3006189568,21.28
265.742,2433772,1028948,0,3462720,8574868,192,3006189568,21.28
265.843,2433772,1028948,0,3462720,8574868,192,3006189568,21.28
265.943,2433772,1028948,0,3462720,8574868,192,3006189568,21.28
266.043,2433772,1028948,0,3462720,8574868,192,3006189568,21.28
266.144,2433772,1028948,0,3462720,8574868,192,3006189568,21.28
266.244,2433772,1028948,0,3462720,8574868,192,3006189568,21.28
266.344,2433772,1028948,0,3462720,8574868,192,3006189568,21.28
266.445,2433772,1028948,0,3462720,8574868,192,3006189568,21.28
266.545,2433772,1028948,0,3462720,8574868,192,3006189568,21.28
266.646,2433772,1028948,0,3462720,8574868,192,3006189568,21.28
266.746,2433772,1028948,0,3462720,8574868,192,3006189568,21.28
266.846,2433772,1028948,0,3462720,8574868,192,3006189568,21.28
266.947,2433772,1028948,0,3462720,8574868,192,3006189568,21.28
267.047,2433772,1028948,0,3462720,8574868,192,3006189568,21.28
267.147,2433772,1028948,0,3462720,8574868,192,3006189568,21.28
267.248,2433772,1028948,0,3462720,8574868,192,3006189568,20.14
267.348,2433772,1028948,0,3462720,8574868,192,3006189568,20.14
267.448,2433772,1028948,0,3462720,8574868,192,3006189568,20.14
267.549,2433772,1028948,0,3462720,8574868,192,3006189568,20.14
267.649,2433772,1028948,0,3462720,8574868,192,3006189568,20.14
267.749,2433772,1028948,0,3462720,8574868,192,3006189568,20.14
267.850,2433772,1028948,0,3462720,8574868,192,3006189568,20.14
267.950,2433772,1028948,0,3462720,8574868,192,3006189568,20.14
268.050,2433772,1028948,0,3462720,8574868,192,3006189568,20.14
268.151,2433772,1028948,0,3462720,8574868,192,3006189568,20.14
268.251,2433772,1028948,0,3462720,8574868,192,3006189568,20.14
268.351,2433772,1028948,0,3462720,8574868,192,3006189568,20.14
268.452,2433772,1028948,0,3462720,8574868,192,3006189568,20.14
268.552,2433772,1028948,0,3462720,8574868,192,3006189568,20.14
268.652,2433772,1028948,0,3462720,8574868,192,3006189568,20.14
268.753,2433772,1028948,0,3462720,8574868,192,3006189568,20.14
268.853,2433772,1028948,0,3462720,8574868,192,3006189568,20.14
268.953,2433772,1028948,0,3462720,8574868,192,3006189568,20.14
269.054,2433772,1028948,0,3462720,8574868,192,3006189568,20.14
269.154,2433772,1028948,0,3462720,8574868,192,3006189568,20.66
269.254,2433772,1028948,0,3462720,8574868,192,3006189568,20.66
269.355,2433772,1028948,0,3462720,8574868,192,3006189568,20.66
269.455,2433772,1028948,0,3462720,8574868,192,3006189568,20.66
269.555,2433772,1028948,0,3462720,8574868,192,3006189568,20.66
269.656,2433772,1028948,0,3462720,8574868,192,3006189568,20.66
269.756,2433772,1028948,0,3462720,8574868,192,3006189568,20.66
269.856,2433772,1028948,0,3462720,8574868,192,3006189568,20.66
269.957,2433772,1028948,0,3462720,8574868,192,3006189568,20.66
270.057,2433772,1028948,0,3462720,8574868,192,3006189568,20.66
270.158,2433772,1028948,0,3462720,8574868,192,3006189568,20.66
270.258,2433772,1028948,0,3462720,8574868,192,3006189568,20.66
270.358,2433772,1028948,0,3462720,8574868,192,3006189568,20.66
270.459,2433772,1028948,0,3462720,8574868,192,3006189568,20.66
270.559,2433772,1028948,0,3462720,8574868,192,3006189568,20.66
270.659,2433772,1028948,0,3462720,8574868,192,3006189568,20.66
270.760,2433772,1028948,0,3462720,8574868,192,3006189568,20.66
270.860,2433772,1028948,0,3462720,8574868,192,3006189568,20.66
270.960,2433772,1028948,0,3462720,8574868,192,3006189568,20.66
271.060,2433772,1028948,0,3462720,8574868,192,3006189568,20.66
271.161,2433772,1028948,0,3462720,8574868,192,3006189568,22.53
271.261,2433772,1028948,0,3462720,8574868,192,3006189568,22.53
271.362,2433772,1028948,0,3462720,8574868,192,3006189568,22.53
271.462,2433772,1028948,0,3462720,8574868,192,3006189568,22.53
271.562,2433772,1028948,0,3462720,8574868,192,3006189568,22.53
271.663,2433772,1028948,0,3462720,8574868,192,3006189568,22.53
271.763,2433772,1028948,0,3462720,8574868,192,3006189568,22.53
271.863,2433772,1028948,0,3462720,8574868,192,3006189568,22.53
271.964,2433772,1028948,0,3462720,8574868,192,3006189568,22.53
272.064,2433772,1028948,0,3462720,8574868,192,3006189568,22.53
272.164,2433772,1028948,0,3462720,8574868,192,3006189568,22.53
272.265,2433772,1028948,0,3462720,8574868,192,3006189568,22.53
272.365,2433772,1028948,0,3462720,8574868,192,3006189568,22.53
272.465,2433772,1028948,0,3462720,8574868,192,3006189568,22.53
272.566,2433772,1028948,0,3462720,8574868,192,3006189568,22.53
272.666,2433772,1028948,0,3462720,8574868,192,3006189568,22.53
272.766,2433772,1028948,0,3462720,8574868,192,3006189568,22.53
272.867,2433772,1028948,0,3462720,8574868,192,3006189568,22.53
272.967,2433772,1028948,0,3462720,8574868,192,3006189568,22.53
273.067,2433772,1028948,0,3462720,8574868,192,3006189568,21.71
273.168,2433772,1028948,0,3462720,8574868,192,3006189568,21.71
273.268,2433772,1028948,0,3462720,8574868,192,3006189568,21.71
273.368,2433772,1028948,0,3462720,8574868,192,3006189568,21.71
273.469,2433772,1028948,0,3462720,8574868,192,3006189568,21.71
273.569,2433772,1028948,0,3462720,8574868,192,3006189568,21.71
273.669,2433772,1028948,0,3462720,8574868,192,3006189568,21.71
273.770,2433772,1028948,0,3462720,8574868,192,3006189568,21.71
273.870,2433772,1028948,0,3462720,8574868,192,3006189568,21.71
273.970,2433772,1028948,0,3462720,8574868,192,3006189568,21.71
274.071,2433772,1028948,0,3462720,8574868,192,3006189568,21.71
274.171,2433772,1028948,0,3462720,8574868,192,3006189568,21.71
274.271,2433772,1028948,0,3462720,8574868,192,3006189568,21.71
274.372,2433772,1028948,0,3462720,8574868,192,3006189568,21.71
274.472,2433772,1028948,0,3462720,8574868,192,3006189568,21.71
274.572,2433772,1028948,0,3462720,8574868,192,3006189568,21.71
274.673,2433772,1028948,0,3462720,8574868,192,3006189568,21.71
274.773,2433772,1028948,0,3462720,8574868,192,3006189568,21.71
274.874,2433772,1028948,0,3462720,8574868,192,3006189568,21.71
274.974,2433772,1028948,0,3462720,8574868,192,3006189568,21.71
275.074,2433772,1028948,0,3462720,8574868,192,3006189568,20.31
275.175,2433772,1028948,0,3462720,8574868,192,3006189568,20.31
275.275,2433772,1028948,0,3462720,8574868,192,3006189568,20.31
275.375,2433772,1028948,0,3462720,8574868,192,3006189568,20.31
275.475,2433772,1028948,0,3462720,8574868,192,3006189568,20.31
275.576,2433772,1028948,0,3462720,8574868,192,3006189568,20.31
275.676,2433772,1028948,0,3462720,8574868,192,3006189568,20.31
275.776,2433772,1028948,0,3462720,8574868,192,3006189568,20.31
275.877,2433772,1028948,0,3462720,8574868,192,3006189568,20.31
275.977,2433772,1028948,0,3462720,8574868,192,3006189568,20.31
276.077,2433772,1028948,0,3462720,8574868,192,3006189568,20.31
276.178,2433772,1028948,0,3462720,8574868,192,3006189568,20.31
276.278,2433772,1028948,0,3462720,8574868,192,3006189568,20.31
276.378,2433772,1028948,0,3462720,8574868,192,3006189568,20.31
276.479,2433772,1028948,0,3462720,8574868,192,3006189568,20.31
276.579,2433772,1028948,0,3462720,8574868,192,3006189568,20.31
276.679,2433772,1028948,0,3462720,8574868,192,3006189568,20.31
276.780,2433772,1028948,0,3462720,8574868,192,3006189568,20.31
276.880,2433772,1028948,0,3462720,8574868,192,3006189568,20.31
276.980,2433772,1028948,0,3462720,8574868,192,3006189568,20.8
277.081,2433772,1028948,0,3462720,8574868,192,3006189568,20.8
277.181,2433772,1028948,0,3462720,8574868,192,3006189568,20.8
277.281,2433772,1028948,0,3462720,8574868,192,3006189568,20.8
277.382,2433772,1028948,0,3462720,8574868,192,3006189568,20.8
277.482,2433772,1028948,0,3462720,8574868,192,3006189568,20.8
277.583,2433772,1028948,0,3462720,8574868,192,3006189568,20.8
277.683,2433772,1028948,0,3462720,8574868,192,3006189568,20.8
277.783,2433772,1028948,0,3462720,8574868,192,3006189568,20.8
277.884,2433772,1028948,0,3462720,8574868,192,3006189568,20.8
277.984,2433772,1028948,0,3462720,8574868,192,3006189568,20.8
278.084,2433772,1028948,0,3462720,8574868,192,3006189568,20.8
278.184,2433772,1028948,0,3462720,8574868,192,3006189568,20.8
278.285,2433772,1028948,0,3462720,8574868,192,3006189568,20.8
278.385,2433772,1028948,0,3462720,8574868,192,3006189568,20.8
278.486,2433772,1028948,0,3462720,8574868,192,3006189568,20.8
278.586,2433772,1028948,0,3462720,8574868,192,3006189568,20.8
278.686,2433772,1028948,0,3462720,8574868,192,3006189568,20.8
278.787,2433772,1028948,0,3462720,8574868,192,3006189568,20.8
278.887,2433772,1028948,0,3462720,8574868,192,3006201856,17.21
278.987,2433772,1028948,0,3462720,8574868,192,3006205952,17.21
279.088,2433772,1209876,0,3643648,8574868,192,3006205952,17.21
279.188,2433772,1392468,0,3826240,8574868,192,3006205952,17.21
279.288,2433772,1574996,0,4008768,8574868,192,3006205952,17.21
279.388,2433772,1761492,0,4195264,8574868,192,3006205952,17.21
279.489,2433772,1950548,0,4384320,8574868,192,3006205952,17.21
279.589,2433772,2150228,0,4584000,8574868,192,3006205952,17.21
279.690,2433772,1411188,0,3844960,8574868,192,3006205952,17.21
279.790,2433772,1028948,0,3462720,8574868,192,3006210048,17.21
279.890,2433772,1028948,0,3462720,8574868,192,3006222336,17.21
279.991,2433772,1028948,0,3462720,8574868,192,3006234624,17.21
280.091,2433772,1028948,0,3462720,8574868,192,3006242816,17.21
280.191,2433772,1028948,0,3462720,8574868,192,3006246912,17.21
280.292,2433772,1159136,0,3592908,8574868,192,3006246912,17.21
280.392,2433772,1159648,0,3593420,8574868,192,3006246912,17.21
280.492,2433772,1159712,0,3593484,8574868,192,3006246912,17.21
280.593,2433772,1159712,0,3593484,8574868,192,3006246912,17.21
280.693,2433772,1159712,0,3593484,8574868,192,3006246912,17.21
280.793,2433772,1159712,0,3593484,8574868,192,3006246912,17.21
280.894,2433772,1160032,0,3593804,8574868,192,3006246912,18.8
280.994,2433772,1160032,0,3593804,8574868,192,3006246912,18.8
281.095,2433772,1160032,0,3593804,8574868,192,3006246912,18.8
281.195,2433772,1160032,0,3593804,8574868,192,3006246912,18.8
281.295,2433772,1160032,0,3593804,8574868,192,3006246912,18.8
281.396,2433772,1160032,0,3593804,8574868,192,3006246912,18.8
281.496,2433772,1160032,0,3593804,8574868,192,3006246912,18.8
281.597,2433772,1160032,0,3593804,8574868,192,3006246912,18.8
281.697,2433772,1160032,0,3593804,8574868,192,3006246912,18.8
281.797,2433772,1160032,0,3593804,8574868,192,3006246912,18.8
281.898,2433772,1160032,0,3593804,8574868,192,3006246912,18.8
281.998,2433772,1160032,0,3593804,8574868,192,3006246912,18.8
282.098,2433772,1160032,0,3593804,8574868,192,3006246912,18.8
282.199,2433772,1160032,0,3593804,8574868,192,3006246912,18.8
282.299,2433772,1160032,0,3593804,8574868,192,3006246912,18.8
282.399,2433772,1160032,0,3593804,8574868,192,3006246912,18.8
282.500,2433772,1160032,0,3593804,8574868,192,3006246912,18.8
282.600,2433772,1160032,0,3593804,8574868,192,3006246912,18.8
282.700,2433772,1160032,0,3593804,8574868,192,3006246912,18.8
282.801,2433772,1160032,0,3593804,8574868,192,3006246912,18.66
282.901,2433772,1160032,0,3593804,8574868,192,3006246912,18.66
283.001,2433772,1160032,0,3593804,8574868,192,3006246912,18.66
283.102,2433772,1160032,0,3593804,8574868,192,3006246912,18.66
283.202,2433772,1160032,0,3593804,8574868,192,3006246912,18.66
283.302,2433772,1160032,0,3593804,8574868,192,3006246912,18.66
283.403,2433772,1160032,0,3593804,8574868,192,3006246912,18.66
283.503,2433772,1160032,0,3593804,8574868,192,3006246912,18.66
283.603,2433772,1160032,0,3593804,8574868,192,3006246912,18.66
283.704,2433772,1160032,0,3593804,8574868,192,3006246912,18.66
283.804,2433772,1160032,0,3593804,8574868,192,3006246912,18.66
283.904,2433772,1160032,0,3593804,8574868,192,3006246912,18.66
284.005,2433772,1160032,0,3593804,8574868,192,3006246912,18.66
284.105,2433772,1160032,0,3593804,8574868,192,3006246912,18.66
284.206,2433772,1160032,0,3593804,8574868,192,3006246912,18.66
284.306,2433772,1160032,0,3593804,8574868,192,3006246912,18.66
284.406,2433772,1160032,0,3593804,8574868,192,3006246912,18.66
284.507,2433772,1160032,0,3593804,8574868,192,3006246912,18.66
284.607,2433772,1160032,0,3593804,8574868,192,3006246912,18.66
284.707,2433772,1160032,0,3593804,8574868,192,3006246912,18.66
284.808,2433772,1160032,0,3593804,8574868,192,3006246912,18.17
284.908,2433772,1160032,0,3593804,8574868,192,3006246912,18.17
285.008,2433772,1160032,0,3593804,8574868,192,3006246912,18.17
285.109,2433772,1160032,0,3593804,8574868,192,3006246912,18.17
285.209,2433772,1160032,0,3593804,8574868,192,3006246912,18.17
285.310,2433772,1160032,0,3593804,8574868,192,3006246912,18.17
285.410,2433772,1160032,0,3593804,8574868,192,3006246912,18.17
285.510,2433772,1160032,0,3593804,8574868,192,3006246912,18.17
285.611,2433772,1160032,0,3593804,8574868,192,3006246912,18.17
285.711,2433772,1160032,0,3593804,8574868,192,3006246912,18.17
285.811,2433772,1160032,0,3593804,8574868,192,3006246912,18.17
285.912,2433772,1160032,0,3593804,8574868,192,3006246912,18.17
286.012,2433772,1160032,0,3593804,8574868,192,3006246912,18.17
286.113,2433772,1160032,0,3593804,8574868,192,3006246912,18.17
286.213,2433772,1160032,0,3593804,8574868,192,3006246912,18.17
286.313,2433772,1160032,0,3593804,8574868,192,3006246912,18.17
286.414,2433772,1160032,0,3593804,8574868,192,3006246912,18.17
286.514,2433772,1160032,0,3593804,8574868,192,3006246912,18.17
286.614,2433772,1160032,0,3593804,8574868,192,3006246912,18.17
286.715,2433772,1160032,0,3593804,8574868,192,3006246912,16.33
286.815,2433772,1160032,0,3593804,8574868,192,3006246912,16.33
286.916,2433772,1160032,0,3593804,8574868,192,3006246912,16.33
287.016,2433772,1160032,0,3593804,8574868,192,3006246912,16.33
287.116,2433772,1160032,0,3593804,8574868,192,3006246912,16.33
287.217,2433772,1160032,0,3593804,8574868,192,3006246912,16.33
287.317,2433772,1160032,0,3593804,8574868,192,3006246912,16.33
287.418,2433772,1160032,0,3593804,8574868,192,3006246912,16.33
287.518,2433772,1160032,0,3593804,8574868,192,3006246912,16.33
287.619,2433772,1160032,0,3593804,8574868,192,3006246912,16.33
287.719,2433772,1160032,0,3593804,8574868,192,3006246912,16.33
287.819,2433772,1160032,0,3593804,8574868,192,3006246912,16.33
287.920,2433772,1160032,0,3593804,8574868,192,3006246912,16.33
288.020,2433772,1160032,0,3593804,8574868,192,3006246912,16.33
288.120,2433772,1160032,0,3593804,8574868,192,3006246912,16.33
288.221,2433772,1160032,0,3593804,8574868,192,3006246912,16.33
288.321,2433772,1160032,0,3593804,8574868,192,3006246912,16.33
288.422,2433772,1160032,0,3593804,8574868,192,3006246912,16.33
288.522,2433772,1160032,0,3593804,8574868,192,3006246912,16.33
288.622,2433772,1160032,0,3593804,8574868,192,3006246912,15.36
288.723,2433772,1160032,0,3593804,8574868,192,3006246912,15.36
288.823,2433772,1160032,0,3593804,8574868,192,3006246912,15.36
288.923,2433772,1160032,0,3593804,8574868,192,3006246912,15.36
289.024,2433772,1160032,0,3593804,8574868,192,3006246912,15.36
289.124,2433772,1160032,0,3593804,8574868,192,3006246912,15.36
289.224,2433772,1160032,0,3593804,8574868,192,3006246912,15.36
289.325,2433772,1160032,0,3593804,8574868,192,3006246912,15.36
289.425,2433772,1160032,0,3593804,8574868,192,3006246912,15.36
289.525,2433772,1160032,0,3593804,8574868,192,3006246912,15.36
289.626,2433772,1160032,0,3593804,8574868,192,3006246912,15.36
289.726,2433772,1160032,0,3593804,8574868,192,3006246912,15.36
289.826,2433772,1160032,0,3593804,8574868,192,3006246912,15.36
289.927,2433772,1160032,0,3593804,8574868,192,3006246912,15.36
290.027,2433772,1160032,0,3593804,8574868,192,3006246912,15.36
290.127,2433772,1160032,0,3593804,8574868,192,3006246912,15.36
290.228,2433772,1160032,0,3593804,8574868,192,3006246912,15.36
290.328,2433772,1160032,0,3593804,8574868,192,3006246912,15.36
290.429,2433772,1160032,0,3593804,8574868,192,3006246912,15.36
290.529,2433772,1160032,0,3593804,8574868,192,3006246912,15.36
290.629,2433772,1160032,0,3593804,8574868,192,3006246912,15.84
290.730,2433772,1160032,0,3593804,8574868,192,3006246912,15.84
290.830,2433772,1160032,0,3593804,8574868,192,3006246912,15.84
290.931,2433772,1160032,0,3593804,8574868,192,3006246912,15.84
291.031,2433772,1160032,0,3593804,8574868,192,3006246912,15.84
291.131,2433772,1160032,0,3593804,8574868,192,3006246912,15.84
291.232,2433772,1160032,0,3593804,8574868,192,3006246912,15.84
291.332,2433772,1160032,0,3593804,8574868,192,3006246912,15.84
291.432,2433772,1160032,0,3593804,8574868,192,3006246912,15.84
291.532,2433772,1160032,0,3593804,8574868,192,3006246912,15.84
291.633,2433772,1160032,0,3593804,8574868,192,3006246912,15.84
291.733,2433772,1160032,0,3593804,8574868,192,3006246912,15.84
291.834,2433772,1160032,0,3593804,8574868,192,3006246912,15.84
291.934,2433772,1160032,0,3593804,8574868,192,3006246912,15.84
292.034,2433772,1160032,0,3593804,8574868,192,3006246912,15.84
292.135,2433772,1160032,0,3593804,8574868,192,3006246912,15.84
292.235,2433772,1160032,0,3593804,8574868,192,3006246912,15.84
292.335,2433772,1160032,0,3593804,8574868,192,3006246912,15.84
292.436,2433772,1160032,0,3593804,8574868,192,3006246912,15.84
292.536,2433772,1160032,0,3593804,8574868,192,3006246912,15.69
292.636,2433772,1160032,0,3593804,8574868,192,3006246912,15.69
292.737,2433772,1160032,0,3593804,8574868,192,3006246912,15.69
292.837,2433772,1160032,0,3593804,8574868,192,3006246912,15.69
292.938,2433772,1160032,0,3593804,8574868,192,3006246912,15.69
293.038,2433772,1160032,0,3593804,8574868,192,3006246912,15.69
293.138,2433772,1160032,0,3593804,8574868,192,3006246912,15.69
293.239,2433772,1160032,0,3593804,8574868,192,3006246912,15.69
293.339,2433772,1160032,0,3593804,8574868,192,3006246912,15.69
293.439,2433772,1160032,0,3593804,8574868,192,3006246912,15.69
293.540,2433772,1160032,0,3593804,8574868,192,3006246912,15.69
293.640,2433772,1160032,0,3593804,8574868,192,3006246912,15.69
293.740,2433772,1160032,0,3593804,8574868,192,3006246912,15.69
293.841,2433772,1160032,0,3593804,8574868,192,3006246912,15.69
293.941,2433772,1160032,0,3593804,8574868,192,3006246912,15.69
294.041,2433772,1160032,0,3593804,8574868,192,3006246912,15.69
294.142,2433772,1160032,0,3593804,8574868,192,3006246912,15.69
294.242,2433772,1160032,0,3593804,8574868,192,3006246912,15.69
294.342,2433772,1160032,0,3593804,8574868,192,3006246912,15.69
294.443,2433772,1160032,0,3593804,8574868,192,3006246912,15.02
294.543,2433772,1160032,0,3593804,8574868,192,3006246912,15.02
294.643,2433772,1160032,0,3593804,8574868,192,3006246912,15.02
294.744,2433772,1160032,0,3593804,8574868,192,3006246912,15.02
294.844,2433772,1160032,0,3593804,8574868,192,3006246912,15.02
294.945,2433772,1160032,0,3593804,8574868,192,3006246912,15.02
295.045,2433772,1160032,0,3593804,8574868,192,3006246912,15.02
295.145,2433772,1160032,0,3593804,8574868,192,3006246912,15.02
295.246,2433772,1160032,0,3593804,8574868,192,3006246912,15.02
295.346,2433772,1160032,0,3593804,8574868,192,3006246912,15.02
295.446,2433772,1160032,0,3593804,8574868,192,3006246912,15.02
295.547,2433772,1160032,0,3593804,8574868,192,3006246912,15.02
295.647,2433772,1160032,0,3593804,8574868,192,3006246912,15.02
295.747,2433772,1160032,0,3593804,8574868,192,3006246912,15.02
295.848,2433772,1160032,0,3593804,8574868,192,3006246912,15.02
295.948,2433772,1160032,0,3593804,8574868,192,3006246912,15.02
296.049,2433772,1160032,0,3593804,8574868,192,3006246912,15.02
296.149,2433772,1160032,0,3593804,8574868,192,3006246912,15.02
296.249,2433772,1160032,0,3593804,8574868,192,3006246912,15.02
296.350,2433772,1160032,0,3593804,8574868,192,3006246912,15.02
296.450,2433772,1160032,0,3593804,8574868,192,3006246912,14.83
296.550,2433772,1160032,0,3593804,8574868,192,3006246912,14.83
296.651,2433772,1160032,0,3593804,8574868,192,3006246912,14.83
296.751,2433772,1160032,0,3593804,8574868,192,3006246912,14.83
296.852,2433772,1160032,0,3593804,8574868,192,3006246912,14.83
296.952,2433772,1160032,0,3593804,8574868,192,3006246912,14.83
297.052,2433772,1160032,0,3593804,8574868,192,3006246912,14.83
297.153,2433772,1160032,0,3593804,8574868,192,3006246912,14.83
297.253,2433772,1160032,0,3593804,8574868,192,3006246912,14.83
297.353,2433772,1160032,0,3593804,8574868,192,3006246912,14.83
297.454,2433772,1160032,0,3593804,8574868,192,3006246912,14.83
297.554,2433772,1160032,0,3593804,8574868,192,3006246912,14.83
297.654,2433772,1160032,0,3593804,8574868,192,3006246912,14.83
297.755,2433772,1160032,0,3593804,8574868,192,3006246912,14.83
297.855,2433772,1160032,0,3593804,8574868,192,3006246912,14.83
297.955,2433772,1160032,0,3593804,8574868,192,3006246912,14.83
298.056,2433772,1160032,0,3593804,8574868,192,3006246912,14.83
298.156,2433772,1160032,0,3593804,8574868,192,3006246912,14.83
298.257,2433772,1160032,0,3593804,8574868,192,3006246912,14.83
298.357,2433772,1160032,0,3593804,8574868,192,3006246912,15.59
298.457,2433772,1160032,0,3593804,8574868,192,3006246912,15.59
298.558,2433772,1160032,0,3593804,8574868,192,3006246912,15.59
298.658,2433772,1160032,0,3593804,8574868,192,3006246912,15.59
298.758,2433772,1160032,0,3593804,8574868,192,3006246912,15.59
298.859,2433772,1160032,0,3593804,8574868,192,3006246912,15.59
298.959,2433772,1160032,0,3593804,8574868,192,3006246912,15.59
299.060,2433772,1160032,0,3593804,8574868,192,3006246912,15.59
299.160,2433772,1160032,0,3593804,8574868,192,3006246912,15.59
299.260,2433772,1160032,0,3593804,8574868,192,3006246912,15.59
299.360,2433772,1160032,0,3593804,8574868,192,3006246912,15.59
299.461,2433772,1160032,0,3593804,8574868,192,3006246912,15.59
299.561,2433772,1160032,0,3593804,8574868,192,3006246912,15.59
299.661,2433772,1160032,0,3593804,8574868,192,3006246912,15.59
299.762,2433772,1160032,0,3593804,8574868,192,3006246912,15.59
299.862,2433772,1160032,0,3593804,8574868,192,3006246912,15.59
299.962,2433772,1160032,0,3593804,8574868,192,3006246912,15.59
300.063,2433772,1160032,0,3593804,8574868,192,3006246912,15.59
300.163,2433772,1160032,0,3593804,8574868,192,3006246912,15.59
300.263,2433772,1160032,0,3593804,8574868,192,3006246912,15.59
300.364,2433772,1160032,0,3593804,8574868,192,3006246912,16.2
300.464,2433772,1160032,0,3593804,8574868,192,3006246912,16.2
300.565,2433772,1160032,0,3593804,8574868,192,3006246912,16.2
300.665,2433772,1160032,0,3593804,8574868,192,3006246912,16.2
300.765,2433772,1160032,0,3593804,8574868,192,3006246912,16.2
300.866,2433772,1160032,0,3593804,8574868,192,3006246912,16.2
300.966,2433772,1160032,0,3593804,8574868,192,3006246912,16.2
301.066,2433772,1160032,0,3593804,8574868,192,3006246912,16.2
301.167,2433772,1160032,0,3593804,8574868,192,3006246912,16.2
301.267,2433772,1160032,0,3593804,8574868,192,3006246912,16.2
301.367,2433772,1160032,0,3593804,8574868,192,3006246912,16.2
301.468,2433772,1160032,0,3593804,8574868,192,3006246912,16.2
301.568,2433772,1160032,0,3593804,8574868,192,3006246912,16.2
301.668,2433772,1194464,0,3628236,8574868,192,3006246912,16.2
301.768,2433772,1162848,0,3596620,8574868,204,3210440704,16.2
301.869,2433772,1165408,0,3599180,8574868,224,3510140928,16.2
301.969,2433772,1189516,0,3623288,8574868,249,3796242432,16.2
302.070,2433772,1199308,0,3633080,8574868,271,4094406656,16.2
302.170,2433772,1224204,0,3657976,8574868,292,4375236608,16.2
302.270,2433772,1252296,0,3686068,8574868,315,4667731968,17.98
302.371,2433772,1267844,0,3701616,8574868,336,4951191552,17.98
302.471,2433772,1303352,0,3737124,8574868,361,5236559872,17.98
302.571,2433772,1325812,0,3759584,8574868,384,5520429056,17.98
302.672,2433772,1371636,0,3805408,8574868,408,5793669120,17.98
302.772,2433772,1427512,0,3861284,8574868,432,6079639552,17.98
302.872,2433772,1458544,0,3892316,8574868,455,6367252480,17.98
302.973,2433772,1468592,0,3902364,8574868,476,6659674112,17.98
303.073,2433772,1484592,0,3918364,8574868,490,6852214784,17.98
303.174,2433772,1509040,0,3942812,8574868,503,7034167296,17.98
303.274,2433772,1523888,0,3957660,8574868,519,7217160192,17.98
303.374,2433772,1533808,0,3967580,8574868,532,7405568000,17.98
303.475,2433772,1551148,0,3984920,8574868,546,7588392960,17.98
303.575,2433772,1571692,0,4005464,8574868,561,7780012032,17.98
303.675,2433772,1602472,0,4036244,8574868,578,7966363648,17.98
303.776,2433772,1641192,0,4074964,8574868,595,8151506944,17.98
303.876,2433772,1658408,0,4092180,8574868,608,8331792384,17.98
303.977,2433772,1675176,0,4108948,8574868,622,8513474560,17.98
304.077,2433772,1704616,0,4138388,8574868,637,8689299456,17.98
304.177,2433772,1726180,0,4159952,8574868,654,8859545600,18.71
304.278,2433772,1747552,0,4181324,8574868,672,9033953280,18.71
304.378,2433772,1788512,0,4222284,8574868,691,9215582208,18.71
304.478,2433772,1797408,0,4231180,8574868,706,9403772928,18.71
304.579,2433772,1833684,0,4267456,8574868,721,9577414656,18.71
304.679,2433772,1887956,0,4321728,8574868,735,9745928192,18.71
304.779,2433772,1914576,0,4348348,8574868,750,9924075520,18.71
304.880,2433772,1939532,0,4373304,8574868,763,10083057664,18.71
304.980,2433772,1973760,0,4407532,8574868,782,10249179136,18.71
305.081,2433772,2020288,0,4454060,8574868,796,10380943360,18.71
305.181,2433772,2050944,0,4484716,8574868,811,10520358912,18.71
305.281,2433772,2084992,0,4518764,8574868,824,10676928512,18.71
305.382,2433772,2121336,0,4555108,8574868,848,10895908864,18.71
305.482,2433772,2225668,0,4659440,8574868,871,11106041856,18.71
305.583,2433772,2288688,0,4722460,8574868,894,11327512576,18.71
305.683,2433772,2359436,0,4793208,8574868,918,11514245120,18.71
305.784,2433772,2432704,0,4866476,8574868,944,11692322816,18.71
305.884,2433772,2530092,0,4963864,8574868,967,11856011264,18.71
305.985,2433772,2633636,0,5067408,8574868,993,12021346304,18.71
306.085,2433772,2808504,0,5242276,8574868,1015,12192743424,18.71
306.185,2433772,3076252,0,5510024,8574868,1047,12316983296,16.22
306.286,2433772,3394396,0,5828168,8574868,1073,12424765440,16.22
306.386,2433772,3730332,0,6164104,8574868,1099,12502274048,16.22
306.487,2433772,4070764,0,6504536,8574868,1120,12545708032,16.22
306.587,2433772,4416972,0,6850744,8574868,1125,12553428992,16.22
306.687,2433772,4662476,0,7096248,8574868,1128,12557455360,16.22
306.788,2433772,4960100,0,7393872,8574868,1133,12561584128,16.22
306.888,2433772,5245872,0,7679644,8574868,1136,12567400448,16.22
306.989,2433772,5461956,0,7895728,8574868,1137,12567711744,16.22
307.089,2433772,5693636,0,8127408,8574868,1137,12567711744,16.22
307.190,2433772,5879616,0,8313388,8574868,1138,12567773184,16.22
307.290,2433772,6161644,0,8595416,8595416,1138,12567773184,16.22
307.390,2433772,6378060,0,8811832,8811832,1139,12567867392,16.22
307.491,2433772,6615208,0,9048980,9048980,1141,12569419776,16.22
307.591,2433772,6848008,0,9281780,9281780,1141,12569419776,16.22
307.691,2433772,7044848,0,9478620,9478620,1143,12571308032,16.22
307.792,2433772,7188764,0,9622536,9622536,1143,12571308032,16.22
307.892,2433772,7313028,0,9746800,9746800,1143,12571308032,16.22
307.992,2433772,7463596,0,9897368,9897368,1143,12571308032,16.22
308.092,2433772,7629004,0,10062776,10062776,1143,12571308032,17.45
308.193,2433772,7744040,0,10177812,10177812,1143,12571308032,17.45
308.293,2433772,7844200,0,10277972,10277972,1143,12571308032,17.45
308.394,2433772,7919664,0,10353436,10353436,1143,12571308032,17.45
308.494,2433772,7993708,0,10427480,10427480,1143,12571308032,17.45
308.594,2433772,8081376,0,10515148,10515148,1143,12571308032,17.45
308.695,2433772,8217944,0,10651716,10651716,1143,12571308032,17.45
308.795,2433772,8317132,0,10750904,10750904,1143,12571308032,17.45
308.895,2433772,8421552,0,10855324,10855324,1143,12571308032,17.45
308.996,2433772,8492000,0,10925772,10925772,1143,12571308032,17.45
309.096,2433772,8538656,0,10972428,10972428,1143,12571308032,17.45
309.196,2433772,8594716,0,11028488,11028488,1143,12571308032,17.45
309.297,2433772,8671328,0,11105100,11105100,1143,12571308032,17.45
309.397,2433772,8743324,0,11177096,11177096,1143,12571308032,17.45
309.497,2433772,8796632,0,11230404,11230404,1144,12571316224,17.45
309.598,2433772,8902796,0,11336568,11336568,1144,12571316224,17.45
309.698,2433772,8981136,0,11414908,11414908,1144,12571316224,17.45
309.798,2433772,9053180,0,11486952,11486952,1144,12571316224,17.45
309.899,2433772,9149096,0,11582868,11582868,1144,12571316224,17.45
309.999,2433772,9235420,0,11669192,11669192,1144,12571316224,17.45
310.099,2433772,9332316,0,11766088,11766088,1144,12571316224,17.55
310.199,2433772,9419308,0,11853080,11853080,1144,12571316224,17.55
310.300,2433772,9499132,0,11932904,11932904,1144,12571316224,17.55
310.400,2433772,9565884,0,11999656,11999656,1144,12571316224,17.55
310.500,2433772,9623668,0,12057440,12057440,1144,12571316224,17.55
310.601,2433772,9669932,0,12103704,12103704,1144,12571316224,17.55
310.701,2433772,9740572,0,12174344,12174344,1144,12571316224,17.55
310.801,2433772,9788112,0,12221884,12221884,1144,12571316224,17.55
310.902,2433772,9826956,0,12260728,12260728,1144,12571316224,17.55
311.002,2433772,9870096,0,12303868,12303868,1144,12571316224,17.55
311.103,2433772,9910412,0,12344184,12344184,1145,12571799552,17.55
311.203,2433772,9951952,0,12385724,12385724,1145,12572221440,17.55
311.303,2433772,9978716,0,12412488,12412488,1145,12572221440,17.55
311.403,2433772,10011476,0,12445248,12445248,1145,12572221440,17.55
311.504,2433772,10039320,0,12473092,12473092,1145,12572221440,17.55
311.604,2433772,10081544,0,12515316,12515316,1145,12572221440,17.55
311.705,2433772,10118988,0,12552760,12552760,1145,12572221440,17.55
311.805,2433772,10148552,0,12582324,12582324,1145,12572221440,17.55
311.905,2433772,10170912,0,12604684,12604684,1145,12572221440,17.55
312.006,2433772,10208028,0,12641800,12641800,1145,12572221440,14.37
312.106,2433772,10245792,0,12679564,12679564,1145,12572221440,14.37
312.206,2433772,10286388,0,12720160,12720160,1145,12572221440,14.37
312.307,2433772,10337584,0,12771356,12771356,1145,12572221440,14.37
312.407,2433772,10366452,0,12800224,12800224,1145,12572221440,14.37
312.507,2433772,10387084,0,12820856,12820856,1145,12572221440,14.37
312.608,2433772,10405200,0,12838972,12838972,1145,12572221440,14.37
312.708,2433772,10427856,0,12861628,12861628,1145,12572221440,14.37
312.808,2433772,10456220,0,12889992,12889992,1145,12572221440,14.37
312.909,2433772,10484116,0,12917888,12917888,1145,12572221440,14.37
313.009,2433772,10506964,0,12940736,12940736,1145,12572221440,14.37
313.109,2433772,10533020,0,12966792,12966792,1145,12572221440,14.37
313.210,2433772,10551656,0,12985428,12985428,1145,12572221440,14.37
313.310,2433772,10573540,0,13007312,13007312,1145,12572221440,14.37
313.411,2433772,10596272,0,13030044,13030044,1145,12572221440,14.37
313.511,2433772,10617532,0,13051304,13051304,1145,12572221440,14.37
313.611,2433772,10633020,0,13066792,13066792,1145,12572221440,14.37
313.712,2433772,10646788,0,13080560,13080560,1145,12572221440,14.37
313.812,2433772,10663880,0,13097652,13097652,1145,12572221440,14.37
313.912,2433772,10678856,0,13112628,13112628,1145,12572221440,15.21
314.012,2433772,10692420,0,13126192,13126192,1145,12572221440,15.21
314.113,2433772,10711944,0,13145716,13145716,1145,12572221440,15.21
314.213,2433772,10731152,0,13164924,13164924,1145,12572241920,15.21
314.314,2433772,10746772,0,13180544,13180544,1145,12572241920,15.21
314.414,2433772,10763792,0,13197564,13197564,1145,12572241920,15.21
314.514,2433772,10779732,0,13213504,13213504,1145,12572241920,15.21
314.614,2433772,10799064,0,13232836,13232836,1145,12572241920,15.21
314.715,2433772,10804128,0,13237900,13237900,1145,12572241920,15.21
314.815,2433772,10815840,0,13249612,13249612,1145,12572241920,15.21
314.915,2433772,10823592,0,13257364,13257364,1145,12572241920,15.21
315.016,2433772,10830000,0,13263772,13263772,1145,12572241920,15.21
315.116,2433772,10835856,0,13269628,13269628,1146,12572278784,15.21
315.217,2433772,10846112,0,13279884,13279884,1146,12572278784,15.21
315.317,2433772,10854944,0,13288716,13288716,1146,12572278784,15.21
315.417,2433772,10860960,0,13294732,13294732,1146,12572278784,15.21
315.518,2433772,10864860,0,13298632,13298632,1146,12572278784,15.21
315.618,2433772,10872820,0,13306592,13306592,1146,12572278784,15.21
315.719,2433772,10880756,0,13314528,13314528,1146,12572278784,15.21
315.819,2433772,10887680,0,13321452,13321452,1146,12572278784,15.21
315.919,2433772,10894584,0,13328356,13328356,1146,12572278784,15.71
316.020,2433772,10905844,0,13339616,13339616,1146,12572278784,15.71
316.120,2433772,10914292,0,13348064,13348064,1146,12572278784,15.71
316.220,2433772,10920896,0,13354668,13354668,1146,12572278784,15.71
316.321,2433772,10927192,0,13360964,13360964,1146,12572278784,15.71
316.421,2433772,10930072,0,13363844,13363844,1146,12572278784,15.71
316.521,2433772,10930988,0,13364760,13364760,1146,12572278784,15.71
316.622,2433772,10933240,0,13367012,13367012,1146,12572278784,15.71
316.722,2433772,10937912,0,13371684,13371684,1146,12572278784,15.71
316.822,2433772,10940928,0,13374700,13374700,1146,12572278784,15.71
316.923,2433772,10942472,0,13376244,13376244,1146,12572278784,15.71
317.023,2433772,10943244,0,13377016,13377016,1146,12572278784,15.71
317.123,2433772,10944784,0,13378556,13378556,1146,12572278784,15.71
317.224,2433772,10949404,0,13383176,13383176,1146,12572278784,15.71
317.324,2433772,10961312,0,13395084,13395084,1146,12572278784,15.71
317.424,2433772,10975092,0,13408864,13408864,1146,12572278784,15.71
317.525,2433772,10983600,0,13417372,13417372,1146,12572278784,15.71
317.625,2433772,10992176,0,13425948,13425948,1146,12572278784,15.71
317.725,2433772,11009332,0,13443104,13443104,1146,12572278784,15.71
317.826,2433772,11014196,0,13447968,13447968,1146,12572278784,13.77
317.926,2433772,11019832,0,13453604,13453604,1146,12572278784,13.77
318.026,2433772,11026624,0,13460396,13460396,1146,12572278784,13.77
318.127,2433772,11033300,0,13467072,13467072,1146,12572278784,13.77
318.227,2433772,11039188,0,13472960,13472960,1146,12572278784,13.77
318.328,2433772,11044120,0,13477892,13477892,1146,12572278784,13.77
318.428,2433772,11052144,0,13485916,13485916,1146,12572278784,13.77
318.528,2433772,11063600,0,13497372,13497372,1146,12572278784,13.77
318.628,2433772,11073780,0,13507552,13507552,1146,12572278784,13.77
318.729,2433772,11079152,0,13512924,13512924,1146,12572278784,13.77
318.829,2433772,11083060,0,13516832,13516832,1146,12572278784,13.77
318.930,2433772,11089652,0,13523424,13523424,1147,12572975104,13.77
319.030,2433772,11092924,0,13526696,13526696,1147,12572975104,13.77
319.130,2433772,11098168,0,13531940,13531940,1147,12572975104,13.77
319.231,2433772,11104444,0,13538216,13538216,1147,12572975104,13.77
319.331,2433772,11109636,0,13543408,13543408,1147,12572975104,13.77
319.431,2433772,11112324,0,13546096,13546096,1147,12572975104,13.77
319.531,2433772,11116044,0,13549816,13549816,1147,12572975104,13.77
319.632,2433772,11120588,0,13554360,13554360,1147,12572975104,13.77
319.732,2433772,11123024,0,13556796,13556796,1147,12572975104,13.77
319.832,2433772,11124756,0,13558528,13558528,1147,12572975104,14.9
319.933,2433772,11127712,0,13561484,13561484,1147,12572975104,14.9
320.033,2433772,11131232,0,13565004,13565004,1147,12572975104,14.9
320.134,2433772,11133600,0,13567372,13567372,1147,12572975104,14.9
320.234,2433772,11135204,0,13568976,13568976,1147,12572975104,14.9
320.334,2433772,11136868,0,13570640,13570640,1147,12572975104,14.9
320.435,2433772,11138984,0,13572756,13572756,1147,12572975104,14.9
320.535,2433772,11141992,0,13575764,13575764,1147,12572975104,14.9
320.635,2433772,11144812,0,13578584,13578584,1147,12572975104,14.9
320.736,2433772,11148020,0,13581792,13581792,1147,12572975104,14.9
320.836,2433772,11151808,0,13585580,13585580,1147,12572975104,14.9
320.936,2433772,11157188,0,13590960,13590960,1147,12572975104,14.9
321.036,2433772,11161344,0,13595116,13595116,1147,12572975104,14.9
321.137,2433772,11164228,0,13598000,13598000,1147,12572975104,14.9
321.237,2433772,11167244,0,13601016,13601016,1147,12572975104,14.9
321.337,2433772,11171084,0,13604856,13604856,1147,12572975104,14.9
321.438,2433772,11174996,0,13608768,13608768,1147,12572975104,14.9
321.538,2433772,11178388,0,13612160,13612160,1147,12572975104,14.9
321.638,2433772,11181272,0,13615044,13615044,1147,12572975104,14.9
321.739,2433772,11186072,0,13619844,13619844,1147,12572975104,14.19
321.839,2433772,11193248,0,13627020,13627020,1147,12572975104,14.19
321.940,2433772,11195868,0,13629640,13629640,1147,12572975104,14.19
322.040,2433772,11197596,0,13631368,13631368,1147,12572975104,14.19
322.140,2433772,11200680,0,13634452,13634452,1147,12572975104,14.19
322.241,2433772,11204584,0,13638356,13638356,1147,12572975104,14.19
322.341,2433772,11206512,0,13640284,13640284,1147,12572975104,14.19
322.441,2433772,11209008,0,13642780,13642780,1147,12572975104,14.19
322.542,2433772,11210996,0,13644768,13644768,1147,12572975104,14.19
322.642,2433772,11215288,0,13649060,13649060,1147,12572975104,14.19
322.742,2433772,11217720,0,13651492,13651492,1147,12572975104,14.19
322.843,2433772,11220088,0,13653860,13653860,1147,12572975104,14.19
322.943,2433772,11221112,0,13654884,13654884,1147,12572975104,14.19
323.043,2433772,11223032,0,13656804,13656804,1147,12572975104,14.19
323.144,2433772,11226608,0,13660380,13660380,1147,12572975104,14.19
323.244,2433772,11229424,0,13663196,13663196,1147,12572975104,14.19
323.344,2433772,11234228,0,13668000,13668000,1147,12572975104,14.19
323.445,2433772,11235512,0,13669284,13669284,1147,12572975104,14.19
323.545,2433772,11240704,0,13674476,13674476,1147,12572975104,14.19
323.645,2433772,11243136,0,13676908,13676908,1147,12572975104,15.06
323.746,2433772,11246280,0,13680052,13680052,1147,12572975104,15.06
323.846,2433772,11247436,0,13681208,13681208,1147,12572975104,15.06
323.946,2433772,11249164,0,13682936,13682936,1147,12572975104,15.06
324.047,2433772,11250956,0,13684728,13684728,1147,12572975104,15.06
324.147,2433772,11252176,0,13685948,13685948,1147,12572975104,15.06
324.247,2433772,11252692,0,13686464,13686464,1147,12572975104,15.06
324.348,2433772,11255260,0,13689032,13689032,1147,12572975104,15.06
324.448,2433772,11257956,0,13691728,13691728,1147,12572975104,15.06
324.548,2433772,11259560,0,13693332,13693332,1147,12572975104,15.06
324.649,2433772,11261480,0,13695252,13695252,1147,12572975104,15.06
324.749,2433772,11264752,0,13698524,13698524,1147,12572975104,15.06
324.850,2433772,11267116,0,13700888,13700888,1147,12572975104,15.06
324.950,2433772,11268272,0,13702044,13702044,1147,12572975104,15.06
325.050,2433772,11269808,0,13703580,13703580,1147,12572975104,15.06
325.150,2433772,11270876,0,13704648,13704648,1147,12572975104,15.06
325.251,2433772,11271268,0,13705040,13705040,1147,12572975104,15.06
325.351,2433772,11272172,0,13705944,13705944,1147,12572975104,15.06
325.451,2433772,11273136,0,13706908,13706908,1147,12572975104,15.06
325.552,2433772,11273584,0,13707356,13707356,1147,12572975104,15.06
325.652,2433772,11274548,0,13708320,13708320,1147,12572975104,16.32
325.753,2433772,11274940,0,13708712,13708712,1147,12572975104,16.32
325.853,2433772,11276028,0,13709800,13709800,1147,12572975104,16.32
325.953,2433772,11277244,0,13711016,13711016,1147,12572975104,16.32
326.054,2433772,11278012,0,13711784,13711784,1147,12572975104,16.32
326.154,2433772,11279620,0,13713392,13713392,1147,12572975104,16.32
326.254,2433772,11281608,0,13715380,13715380,1147,12572975104,16.32
326.354,2433772,11283280,0,13717052,13717052,1147,12572975104,16.32
326.455,2433772,11285776,0,13719548,13719548,1147,12572975104,16.32
326.555,2433772,11287896,0,13721668,13721668,1147,12572975104,16.32
326.656,2433772,11289112,0,13722884,13722884,1147,12572975104,16.32
326.756,2433772,11290460,0,13724232,13724232,1147,12572975104,16.32
326.856,2433772,11292380,0,13726152,13726152,1147,12572975104,16.32
326.957,2433772,11294180,0,13727952,13727952,1147,12572975104,16.32
327.057,2433772,11295152,0,13728924,13728924,1147,12572975104,16.32
327.157,2433772,11297920,0,13731692,13731692,1147,12572975104,16.32
327.258,2433772,11299336,0,13733108,13733108,1147,12572975104,16.32
327.358,2433772,11300940,0,13734712,13734712,1147,12572975104,16.32
327.458,2433772,11302352,0,13736124,13736124,1147,12572975104,16.32
327.559,2433772,11303632,0,13737404,13737404,1147,12572975104,13.9
327.659,2433772,11305356,0,13739128,13739128,1147,12572975104,13.9
327.759,2433772,11306064,0,13739836,13739836,1147,12572975104,13.9
327.860,2433772,11306768,0,13740540,13740540,1147,12572975104,13.9
327.960,2433772,11307408,0,13741180,13741180,1147,12572975104,13.9
328.060,2433772,11308316,0,13742088,13742088,1147,12572975104,13.9
328.161,2433772,11309088,0,13742860,13742860,1147,12572975104,13.9
328.261,2433772,11309728,0,13743500,13743500,1147,12572975104,13.9
328.361,2433772,11310072,0,13743844,13743844,1147,12572975104,13.9
328.462,2433772,11311220,0,13744992,13744992,1147,12572975104,13.9
328.562,2433772,11311604,0,13745376,13745376,1147,12572975104,13.9
328.663,2433772,11312244,0,13746016,13746016,1147,12572975104,13.9
328.763,2433772,11313460,0,13747232,13747232,1147,12572975104,13.9
328.863,2433772,11314552,0,13748324,13748324,1147,12572975104,13.9
328.963,2433772,11315776,0,13749548,13749548,1147,12572975104,13.9
329.064,2433772,11317124,0,13750896,13750896,1147,12572975104,13.9
329.164,2433772,11318724,0,13752496,13752496,1147,12572975104,13.9
329.264,2433772,11320964,0,13754736,13754736,1147,12572975104,13.9
329.365,2433772,11321812,0,13755584,13755584,1147,12572975104,13.9
329.465,2433772,11322840,0,13756612,13756612,1147,12572975104,13.9
329.566,2433772,11324124,0,13757896,13757896,1147,12572975104,14.83
329.666,2433772,11325024,0,13758796,13758796,1147,12572975104,14.83
329.766,2433772,11326432,0,13760204,13760204,1147,12572975104,14.83
329.867,2433772,11327008,0,13760780,13760780,1147,12572975104,14.83
329.967,2433772,11328612,0,13762384,13762384,1147,12572975104,14.83
330.067,2433772,11330152,0,13763924,13763924,1147,12572975104,14.83
330.167,2433772,11331884,0,13765656,13765656,1147,12572975104,14.83
330.268,2433772,11333420,0,13767192,13767192,1147,12572975104,14.83
330.368,2433772,11334512,0,13768284,13768284,1147,12572975104,14.83
330.468,2433772,11334960,0,13768732,13768732,1147,12572975104,14.83
330.569,2433772,11335408,0,13769180,13769180,1147,12572975104,14.83
330.669,2433772,11337648,0,13771420,13771420,1147,12572975104,14.83
330.770,2433772,11341424,0,13775196,13775196,1147,12572975104,14.83
330.870,2433772,11343924,0,13777696,13777696,1147,12572975104,14.83
330.970,2433772,11347252,0,13781024,13781024,1147,12572975104,14.83
331.071,2433772,11348468,0,13782240,13782240,1147,12572975104,14.83
331.171,2433772,11348728,0,13782500,13782500,1147,12572975104,14.83
331.271,2433772,11349320,0,13783092,13783092,1147,12572975104,14.83
331.372,2433772,11349772,0,13783544,13783544,1147,12572975104,14.83
331.472,2433772,11350028,0,13783800,13783800,1147,12572975104,15.58
331.572,2433772,11350156,0,13783928,13783928,1147,12572975104,15.58
331.673,2433772,11350348,0,13784120,13784120,1147,12572975104,15.58
331.773,2433772,11350476,0,13784248,13784248,1147,12572975104,15.58
331.873,2433772,11350672,0,13784444,13784444,1147,12572975104,15.58
331.974,2433772,11350804,0,13784576,13784576,1147,12572975104,15.58
332.074,2433772,11351124,0,13784896,13784896,1147,12572975104,15.58
332.174,2433772,11351700,0,13785472,13785472,1147,12572975104,15.58
332.275,2433772,11352148,0,13785920,13785920,1147,12572975104,15.58
332.375,2433772,11352796,0,13786568,13786568,1147,12572975104,15.58
332.475,2433772,11353308,0,13787080,13787080,1147,12572975104,15.58
332.576,2433772,11354332,0,13788104,13788104,1147,12572975104,15.58
332.676,2433772,11355036,0,13788808,13788808,1147,12572975104,15.58
332.776,2433772,11355488,0,13789260,13789260,1147,12572975104,15.58
332.877,2433772,11356316,0,13790088,13790088,1147,12572975104,15.58
332.977,2433772,11357084,0,13790856,13790856,1147,12572975104,15.58
333.078,2433772,11357472,0,13791244,13791244,1147,12572975104,15.58
333.178,2433772,11357984,0,13791756,13791756,1147,12572975104,15.58
333.278,2433772,11358368,0,13792140,13792140,1147,12572975104,15.58
333.379,2433772,11359200,0,13792972,13792972,1147,12572975104,13.3
333.479,2433772,11359976,0,13793748,13793748,1147,12572975104,13.3
333.579,2433772,11360296,0,13794068,13794068,1147,12572975104,13.3
333.680,2433772,11360552,0,13794324,13794324,1147,12572975104,13.3
333.780,2433772,11360808,0,13794580,13794580,1147,12572975104,13.3
333.880,2433772,11361452,0,13795224,13795224,1147,12572975104,13.3
333.980,2433772,11362160,0,13795932,13795932,1147,12572975104,13.3
334.081,2433772,11362864,0,13796636,13796636,1147,12572975104,13.3
334.181,2433772,11363248,0,13797020,13797020,1147,12572975104,13.3
334.281,2433772,11363760,0,13797532,13797532,1147,12572975104,13.3
334.382,2433772,11364020,0,13797792,13797792,1147,12572975104,13.3
334.482,2433772,11364148,0,13797920,13797920,1147,12572975104,13.3
334.583,2433772,11364280,0,13798052,13798052,1147,12572975104,13.3
334.683,2433772,11364540,0,13798312,13798312,1147,12572975104,13.3
334.783,2433772,11365184,0,13798956,13798956,1147,12572975104,13.3
334.884,2433772,11366272,0,13800044,13800044,1147,12572975104,13.3
334.984,2433772,11367232,0,13801004,13801004,1147,12572975104,13.3
335.084,2433772,11367684,0,13801456,13801456,1147,12572975104,13.3
335.185,2433772,11368260,0,13802032,13802032,1147,12572975104,13.3
335.285,2433772,11368900,0,13802672,13802672,1147,12572975104,13.3
335.385,2433772,11369412,0,13803184,13803184,1147,12572975104,13.97
335.486,2433772,11369856,0,13803628,13803628,1147,12572975104,13.97
335.586,2433772,11370244,0,13804016,13804016,1147,12572975104,13.97
335.686,2433772,11370956,0,13804728,13804728,1147,12572975104,13.97
335.787,2433772,11371916,0,13805688,13805688,1147,12572975104,13.97
335.887,2433772,11372564,0,13806336,13806336,1147,12572975104,13.97
335.987,2433772,11373272,0,13807044,13807044,1147,12572975104,13.97
336.088,2433772,11373784,0,13807556,13807556,1147,12572975104,13.97
336.188,2433772,11373848,0,13807620,13807620,1147,12572975104,13.97
336.288,2433772,11375004,0,13808776,13808776,1147,12572975104,13.97
336.389,2433772,11375772,0,13809544,13809544,1147,12572975104,13.97
336.489,2433772,11375968,0,13809740,13809740,1147,12572975104,13.97
336.590,2433772,11376480,0,13810252,13810252,1147,12572975104,13.97
336.690,2433772,11376676,0,13810448,13810448,1147,12572975104,13.97
336.790,2433772,11377188,0,13810960,13810960,1147,12572975104,13.97
336.891,2433772,11377252,0,13811024,13811024,1147,12572975104,13.97
336.991,2433772,11377380,0,13811152,13811152,1147,12572975104,13.97
337.091,2433772,11377892,0,13811664,13811664,1147,12572975104,13.97
337.192,2433772,11378148,0,13811920,13811920,1147,12572975104,13.97
337.292,2433772,11378860,0,13812632,13812632,1147,12572975104,15.24
337.392,2433772,11379244,0,13813016,13813016,1147,12572975104,15.24
337.493,2433772,11379824,0,13813596,13813596,1147,12572975104,15.24
337.593,2433772,11380212,0,13813984,13813984,1147,12572975104,15.24
337.693,2433772,11380536,0,13814308,13814308,1147,12572975104,15.24
337.794,2433772,11380984,0,13814756,13814756,1147,12572975104,15.24
337.894,2433772,11381568,0,13815340,13815340,1147,12572975104,15.24
337.994,2433772,11381824,0,13815596,13815596,1147,12572975104,15.24
338.095,2433772,11381960,0,13815732,13815732,1147,12572975104,15.24
338.195,2433772,11381960,0,13815732,13815732,1147,12572975104,15.24
338.295,2433772,11382088,0,13815860,13815860,1147,12572975104,15.24
338.396,2433772,11382408,0,13816180,13816180,1147,12572975104,15.24
338.496,2433772,11382984,0,13816756,13816756,1147,12572975104,15.24
338.596,2433772,11383944,0,13817716,13817716,1147,12572975104,15.24
338.697,2433772,11384652,0,13818424,13818424,1147,12572975104,15.24
338.797,2433772,11385420,0,13819192,13819192,1147,12572975104,15.24
338.897,2433772,11386060,0,13819832,13819832,1147,12572975104,15.24
338.998,2433772,11386448,0,13820220,13820220,1147,12572975104,15.24
339.098,2433772,11386644,0,13820416,13820416,1147,12572975104,15.24
339.198,2433772,11387540,0,13821312,13821312,1147,12572975104,15.24
339.299,2433772,11387928,0,13821700,13821700,1147,12572975104,15.74
339.399,2433772,11387992,0,13821764,13821764,1147,12572975104,15.74
339.500,2433772,11388248,0,13822020,13822020,1147,12572975104,15.74
339.600,2433772,11388700,0,13822472,13822472,1147,12572975104,15.74
339.700,2433772,11389084,0,13822856,13822856,1147,12572975104,15.74
339.801,2433772,11389348,0,13823120,13823120,1147,12572975104,15.74
339.901,2433772,11389608,0,13823380,13823380,1147,12572975104,15.74
340.001,2433772,11390056,0,13823828,13823828,1147,12572975104,15.74
340.102,2433772,11390632,0,13824404,13824404,1147,12572975104,15.74
340.202,2433772,11391144,0,13824916,13824916,1147,12572975104,15.74
340.302,2433772,11391788,0,13825560,13825560,1147,12572975104,15.74
340.403,2433772,11392556,0,13826328,13826328,1147,12572975104,15.74
340.503,2433772,11392944,0,13826716,13826716,1147,12572975104,15.74
340.603,2433772,11393524,0,13827296,13827296,1147,12572975104,15.74
340.704,2433772,11393844,0,13827616,13827616,1147,12572975104,15.74
340.804,2433772,11394420,0,13828192,13828192,1147,12572975104,15.74
340.904,2433772,11394868,0,13828640,13828640,1147,12572975104,15.74
341.005,2433772,11395640,0,13829412,13829412,1147,12572975104,15.74
341.105,2433772,11396476,0,13830248,13830248,1147,12572975104,15.74
341.205,2433772,11396876,0,13830648,13830648,1147,12572975104,16.33
341.306,2433772,11398288,0,13832060,13832060,1147,12572975104,16.33
341.406,2433772,11398800,0,13832572,13832572,1147,12572975104,16.33
341.507,2433772,11399312,0,13833084,13833084,1147,12572975104,16.33
341.607,2433772,11400212,0,13833984,13833984,1147,12572975104,16.33
341.707,2433772,11400980,0,13834752,13834752,1147,12572975104,16.33
341.808,2433772,11401304,0,13835076,13835076,1147,12572975104,16.33
341.908,2433772,11401624,0,13835396,13835396,1147,12572975104,16.33
342.008,2433772,11401820,0,13835592,13835592,1147,12572975104,16.33
342.109,2433772,11401820,0,13835592,13835592,1147,12572975104,16.33
342.209,2433772,11402076,0,13835848,13835848,1147,12572975104,16.33
342.309,2433772,11402524,0,13836296,13836296,1147,12572975104,16.33
342.410,2433772,11402720,0,13836492,13836492,1147,12572975104,16.33
342.510,2433772,11403428,0,13837200,13837200,1147,12572975104,16.33
342.610,2433772,11403940,0,13837712,13837712,1147,12572975104,16.33
342.711,2433772,11404132,0,13837904,13837904,1147,12572975104,16.33
342.811,2433772,11404780,0,13838552,13838552,1147,12572975104,16.33
342.911,2433772,11405488,0,13839260,13839260,1147,12572975104,16.33
343.012,2433772,11405808,0,13839580,13839580,1147,12572975104,16.33
343.112,2433772,11406132,0,13839904,13839904,1147,12572975104,16.81
343.212,2433772,11406520,0,13840292,13840292,1147,12572975104,16.81
343.313,2433772,11407096,0,13840868,13840868,1147,12572975104,16.81
343.413,2433772,11407360,0,13841132,13841132,1147,12572975104,16.81
343.513,2433772,11407680,0,13841452,13841452,1147,12572975104,16.81
343.614,2433772,11407936,0,13841708,13841708,1147,12572975104,16.81
343.714,2433772,11408000,0,13841772,13841772,1147,12572975104,16.81
343.814,2433772,11408264,0,13842036,13842036,1147,12572975104,16.81
343.915,2433772,11408716,0,13842488,13842488,1147,12572975104,16.81
344.015,2433772,11408028,0,13841800,13841992,1147,12572975104,16.81
344.115,2433772,11408220,0,13841992,13841992,1147,12572975104,16.81
344.216,2433772,11408988,0,13842760,13842760,1147,12572975104,16.81
344.316,2433772,11409564,0,13843336,13843336,1147,12572975104,16.81
344.416,2433772,11410144,0,13843916,13843916,1147,12572975104,16.81
344.517,2433772,11410656,0,13844428,13844428,1147,12572975104,16.81
344.617,2433772,11411104,0,13844876,13844876,1147,12572975104,16.81
344.717,2433772,11411352,0,13845124,13845124,1147,12572975104,16.81
344.818,2433772,11411672,0,13845444,13845444,1147,12572975104,16.81
344.918,2433772,11412508,0,13846280,13846280,1147,12572975104,16.81
345.018,2433772,11413212,0,13846984,13846984,1147,12572975104,16.81
345.119,2433772,11413788,0,13847560,13847560,1147,12572975104,13.95
345.219,2433772,11413916,0,13847688,13847688,1147,12572975104,13.95
345.319,2433772,11414108,0,13847880,13847880,1147,12572975104,13.95
345.419,2433772,11414432,0,13848204,13848204,1147,12572975104,13.95
345.520,2433772,11414688,0,13848460,13848460,1147,12572975104,13.95
345.620,2433772,11415008,0,13848780,13848780,1147,12572975104,13.95
345.721,2433772,11415648,0,13849420,13849420,1147,12572975104,13.95
345.821,2433772,11415904,0,13849676,13849676,1147,12572975104,13.95
345.921,2433772,11416096,0,13849868,13849868,1147,12572975104,13.95
346.022,2433772,11416288,0,13850060,13850060,1147,12572975104,13.95
346.122,2433772,11416672,0,13850444,13850444,1147,12572975104,13.95
346.222,2433772,11417248,0,13851020,13851020,1147,12572975104,13.95
346.323,2433772,11417376,0,13851148,13851148,1147,12572975104,13.95
346.423,2433772,11417700,0,13851472,13851472,1147,12572975104,13.95
346.523,2433772,11418148,0,13851920,13851920,1147,12572975104,13.95
346.624,2433772,11418532,0,13852304,13852304,1147,12572975104,13.95
346.724,2433772,11418860,0,13852632,13852632,1147,12572975104,13.95
346.824,2433772,11419244,0,13853016,13853016,1147,12572975104,13.95
346.925,2433772,11420076,0,13853848,13853848,1147,12572975104,13.95
347.025,2433772,11420396,0,13854168,13854168,1147,12572975104,14.86
347.125,2433772,11420528,0,13854300,13854300,1147,12572975104,14.86
347.226,2433772,11420720,0,13854492,13854492,1147,12572975104,14.86
347.326,2433772,11420848,0,13854620,13854620,1147,12572975104,14.86
347.426,2433772,11421108,0,13854880,13854880,1147,12572975104,14.86
347.527,2433772,11421300,0,13855072,13855072,1147,12572975104,14.86
347.627,2433772,11421364,0,13855136,13855136,1147,12572975104,14.86
347.727,2433772,11421876,0,13855648,13855648,1147,12572975104,14.86
347.828,2433772,11422260,0,13856032,13856032,1147,12572975104,14.86
347.928,2433772,11422644,0,13856416,13856416,1147,12572975104,14.86
348.028,2433772,11422772,0,13856544,13856544,1147,12572975104,14.86
348.129,2433772,11423224,0,13856996,13856996,1147,12572975104,14.86
348.229,2433772,11423672,0,13857444,13857444,1147,12572975104,14.86
348.329,2433772,11424248,0,13858020,13858020,1147,12572975104,14.86
348.430,2433772,11424760,0,13858532,13858532,1147,12572975104,14.86
348.530,2433772,11425020,0,13858792,13858792,1147,12572975104,14.86
348.630,2433772,11425468,0,13859240,13859240,1147,12572975104,14.86
348.731,2433772,11425980,0,13859752,13859752,1147,12572975104,14.86
348.831,2433772,11426620,0,13860392,13860392,1147,12572975104,14.86
348.931,2433772,11427068,0,13860840,13860840,1147,12572975104,14.86
349.032,2433772,11427708,0,13861480,13861480,1147,12572975104,15.07
349.132,2433772,11427968,0,13861740,13861740,1147,12572975104,15.07
349.232,2433772,11428032,0,13861804,13861804,1147,12572975104,15.07
349.333,2433772,11428612,0,13862384,13862384,1147,12572975104,15.07
349.433,2433772,11429252,0,13863024,13863024,1147,12572975104,15.07
349.534,2433772,11429636,0,13863408,13863408,1147,12572975104,15.07
349.634,2433772,11429764,0,13863536,13863536,1147,12572975104,15.07
349.734,2433772,11429892,0,13863664,13863664,1147,12572975104,15.07
349.835,2433772,11430152,0,13863924,13863924,1147,12572975104,15.07
349.935,2433772,11430344,0,13864116,13864116,1147,12572975104,15.07
350.035,2433772,11430796,0,13864568,13864568,1147,12572975104,15.07
350.136,2433772,11431372,0,13865144,13865144,1147,12572975104,15.07
350.236,2433772,11431628,0,13865400,13865400,1147,12572975104,15.07
350.336,2433772,11432012,0,13865784,13865784,1147,12572975104,15.07
350.436,2433772,11432140,0,13865912,13865912,1147,12572975104,15.07
350.537,2433772,11432652,0,13866424,13866424,1147,12572975104,15.07
350.637,2433772,11432972,0,13866744,13866744,1147,12572975104,15.07
350.738,2433772,11433164,0,13866936,13866936,1147,12572975104,15.07
350.838,2433772,11433360,0,13867132,13867132,1147,12572975104,15.07
350.938,2433772,11433744,0,13867516,13867516,1147,12572975104,15.05
351.039,2433772,11434128,0,13867900,13867900,1147,12572975104,15.05
351.139,2433772,11434256,0,13868028,13868028,1147,12572975104,15.05
351.239,2433772,11434384,0,13868156,13868156,1147,12572975104,15.05
351.340,2433772,11434448,0,13868220,13868220,1147,12572975104,15.05
351.440,2433772,11434576,0,13868348,13868348,1147,12572975104,15.05
351.540,2433772,11434896,0,13868668,13868668,1147,12572975104,15.05
351.641,2433772,11435472,0,13869244,13869244,1147,12572975104,15.05
351.741,2433772,11435796,0,13869568,13869568,1147,12572975104,15.05
351.841,2433772,11436056,0,13869828,13869828,1147,12572975104,15.05
351.941,2433772,11436184,0,13869956,13869956,1147,12572975104,15.05
352.042,2433772,11436248,0,13870020,13870020,1147,12572975104,15.05
352.142,2433772,11436312,0,13870084,13870084,1147,12572975104,15.05
352.242,2433772,11436312,0,13870084,13870084,1147,12572975104,15.05
352.343,2433772,11436440,0,13870212,13870212,1147,12572975104,15.05
352.443,2433772,11436632,0,13870404,13870404,1147,12572975104,15.05
352.543,2433772,11436696,0,13870468,13870468,1147,12572975104,15.05
352.644,2433772,11436820,0,13870592,13870592,1147,12572975104,15.05
352.744,2433772,11436884,0,13870656,13870656,1147,12572975104,15.05
352.844,2433772,11437012,0,13870784,13870784,1147,12572975104,15.04
352.945,2433772,11437140,0,13870912,13870912,1147,12572975104,15.04
353.045,2433772,11437204,0,13870976,13870976,1147,12572975104,15.04
353.145,2433772,11437460,0,13871232,13871232,1147,12572975104,15.04
353.246,2433772,11437716,0,13871488,13871488,1147,12572975104,15.04
353.346,2433772,11437844,0,13871616,13871616,1147,12572975104,15.04
353.447,2433772,11437908,0,13871680,13871680,1147,12572975104,15.04
353.547,2433772,11438100,0,13871872,13871872,1147,12572975104,15.04
353.647,2433772,11438356,0,13872128,13872128,1147,12572975104,15.04
353.748,2433772,11438552,0,13872324,13872324,1147,12572975104,15.04
353.848,2433772,11438936,0,13872708,13872708,1147,12572975104,15.04
353.948,2433772,11439128,0,13872900,13872900,1147,12572975104,15.04
354.049,2433772,11439320,0,13873092,13873092,1147,12572975104,15.04
354.149,2433772,11439640,0,13873412,13873412,1147,12572975104,15.04
354.249,2433772,11439892,0,13873664,13873664,1147,12572975104,15.04
354.350,2433772,11440152,0,13873924,13873924,1147,12572975104,15.04
354.450,2433772,11440600,0,13874372,13874372,1147,12572975104,15.04
354.550,2433772,11441304,0,13875076,13875076,1147,12572975104,15.04
354.651,2433772,11441688,0,13875460,13875460,1147,12572975104,15.04
354.751,2433772,11441688,0,13875460,13875460,1147,12572975104,15.04
354.851,2433772,11442072,0,13875844,13875844,1147,12572975104,14.31
354.952,2433772,11442324,0,13876096,13876096,1147,12572975104,14.31
355.052,2433772,11442580,0,13876352,13876352,1147,12572975104,14.31
355.152,2433772,11442708,0,13876480,13876480,1147,12572975104,14.31
355.253,2433772,11442836,0,13876608,13876608,1147,12572975104,14.31
355.353,2433772,11443028,0,13876800,13876800,1147,12572975104,14.31
355.453,2433772,11443092,0,13876864,13876864,1147,12572975104,14.31
355.554,2433772,11443412,0,13877184,13877184,1147,12572975104,14.31
355.654,2433772,11443796,0,13877568,13877568,1147,12572975104,14.31
355.754,2433772,11443864,0,13877636,13877636,1147,12572975104,14.31
355.855,2433772,11444248,0,13878020,13878020,1147,12572975104,14.31
355.955,2433772,11444312,0,13878084,13878084,1147,12572975104,14.31
356.055,2433772,11444760,0,13878532,13878532,1147,12572975104,14.31
356.156,2433772,11445208,0,13878980,13878980,1147,12572975104,14.31
356.256,2433772,11445720,0,13879492,13879492,1147,12572975104,14.31
356.356,2433772,11445912,0,13879684,13879684,1147,12572975104,14.31
356.457,2433772,11446104,0,13879876,13879876,1147,12572975104,14.31
356.557,2433772,11446360,0,13880132,13880132,1147,12572975104,14.31
356.657,2433772,11446744,0,13880516,13880516,1147,12572975104,14.31
356.758,2433772,11446936,0,13880708,13880708,1147,12572975104,15.16
356.858,2433772,11447192,0,13880964,13880964,1147,12572975104,15.16
356.958,2433772,11447388,0,13881160,13881160,1147,12572975104,15.16
357.059,2433772,11447516,0,13881288,13881288,1147,12572975104,15.16
357.159,2433772,11447836,0,13881608,13881608,1147,12572975104,15.16
357.260,2433772,11448028,0,13881800,13881800,1147,12572975104,15.16
357.360,2433772,11448092,0,13881864,13881864,1147,12572975104,15.16
357.460,2433772,11448412,0,13882184,13882184,1147,12572975104,15.16
357.561,2433772,11448540,0,13882312,13882312,1147,12572975104,15.16
357.661,2433772,11448668,0,13882440,13882440,1147,12572975104,15.16
357.761,2433772,11448732,0,13882504,13882504,1147,12572975104,15.16
357.862,2433772,11448988,0,13882760,13882760,1147,12572975104,15.16
357.962,2433772,11449372,0,13883144,13883144,1147,12572975104,15.16
358.062,2433772,11450144,0,13883916,13883916,1147,12572975104,15.16
358.163,2433772,11450400,0,13884172,13884172,1147,12572975104,15.16
358.263,2433772,11450720,0,13884492,13884492,1147,12572975104,15.16
358.363,2433772,11450912,0,13884684,13884684,1147,12572975104,15.16
358.464,2433772,11451040,0,13884812,13884812,1147,12572975104,15.16
358.564,2433772,11451104,0,13884876,13884876,1147,12572975104,15.16
358.664,2433772,11451680,0,13885452,13885452,1147,12572975104,15.16
358.765,2433772,11451872,0,13885644,13885644,1147,12572975104,13.14
358.865,2433772,11451876,0,13885648,13885648,1147,12572975104,13.14
358.966,2433772,11452324,0,13886096,13886096,1147,12572975104,13.14
359.066,2433772,11452524,0,13886296,13886296,1147,12572975104,13.14
359.166,2433772,11452656,0,13886428,13886428,1147,12572975104,13.14
359.266,2433772,11452788,0,13886560,13886560,1147,12572975104,13.14
359.367,2433772,11452980,0,13886752,13886752,1147,12572975104,13.14
359.467,2433772,11453044,0,13886816,13886816,1147,12572975104,13.14
359.568,2433772,11453236,0,13887008,13887008,1147,12572975104,13.14
359.668,2433772,11453300,0,13887072,13887072,1147,12572975104,13.14
359.768,2433772,11453364,0,13887136,13887136,1147,12572975104,13.14
359.869,2433772,11453432,0,13887204,13887204,1147,12572975104,13.14
359.969,2433772,11453944,0,13887716,13887716,1147,12572975104,13.14
360.069,2433772,11454008,0,13887780,13887780,1147,12572975104,13.14
360.170,2433772,11454008,0,13887780,13887780,1147,12572975104,13.14
360.270,2433772,11454136,0,13887908,13887908,1147,12572975104,13.14
360.370,2433772,11454328,0,13888100,13888100,1147,12572975104,13.14
360.471,2433772,11454520,0,13888292,13888292,1147,12572975104,13.14
360.571,2433772,11454520,0,13888292,13888292,1147,12572975104,13.14
360.671,2433772,11454584,0,13888356,13888356,1147,12572975104,12.75
360.772,2433772,11455032,0,13888804,13888804,1147,12572975104,12.75
360.872,2433772,11455032,0,13888804,13888804,1147,12572975104,12.75
360.972,2433772,11455228,0,13889000,13889000,1147,12572975104,12.75
361.073,2433772,11455228,0,13889000,13889000,1147,12572975104,12.75
361.173,2433772,11455228,0,13889000,13889000,1147,12572975104,12.75
361.273,2433772,11455548,0,13889320,13889320,1147,12572975104,12.75
361.374,2433772,11455676,0,13889448,13889448,1147,12572975104,12.75
361.474,2433772,11455676,0,13889448,13889448,1147,12572975104,12.75
361.574,2433772,11455740,0,13889512,13889512,1147,12572975104,12.75
361.675,2433772,11483124,0,13916896,13916896,1147,12572975104,12.75
361.775,2433772,11496200,0,13929972,13929972,1147,12572975104,12.75
361.875,2433772,11500684,0,13934456,13934456,1147,12572975104,12.75
361.976,2433772,11505164,0,13938936,13938936,1147,12572975104,12.75
362.076,2433772,11510036,0,13943808,13943808,1147,12572975104,12.75
362.176,2433772,11514008,0,13947780,13947780,1147,12572975104,12.75
362.277,2433772,11517208,0,13950980,13950980,1147,12572975104,12.75
362.377,2433772,11520480,0,13954252,13954252,1147,12572975104,12.75
362.477,2433772,11524064,0,13957836,13957836,1147,12572975104,12.75
362.578,2433772,11528548,0,13962320,13962320,1147,12572975104,13.7
362.678,2433772,11531492,0,13965264,13965264,1147,12572975104,13.7
362.778,2433772,11534944,0,13968716,13968716,1147,12572975104,13.7
362.879,2433772,11537444,0,13971216,13971216,1147,12572975104,13.7
362.979,2433772,11539556,0,13973328,13973328,1148,12573097984,13.7
363.079,2433772,11542184,0,13975956,13975956,1148,12573097984,13.7
363.180,2433772,11546152,0,13979924,13979924,1148,12573097984,13.7
363.280,2433772,11549224,0,13982996,13982996,1148,12573097984,13.7
363.380,2433772,11551336,0,13985108,13985108,1148,12573097984,13.7
363.481,2433772,11553576,0,13987348,13987348,1148,12573097984,13.7
363.581,2433772,11556520,0,13990292,13990292,1148,12573097984,13.7
363.682,2433772,11561700,0,13995472,13995472,1148,12573097984,13.7
363.782,2433772,11571104,0,14004876,14004876,1148,12573097984,13.7
363.882,2433772,11593696,0,14027468,14027468,1148,12573097984,13.7
363.983,2433772,11603680,0,14037452,14037452,1148,12573097984,13.7
364.083,2433772,11607708,0,14041480,14041480,1148,12573097984,13.7
364.183,2433772,11613216,0,14046988,14046988,1148,12573097984,13.7
364.284,2433772,11621292,0,14055064,14055064,1148,12573097984,13.7
364.384,2433772,11629936,0,14063708,14063708,1148,12573097984,13.7
364.484,2433772,11637040,0,14070812,14070812,1148,12573097984,13.7
364.584,2433772,11644528,0,14078300,14078300,1148,12573097984,14.3
364.685,2433772,11646904,0,14080676,14080676,1148,12573097984,14.3
364.785,2433772,11649732,0,14083504,14083504,1148,12573097984,14.3
364.886,2433772,11652752,0,14086524,14086524,1148,12573097984,14.3
364.986,2433772,11658384,0,14092156,14092156,1148,12573097984,14.3
365.086,2433772,11660824,0,14094596,14094596,1148,12573097984,14.3
365.187,2433772,11662364,0,14096136,14096136,1148,12573097984,14.3
365.287,2433772,11665188,0,14098960,14098960,1148,12573097984,14.3
365.387,2433772,11665640,0,14099412,14099412,1148,12573097984,14.3
365.487,2433772,11667304,0,14101076,14101076,1148,12573097984,14.3
365.588,2433772,11667944,0,14101716,14101716,1148,12573097984,14.3
365.688,2433772,11668264,0,14102036,14102036,1148,12573097984,14.3
365.788,2433772,11669096,0,14102868,14102868,1148,12573097984,14.3
365.889,2433772,11669868,0,14103640,14103640,1148,12573097984,14.3
365.989,2433772,11672616,0,14106388,14106388,1148,12573097984,14.3
366.090,2433772,11675320,0,14109092,14109092,1148,12573097984,14.3
366.190,2433772,11676672,0,14110444,14110444,1148,12573097984,14.3
366.290,2433772,11678784,0,14112556,14112556,1148,12573097984,14.3
366.391,2433772,11679044,0,14112816,14112816,1148,12573097984,14.3
366.491,2433772,11679748,0,14113520,14113520,1148,12573097984,14.6
366.591,2433772,11680132,0,14113904,14113904,1148,12573097984,14.6
366.692,2433772,11680452,0,14114224,14114224,1148,12573097984,14.6
366.792,2433772,11680900,0,14114672,14114672,1148,12573097984,14.6
366.892,2433772,11681160,0,14114932,14114932,1148,12573097984,14.6
366.993,2433772,11681616,0,14115388,14115388,1148,12573097984,14.6
367.093,2433772,11682136,0,14115908,14115908,1148,12573097984,14.6
367.193,2433772,11682136,0,14115908,14115908,1148,12573097984,14.6
367.294,2433772,11682136,0,14115908,14115908,1148,12573097984,14.6
367.394,2433772,11682136,0,14115908,14115908,1148,12573097984,14.6
367.494,2433772,11682136,0,14115908,14115908,1148,12573097984,14.6
367.595,2433772,11682392,0,14116164,14116164,1148,12573097984,14.6
367.695,2433772,11682720,0,14116492,14116492,1148,12573097984,14.6
367.795,2433772,11683236,0,14117008,14117008,1148,12573097984,14.6
367.896,2433772,11684204,0,14117976,14117976,1148,12573097984,14.6
367.996,2433772,11684204,0,14117976,14117976,1148,12573097984,14.6
368.096,2433772,11684204,0,14117976,14117976,1148,12573097984,14.6
368.197,2433772,11684332,0,14118104,14118104,1148,12573097984,14.6
368.297,2433772,11684524,0,14118296,14118296,1148,12573097984,14.6
368.397,2433772,11684716,0,14118488,14118488,1148,12573097984,14.6
368.498,2433772,11684716,0,14118488,14118488,1148,12573097984,16.31
368.598,2433772,11684844,0,14118616,14118616,1148,12573097984,16.31
368.698,2433772,11685100,0,14118872,14118872,1148,12573097984,16.31
368.799,2433772,11685228,0,14119000,14119000,1148,12573097984,16.31
368.899,2433772,11685292,0,14119064,14119064,1148,12573097984,16.31
368.999,2433772,11685292,0,14119064,14119064,1148,12573097984,16.31
369.100,2433772,11685364,0,14119136,14119136,1148,12573097984,16.31
369.200,2433772,11685364,0,14119136,14119136,1148,12573097984,16.31
369.300,2433772,11685364,0,14119136,14119136,1148,12573097984,16.31
369.401,2433772,11685404,0,14119176,14119176,1148,12573097984,16.31
369.501,2433772,11685404,0,14119176,14119176,1148,12573097984,16.31
369.602,2433772,11685408,0,14119180,14119180,1148,12573097984,16.31
369.702,2433772,11685408,0,14119180,14119180,1148,12573097984,16.31
369.802,2433772,11685408,0,14119180,14119180,1148,12573097984,16.31
369.903,2433772,11685412,0,14119184,14119184,1148,12573097984,16.31
370.003,2433772,11685412,0,14119184,14119184,1148,12573097984,16.31
370.104,2433772,11685416,0,14119188,14119188,1148,12573097984,16.31
370.204,2433772,11685416,0,14119188,14119188,1148,12573097984,16.31
370.304,2433772,11685416,0,14119188,14119188,1148,12573097984,16.31
370.405,2433772,11685416,0,14119188,14119188,1148,12573097984,17.16
370.505,2433772,11685416,0,14119188,14119188,1148,12573097984,17.16
370.605,2433772,11685420,0,14119192,14119192,1148,12573097984,17.16
370.706,2433772,11685420,0,14119192,14119192,1148,12573097984,17.16
370.806,2433772,11685420,0,14119192,14119192,1148,12573097984,17.16
370.906,2433772,11685420,0,14119192,14119192,1148,12573097984,17.16
371.007,2433772,11685484,0,14119256,14119256,1148,12573097984,17.16
371.107,2433772,11685484,0,14119256,14119256,1148,12573097984,17.16
371.207,2433772,11685484,0,14119256,14119256,1148,12573097984,17.16
371.308,2433772,11685484,0,14119256,14119256,1148,12573097984,17.16
371.408,2433772,11685484,0,14119256,14119256,1148,12573097984,17.16
371.508,2433772,11685484,0,14119256,14119256,1148,12573097984,17.16
371.609,2433772,11685484,0,14119256,14119256,1148,12573097984,17.16
371.709,2433772,11685484,0,14119256,14119256,1148,12573097984,17.16
371.809,2433772,10626828,0,13060600,14118680,1148,12573106176,17.16
371.910,2433772,9988436,0,12422208,14118680,1148,12573106176,17.16
372.010,2433772,7216132,0,9649904,14118680,1148,12573106176,17.16
372.110,2433772,3044356,0,5478128,14118680,1148,12573106176,17.16
372.211,2433772,933892,0,3367664,14118680,1148,12573106176,17.16
372.311,2433772,933892,0,3367664,14118680,1148,12573106176,17.16
372.412,2433772,933892,0,3367664,14118680,1148,12573106176,17.67
372.512,2433772,933892,0,3367664,14118680,1148,12573106176,17.67
372.612,2433772,933892,0,3367664,14118680,1148,12573106176,17.67
372.713,2433772,933892,0,3367664,14118680,1148,12573106176,17.67
372.813,2433772,733756,0,3167528,14118680,1148,12573106176,17.67
372.913,2433772,767612,0,3201384,14118680,1160,12573110272,17.67
373.014,2433772,783188,0,3216960,14118680,1160,12573110272,17.67
373.117,2421480,783188,0,3204668,14118680,1160,12573110272,17.67
373.217,2421480,791380,0,3212860,14118680,1161,12573110272,17.67
373.318,2421480,783188,0,3204668,14118680,1161,12573110272,17.67
373.418,2421496,794404,0,3215900,14118680,1163,12573110272,17.67
373.518,2421496,853908,0,3275404,14118680,1163,12573110272,17.67
373.619,2421496,861316,0,3282812,14118680,1163,12573110272,17.67
373.719,2421496,744124,0,3165620,14118680,1163,12573110272,17.67
373.820,2421496,783688,0,3205184,14118680,1163,12573110272,17.67
373.920,2421496,783816,0,3205312,14118680,1163,12573110272,17.67
374.020,2421796,783816,0,3205612,14118680,1163,12573110272,17.67
374.121,2421796,784072,0,3205868,14118680,1163,12573110272,17.67
374.221,2421796,784072,0,3205868,14118680,1163,12573110272,17.67
374.321,2421796,784072,0,3205868,14118680,1163,12573110272,17.73
374.422,2421796,784072,0,3205868,14118680,1163,12573110272,17.73
374.522,2421796,784072,0,3205868,14118680,1163,12573110272,17.73
374.623,2421796,784072,0,3205868,14118680,1163,12573110272,17.73
374.723,2421796,784072,0,3205868,14118680,1163,12573110272,17.73
374.823,2421796,784072,0,3205868,14118680,1163,12573110272,17.73
374.924,2421796,784072,0,3205868,14118680,1163,12573110272,17.73
375.024,2421796,784072,0,3205868,14118680,1163,12573110272,17.73
375.124,2421796,784072,0,3205868,14118680,1163,12573110272,17.73
375.225,2421796,784072,0,3205868,14118680,1163,12573110272,17.73
375.325,2421796,784072,0,3205868,14118680,1163,12573110272,17.73
375.426,2421796,784072,0,3205868,14118680,1163,12573110272,17.73
375.526,2421796,784072,0,3205868,14118680,1163,12573110272,17.73
375.626,2421796,784072,0,3205868,14118680,1163,12573110272,17.73
375.727,2421796,784072,0,3205868,14118680,1163,12573110272,17.73
375.827,2421796,784760,0,3206556,14118680,1163,12573110272,17.73
375.927,2421796,785080,0,3206876,14118680,1163,12573110272,17.73
376.028,2421796,785080,0,3206876,14118680,1163,12573110272,17.73
376.128,2421796,785080,0,3206876,14118680,1163,12573110272,17.73
376.228,2421796,785080,0,3206876,14118680,1163,12573110272,17.73
376.329,2421796,785080,0,3206876,14118680,1163,12573110272,16.33
376.429,2421796,785080,0,3206876,14118680,1163,12573110272,16.33
376.530,2421796,785080,0,3206876,14118680,1163,12573110272,16.33
376.630,2421796,785080,0,3206876,14118680,1163,12573110272,16.33
376.730,2421796,785080,0,3206876,14118680,1163,12573110272,16.33
376.831,2421796,785080,0,3206876,14118680,1163,12573110272,16.33
376.931,2421796,785080,0,3206876,14118680,1163,12573110272,16.33
377.031,2421796,785080,0,3206876,14118680,1163,12573110272,16.33
377.132,2421796,785080,0,3206876,14118680,1163,12573110272,16.33
377.232,2421796,785080,0,3206876,14118680,1163,12573110272,16.33
377.332,2421796,785080,0,3206876,14118680,1163,12573110272,16.33
377.433,2421796,785080,0,3206876,14118680,1163,12573110272,16.33
377.533,2421796,785080,0,3206876,14118680,1163,12573110272,16.33
377.633,2421796,785080,0,3206876,14118680,1163,12573110272,16.33
377.734,2421796,785080,0,3206876,14118680,1163,12573110272,16.33
377.834,2421796,785080,0,3206876,14118680,1163,12573110272,16.33
377.934,2421796,785080,0,3206876,14118680,1163,12573110272,16.33
378.035,2421796,785080,0,3206876,14118680,1163,12573110272,16.33
378.135,2421796,785080,0,3206876,14118680,1163,12573110272,16.33
378.235,2421796,785080,0,3206876,14118680,1163,12573110272,16.45
378.336,2421796,785080,0,3206876,14118680,1163,12573110272,16.45
378.436,2421796,785080,0,3206876,14118680,1163,12573110272,16.45
378.536,2421796,785080,0,3206876,14118680,1163,12573110272,16.45
378.637,2421796,785080,0,3206876,14118680,1163,12573110272,16.45
378.737,2421796,785080,0,3206876,14118680,1163,12573110272,16.45
378.838,2421796,785080,0,3206876,14118680,1163,12573110272,16.45
378.938,2421796,785080,0,3206876,14118680,1163,12573110272,16.45
379.038,2421796,785080,0,3206876,14118680,1163,12573110272,16.45
379.139,2421796,785080,0,3206876,14118680,1163,12573110272,16.45
379.239,2421796,785080,0,3206876,14118680,1163,12573110272,16.45
379.339,2421796,785080,0,3206876,14118680,1163,12573110272,16.45
379.440,2421796,785080,0,3206876,14118680,1163,12573110272,16.45
379.540,2421796,785080,0,3206876,14118680,1163,12573110272,16.45
379.640,2421796,785080,0,3206876,14118680,1163,12573110272,16.45
379.741,2421796,785080,0,3206876,14118680,1163,12573110272,16.45
379.841,2421796,785080,0,3206876,14118680,1163,12573110272,16.45
379.942,2421796,785080,0,3206876,14118680,1163,12573110272,16.45
380.042,2421796,785080,0,3206876,14118680,1163,12573110272,16.45
380.142,2421796,785080,0,3206876,14118680,1163,12573110272,16.55
380.243,2421796,785080,0,3206876,14118680,1163,12573110272,16.55
380.343,2421796,785080,0,3206876,14118680,1163,12573110272,16.55
380.443,2421796,785080,0,3206876,14118680,1163,12573110272,16.55
380.544,2421796,785080,0,3206876,14118680,1163,12573110272,16.55
380.644,2421796,785080,0,3206876,14118680,1163,12573110272,16.55
380.744,2421796,785080,0,3206876,14118680,1163,12573110272,16.55
380.845,2421796,785080,0,3206876,14118680,1163,12573110272,16.55
380.945,2421796,785080,0,3206876,14118680,1163,12573110272,16.55
381.046,2421796,785080,0,3206876,14118680,1163,12573110272,16.55
381.146,2421796,785080,0,3206876,14118680,1163,12573110272,16.55
381.246,2421796,785080,0,3206876,14118680,1163,12573110272,16.55
381.347,2421796,785080,0,3206876,14118680,1163,12573110272,16.55
381.447,2421796,785080,0,3206876,14118680,1163,12573110272,16.55
381.547,2421796,785080,0,3206876,14118680,1163,12573110272,16.55
381.648,2421796,785080,0,3206876,14118680,1163,12573110272,16.55
381.748,2421796,785080,0,3206876,14118680,1163,12573110272,16.55
381.849,2421796,785080,0,3206876,14118680,1163,12573110272,16.55
381.949,2421796,785080,0,3206876,14118680,1163,12573110272,16.55
382.049,2421796,785080,0,3206876,14118680,1163,12573110272,16.55
382.150,2421796,785080,0,3206876,14118680,1163,12573110272,17.72
382.250,2421796,785080,0,3206876,14118680,1163,12573110272,17.72
382.350,2421796,785080,0,3206876,14118680,1163,12573110272,17.72
382.451,2421796,785080,0,3206876,14118680,1163,12573110272,17.72
382.551,2421796,785080,0,3206876,14118680,1163,12573110272,17.72
382.652,2421796,785080,0,3206876,14118680,1163,12573110272,17.72
382.752,2421796,785080,0,3206876,14118680,1163,12573110272,17.72
382.852,2421796,785080,0,3206876,14118680,1163,12573110272,17.72
382.953,2421796,785080,0,3206876,14118680,1163,12573110272,17.72
383.053,2421796,785080,0,3206876,14118680,1163,12573110272,17.72
383.153,2421796,785080,0,3206876,14118680,1163,12573110272,17.72
383.254,2421796,785080,0,3206876,14118680,1163,12573110272,17.72
383.354,2421796,785080,0,3206876,14118680,1163,12573110272,17.72
383.454,2421796,785080,0,3206876,14118680,1163,12573110272,17.72
383.555,2421796,785080,0,3206876,14118680,1163,12573110272,17.72
383.655,2421796,785080,0,3206876,14118680,1163,12573110272,17.72
383.755,2421796,785080,0,3206876,14118680,1163,12573110272,17.72
383.856,2421796,785080,0,3206876,14118680,1163,12573110272,17.72
383.956,2421796,785080,0,3206876,14118680,1163,12573110272,17.72
384.057,2421796,785080,0,3206876,14118680,1163,12573110272,19.4
384.157,2421796,785080,0,3206876,14118680,1163,12573110272,19.4
384.257,2421796,785080,0,3206876,14118680,1163,12573110272,19.4
384.358,2421796,785080,0,3206876,14118680,1163,12573110272,19.4
384.458,2421796,785080,0,3206876,14118680,1163,12573110272,19.4
384.558,2421796,785080,0,3206876,14118680,1163,12573110272,19.4
384.659,2421796,785080,0,3206876,14118680,1163,12573110272,19.4
384.759,2421796,785080,0,3206876,14118680,1163,12573110272,19.4
384.860,2421796,785080,0,3206876,14118680,1163,12573110272,19.4
384.960,2421796,785080,0,3206876,14118680,1163,12573110272,19.4
385.060,2421796,785080,0,3206876,14118680,1163,12573110272,19.4
385.161,2421796,785080,0,3206876,14118680,1163,12573110272,19.4
385.261,2421796,785080,0,3206876,14118680,1163,12573110272,19.4
385.361,2421796,785080,0,3206876,14118680,1163,12573110272,19.4
385.462,2421796,785080,0,3206876,14118680,1163,12573110272,19.4
385.562,2421796,785080,0,3206876,14118680,1163,12573110272,19.4
385.662,2421796,785080,0,3206876,14118680,1163,12573110272,19.4
385.763,2421796,785080,0,3206876,14118680,1163,12573110272,19.4
385.863,2421796,785080,0,3206876,14118680,1163,12573110272,19.4
385.964,2421796,785080,0,3206876,14118680,1163,12573110272,18.42
386.064,2421796,785080,0,3206876,14118680,1163,12573110272,18.42
386.164,2421796,785080,0,3206876,14118680,1163,12573110272,18.42
386.265,2421796,785080,0,3206876,14118680,1163,12573110272,18.42
386.365,2421796,785080,0,3206876,14118680,1163,12573110272,18.42
386.465,2421796,785080,0,3206876,14118680,1163,12573110272,18.42
386.566,2421796,785080,0,3206876,14118680,1163,12573110272,18.42
386.666,2421796,785080,0,3206876,14118680,1163,12573110272,18.42
386.766,2421796,785080,0,3206876,14118680,1163,12573110272,18.42
386.867,2421796,785080,0,3206876,14118680,1163,12573110272,18.42
386.967,2421796,785080,0,3206876,14118680,1163,12573110272,18.42
387.067,2421796,785080,0,3206876,14118680,1163,12573110272,18.42
387.168,2421796,785080,0,3206876,14118680,1163,12573110272,18.42
387.268,2421796,785080,0,3206876,14118680,1163,12573110272,18.42
387.368,2421796,785080,0,3206876,14118680,1163,12573110272,18.42
387.469,2421796,785080,0,3206876,14118680,1163,12573110272,18.42
387.569,2421796,785080,0,3206876,14118680,1163,12573110272,18.42
387.670,2421796,785080,0,3206876,14118680,1163,12573110272,18.42
387.770,2421796,785080,0,3206876,14118680,1163,12573110272,18.42
387.870,2421796,785080,0,3206876,14118680,1163,12573110272,18.42
387.971,2421796,785080,0,3206876,14118680,1163,12573110272,18.34
388.071,2421796,785080,0,3206876,14118680,1163,12573110272,18.34
388.172,2421796,785080,0,3206876,14118680,1163,12573110272,18.34
388.272,2421796,785080,0,3206876,14118680,1163,12573110272,18.34
388.372,2421796,785080,0,3206876,14118680,1163,12573110272,18.34
388.473,2421796,785080,0,3206876,14118680,1163,12573110272,18.34
388.573,2421796,785080,0,3206876,14118680,1163,12573110272,18.34
388.673,2421796,785080,0,3206876,14118680,1163,12573110272,18.34
388.774,2421796,785080,0,3206876,14118680,1163,12573110272,18.34
388.874,2421796,785080,0,3206876,14118680,1163,12573110272,18.34
388.974,2421796,785080,0,3206876,14118680,1163,12573110272,18.34
389.075,2421796,785080,0,3206876,14118680,1163,12573110272,18.34
389.175,2421796,785080,0,3206876,14118680,1163,12573110272,18.34
389.275,2421796,785080,0,3206876,14118680,1163,12573110272,18.34
389.376,2421796,785080,0,3206876,14118680,1163,12573110272,18.34
389.476,2421796,785080,0,3206876,14118680,1163,12573110272,18.34
389.576,2421796,785080,0,3206876,14118680,1163,12573110272,18.34
389.677,2421796,785080,0,3206876,14118680,1163,12573110272,18.34
389.777,2421796,785080,0,3206876,14118680,1163,12573110272,18.34
389.877,2421796,785080,0,3206876,14118680,1163,12573110272,19.73
389.978,2421796,785080,0,3206876,14118680,1163,12573110272,19.73
390.078,2421796,785080,0,3206876,14118680,1163,12573110272,19.73
390.178,2421796,785080,0,3206876,14118680,1163,12573110272,19.73
390.279,2421796,785080,0,3206876,14118680,1163,12573110272,19.73
390.379,2421796,785080,0,3206876,14118680,1163,12573110272,19.73
390.480,2421796,785080,0,3206876,14118680,1163,12573110272,19.73
390.580,2421796,785080,0,3206876,14118680,1163,12573110272,19.73
390.680,2421796,785080,0,3206876,14118680,1163,12573110272,19.73
390.781,2421796,785080,0,3206876,14118680,1163,12573110272,19.73
390.881,2421796,785080,0,3206876,14118680,1163,12573110272,19.73
390.981,2421796,785080,0,3206876,14118680,1163,12573110272,19.73
391.082,2421796,785080,0,3206876,14118680,1163,12573110272,19.73
391.182,2421796,785080,0,3206876,14118680,1163,12573110272,19.73
391.283,2421796,785080,0,3206876,14118680,1163,12573110272,19.73
391.383,2421796,785080,0,3206876,14118680,1163,12573110272,19.73
391.483,2421796,785080,0,3206876,14118680,1163,12573110272,19.73
391.583,2421796,785080,0,3206876,14118680,1163,12573110272,19.73
391.684,2421796,785080,0,3206876,14118680,1163,12573110272,19.73
391.784,2421796,785080,0,3206876,14118680,1163,12573110272,19.73
391.884,2421796,785080,0,3206876,14118680,1163,12573110272,16.88
391.985,2421796,785080,0,3206876,14118680,1163,12573110272,16.88
392.085,2421796,785080,0,3206876,14118680,1163,12573110272,16.88
392.186,2421796,785080,0,3206876,14118680,1163,12573110272,16.88
392.286,2421796,785080,0,3206876,14118680,1163,12573110272,16.88
392.386,2421796,785080,0,3206876,14118680,1163,12573110272,16.88
392.487,2421796,785080,0,3206876,14118680,1163,12573110272,16.88
392.587,2421796,785080,0,3206876,14118680,1163,12573110272,16.88
392.688,2421796,785080,0,3206876,14118680,1163,12573110272,16.88
392.788,2421796,785080,0,3206876,14118680,1163,12573110272,16.88
392.888,2421796,785080,0,3206876,14118680,1163,12573110272,16.88
392.988,2421796,785080,0,3206876,14118680,1163,12573110272,16.88
393.089,2421796,785080,0,3206876,14118680,1163,12573110272,16.88
393.189,2539108,785080,0,3324188,14118680,1163,12573110272,16.88
393.289,2719492,785080,0,3504572,14118680,1163,12573110272,16.88
393.390,2896468,785080,0,3681548,14118680,1163,12573110272,16.88
393.490,3071748,785080,0,3856828,14118680,1163,12573110272,16.88
393.591,3241884,785080,0,4026964,14118680,1163,12573110272,16.88
393.691,3362704,785080,0,4147784,14118680,1163,12573110272,16.88
393.791,3362704,785080,0,4147784,14118680,1163,12573110272,18.35
393.892,3362704,785080,0,4147784,14118680,1163,12573110272,18.35
393.992,3362704,785080,0,4147784,14118680,1163,12573110272,18.35
394.092,3362704,785080,0,4147784,14118680,1163,12573110272,18.35
394.193,3362704,785080,0,4147784,14118680,1163,12573110272,18.35
394.293,3362704,785080,0,4147784,14118680,1163,12573110272,18.35
394.393,3362704,785080,0,4147784,14118680,1163,12573110272,18.35
394.494,3362704,785080,0,4147784,14118680,1163,12573110272,18.35
394.594,3362704,785080,0,4147784,14118680,1163,12573110272,18.35
394.695,3362704,785080,0,4147784,14118680,1163,12573110272,18.35
394.795,3362704,785080,0,4147784,14118680,1163,12573110272,18.35
394.895,3362704,785080,0,4147784,14118680,1163,12573110272,18.35
394.996,3362704,785080,0,4147784,14118680,1163,12573110272,18.35
395.096,3362704,785080,0,4147784,14118680,1163,12573110272,18.35
395.196,3362704,785080,0,4147784,14118680,1163,12573110272,18.35
395.297,3362704,785080,0,4147784,14118680,1163,12573110272,18.35
395.397,3362704,785080,0,4147784,14118680,1163,12573110272,18.35
395.497,3362704,785080,0,4147784,14118680,1163,12573110272,18.35
395.598,3362704,785080,0,4147784,14118680,1163,12573110272,18.35
395.698,3362704,785080,0,4147784,14118680,1163,12573110272,17.38
395.799,3362704,785080,0,4147784,14118680,1163,12573110272,17.38
395.899,3362704,785080,0,4147784,14118680,1163,12573110272,17.38
395.999,3362704,785080,0,4147784,14118680,1163,12573110272,17.38
396.100,3362704,785080,0,4147784,14118680,1163,12573110272,17.38
396.200,3362704,785080,0,4147784,14118680,1163,12573110272,17.38
396.300,3362704,785080,0,4147784,14118680,1163,12573110272,17.38
396.401,3362704,785080,0,4147784,14118680,1163,12573110272,17.38
396.501,3362704,785080,0,4147784,14118680,1163,12573110272,17.38
396.602,3362704,785080,0,4147784,14118680,1163,12573110272,17.38
396.702,3362704,785080,0,4147784,14118680,1163,12573110272,17.38
396.802,3362704,785080,0,4147784,14118680,1163,12573110272,17.38
396.903,3362704,785080,0,4147784,14118680,1163,12573110272,17.38
397.003,3362704,785080,0,4147784,14118680,1163,12573110272,17.38
397.103,3362704,785080,0,4147784,14118680,1163,12573110272,17.38
397.204,3362704,785080,0,4147784,14118680,1163,12573110272,17.38
397.304,3362704,785080,0,4147784,14118680,1163,12573110272,17.38
397.405,3362704,785080,0,4147784,14118680,1163,12573110272,17.38
397.505,3362704,785080,0,4147784,14118680,1163,12573110272,17.38
397.605,3362704,785080,0,4147784,14118680,1163,12573110272,17.38
397.706,3362704,785080,0,4147784,14118680,1163,12573110272,17.67
397.806,3362704,785080,0,4147784,14118680,1163,12573110272,17.67
397.906,3362704,785080,0,4147784,14118680,1163,12573110272,17.67
398.007,3362704,785080,0,4147784,14118680,1163,12573110272,17.67
398.107,3362704,785080,0,4147784,14118680,1163,12573110272,17.67
398.207,3362704,785080,0,4147784,14118680,1163,12573110272,17.67
398.308,3362704,785080,0,4147784,14118680,1163,12573110272,17.67
398.408,3362704,785080,0,4147784,14118680,1163,12573110272,17.67
398.509,3362704,785080,0,4147784,14118680,1163,12573110272,17.67
398.609,3362704,785080,0,4147784,14118680,1163,12573110272,17.67
398.709,3362704,785080,0,4147784,14118680,1163,12573110272,17.67
398.810,3362704,785080,0,4147784,14118680,1163,12573110272,17.67
398.910,3362704,785080,0,4147784,14118680,1163,12573110272,17.67
399.010,3362704,785080,0,4147784,14118680,1163,12573110272,17.67
399.111,3362704,785080,0,4147784,14118680,1163,12573110272,17.67
399.211,3362704,785080,0,4147784,14118680,1163,12573110272,17.67
399.311,3362704,785080,0,4147784,14118680,1163,12573110272,17.67
399.412,3362704,785080,0,4147784,14118680,1163,12573110272,17.67
399.512,3362704,785080,0,4147784,14118680,1163,12573110272,17.67
399.613,3362704,785080,0,4147784,14118680,1163,12573110272,16.1
399.713,3362704,785080,0,4147784,14118680,1163,12573110272,16.1
399.813,3362704,785080,0,4147784,14118680,1163,12573110272,16.1
399.914,3362704,785080,0,4147784,14118680,1163,12573110272,16.1
400.014,3362704,785080,0,4147784,14118680,1163,12573110272,16.1
400.114,3362704,785080,0,4147784,14118680,1163,12573110272,16.1
400.215,3362704,785080,0,4147784,14118680,1163,12573110272,16.1
400.315,3362704,785080,0,4147784,14118680,1163,12573110272,16.1
400.415,3362704,785080,0,4147784,14118680,1163,12573110272,16.1
400.516,3362704,785080,0,4147784,14118680,1163,12573110272,16.1
400.616,3362704,785080,0,4147784,14118680,1163,12573110272,16.1
400.716,3362704,785080,0,4147784,14118680,1163,12573110272,16.1
400.817,3362704,785080,0,4147784,14118680,1163,12573110272,16.1
400.917,3362704,785080,0,4147784,14118680,1163,12573110272,16.1
401.018,3362704,785080,0,4147784,14118680,1163,12573110272,16.1
401.118,3362704,785080,0,4147784,14118680,1163,12573110272,16.1
401.219,3362704,785080,0,4147784,14118680,1163,12573110272,16.1
401.319,3362704,785080,0,4147784,14118680,1163,12573110272,16.1
401.419,3362704,785080,0,4147784,14118680,1163,12573110272,16.1
401.520,3362704,785080,0,4147784,14118680,1163,12573110272,16.1
401.620,3362704,785080,0,4147784,14118680,1163,12573110272,16.26
401.720,3362704,785080,0,4147784,14118680,1163,12573110272,16.26
401.821,3362704,785080,0,4147784,14118680,1163,12573110272,16.26
401.921,3362704,785080,0,4147784,14118680,1163,12573110272,16.26
402.022,3362704,785080,0,4147784,14118680,1163,12573110272,16.26
402.122,3362704,785080,0,4147784,14118680,1163,12573110272,16.26
402.222,3362704,785080,0,4147784,14118680,1163,12573110272,16.26
402.323,3362704,785080,0,4147784,14118680,1163,12573110272,16.26
402.423,3362704,785080,0,4147784,14118680,1163,12573110272,16.26
402.523,3362704,785080,0,4147784,14118680,1163,12573110272,16.26
402.624,3362704,785080,0,4147784,14118680,1163,12573110272,16.26
402.724,3362704,785080,0,4147784,14118680,1163,12573110272,16.26
402.824,3362704,785080,0,4147784,14118680,1163,12573110272,16.26
402.925,3362704,785080,0,4147784,14118680,1163,12573110272,16.26
403.025,3362704,785080,0,4147784,14118680,1163,12573110272,16.26
403.125,3362704,785080,0,4147784,14118680,1163,12573110272,16.26
403.226,3362704,785080,0,4147784,14118680,1163,12573110272,16.26
403.326,3362704,785080,0,4147784,14118680,1163,12573110272,16.26
403.427,3362704,785080,0,4147784,14118680,1163,12573110272,16.26
403.527,3362704,785080,0,4147784,14118680,1163,12573110272,16.39
403.627,3362704,785080,0,4147784,14118680,1163,12573110272,16.39
403.728,3362704,785080,0,4147784,14118680,1163,12573110272,16.39
403.828,3362704,785080,0,4147784,14118680,1163,12573110272,16.39
403.928,3362704,785080,0,4147784,14118680,1163,12573110272,16.39
404.029,3362704,785080,0,4147784,14118680,1163,12573110272,16.39
404.129,3362704,785080,0,4147784,14118680,1163,12573110272,16.39
404.229,3362704,785080,0,4147784,14118680,1163,12573110272,16.39
404.330,3362704,785080,0,4147784,14118680,1163,12573110272,16.39
404.430,3362704,785080,0,4147784,14118680,1163,12573110272,16.39
404.531,3362704,785080,0,4147784,14118680,1163,12573110272,16.39
404.631,3362704,785080,0,4147784,14118680,1163,12573110272,16.39
404.731,3362704,785080,0,4147784,14118680,1163,12573110272,16.39
404.832,3362704,785080,0,4147784,14118680,1163,12573110272,16.39
404.932,3362704,785080,0,4147784,14118680,1163,12573110272,16.39
405.033,3362704,785080,0,4147784,14118680,1163,12573110272,16.39
405.133,3362704,785080,0,4147784,14118680,1163,12573110272,16.39
405.233,3362704,785080,0,4147784,14118680,1163,12573110272,16.39
405.334,3362704,785080,0,4147784,14118680,1163,12573110272,16.39
405.434,3362704,785080,0,4147784,14118680,1163,12573110272,16.87
405.534,3362704,785080,0,4147784,14118680,1163,12573110272,16.87
405.635,3362704,785080,0,4147784,14118680,1163,12573110272,16.87
405.735,3362704,785080,0,4147784,14118680,1163,12573110272,16.87
405.836,3362704,785080,0,4147784,14118680,1163,12573110272,16.87
405.936,3362704,785080,0,4147784,14118680,1163,12573110272,16.87
406.036,3362704,785080,0,4147784,14118680,1163,12573110272,16.87
406.137,3362704,785080,0,4147784,14118680,1163,12573110272,16.87
406.237,3362704,785080,0,4147784,14118680,1163,12573110272,16.87
406.337,3362704,785080,0,4147784,14118680,1163,12573110272,16.87
406.438,3362704,785080,0,4147784,14118680,1163,12573110272,16.87
406.538,3362704,785080,0,4147784,14118680,1163,12573110272,16.87
406.639,3362704,785080,0,4147784,14118680,1163,12573110272,16.87
406.739,3362704,785080,0,4147784,14118680,1163,12573110272,16.87
406.839,3362704,785080,0,4147784,14118680,1163,12573110272,16.87
406.940,3362704,785080,0,4147784,14118680,1163,12573110272,16.87
407.040,3362704,785080,0,4147784,14118680,1163,12573110272,16.87
407.141,3362704,785080,0,4147784,14118680,1163,12573110272,16.87
407.241,3362704,785080,0,4147784,14118680,1163,12573110272,16.87
407.341,3362704,785080,0,4147784,14118680,1163,12573110272,16.87
407.442,3362704,785080,0,4147784,14118680,1163,12573110272,16.71
407.542,3362704,785080,0,4147784,14118680,1163,12573110272,16.71
407.642,3362704,785080,0,4147784,14118680,1163,12573110272,16.71
407.743,3362704,785080,0,4147784,14118680,1163,12573110272,16.71
407.843,3362704,785080,0,4147784,14118680,1163,12573110272,16.71
407.944,3362704,785080,0,4147784,14118680,1163,12573110272,16.71
408.044,3362704,785080,0,4147784,14118680,1163,12573110272,16.71
408.144,3362704,785080,0,4147784,14118680,1163,12573110272,16.71
408.245,3362704,785080,0,4147784,14118680,1163,12573110272,16.71
408.345,3362704,785080,0,4147784,14118680,1163,12573110272,16.71
408.445,3362704,785080,0,4147784,14118680,1163,12573110272,16.71
408.546,3362704,785080,0,4147784,14118680,1163,12573110272,16.71
408.646,3362704,785080,0,4147784,14118680,1163,12573110272,16.71
408.747,3362704,785080,0,4147784,14118680,1163,12573110272,16.71
408.847,3362704,785080,0,4147784,14118680,1163,12573110272,16.71
408.947,3362704,785080,0,4147784,14118680,1163,12573110272,16.71
409.048,3362704,785080,0,4147784,14118680,1163,12573110272,16.71
409.148,3362704,785080,0,4147784,14118680,1163,12573110272,16.71
409.248,3362704,785080,0,4147784,14118680,1163,12573110272,16.71
409.349,3362704,785080,0,4147784,14118680,1163,12573110272,13.68
409.449,3362704,785080,0,4147784,14118680,1163,12573110272,13.68
409.550,3362704,785080,0,4147784,14118680,1163,12573110272,13.68
409.650,3362704,785080,0,4147784,14118680,1163,12573110272,13.68
409.750,3362704,785080,0,4147784,14118680,1163,12573110272,13.68
409.851,3362704,785080,0,4147784,14118680,1163,12573110272,13.68
409.951,3362704,785080,0,4147784,14118680,1163,12573110272,13.68
410.051,3362704,785080,0,4147784,14118680,1163,12573110272,13.68
410.152,3362704,785080,0,4147784,14118680,1163,12573110272,13.68
410.252,3362704,785080,0,4147784,14118680,1163,12573110272,13.68
410.353,3362704,785080,0,4147784,14118680,1163,12573110272,13.68
410.453,3362704,785080,0,4147784,14118680,1163,12573110272,13.68
410.553,3362704,785080,0,4147784,14118680,1163,12573110272,13.68
410.654,3362704,785080,0,4147784,14118680,1163,12573110272,13.68
410.754,3362704,785080,0,4147784,14118680,1163,12573110272,13.68
410.855,3362704,785080,0,4147784,14118680,1163,12573110272,13.68
410.955,3362704,785080,0,4147784,14118680,1163,12573110272,13.68
411.055,3362704,785080,0,4147784,14118680,1163,12573110272,13.68
411.156,3362704,785080,0,4147784,14118680,1163,12573110272,13.68
411.256,3362704,785080,0,4147784,14118680,1163,12573110272,13.68
411.356,3362704,785080,0,4147784,14118680,1163,12573110272,15.01
411.457,3362704,785080,0,4147784,14118680,1163,12573110272,15.01
411.557,3362704,785080,0,4147784,14118680,1163,12573110272,15.01
411.658,3362704,785080,0,4147784,14118680,1163,12573110272,15.01
411.758,3362704,785080,0,4147784,14118680,1163,12573110272,15.01
411.858,3362704,785080,0,4147784,14118680,1163,12573110272,15.01
411.959,3362704,785080,0,4147784,14118680,1163,12573110272,15.01
412.059,3362704,785080,0,4147784,14118680,1163,12573110272,15.01
412.159,3362704,785080,0,4147784,14118680,1163,12573110272,15.01
412.260,3362704,785080,0,4147784,14118680,1163,12573110272,15.01
412.360,3362704,785080,0,4147784,14118680,1163,12573110272,15.01
412.460,3362704,785080,0,4147784,14118680,1163,12573110272,15.01
412.561,3362704,785080,0,4147784,14118680,1163,12573110272,15.01
412.661,3362704,785080,0,4147784,14118680,1163,12573110272,15.01
412.762,3362704,785080,0,4147784,14118680,1163,12573110272,15.01
412.862,3362704,785080,0,4147784,14118680,1163,12573110272,15.01
412.962,3362704,785080,0,4147784,14118680,1163,12573110272,15.01
413.063,3362704,785080,0,4147784,14118680,1163,12573110272,15.01
413.163,3362704,785080,0,4147784,14118680,1163,12573110272,15.01
413.263,3362704,785080,0,4147784,14118680,1163,12573110272,14.28
413.364,3362704,785080,0,4147784,14118680,1163,12573110272,14.28
413.464,3362704,785080,0,4147784,14118680,1163,12573110272,14.28
413.564,3362704,785080,0,4147784,14118680,1163,12573110272,14.28
413.665,3362704,785080,0,4147784,14118680,1163,12573110272,14.28
413.765,3362704,785080,0,4147784,14118680,1163,12573110272,14.28
413.865,3362704,785080,0,4147784,14118680,1163,12573110272,14.28
413.966,3362704,785080,0,4147784,14118680,1163,12573110272,14.28
414.066,3362704,785080,0,4147784,14118680,1163,12573110272,14.28
414.166,3362704,785080,0,4147784,14118680,1163,12573110272,14.28
414.267,3362704,785080,0,4147784,14118680,1163,12573110272,14.28
414.367,3362704,785080,0,4147784,14118680,1163,12573110272,14.28
414.467,3362704,785080,0,4147784,14118680,1163,12573110272,14.28
414.568,3362704,785080,0,4147784,14118680,1163,12573110272,14.28
414.668,3362704,785080,0,4147784,14118680,1163,12573110272,14.28
414.768,3362704,785080,0,4147784,14118680,1163,12573110272,14.28
414.869,3362704,785080,0,4147784,14118680,1163,12573110272,14.28
414.969,3362704,785080,0,4147784,14118680,1163,12573110272,14.28
415.070,3362704,785080,0,4147784,14118680,1163,12573110272,14.28
415.170,3362704,785080,0,4147784,14118680,1163,12573110272,16.22
415.270,3362704,785080,0,4147784,14118680,1163,12573110272,16.22
415.371,3362704,785080,0,4147784,14118680,1163,12573110272,16.22
415.471,3362704,785080,0,4147784,14118680,1163,12573110272,16.22
415.572,3362704,785080,0,4147784,14118680,1163,12573110272,16.22
415.672,3362704,785080,0,4147784,14118680,1163,12573110272,16.22
415.772,3362704,785080,0,4147784,14118680,1163,12573110272,16.22
415.873,3362704,785080,0,4147784,14118680,1163,12573110272,16.22
415.973,3362704,785080,0,4147784,14118680,1163,12573110272,16.22
416.073,3362704,785080,0,4147784,14118680,1163,12573110272,16.22
416.174,3362704,785080,0,4147784,14118680,1163,12573110272,16.22
416.274,3362704,785080,0,4147784,14118680,1163,12573110272,16.22
416.374,3362704,785080,0,4147784,14118680,1163,12573110272,16.22
416.475,3362704,785080,0,4147784,14118680,1163,12573110272,16.22
416.575,3362704,785080,0,4147784,14118680,1163,12573110272,16.22
416.675,3362704,785080,0,4147784,14118680,1163,12573118464,16.22
416.776,3362704,785080,0,4147784,14118680,1163,12573118464,16.22
416.876,3261476,785080,0,4046556,14118680,1163,12573118464,16.22
416.976,2421796,667652,0,3089448,14118680,1163,12573118464,16.22
417.077,2382732,628588,0,3011320,14118680,1163,12573118464,16.22
417.177,2382732,628588,0,3011320,14118680,1163,12573118464,16.72
417.277,2382732,628588,0,3011320,14118680,1163,12573118464,16.72
417.378,2382732,628588,0,3011320,14118680,1163,12573118464,16.72
417.478,2382732,628588,0,3011320,14118680,1163,12573118464,16.72
417.579,2382732,628588,0,3011320,14118680,1163,12573118464,16.72
417.679,2382732,628588,0,3011320,14118680,1163,12573118464,16.72
417.779,2382732,628588,0,3011320,14118680,1163,12573118464,16.72
417.880,2382732,628588,0,3011320,14118680,1163,12573118464,16.72
417.980,2382732,628588,0,3011320,14118680,1163,12573118464,16.72
418.080,2382732,628588,0,3011320,14118680,1163,12573118464,16.72
418.181,2382732,628588,0,3011320,14118680,1163,12573118464,16.72
418.281,2382732,628588,0,3011320,14118680,1163,12573118464,16.72
418.381,2382732,628588,0,3011320,14118680,1163,12573118464,16.72
418.482,2382732,628588,0,3011320,14118680,1163,12573118464,16.72
418.582,2382732,628588,0,3011320,14118680,1163,12573118464,16.72
418.682,2382732,628588,0,3011320,14118680,1163,12573118464,16.72
418.783,2382732,628588,0,3011320,14118680,1163,12573118464,16.72
