t,RssAnon,RssFile,RssShmem,VmRSS,VmHWM
0.001,128,1068,0,1196,1196
0.101,6152,11728,0,17880,20436
0.201,9604,11728,0,21332,21332
0.302,8588,11728,0,20316,21304
0.402,60688,12304,0,72992,72992
0.504,88212,12688,0,100900,154168
0.604,97276,12816,0,110092,178528
0.705,113168,12816,0,125984,178528
0.805,114172,12816,0,126988,178528
0.905,114172,12816,0,126988,178528
1.006,114172,12816,0,126988,178528
1.106,114172,12816,0,126988,178528
1.206,114172,12816,0,126988,178528
1.306,114764,12816,0,127580,178528
1.407,118864,12816,0,131680,178528
1.507,118864,12816,0,131680,178528
1.607,118864,12816,0,131680,178528
1.707,118864,12816,0,131680,178528
1.808,118864,12816,0,131680,178528
1.908,118864,12816,0,131680,178528
2.009,118864,12816,0,131680,178528
2.109,118864,12816,0,131680,178528
2.209,118864,12816,0,131680,178528
2.309,118864,12816,0,131680,178528
2.410,119280,12816,0,132096,178528
2.510,119280,12816,0,132096,178528
2.610,119280,12816,0,132096,178528
2.711,119280,12816,0,132096,178528
2.811,119280,12816,0,132096,178528
2.911,119280,12816,0,132096,178528
3.011,119280,12816,0,132096,178528
3.112,119280,12816,0,132096,178528
3.212,119280,12816,0,132096,178528
3.312,119280,12816,0,132096,178528
3.413,119280,12816,0,132096,178528
3.513,119280,12816,0,132096,178528
3.613,138684,12944,0,151628,178528
3.714,159216,12944,0,172160,178528
3.814,180780,12944,0,193724,193724
3.914,205068,12944,0,218012,218012
4.014,225156,12944,0,238100,238100
4.115,248048,12944,0,260992,260992
4.215,272896,12944,0,285840,285840
4.315,294500,12944,0,307444,307444
4.415,316536,12944,0,329480,329480
4.516,341000,12944,0,353944,353944
4.616,362844,12944,0,375788,375788
4.716,384640,12944,0,397584,397584
4.817,405560,12944,0,418504,418504
4.917,427964,12944,0,440908,440908
5.017,452552,12944,0,465496,465496
5.117,473264,12944,0,486208,486208
5.218,492232,12944,0,505176,505176
5.318,512268,12944,0,525212,525212
5.418,532948,12944,0,545892,545892
5.518,556092,12944,0,569036,569036
5.619,576932,12944,0,589876,589876
5.719,597712,12944,0,610656,610656
5.819,622536,12944,0,635480,635480
5.920,642448,12944,0,655392,655392
6.020,666728,12944,0,679672,679672
6.120,685484,12944,0,698428,698428
6.221,707580,12944,0,720524,720524
6.321,729516,12944,0,742460,742460
6.421,752036,12944,0,764980,764980
6.521,773688,12944,0,786632,786632
6.622,796144,12944,0,809088,809088
6.722,818468,12944,0,831412,831412
6.822,838304,12944,0,851248,851248
6.922,838304,12944,0,851248,851248
7.023,838304,12944,0,851248,851248
7.123,412472,12944,0,425416,850636
7.223,133868,13008,0,146876,850636
7.324,154960,13008,0,167968,850636
7.424,177284,13008,0,190292,850636
7.524,194976,13008,0,207984,850636
7.624,219452,13008,0,232460,850636
7.725,239068,13008,0,252076,850636
7.825,263096,13008,0,276104,850636
7.925,283576,13008,0,296584,850636
8.025,305512,13008,0,318520,850636
8.126,327636,13008,0,340644,850636
8.226,349128,13008,0,362136,850636
8.326,372036,13008,0,385044,850636
8.426,394084,13008,0,407092,850636
8.527,413012,13008,0,426020,850636
8.627,436436,13008,0,449444,850636
8.727,457928,13008,0,470936,850636
8.828,478544,13008,0,491552,850636
8.928,502772,13008,0,515780,850636
9.028,522872,13008,0,535880,850636
9.128,544744,13008,0,557752,850636
9.229,566596,13008,0,579604,850636
9.329,587328,13008,0,600336,850636
9.429,608760,13008,0,621768,850636
9.530,632520,13008,0,645528,850636
9.630,652260,13008,0,665268,850636
9.730,675988,13008,0,688996,850636
9.830,696120,13008,0,709128,850636
9.931,716808,13008,0,729816,850636
10.031,738440,13008,0,751448,850636
10.131,760720,13008,0,773728,850636
10.231,781832,13008,0,794840,850636
10.331,801284,13008,0,814292,850636
10.432,822528,13008,0,835536,850636
10.532,838312,13008,0,851320,851320
10.632,986920,13008,0,999928,999928
10.733,1124128,13008,0,1137136,1137136
10.833,1286136,13008,0,1299144,1299144
10.933,1467008,13008,0,1480016,1480016
11.033,1557336,13008,0,1570344,1570344
11.136,1557364,13008,0,1570372,1570372
11.237,1557464,13008,0,1570472,1570472
11.337,1569148,13008,0,1582156,1582156
11.437,1626972,13008,0,1639980,1639980
11.538,1783640,13008,0,1796648,1796648
11.638,1940464,13008,0,1953472,1953472
11.738,596476,13008,0,609484,1968216
11.839,674644,13008,0,687652,1968216
11.939,749636,13008,0,762644,1968216
12.039,782872,80592,0,863464,1968216
12.139,632460,169328,0,801788,1968216
12.240,632460,169328,0,801788,1968216
12.340,663352,169328,0,832680,1968216
12.440,758112,169328,0,927440,1968216
12.541,827780,169328,0,997108,1968216
12.641,866824,169328,0,1036152,1968216
12.741,995656,169328,0,1164984,1968216
12.842,1103772,169328,0,1273100,1968216
12.942,1148996,169328,0,1318324,1968216
13.042,1178980,169328,0,1348308,1968216
13.142,1120120,169328,0,1289448,1968216
13.243,1030784,169328,0,1200112,1968216
13.343,1030784,169328,0,1200112,1968216
13.443,1030784,169328,0,1200112,1968216
13.543,992072,169328,0,1161400,1968216
13.644,920468,169392,0,1089860,1968216
13.744,920568,169392,0,1089960,1968216
13.844,920584,169392,0,1089976,1968216
13.945,920608,169392,0,1090000,1968216
14.045,920612,169392,0,1090004,1968216
14.145,920648,169392,0,1090040,1968216
14.245,920668,169392,0,1090060,1968216
14.346,920712,169392,0,1090104,1968216
14.446,920728,169392,0,1090120,1968216
14.546,920756,169392,0,1090148,1968216
14.647,920804,169392,0,1090196,1968216
14.747,920824,169392,0,1090216,1968216
14.847,920828,169392,0,1090220,1968216
14.947,920828,169392,0,1090220,1968216
15.048,920836,169392,0,1090228,1968216
15.148,920836,169392,0,1090228,1968216
15.248,920836,169392,0,1090228,1968216
15.348,920836,169392,0,1090228,1968216
15.449,920836,169392,0,1090228,1968216
15.549,920836,169392,0,1090228,1968216
15.649,920836,169392,0,1090228,1968216
15.749,920836,169392,0,1090228,1968216
15.850,920836,169392,0,1090228,1968216
15.950,920836,169392,0,1090228,1968216
16.050,920836,169392,0,1090228,1968216
16.150,920836,169392,0,1090228,1968216
16.251,920844,169392,0,1090236,1968216
16.351,920856,169392,0,1090248,1968216
16.451,921064,169392,0,1090456,1968216
16.552,921120,169392,0,1090512,1968216
16.652,921120,169392,0,1090512,1968216
16.752,366292,91264,0,457556,1968216
16.853,366292,91264,0,457556,1968216
16.953,391020,91520,0,482540,1968216
17.053,418032,91520,0,509552,1968216
17.153,445188,91520,0,536708,1968216
17.254,472332,91520,0,563852,1968216
17.354,499520,91520,0,591040,1968216
17.454,527076,91520,0,618596,1968216
17.554,547800,91584,0,639384,1968216
17.655,547800,92352,0,640152,1968216
17.755,547800,92352,0,640152,1968216
17.855,547800,92352,0,640152,1968216
17.955,547800,92352,0,640152,1968216
18.056,547800,92352,0,640152,1968216
18.156,405272,92480,0,497752,1968216
18.256,383484,121408,0,504892,1968216
18.357,401812,118416,0,520228,1968216
18.457,424436,174108,0,598544,1968216
18.557,458544,192628,0,651172,1968216
18.657,449844,161404,0,611248,1968216
18.758,440532,209128,0,649660,1968216
18.858,416520,141968,0,558488,1968216
18.959,466984,170940,0,637924,1968216
19.059,452956,206360,0,659316,1968216
19.159,442232,249960,0,692192,1968216
19.260,426788,316376,0,743164,1968216
19.360,474508,321588,0,796096,1968216
19.460,472336,344336,0,816672,1968216
19.560,440792,398344,0,839136,1968216
19.661,429864,186896,0,616760,1968216
19.761,466944,236728,0,703672,1968216
19.861,432960,314088,0,747048,1968216
19.962,436032,355508,0,791540,1968216
20.062,441152,341672,0,782824,1968216
20.162,484268,371856,0,856124,1968216
20.262,475912,433032,0,908944,1968216
20.363,479856,495716,0,975572,1968216
20.463,446272,550704,0,996976,1968216
20.563,483448,588824,0,1072272,1968216
20.663,460224,643328,0,1103552,1968216
20.764,509948,791692,0,1301640,1968216
20.864,509948,1142840,0,1652788,1968216
20.964,509948,1433932,0,1943880,1968216
21.065,509948,1661104,0,2171052,2171052
21.165,509948,1987188,0,2497136,2497136
21.265,509948,1917728,0,2427676,2590168
21.366,509948,2065320,0,2575268,2590168
21.466,509948,2192388,0,2702336,2702336
21.566,483764,2192388,0,2676152,2701116
21.666,451968,2192388,0,2644356,2701116
21.767,506904,2192388,0,2699292,2701116
21.867,503768,2192388,0,2696156,2701116
21.967,496744,2192388,0,2689132,2701116
22.068,471072,2192388,0,2663460,2703100
22.168,403600,2192388,0,2595988,2717052
22.268,488580,2192388,0,2680968,2717052
22.369,482224,2192388,0,2674612,2717052
22.469,470560,2192388,0,2662948,2717052
22.569,447832,2192388,0,2640220,2717052
22.669,450612,2192388,0,2643000,2717052
22.770,487816,2192388,0,2680204,2717052
22.870,493400,2192388,0,2685788,2717052
22.970,478592,2192388,0,2670980,2717052
23.071,450928,2192388,0,2643316,2717052
23.171,450928,2192388,0,2643316,2717052
23.271,513268,2192388,0,2705656,2717052
23.371,494268,2208772,0,2703040,2721180
23.472,473528,2262020,0,2735548,2765548
23.572,508032,2325508,0,2833540,2837796
23.672,508564,2325508,0,2834072,2837796
23.773,461200,1340420,0,1801620,2855204
23.873,516944,1379332,0,1896276,2855204
23.973,495760,1405956,0,1901716,2855204
24.074,450928,1471492,0,1922420,2855204
24.174,514460,1494020,0,2008480,2855204
24.274,450928,1537076,0,1988004,2855204
24.374,485604,1551412,0,2037016,2855204
24.475,478456,1613012,0,2091468,2855204
24.575,500712,1627348,0,2128060,2855204
24.675,480544,1685460,0,2166004,2855204
24.775,450928,1627004,0,2077932,2855204
24.875,506864,1627004,0,2133868,2855204
24.976,506864,1977004,0,2483868,2855204
25.076,506864,1755828,0,2262692,2855204
25.176,506864,2172204,0,2679068,2855204
25.277,506864,2473852,0,2980716,2980716
25.377,506864,2707068,0,3213932,3213932
25.478,506864,2944860,0,3451724,3451724
25.578,506864,3169552,0,3676416,3676416
25.678,506864,3333928,0,3840792,3840792
25.779,506864,3522824,0,4029688,4029688
25.879,506864,3637792,0,4144656,4144656
25.979,506864,2704120,0,3210984,4143848
26.079,506864,2851768,0,3358632,4143848
26.180,468100,2859960,0,3328060,4143848
26.280,520888,2859960,0,3380848,4143848
26.380,502076,2859960,0,3362036,4143848
26.481,453312,2859960,0,3313272,4143848
26.581,453312,2859960,0,3313272,4143848
26.681,516464,2859960,0,3376424,4143848
26.781,483004,2859960,0,3342964,4143848
26.882,453312,2859960,0,3313272,4143848
26.982,453312,2859960,0,3313272,4143848
27.082,512656,2859960,0,3372616,4143848
27.182,492312,2859960,0,3352272,4143848
27.283,522064,2859960,0,3382024,4143848
27.383,494600,2859960,0,3354560,4143848
27.483,502368,2859960,0,3362328,4143848
27.584,506828,2859960,0,3366788,4143848
27.684,471360,2859960,0,3331320,4143848
27.785,453312,2859960,0,3313272,4143848
27.885,453312,2859960,0,3313272,4143848
27.985,520808,2859960,0,3380768,4143848
28.085,501688,2859960,0,3361648,4143848
28.186,453312,2859960,0,3313272,4143848
28.286,453312,2859960,0,3313272,4143848
28.386,524012,2859960,0,3383972,4143848
28.486,457716,2859960,0,3317676,4143848
28.587,439316,2859960,0,3299276,4143848
28.687,456356,2859960,0,3316316,4143848
28.787,433840,2859960,0,3293800,4143848
28.888,434552,2859960,0,3294512,4143848
28.988,495296,2859960,0,3355256,4143848
29.088,488624,2859960,0,3348584,4143848
29.188,445036,2884536,0,3329572,4143848
29.289,514580,2896824,0,3411404,4143848
29.389,469028,2954168,0,3423196,4143848
29.489,516892,3003320,0,3520212,4143848
29.590,487248,3025848,0,3513096,4143848
29.690,518236,3093432,0,3611668,4143848
29.790,489544,3099576,0,3589120,4143848
29.890,450220,3171256,0,3621476,4143848
29.991,502988,3171256,0,3674244,4143848
30.091,448864,3242936,0,3691800,4143848
30.191,521360,3242936,0,3764296,4143848
30.291,453404,3320760,0,3774164,4143848
30.392,526604,3343288,0,3869892,4143848
30.492,453404,3402680,0,3856084,4143848
30.592,525788,3402680,0,3928468,4143848
30.693,458544,3483192,0,3941736,4143848
30.793,533024,3483192,0,4016216,4143848
30.893,533024,3490304,0,4023328,4143848
30.994,533024,3680912,0,4213936,4213936
31.094,533024,3873472,0,4406496,4406496
31.195,533024,3810132,0,4343156,4547016
31.295,533024,3945004,0,4478028,4547016
31.395,533024,4009276,0,4542300,4547016
31.496,533024,4107640,0,4640664,4640664
31.596,533024,4201864,0,4734888,4734888
31.696,533024,4300196,0,4833220,4833220
31.797,533024,4445648,0,4978672,4978672
31.897,533024,4586988,0,5120012,5120012
31.997,533024,4677104,0,5210128,5210128
32.098,533024,4791820,0,5324844,5324844
32.198,533024,4922932,0,5455956,5455956
32.298,533024,5062216,0,5595240,5595240
32.399,533024,5123172,0,5656196,5656196
32.499,533024,5183312,0,5716336,5716336
32.599,533024,5216728,0,5749752,5749752
32.699,533024,3135968,0,3668992,5765308
32.800,533024,3170784,0,3703808,5765308
32.900,533024,3183072,0,3716096,5765308
33.000,533024,3207472,0,3740496,5765308
33.100,533024,3227484,0,3760508,5765308
33.201,533024,3253440,0,3786464,5765308
33.301,533024,3329508,0,3862532,5765308
33.401,458544,3381112,0,3839656,5765308
33.502,507680,3381112,0,3888792,5765308
33.602,458544,3381128,0,3839672,5765308
33.702,521780,3381128,0,3902908,5765308
33.803,467588,3381144,0,3848732,5765308
33.903,530304,3381144,0,3911448,5765308
34.003,500324,3381144,0,3881468,5765308
34.103,458544,3381144,0,3839688,5765308
34.204,530008,3381144,0,3911152,5765308
34.304,496564,3381144,0,3877708,5765308
34.404,458544,3381160,0,3839704,5765308
34.505,526764,3381160,0,3907924,5765308
34.605,458544,3381448,0,3839992,5765308
34.705,533624,3381448,0,3915072,5765308
34.806,493500,3381448,0,3874948,5765308
34.906,458544,3381480,0,3840024,5765308
35.006,519908,3381480,0,3901388,5765308
35.106,488004,3381496,0,3869500,5765308
35.207,458544,3381576,0,3840120,5765308
35.307,521692,3381576,0,3903268,5765308
35.407,486064,3381576,0,3867640,5765308
35.507,458544,3381576,0,3840120,5765308
35.608,514888,3381576,0,3896464,5765308
35.708,458544,3381576,0,3840120,5765308
35.808,532620,3381576,0,3914196,5765308
35.909,498716,3381576,0,3880292,5765308
36.009,458544,3381592,0,3840136,5765308
36.109,532872,3381592,0,3914464,5765308
36.210,495412,3381592,0,3877004,5765308
36.310,458544,3381592,0,3840136,5765308
36.410,525300,3381592,0,3906892,5765308
36.511,477796,3381592,0,3859388,5765308
36.611,458544,3381592,0,3840136,5765308
36.711,515348,3381592,0,3896940,5765308
36.811,458544,3381592,0,3840136,5765308
36.912,517752,3381592,0,3899344,5765308
37.012,466512,3381592,0,3848104,5765308
37.112,481932,3381592,0,3863524,5765308
37.212,512652,3381592,0,3894244,5765308
37.313,486932,3381592,0,3868524,5765308
37.413,458544,3381608,0,3840152,5765308
37.513,516916,3381608,0,3898524,5765308
37.614,462080,3381624,0,3843704,5765308
37.714,533644,3401136,0,3934780,5765308
37.814,458544,1328252,0,1786796,5765308
37.915,539608,1333644,0,1873252,5765308
38.015,458544,1409424,0,1867968,5765308
38.115,519800,1409424,0,1929224,5765308
38.215,539640,1475720,0,2015360,5765308
38.315,459636,1494412,0,1954048,5765308
38.416,540568,1519868,0,2060436,5765308
38.516,458544,1582476,0,2041020,5765308
38.616,540436,1607052,0,2147488,5765308
38.717,458544,1670460,0,2129004,5765308
38.817,538432,1670460,0,2208892,5765308
38.917,539896,1845444,0,2385340,5765308
39.018,539896,2063660,0,2603556,5765308
39.118,539896,2374896,0,2914792,5765308
39.218,539896,2721680,0,3261576,5765308
39.319,539896,2940376,0,3480272,5765308
39.419,539896,3093160,0,3633056,5765308
39.519,539896,3175928,0,3715824,5765308
39.620,539896,3302896,0,3842792,5765308
39.720,539896,3461908,0,4001804,5765308
39.821,539896,3595932,0,4135828,5765308
39.921,539896,3727216,0,4267112,5765308
40.021,539896,3875068,0,4414964,5765308
40.122,539896,4038524,0,4578420,5765308
40.222,539896,4191936,0,4731832,5765308
40.322,539896,4366592,0,4906488,5765308
40.422,539896,4549412,0,5089308,5765308
40.523,539896,4725544,0,5265440,5765308
40.623,539896,4950536,0,5490432,5765308
40.723,539896,5150508,0,5690404,5765308
40.824,539896,5232432,0,5772328,5772328
40.924,539896,5264568,0,5804464,5804464
41.024,539896,5314160,0,5854056,5854056
41.125,539896,5412464,0,5952360,5952360
41.225,539896,5511792,0,6051688,6051688
41.325,539896,5639904,0,6179800,6179800
41.425,539896,5755252,0,6295148,6295148
41.526,539896,5897768,0,6437664,6437664
41.626,539896,6040340,0,6580236,6580236
41.726,539896,6190936,0,6730832,6730832
41.826,539896,6268592,0,6808488,6808488
41.927,539896,6353188,0,6893084,6893084
42.027,539896,6415916,0,6955812,6955812
42.127,539896,6475800,0,7015696,7015696
42.228,539896,6567992,0,7107888,7107888
42.328,492588,6569048,0,7061636,7108332
42.428,541304,6569112,0,7110416,7110416
42.529,484212,6570872,0,7055084,7111564
42.629,501380,6571176,0,7072556,7111564
42.729,513776,6571176,0,7084952,7111564
42.829,458544,6571176,0,7029720,7111564
42.930,529700,6571176,0,7100876,7111564
43.030,493528,6571192,0,7064720,7111564
43.130,458544,6571192,0,7029736,7112056
43.230,513888,6571192,0,7085080,7112056
43.331,458544,6571576,0,7030120,7113356
43.431,514860,6571576,0,7086436,7113356
43.531,458548,6571576,0,7030124,7113356
43.631,540992,6571576,0,7112568,7113356
43.732,500908,6571576,0,7072484,7113356
43.832,458548,6571592,0,7030140,7113356
43.932,532728,6571592,0,7104320,7113356
44.032,458548,6571592,0,7030140,7113356
44.133,542628,6571592,0,7114220,7114220
44.233,500012,6571592,0,7071604,7113488
44.333,543092,6571592,0,7114684,7114684
44.434,502996,6571592,0,7074588,7114000
44.534,536996,6571592,0,7108588,7115024
44.634,486272,6571592,0,7057864,7115024
44.735,544692,6571592,0,7116284,7116284
44.835,496876,6571592,0,7068468,7115664
44.935,543816,6571592,0,7115408,7115664
45.036,463444,6571592,0,7035036,7115664
45.136,537684,6571592,0,7109276,7115664
45.236,477148,6571592,0,7048740,7115664
45.337,544368,6571592,0,7115960,7115960
45.437,500712,6571592,0,7072304,7115664
45.537,458548,6571592,0,7030140,7115664
45.638,520668,6571592,0,7092260,7115664
45.738,458548,6571592,0,7030140,7116268
45.839,508556,6571592,0,7080148,7116268
45.939,458548,6571592,0,7030140,7116268
46.039,514716,6571592,0,7086308,7116268
46.140,458548,6571848,0,7030396,7116268
46.240,533836,6571848,0,7105684,7116268
46.340,483620,6571848,0,7055468,7116268
46.441,542968,6571848,0,7114816,7116268
46.541,466312,6571848,0,7038160,7116268
46.642,458548,6571848,0,7030396,7116268
46.742,458548,6600704,0,7059252,7116268
46.842,458548,6702228,0,7160776,7160776
46.943,458548,6804704,0,7263252,7263252
47.043,458548,6897648,0,7356196,7356196
47.143,458548,6963816,0,7422364,7422364
47.244,458548,7078548,0,7537096,7537096
47.344,458548,7167176,0,7625724,7625724
47.444,458548,7003560,0,7462108,7685420
47.545,458548,7111360,0,7569908,7685420
47.645,458548,7234240,0,7692788,7692788
47.746,458548,7295356,0,7753904,7753904
47.846,458548,7353020,0,7811568,7811568
47.946,458548,7436452,0,7895000,7895000
48.046,458548,7508132,0,7966680,7966680
48.147,458548,7606444,0,8064992,8064992
48.247,458548,7698608,0,8157156,8157156
48.348,458548,7755952,0,8214500,8214500
48.448,458548,7846072,0,8304620,8304620
48.548,458548,7956632,0,8415180,8415180
48.649,458548,7999984,0,8458532,8458532
48.749,458548,8050760,0,8509308,8509308
48.849,458548,7084180,0,7542728,8508820
48.950,458548,3864884,0,4323432,8508820
49.050,458548,3969884,0,4428432,8508820
49.150,458548,4063364,0,4521912,8508820
49.251,458548,4186244,0,4644792,8508820
49.351,458548,4284292,0,4742840,8508820
49.451,458548,4374404,0,4832952,8508820
49.551,458548,1557884,0,2016432,8508820
49.652,353000,1516412,0,1869412,8508820
49.752,355464,1516540,0,1872004,8508820
49.852,369764,1516540,0,1886304,8508820
49.953,385432,1516540,0,1901972,8508820
50.053,399436,1516540,0,1915976,8508820
50.153,412684,1516540,0,1929224,8508820
50.253,443604,1516540,0,1960144,8508820
50.354,458168,1516776,0,1974944,8508820
50.454,465760,1516776,0,1982536,8508820
50.554,472732,1516776,0,1989508,8508820
50.654,480516,1516776,0,1997292,8508820
50.755,487864,1516776,0,2004640,8508820
50.855,494612,1516776,0,2011388,8508820
50.955,500400,1516776,0,2017176,8508820
51.055,507380,1516776,0,2024156,8508820
51.156,514652,1516776,0,2031428,8508820
51.256,520764,1516776,0,2037540,8508820
51.356,526508,1516776,0,2043284,8508820
51.456,533336,1516776,0,2050112,8508820
51.557,540072,1516776,0,2056848,8508820
51.657,545240,1516776,0,2062016,8508820
51.757,551340,1516776,0,2068116,8508820
51.857,558396,1516776,0,2075172,8508820
51.958,563980,1516776,0,2080756,8508820
52.058,570396,1516776,0,2087172,8508820
52.158,574904,1516776,0,2091680,8508820
52.258,581304,1516776,0,2098080,8508820
52.359,587864,1516776,0,2104640,8508820
52.459,594608,1516776,0,2111384,8508820
52.559,602760,1516776,0,2119536,8508820
52.660,610204,1516904,0,2127108,8508820
52.760,610204,1516904,0,2127108,8508820
52.860,610292,1516904,0,2127196,8508820
52.960,610292,1516904,0,2127196,8508820
53.061,610868,1516904,0,2127772,8508820
53.161,611068,1516904,0,2127972,8508820
53.261,611280,1516904,0,2128184,8508820
53.362,611396,1516904,0,2128300,8508820
53.462,613140,1516904,0,2130044,8508820
53.562,615148,1516904,0,2132052,8508820
53.662,616744,1516904,0,2133648,8508820
53.763,618300,1516904,0,2135204,8508820
53.863,619960,1516904,0,2136864,8508820
53.963,621004,1516904,0,2137908,8508820
54.063,622944,1516904,0,2139848,8508820
54.164,625216,1516904,0,2142120,8508820
54.264,627136,1516904,0,2144040,8508820
54.364,629680,1516904,0,2146584,8508820
54.464,631676,1516904,0,2148580,8508820
54.565,633020,1516904,0,2149924,8508820
54.665,633420,1516904,0,2150324,8508820
54.765,634188,1516904,0,2151092,8508820
54.865,634876,1516904,0,2151780,8508820
54.966,635856,1516904,0,2152760,8508820
55.066,637400,1516904,0,2154304,8508820
55.166,639292,1516904,0,2156196,8508820
55.266,640796,1516904,0,2157700,8508820
55.367,641196,1516904,0,2158100,8508820
55.467,641736,1516904,0,2158640,8508820
55.567,642108,1516904,0,2159012,8508820
55.667,642456,1516904,0,2159360,8508820
55.768,642772,1516904,0,2159676,8508820
55.868,643044,1516904,0,2159948,8508820
55.968,643396,1516904,0,2160300,8508820
56.069,643556,1516904,0,2160460,8508820
56.169,644312,1516904,0,2161216,8508820
56.269,645424,1516904,0,2162328,8508820
56.369,646952,1516904,0,2163856,8508820
56.470,649248,1516904,0,2166152,8508820
56.570,651196,1516904,0,2168100,8508820
56.670,653768,1516904,0,2170672,8508820
56.770,653768,1516904,0,2170672,8508820
56.871,653768,1516904,0,2170672,8508820
56.971,481564,1516904,0,1998468,8508820
57.071,481564,1516904,0,1998468,8508820
57.171,481564,1516904,0,1998468,8508820
57.271,481564,1516904,0,1998468,8508820
57.372,481564,1516904,0,1998468,8508820
57.472,481564,1516904,0,1998468,8508820
57.572,481564,1516904,0,1998468,8508820
57.672,481564,1516904,0,1998468,8508820
57.773,481564,1516904,0,1998468,8508820
57.873,481564,1516904,0,1998468,8508820
57.973,481564,1516904,0,1998468,8508820
58.074,481564,1516904,0,1998468,8508820
58.174,481564,1516904,0,1998468,8508820
58.274,483972,1516904,0,2000876,8508820
58.374,488524,1516904,0,2005428,8508820
58.475,492636,1516904,0,2009540,8508820
58.575,497312,1516904,0,2014216,8508820
58.675,500968,1516904,0,2017872,8508820
58.775,508164,1516904,0,2025068,8508820
58.876,515240,1516904,0,2032144,8508820
58.976,519476,1516904,0,2036380,8508820
59.076,524988,1516904,0,2041892,8508820
59.176,530108,1516904,0,2047012,8508820
59.277,536956,1516904,0,2053860,8508820
59.377,542396,1516904,0,2059300,8508820
59.477,547932,1516904,0,2064836,8508820
59.578,558864,1516904,0,2075768,8508820
59.678,563764,1516904,0,2080668,8508820
59.778,569844,1516904,0,2086748,8508820
59.878,575164,1516904,0,2092068,8508820
59.979,581316,1516904,0,2098220,8508820
60.079,587084,1516904,0,2103988,8508820
60.179,592196,1516904,0,2109100,8508820
60.279,596980,1516904,0,2113884,8508820
60.380,603344,1516904,0,2120248,8508820
60.480,608584,1516904,0,2125488,8508820
60.580,615576,1516904,0,2132480,8508820
60.680,615576,1516904,0,2132480,8508820
60.781,606784,1516904,0,2123688,8508820
60.881,500628,1516904,0,2017532,8508820
60.981,500628,1516904,0,2017532,8508820
61.082,500628,1516904,0,2017532,8508820
61.182,500628,1516904,0,2017532,8508820
61.282,500628,1516904,0,2017532,8508820
61.382,500628,1516904,0,2017532,8508820
61.483,500628,1516904,0,2017532,8508820
61.583,500628,1516904,0,2017532,8508820
61.683,500628,1516904,0,2017532,8508820
61.783,500628,1516904,0,2017532,8508820
61.884,500628,1516904,0,2017532,8508820
61.984,500628,1516904,0,2017532,8508820
62.084,500628,1516904,0,2017532,8508820
62.185,500728,1516904,0,2017632,8508820
62.285,500728,1516904,0,2017632,8508820
62.385,500792,1516904,0,2017696,8508820
62.485,504612,1516904,0,2021516,8508820
62.586,511744,1516904,0,2028648,8508820
62.686,518968,1516904,0,2035872,8508820
62.786,522948,1516904,0,2039852,8508820
62.887,528436,1516904,0,2045340,8508820
62.987,533344,1516904,0,2050248,8508820
63.087,538344,1516904,0,2055248,8508820
63.187,542684,1516904,0,2059588,8508820
63.288,547688,1516904,0,2064592,8508820
63.388,552668,1516904,0,2069572,8508820
63.488,562528,1516904,0,2079432,8508820
63.588,567600,1516904,0,2084504,8508820
63.689,570944,1516904,0,2087848,8508820
63.789,577540,1516904,0,2094444,8508820
63.889,581472,1516904,0,2098376,8508820
63.989,586876,1516904,0,2103780,8508820
64.090,592324,1516904,0,2109228,8508820
64.190,598692,1516904,0,2115596,8508820
64.290,604140,1516904,0,2121044,8508820
64.391,611532,1516904,0,2128436,8508820
64.491,611532,1516904,0,2128436,8508820
64.591,611532,1516904,0,2128436,8508820
64.691,500752,1516904,0,2017656,8508820
64.792,500752,1516904,0,2017656,8508820
64.892,500752,1516904,0,2017656,8508820
64.992,500752,1516904,0,2017656,8508820
65.092,500752,1516904,0,2017656,8508820
65.193,500752,1516904,0,2017656,8508820
65.293,500752,1516904,0,2017656,8508820
65.393,500752,1516904,0,2017656,8508820
65.493,500752,1516904,0,2017656,8508820
65.594,500752,1516904,0,2017656,8508820
65.694,500752,1516904,0,2017656,8508820
65.794,500752,1516904,0,2017656,8508820
65.894,500752,1516904,0,2017656,8508820
65.995,500752,1516904,0,2017656,8508820
66.095,500752,1516904,0,2017656,8508820
66.195,500752,1516904,0,2017656,8508820
66.296,502276,1516904,0,2019180,8508820
66.396,506124,1516904,0,2023028,8508820
66.496,510628,1516904,0,2027532,8508820
66.596,516632,1516904,0,2033536,8508820
66.697,525616,1516904,0,2042520,8508820
66.797,528520,1516904,0,2045424,8508820
66.897,534720,1516904,0,2051624,8508820
66.998,539668,1516904,0,2056572,8508820
67.098,544680,1516904,0,2061584,8508820
67.198,550028,1516904,0,2066932,8508820
67.298,554960,1516904,0,2071864,8508820
67.399,566384,1516904,0,2083288,8508820
67.499,570424,1516904,0,2087328,8508820
67.599,576224,1516904,0,2093128,8508820
67.700,581172,1516904,0,2098076,8508820
67.800,587444,1516904,0,2104348,8508820
67.900,593028,1516904,0,2109932,8508820
68.000,598524,1516904,0,2115428,8508820
68.101,605048,1516904,0,2121952,8508820
68.201,608968,1516904,0,2125872,8508820
68.301,613672,1516904,0,2130576,8508820
68.401,613672,1516904,0,2130576,8508820
68.502,549096,1516904,0,2066000,8508820
68.602,549096,1516904,0,2066000,8508820
68.702,549096,1516904,0,2066000,8508820
68.803,549096,1516904,0,2066000,8508820
68.903,549096,1516904,0,2066000,8508820
69.003,549096,1516904,0,2066000,8508820
69.103,549096,1516904,0,2066000,8508820
69.204,549096,1516904,0,2066000,8508820
69.304,549096,1516904,0,2066000,8508820
69.404,549096,1516904,0,2066000,8508820
69.505,549096,1516904,0,2066000,8508820
69.605,549096,1516904,0,2066000,8508820
69.705,549096,1516904,0,2066000,8508820
69.806,549096,1516904,0,2066000,8508820
69.906,549096,1516904,0,2066000,8508820
70.006,549096,1516904,0,2066000,8508820
70.106,549096,1516904,0,2066000,8508820
70.206,549392,1516904,0,2066296,8508820
70.307,549444,1516904,0,2066348,8508820
70.407,550036,1516904,0,2066940,8508820
70.507,551088,1516904,0,2067992,8508820
70.607,551576,1516904,0,2068480,8508820
70.708,552400,1516904,0,2069304,8508820
70.808,553384,1516904,0,2070288,8508820
70.908,557608,1516904,0,2074512,8508820
71.008,562148,1516904,0,2079052,8508820
71.109,566608,1516904,0,2083512,8508820
71.209,569548,1516904,0,2086452,8508820
71.309,574012,1516904,0,2090916,8508820
71.409,578936,1516904,0,2095840,8508820
71.510,583740,1516904,0,2100644,8508820
71.610,592652,1516904,0,2109556,8508820
71.710,597772,1516904,0,2114676,8508820
71.811,602124,1516904,0,2119028,8508820
71.911,607576,1516904,0,2124480,8508820
72.011,615524,1516904,0,2132428,8508820
72.111,621700,1516904,0,2138604,8508820
72.211,621700,1516904,0,2138604,8508820
72.312,509080,1516904,0,2025984,8508820
72.412,483012,1516904,0,1999916,8508820
72.512,483012,1516904,0,1999916,8508820
72.612,483012,1516904,0,1999916,8508820
72.713,483012,1516904,0,1999916,8508820
72.813,483012,1516904,0,1999916,8508820
72.913,483012,1516904,0,1999916,8508820
73.014,483012,1516904,0,1999916,8508820
73.114,483012,1516904,0,1999916,8508820
73.214,483012,1516904,0,1999916,8508820
73.315,483012,1516904,0,1999916,8508820
73.415,483012,1516904,0,1999916,8508820
73.515,483012,1516904,0,1999916,8508820
73.615,483012,1516904,0,1999916,8508820
73.716,483012,1516904,0,1999916,8508820
73.816,485580,1516904,0,2002484,8508820
73.916,492272,1516904,0,2009176,8508820
74.016,496660,1516904,0,2013564,8508820
74.117,502404,1516904,0,2019308,8508820
74.217,506772,1516904,0,2023676,8508820
74.317,511936,1516904,0,2028840,8508820
74.417,516640,1516904,0,2033544,8508820
74.518,521488,1516904,0,2038392,8508820
74.618,526684,1516904,0,2043588,8508820
74.718,531436,1516904,0,2048340,8508820
74.819,536368,1516904,0,2053272,8508820
74.919,542260,1516904,0,2059164,8508820
75.019,550812,1516904,0,2067716,8508820
75.119,556516,1516904,0,2073420,8508820
75.220,560556,1516904,0,2077460,8508820
75.320,566844,1516904,0,2083748,8508820
75.420,572768,1516904,0,2089672,8508820
75.520,578884,1516904,0,2095788,8508820
75.621,585784,1516904,0,2102688,8508820
75.721,598456,1516904,0,2115360,8508820
75.821,602492,1516904,0,2119396,8508820
75.922,608284,1516904,0,2125188,8508820
76.022,614052,1516904,0,2130956,8508820
76.122,618400,1516904,0,2135304,8508820
76.222,618400,1516904,0,2135304,8508820
76.323,504360,1516904,0,2021264,8508820
76.423,504360,1516904,0,2021264,8508820
76.523,504360,1516904,0,2021264,8508820
76.623,504360,1516904,0,2021264,8508820
76.724,504360,1516904,0,2021264,8508820
76.824,504360,1516904,0,2021264,8508820
76.924,504360,1516904,0,2021264,8508820
77.025,504360,1516904,0,2021264,8508820
77.125,504360,1516904,0,2021264,8508820
77.225,504360,1516904,0,2021264,8508820
77.325,504360,1516904,0,2021264,8508820
77.426,504360,1516904,0,2021264,8508820
77.526,504360,1516904,0,2021264,8508820
77.626,504360,1516904,0,2021264,8508820
77.727,504368,1516904,0,2021272,8508820
77.827,504368,1516904,0,2021272,8508820
77.927,504844,1516904,0,2021748,8508820
78.027,509304,1516904,0,2026208,8508820
78.128,513708,1516904,0,2030612,8508820
78.228,518564,1516904,0,2035468,8508820
78.328,522536,1516904,0,2039440,8508820
78.428,526960,1516904,0,2043864,8508820
78.529,531872,1516904,0,2048776,8508820
78.629,535620,1516904,0,2052524,8508820
78.729,545272,1516904,0,2062176,8508820
78.830,550236,1516904,0,2067140,8508820
78.930,561240,1516904,0,2078144,8508820
79.030,565816,1516904,0,2082720,8508820
79.130,571360,1516904,0,2088264,8508820
79.231,576812,1516904,0,2093716,8508820
79.331,582316,1516904,0,2099220,8508820
79.431,587648,1516904,0,2104552,8508820
79.532,593008,1516904,0,2109912,8508820
79.632,598840,1516904,0,2115744,8508820
79.732,605500,1516904,0,2122404,8508820
79.832,611804,1516904,0,2128708,8508820
79.932,614644,1516904,0,2131548,8508820
80.033,614644,1516904,0,2131548,8508820
80.133,483012,1516904,0,1999916,8508820
80.233,483012,1516904,0,1999916,8508820
80.334,483012,1516904,0,1999916,8508820
80.434,483012,1516904,0,1999916,8508820
80.534,483012,1516904,0,1999916,8508820
80.634,483012,1516904,0,1999916,8508820
80.735,483012,1516904,0,1999916,8508820
80.835,483012,1516904,0,1999916,8508820
80.935,483012,1516904,0,1999916,8508820
81.035,483012,1516904,0,1999916,8508820
81.136,483012,1516904,0,1999916,8508820
81.236,483012,1516904,0,1999916,8508820
81.336,483012,1516904,0,1999916,8508820
81.436,483012,1516904,0,1999916,8508820
81.537,486728,1516904,0,2003632,8508820
81.637,491272,1516904,0,2008176,8508820
81.737,496248,1516904,0,2013152,8508820
81.837,500616,1516904,0,2017520,8508820
81.938,505516,1516904,0,2022420,8508820
82.038,510508,1516904,0,2027412,8508820
82.138,520784,1516904,0,2037688,8508820
82.239,526512,1516904,0,2043416,8508820
82.339,529912,1516904,0,2046816,8508820
82.439,535312,1516904,0,2052216,8508820
82.539,540132,1516904,0,2057036,8508820
82.640,544988,1516904,0,2061892,8508820
82.740,554888,1516904,0,2071792,8508820
82.840,559648,1516904,0,2076552,8508820
82.940,565436,1516904,0,2082340,8508820
83.041,571368,1516904,0,2088272,8508820
83.141,577704,1516904,0,2094608,8508820
83.241,583716,1516904,0,2100620,8508820
83.341,589080,1516904,0,2105984,8508820
83.442,594500,1516904,0,2111404,8508820
83.542,600268,1516904,0,2117172,8508820
83.642,606536,1516904,0,2123440,8508820
83.742,614516,1516904,0,2131420,8508820
83.843,614516,1516904,0,2131420,8508820
83.943,614516,1516904,0,2131420,8508820
84.043,614516,1516904,0,2131420,8508820
84.144,614516,1516904,0,2131420,8508820
84.244,614516,1516904,0,2131420,8508820
84.344,614516,1516904,0,2131420,8508820
84.444,614516,1516904,0,2131420,8508820
84.545,614516,1516904,0,2131420,8508820
84.645,614516,1516904,0,2131420,8508820
84.745,614516,1516904,0,2131420,8508820
84.845,614516,1516904,0,2131420,8508820
84.946,614516,1516904,0,2131420,8508820
85.046,614516,1516904,0,2131420,8508820
85.146,614516,1516904,0,2131420,8508820
85.246,614516,1516904,0,2131420,8508820
85.347,614516,1516904,0,2131420,8508820
85.447,614528,1516904,0,2131432,8508820
85.547,614528,1516904,0,2131432,8508820
85.647,614528,1516904,0,2131432,8508820
85.748,614592,1516904,0,2131496,8508820
85.848,614612,1516904,0,2131516,8508820
85.948,614964,1516904,0,2131868,8508820
86.048,615204,1516904,0,2132108,8508820
86.149,615484,1516904,0,2132388,8508820
86.249,616628,1516904,0,2133532,8508820
86.349,617020,1516904,0,2133924,8508820
86.449,617520,1516904,0,2134424,8508820
86.550,619020,1516904,0,2135924,8508820
86.650,619960,1516904,0,2136864,8508820
86.750,620948,1516904,0,2137852,8508820
86.850,623188,1516904,0,2140092,8508820
86.951,627100,1516904,0,2144004,8508820
87.051,627864,1516904,0,2144768,8508820
87.151,628928,1516904,0,2145832,8508820
87.251,630708,1516904,0,2147612,8508820
87.352,632772,1516904,0,2149676,8508820
87.452,636948,1516904,0,2153852,8508820
87.552,638208,1516904,0,2155112,8508820
87.653,638636,1516904,0,2155540,8508820
87.753,641520,1516904,0,2158424,8508820
87.853,645656,1516904,0,2162560,8508820
87.954,645656,1516904,0,2162560,8508820
88.054,645752,1516904,0,2162656,8508820
88.154,645752,1516904,0,2162656,8508820
88.254,645752,1516904,0,2162656,8508820
88.354,645752,1516904,0,2162656,8508820
88.455,645752,1516904,0,2162656,8508820
88.555,645752,1516904,0,2162656,8508820
88.655,646408,1516904,0,2163312,8508820
88.756,646480,1516904,0,2163384,8508820
88.856,646552,1516904,0,2163456,8508820
88.956,646628,1516904,0,2163532,8508820
89.056,646696,1516904,0,2163600,8508820
89.157,646760,1516904,0,2163664,8508820
89.257,646760,1516904,0,2163664,8508820
89.357,646760,1516904,0,2163664,8508820
89.458,646760,1516904,0,2163664,8508820
89.558,646760,1516904,0,2163664,8508820
89.658,646760,1516904,0,2163664,8508820
89.759,646760,1516904,0,2163664,8508820
89.859,646760,1516904,0,2163664,8508820
89.959,646760,1516904,0,2163664,8508820
90.059,646776,1516904,0,2163680,8508820
90.160,646776,1516904,0,2163680,8508820
90.260,646864,1516904,0,2163768,8508820
90.360,646940,1516904,0,2163844,8508820
90.460,647516,1516904,0,2164420,8508820
90.560,647768,1516904,0,2164672,8508820
90.661,648160,1516904,0,2165064,8508820
90.761,648208,1516904,0,2165112,8508820
90.861,648244,1516904,0,2165148,8508820
90.962,648964,1516904,0,2165868,8508820
91.062,649308,1516904,0,2166212,8508820
91.162,650464,1516904,0,2167368,8508820
91.262,650764,1516904,0,2167668,8508820
91.363,652256,1516904,0,2169160,8508820
91.463,653124,1516904,0,2170028,8508820
91.563,654152,1516904,0,2171056,8508820
91.663,654424,1516904,0,2171328,8508820
91.764,656308,1516904,0,2173212,8508820
91.864,656308,1516904,0,2173212,8508820
91.964,656308,1516904,0,2173212,8508820
92.065,656308,1516904,0,2173212,8508820
92.165,656308,1516904,0,2173212,8508820
92.265,656308,1516904,0,2173212,8508820
92.365,656308,1516904,0,2173212,8508820
92.466,656308,1516904,0,2173212,8508820
92.566,656308,1516904,0,2173212,8508820
92.666,656308,1516904,0,2173212,8508820
92.766,656308,1516904,0,2173212,8508820
92.867,656308,1516904,0,2173212,8508820
92.967,656644,1516904,0,2173548,8508820
93.067,656684,1516904,0,2173588,8508820
93.167,656708,1516904,0,2173612,8508820
93.268,656724,1516904,0,2173628,8508820
93.368,656724,1516904,0,2173628,8508820
93.468,656724,1516904,0,2173628,8508820
93.569,656724,1516904,0,2173628,8508820
93.669,656724,1516904,0,2173628,8508820
93.769,656728,1516904,0,2173632,8508820
93.869,656748,1516904,0,2173652,8508820
93.970,656780,1516904,0,2173684,8508820
94.070,656792,1516904,0,2173696,8508820
94.170,656792,1516904,0,2173696,8508820
94.270,656792,1516904,0,2173696,8508820
94.371,656792,1516904,0,2173696,8508820
94.471,656792,1516904,0,2173696,8508820
94.571,656900,1516904,0,2173804,8508820
94.671,657032,1516904,0,2173936,8508820
94.772,657032,1516904,0,2173936,8508820
94.872,657232,1516904,0,2174136,8508820
94.972,657472,1516904,0,2174376,8508820
95.073,657528,1516904,0,2174432,8508820
95.173,658212,1516904,0,2175116,8508820
95.273,658416,1516904,0,2175320,8508820
95.373,658580,1516904,0,2175484,8508820
95.474,658744,1516904,0,2175648,8508820
95.574,658820,1516904,0,2175724,8508820
95.674,659024,1516904,0,2175928,8508820
95.774,659024,1516904,0,2175928,8508820
95.875,659024,1516904,0,2175928,8508820
95.975,659024,1516904,0,2175928,8508820
96.075,659024,1516904,0,2175928,8508820
96.176,659024,1516904,0,2175928,8508820
96.276,659024,1516904,0,2175928,8508820
96.376,659024,1516904,0,2175928,8508820
96.477,659024,1516904,0,2175928,8508820
96.577,659024,1516904,0,2175928,8508820
96.677,659024,1516904,0,2175928,8508820
96.777,659024,1516904,0,2175928,8508820
96.878,659024,1516904,0,2175928,8508820
96.978,659024,1516904,0,2175928,8508820
97.078,659024,1516904,0,2175928,8508820
97.178,659024,1516904,0,2175928,8508820
97.279,659024,1516904,0,2175928,8508820
97.379,659024,1516904,0,2175928,8508820
97.479,659024,1516904,0,2175928,8508820
97.579,659024,1516904,0,2175928,8508820
97.680,659024,1516904,0,2175928,8508820
97.780,659024,1516904,0,2175928,8508820
97.880,659024,1516904,0,2175928,8508820
97.981,659024,1516904,0,2175928,8508820
98.081,659024,1516904,0,2175928,8508820
98.181,659024,1516904,0,2175928,8508820
98.281,659024,1516904,0,2175928,8508820
98.382,659024,1516904,0,2175928,8508820
98.482,659024,1516904,0,2175928,8508820
98.582,659024,1516904,0,2175928,8508820
98.682,659180,1516904,0,2176084,8508820
98.783,659284,1516904,0,2176188,8508820
98.883,659284,1516904,0,2176188,8508820
98.983,659288,1516904,0,2176192,8508820
99.084,659372,1516904,0,2176276,8508820
99.184,659444,1516904,0,2176348,8508820
99.284,659452,1516904,0,2176356,8508820
99.384,659516,1516904,0,2176420,8508820
99.485,659524,1516904,0,2176428,8508820
99.585,659532,1516904,0,2176436,8508820
99.685,659548,1516904,0,2176452,8508820
99.786,660912,1516904,0,2177816,8508820
99.886,660912,1516904,0,2177816,8508820
99.986,660912,1516904,0,2177816,8508820
100.086,660912,1516904,0,2177816,8508820
100.187,660912,1516904,0,2177816,8508820
100.287,660912,1516904,0,2177816,8508820
100.387,660912,1516904,0,2177816,8508820
100.487,660912,1516904,0,2177816,8508820
100.587,660912,1516904,0,2177816,8508820
100.688,660912,1516904,0,2177816,8508820
100.788,660912,1516904,0,2177816,8508820
100.888,660912,1516904,0,2177816,8508820
100.989,660912,1516904,0,2177816,8508820
101.089,660912,1516904,0,2177816,8508820
101.189,660912,1516904,0,2177816,8508820
101.289,660912,1516904,0,2177816,8508820
101.390,660912,1516904,0,2177816,8508820
101.490,660912,1516904,0,2177816,8508820
101.590,660912,1516904,0,2177816,8508820
101.690,660912,1516904,0,2177816,8508820
101.791,660912,1516904,0,2177816,8508820
101.891,660912,1516904,0,2177816,8508820
101.991,660912,1516904,0,2177816,8508820
102.092,660912,1516904,0,2177816,8508820
102.192,660912,1516904,0,2177816,8508820
102.292,660912,1516904,0,2177816,8508820
102.392,660912,1516904,0,2177816,8508820
102.493,660912,1516904,0,2177816,8508820
102.593,660912,1516904,0,2177816,8508820
102.693,661024,1516904,0,2177928,8508820
102.794,661024,1516904,0,2177928,8508820
102.894,661024,1516904,0,2177928,8508820
102.994,661024,1516904,0,2177928,8508820
103.094,661024,1516904,0,2177928,8508820
103.194,661112,1516904,0,2178016,8508820
103.295,661112,1516904,0,2178016,8508820
103.395,661112,1516904,0,2178016,8508820
103.495,661112,1516904,0,2178016,8508820
103.596,661112,1516904,0,2178016,8508820
103.696,661112,1516904,0,2178016,8508820
103.796,661112,1516904,0,2178016,8508820
103.896,661112,1516904,0,2178016,8508820
103.997,661112,1516904,0,2178016,8508820
104.097,661112,1516904,0,2178016,8508820
104.197,661112,1516904,0,2178016,8508820
104.298,661112,1516904,0,2178016,8508820
104.398,661112,1516904,0,2178016,8508820
104.498,661112,1516904,0,2178016,8508820
104.598,661112,1516904,0,2178016,8508820
104.699,661112,1516904,0,2178016,8508820
104.799,661112,1516904,0,2178016,8508820
104.899,661112,1516904,0,2178016,8508820
104.999,661112,1516904,0,2178016,8508820
105.100,661112,1516904,0,2178016,8508820
105.200,661112,1516904,0,2178016,8508820
105.300,661112,1516904,0,2178016,8508820
105.401,661112,1516904,0,2178016,8508820
105.501,661112,1516904,0,2178016,8508820
105.601,661112,1516904,0,2178016,8508820
105.702,661112,1516904,0,2178016,8508820
105.802,661112,1516904,0,2178016,8508820
105.902,661112,1516904,0,2178016,8508820
106.002,661112,1516904,0,2178016,8508820
106.103,661112,1516904,0,2178016,8508820
106.203,661112,1516904,0,2178016,8508820
106.303,661112,1516904,0,2178016,8508820
106.404,661112,1516904,0,2178016,8508820
106.504,661112,1516904,0,2178016,8508820
106.604,661112,1516904,0,2178016,8508820
106.705,661112,1516904,0,2178016,8508820
106.805,661112,1516904,0,2178016,8508820
106.905,661112,1516904,0,2178016,8508820
107.005,661112,1516904,0,2178016,8508820
107.106,661112,1516904,0,2178016,8508820
107.206,661112,1516904,0,2178016,8508820
107.306,661112,1516904,0,2178016,8508820
107.407,661112,1516904,0,2178016,8508820
107.507,661112,1516904,0,2178016,8508820
107.608,661112,1516904,0,2178016,8508820
107.708,661112,1516904,0,2178016,8508820
107.808,661112,1516904,0,2178016,8508820
107.908,661112,1516904,0,2178016,8508820
108.009,661112,1516904,0,2178016,8508820
108.109,661112,1516904,0,2178016,8508820
108.209,661112,1516904,0,2178016,8508820
108.310,661112,1516904,0,2178016,8508820
108.410,661112,1516904,0,2178016,8508820
108.510,661112,1516904,0,2178016,8508820
108.610,661112,1516904,0,2178016,8508820
108.711,661112,1516904,0,2178016,8508820
108.811,661112,1516904,0,2178016,8508820
108.911,661112,1516904,0,2178016,8508820
109.012,661112,1516904,0,2178016,8508820
109.112,661112,1516904,0,2178016,8508820
109.212,661112,1516904,0,2178016,8508820
109.313,661112,1516904,0,2178016,8508820
109.413,661112,1516904,0,2178016,8508820
109.513,661112,1516904,0,2178016,8508820
109.613,661112,1516904,0,2178016,8508820
109.714,661112,1516904,0,2178016,8508820
109.814,661112,1516904,0,2178016,8508820
109.914,661112,1516904,0,2178016,8508820
110.015,661112,1516904,0,2178016,8508820
110.115,661112,1516904,0,2178016,8508820
110.215,661112,1516904,0,2178016,8508820
110.316,661112,1516904,0,2178016,8508820
110.416,661112,1516904,0,2178016,8508820
110.516,661112,1516904,0,2178016,8508820
110.616,661112,1516904,0,2178016,8508820
110.717,661112,1516904,0,2178016,8508820
110.817,661112,1516904,0,2178016,8508820
110.917,661112,1516904,0,2178016,8508820
111.018,661112,1516904,0,2178016,8508820
111.118,661284,1516904,0,2178188,8508820
111.218,661284,1516904,0,2178188,8508820
111.318,661284,1516904,0,2178188,8508820
111.419,661284,1516904,0,2178188,8508820
111.519,661284,1516904,0,2178188,8508820
111.619,661284,1516904,0,2178188,8508820
111.719,661284,1516904,0,2178188,8508820
111.820,661284,1516904,0,2178188,8508820
111.920,661284,1516904,0,2178188,8508820
112.020,661284,1516904,0,2178188,8508820
112.121,661284,1516904,0,2178188,8508820
112.221,661284,1516904,0,2178188,8508820
112.321,661284,1516904,0,2178188,8508820
112.422,661284,1516904,0,2178188,8508820
112.522,661284,1516904,0,2178188,8508820
112.622,661284,1516904,0,2178188,8508820
112.722,661284,1516904,0,2178188,8508820
112.823,661284,1516904,0,2178188,8508820
112.923,661284,1516904,0,2178188,8508820
113.023,661284,1516904,0,2178188,8508820
113.124,661284,1516904,0,2178188,8508820
113.224,661284,1516904,0,2178188,8508820
113.324,661284,1516904,0,2178188,8508820
113.425,661284,1516904,0,2178188,8508820
113.525,661284,1516904,0,2178188,8508820
113.625,661284,1516904,0,2178188,8508820
113.725,661284,1516904,0,2178188,8508820
113.826,661284,1516904,0,2178188,8508820
113.926,661284,1516904,0,2178188,8508820
114.026,661284,1516904,0,2178188,8508820
114.126,661284,1516904,0,2178188,8508820
114.227,661284,1516904,0,2178188,8508820
114.327,661284,1516904,0,2178188,8508820
114.427,661284,1516904,0,2178188,8508820
114.527,661284,1516904,0,2178188,8508820
114.628,661284,1516904,0,2178188,8508820
114.728,661284,1516904,0,2178188,8508820
114.828,661284,1516904,0,2178188,8508820
114.929,661284,1516904,0,2178188,8508820
115.029,661284,1516904,0,2178188,8508820
115.129,661284,1516904,0,2178188,8508820
115.229,661284,1516904,0,2178188,8508820
115.330,661284,1516904,0,2178188,8508820
115.430,661284,1516904,0,2178188,8508820
115.530,661284,1516904,0,2178188,8508820
115.630,661284,1516904,0,2178188,8508820
115.731,661284,1516904,0,2178188,8508820
115.831,661284,1516904,0,2178188,8508820
115.931,661284,1516904,0,2178188,8508820
116.031,661284,1516904,0,2178188,8508820
116.132,661284,1516904,0,2178188,8508820
116.232,661284,1516904,0,2178188,8508820
116.332,661284,1516904,0,2178188,8508820
116.433,661284,1516904,0,2178188,8508820
116.533,661284,1516904,0,2178188,8508820
116.633,661284,1516904,0,2178188,8508820
116.734,661284,1516904,0,2178188,8508820
116.834,661284,1516904,0,2178188,8508820
116.934,661284,1516904,0,2178188,8508820
117.034,661284,1516904,0,2178188,8508820
117.135,661284,1516904,0,2178188,8508820
117.235,661284,1516904,0,2178188,8508820
117.335,661284,1516904,0,2178188,8508820
117.435,661284,1516904,0,2178188,8508820
117.536,661284,1516904,0,2178188,8508820
117.636,661284,1516904,0,2178188,8508820
117.736,661284,1516904,0,2178188,8508820
117.836,661284,1516904,0,2178188,8508820
117.937,661284,1516904,0,2178188,8508820
118.037,661284,1516904,0,2178188,8508820
118.137,661284,1516904,0,2178188,8508820
118.237,661284,1516904,0,2178188,8508820
118.338,661284,1516904,0,2178188,8508820
118.438,661284,1516904,0,2178188,8508820
118.538,661284,1516904,0,2178188,8508820
118.638,661284,1516904,0,2178188,8508820
118.739,661284,1516904,0,2178188,8508820
118.839,661284,1516904,0,2178188,8508820
118.939,661284,1516904,0,2178188,8508820
119.039,661284,1516904,0,2178188,8508820
119.140,661284,1516904,0,2178188,8508820
119.240,661284,1516904,0,2178188,8508820
119.340,661284,1516904,0,2178188,8508820
119.441,661284,1516904,0,2178188,8508820
119.541,661284,1516904,0,2178188,8508820
119.641,661284,1516904,0,2178188,8508820
119.741,661284,1516904,0,2178188,8508820
119.842,661284,1516904,0,2178188,8508820
119.942,661284,1516904,0,2178188,8508820
120.042,661284,1516904,0,2178188,8508820
120.142,661284,1516904,0,2178188,8508820
120.243,661284,1516904,0,2178188,8508820
120.343,661284,1516904,0,2178188,8508820
120.443,661284,1516904,0,2178188,8508820
120.543,661284,1516904,0,2178188,8508820
120.644,661284,1516904,0,2178188,8508820
120.744,661284,1516904,0,2178188,8508820
120.844,661284,1516904,0,2178188,8508820
120.945,661284,1516904,0,2178188,8508820
121.045,661284,1516904,0,2178188,8508820
121.145,661284,1516904,0,2178188,8508820
121.245,661284,1516904,0,2178188,8508820
121.346,661284,1516904,0,2178188,8508820
121.446,661284,1516904,0,2178188,8508820
121.546,661284,1516904,0,2178188,8508820
121.646,661284,1516904,0,2178188,8508820
121.747,661284,1516904,0,2178188,8508820
121.847,661284,1516904,0,2178188,8508820
121.947,661284,1516904,0,2178188,8508820
122.048,661284,1516904,0,2178188,8508820
122.148,661284,1516904,0,2178188,8508820
122.248,661284,1516904,0,2178188,8508820
122.348,661284,1516904,0,2178188,8508820
122.449,661284,1516904,0,2178188,8508820
122.549,661284,1516904,0,2178188,8508820
122.649,661284,1517096,0,2178380,8508820
122.749,661284,1517096,0,2178380,8508820
122.850,661284,1517096,0,2178380,8508820
122.950,661284,1517096,0,2178380,8508820
123.050,661284,1517096,0,2178380,8508820
123.150,661284,1517096,0,2178380,8508820
123.251,661284,1517096,0,2178380,8508820
123.351,661284,1517096,0,2178380,8508820
123.451,661284,1517096,0,2178380,8508820
123.552,661284,1517096,0,2178380,8508820
123.652,661284,1517096,0,2178380,8508820
123.752,661284,1517096,0,2178380,8508820
123.852,661284,1517096,0,2178380,8508820
123.953,661284,1517096,0,2178380,8508820
124.053,661284,1517096,0,2178380,8508820
124.153,661284,1517096,0,2178380,8508820
124.254,661284,1517096,0,2178380,8508820
124.354,661284,1517096,0,2178380,8508820
124.454,661284,1517096,0,2178380,8508820
124.554,661284,1517096,0,2178380,8508820
124.655,661284,1517096,0,2178380,8508820
124.755,661284,1517096,0,2178380,8508820
124.855,661284,1517096,0,2178380,8508820
124.955,661284,1517096,0,2178380,8508820
125.056,661284,1517096,0,2178380,8508820
125.156,661284,1517096,0,2178380,8508820
125.256,661284,1517096,0,2178380,8508820
125.357,661284,1517096,0,2178380,8508820
125.457,661284,1517096,0,2178380,8508820
125.557,661284,1517096,0,2178380,8508820
125.657,661284,1517096,0,2178380,8508820
125.758,661284,1517096,0,2178380,8508820
125.858,661284,1517096,0,2178380,8508820
125.958,661284,1517096,0,2178380,8508820
126.058,661284,1517096,0,2178380,8508820
126.159,661284,1517096,0,2178380,8508820
126.259,661284,1517096,0,2178380,8508820
126.359,661284,1517096,0,2178380,8508820
126.460,661284,1517096,0,2178380,8508820
126.560,661284,1517096,0,2178380,8508820
126.660,661284,1517096,0,2178380,8508820
126.761,661284,1517096,0,2178380,8508820
126.861,661284,1517096,0,2178380,8508820
126.961,661284,1517096,0,2178380,8508820
127.062,661284,1517096,0,2178380,8508820
127.162,661284,1517096,0,2178380,8508820
127.262,661284,1517096,0,2178380,8508820
127.362,661284,1517096,0,2178380,8508820
127.462,661284,1517096,0,2178380,8508820
127.563,661284,1517096,0,2178380,8508820
127.663,661284,1517096,0,2178380,8508820
127.763,661284,1517096,0,2178380,8508820
127.863,661284,1517096,0,2178380,8508820
127.964,661284,1517096,0,2178380,8508820
128.064,661284,1517096,0,2178380,8508820
128.164,661284,1517096,0,2178380,8508820
128.265,661284,1517096,0,2178380,8508820
128.365,661284,1517096,0,2178380,8508820
128.465,661284,1517096,0,2178380,8508820
128.565,661284,1517096,0,2178380,8508820
128.666,661284,1517096,0,2178380,8508820
128.766,661284,1517096,0,2178380,8508820
128.866,661284,1517096,0,2178380,8508820
128.967,661284,1517096,0,2178380,8508820
129.067,661284,1517096,0,2178380,8508820
129.167,661284,1517096,0,2178380,8508820
129.267,661284,1517096,0,2178380,8508820
129.368,661284,1517096,0,2178380,8508820
129.468,661284,1517096,0,2178380,8508820
129.568,661284,1517096,0,2178380,8508820
129.669,661284,1517096,0,2178380,8508820
129.769,661284,1517096,0,2178380,8508820
129.869,661284,1517096,0,2178380,8508820
129.969,661284,1517096,0,2178380,8508820
130.070,661284,1517096,0,2178380,8508820
130.170,661284,1517096,0,2178380,8508820
130.270,661284,1517096,0,2178380,8508820
130.371,661284,1517096,0,2178380,8508820
130.471,661284,1517096,0,2178380,8508820
130.571,661284,1517096,0,2178380,8508820
130.671,661284,1517096,0,2178380,8508820
130.772,661284,1517096,0,2178380,8508820
130.872,661284,1517096,0,2178380,8508820
130.972,661284,1517096,0,2178380,8508820
131.073,661284,1517096,0,2178380,8508820
131.173,661284,1517096,0,2178380,8508820
131.273,661284,1517096,0,2178380,8508820
131.373,661284,1517096,0,2178380,8508820
131.474,661284,1517096,0,2178380,8508820
131.574,661284,1517096,0,2178380,8508820
131.674,661284,1517096,0,2178380,8508820
131.775,661284,1517096,0,2178380,8508820
131.875,661284,1517096,0,2178380,8508820
131.975,661284,1517096,0,2178380,8508820
132.076,661284,1517096,0,2178380,8508820
132.176,661284,1517096,0,2178380,8508820
132.276,661284,1517096,0,2178380,8508820
132.376,661284,1517096,0,2178380,8508820
132.477,661284,1517096,0,2178380,8508820
132.577,661284,1517096,0,2178380,8508820
132.677,661284,1517096,0,2178380,8508820
132.778,661284,1517096,0,2178380,8508820
132.878,661284,1517096,0,2178380,8508820
132.978,661284,1517096,0,2178380,8508820
133.078,661284,1517096,0,2178380,8508820
133.179,661284,1517096,0,2178380,8508820
133.279,661284,1517096,0,2178380,8508820
133.379,661284,1517096,0,2178380,8508820
133.480,661284,1517096,0,2178380,8508820
133.580,661284,1517096,0,2178380,8508820
133.680,661284,1517096,0,2178380,8508820
133.780,661284,1517096,0,2178380,8508820
133.881,661284,1517096,0,2178380,8508820
133.981,661284,1517096,0,2178380,8508820
134.081,661284,1517096,0,2178380,8508820
134.182,661284,1517096,0,2178380,8508820
134.282,661284,1517096,0,2178380,8508820
134.382,661284,1517096,0,2178380,8508820
134.482,661284,1517096,0,2178380,8508820
134.583,661284,1517096,0,2178380,8508820
134.683,661284,1517096,0,2178380,8508820
134.783,661284,1517096,0,2178380,8508820
134.883,661284,1517096,0,2178380,8508820
134.984,661284,1517096,0,2178380,8508820
135.084,661284,1517096,0,2178380,8508820
135.184,661284,1517096,0,2178380,8508820
135.285,661284,1517096,0,2178380,8508820
135.385,661284,1517096,0,2178380,8508820
135.485,661284,1517096,0,2178380,8508820
135.585,661284,1517096,0,2178380,8508820
135.686,661284,1517096,0,2178380,8508820
135.786,661284,1517096,0,2178380,8508820
135.886,661284,1517096,0,2178380,8508820
135.986,661284,1517096,0,2178380,8508820
136.087,661284,1517096,0,2178380,8508820
136.187,661284,1517096,0,2178380,8508820
136.287,661284,1517096,0,2178380,8508820
136.387,661284,1517096,0,2178380,8508820
136.488,661284,1517096,0,2178380,8508820
136.588,661284,1517096,0,2178380,8508820
136.688,661284,1517096,0,2178380,8508820
136.788,661284,1517096,0,2178380,8508820
136.889,661284,1517096,0,2178380,8508820
136.989,661284,1517096,0,2178380,8508820
137.089,661284,1517096,0,2178380,8508820
137.190,661284,1517096,0,2178380,8508820
137.290,661284,1517096,0,2178380,8508820
137.390,661284,1517096,0,2178380,8508820
137.491,661284,1517096,0,2178380,8508820
137.591,661284,1517096,0,2178380,8508820
137.691,661284,1517096,0,2178380,8508820
137.792,661284,1517096,0,2178380,8508820
137.892,661284,1517096,0,2178380,8508820
137.992,661284,1517096,0,2178380,8508820
138.092,661284,1517096,0,2178380,8508820
138.193,662240,1517096,0,2179336,8508820
138.293,662240,1517096,0,2179336,8508820
138.393,662240,1517096,0,2179336,8508820
138.494,719660,1517096,0,2236756,8508820
138.594,719660,1517096,0,2236756,8508820
138.694,719660,1517096,0,2236756,8508820
138.794,719660,1517096,0,2236756,8508820
138.895,719660,1517096,0,2236756,8508820
138.995,719660,1517096,0,2236756,8508820
139.095,719660,1517096,0,2236756,8508820
139.196,719660,1517096,0,2236756,8508820
139.296,719660,1517096,0,2236756,8508820
139.396,719660,1517096,0,2236756,8508820
139.497,719660,1517096,0,2236756,8508820
139.597,719660,1517096,0,2236756,8508820
139.697,719660,1517096,0,2236756,8508820
139.797,719660,1517096,0,2236756,8508820
139.898,719660,1517096,0,2236756,8508820
139.998,719660,1517096,0,2236756,8508820
140.098,719660,1517096,0,2236756,8508820
140.199,719660,1517096,0,2236756,8508820
140.299,721340,1517096,0,2238436,8508820
140.399,721340,1517096,0,2238436,8508820
140.499,721340,1517096,0,2238436,8508820
140.600,721340,1517096,0,2238436,8508820
140.700,721340,1517096,0,2238436,8508820
140.800,721340,1517096,0,2238436,8508820
140.901,721340,1517096,0,2238436,8508820
141.001,721340,1517096,0,2238436,8508820
141.101,721340,1517096,0,2238436,8508820
141.202,721340,1517096,0,2238436,8508820
141.302,721340,1517096,0,2238436,8508820
141.402,721340,1517096,0,2238436,8508820
141.503,721340,1517096,0,2238436,8508820
141.603,721340,1517096,0,2238436,8508820
141.703,721340,1517096,0,2238436,8508820
141.803,721340,1517096,0,2238436,8508820
141.904,721340,1517096,0,2238436,8508820
142.004,721340,1517096,0,2238436,8508820
142.104,721340,1517096,0,2238436,8508820
142.204,721340,1517096,0,2238436,8508820
142.305,721340,1517096,0,2238436,8508820
142.405,721340,1517096,0,2238436,8508820
142.505,721340,1517096,0,2238436,8508820
142.606,721340,1517096,0,2238436,8508820
142.706,721340,1517096,0,2238436,8508820
142.806,721340,1517096,0,2238436,8508820
142.907,721340,1517096,0,2238436,8508820
143.007,721340,1517096,0,2238436,8508820
143.107,721340,1517096,0,2238436,8508820
143.207,721340,1517096,0,2238436,8508820
143.308,721340,1517096,0,2238436,8508820
143.408,721340,1517096,0,2238436,8508820
143.508,721340,1517096,0,2238436,8508820
143.608,721340,1517096,0,2238436,8508820
143.709,721340,1517096,0,2238436,8508820
143.809,721340,1517096,0,2238436,8508820
143.909,721340,1517096,0,2238436,8508820
144.010,721340,1517096,0,2238436,8508820
144.110,721340,1517096,0,2238436,8508820
144.210,721340,1517096,0,2238436,8508820
144.310,721340,1517096,0,2238436,8508820
144.411,721340,1517096,0,2238436,8508820
144.511,721340,1517096,0,2238436,8508820
144.611,721340,1517096,0,2238436,8508820
144.711,662240,1517096,0,2179336,8508820
144.812,662240,1517160,0,2179400,8508820
144.912,662240,1517160,0,2179400,8508820
145.012,662240,1517160,0,2179400,8508820
145.113,662240,1517160,0,2179400,8508820
145.213,662240,1517160,0,2179400,8508820
145.313,662240,1517160,0,2179400,8508820
145.414,662240,1517160,0,2179400,8508820
145.514,662240,1517160,0,2179400,8508820
145.614,662284,1517160,0,2179444,8508820
145.714,693196,1517160,0,2210356,8508820
145.815,724224,1517160,0,2241384,8508820
145.915,724164,1517160,0,2241324,8508820
146.015,732964,1517160,0,2250124,8508820
146.115,771708,1517160,0,2288868,8508820
146.216,787412,1517160,0,2304572,8508820
146.316,787412,1517160,0,2304572,8508820
146.416,825140,1517160,0,2342300,8508820
146.516,825140,1517160,0,2342300,8508820
146.617,840340,1517160,0,2357500,8508820
146.717,881428,1517160,0,2398588,8508820
146.817,881428,1517160,0,2398588,8508820
146.917,896160,1517160,0,2413320,8508820
147.018,916896,1517160,0,2434056,8508820
147.118,941524,1517160,0,2458684,8508820
147.218,967868,1517160,0,2485028,8508820
147.319,982040,1517160,0,2499200,8508820
147.419,1021736,1517160,0,2538896,8508820
147.519,1023576,1517160,0,2540736,8508820
147.619,1042916,1517160,0,2560076,8508820
147.720,1070868,1517160,0,2588028,8508820
147.820,1096236,1517160,0,2613396,8508820
147.920,1118756,1517160,0,2635916,8508820
148.020,1160748,1517160,0,2677908,8508820
148.121,1186004,1517160,0,2703164,8508820
148.221,1289748,1517160,0,2806908,8508820
148.321,1395204,1517160,0,2912364,8508820
148.421,1501476,1517160,0,3018636,8508820
148.522,1605968,1517160,0,3123128,8508820
148.622,1677424,1517160,0,3194584,8508820
148.722,1677424,1517160,0,3194584,8508820
148.822,1677424,1517160,0,3194584,8508820
148.923,1677424,1517160,0,3194584,8508820
149.023,1677424,1517160,0,3194584,8508820
149.123,1677424,1517160,0,3194584,8508820
149.223,1677424,1517160,0,3194584,8508820
149.324,1677424,1517160,0,3194584,8508820
149.424,1677424,1517160,0,3194584,8508820
149.524,1677424,1517584,0,3195008,8508820
149.625,1599296,1517648,0,3116944,8508820
149.725,1599296,1517712,0,3117008,8508820
149.828,1600696,2036384,0,3637080,8508820
149.928,1625696,2042160,0,3667856,8508820
150.029,1651424,2042224,0,3693648,8508820
150.129,1674300,2042288,0,3716588,8508820
150.229,1705632,2042288,0,3747920,8508820
150.330,1735320,2042288,0,3777608,8508820
150.430,1739596,2042288,0,3781884,8508820
150.530,1740700,2042288,0,3782988,8508820
150.630,1745376,2042864,0,3788240,8508820
150.732,1749368,2043056,0,3792424,8508820
150.832,1753928,2043056,0,3796984,8508820
150.933,1761364,2043056,0,3804420,8508820
151.033,1763212,2043056,0,3806268,8508820
151.136,1767524,2043056,0,3810580,8508820
151.237,1768576,2043248,0,3811824,8508820
151.337,1774108,2043248,0,3817356,8508820
151.437,1780968,2043248,0,3824216,8508820
151.537,1782624,2043248,0,3825872,8508820
151.638,1783128,2043248,0,3826376,8508820
151.740,1784668,2043248,0,3827916,8508820
151.841,1785624,2043440,0,3829064,8508820
151.941,1787952,2043440,0,3831392,8508820
152.041,1790232,2043440,0,3833672,8508820
152.141,1790524,2043440,0,3833964,8508820
152.242,1790888,2043440,0,3834328,8508820
152.344,1790888,2043440,0,3834328,8508820
152.445,1791616,2043440,0,3835056,8508820
152.545,1792384,2043440,0,3835824,8508820
152.648,1792384,2043440,0,3835824,8508820
152.748,1793080,2043440,0,3836520,8508820
152.849,1795092,2043440,0,3838532,8508820
152.949,1795136,2043440,0,3838576,8508820
153.049,1799600,2043440,0,3843040,8508820
153.149,1799624,2043440,0,3843064,8508820
153.250,1799624,2043440,0,3843064,8508820
153.352,1801340,2043440,0,3844780,8508820
153.453,1802992,2043440,0,3846432,8508820
153.553,1802992,2043440,0,3846432,8508820
153.653,1803540,2043440,0,3846980,8508820
153.753,1803540,2043440,0,3846980,8508820
153.854,1803740,2043440,0,3847180,8508820
153.954,1803740,2043440,0,3847180,8508820
154.054,1803740,2043440,0,3847180,8508820
154.154,1803740,2043440,0,3847180,8508820
154.255,1803740,2043440,0,3847180,8508820
154.355,1803740,2043440,0,3847180,8508820
154.455,1803740,2043440,0,3847180,8508820
154.556,1803740,2043440,0,3847180,8508820
154.656,1803740,2043440,0,3847180,8508820
154.756,1803740,2043440,0,3847180,8508820
154.856,1803740,2043440,0,3847180,8508820
154.957,1803740,2043440,0,3847180,8508820
155.057,1803740,2043440,0,3847180,8508820
155.157,1803740,2043440,0,3847180,8508820
155.258,1803740,2043440,0,3847180,8508820
155.358,1803740,2043440,0,3847180,8508820
155.458,1803740,2043440,0,3847180,8508820
155.558,1803740,2043440,0,3847180,8508820
155.658,1803740,2043440,0,3847180,8508820
155.759,1803740,2043440,0,3847180,8508820
155.859,1803740,2043440,0,3847180,8508820
155.959,1803740,2043440,0,3847180,8508820
156.059,1803740,2043440,0,3847180,8508820
156.160,1803740,2043440,0,3847180,8508820
156.260,1803740,2043440,0,3847180,8508820
156.360,1803740,2043440,0,3847180,8508820
156.461,1803740,2043440,0,3847180,8508820
156.561,1803740,2043440,0,3847180,8508820
156.661,1803740,2043440,0,3847180,8508820
156.762,1803740,2043440,0,3847180,8508820
156.862,1803740,2043440,0,3847180,8508820
156.962,1803740,2043440,0,3847180,8508820
157.062,1803740,2043440,0,3847180,8508820
157.163,1803740,2043440,0,3847180,8508820
157.263,1803740,2043440,0,3847180,8508820
157.363,1803740,2043440,0,3847180,8508820
157.463,1803740,2043440,0,3847180,8508820
157.564,1803740,2043440,0,3847180,8508820
157.664,1803740,2043440,0,3847180,8508820
157.764,1803740,2043440,0,3847180,8508820
157.864,1803740,2146480,0,3950220,8508820
157.965,1803740,2258288,0,4062028,8508820
158.065,1803740,2043440,0,3847180,8508820
158.168,1803740,2567724,0,4371464,8508820
158.268,1803740,2567724,0,4371464,8508820
158.369,1803740,2567724,0,4371464,8508820
158.472,1803740,2567896,0,4371636,8508820
158.573,1803740,2567896,0,4371636,8508820
158.673,1803740,2567896,0,4371636,8508820
158.776,1803740,2567896,0,4371636,8508820
158.880,1803740,2567904,0,4371644,8508820
158.980,1803740,2567904,0,4371644,8508820
159.081,1803740,2567904,0,4371644,8508820
159.181,1803740,2567904,0,4371644,8508820
159.281,1803740,2567904,0,4371644,8508820
159.381,1803740,2567904,0,4371644,8508820
159.482,1803740,2567904,0,4371644,8508820
159.584,1803740,2567904,0,4371644,8508820
159.685,1803740,2567904,0,4371644,8508820
159.785,1803740,2567904,0,4371644,8508820
159.885,1803740,2567904,0,4371644,8508820
159.985,1803740,2567904,0,4371644,8508820
160.086,1803740,2567904,0,4371644,8508820
160.186,1804248,2567904,0,4372152,8508820
160.286,1804248,2567904,0,4372152,8508820
160.387,1804248,2567904,0,4372152,8508820
160.487,1804248,2567904,0,4372152,8508820
160.587,1804248,2567904,0,4372152,8508820
160.688,1804248,2567904,0,4372152,8508820
160.788,1804248,2567904,0,4372152,8508820
160.888,1804248,2567904,0,4372152,8508820
160.988,1804248,2567904,0,4372152,8508820
161.089,1804248,2572192,0,4376440,8508820
161.189,1804248,2567904,0,4372152,8508820
161.292,1804248,8286496,0,10090744,10090744
161.392,1804248,8775776,0,10580024,10580024
161.493,1804248,9057760,0,10862008,10862008
161.593,1804248,9288736,0,11092984,11092984
161.693,1804248,9492256,0,11296504,11296504
161.793,1804248,9654112,0,11458360,11458360
161.894,1804248,9792288,0,11596536,11596536
161.996,1804248,9906528,0,11710776,11710776
162.096,1809928,10011104,0,11821032,11821032
162.197,1810300,10106464,0,11916764,11916764
162.297,1812464,10190048,0,12002512,12002512
162.397,1818992,10262048,0,12081040,12081040
162.498,1838036,10316576,0,12154612,12154612
162.598,1846796,10366944,0,12213740,12213740
162.700,1863696,10406752,0,12270448,12270448
162.800,1887500,10440672,0,12328172,12328172
162.901,1913816,10473376,0,12387192,12387192
163.001,1926908,10499296,0,12426204,12426204
163.101,1930884,10528672,0,12459556,12459556
163.204,1932664,10554144,0,12486808,12486808
163.305,1932888,10579680,0,12512568,12512568
163.405,1933164,10601952,0,12535116,12535116
163.505,1933276,10619936,0,12553212,12553212
163.605,1933384,10637152,0,12570536,12570536
163.706,1933560,10653920,0,12587480,12587480
163.808,1933592,10665696,0,12599288,12599288
163.908,1933612,10677920,0,12611532,12611532
164.009,1933764,10688736,0,12622500,12622500
164.109,1938636,10696928,0,12635564,12635564
164.209,1939824,10703968,0,12643792,12643792
164.312,1941464,10711584,0,12653048,12653048
164.413,1942496,10716384,0,12658880,12658880
164.513,1943836,10723616,0,12667452,12667452
164.613,1944864,10729696,0,12674560,12674560
164.713,1945368,10735008,0,12680376,12680376
164.816,1945552,10739232,0,12684784,12684784
164.916,1945720,10743520,0,12689240,12689240
165.017,1945780,10747104,0,12692884,12692884
165.117,1945780,10751136,0,12696916,12696916
165.220,1945784,10753888,0,12699672,12699672
165.321,1945784,10757920,0,12703704,12703704
165.421,1945816,10762016,0,12707832,12707832
165.521,1945824,10765152,0,12710976,12710976
165.621,1945892,10768544,0,12714436,12714436
165.722,1945928,10771552,0,12717480,12717480
165.822,1946064,10773984,0,12720048,12720048
165.922,1946496,10776160,0,12722656,12722656
166.024,1946512,10778016,0,12724528,12724528
166.124,1946580,10780128,0,12726708,12726708
166.225,1947412,10782752,0,12730164,12730164
166.325,1947648,10784864,0,12732512,12732512
166.428,1948068,10787488,0,12735556,12735556
166.529,1948144,10788960,0,12737104,12737104
166.629,1957044,10790048,0,12747092,12747092
166.729,1957584,10791520,0,12749104,12749104
166.832,1961304,10792736,0,12754040,12754040
166.933,1961452,10793824,0,12755276,12755276
167.033,1961456,10794784,0,12756240,12756240
167.133,1961460,10795616,0,12757076,12757076
167.233,1961460,10797024,0,12758484,12758484
167.334,1961460,10797984,0,12759444,12759444
167.434,1961460,10799136,0,12760596,12760596
167.536,1961460,10799840,0,12761300,12761300
167.636,1961460,10801120,0,12762580,12762580
167.737,1961460,10802208,0,12763668,12763668
167.840,1961472,10803360,0,12764832,12764832
167.940,1961472,10804192,0,12765664,12765664
168.041,1961472,10805280,0,12766752,12766752
168.141,1961504,10806176,0,12767680,12767680
168.241,1961804,10806816,0,12768620,12768620
168.344,1967460,10807520,0,12774980,12774980
168.445,1967480,10808416,0,12775896,12775896
168.545,1967528,10809376,0,12776904,12776904
168.645,1967548,10810272,0,12777820,12777820
168.745,1967552,10810848,0,12778400,12778400
168.852,1967552,10812128,0,12779680,12779680
168.952,1967552,10812960,0,12780512,12780512
169.056,1967552,10813664,0,12781216,12781216
169.156,1967552,10814624,0,12782176,12782176
169.257,1967552,10815648,0,12783200,12783200
169.357,1967556,10816160,0,12783716,12783716
169.458,1967556,10816928,0,12784484,12784484
169.560,1967556,10817248,0,12784804,12784804
169.660,1967556,10817760,0,12785316,12785316
169.761,1967560,10818912,0,12786472,12786472
169.861,1967568,10819552,0,12787120,12787120
169.961,1967580,10820576,0,12788156,12788156
170.062,1967584,10821280,0,12788864,12788864
170.162,1967584,10821344,0,12788928,12788928
170.264,1967584,10821856,0,12789440,12789440
170.365,1967584,10822304,0,12789888,12789888
170.465,1967584,10822944,0,12790528,12790528
170.565,1967584,10824096,0,12791680,12791680
170.668,1967584,10824864,0,12792448,12792448
170.768,1967584,10825632,0,12793216,12793216
170.869,1967584,10826144,0,12793728,12793728
170.969,1967584,10826784,0,12794368,12794368
171.069,1967584,10827360,0,12794944,12794944
171.172,1967584,10827808,0,12795392,12795392
171.273,1967584,10828256,0,12795840,12795840
171.373,1967584,10828896,0,12796480,12796480
171.473,1967692,10829408,0,12797100,12797100
171.573,1967692,10830112,0,12797804,12797804
171.674,1967692,10830688,0,12798380,12798380
171.774,1967692,10830944,0,12798636,12798636
171.876,1967692,10831456,0,12799148,12799148
171.976,1967692,10831904,0,12799596,12799596
172.077,1967692,10832160,0,12799852,12799852
172.177,1967696,10832352,0,12800048,12800048
172.280,1967696,10832608,0,12800304,12800304
172.381,1967696,10833056,0,12800752,12800752
172.481,1967696,10833440,0,12801136,12801136
172.581,1967696,10834272,0,12801968,12801968
172.682,1967696,10834464,0,12802160,12802160
172.784,1967696,10834976,0,12802672,12802672
172.884,1967696,10835232,0,12802928,12802928
172.985,1967696,10835808,0,12803504,12803504
173.085,1967696,10836128,0,12803824,12803824
173.185,1967696,10836448,0,12804144,12804144
173.288,1967696,10836768,0,12804464,12804464
173.389,1967696,10837344,0,12805040,12805040
173.489,1967696,10838048,0,12805744,12805744
173.589,1967696,10838560,0,12806256,12806256
173.689,1967696,10839904,0,12807600,12807600
173.790,1967696,10845920,0,12813616,12813616
173.890,1967696,10850336,0,12818032,12818032
173.992,1967696,10851744,0,12819440,12819440
174.093,1967696,10853408,0,12821104,12821104
174.193,1967696,10854240,0,12821936,12821936
174.296,1967696,10855200,0,12822896,12822896
174.397,1967696,10856480,0,12824176,12824176
174.497,1967696,10858016,0,12825712,12825712
174.597,1967696,10858848,0,12826544,12826544
174.697,1967696,10859808,0,12827504,12827504
174.798,1967696,10860896,0,12828592,12828592
174.898,1967696,10862112,0,12829808,12829808
175.000,1967696,10863968,0,12831664,12831664
175.100,1967696,10864288,0,12831984,12831984
175.200,1967696,10865760,0,12833456,12833456
175.301,1967696,10867616,0,12835312,12835312
175.404,1967696,10868384,0,12836080,12836080
175.504,1967976,10869536,0,12837512,12837512
175.605,1967976,10870432,0,12838408,12838408
175.705,1967976,10871520,0,12839496,12839496
175.808,1967976,10872224,0,12840200,12840200
175.909,1967976,10873120,0,12841096,12841096
176.009,1967976,10874208,0,12842184,12842184
176.109,1967976,10876000,0,12843976,12843976
176.209,1967976,10878240,0,12846216,12846216
176.312,1967976,10878624,0,12846600,12846600
176.413,1967976,10878944,0,12846920,12846920
176.513,1967976,10879456,0,12847432,12847432
176.613,1967976,10880032,0,12848008,12848008
176.713,1967976,10881376,0,12849352,12849352
176.814,1967976,10882656,0,12850632,12850632
176.916,1967976,10884448,0,12852424,12852424
177.017,1967976,10885280,0,12853256,12853256
177.117,1967976,10886752,0,12854728,12854728
177.217,1967976,10889952,0,12857928,12857928
177.317,1967976,10893536,0,12861512,12861512
177.418,1967976,10896416,0,12864392,12864392
177.520,1967976,10900064,0,12868040,12868040
177.620,1967976,10902816,0,12870792,12870792
177.721,1967976,10904544,0,12872520,12872520
177.821,1967976,10906912,0,12874888,12874888
177.924,1967976,10908640,0,12876616,12876616
178.024,1968176,10910240,0,12878416,12878416
178.125,1968176,10910752,0,12878928,12878928
178.225,1968176,10912480,0,12880656,12880656
178.325,1968176,10913440,0,12881616,12881616
178.426,1968176,10914080,0,12882256,12882256
178.526,1968176,10914656,0,12882832,12882832
178.626,1968176,10915488,0,12883664,12883664
178.728,1968176,10916384,0,12884560,12884560
178.829,1968176,10916704,0,12884880,12884880
178.929,1968176,10917280,0,12885456,12885456
179.029,1968176,10918048,0,12886224,12886224
179.129,1968176,10920352,0,12888528,12888528
179.232,1968176,10921312,0,12889488,12889488
179.333,1968176,10922464,0,12890640,12890640
179.433,1968176,10923296,0,12891472,12891472
179.533,1968176,10924576,0,12892752,12892752
179.636,1968176,10925536,0,12893712,12893712
179.736,1968176,10925792,0,12893968,12893968
179.837,1968176,10926880,0,12895056,12895056
179.937,1968176,10927904,0,12896080,12896080
180.040,1968176,10928992,0,12897168,12897168
180.141,1968176,10930656,0,12898832,12898832
180.241,1968176,10931552,0,12899728,12899728
180.341,1968176,10932704,0,12900880,12900880
180.441,1968176,10934368,0,12902544,12902544
180.542,1968176,10936224,0,12904400,12904400
180.642,1968176,10938400,0,12906576,12906576
180.744,1968176,10940000,0,12908176,12908176
180.845,1968176,10941536,0,12909712,12909712
180.945,1968176,10942624,0,12910800,12910800
181.045,1968176,10943776,0,12911952,12911952
181.145,1968176,10944288,0,12912464,12912464
181.246,1968176,10944800,0,12912976,12912976
181.346,1968176,10945248,0,12913424,12913424
181.446,1968176,10945504,0,12913680,12913680
181.548,1968176,10945888,0,12914064,12914064
181.649,1968176,10946592,0,12914768,12914768
181.749,1968176,10946976,0,12915152,12915152
181.849,1968176,10947296,0,12915472,12915472
181.949,1968176,10947872,0,12916048,12916048
182.050,1968176,10948256,0,12916432,12916432
182.152,1968176,10949280,0,12917456,12917456
182.252,1968176,10949536,0,12917712,12917712
182.353,1968176,10949792,0,12917968,12917968
182.453,1968176,10949856,0,12918032,12918032
182.556,1968176,10950112,0,12918288,12918288
182.657,1968176,10950304,0,12918480,12918480
182.757,1968176,10950496,0,12918672,12918672
182.857,1968176,10950816,0,12918992,12918992
182.957,1968176,10950944,0,12919120,12919120
183.058,1968176,10951072,0,12919248,12919248
183.158,1968176,10951200,0,12919376,12919376
183.260,1968176,10951328,0,12919504,12919504
183.361,1968176,10951456,0,12919632,12919632
183.461,1968176,10951456,0,12919632,12919632
183.561,1968176,10951648,0,12919824,12919824
183.661,1968176,10951712,0,12919888,12919888
183.762,1968176,10951776,0,12919952,12919952
183.864,1968176,10951776,0,12919952,12919952
183.965,1968316,10951968,0,12920284,12920284
184.065,1968316,10951968,0,12920284,12920284
184.165,1968316,10952480,0,12920796,12920796
184.265,1968316,10952864,0,12921180,12921180
184.368,1968316,10953504,0,12921820,12921820
184.469,1968316,10953568,0,12921884,12921884
184.569,1968316,10953568,0,12921884,12921884
184.669,1968432,10953952,0,12922384,12922384
184.769,1968432,10954592,0,12923024,12923024
184.872,1968432,10954592,0,12923024,12923024
184.973,1968432,10954592,0,12923024,12923024
185.073,1968432,10954592,0,12923024,12923024
185.173,1968432,10954592,0,12923024,12923024
185.273,1968432,10954592,0,12923024,12923024
185.376,1968432,10954592,0,12923024,12923024
185.476,1968432,10954592,0,12923024,12923024
185.577,1970428,10954656,0,12925084,12925084
185.677,1970916,10954656,0,12925572,12925572
185.777,1970916,10954656,0,12925572,12925572
185.877,1970916,10954720,0,12925636,12925636
185.980,1970916,10954720,0,12925636,12925636
186.081,1970916,10954720,0,12925636,12925636
186.181,1970916,10954720,0,12925636,12925636
186.281,1970916,10954784,0,12925700,12925700
186.381,1971116,10954784,0,12925900,12925900
186.482,1971116,10954784,0,12925900,12925900
186.582,1971116,10954784,0,12925900,12925900
186.684,1971116,10954784,0,12925900,12925900
186.784,1971116,10954784,0,12925900,12925900
186.885,1971116,10954784,0,12925900,12925900
186.988,1971116,10954784,0,12925900,12925900
187.089,1971116,10954784,0,12925900,12925900
187.189,1971116,10954784,0,12925900,12925900
187.289,1971116,10954784,0,12925900,12925900
187.390,1971116,10954784,0,12925900,12925900
187.490,1971120,10954784,0,12925904,12925904
187.592,1972068,10954784,0,12926852,12926852
187.693,1975268,10954784,0,12930052,12930052
187.793,1977544,10954784,0,12932328,12932328
187.893,1979364,10954784,0,12934148,12934148
187.993,1979364,10954784,0,12934148,12934148
188.094,1979364,10954784,0,12934148,12934148
188.196,1979364,10954784,0,12934148,12934148
188.296,1979364,10954784,0,12934148,12934148
188.397,1979364,10954784,0,12934148,12934148
188.497,1979364,10954784,0,12934148,12934148
188.597,1979364,10954784,0,12934148,12934148
188.698,1979364,10954784,0,12934148,12934148
188.798,1979404,10954784,0,12934188,12934188
188.900,1979404,10954784,0,12934188,12934188
189.001,1979404,10954784,0,12934188,12934188
189.101,1979404,10954784,0,12934188,12934188
189.201,1985572,10954784,0,12940356,12940356
189.301,1985572,10954784,0,12940356,12940356
189.404,1985572,10954784,0,12940356,12940356
189.505,1985572,10954784,0,12940356,12940356
189.605,1985572,10954784,0,12940356,12940356
189.708,1985572,10954784,0,12940356,12940356
189.808,1985572,10954784,0,12940356,12940356
189.909,1985572,10954784,0,12940356,12940356
190.009,1985572,10954848,0,12940420,12940420
190.112,1985572,10954848,0,12940420,12940420
190.213,1988080,10954848,0,12942928,12942928
190.313,1988080,10954848,0,12942928,12942928
190.413,1988080,10954848,0,12942928,12942928
190.513,1992176,10954848,0,12947024,12947024
190.614,1992176,10954848,0,12947024,12947024
190.714,1992176,10954848,0,12947024,12947024
190.816,1992176,10954848,0,12947024,12947024
190.917,1992176,10954848,0,12947024,12947024
191.017,1992176,10954848,0,12947024,12947024
191.117,1992176,10954848,0,12947024,12947024
191.217,1992176,10954848,0,12947024,12947024
191.318,1992176,10954848,0,12947024,12947024
191.419,1992176,10954848,0,12947024,12947024
191.520,1992176,10954848,0,12947024,12947024
191.620,1992340,10954848,0,12947188,12947188
191.720,1992340,10954848,0,12947188,12947188
191.821,1992340,10954848,0,12947188,12947188
191.924,1992340,10954848,0,12947188,12947188
192.024,1992340,10954848,0,12947188,12947188
192.125,1992340,10954848,0,12947188,12947188
192.225,1992340,10954848,0,12947188,12947188
192.325,1992340,10954848,0,12947188,12947188
192.426,1992340,10954848,0,12947188,12947188
192.528,1992340,10954848,0,12947188,12947188
192.628,1992340,10954848,0,12947188,12947188
192.729,1992340,10954848,0,12947188,12947188
192.829,1992340,10954848,0,12947188,12947188
192.929,1992340,10954848,0,12947188,12947188
193.030,1992340,10954848,0,12947188,12947188
193.132,1992340,10954848,0,12947188,12947188
193.232,1992340,10954848,0,12947188,12947188
193.333,1992340,10954848,0,12947188,12947188
193.433,1992340,10954848,0,12947188,12947188
193.533,1992340,10954848,0,12947188,12947188
193.634,1992340,10954848,0,12947188,12947188
193.734,1992340,10954848,0,12947188,12947188
193.836,1992340,10954848,0,12947188,12947188
193.936,1992340,10954848,0,12947188,12947188
194.037,1992340,10954848,0,12947188,12947188
194.137,1992340,10954848,0,12947188,12947188
194.237,1992340,10954848,0,12947188,12947188
194.340,1992340,10954848,0,12947188,12947188
194.441,1992340,10954848,0,12947188,12947188
194.541,1992340,10954848,0,12947188,12947188
194.641,1992340,10954848,0,12947188,12947188
194.741,1992340,10954848,0,12947188,12947188
194.842,1992340,10954848,0,12947188,12947188
194.942,1992340,10954848,0,12947188,12947188
195.042,1992340,10954848,0,12947188,12947188
195.143,1992340,10954848,0,12947188,12947188
195.243,1992340,10954848,0,12947188,12947188
195.343,1992340,10954848,0,12947188,12947188
195.443,1992340,10954848,0,12947188,12947188
195.544,1992340,10954848,0,12947188,12947188
195.644,1992340,10954848,0,12947188,12947188
195.744,1992340,10954848,0,12947188,12947188
195.845,1992340,10954848,0,12947188,12947188
195.945,1992340,10954848,0,12947188,12947188
196.045,1992340,10954848,0,12947188,12947188
196.145,1992340,10954848,0,12947188,12947188
196.246,1992340,10954848,0,12947188,12947188
196.346,1992340,10954848,0,12947188,12947188
196.446,1992340,10954848,0,12947188,12947188
196.546,1992340,10954848,0,12947188,12947188
196.647,1992340,10954848,0,12947188,12947188
196.747,1992340,10954848,0,12947188,12947188
196.847,1992340,10954848,0,12947188,12947188
196.948,1992340,10954848,0,12947188,12947188
197.048,1992340,10954848,0,12947188,12947188
197.148,1992340,10954848,0,12947188,12947188
197.248,1992340,10954848,0,12947188,12947188
197.349,1992340,10954848,0,12947188,12947188
197.449,1992340,10954848,0,12947188,12947188
197.549,1992340,10954848,0,12947188,12947188
197.649,1992340,10954848,0,12947188,12947188
197.750,1992340,10954848,0,12947188,12947188
197.850,1992340,10954848,0,12947188,12947188
197.950,1992340,10954848,0,12947188,12947188
198.051,1992340,10954848,0,12947188,12947188
198.151,1992340,10954848,0,12947188,12947188
198.251,1992340,10954848,0,12947188,12947188
198.351,1992340,10954848,0,12947188,12947188
198.452,1992340,10954848,0,12947188,12947188
198.552,1992340,10954848,0,12947188,12947188
198.652,1992340,10954848,0,12947188,12947188
198.753,1992340,10954848,0,12947188,12947188
198.853,1992340,10954848,0,12947188,12947188
198.953,1992340,10954848,0,12947188,12947188
199.053,1992340,10954848,0,12947188,12947188
199.154,1992340,10954848,0,12947188,12947188
199.254,1992340,10954848,0,12947188,12947188
199.354,1992340,10954848,0,12947188,12947188
199.454,1992340,10954848,0,12947188,12947188
199.555,1992340,10954848,0,12947188,12947188
199.655,1992340,10954848,0,12947188,12947188
199.755,1992340,10954848,0,12947188,12947188
199.856,1992340,10954848,0,12947188,12947188
199.956,1992340,10954848,0,12947188,12947188
200.056,1992340,10954848,0,12947188,12947188
200.156,1992340,10954848,0,12947188,12947188
200.257,1992340,10954848,0,12947188,12947188
200.357,1992340,10954848,0,12947188,12947188
200.457,1992340,10954848,0,12947188,12947188
200.557,1992340,10954848,0,12947188,12947188
200.658,1992340,10954848,0,12947188,12947188
200.758,1992340,10954848,0,12947188,12947188
200.858,1992340,10954848,0,12947188,12947188
200.959,1992340,10954848,0,12947188,12947188
201.059,1992340,10954848,0,12947188,12947188
201.159,1992340,10954848,0,12947188,12947188
201.260,1992340,10954848,0,12947188,12947188
201.360,1992340,10954848,0,12947188,12947188
201.460,1992340,10954848,0,12947188,12947188
201.560,1992340,10954848,0,12947188,12947188
201.661,1992340,10954848,0,12947188,12947188
201.761,1992340,10954848,0,12947188,12947188
201.861,1992340,10954848,0,12947188,12947188
201.961,1992340,10954848,0,12947188,12947188
202.062,1992340,10954848,0,12947188,12947188
202.162,1992340,10954848,0,12947188,12947188
202.262,1992340,10954848,0,12947188,12947188
202.363,1992340,10954848,0,12947188,12947188
202.463,1992340,10954848,0,12947188,12947188
202.563,1992340,10954848,0,12947188,12947188
202.663,1992340,10954848,0,12947188,12947188
202.764,1992340,10954848,0,12947188,12947188
202.864,1992340,10954848,0,12947188,12947188
202.964,1992340,10954848,0,12947188,12947188
203.065,1992340,10954848,0,12947188,12947188
203.165,1992340,10954848,0,12947188,12947188
203.265,1992340,10954848,0,12947188,12947188
203.366,1992340,10954848,0,12947188,12947188
203.466,1992340,10954848,0,12947188,12947188
203.566,1992340,10954848,0,12947188,12947188
203.666,1992340,10954848,0,12947188,12947188
203.767,1992340,10954848,0,12947188,12947188
203.867,1992340,10954848,0,12947188,12947188
203.967,1992340,10954848,0,12947188,12947188
204.067,1992340,10954848,0,12947188,12947188
204.168,1992340,10954848,0,12947188,12947188
204.268,1992340,10954848,0,12947188,12947188
204.368,1992340,10954848,0,12947188,12947188
204.469,1992340,10954848,0,12947188,12947188
204.569,1992340,10954848,0,12947188,12947188
204.669,1992340,10954848,0,12947188,12947188
204.770,1992340,10954848,0,12947188,12947188
204.870,1992340,10954848,0,12947188,12947188
204.970,1992340,10954848,0,12947188,12947188
205.070,1992340,10954848,0,12947188,12947188
205.171,1992340,10954848,0,12947188,12947188
205.271,1992340,10954848,0,12947188,12947188
205.371,1992340,10954848,0,12947188,12947188
205.472,1992340,10954848,0,12947188,12947188
205.572,1992340,10954848,0,12947188,12947188
205.672,1992340,10954848,0,12947188,12947188
205.773,1992340,10954848,0,12947188,12947188
205.873,1992340,10954848,0,12947188,12947188
205.973,1992340,10954848,0,12947188,12947188
206.073,1992340,10954848,0,12947188,12947188
206.174,1992340,10954848,0,12947188,12947188
206.274,1992340,10954848,0,12947188,12947188
206.374,1992340,10954848,0,12947188,12947188
206.475,1992340,10954848,0,12947188,12947188
206.575,1992340,10954848,0,12947188,12947188
206.675,1992340,10954848,0,12947188,12947188
206.775,1992340,10954848,0,12947188,12947188
206.876,1992340,10954848,0,12947188,12947188
206.976,1992340,10954848,0,12947188,12947188
207.076,1992340,10954848,0,12947188,12947188
207.177,1992340,10954848,0,12947188,12947188
207.277,1992340,10954848,0,12947188,12947188
207.377,1992340,10954848,0,12947188,12947188
207.478,1992340,10954848,0,12947188,12947188
207.578,1992340,10954848,0,12947188,12947188
207.678,1992340,10954848,0,12947188,12947188
207.778,1992340,10954848,0,12947188,12947188
207.879,1992340,10954848,0,12947188,12947188
207.979,1992340,10954848,0,12947188,12947188
208.079,1992340,10954848,0,12947188,12947188
208.180,1992340,10954848,0,12947188,12947188
208.280,1992340,10954848,0,12947188,12947188
208.380,1992340,10954848,0,12947188,12947188
208.481,1992340,10954848,0,12947188,12947188
208.581,1992340,10954848,0,12947188,12947188
208.681,1992340,10954848,0,12947188,12947188
208.781,1992340,10954848,0,12947188,12947188
208.882,1992340,10954848,0,12947188,12947188
208.982,1992340,10954848,0,12947188,12947188
209.082,1992340,10954848,0,12947188,12947188
209.183,1992340,10954848,0,12947188,12947188
209.283,1992340,10954848,0,12947188,12947188
209.383,1992340,10954848,0,12947188,12947188
209.484,1992340,10954848,0,12947188,12947188
209.584,1992340,10954848,0,12947188,12947188
209.684,1992340,10954848,0,12947188,12947188
209.784,1992340,10954848,0,12947188,12947188
209.885,1992340,10954848,0,12947188,12947188
209.985,1992340,10954848,0,12947188,12947188
210.085,1992340,10954848,0,12947188,12947188
210.186,1992340,10954848,0,12947188,12947188
210.286,1992340,10954848,0,12947188,12947188
210.386,1992340,10954848,0,12947188,12947188
210.486,1992340,10954848,0,12947188,12947188
210.587,1992340,10954848,0,12947188,12947188
210.687,1992340,10954848,0,12947188,12947188
210.787,1992340,10954848,0,12947188,12947188
210.887,1992340,10954848,0,12947188,12947188
210.988,1992340,10954848,0,12947188,12947188
211.088,1992340,10954848,0,12947188,12947188
211.188,1992340,10954848,0,12947188,12947188
211.289,1992340,10954848,0,12947188,12947188
211.389,1992340,10954848,0,12947188,12947188
211.489,1992340,10954848,0,12947188,12947188
211.589,1992340,10954848,0,12947188,12947188
211.690,1992340,10954848,0,12947188,12947188
211.790,1992340,10954848,0,12947188,12947188
211.890,1992340,10954848,0,12947188,12947188
211.990,1992340,10954848,0,12947188,12947188
212.091,1992340,10954848,0,12947188,12947188
212.191,1992340,10954848,0,12947188,12947188
212.291,1992340,10954848,0,12947188,12947188
212.392,1992340,10954848,0,12947188,12947188
212.492,1992340,10954848,0,12947188,12947188
212.592,1992340,10954848,0,12947188,12947188
212.692,1992340,10954848,0,12947188,12947188
212.793,1992340,10954848,0,12947188,12947188
212.893,1992340,10954848,0,12947188,12947188
212.993,1992340,10954848,0,12947188,12947188
213.093,1992340,10954848,0,12947188,12947188
213.194,1992340,10954848,0,12947188,12947188
213.294,1992340,10954848,0,12947188,12947188
213.394,1992340,10954848,0,12947188,12947188
213.495,1992340,10954848,0,12947188,12947188
213.595,1992340,10954848,0,12947188,12947188
213.695,1992340,10954848,0,12947188,12947188
213.795,1992340,10954848,0,12947188,12947188
213.896,1992340,10954848,0,12947188,12947188
213.996,1992340,10954848,0,12947188,12947188
214.096,1992340,10954848,0,12947188,12947188
214.196,1992340,10954848,0,12947188,12947188
214.297,1992340,10954848,0,12947188,12947188
214.397,1992340,10954848,0,12947188,12947188
214.497,1992340,10954848,0,12947188,12947188
214.597,1992340,10954848,0,12947188,12947188
214.698,1992340,10954848,0,12947188,12947188
214.798,1992340,10954848,0,12947188,12947188
214.898,1992340,10954848,0,12947188,12947188
214.999,1992340,10954848,0,12947188,12947188
215.099,1992340,10954848,0,12947188,12947188
215.199,1992340,10954848,0,12947188,12947188
215.299,1992340,10954848,0,12947188,12947188
215.400,1992340,10954848,0,12947188,12947188
215.500,1992340,10954848,0,12947188,12947188
215.600,1992340,10954848,0,12947188,12947188
215.701,1992340,10954848,0,12947188,12947188
215.801,1992340,10954848,0,12947188,12947188
215.901,1992340,10954848,0,12947188,12947188
216.001,1992340,10954848,0,12947188,12947188
216.101,1992340,10954848,0,12947188,12947188
216.202,1992340,10954848,0,12947188,12947188
216.302,1992340,10954848,0,12947188,12947188
216.402,1992340,10954848,0,12947188,12947188
216.503,1992340,10954848,0,12947188,12947188
216.603,1992340,10954848,0,12947188,12947188
216.703,1992340,10954848,0,12947188,12947188
216.803,1992340,10954848,0,12947188,12947188
216.904,1992340,10954848,0,12947188,12947188
217.004,1992340,10954848,0,12947188,12947188
217.104,1992340,10954848,0,12947188,12947188
217.204,1992340,10954848,0,12947188,12947188
217.305,1992340,10954848,0,12947188,12947188
217.405,1992340,10954848,0,12947188,12947188
217.505,1992340,10954848,0,12947188,12947188
217.605,1992340,10954848,0,12947188,12947188
217.706,1992340,10954848,0,12947188,12947188
217.806,1992340,10954848,0,12947188,12947188
217.906,1992340,10954848,0,12947188,12947188
218.006,1992340,10954848,0,12947188,12947188
218.107,1992340,10954848,0,12947188,12947188
218.207,1992340,10954848,0,12947188,12947188
218.307,1992340,10954848,0,12947188,12947188
218.408,1992340,10954848,0,12947188,12947188
218.508,1992340,10954848,0,12947188,12947188
218.608,1992340,10954848,0,12947188,12947188
218.708,1992340,10954848,0,12947188,12947188
218.809,1992340,10954848,0,12947188,12947188
218.909,1992340,10954848,0,12947188,12947188
219.009,1992340,10954848,0,12947188,12947188
219.109,1992340,10954848,0,12947188,12947188
219.210,1992340,10954848,0,12947188,12947188
219.310,1992340,10954848,0,12947188,12947188
219.410,1992340,10954848,0,12947188,12947188
219.510,1992340,10954848,0,12947188,12947188
219.611,1992340,10954848,0,12947188,12947188
219.711,1992340,10954848,0,12947188,12947188
219.811,1992340,10954848,0,12947188,12947188
219.912,1992340,10954848,0,12947188,12947188
220.012,1992340,10954848,0,12947188,12947188
220.112,1992340,10954848,0,12947188,12947188
220.212,1992340,10954848,0,12947188,12947188
220.313,1992340,10954848,0,12947188,12947188
220.413,1992340,10954848,0,12947188,12947188
220.513,1992340,10954848,0,12947188,12947188
220.613,1992340,10954848,0,12947188,12947188
220.714,1992340,10954848,0,12947188,12947188
220.814,1992340,10954848,0,12947188,12947188
220.914,1992340,10954848,0,12947188,12947188
221.014,1992340,10954848,0,12947188,12947188
221.115,1992340,10954848,0,12947188,12947188
221.215,1992340,10954848,0,12947188,12947188
221.315,1992340,10954848,0,12947188,12947188
221.415,1992340,10954848,0,12947188,12947188
221.516,1992340,10954848,0,12947188,12947188
221.616,1992340,10954848,0,12947188,12947188
221.716,1992340,10954848,0,12947188,12947188
221.817,1992340,10954848,0,12947188,12947188
221.917,1992340,10954848,0,12947188,12947188
222.017,1992340,10954848,0,12947188,12947188
222.117,1992340,10954848,0,12947188,12947188
222.217,1992340,10954848,0,12947188,12947188
222.318,1992340,10954848,0,12947188,12947188
222.418,1992340,10954848,0,12947188,12947188
222.518,1992340,10954848,0,12947188,12947188
222.618,1992340,10954848,0,12947188,12947188
222.719,1992340,10954848,0,12947188,12947188
222.819,1992340,10954848,0,12947188,12947188
222.919,1992340,10954848,0,12947188,12947188
223.019,1992340,10954848,0,12947188,12947188
223.120,1992340,10954848,0,12947188,12947188
223.220,1992340,10954848,0,12947188,12947188
223.320,1992340,10954848,0,12947188,12947188
223.420,1992340,10954848,0,12947188,12947188
223.521,1992340,10954848,0,12947188,12947188
223.621,1992340,10954848,0,12947188,12947188
223.721,1992340,10954848,0,12947188,12947188
223.821,1992340,10954848,0,12947188,12947188
223.922,1992340,10954848,0,12947188,12947188
224.022,1992340,10954848,0,12947188,12947188
224.122,1992340,10954848,0,12947188,12947188
224.222,1992340,10954848,0,12947188,12947188
224.323,1992340,10954848,0,12947188,12947188
224.423,1992340,10954848,0,12947188,12947188
224.523,1992340,10954848,0,12947188,12947188
224.623,1992340,10954848,0,12947188,12947188
224.724,1992340,10954848,0,12947188,12947188
224.824,1992340,10954848,0,12947188,12947188
224.924,1992340,10954848,0,12947188,12947188
225.025,1992340,10954848,0,12947188,12947188
225.125,1992340,10954848,0,12947188,12947188
225.225,1992340,10954848,0,12947188,12947188
225.325,1992340,10954848,0,12947188,12947188
225.426,1992340,10954848,0,12947188,12947188
225.526,1992340,10954848,0,12947188,12947188
225.626,1992340,10954848,0,12947188,12947188
225.726,1992340,10954848,0,12947188,12947188
225.827,1992340,10954848,0,12947188,12947188
225.927,1992340,10954848,0,12947188,12947188
226.027,1992340,10954848,0,12947188,12947188
226.127,1992340,10954848,0,12947188,12947188
226.228,1992340,10954848,0,12947188,12947188
226.328,1992340,10954848,0,12947188,12947188
226.428,1992340,10954848,0,12947188,12947188
226.529,1992340,10954848,0,12947188,12947188
226.629,1992340,10954848,0,12947188,12947188
226.729,1992340,10954848,0,12947188,12947188
226.829,1992340,10954848,0,12947188,12947188
226.930,1992340,10954848,0,12947188,12947188
227.030,1992340,10954848,0,12947188,12947188
227.130,1992340,10954848,0,12947188,12947188
227.230,1992340,10954848,0,12947188,12947188
227.331,1992340,10954848,0,12947188,12947188
227.431,1992340,10954848,0,12947188,12947188
227.531,1992340,10954848,0,12947188,12947188
227.631,1992340,10954848,0,12947188,12947188
227.732,1992340,10954848,0,12947188,12947188
227.832,1992340,10954848,0,12947188,12947188
227.932,1992340,10954848,0,12947188,12947188
228.032,1992340,10954848,0,12947188,12947188
228.133,1992340,10954848,0,12947188,12947188
228.233,1992340,10954848,0,12947188,12947188
228.333,1992340,10954848,0,12947188,12947188
228.434,1992340,11038816,0,13031156,13031156
228.534,1992340,11151648,0,13143988,13143988
228.634,1992340,11261536,0,13253876,13253876
228.734,1992340,11365600,0,13357940,13357940
228.835,1992340,11471072,0,13463412,13463412
228.935,1992340,11592480,0,13584820,13584820
229.035,1992340,11697376,0,13689716,13689716
229.135,1992340,11792416,0,13784756,13784756
229.236,1992340,11956128,0,13948468,13948468
229.336,1992340,12122720,0,14115060,14115060
229.436,1992340,10954848,0,12947188,14237528
229.537,1992340,10954848,0,12947188,14237528
229.637,1992340,10954848,0,12947188,14237528
229.737,1992340,10954848,0,12947188,14237528
229.837,1992340,10954848,0,12947188,14237528
229.938,1992340,10954848,0,12947188,14237528
230.038,1992340,10954848,0,12947188,14237528
230.138,1992340,11019744,0,13012084,14237528
230.238,1992340,11020064,0,13012404,14237528
230.339,1992340,11020064,0,13012404,14237528
230.439,1992340,11020064,0,13012404,14237528
230.539,1992340,11020064,0,13012404,14237528
230.639,1992340,11020128,0,13012468,14237528
230.740,1992340,11020128,0,13012468,14237528
230.840,1992340,11020128,0,13012468,14237528
230.940,1992340,11020128,0,13012468,14237528
231.041,1992340,11020128,0,13012468,14237528
231.141,1992340,11020128,0,13012468,14237528
231.241,1992340,11020128,0,13012468,14237528
231.341,1992340,11020128,0,13012468,14237528
231.442,1992340,11020128,0,13012468,14237528
231.542,1992340,11020128,0,13012468,14237528
231.642,1992340,11020128,0,13012468,14237528
231.742,1992340,11020128,0,13012468,14237528
231.843,1992340,11020128,0,13012468,14237528
231.943,1992340,11020128,0,13012468,14237528
232.043,1992340,11020128,0,13012468,14237528
232.144,1992340,11020128,0,13012468,14237528
232.244,1992340,11020128,0,13012468,14237528
232.344,1992340,11020128,0,13012468,14237528
232.445,1992340,11020128,0,13012468,14237528
232.545,1992340,11020128,0,13012468,14237528
232.645,1992340,11020128,0,13012468,14237528
232.745,1992340,11020128,0,13012468,14237528
232.846,1992340,11020128,0,13012468,14237528
232.946,1992340,11020128,0,13012468,14237528
233.046,1992340,11020128,0,13012468,14237528
233.147,1992340,11020128,0,13012468,14237528
233.247,1992340,11020128,0,13012468,14237528
233.348,1992340,11020128,0,13012468,14237528
233.448,1992340,11020128,0,13012468,14237528
233.548,1992340,11020128,0,13012468,14237528
233.649,1992340,11020128,0,13012468,14237528
233.749,1992340,11020128,0,13012468,14237528
233.849,1992340,11020128,0,13012468,14237528
233.949,1992340,11020128,0,13012468,14237528
234.050,1992340,11020128,0,13012468,14237528
234.150,1992340,11020128,0,13012468,14237528
234.250,1992340,11020128,0,13012468,14237528
234.351,1992340,11020128,0,13012468,14237528
234.451,1992340,11020128,0,13012468,14237528
234.551,1992340,11020128,0,13012468,14237528
234.652,1992340,11020128,0,13012468,14237528
234.752,1992340,11020128,0,13012468,14237528
234.852,1992340,11020128,0,13012468,14237528
234.953,1992340,11020128,0,13012468,14237528
235.053,1992340,11020128,0,13012468,14237528
235.154,1992340,11020128,0,13012468,14237528
235.254,1992340,11020128,0,13012468,14237528
235.354,1992340,11020128,0,13012468,14237528
235.455,1992340,11020128,0,13012468,14237528
235.555,1992340,11020128,0,13012468,14237528
235.655,1992340,11020128,0,13012468,14237528
235.756,1992340,11020128,0,13012468,14237528
235.856,1992340,11020128,0,13012468,14237528
235.957,1992340,11020128,0,13012468,14237528
236.057,1992340,11020128,0,13012468,14237528
236.157,1992340,11020128,0,13012468,14237528
236.258,1992340,11020128,0,13012468,14237528
236.358,1992340,11020128,0,13012468,14237528
236.459,1992340,11020128,0,13012468,14237528
236.559,1992340,11020128,0,13012468,14237528
236.659,1992340,11020128,0,13012468,14237528
236.760,1992340,11020128,0,13012468,14237528
236.860,1992340,11020128,0,13012468,14237528
236.960,1992340,11020128,0,13012468,14237528
237.061,1992340,11020128,0,13012468,14237528
237.161,1992340,11020128,0,13012468,14237528
237.261,1992340,11020128,0,13012468,14237528
237.362,1992340,11020128,0,13012468,14237528
237.462,1992340,11020128,0,13012468,14237528
237.562,1992340,11020128,0,13012468,14237528
237.663,1992340,11020128,0,13012468,14237528
237.763,1992340,11020128,0,13012468,14237528
237.863,1992340,11020128,0,13012468,14237528
237.964,1992340,11020128,0,13012468,14237528
238.064,1992340,11020128,0,13012468,14237528
238.164,1992340,11020128,0,13012468,14237528
238.265,1992340,11020128,0,13012468,14237528
238.365,1992340,11020128,0,13012468,14237528
238.465,1992340,11020128,0,13012468,14237528
238.565,1992340,11020128,0,13012468,14237528
238.666,1992340,11020128,0,13012468,14237528
238.766,1992340,11020128,0,13012468,14237528
238.866,1992340,11020128,0,13012468,14237528
238.967,1992340,11020128,0,13012468,14237528
239.067,1992340,11020128,0,13012468,14237528
239.167,1992340,11020128,0,13012468,14237528
239.268,1992340,11020128,0,13012468,14237528
239.368,1992340,11020128,0,13012468,14237528
239.468,1992340,11020128,0,13012468,14237528
239.569,1992340,11020128,0,13012468,14237528
239.669,1992340,11020128,0,13012468,14237528
239.769,1992340,11020128,0,13012468,14237528
239.869,1992340,11020128,0,13012468,14237528
239.970,1992340,11020128,0,13012468,14237528
240.070,1992340,11020128,0,13012468,14237528
240.170,1992340,11020128,0,13012468,14237528
240.270,1992340,11020128,0,13012468,14237528
240.371,1992340,11020128,0,13012468,14237528
240.471,1992340,11020128,0,13012468,14237528
240.571,1992340,11020128,0,13012468,14237528
240.671,1992340,11020128,0,13012468,14237528
240.772,1992340,11020128,0,13012468,14237528
240.872,1992340,11020128,0,13012468,14237528
240.972,1992340,11020128,0,13012468,14237528
241.073,1992340,11020128,0,13012468,14237528
241.173,1992340,11020128,0,13012468,14237528
241.274,1992340,11020128,0,13012468,14237528
241.374,1992340,11020128,0,13012468,14237528
241.474,1992340,11020128,0,13012468,14237528
241.574,1992340,11020128,0,13012468,14237528
241.675,1992340,11020128,0,13012468,14237528
241.775,1992340,11020128,0,13012468,14237528
241.875,1992340,11020128,0,13012468,14237528
241.975,1992340,11020128,0,13012468,14237528
242.076,1992340,11020128,0,13012468,14237528
242.176,1992340,11020128,0,13012468,14237528
242.276,1992340,11020128,0,13012468,14237528
242.377,1992340,11020128,0,13012468,14237528
242.477,1992340,11020128,0,13012468,14237528
242.577,1992340,11020128,0,13012468,14237528
242.677,1992340,11020128,0,13012468,14237528
242.778,1992340,11020128,0,13012468,14237528
242.878,1992340,11020128,0,13012468,14237528
242.978,1992340,11020128,0,13012468,14237528
243.078,1992340,11020128,0,13012468,14237528
243.179,1992340,11020128,0,13012468,14237528
243.279,1992340,11020128,0,13012468,14237528
243.379,1992340,11020128,0,13012468,14237528
243.479,1992340,11020128,0,13012468,14237528
243.580,1992340,11020128,0,13012468,14237528
243.680,1992340,11020128,0,13012468,14237528
243.780,1992340,11020128,0,13012468,14237528
243.880,1992340,11020128,0,13012468,14237528
243.981,1992340,11020128,0,13012468,14237528
244.081,1992340,11020128,0,13012468,14237528
244.181,1992340,11020128,0,13012468,14237528
244.281,1992340,11020128,0,13012468,14237528
244.382,1992340,11020128,0,13012468,14237528
244.482,1992340,11020128,0,13012468,14237528
244.582,1992340,11020128,0,13012468,14237528
244.682,1992340,11020128,0,13012468,14237528
244.783,1992340,11020128,0,13012468,14237528
244.883,1992340,11020128,0,13012468,14237528
244.983,1992340,11020128,0,13012468,14237528
245.084,1992340,11020128,0,13012468,14237528
245.184,1992340,11020128,0,13012468,14237528
245.284,1992340,11020128,0,13012468,14237528
245.384,1992340,11020128,0,13012468,14237528
245.485,1992340,11020128,0,13012468,14237528
245.585,1992340,11020128,0,13012468,14237528
245.685,1992340,11020128,0,13012468,14237528
245.785,1992340,11020128,0,13012468,14237528
245.886,1992340,11020128,0,13012468,14237528
245.986,1992340,11020128,0,13012468,14237528
246.086,1992340,11020128,0,13012468,14237528
246.187,1992340,11020128,0,13012468,14237528
246.287,1992340,11020128,0,13012468,14237528
246.387,1992340,11020128,0,13012468,14237528
246.487,1992340,11020128,0,13012468,14237528
246.588,1992340,11020128,0,13012468,14237528
246.688,1992340,11020128,0,13012468,14237528
246.788,1992340,11020128,0,13012468,14237528
246.888,1992340,11020128,0,13012468,14237528
246.989,1992340,11020128,0,13012468,14237528
247.089,1992340,11020128,0,13012468,14237528
247.189,1992340,11020128,0,13012468,14237528
247.290,1992340,11020128,0,13012468,14237528
247.390,1992340,11020128,0,13012468,14237528
247.490,1992340,11020128,0,13012468,14237528
247.590,1992340,11020128,0,13012468,14237528
247.691,1992340,11020128,0,13012468,14237528
247.791,1992340,11042336,0,13034676,14237528
247.891,1992340,11020128,0,13012468,14237528
247.991,1992340,11020128,0,13012468,14237528
248.092,1992340,11020128,0,13012468,14237528
248.192,1992340,11020128,0,13012468,14237528
248.292,1992340,11020128,0,13012468,14237528
248.392,1992340,11020128,0,13012468,14237528
248.493,1992340,11020128,0,13012468,14237528
248.593,1992340,11020128,0,13012468,14237528
248.693,1992340,11020128,0,13012468,14237528
248.793,1992340,11020128,0,13012468,14237528
248.894,1992340,11020128,0,13012468,14237528
248.994,1992340,11020128,0,13012468,14237528
249.094,1992340,11020128,0,13012468,14237528
249.195,1992340,11020128,0,13012468,14237528
249.295,1992340,11020128,0,13012468,14237528
249.395,1992340,11020128,0,13012468,14237528
249.495,1992340,11020128,0,13012468,14237528
249.596,1992340,11020128,0,13012468,14237528
249.696,1992340,11020128,0,13012468,14237528
249.796,1992340,11020128,0,13012468,14237528
249.897,1992340,11020128,0,13012468,14237528
249.997,1992340,11020128,0,13012468,14237528
250.097,1992340,11020128,0,13012468,14237528
250.197,1992340,11020128,0,13012468,14237528
250.298,1992340,11020128,0,13012468,14237528
250.398,1992340,11020128,0,13012468,14237528
250.498,1992340,11020128,0,13012468,14237528
250.598,1992340,11020128,0,13012468,14237528
250.699,1992340,11020128,0,13012468,14237528
250.799,1992340,11020128,0,13012468,14237528
250.899,1992340,11020128,0,13012468,14237528
250.999,1992340,11020128,0,13012468,14237528
251.100,1992340,11020128,0,13012468,14237528
251.200,1992340,11020128,0,13012468,14237528
251.300,1992340,11020128,0,13012468,14237528
251.400,1992340,11020128,0,13012468,14237528
251.501,1992340,11020128,0,13012468,14237528
251.601,1992340,11020128,0,13012468,14237528
251.701,1992340,11020128,0,13012468,14237528
251.801,1992340,11020128,0,13012468,14237528
251.902,1992340,11020128,0,13012468,14237528
252.002,1992340,11020128,0,13012468,14237528
252.102,1992340,11020128,0,13012468,14237528
252.202,1992340,11020128,0,13012468,14237528
252.303,1992340,11020128,0,13012468,14237528
252.403,1992340,11020128,0,13012468,14237528
252.503,1992340,11020128,0,13012468,14237528
252.603,1992340,11020128,0,13012468,14237528
252.704,1992340,11020128,0,13012468,14237528
252.804,1992340,11020128,0,13012468,14237528
252.904,1992340,11020128,0,13012468,14237528
253.004,1992340,11020128,0,13012468,14237528
253.105,1992340,11020128,0,13012468,14237528
253.205,1992340,11020128,0,13012468,14237528
253.305,1992340,11020128,0,13012468,14237528
253.405,1992340,11020128,0,13012468,14237528
253.506,1992340,11020128,0,13012468,14237528
253.606,1992340,11020128,0,13012468,14237528
253.706,1992340,11020128,0,13012468,14237528
253.806,1992340,11020128,0,13012468,14237528
253.907,1992340,11020128,0,13012468,14237528
254.007,1992340,11020128,0,13012468,14237528
254.107,1992340,11020128,0,13012468,14237528
254.208,1992340,11020128,0,13012468,14237528
254.308,1992340,11020128,0,13012468,14237528
254.408,1992340,11020128,0,13012468,14237528
254.508,1992340,11020128,0,13012468,14237528
254.609,1992340,11020128,0,13012468,14237528
254.709,1992340,11020128,0,13012468,14237528
254.809,1992340,11020128,0,13012468,14237528
254.909,1992340,11020128,0,13012468,14237528
255.010,1992340,11020128,0,13012468,14237528
255.110,1992340,11020128,0,13012468,14237528
255.210,1992340,11020128,0,13012468,14237528
255.311,1992340,11020128,0,13012468,14237528
255.411,1992340,11020128,0,13012468,14237528
255.511,1992340,11020128,0,13012468,14237528
255.611,1992340,11020128,0,13012468,14237528
255.712,1992340,11020128,0,13012468,14237528
255.812,1992340,11020128,0,13012468,14237528
255.912,1992340,11020128,0,13012468,14237528
256.012,1992340,11020128,0,13012468,14237528
256.113,1992340,11020128,0,13012468,14237528
256.213,1992340,11020128,0,13012468,14237528
256.313,1992340,11020128,0,13012468,14237528
256.414,1992340,11020128,0,13012468,14237528
256.514,1992340,11020128,0,13012468,14237528
256.614,1992340,11020128,0,13012468,14237528
256.714,1992340,11020128,0,13012468,14237528
256.814,1992340,11020128,0,13012468,14237528
256.915,1992340,11020128,0,13012468,14237528
257.015,1992340,11020128,0,13012468,14237528
257.115,1992340,11020128,0,13012468,14237528
257.216,1992340,11020128,0,13012468,14237528
257.316,1992340,11020128,0,13012468,14237528
257.416,1992340,11020128,0,13012468,14237528
257.516,1992340,11020128,0,13012468,14237528
257.617,1992340,11020128,0,13012468,14237528
257.717,1992340,11020128,0,13012468,14237528
257.817,1992340,11020128,0,13012468,14237528
257.918,1992340,11020128,0,13012468,14237528
258.018,1992340,11020128,0,13012468,14237528
258.118,1992340,11020128,0,13012468,14237528
258.218,1992340,11020128,0,13012468,14237528
258.319,1992340,11020128,0,13012468,14237528
258.419,1992340,11020128,0,13012468,14237528
258.519,1992340,11020128,0,13012468,14237528
258.619,1992340,11020128,0,13012468,14237528
258.720,1992340,11020128,0,13012468,14237528
258.820,1992340,11020128,0,13012468,14237528
258.920,1992340,11020128,0,13012468,14237528
259.021,1992340,11020128,0,13012468,14237528
259.121,1992340,11020128,0,13012468,14237528
259.221,1992340,11020128,0,13012468,14237528
259.321,1992340,11020128,0,13012468,14237528
259.422,1992340,11020128,0,13012468,14237528
259.522,1992340,11020128,0,13012468,14237528
259.622,1992340,11020128,0,13012468,14237528
259.723,1992340,11020128,0,13012468,14237528
259.823,1992340,11020128,0,13012468,14237528
259.923,1992340,11020128,0,13012468,14237528
260.023,1992340,11020128,0,13012468,14237528
260.124,1992340,11020128,0,13012468,14237528
260.224,1992340,11020128,0,13012468,14237528
260.324,1992340,11020128,0,13012468,14237528
260.425,1992340,11020128,0,13012468,14237528
260.525,1992340,11020128,0,13012468,14237528
260.625,1992340,11020128,0,13012468,14237528
260.725,1992340,11020128,0,13012468,14237528
260.826,1992340,11020128,0,13012468,14237528
260.926,1992340,11020128,0,13012468,14237528
261.026,1992340,11020128,0,13012468,14237528
261.127,1992340,11020128,0,13012468,14237528
261.227,1992340,11020128,0,13012468,14237528
261.327,1992340,11020128,0,13012468,14237528
261.427,1992340,11020128,0,13012468,14237528
261.528,1992340,11020128,0,13012468,14237528
261.628,1992340,11020128,0,13012468,14237528
261.728,1992340,11020128,0,13012468,14237528
261.829,1992340,11020128,0,13012468,14237528
261.929,1992340,11020128,0,13012468,14237528
262.029,1992340,11020128,0,13012468,14237528
262.129,1992340,11020128,0,13012468,14237528
262.230,1992340,11020128,0,13012468,14237528
262.330,1992340,11020128,0,13012468,14237528
262.430,1992340,11020128,0,13012468,14237528
262.530,1992340,11020128,0,13012468,14237528
262.631,1992340,11020128,0,13012468,14237528
262.731,1992340,11020128,0,13012468,14237528
262.831,1992340,11020128,0,13012468,14237528
262.931,1992340,11020128,0,13012468,14237528
263.032,1992340,11020128,0,13012468,14237528
263.132,1992340,11020128,0,13012468,14237528
263.232,1992340,11020128,0,13012468,14237528
263.332,1992340,11020128,0,13012468,14237528
263.433,1992340,11020128,0,13012468,14237528
263.533,1992340,11020128,0,13012468,14237528
263.633,1992340,11020128,0,13012468,14237528
263.734,1992340,11020128,0,13012468,14237528
263.834,1992340,11020128,0,13012468,14237528
263.934,1992340,11020128,0,13012468,14237528
264.034,1992340,11020128,0,13012468,14237528
264.135,1992340,11020128,0,13012468,14237528
264.235,1992340,11020128,0,13012468,14237528
264.335,1992340,11020128,0,13012468,14237528
264.435,1992340,11020128,0,13012468,14237528
264.536,1992340,11020128,0,13012468,14237528
264.636,1992340,11020128,0,13012468,14237528
264.736,1992340,11020128,0,13012468,14237528
264.837,1992340,11020128,0,13012468,14237528
264.937,1992340,11020128,0,13012468,14237528
265.037,1992340,11020128,0,13012468,14237528
265.138,1992340,11020128,0,13012468,14237528
265.239,1992340,11020128,0,13012468,14237528
265.340,1992340,11020128,0,13012468,14237528
265.440,1992340,11020128,0,13012468,14237528
265.541,1992340,11020128,0,13012468,14237528
265.641,1992340,11020128,0,13012468,14237528
265.741,1992340,11020128,0,13012468,14237528
265.842,1992340,11020128,0,13012468,14237528
265.943,1992340,11020128,0,13012468,14237528
266.043,1992340,11020128,0,13012468,14237528
266.144,1992340,11020128,0,13012468,14237528
266.245,1992340,11020128,0,13012468,14237528
266.346,1992340,11020128,0,13012468,14237528
266.447,1992340,11020128,0,13012468,14237528
266.548,1992340,11020128,0,13012468,14237528
266.648,1992340,11020128,0,13012468,14237528
266.749,1992340,11020128,0,13012468,14237528
266.849,1992340,11020128,0,13012468,14237528
266.950,1992340,11020128,0,13012468,14237528
267.051,1992340,11020128,0,13012468,14237528
267.152,1992340,11020128,0,13012468,14237528
267.253,1992340,11020128,0,13012468,14237528
267.353,1992340,11020128,0,13012468,14237528
267.454,1992340,11020128,0,13012468,14237528
267.555,1992340,11020128,0,13012468,14237528
267.655,1992340,11020128,0,13012468,14237528
267.755,1992340,11020128,0,13012468,14237528
267.856,1992340,11020128,0,13012468,14237528
267.956,1992340,11020128,0,13012468,14237528
268.057,1992340,11020128,0,13012468,14237528
268.157,1992340,11020128,0,13012468,14237528
268.257,1992340,11020128,0,13012468,14237528
268.359,1992340,11020128,0,13012468,14237528
268.459,1992340,11020128,0,13012468,14237528
268.559,1992340,11020128,0,13012468,14237528
268.659,1992340,11020128,0,13012468,14237528
268.760,1992340,11020128,0,13012468,14237528
268.860,1992340,11020128,0,13012468,14237528
268.960,1992340,11020128,0,13012468,14237528
269.061,1992340,11020128,0,13012468,14237528
269.161,1992340,11020128,0,13012468,14237528
269.261,1992340,11020128,0,13012468,14237528
269.361,1992340,11020128,0,13012468,14237528
269.462,1992340,11020128,0,13012468,14237528
269.562,1992340,11020128,0,13012468,14237528
269.662,1992340,11020128,0,13012468,14237528
269.762,1992340,11020128,0,13012468,14237528
269.863,1992340,11020128,0,13012468,14237528
269.963,1992340,11020128,0,13012468,14237528
270.063,1992340,11020128,0,13012468,14237528
270.164,1992340,11020128,0,13012468,14237528
270.264,1992340,11020128,0,13012468,14237528
270.364,1992340,11020128,0,13012468,14237528
270.465,1992340,11020128,0,13012468,14237528
270.565,1992340,11020128,0,13012468,14237528
270.665,1992340,11020128,0,13012468,14237528
270.765,1992340,11020128,0,13012468,14237528
270.866,1992340,11020128,0,13012468,14237528
270.966,1992340,11020128,0,13012468,14237528
271.066,1992340,11020128,0,13012468,14237528
271.166,1992340,11020128,0,13012468,14237528
271.267,1992340,11020128,0,13012468,14237528
271.367,1992340,11020128,0,13012468,14237528
271.467,1992340,11020128,0,13012468,14237528
271.567,1992340,11020128,0,13012468,14237528
271.668,1992340,11020128,0,13012468,14237528
271.768,1992340,11020128,0,13012468,14237528
271.868,1992340,11020128,0,13012468,14237528
271.968,1992340,11020128,0,13012468,14237528
272.069,1992340,11020128,0,13012468,14237528
272.169,1992340,11020128,0,13012468,14237528
272.269,1992340,11020128,0,13012468,14237528
272.369,1992340,11020128,0,13012468,14237528
272.470,1992340,11020128,0,13012468,14237528
272.570,1992340,11020128,0,13012468,14237528
272.670,1992340,11020128,0,13012468,14237528
272.771,1992340,11020128,0,13012468,14237528
272.871,1992340,11020128,0,13012468,14237528
272.971,1992340,11020128,0,13012468,14237528
273.071,1992340,11020128,0,13012468,14237528
273.172,1992340,11020128,0,13012468,14237528
273.272,1992340,11020128,0,13012468,14237528
273.372,1992340,11020128,0,13012468,14237528
273.472,1992340,11020128,0,13012468,14237528
273.573,1992340,11020128,0,13012468,14237528
273.673,1992340,11020128,0,13012468,14237528
273.773,1992340,11020128,0,13012468,14237528
273.874,1992340,11020128,0,13012468,14237528
273.974,1992340,11020128,0,13012468,14237528
274.074,1992340,11020128,0,13012468,14237528
274.174,1992340,11020128,0,13012468,14237528
274.275,1992340,11020128,0,13012468,14237528
274.375,1992340,11020128,0,13012468,14237528
274.475,1992340,11020128,0,13012468,14237528
274.576,1992340,11020128,0,13012468,14237528
274.676,1992340,11020128,0,13012468,14237528
274.776,1992340,11020128,0,13012468,14237528
274.876,1992340,11020128,0,13012468,14237528
274.977,1992340,11020128,0,13012468,14237528
275.077,1992340,11020128,0,13012468,14237528
275.177,1992340,11020128,0,13012468,14237528
275.277,1992340,11020128,0,13012468,14237528
275.378,1992340,11020128,0,13012468,14237528
275.478,1992340,11020128,0,13012468,14237528
275.578,1992340,11020128,0,13012468,14237528
275.679,1992340,11020128,0,13012468,14237528
275.779,1992340,11020128,0,13012468,14237528
275.879,1992340,11020128,0,13012468,14237528
275.979,1992340,11020128,0,13012468,14237528
276.080,1992340,11020128,0,13012468,14237528
276.180,1992340,11020128,0,13012468,14237528
276.280,1992340,11020128,0,13012468,14237528
276.381,1992340,11020128,0,13012468,14237528
276.481,1992340,11020128,0,13012468,14237528
276.581,1992340,11020128,0,13012468,14237528
276.681,1992340,11020128,0,13012468,14237528
276.782,1992340,11020128,0,13012468,14237528
276.882,1992340,11020128,0,13012468,14237528
276.982,1992340,11020128,0,13012468,14237528
277.083,1992340,11020128,0,13012468,14237528
277.183,1992340,11020128,0,13012468,14237528
277.283,1992340,11020128,0,13012468,14237528
277.383,1992340,11020128,0,13012468,14237528
277.484,1992340,11020128,0,13012468,14237528
277.584,1992340,11020128,0,13012468,14237528
277.684,1992340,11020128,0,13012468,14237528
277.785,1992340,11020128,0,13012468,14237528
277.885,1992340,11020128,0,13012468,14237528
277.985,1992340,11020128,0,13012468,14237528
278.085,1992340,11020128,0,13012468,14237528
278.186,1992340,11020128,0,13012468,14237528
278.286,1992340,11020128,0,13012468,14237528
278.386,1992340,11020128,0,13012468,14237528
278.486,1992340,11020128,0,13012468,14237528
278.587,1992340,11020128,0,13012468,14237528
278.687,1992340,11020128,0,13012468,14237528
278.787,1992340,11020128,0,13012468,14237528
278.887,1992340,11020128,0,13012468,14237528
278.988,1992340,11020128,0,13012468,14237528
279.088,1992340,11020128,0,13012468,14237528
279.188,1992340,11020128,0,13012468,14237528
279.289,1992340,11020128,0,13012468,14237528
279.389,1992340,11020128,0,13012468,14237528
279.489,1992340,11020128,0,13012468,14237528
279.589,1992340,11020128,0,13012468,14237528
279.690,1992340,11020128,0,13012468,14237528
279.790,1992340,11020128,0,13012468,14237528
279.890,1992340,11020128,0,13012468,14237528
279.990,1992340,11020128,0,13012468,14237528
280.091,1992340,11020128,0,13012468,14237528
280.191,1992340,11020128,0,13012468,14237528
280.291,1992340,11020128,0,13012468,14237528
280.391,1992340,11020128,0,13012468,14237528
280.492,1992340,11020128,0,13012468,14237528
280.592,1992340,11020128,0,13012468,14237528
280.692,1992340,11020128,0,13012468,14237528
280.792,1992340,11020128,0,13012468,14237528
280.893,1992340,11020128,0,13012468,14237528
280.993,1992340,11020128,0,13012468,14237528
281.093,1992340,11020128,0,13012468,14237528
281.193,1992340,11020128,0,13012468,14237528
281.294,1992340,11020128,0,13012468,14237528
281.394,1992340,11020128,0,13012468,14237528
281.494,1992340,11020128,0,13012468,14237528
281.594,1992340,11020128,0,13012468,14237528
281.694,1992340,11020128,0,13012468,14237528
281.795,1992340,11020128,0,13012468,14237528
281.895,1992340,11020128,0,13012468,14237528
281.995,1992340,11020128,0,13012468,14237528
282.096,1992340,11020128,0,13012468,14237528
282.196,1992340,11020128,0,13012468,14237528
282.296,1992340,11020128,0,13012468,14237528
282.396,1992340,11020128,0,13012468,14237528
282.497,1992340,11020128,0,13012468,14237528
282.597,1992340,11020128,0,13012468,14237528
282.697,1992340,11020128,0,13012468,14237528
282.797,1992340,11020128,0,13012468,14237528
282.898,1992340,11020128,0,13012468,14237528
282.998,1992340,11020128,0,13012468,14237528
283.098,1992340,11020128,0,13012468,14237528
283.199,1992340,11020128,0,13012468,14237528
283.299,1992340,11020128,0,13012468,14237528
283.399,1992340,11020128,0,13012468,14237528
283.499,1992340,11020128,0,13012468,14237528
283.600,1992340,11020128,0,13012468,14237528
283.700,1992340,11020128,0,13012468,14237528
283.800,1992340,11020128,0,13012468,14237528
283.901,1992340,11020128,0,13012468,14237528
284.001,1992340,11020128,0,13012468,14237528
284.101,1992340,11020128,0,13012468,14237528
284.201,1992340,11020128,0,13012468,14237528
284.301,1992340,11020128,0,13012468,14237528
284.402,1992340,11020128,0,13012468,14237528
284.502,1992340,11020128,0,13012468,14237528
284.602,1992340,11020128,0,13012468,14237528
284.703,1992340,11020128,0,13012468,14237528
284.803,1992340,11020128,0,13012468,14237528
284.903,1992340,11020128,0,13012468,14237528
285.004,1992340,11020128,0,13012468,14237528
285.104,1992340,11020128,0,13012468,14237528
285.204,1992340,11020128,0,13012468,14237528
285.304,1992340,11020128,0,13012468,14237528
285.404,1992340,11020128,0,13012468,14237528
285.505,1992340,11020128,0,13012468,14237528
285.605,1992340,11020128,0,13012468,14237528
285.705,1992340,11020128,0,13012468,14237528
285.805,1992340,11020128,0,13012468,14237528
285.906,1992340,11020128,0,13012468,14237528
286.006,1992340,11020128,0,13012468,14237528
286.106,1992340,11020128,0,13012468,14237528
286.206,1992340,11020128,0,13012468,14237528
286.307,1992340,11020128,0,13012468,14237528
286.407,1992340,11020128,0,13012468,14237528
286.507,1992340,11020128,0,13012468,14237528
286.607,1992340,11020128,0,13012468,14237528
286.708,1992340,11020128,0,13012468,14237528
286.808,1992340,11020128,0,13012468,14237528
286.908,1992340,11020128,0,13012468,14237528
287.008,1992340,11020128,0,13012468,14237528
287.109,1992340,11020128,0,13012468,14237528
287.209,1992340,11020128,0,13012468,14237528
287.309,1992340,11020128,0,13012468,14237528
287.410,1992340,11020128,0,13012468,14237528
287.510,1992340,11020128,0,13012468,14237528
287.610,1992340,11020128,0,13012468,14237528
287.710,1992340,11020128,0,13012468,14237528
287.811,1992340,11020128,0,13012468,14237528
287.911,1992340,11020128,0,13012468,14237528
288.011,1992340,11020128,0,13012468,14237528
288.112,1992340,11020128,0,13012468,14237528
288.212,1992340,11020128,0,13012468,14237528
288.312,1992340,11020128,0,13012468,14237528
288.412,1992340,11020128,0,13012468,14237528
288.513,1992340,11020128,0,13012468,14237528
288.613,1992340,11020128,0,13012468,14237528
288.713,1992340,11020128,0,13012468,14237528
288.814,1992340,11020128,0,13012468,14237528
288.914,1992340,11020128,0,13012468,14237528
289.014,1992340,11020128,0,13012468,14237528
289.114,1992340,11020128,0,13012468,14237528
289.215,1992340,11020128,0,13012468,14237528
289.315,1992340,11020128,0,13012468,14237528
289.415,1992340,11020128,0,13012468,14237528
289.515,1992340,11020128,0,13012468,14237528
289.616,1992340,11020128,0,13012468,14237528
289.716,1992340,11020128,0,13012468,14237528
289.816,1992340,11020128,0,13012468,14237528
289.916,1992340,11020128,0,13012468,14237528
290.017,1992340,11020128,0,13012468,14237528
290.117,1992340,11020128,0,13012468,14237528
290.217,1992340,11020128,0,13012468,14237528
290.317,1992340,11020128,0,13012468,14237528
290.418,1992340,11020128,0,13012468,14237528
290.518,1992340,11020128,0,13012468,14237528
290.618,1992340,11020128,0,13012468,14237528
290.718,1992340,11020128,0,13012468,14237528
290.819,1992340,11020128,0,13012468,14237528
290.919,1992340,11020128,0,13012468,14237528
291.019,1992340,11020128,0,13012468,14237528
291.119,1992340,11020128,0,13012468,14237528
291.220,1992340,11020128,0,13012468,14237528
291.320,1992340,11020128,0,13012468,14237528
291.420,1992340,11020128,0,13012468,14237528
291.520,1992340,11020128,0,13012468,14237528
291.621,1992340,11020128,0,13012468,14237528
291.721,1992340,11020128,0,13012468,14237528
291.821,1992340,11020128,0,13012468,14237528
291.921,1992340,11020128,0,13012468,14237528
292.022,1992340,11020128,0,13012468,14237528
292.122,1992340,11020128,0,13012468,14237528
292.222,1992340,11020128,0,13012468,14237528
292.323,1992340,11020128,0,13012468,14237528
292.423,1992340,11020128,0,13012468,14237528
292.523,1992340,11020128,0,13012468,14237528
292.623,1992340,11020128,0,13012468,14237528
292.723,1992340,11020128,0,13012468,14237528
292.824,1992340,11020128,0,13012468,14237528
292.924,1992340,11020128,0,13012468,14237528
293.024,1992340,11020128,0,13012468,14237528
293.124,1992340,11020128,0,13012468,14237528
293.225,1992340,11020128,0,13012468,14237528
293.325,1992340,11020128,0,13012468,14237528
293.425,1992340,11020128,0,13012468,14237528
293.526,1992340,11020128,0,13012468,14237528
293.626,1992340,11020128,0,13012468,14237528
293.726,1992340,11020128,0,13012468,14237528
293.827,1992340,11020128,0,13012468,14237528
293.927,1992340,11020128,0,13012468,14237528
294.027,1992340,11020128,0,13012468,14237528
294.127,1992340,11020128,0,13012468,14237528
294.227,1992340,11020128,0,13012468,14237528
294.328,1992340,11020128,0,13012468,14237528
294.428,1992340,11020128,0,13012468,14237528
294.528,1992340,11020128,0,13012468,14237528
294.628,1992340,11020128,0,13012468,14237528
294.729,1992340,11020128,0,13012468,14237528
294.829,1992340,11020128,0,13012468,14237528
294.929,1992340,11020128,0,13012468,14237528
295.029,1992340,11020128,0,13012468,14237528
295.130,1992340,11020128,0,13012468,14237528
295.230,1992340,11020128,0,13012468,14237528
295.330,1992340,11020128,0,13012468,14237528
295.430,1992340,11020128,0,13012468,14237528
295.531,1992340,11020128,0,13012468,14237528
295.631,1992340,11020128,0,13012468,14237528
295.731,1992340,11020128,0,13012468,14237528
295.831,1992340,11020128,0,13012468,14237528
295.932,1992340,11020128,0,13012468,14237528
296.032,1992340,11020128,0,13012468,14237528
296.132,1992340,11020128,0,13012468,14237528
296.232,1992340,11020128,0,13012468,14237528
296.333,1992340,11020128,0,13012468,14237528
296.433,1992340,11020128,0,13012468,14237528
296.533,1992340,11020128,0,13012468,14237528
296.634,1992340,11020128,0,13012468,14237528
296.734,1992340,11020128,0,13012468,14237528
296.834,1992340,11020128,0,13012468,14237528
296.934,1992340,11020128,0,13012468,14237528
297.035,1992340,11020128,0,13012468,14237528
297.135,1992340,11020128,0,13012468,14237528
297.236,1992340,11020128,0,13012468,14237528
297.336,1992340,11020128,0,13012468,14237528
297.437,1992340,11020128,0,13012468,14237528
297.537,1992340,11020128,0,13012468,14237528
297.637,1992340,11020128,0,13012468,14237528
297.738,1992340,11020128,0,13012468,14237528
297.838,1992340,11020128,0,13012468,14237528
297.939,1992340,11020128,0,13012468,14237528
298.039,1992340,11020128,0,13012468,14237528
298.140,1992340,11020128,0,13012468,14237528
298.240,1992340,11020128,0,13012468,14237528
298.340,1992340,11020128,0,13012468,14237528
298.441,1992340,11020128,0,13012468,14237528
298.541,1992340,11020128,0,13012468,14237528
298.641,1992340,11020128,0,13012468,14237528
298.742,1992340,11020128,0,13012468,14237528
298.843,1992340,11020128,0,13012468,14237528
298.943,1992340,11020128,0,13012468,14237528
299.043,1992340,11020128,0,13012468,14237528
299.144,1992340,11020128,0,13012468,14237528
299.244,1992340,11020128,0,13012468,14237528
299.344,1992340,11020128,0,13012468,14237528
299.445,1992340,11020128,0,13012468,14237528
299.545,1992340,11020128,0,13012468,14237528
299.645,1992340,11020128,0,13012468,14237528
299.746,1992340,11020128,0,13012468,14237528
299.846,1992340,11020128,0,13012468,14237528
299.946,1992340,11020128,0,13012468,14237528
300.047,1992340,11020128,0,13012468,14237528
300.147,1992340,11020128,0,13012468,14237528
300.248,1992340,11020128,0,13012468,14237528
300.348,1992340,11020128,0,13012468,14237528
300.449,1992340,11020128,0,13012468,14237528
300.549,1992340,11020128,0,13012468,14237528
300.649,1992340,11020128,0,13012468,14237528
300.750,1992340,11020128,0,13012468,14237528
300.850,1992340,11020128,0,13012468,14237528
300.950,1992340,11020128,0,13012468,14237528
301.050,1992340,11020128,0,13012468,14237528
301.150,1992340,11020128,0,13012468,14237528
301.251,1992340,11020128,0,13012468,14237528
301.351,1992340,11020128,0,13012468,14237528
301.451,1992340,11020128,0,13012468,14237528
301.552,1992340,11020128,0,13012468,14237528
301.652,1992340,11020128,0,13012468,14237528
301.752,1992340,11020128,0,13012468,14237528
301.852,1992340,11020128,0,13012468,14237528
301.953,1992340,10913344,0,12905684,14237528
302.053,1992340,9395164,0,11387504,14237528
302.153,1992340,4021900,0,6014240,14237528
302.253,1992340,1582732,0,3575072,14237528
302.354,1992340,367568,0,2359908,14237528
302.454,1992340,367568,0,2359908,14237528
302.554,1992340,367568,0,2359908,14237528
302.654,1992340,367568,0,2359908,14237528
302.755,1992340,367568,0,2359908,14237528
302.855,1992340,367568,0,2359908,14237528
302.955,1992340,237256,0,2229596,14237528
303.056,1992340,250940,0,2243280,14237528
303.156,1992348,253244,0,2245592,14237528
303.256,1992368,258440,0,2250808,14237528
303.357,1992368,253244,0,2245612,14237528
303.457,1992368,258944,0,2251312,14237528
303.557,1992368,309380,0,2301748,14237528
303.657,1992368,332596,0,2324964,14237528
303.758,1992368,253308,0,2245676,14237528
303.858,1992368,206052,0,2198420,14237528
303.958,1992372,253928,0,2246300,14237528
304.058,1992372,253928,0,2246300,14237528
304.159,1992372,253928,0,2246300,14237528
304.259,1992372,253928,0,2246300,14237528
304.359,1992372,253928,0,2246300,14237528
304.460,1992372,253928,0,2246300,14237528
304.560,1992372,253928,0,2246300,14237528
304.660,1992372,253928,0,2246300,14237528
304.761,1992372,253928,0,2246300,14237528
304.861,1992372,253928,0,2246300,14237528
304.961,1992372,253928,0,2246300,14237528
305.061,1992372,253928,0,2246300,14237528
305.162,1992372,253928,0,2246300,14237528
305.262,1992372,253928,0,2246300,14237528
305.362,1992372,253928,0,2246300,14237528
305.463,1992372,253928,0,2246300,14237528
305.563,1992372,253928,0,2246300,14237528
305.663,1992372,253928,0,2246300,14237528
305.764,1992372,253928,0,2246300,14237528
305.864,1992372,253928,0,2246300,14237528
305.964,1992372,253928,0,2246300,14237528
306.065,1992372,253928,0,2246300,14237528
306.165,1992372,253928,0,2246300,14237528
306.265,1992372,253928,0,2246300,14237528
306.365,1992372,253928,0,2246300,14237528
306.466,1992372,253928,0,2246300,14237528
306.566,1992372,253928,0,2246300,14237528
306.666,1992372,253928,0,2246300,14237528
306.766,1992372,253928,0,2246300,14237528
306.867,1992372,253928,0,2246300,14237528
306.967,1992372,253928,0,2246300,14237528
307.067,1992372,253928,0,2246300,14237528
307.168,1992372,253928,0,2246300,14237528
307.268,1992372,253928,0,2246300,14237528
307.368,1992372,253928,0,2246300,14237528
307.468,1992372,253928,0,2246300,14237528
307.569,1992372,253928,0,2246300,14237528
307.669,1992372,253928,0,2246300,14237528
307.769,1992372,253928,0,2246300,14237528
307.870,1992372,253928,0,2246300,14237528
307.970,1992372,253928,0,2246300,14237528
308.070,1992372,253928,0,2246300,14237528
308.171,1992372,253928,0,2246300,14237528
308.271,1992372,253928,0,2246300,14237528
308.371,1992372,253928,0,2246300,14237528
308.472,1992372,253928,0,2246300,14237528
308.572,1992372,253928,0,2246300,14237528
308.672,1992372,253928,0,2246300,14237528
308.773,1992372,253928,0,2246300,14237528
308.873,1992372,253928,0,2246300,14237528
308.973,1992372,253928,0,2246300,14237528
309.073,1992372,253928,0,2246300,14237528
309.174,1992372,253928,0,2246300,14237528
309.274,1992372,253928,0,2246300,14237528
309.374,1992372,253928,0,2246300,14237528
309.474,1992372,253928,0,2246300,14237528
309.575,1992372,253928,0,2246300,14237528
309.675,1992372,253928,0,2246300,14237528
309.775,1992372,253928,0,2246300,14237528
309.876,1992372,253928,0,2246300,14237528
309.976,1992372,253928,0,2246300,14237528
310.076,1992372,253928,0,2246300,14237528
310.176,1992372,253928,0,2246300,14237528
310.277,1992372,253928,0,2246300,14237528
310.377,1992372,253928,0,2246300,14237528
310.477,1992372,253928,0,2246300,14237528
310.578,1992372,253928,0,2246300,14237528
310.678,1992372,253928,0,2246300,14237528
310.778,1992372,253928,0,2246300,14237528
310.879,1992372,253928,0,2246300,14237528
310.979,1992372,253928,0,2246300,14237528
311.079,1992372,253928,0,2246300,14237528
311.180,1992372,253928,0,2246300,14237528
311.280,1992372,253928,0,2246300,14237528
311.380,1992372,253928,0,2246300,14237528
311.480,1992372,253928,0,2246300,14237528
311.581,1992372,253928,0,2246300,14237528
311.681,1992372,253928,0,2246300,14237528
311.781,1992372,253928,0,2246300,14237528
311.882,1992372,253928,0,2246300,14237528
311.982,1992372,253928,0,2246300,14237528
312.082,1992372,253928,0,2246300,14237528
312.183,1992372,253928,0,2246300,14237528
312.283,1992372,253928,0,2246300,14237528
312.383,1992372,253928,0,2246300,14237528
312.483,1992372,253928,0,2246300,14237528
312.584,1992372,253928,0,2246300,14237528
312.684,1992372,253928,0,2246300,14237528
312.784,1992372,253928,0,2246300,14237528
312.885,1992372,253928,0,2246300,14237528
312.985,1992372,253928,0,2246300,14237528
313.085,1992372,253928,0,2246300,14237528
313.185,1992372,253928,0,2246300,14237528
313.286,1992372,253928,0,2246300,14237528
313.386,1992372,253928,0,2246300,14237528
313.486,1992372,253928,0,2246300,14237528
313.586,1992372,253928,0,2246300,14237528
313.687,1992372,253928,0,2246300,14237528
313.787,1992372,253928,0,2246300,14237528
313.887,1992372,253928,0,2246300,14237528
313.988,1992372,253928,0,2246300,14237528
314.088,1992372,253928,0,2246300,14237528
314.188,1992372,253928,0,2246300,14237528
314.289,1992372,253928,0,2246300,14237528
314.389,1992372,253928,0,2246300,14237528
314.489,1992372,253928,0,2246300,14237528
314.590,1992372,253928,0,2246300,14237528
314.690,1992372,253928,0,2246300,14237528
314.790,1992372,253928,0,2246300,14237528
314.890,1992372,253928,0,2246300,14237528
314.990,1992372,253928,0,2246300,14237528
315.091,1992372,253928,0,2246300,14237528
315.191,1992372,253928,0,2246300,14237528
315.291,1992372,253928,0,2246300,14237528
315.392,1992372,253928,0,2246300,14237528
315.492,1992372,253928,0,2246300,14237528
315.592,1992372,253928,0,2246300,14237528
315.692,1992372,253928,0,2246300,14237528
315.793,1992372,253928,0,2246300,14237528
315.893,1992372,253928,0,2246300,14237528
315.993,1992372,253928,0,2246300,14237528
316.094,1992372,253928,0,2246300,14237528
316.194,1992372,253928,0,2246300,14237528
316.294,1992372,253928,0,2246300,14237528
316.394,1992372,253928,0,2246300,14237528
316.495,1992372,253928,0,2246300,14237528
316.595,1992372,253928,0,2246300,14237528
316.695,1992372,253928,0,2246300,14237528
316.795,1992372,253928,0,2246300,14237528
316.896,1992372,253928,0,2246300,14237528
316.996,1992372,253928,0,2246300,14237528
317.096,1992372,253928,0,2246300,14237528
317.197,1992372,253928,0,2246300,14237528
317.297,1992372,253928,0,2246300,14237528
317.397,1992372,253928,0,2246300,14237528
317.497,1992372,253928,0,2246300,14237528
317.598,1992372,253928,0,2246300,14237528
317.698,1992372,253928,0,2246300,14237528
317.798,1992372,253928,0,2246300,14237528
317.899,1992372,253928,0,2246300,14237528
317.999,1992372,253928,0,2246300,14237528
318.099,1992372,253928,0,2246300,14237528
318.199,1992372,253928,0,2246300,14237528
318.300,1992372,253928,0,2246300,14237528
318.400,1992372,253928,0,2246300,14237528
318.500,1992372,253928,0,2246300,14237528
318.601,1992372,253928,0,2246300,14237528
318.701,1992372,253928,0,2246300,14237528
318.801,1992372,253928,0,2246300,14237528
318.901,1992372,253928,0,2246300,14237528
319.002,1992372,253928,0,2246300,14237528
319.102,1992372,253928,0,2246300,14237528
319.202,1992372,253928,0,2246300,14237528
319.303,1992372,253928,0,2246300,14237528
319.403,1992372,253928,0,2246300,14237528
319.503,1992372,253928,0,2246300,14237528
319.604,1992372,253928,0,2246300,14237528
319.704,1992372,253928,0,2246300,14237528
319.804,1992372,253928,0,2246300,14237528
319.904,1992372,253928,0,2246300,14237528
320.005,1992372,253928,0,2246300,14237528
320.105,1992372,253928,0,2246300,14237528
320.205,1992372,253928,0,2246300,14237528
320.306,1992372,253928,0,2246300,14237528
320.406,2118928,253928,0,2372856,14237528
320.506,2249540,253928,0,2503468,14237528
320.606,2376144,253928,0,2630072,14237528
320.706,2514352,253928,0,2768280,14237528
320.807,2664792,253928,0,2918720,14237528
320.907,2828296,253928,0,3082224,14237528
321.007,2959672,253928,0,3213600,14237528
321.107,3079504,253928,0,3333432,14237528
321.208,3217432,253928,0,3471360,14237528
321.308,3366148,253928,0,3620076,14237528
321.408,3514796,253928,0,3768724,14237528
321.509,3611648,253928,0,3865576,14237528
321.609,3713888,253928,0,3967816,14237528
321.709,3777976,253928,0,4031904,14237528
321.809,3794708,253928,0,4048636,14237528
321.910,3795260,253928,0,4049188,14237528
322.010,3795908,253928,0,4049836,14237528
322.110,3796048,253928,0,4049976,14237528
322.211,3796056,253928,0,4049984,14237528
322.311,3796056,253928,0,4049984,14237528
322.411,3796060,253928,0,4049988,14237528
322.511,3796060,253928,0,4049988,14237528
322.612,3796060,253928,0,4049988,14237528
322.712,3796060,253928,0,4049988,14237528
322.812,3796060,253928,0,4049988,14237528
322.912,3796060,253928,0,4049988,14237528
323.013,3796060,253928,0,4049988,14237528
323.113,3796060,253928,0,4049988,14237528
323.213,3796060,253928,0,4049988,14237528
323.314,3796060,253928,0,4049988,14237528
323.414,3796060,253928,0,4049988,14237528
323.514,3796060,253928,0,4049988,14237528
323.614,3796060,253928,0,4049988,14237528
323.715,3796060,253928,0,4049988,14237528
323.815,3796060,253928,0,4049988,14237528
323.915,3796060,253928,0,4049988,14237528
324.016,3796060,253928,0,4049988,14237528
324.116,3796060,253928,0,4049988,14237528
324.216,3796060,253928,0,4049988,14237528
324.316,3796060,253928,0,4049988,14237528
324.417,3796060,253928,0,4049988,14237528
324.517,3796060,253928,0,4049988,14237528
324.617,3796060,253928,0,4049988,14237528
324.717,3796060,253928,0,4049988,14237528
324.818,3796060,253928,0,4049988,14237528
324.918,3796060,253928,0,4049988,14237528
325.018,3796060,253928,0,4049988,14237528
325.119,3796060,253928,0,4049988,14237528
325.219,3796060,253928,0,4049988,14237528
325.319,3796060,253928,0,4049988,14237528
325.419,3796060,253928,0,4049988,14237528
325.520,3796060,253928,0,4049988,14237528
325.620,3796060,253928,0,4049988,14237528
325.720,3796060,253928,0,4049988,14237528
325.821,3796060,253928,0,4049988,14237528
325.921,3796060,253928,0,4049988,14237528
326.021,3796060,253928,0,4049988,14237528
326.121,3796060,253928,0,4049988,14237528
326.222,3796060,253928,0,4049988,14237528
326.322,3796060,253928,0,4049988,14237528
326.422,3796060,253928,0,4049988,14237528
326.522,3796060,253928,0,4049988,14237528
326.623,3796060,253928,0,4049988,14237528
326.723,3796060,253928,0,4049988,14237528
326.823,3796060,253928,0,4049988,14237528
326.923,3796060,253928,0,4049988,14237528
327.024,3796060,253928,0,4049988,14237528
327.124,3796060,253928,0,4049988,14237528
327.224,3796060,253928,0,4049988,14237528
327.324,3796060,253928,0,4049988,14237528
327.425,3796060,253928,0,4049988,14237528
327.525,3796060,253928,0,4049988,14237528
327.625,3796060,253928,0,4049988,14237528
327.726,3796060,253928,0,4049988,14237528
327.826,3796060,253928,0,4049988,14237528
327.926,3796060,253928,0,4049988,14237528
328.026,3796060,253928,0,4049988,14237528
328.127,3796060,253928,0,4049988,14237528
328.227,3796060,253928,0,4049988,14237528
328.327,3796060,253928,0,4049988,14237528
328.427,3796060,253928,0,4049988,14237528
328.528,3796060,253928,0,4049988,14237528
328.628,3796060,253928,0,4049988,14237528
328.728,3796060,253928,0,4049988,14237528
328.829,3796060,253928,0,4049988,14237528
328.929,3796060,253928,0,4049988,14237528
329.029,3796060,253928,0,4049988,14237528
329.130,3796060,253928,0,4049988,14237528
329.230,3796060,253928,0,4049988,14237528
329.330,3796060,253928,0,4049988,14237528
329.431,3796060,253928,0,4049988,14237528
329.531,3796060,253928,0,4049988,14237528
329.632,3796060,253928,0,4049988,14237528
329.732,3796060,253928,0,4049988,14237528
329.832,3796060,253928,0,4049988,14237528
329.933,3796060,253928,0,4049988,14237528
330.033,3796060,253928,0,4049988,14237528
330.133,3796060,253928,0,4049988,14237528
330.234,3796060,253928,0,4049988,14237528
330.334,3796060,253928,0,4049988,14237528
330.434,3796060,253928,0,4049988,14237528
330.535,3796060,253928,0,4049988,14237528
330.635,3796060,253928,0,4049988,14237528
330.735,3796060,253928,0,4049988,14237528
330.836,3796060,253928,0,4049988,14237528
330.936,3796060,253928,0,4049988,14237528
331.037,3796060,253928,0,4049988,14237528
331.137,3796060,253928,0,4049988,14237528
331.237,3796060,253928,0,4049988,14237528
331.338,3796060,253928,0,4049988,14237528
331.438,3796060,253928,0,4049988,14237528
331.539,3796060,253928,0,4049988,14237528
331.639,3796060,253928,0,4049988,14237528
331.739,3796060,253928,0,4049988,14237528
331.840,3796060,253928,0,4049988,14237528
331.940,3796060,253928,0,4049988,14237528
332.041,3796060,253928,0,4049988,14237528
332.141,3796060,253928,0,4049988,14237528
332.241,3796060,253928,0,4049988,14237528
332.342,3796060,253928,0,4049988,14237528
332.442,3796060,253928,0,4049988,14237528
332.542,3796060,253928,0,4049988,14237528
332.643,3796060,253928,0,4049988,14237528
332.743,3796060,253928,0,4049988,14237528
332.844,3796060,253928,0,4049988,14237528
332.944,3796060,253928,0,4049988,14237528
333.044,3796060,253928,0,4049988,14237528
333.145,3796060,253928,0,4049988,14237528
333.245,3796060,253928,0,4049988,14237528
333.345,3796060,253928,0,4049988,14237528
333.446,3796060,253928,0,4049988,14237528
333.546,3796060,253928,0,4049988,14237528
333.646,3796060,253928,0,4049988,14237528
333.747,3796060,253928,0,4049988,14237528
333.847,3796060,253928,0,4049988,14237528
333.947,3796060,253928,0,4049988,14237528
334.047,3796060,253928,0,4049988,14237528
334.148,3796060,253928,0,4049988,14237528
334.248,3796060,253928,0,4049988,14237528
334.348,3796060,253928,0,4049988,14237528
334.449,3796060,253928,0,4049988,14237528
334.549,3796060,253928,0,4049988,14237528
334.649,3796060,253928,0,4049988,14237528
334.749,3796060,253928,0,4049988,14237528
334.850,3796060,253928,0,4049988,14237528
334.950,3796060,253928,0,4049988,14237528
335.050,3796060,253928,0,4049988,14237528
335.151,3796060,253928,0,4049988,14237528
335.251,3796060,253928,0,4049988,14237528
335.351,3796060,253928,0,4049988,14237528
335.452,3796060,253928,0,4049988,14237528
335.552,3796060,253928,0,4049988,14237528
335.652,3796060,253928,0,4049988,14237528
335.752,3796060,253928,0,4049988,14237528
335.853,3796060,253928,0,4049988,14237528
335.953,3796060,253928,0,4049988,14237528
336.053,3796060,253928,0,4049988,14237528
336.154,3796060,253928,0,4049988,14237528
336.254,3796060,253928,0,4049988,14237528
336.354,3796060,253928,0,4049988,14237528
336.455,3796060,253928,0,4049988,14237528
336.555,3796060,253928,0,4049988,14237528
336.655,3796060,253928,0,4049988,14237528
336.755,3796060,253928,0,4049988,14237528
336.856,3796060,253928,0,4049988,14237528
336.956,3796060,253928,0,4049988,14237528
337.056,3796060,253928,0,4049988,14237528
337.157,3796060,253928,0,4049988,14237528
337.257,3796060,253928,0,4049988,14237528
337.357,3796060,253928,0,4049988,14237528
337.457,3796060,253928,0,4049988,14237528
337.558,3796060,253928,0,4049988,14237528
337.658,3796060,253928,0,4049988,14237528
337.758,3796060,253928,0,4049988,14237528
337.859,3796060,253928,0,4049988,14237528
337.959,3796060,253928,0,4049988,14237528
338.059,3796060,253928,0,4049988,14237528
338.159,3796060,253928,0,4049988,14237528
338.259,3796060,253928,0,4049988,14237528
338.360,3796060,253928,0,4049988,14237528
338.460,3796060,253928,0,4049988,14237528
338.560,3796060,253928,0,4049988,14237528
338.660,3796060,253928,0,4049988,14237528
338.761,3796060,253928,0,4049988,14237528
338.861,3796060,253928,0,4049988,14237528
338.961,3796060,253928,0,4049988,14237528
339.062,3796060,253928,0,4049988,14237528
339.162,3796060,253928,0,4049988,14237528
339.262,3796060,253928,0,4049988,14237528
339.363,3796060,253928,0,4049988,14237528
339.463,3796060,253928,0,4049988,14237528
339.563,3796060,253928,0,4049988,14237528
339.663,3796060,253928,0,4049988,14237528
339.764,3796060,253928,0,4049988,14237528
339.864,3796060,253928,0,4049988,14237528
339.964,3796060,253928,0,4049988,14237528
340.064,3796060,253928,0,4049988,14237528
340.165,3796060,253928,0,4049988,14237528
340.265,3796060,253928,0,4049988,14237528
340.365,3796060,253928,0,4049988,14237528
340.465,3796060,253928,0,4049988,14237528
340.566,3796060,253928,0,4049988,14237528
340.666,3796060,253928,0,4049988,14237528
340.766,3796060,253928,0,4049988,14237528
340.867,3840360,253928,0,4094288,14237528
340.967,3933980,253928,0,4187908,14237528
341.067,4031348,253928,0,4285276,14237528
341.167,4120744,253928,0,4374672,14237528
341.268,4215992,253928,0,4469920,14237528
341.368,4313228,253928,0,4567156,14237528
341.468,4396676,253928,0,4650604,14237528
341.568,4490604,253928,0,4744532,14237528
341.669,4586712,253928,0,4840640,14237528
341.769,4684124,253928,0,4938052,14237528
341.869,3924016,253928,0,4177944,14237528
341.969,2933280,253928,0,3187208,14237528
342.070,2933280,253928,0,3187208,14237528
342.170,2933280,253928,0,3187208,14237528
342.270,2933280,253928,0,3187208,14237528
342.370,2933280,253928,0,3187208,14237528
342.471,2933280,253928,0,3187208,14237528
342.571,2933280,253928,0,3187208,14237528
342.671,2933280,253928,0,3187208,14237528
342.772,2120328,253928,0,2374256,14237528
342.872,1953308,97436,0,2050744,14237528
342.972,1953308,97436,0,2050744,14237528
343.073,1953308,97436,0,2050744,14237528
343.173,1953308,97436,0,2050744,14237528
343.273,1953308,97436,0,2050744,14237528
343.373,1953308,97436,0,2050744,14237528
343.474,1953308,97436,0,2050744,14237528
343.574,1953308,97436,0,2050744,14237528
343.674,1953308,97436,0,2050744,14237528
343.774,1953308,97436,0,2050744,14237528
343.875,1953308,97436,0,2050744,14237528
343.975,1953308,97436,0,2050744,14237528
344.075,1953308,97436,0,2050744,14237528
344.175,1953308,97436,0,2050744,14237528
344.276,1953308,97436,0,2050744,14237528
344.376,1953308,97436,0,2050744,14237528
344.476,1953308,97436,0,2050744,14237528
344.577,1953308,97436,0,2050744,14237528
344.677,1953308,97436,0,2050744,14237528
344.777,1953308,97436,0,2050744,14237528
344.877,1953308,97436,0,2050744,14237528
344.978,1953308,97436,0,2050744,14237528
345.078,1758496,18084,0,1776580,14237528
345.178,1445996,18084,0,1464080,14237528
