t,RssAnon,RssFile,RssShmem,VmRSS,VmHWM
0.001,148,996,0,1144,1144
0.101,9016,12144,0,21160,21160
0.201,8280,12144,0,20424,21120
0.302,66488,12720,0,79208,79208
0.402,82496,13040,0,95536,143912
0.502,97444,13104,0,110548,173128
0.603,112092,13104,0,125196,173128
0.703,113104,13104,0,126208,173128
0.803,113104,13104,0,126208,173128
0.904,113104,13104,0,126208,173128
1.004,113104,13104,0,126208,173128
1.104,113104,13104,0,126208,173128
1.205,113600,13104,0,126704,173128
1.305,117796,13104,0,130900,173128
1.405,117796,13104,0,130900,173128
1.505,117796,13104,0,130900,173128
1.606,117796,13104,0,130900,173128
1.706,117796,13104,0,130900,173128
1.806,117796,13104,0,130900,173128
1.907,117796,13104,0,130900,173128
2.007,117796,13104,0,130900,173128
2.107,117796,13104,0,130900,173128
2.208,117796,13104,0,130900,173128
2.308,118208,13104,0,131312,173128
2.408,118208,13104,0,131312,173128
2.509,118208,13104,0,131312,173128
2.609,118208,13104,0,131312,173128
2.709,118208,13104,0,131312,173128
2.809,118208,13104,0,131312,173128
2.910,118208,13104,0,131312,173128
3.010,118208,13104,0,131312,173128
3.110,118208,13104,0,131312,173128
3.211,118208,13104,0,131312,173128
3.311,118208,13104,0,131312,173128
3.411,118208,13104,0,131312,173128
3.511,118212,13232,0,131444,173128
3.611,144140,13232,0,157372,173128
3.712,165132,13232,0,178364,178364
3.812,185600,13232,0,198832,198832
3.912,206964,13232,0,220196,220196
4.012,230188,13232,0,243420,243420
4.113,248748,13232,0,261980,261980
4.213,271608,13232,0,284840,284840
4.313,289708,13232,0,302940,302940
4.414,311676,13232,0,324908,324908
4.514,332444,13232,0,345676,345676
4.614,352016,13232,0,365248,365248
4.714,368856,13232,0,382088,382088
4.815,385440,13232,0,398672,398672
4.915,406092,13232,0,419324,419324
5.015,424268,13232,0,437500,437500
5.116,442588,13232,0,455820,455820
5.216,463480,13232,0,476712,476712
5.316,484672,13232,0,497904,497904
5.416,506648,13232,0,519880,519880
5.517,524060,13232,0,537292,537292
5.617,547104,13232,0,560336,560336
5.718,567244,13232,0,580476,580476
5.818,587976,13232,0,601208,601208
5.918,608668,13232,0,621900,621900
6.018,628496,13232,0,641728,641728
6.119,649948,13232,0,663180,663180
6.219,672072,13232,0,685304,685304
6.319,689172,13232,0,702404,702404
6.419,708236,13232,0,721468,721468
6.520,730172,13232,0,743404,743404
6.620,748184,13232,0,761416,761416
6.720,768300,13232,0,781532,781532
6.821,787640,13232,0,800872,800872
6.921,809196,13232,0,822428,822428
7.021,828920,13232,0,842152,842152
7.121,838960,13232,0,852192,852192
7.222,838960,13232,0,852192,852192
7.322,838960,13232,0,852192,852192
7.422,119948,13296,0,133244,851572
7.523,141280,13296,0,154576,851572
7.623,165140,13296,0,178436,851572
7.723,185608,13296,0,198904,851572
7.823,207428,13296,0,220724,851572
7.924,230660,13296,0,243956,851572
8.024,252936,13296,0,266232,851572
8.124,273560,13296,0,286856,851572
8.225,295164,13296,0,308460,851572
8.325,317200,13296,0,330496,851572
8.425,338128,13296,0,351424,851572
8.526,358088,13296,0,371384,851572
8.626,379784,13296,0,393080,851572
8.726,402732,13296,0,416028,851572
8.826,422784,13296,0,436080,851572
8.927,446500,13296,0,459796,851572
9.027,468596,13296,0,481892,851572
9.127,488260,13296,0,501556,851572
9.227,511364,13296,0,524660,851572
9.328,533612,13296,0,546908,851572
9.428,554812,13296,0,568108,851572
9.528,577596,13296,0,590892,851572
9.629,598376,13296,0,611672,851572
9.729,619012,13296,0,632308,851572
9.829,643112,13296,0,656408,851572
9.929,662580,13296,0,675876,851572
10.030,685616,13296,0,698912,851572
10.130,703680,13296,0,716976,851572
10.230,725788,13296,0,739084,851572
10.331,748192,13296,0,761488,851572
10.431,769704,13296,0,783000,851572
10.531,790480,13296,0,803776,851572
10.631,811048,13296,0,824344,851572
10.732,832140,13296,0,845436,851572
10.832,880928,13296,0,894224,894224
10.932,1021336,13296,0,1034632,1034632
11.033,1137624,13296,0,1150920,1150920
11.133,1248444,13296,0,1261740,1261740
11.233,1397424,13296,0,1410720,1410720
11.333,1539988,13296,0,1553284,1553284
11.434,1557992,13296,0,1571288,1571288
11.538,1557992,13296,0,1571288,1571288
11.639,1558012,13296,0,1571308,1571308
11.740,1580992,13296,0,1594288,1594288
11.840,1643292,13296,0,1656588,1656588
11.940,1762576,13296,0,1775872,1775872
12.041,1906008,13296,0,1919304,1919304
12.141,961512,13296,0,974808,1969188
12.243,647908,13360,0,661268,1969188
12.343,744556,13360,0,757916,1969188
12.444,765928,46192,0,812120,1969188
12.544,632352,146016,0,778368,1969188
12.644,632364,169616,0,801980,1969188
12.745,633888,169616,0,803504,1969188
12.845,722064,169616,0,891680,1969188
12.945,812616,169616,0,982232,1969188
13.049,827680,169616,0,997296,1969188
13.149,920348,169616,0,1089964,1969188
13.250,1044152,169616,0,1213768,1969188
13.350,1107152,169616,0,1276768,1969188
13.450,1136448,169616,0,1306064,1969188
13.550,1169440,169616,0,1339056,1969188
13.651,1008376,169616,0,1177992,1969188
13.751,1008376,169616,0,1177992,1969188
13.851,1008376,169616,0,1177992,1969188
13.951,1008376,169616,0,1177992,1969188
14.052,894688,169680,0,1064368,1969188
14.152,898080,169680,0,1067760,1969188
14.252,898160,169680,0,1067840,1969188
14.353,898172,169680,0,1067852,1969188
14.453,898196,169680,0,1067876,1969188
14.553,898200,169680,0,1067880,1969188
14.653,898232,169680,0,1067912,1969188
14.754,898252,169680,0,1067932,1969188
14.854,898268,169680,0,1067948,1969188
14.954,898304,169680,0,1067984,1969188
15.054,898320,169680,0,1068000,1969188
15.154,898348,169680,0,1068028,1969188
15.255,898372,169680,0,1068052,1969188
15.355,898404,169680,0,1068084,1969188
15.455,898416,169680,0,1068096,1969188
15.555,898420,169680,0,1068100,1969188
15.656,898424,169680,0,1068104,1969188
15.756,898428,169680,0,1068108,1969188
15.856,898428,169680,0,1068108,1969188
15.956,898428,169680,0,1068108,1969188
16.057,898428,169680,0,1068108,1969188
16.157,898428,169680,0,1068108,1969188
16.257,898428,169680,0,1068108,1969188
16.358,898428,169680,0,1068108,1969188
16.458,898428,169680,0,1068108,1969188
16.558,898428,169680,0,1068108,1969188
16.658,898428,169680,0,1068108,1969188
16.759,898428,169680,0,1068108,1969188
16.859,898428,169680,0,1068108,1969188
16.959,898428,169680,0,1068108,1969188
17.059,898428,169680,0,1068108,1969188
17.160,898436,169680,0,1068116,1969188
17.260,898448,169680,0,1068128,1969188
17.360,898648,169680,0,1068328,1969188
17.460,898712,169680,0,1068392,1969188
17.561,898712,169680,0,1068392,1969188
17.661,343884,143056,0,486940,1969188
17.761,343884,91552,0,435436,1969188
17.861,368224,91808,0,460032,1969188
17.962,395416,91808,0,487224,1969188
18.062,423148,91808,0,514956,1969188
18.162,450612,91808,0,542420,1969188
18.263,477752,91808,0,569560,1969188
18.363,505268,91808,0,597076,1969188
18.463,526360,92064,0,618424,1969188
18.564,526360,92448,0,618808,1969188
18.664,526360,92448,0,618808,1969188
18.764,526360,92448,0,618808,1969188
18.864,526360,92448,0,618808,1969188
18.965,371512,92448,0,463960,1969188
19.065,392360,102368,0,494728,1969188
19.165,370188,121504,0,491692,1969188
19.266,405484,118512,0,523996,1969188
19.366,399476,178348,0,577824,1969188
19.466,400500,161500,0,562000,1969188
19.567,453428,184416,0,637844,1969188
19.667,444592,209224,0,653816,1969188
19.767,402704,142064,0,544768,1969188
19.867,457092,198208,0,655300,1969188
19.968,455032,206456,0,661488,1969188
20.068,422248,250056,0,672304,1969188
20.168,462764,299932,0,762696,1969188
20.268,455992,316472,0,772464,1969188
20.369,420052,344432,0,764484,1969188
20.469,456868,396376,0,853244,1969188
20.569,450912,162840,0,613752,1969188
20.669,450188,203608,0,653796,1969188
20.770,436292,236824,0,673116,1969188
20.870,418448,283712,0,702160,1969188
20.970,415844,332840,0,748684,1969188
21.071,419940,367884,0,787824,1969188
21.171,425060,347480,0,772540,1969188
21.271,467152,378592,0,845744,1969188
21.371,451440,419732,0,871172,1969188
21.472,441900,464572,0,906472,1969188
21.572,428132,512420,0,940552,1969188
21.672,448652,550800,0,999452,1969188
21.773,457484,588920,0,1046404,1969188
21.873,431204,643424,0,1074628,1969188
21.973,505568,643724,0,1149292,1969188
22.074,505568,994808,0,1500376,1969188
22.174,505568,1219720,0,1725288,1969188
22.274,505568,1391408,0,1896976,1969188
22.375,505568,1531808,0,2037376,2146176
22.475,505568,1792524,0,2298092,2298092
22.575,505568,2036464,0,2542032,2542032
22.675,505568,1917824,0,2423392,2585836
22.776,505568,2044924,0,2550492,2585836
22.876,505568,2171992,0,2677560,2677560
22.976,458808,2192484,0,2651292,2696784
23.077,504068,2192484,0,2696552,2696784
23.177,496212,2192484,0,2688696,2696784
23.277,463764,2192484,0,2656248,2696784
23.377,447588,2192484,0,2640072,2696784
23.478,468688,2192484,0,2661172,2698720
23.578,508360,2192484,0,2700844,2700844
23.678,467080,2192484,0,2659564,2716512
23.779,461408,2192484,0,2653892,2716512
23.879,522784,2192484,0,2715268,2716512
23.979,508148,2192484,0,2700632,2716512
24.079,470540,2192484,0,2663024,2716512
24.179,461408,2192484,0,2653892,2716512
24.280,461408,2192484,0,2653892,2716512
24.380,522556,2192484,0,2715040,2716512
24.480,502060,2192484,0,2694544,2716512
24.581,461408,2192484,0,2653892,2716512
24.681,461408,2192484,0,2653892,2716512
24.781,523748,2192484,0,2716232,2716512
24.882,499864,2208868,0,2708732,2731484
24.982,418220,2262116,0,2680336,2775852
25.082,494324,2262116,0,2756440,2775852
25.182,456104,2325604,0,2781708,2819336
25.283,495228,1317988,0,1813216,2838040
25.383,476048,1340516,0,1816564,2838040
25.483,434028,1406052,0,1840080,2838040
25.584,496468,1406052,0,1902520,2838040
25.684,454256,1471588,0,1925844,2838040
25.784,497560,1518692,0,2016252,2838040
25.884,434028,1545364,0,1979392,2838040
25.985,471836,1551508,0,2023344,2838040
26.085,468260,1602820,0,2071080,2838040
26.185,483160,1627444,0,2110604,2838040
26.286,440736,1685556,0,2126292,2838040
26.386,512564,1598428,0,2110992,2838040
26.486,486884,1627100,0,2113984,2838040
26.587,507812,1808036,0,2315848,2838040
26.687,507812,1603572,0,2111384,2838040
26.787,507812,1851728,0,2359540,2838040
26.888,507812,2188700,0,2696512,2838040
26.988,507812,2473948,0,2981760,2981760
27.088,507812,2707164,0,3214976,3214976
27.189,507812,2971856,0,3479668,3479668
27.289,507812,3120304,0,3628116,3628116
27.389,507812,3327852,0,3835664,3835664
27.489,507812,3531132,0,4038944,4038944
27.590,507812,2609836,0,3117648,4144692
27.690,507812,2753448,0,3261260,4144692
27.791,507812,2860056,0,3367868,4144692
27.891,455912,2860056,0,3315968,4144692
27.991,519452,2860056,0,3379508,4144692
28.092,485088,2860056,0,3345144,4144692
28.192,451876,2860056,0,3311932,4144692
28.292,513908,2860056,0,3373964,4144692
28.392,483852,2860056,0,3343908,4144692
28.493,451876,2860056,0,3311932,4144692
28.593,515580,2860056,0,3375636,4144692
28.693,495072,2860056,0,3355128,4144692
28.794,451876,2860056,0,3311932,4144692
28.894,451876,2860056,0,3311932,4144692
28.994,506208,2860056,0,3366264,4144692
29.095,451876,2860056,0,3311932,4144692
29.195,451876,2860056,0,3311932,4144692
29.295,451876,2860056,0,3311932,4144692
29.396,507572,2860056,0,3367628,4144692
29.496,473892,2860056,0,3333948,4144692
29.596,451876,2860056,0,3311932,4144692
29.696,451876,2860056,0,3311932,4144692
29.797,515308,2860056,0,3375364,4144692
29.897,488452,2860056,0,3348508,4144692
29.997,451876,2860056,0,3311932,4144692
30.098,519136,2860056,0,3379192,4144692
30.198,491572,2860056,0,3351628,4144692
30.298,451876,2860056,0,3311932,4144692
30.399,452052,2860056,0,3312108,4144692
30.499,452052,2860056,0,3312108,4144692
30.599,508800,2860056,0,3368856,4144692
30.699,480380,2860056,0,3340436,4144692
30.800,464540,2860056,0,3324596,4144692
30.900,452988,2860056,0,3313044,4144692
31.000,521844,2860056,0,3381900,4144692
31.101,487264,2884632,0,3371896,4144692
31.201,522532,2952216,0,3474748,4144692
31.301,499952,2954264,0,3454216,4144692
31.402,452988,3025944,0,3478932,4144692
31.502,507964,3025944,0,3533908,4144692
31.602,452988,3099672,0,3552660,4144692
31.703,492452,3099672,0,3592124,4144692
31.803,525344,3171352,0,3696696,4144692
31.903,502804,3171352,0,3674156,4144692
32.003,452988,3243032,0,3696020,4144692
32.104,515928,3243032,0,3758960,4144692
32.204,452988,3320856,0,3773844,4144692
32.304,524256,3320856,0,3845112,4144692
32.405,464980,3402776,0,3867756,4144692
32.505,527552,3430040,0,3957592,4144692
32.605,473320,3483288,0,3956608,4144692
32.705,527468,3493720,0,4021188,4144692
32.806,527468,3497652,0,4025120,4144692
32.906,527468,3648256,0,4175724,4175724
33.006,527468,3769128,0,4296596,4296596
33.107,527468,3887924,0,4415392,4415392
33.207,527468,4004696,0,4532164,4532164
33.308,527468,3824996,0,4352464,4545800
33.408,527468,3906952,0,4434420,4545800
33.508,527468,4013496,0,4540964,4545800
33.608,527468,4134376,0,4661844,4661844
33.709,527468,4226556,0,4754024,4754024
33.809,527468,4333096,0,4860564,4860564
33.910,527468,4431424,0,4958892,4958892
34.010,527468,4496968,0,5024436,5024436
34.110,527468,4613724,0,5141192,5141192
34.211,527468,4742780,0,5270248,5270248
34.311,527468,4867740,0,5395208,5395208
34.411,527468,4945584,0,5473052,5473052
34.511,527468,5062328,0,5589796,5589796
34.612,527468,5187272,0,5714740,5714740
34.712,527468,3194572,0,3722040,5761148
34.812,527468,3266256,0,3793724,5761148
34.913,527468,3370704,0,3898172,5761148
35.013,484932,3387092,0,3872024,5761148
35.113,527456,3387092,0,3914548,5761148
35.214,498328,3387092,0,3885420,5761148
35.314,452988,3387092,0,3840080,5761148
35.414,517404,3387092,0,3904496,5761148
35.514,470368,3387092,0,3857460,5761148
35.615,527696,3385044,0,3912740,5761148
35.715,484208,3387092,0,3871300,5761148
35.815,452988,3387092,0,3840080,5761148
35.916,507716,3387092,0,3894808,5761148
36.016,452988,3387092,0,3840080,5761148
36.116,529404,3387092,0,3916496,5761148
36.217,471268,3387092,0,3858360,5761148
36.317,453816,3387092,0,3840908,5761148
36.417,511032,3387092,0,3898124,5761148
36.517,462316,3387092,0,3849408,5761148
36.618,530140,3387092,0,3917232,5761148
36.718,505112,3387092,0,3892204,5761148
36.818,453816,3387092,0,3840908,5761148
36.919,530248,3387092,0,3917340,5761148
37.019,494760,3387092,0,3881852,5761148
37.119,453816,3387092,0,3840908,5761148
37.219,514848,3387092,0,3901940,5761148
37.320,453816,3387092,0,3840908,5761148
37.420,526580,3387092,0,3913672,5761148
37.520,448260,3387092,0,3835352,5761148
37.621,427576,3387092,0,3814668,5761148
37.721,478432,3387092,0,3865524,5761148
37.821,433644,3387092,0,3820736,5761148
37.921,517504,3387092,0,3904596,5761148
38.022,479448,3387092,0,3866540,5761148
38.122,441080,3387092,0,3828172,5761148
38.223,474112,3387092,0,3861204,5761148
38.323,444468,3387092,0,3831560,5761148
38.423,498868,3387092,0,3885960,5761148
38.523,466316,3387092,0,3853408,5761148
38.623,483296,3387092,0,3870388,5761148
38.724,495632,3387092,0,3882724,5761148
38.824,444688,3387092,0,3831780,5761148
38.924,510608,3387092,0,3897700,5761148
39.025,490908,3387092,0,3878000,5761148
39.125,444724,3387092,0,3831816,5761148
39.225,505432,3387092,0,3892524,5761148
39.326,448260,3387092,0,3835352,5761148
39.426,523360,3391188,0,3914548,5761148
39.526,458320,1335764,0,1794084,5761148
39.626,529324,1349332,0,1878656,5761148
39.727,448332,1418964,0,1867296,5761148
39.827,519892,1418964,0,1938856,5761148
39.927,448336,1502932,0,1951268,5761148
40.027,507760,1502932,0,2010692,5761148
40.128,452936,1590996,0,2043932,5761148
40.228,503168,1590996,0,2094164,5761148
40.328,530228,1674964,0,2205192,5761148
40.429,496024,1679060,0,2175084,5761148
40.529,531424,1729816,0,2261240,5761148
40.629,531424,1964392,0,2495816,5761148
40.730,531424,2280656,0,2812080,5761148
40.830,531424,2625628,0,3157052,5761148
40.931,531424,2928516,0,3459940,5761148
41.031,531424,3145584,0,3677008,5761148
41.131,531424,3407484,0,3938908,5761148
41.231,531424,3686020,0,4217444,5761148
41.332,531424,3788424,0,4319848,5761148
41.432,531424,3954312,0,4485736,5761148
41.533,531424,4095624,0,4627048,5761148
41.633,531424,4226700,0,4758124,5761148
41.733,531424,4439712,0,4971136,5761148
41.834,531424,4652736,0,5184160,5761148
41.934,531424,4857540,0,5388964,5761148
42.034,531424,5105348,0,5636772,5761148
42.135,531424,5504732,0,6036156,6036156
42.235,531424,5914340,0,6445764,6445764
42.335,531424,6278884,0,6810308,6810308
42.436,531424,6479544,0,7010968,7010968
42.536,531424,6560552,0,7091976,7091976
42.637,531424,6576788,0,7108212,7108212
42.737,531424,6576788,0,7108212,7108212
42.837,531424,6576788,0,7108212,7108212
42.938,450072,6576852,0,7026924,7107516
43.038,511480,6576852,0,7088332,7107516
43.138,532832,6576100,0,7108932,7108992
43.239,450072,6575924,0,7025996,7108992
43.339,519080,6575924,0,7095004,7108992
43.439,531620,6575924,0,7107544,7108992
43.540,497036,6575924,0,7072960,7108992
43.640,529928,6575924,0,7105852,7108992
43.740,529504,6576212,0,7105716,7108992
43.841,495652,6576212,0,7071864,7108992
43.941,531744,6576468,0,7108212,7108992
44.041,531744,6576468,0,7108212,7108992
44.142,450072,6576468,0,7026540,7108992
44.242,525508,6576468,0,7101976,7108992
44.342,532964,6576500,0,7109464,7109464
44.443,532964,6574452,0,7107416,7108992
44.543,450072,6576500,0,7026572,7108992
44.643,508052,6576500,0,7084552,7108992
44.743,533952,6576548,0,7110500,7110500
44.844,533952,6576804,0,7110756,7110756
44.944,475568,6576804,0,7052372,7110048
45.045,531688,6576804,0,7108492,7110048
45.145,533864,6576804,0,7110668,7110668
45.245,533864,6576804,0,7110668,7110668
45.346,450076,6576804,0,7026880,7110048
45.446,528232,6576804,0,7105036,7110048
45.546,536164,6576804,0,7112968,7112968
45.646,536164,6576804,0,7112968,7112968
45.747,453580,6576804,0,7030384,7112288
45.847,511580,6576804,0,7088384,7112288
45.947,534488,6576804,0,7111292,7112288
46.048,534488,6576804,0,7111292,7112288
46.148,493372,6576804,0,7070176,7112288
46.248,536432,6576804,0,7113236,7113236
46.349,536432,6576804,0,7113236,7113236
46.449,487004,6576804,0,7063808,7112596
46.549,537660,6576996,0,7114656,7114656
46.650,475036,6576996,0,7052032,7113876
46.750,534592,6576996,0,7111588,7113876
46.850,453580,6577188,0,7030768,7114516
46.951,514924,6577188,0,7092112,7114516
47.051,453580,6577220,0,7030800,7115552
47.152,498864,6577220,0,7076084,7115552
47.252,539724,6577220,0,7116944,7116944
47.352,494676,6577220,0,7071896,7116320
47.453,538848,6577236,0,7116084,7116320
47.553,453580,6577236,0,7030816,7116320
47.654,504396,6577236,0,7081632,7116320
47.754,538552,6577252,0,7115804,7116320
47.854,437080,6577268,0,7014348,7116320
47.955,493896,6577268,0,7071164,7116320
48.055,426128,6577284,0,7003412,7116320
48.155,482392,6577284,0,7059676,7116320
48.256,426652,6577300,0,7003952,7116320
48.356,477620,6577300,0,7054920,7116320
48.456,426872,6577332,0,7004204,7116320
48.557,481632,6577332,0,7058964,7116320
48.657,434672,6577668,0,7012340,7116320
48.757,507208,6577668,0,7084876,7116320
48.858,462020,6577812,0,7039832,7116320
48.958,519032,6577908,0,7096940,7116320
49.058,474700,6577908,0,7052608,7116320
49.158,481952,6577908,0,7059860,7116320
49.259,486388,6577956,0,7064344,7116320
49.359,436244,6592108,0,7028352,7116320
49.459,436244,6671848,0,7108092,7116320
49.560,436244,6520800,0,6957044,7194876
49.660,436244,6590600,0,7026844,7194876
49.760,436244,6662668,0,7098912,7194876
49.861,436244,6739028,0,7175272,7194876
49.961,436244,6787184,0,7223428,7223428
50.061,436244,6811428,0,7247672,7247672
50.162,436244,6843920,0,7280164,7280164
50.262,436244,6873924,0,7310168,7310168
50.362,436244,6890636,0,7326880,7326880
50.463,436244,6915836,0,7352080,7352080
50.563,436244,6946832,0,7383076,7383076
50.663,436244,6979020,0,7415264,7415264
50.763,436244,7006964,0,7443208,7443208
50.864,436244,7039732,0,7475976,7475976
50.964,436244,7072064,0,7508308,7508308
51.064,436244,7105020,0,7541264,7541264
51.165,436244,7146444,0,7582688,7582688
51.265,436244,7184724,0,7620968,7620968
51.365,436244,7213672,0,7649916,7649916
51.466,436244,7263104,0,7699348,7699348
51.566,436244,7329160,0,7765404,7765404
51.666,436244,7374608,0,7810852,7810852
51.767,436244,7436716,0,7872960,7872960
51.867,436244,7509072,0,7945316,7945316
51.967,436244,7565788,0,8002032,8002032
52.068,436244,7612628,0,8048872,8048872
52.168,436244,7672832,0,8109076,8109076
52.268,436244,7733004,0,8169248,8169248
52.369,436244,7791432,0,8227676,8227676
52.469,436244,7863932,0,8300176,8300176
52.569,436244,7928732,0,8364976,8364976
52.669,436244,7995092,0,8431336,8431336
52.770,436244,8052436,0,8488680,8488680
52.870,436244,3930452,0,4366696,8488148
52.970,436244,3945724,0,4381968,8488148
53.071,436244,4020568,0,4456812,8488148
53.171,436244,4094296,0,4530540,8488148
53.271,436244,4165180,0,4601424,8488148
53.371,436244,4226684,0,4662928,8488148
53.472,436244,4299112,0,4735356,8488148
53.572,436244,4364648,0,4800892,8488148
53.672,436244,4039944,0,4476188,8488148
53.773,387092,1516944,0,1904036,8488148
53.873,387092,1516944,0,1904036,8488148
53.973,387092,1516944,0,1904036,8488148
54.073,397828,1516944,0,1914772,8488148
54.174,412788,1516944,0,1929732,8488148
54.274,427696,1516944,0,1944640,8488148
54.374,462944,1517264,0,1980208,8488148
54.474,470656,1517264,0,1987920,8488148
54.575,477836,1517264,0,1995100,8488148
54.675,484440,1517264,0,2001704,8488148
54.775,491380,1517264,0,2008644,8488148
54.876,499164,1517264,0,2016428,8488148
54.976,505880,1517264,0,2023144,8488148
55.076,512864,1517264,0,2030128,8488148
55.176,519680,1517264,0,2036944,8488148
55.277,526464,1517264,0,2043728,8488148
55.377,532888,1517264,0,2050152,8488148
55.477,539984,1517264,0,2057248,8488148
55.578,546512,1517264,0,2063776,8488148
55.678,553268,1517264,0,2070532,8488148
55.778,559136,1517264,0,2076400,8488148
55.878,566956,1517264,0,2084220,8488148
55.979,571340,1517264,0,2088604,8488148
56.079,577820,1517264,0,2095084,8488148
56.179,583416,1517264,0,2100680,8488148
56.279,589664,1517264,0,2106928,8488148
56.380,595212,1517264,0,2112476,8488148
56.480,602164,1517264,0,2119428,8488148
56.580,610436,1517264,0,2127700,8488148
56.681,617420,1517264,0,2134684,8488148
56.781,623712,1517264,0,2140976,8488148
56.881,628332,1517264,0,2145596,8488148
56.981,633428,1517264,0,2150692,8488148
57.082,639684,1517264,0,2156948,8488148
57.182,645440,1517264,0,2162704,8488148
57.282,651244,1517264,0,2168508,8488148
57.383,656112,1517264,0,2173376,8488148
57.483,667432,1517264,0,2184696,8488148
57.583,671808,1517264,0,2189072,8488148
57.684,677232,1517264,0,2194496,8488148
57.784,682312,1517264,0,2199576,8488148
57.884,687208,1517264,0,2204472,8488148
57.984,692952,1517264,0,2210216,8488148
58.085,699072,1517264,0,2216336,8488148
58.185,704756,1517264,0,2222020,8488148
58.285,709432,1517264,0,2226696,8488148
58.386,714612,1517264,0,2231876,8488148
58.486,720588,1517264,0,2237852,8488148
58.586,726644,1517264,0,2243908,8488148
58.686,732360,1517264,0,2249624,8488148
58.787,738060,1517264,0,2255324,8488148
58.887,745664,1517264,0,2262928,8488148
58.987,753340,1517264,0,2270604,8488148
59.087,755604,1517264,0,2272868,8488148
59.188,766360,1517264,0,2283624,8488148
59.288,776728,1517264,0,2293992,8488148
59.388,778952,1517264,0,2296216,8488148
59.488,784064,1517264,0,2301328,8488148
59.589,791080,1517264,0,2308344,8488148
59.689,796124,1517264,0,2313388,8488148
59.789,800400,1517264,0,2317664,8488148
59.889,805472,1517264,0,2322736,8488148
59.990,811384,1517264,0,2328648,8488148
60.090,815976,1517264,0,2333240,8488148
60.190,822792,1517264,0,2340056,8488148
60.291,827340,1517264,0,2344604,8488148
60.391,832992,1517264,0,2350256,8488148
60.491,839404,1517264,0,2356668,8488148
60.592,844808,1517264,0,2362072,8488148
60.692,848668,1517264,0,2365932,8488148
60.792,865888,1517264,0,2383152,8488148
60.892,871948,1517264,0,2389212,8488148
60.993,873860,1517264,0,2391124,8488148
61.093,879056,1517264,0,2396320,8488148
61.193,885668,1517264,0,2402932,8488148
61.294,889184,1517264,0,2406448,8488148
61.394,892988,1517264,0,2410252,8488148
61.494,898792,1517264,0,2416056,8488148
61.594,904588,1517264,0,2421852,8488148
61.695,908828,1517264,0,2426092,8488148
61.795,916108,1517264,0,2433372,8488148
61.895,919760,1517264,0,2437024,8488148
61.996,924728,1517264,0,2441992,8488148
62.096,929408,1517264,0,2446672,8488148
62.196,935992,1517264,0,2453256,8488148
62.296,940228,1517264,0,2457492,8488148
62.397,946432,1517264,0,2463696,8488148
62.497,951508,1517264,0,2468772,8488148
62.597,955440,1517264,0,2472704,8488148
62.697,961256,1517264,0,2478520,8488148
62.798,965964,1517264,0,2483228,8488148
62.898,971596,1517264,0,2488860,8488148
62.998,977320,1517264,0,2494584,8488148
63.099,985320,1517264,0,2502584,8488148
63.199,991916,1517264,0,2509180,8488148
63.299,994968,1517264,0,2512232,8488148
63.399,999320,1517264,0,2516584,8488148
63.500,1002500,1517264,0,2519764,8488148
63.600,1013908,1517328,0,2531236,8488148
63.700,1013908,1517328,0,2531236,8488148
63.800,1013908,1517328,0,2531236,8488148
63.901,1013908,1517328,0,2531236,8488148
64.001,1013908,1517328,0,2531236,8488148
64.101,1013908,1517328,0,2531236,8488148
64.202,1013908,1517328,0,2531236,8488148
64.302,557072,1517328,0,2074400,8488148
64.402,557072,1517328,0,2074400,8488148
64.502,557908,1517328,0,2075236,8488148
64.603,557980,1517328,0,2075308,8488148
64.703,559848,1517328,0,2077176,8488148
64.803,562124,1517328,0,2079452,8488148
64.904,562424,1517328,0,2079752,8488148
65.004,562640,1517328,0,2079968,8488148
65.104,564884,1517328,0,2082212,8488148
65.204,565376,1517328,0,2082704,8488148
65.305,565828,1517328,0,2083156,8488148
65.405,567360,1517328,0,2084688,8488148
65.505,568680,1517328,0,2086008,8488148
65.606,570240,1517328,0,2087568,8488148
65.706,570776,1517328,0,2088104,8488148
65.806,571204,1517328,0,2088532,8488148
65.906,571720,1517328,0,2089048,8488148
66.007,572240,1517328,0,2089568,8488148
66.107,572704,1517328,0,2090032,8488148
66.207,573180,1517328,0,2090508,8488148
66.308,573712,1517328,0,2091040,8488148
66.408,574044,1517328,0,2091372,8488148
66.508,574128,1517328,0,2091456,8488148
66.608,574164,1517328,0,2091492,8488148
66.709,574644,1517328,0,2091972,8488148
66.809,578876,1517328,0,2096204,8488148
66.909,583592,1517328,0,2100920,8488148
67.009,587724,1517328,0,2105052,8488148
67.110,599032,1517328,0,2116360,8488148
67.210,600948,1517328,0,2118276,8488148
67.310,605544,1517328,0,2122872,8488148
67.411,609868,1517328,0,2127196,8488148
67.511,615192,1517328,0,2132520,8488148
67.611,618960,1517328,0,2136288,8488148
67.711,623496,1517328,0,2140824,8488148
67.812,627956,1517328,0,2145284,8488148
67.912,631648,1517328,0,2148976,8488148
68.012,637416,1517328,0,2154744,8488148
68.112,640536,1517328,0,2157864,8488148
68.213,644428,1517328,0,2161756,8488148
68.313,651796,1517328,0,2169124,8488148
68.413,657972,1517328,0,2175300,8488148
68.514,660364,1517328,0,2177692,8488148
68.614,670364,1517328,0,2187692,8488148
68.714,680400,1517328,0,2197728,8488148
68.814,683556,1517328,0,2200884,8488148
68.915,688364,1517328,0,2205692,8488148
69.015,694044,1517328,0,2211372,8488148
69.115,699336,1517328,0,2216664,8488148
69.215,704728,1517328,0,2222056,8488148
69.316,712872,1517328,0,2230200,8488148
69.416,717588,1517328,0,2234916,8488148
69.516,723484,1517328,0,2240812,8488148
69.616,730408,1517328,0,2247736,8488148
69.717,736632,1517328,0,2253960,8488148
69.817,741612,1517328,0,2258940,8488148
69.917,755844,1517328,0,2273172,8488148
70.017,766488,1517328,0,2283816,8488148
70.117,768896,1517328,0,2286224,8488148
70.218,774852,1517328,0,2292180,8488148
70.318,780160,1517328,0,2297488,8488148
70.418,788316,1517328,0,2305644,8488148
70.518,790528,1517328,0,2307856,8488148
70.619,794908,1517328,0,2312236,8488148
70.719,801128,1517328,0,2318456,8488148
70.819,806640,1517328,0,2323968,8488148
70.920,811580,1517328,0,2328908,8488148
71.020,816440,1517328,0,2333768,8488148
71.120,821172,1517328,0,2338500,8488148
71.220,826300,1517328,0,2343628,8488148
71.320,831268,1517328,0,2348596,8488148
71.421,836744,1517328,0,2354072,8488148
71.521,841820,1517328,0,2359148,8488148
71.621,847264,1517328,0,2364592,8488148
71.722,851384,1517328,0,2368712,8488148
71.822,856708,1517328,0,2374036,8488148
71.922,862756,1517328,0,2380084,8488148
72.023,866812,1517328,0,2384140,8488148
72.123,875344,1517328,0,2392672,8488148
72.223,878804,1517328,0,2396132,8488148
72.323,890912,1517328,0,2408240,8488148
72.424,893304,1517328,0,2410632,8488148
72.524,897048,1517328,0,2414376,8488148
72.624,902056,1517328,0,2419384,8488148
72.724,908496,1517328,0,2425824,8488148
72.825,920924,1517328,0,2438252,8488148
72.925,923344,1517328,0,2440672,8488148
73.025,933748,1517328,0,2451076,8488148
73.125,935896,1517328,0,2453224,8488148
73.226,940548,1517328,0,2457876,8488148
73.326,948804,1517328,0,2466132,8488148
73.426,967100,1517328,0,2484428,8488148
73.526,969360,1517328,0,2486688,8488148
73.627,979484,1517328,0,2496812,8488148
73.727,982716,1517328,0,2500044,8488148
73.827,988456,1517328,0,2505784,8488148
73.928,994420,1517328,0,2511748,8488148
74.028,1000728,1517328,0,2518056,8488148
74.128,1007440,1517328,0,2524768,8488148
74.228,1012380,1517328,0,2529708,8488148
74.329,1016924,1517328,0,2534252,8488148
74.429,1021180,1517328,0,2538508,8488148
74.529,1021180,1517328,0,2538508,8488148
74.629,1021180,1517328,0,2538508,8488148
74.729,1021180,1517328,0,2538508,8488148
74.830,660900,1517328,0,2178228,8488148
74.930,660900,1517328,0,2178228,8488148
75.030,660900,1517328,0,2178228,8488148
75.131,660900,1517328,0,2178228,8488148
75.231,660900,1517328,0,2178228,8488148
75.331,660900,1517328,0,2178228,8488148
75.431,660900,1517328,0,2178228,8488148
75.532,660900,1517328,0,2178228,8488148
75.632,660900,1517328,0,2178228,8488148
75.732,660900,1517328,0,2178228,8488148
75.832,660900,1517328,0,2178228,8488148
75.933,660900,1517328,0,2178228,8488148
76.033,660900,1517328,0,2178228,8488148
76.133,660900,1517328,0,2178228,8488148
76.233,660900,1517328,0,2178228,8488148
76.334,660900,1517328,0,2178228,8488148
76.434,660900,1517328,0,2178228,8488148
76.534,660900,1517328,0,2178228,8488148
76.634,660900,1517328,0,2178228,8488148
76.735,660900,1517328,0,2178228,8488148
76.835,660900,1517328,0,2178228,8488148
76.935,660900,1517328,0,2178228,8488148
77.035,660900,1517328,0,2178228,8488148
77.136,660900,1517328,0,2178228,8488148
77.236,660900,1517328,0,2178228,8488148
77.336,660900,1517328,0,2178228,8488148
77.437,660900,1517328,0,2178228,8488148
77.537,660900,1517328,0,2178228,8488148
77.637,660900,1517328,0,2178228,8488148
77.737,660900,1517328,0,2178228,8488148
77.838,660900,1517328,0,2178228,8488148
77.938,660900,1517328,0,2178228,8488148
78.038,660900,1517328,0,2178228,8488148
78.138,660904,1517328,0,2178232,8488148
78.239,660904,1517328,0,2178232,8488148
78.339,660928,1517328,0,2178256,8488148
78.439,660936,1517328,0,2178264,8488148
78.540,661756,1517328,0,2179084,8488148
78.640,667452,1517328,0,2184780,8488148
78.740,669308,1517328,0,2186636,8488148
78.840,673544,1517328,0,2190872,8488148
78.941,677312,1517328,0,2194640,8488148
79.041,680868,1517328,0,2198196,8488148
79.141,686020,1517328,0,2203348,8488148
79.242,688536,1517328,0,2205864,8488148
79.342,692332,1517328,0,2209660,8488148
79.442,696188,1517328,0,2213516,8488148
79.542,700188,1517328,0,2217516,8488148
79.643,703920,1517328,0,2221248,8488148
79.743,707368,1517328,0,2224696,8488148
79.843,711600,1517328,0,2228928,8488148
79.943,719240,1517328,0,2236568,8488148
80.044,725976,1517328,0,2243304,8488148
80.144,726908,1517328,0,2244236,8488148
80.244,736560,1517328,0,2253888,8488148
80.344,745868,1517328,0,2263196,8488148
80.445,748272,1517328,0,2265600,8488148
80.545,752908,1517328,0,2270236,8488148
80.645,757200,1517328,0,2274528,8488148
80.746,761788,1517328,0,2279116,8488148
80.846,766008,1517328,0,2283336,8488148
80.946,771540,1517328,0,2288868,8488148
81.046,776200,1517328,0,2293528,8488148
81.147,780964,1517328,0,2298292,8488148
81.247,786820,1517328,0,2304148,8488148
81.347,791008,1517328,0,2308336,8488148
81.447,795796,1517328,0,2313124,8488148
81.548,814216,1517328,0,2331544,8488148
81.648,820036,1517328,0,2337364,8488148
81.748,824196,1517328,0,2341524,8488148
81.848,831128,1517328,0,2348456,8488148
81.949,834416,1517328,0,2351744,8488148
82.049,837644,1517328,0,2354972,8488148
82.149,841820,1517328,0,2359148,8488148
82.250,848012,1517328,0,2365340,8488148
82.350,854220,1517328,0,2371548,8488148
82.450,859892,1517328,0,2377220,8488148
82.550,863604,1517328,0,2380932,8488148
82.651,868168,1517328,0,2385496,8488148
82.751,873252,1517328,0,2390580,8488148
82.851,879996,1517328,0,2397324,8488148
82.951,886288,1517328,0,2403616,8488148
83.052,891744,1517328,0,2409072,8488148
83.152,898884,1517328,0,2416212,8488148
83.252,904244,1517328,0,2421572,8488148
83.353,907680,1517328,0,2425008,8488148
83.453,911904,1517328,0,2429232,8488148
83.553,917660,1517328,0,2434988,8488148
83.653,925944,1517328,0,2443272,8488148
83.754,929740,1517328,0,2447068,8488148
83.854,935056,1517328,0,2452384,8488148
83.954,940476,1517328,0,2457804,8488148
84.054,944836,1517328,0,2462164,8488148
84.155,952708,1517328,0,2470036,8488148
84.255,957752,1517328,0,2475080,8488148
84.355,963312,1517328,0,2480640,8488148
84.455,969440,1517328,0,2486768,8488148
84.556,972628,1517328,0,2489956,8488148
84.656,980884,1517328,0,2498212,8488148
84.756,991004,1517328,0,2508332,8488148
84.856,1001240,1517328,0,2518568,8488148
84.957,1002564,1517328,0,2519892,8488148
85.057,1003696,1517328,0,2521024,8488148
85.158,1004892,1517328,0,2522220,8488148
85.258,1011880,1517328,0,2529208,8488148
85.358,1024228,1517328,0,2541556,8488148
85.458,1024768,1517328,0,2542096,8488148
85.559,1024768,1517328,0,2542096,8488148
85.659,1024768,1517328,0,2542096,8488148
85.759,1024768,1517328,0,2542096,8488148
85.860,737848,1517328,0,2255176,8488148
85.960,737848,1517328,0,2255176,8488148
86.060,737848,1517328,0,2255176,8488148
86.161,737848,1517328,0,2255176,8488148
86.261,737848,1517328,0,2255176,8488148
86.361,737848,1517328,0,2255176,8488148
86.461,737848,1517328,0,2255176,8488148
86.562,737848,1517328,0,2255176,8488148
86.662,737848,1517328,0,2255176,8488148
86.762,737848,1517328,0,2255176,8488148
86.863,737848,1517328,0,2255176,8488148
86.963,737848,1517328,0,2255176,8488148
87.063,737848,1517328,0,2255176,8488148
87.163,737848,1517328,0,2255176,8488148
87.264,737848,1517328,0,2255176,8488148
87.364,737848,1517328,0,2255176,8488148
87.464,737848,1517328,0,2255176,8488148
87.564,737848,1517328,0,2255176,8488148
87.665,737848,1517328,0,2255176,8488148
87.765,737848,1517328,0,2255176,8488148
87.865,737848,1517328,0,2255176,8488148
87.965,737848,1517328,0,2255176,8488148
88.066,737848,1517328,0,2255176,8488148
88.166,737848,1517328,0,2255176,8488148
88.266,737848,1517328,0,2255176,8488148
88.366,737848,1517328,0,2255176,8488148
88.466,737848,1517328,0,2255176,8488148
88.567,737860,1517328,0,2255188,8488148
88.667,737860,1517328,0,2255188,8488148
88.767,737932,1517328,0,2255260,8488148
88.867,737960,1517328,0,2255288,8488148
88.968,737960,1517328,0,2255288,8488148
89.068,737960,1517328,0,2255288,8488148
89.168,737960,1517328,0,2255288,8488148
89.269,737960,1517328,0,2255288,8488148
89.369,737960,1517328,0,2255288,8488148
89.469,737960,1517328,0,2255288,8488148
89.570,737960,1517328,0,2255288,8488148
89.670,737960,1517328,0,2255288,8488148
89.770,737960,1517328,0,2255288,8488148
89.870,737960,1517328,0,2255288,8488148
89.971,737960,1517328,0,2255288,8488148
90.071,737960,1517328,0,2255288,8488148
90.171,737960,1517328,0,2255288,8488148
90.271,737960,1517328,0,2255288,8488148
90.372,737960,1517328,0,2255288,8488148
90.472,737960,1517328,0,2255288,8488148
90.572,737976,1517328,0,2255304,8488148
90.673,738080,1517328,0,2255408,8488148
90.773,738112,1517328,0,2255440,8488148
90.873,738256,1517328,0,2255584,8488148
90.974,738776,1517328,0,2256104,8488148
91.074,748212,1517328,0,2265540,8488148
91.174,759228,1517328,0,2276556,8488148
91.274,759600,1517328,0,2276928,8488148
91.375,761380,1517328,0,2278708,8488148
91.475,765272,1517328,0,2282600,8488148
91.575,769716,1517328,0,2287044,8488148
91.675,771980,1517328,0,2289308,8488148
91.776,775760,1517328,0,2293088,8488148
91.876,779916,1517328,0,2297244,8488148
91.976,785528,1517328,0,2302856,8488148
92.077,789136,1517328,0,2306464,8488148
92.177,806232,1517328,0,2323560,8488148
92.277,807128,1517328,0,2324456,8488148
92.377,814172,1517328,0,2331500,8488148
92.478,819208,1517328,0,2336536,8488148
92.578,820756,1517328,0,2338084,8488148
92.678,826952,1517328,0,2344280,8488148
92.779,831128,1517328,0,2348456,8488148
92.879,833608,1517328,0,2350936,8488148
92.979,839876,1517328,0,2357204,8488148
93.079,843660,1517328,0,2360988,8488148
93.180,848468,1517328,0,2365796,8488148
93.280,852228,1517328,0,2369556,8488148
93.380,856324,1517328,0,2373652,8488148
93.480,859572,1517328,0,2376900,8488148
93.581,863076,1517328,0,2380404,8488148
93.681,867416,1517328,0,2384744,8488148
93.781,870940,1517328,0,2388268,8488148
93.881,877192,1517328,0,2394520,8488148
93.982,886832,1517328,0,2404160,8488148
94.082,888364,1517328,0,2405692,8488148
94.182,891960,1517328,0,2409288,8488148
94.283,896420,1517328,0,2413748,8488148
94.383,902456,1517328,0,2419784,8488148
94.483,906088,1517328,0,2423416,8488148
94.583,910556,1517328,0,2427884,8488148
94.684,914660,1517328,0,2431988,8488148
94.784,919552,1517328,0,2436880,8488148
94.884,923756,1517328,0,2441084,8488148
94.985,928312,1517328,0,2445640,8488148
95.085,932900,1517328,0,2450228,8488148
95.185,939336,1517328,0,2456664,8488148
95.286,944816,1517328,0,2462144,8488148
95.386,949968,1517328,0,2467296,8488148
95.486,953756,1517328,0,2471084,8488148
95.586,963912,1517328,0,2481240,8488148
95.687,966868,1517328,0,2484196,8488148
95.787,969480,1517328,0,2486808,8488148
95.887,976532,1517328,0,2493860,8488148
95.987,979684,1517328,0,2497012,8488148
96.088,984388,1517328,0,2501716,8488148
96.188,989028,1517328,0,2506356,8488148
96.288,993376,1517328,0,2510704,8488148
96.389,1000004,1517328,0,2517332,8488148
96.489,1004092,1517328,0,2521420,8488148
96.589,1004092,1517328,0,2521420,8488148
96.690,1004092,1517328,0,2521420,8488148
96.790,1004092,1517328,0,2521420,8488148
96.890,718248,1517328,0,2235576,8488148
96.990,622892,1517328,0,2140220,8488148
97.091,622892,1517328,0,2140220,8488148
97.191,622892,1517328,0,2140220,8488148
97.291,622892,1517328,0,2140220,8488148
97.391,622892,1517328,0,2140220,8488148
97.492,622892,1517328,0,2140220,8488148
97.592,622892,1517328,0,2140220,8488148
97.692,622892,1517328,0,2140220,8488148
97.793,622892,1517328,0,2140220,8488148
97.893,622892,1517328,0,2140220,8488148
97.993,622892,1517328,0,2140220,8488148
98.093,622892,1517328,0,2140220,8488148
98.194,622892,1517328,0,2140220,8488148
98.294,622892,1517328,0,2140220,8488148
98.394,622892,1517328,0,2140220,8488148
98.495,622892,1517328,0,2140220,8488148
98.595,622892,1517328,0,2140220,8488148
98.695,622892,1517328,0,2140220,8488148
98.795,622892,1517328,0,2140220,8488148
98.896,622892,1517328,0,2140220,8488148
98.996,622892,1517328,0,2140220,8488148
99.096,622892,1517328,0,2140220,8488148
99.197,622892,1517328,0,2140220,8488148
99.297,622892,1517328,0,2140220,8488148
99.397,622892,1517328,0,2140220,8488148
99.497,622892,1517328,0,2140220,8488148
99.598,622892,1517328,0,2140220,8488148
99.698,622892,1517328,0,2140220,8488148
99.798,622892,1517328,0,2140220,8488148
99.898,622892,1517328,0,2140220,8488148
99.999,622892,1517328,0,2140220,8488148
100.099,622892,1517328,0,2140220,8488148
100.199,626964,1517328,0,2144292,8488148
100.299,629808,1517328,0,2147136,8488148
100.400,633732,1517328,0,2151060,8488148
100.500,636460,1517328,0,2153788,8488148
100.600,640352,1517328,0,2157680,8488148
100.701,644424,1517328,0,2161752,8488148
100.801,647380,1517328,0,2164708,8488148
100.901,650964,1517328,0,2168292,8488148
101.001,655120,1517328,0,2172448,8488148
101.102,659144,1517328,0,2176472,8488148
101.202,663512,1517328,0,2180840,8488148
101.302,666344,1517328,0,2183672,8488148
101.402,669628,1517328,0,2186956,8488148
101.503,674588,1517328,0,2191916,8488148
101.603,678204,1517328,0,2195532,8488148
101.703,682436,1517328,0,2199764,8488148
101.803,686948,1517328,0,2204276,8488148
101.903,690708,1517328,0,2208036,8488148
102.004,694860,1517328,0,2212188,8488148
102.104,699332,1517328,0,2216660,8488148
102.204,703728,1517328,0,2221056,8488148
102.305,707956,1517328,0,2225284,8488148
102.405,715288,1517328,0,2232616,8488148
102.505,720700,1517328,0,2238028,8488148
102.605,727240,1517328,0,2244568,8488148
102.706,732772,1517328,0,2250100,8488148
102.806,744016,1517328,0,2261344,8488148
102.906,755848,1517328,0,2273176,8488148
103.006,757600,1517328,0,2274928,8488148
103.106,761620,1517328,0,2278948,8488148
103.207,766272,1517328,0,2283600,8488148
103.307,771168,1517328,0,2288496,8488148
103.407,775712,1517328,0,2293040,8488148
103.507,781080,1517328,0,2298408,8488148
103.608,786080,1517328,0,2303408,8488148
103.708,792224,1517328,0,2309552,8488148
103.808,797892,1517328,0,2315220,8488148
103.908,816272,1517328,0,2333600,8488148
104.009,818464,1517328,0,2335792,8488148
104.109,821712,1517328,0,2339040,8488148
104.209,827356,1517328,0,2344684,8488148
104.310,832264,1517328,0,2349592,8488148
104.410,836028,1517328,0,2353356,8488148
104.510,840476,1517328,0,2357804,8488148
104.610,845528,1517328,0,2362856,8488148
104.711,849976,1517328,0,2367304,8488148
104.811,854896,1517328,0,2372224,8488148
104.911,861072,1517328,0,2378400,8488148
105.011,865984,1517328,0,2383312,8488148
105.111,871324,1517328,0,2388652,8488148
105.212,875024,1517328,0,2392352,8488148
105.312,879416,1517328,0,2396744,8488148
105.412,882924,1517328,0,2400252,8488148
105.512,887280,1517328,0,2404608,8488148
105.613,893584,1517328,0,2410912,8488148
105.713,897564,1517328,0,2414892,8488148
105.813,902844,1517328,0,2420172,8488148
105.913,907656,1517328,0,2424984,8488148
106.014,911732,1517328,0,2429060,8488148
106.114,917332,1517328,0,2434660,8488148
106.214,922068,1517328,0,2439396,8488148
106.314,926284,1517328,0,2443612,8488148
106.415,930428,1517328,0,2447756,8488148
106.515,934296,1517328,0,2451624,8488148
106.615,939548,1517328,0,2456876,8488148
106.715,947644,1517328,0,2464972,8488148
106.816,953288,1517328,0,2470616,8488148
106.916,957708,1517328,0,2475036,8488148
107.016,965036,1517328,0,2482364,8488148
107.116,968484,1517328,0,2485812,8488148
107.217,972988,1517328,0,2490316,8488148
107.317,977616,1517328,0,2494944,8488148
107.417,983028,1517328,0,2500356,8488148
107.517,988240,1517328,0,2505568,8488148
107.618,991508,1517328,0,2508836,8488148
107.718,997440,1517328,0,2514768,8488148
107.818,1005116,1517328,0,2522444,8488148
107.919,1005116,1517328,0,2522444,8488148
108.019,1005116,1517328,0,2522444,8488148
108.119,1005116,1517328,0,2522444,8488148
108.219,1005116,1517328,0,2522444,8488148
108.320,728556,1517328,0,2245884,8488148
108.420,667284,1517328,0,2184612,8488148
108.520,667284,1517328,0,2184612,8488148
108.620,667284,1517328,0,2184612,8488148
108.721,667284,1517328,0,2184612,8488148
108.821,512436,1517328,0,2029764,8488148
108.921,484240,1517328,0,2001568,8488148
109.021,484240,1517328,0,2001568,8488148
109.122,484240,1517328,0,2001568,8488148
109.222,484240,1517328,0,2001568,8488148
109.322,484240,1517328,0,2001568,8488148
109.423,484240,1517328,0,2001568,8488148
109.523,484240,1517328,0,2001568,8488148
109.623,484240,1517328,0,2001568,8488148
109.723,484240,1517328,0,2001568,8488148
109.824,484240,1517328,0,2001568,8488148
109.924,486208,1517328,0,2003536,8488148
110.024,492572,1517328,0,2009900,8488148
110.124,496976,1517328,0,2014304,8488148
110.225,501088,1517328,0,2018416,8488148
110.325,505032,1517328,0,2022360,8488148
110.425,509772,1517328,0,2027100,8488148
110.526,514416,1517328,0,2031744,8488148
110.626,518896,1517328,0,2036224,8488148
110.726,522520,1517328,0,2039848,8488148
110.827,527828,1517328,0,2045156,8488148
110.927,532464,1517328,0,2049792,8488148
111.027,540552,1517328,0,2057880,8488148
111.127,544036,1517328,0,2061364,8488148
111.228,548936,1517328,0,2066264,8488148
111.328,559716,1517328,0,2077044,8488148
111.428,563464,1517328,0,2080792,8488148
111.529,569216,1517328,0,2086544,8488148
111.629,574444,1517328,0,2091772,8488148
111.729,586880,1517328,0,2104208,8488148
111.829,591360,1517328,0,2108688,8488148
111.930,593424,1517328,0,2110752,8488148
112.030,599252,1517328,0,2116580,8488148
112.130,603532,1517328,0,2120860,8488148
112.231,608456,1517328,0,2125784,8488148
112.331,614728,1517328,0,2132056,8488148
112.431,620260,1517328,0,2137588,8488148
112.531,625600,1517328,0,2142928,8488148
112.632,631556,1517328,0,2148884,8488148
112.732,636488,1517328,0,2153816,8488148
112.832,641440,1517328,0,2158768,8488148
112.932,645648,1517328,0,2162976,8488148
113.033,650820,1517328,0,2168148,8488148
113.133,657268,1517328,0,2174596,8488148
113.233,661500,1517328,0,2178828,8488148
113.334,666300,1517328,0,2183628,8488148
113.434,671496,1517328,0,2188824,8488148
113.534,677620,1517328,0,2194948,8488148
113.634,682800,1517328,0,2200128,8488148
113.735,688272,1517328,0,2205600,8488148
113.835,693268,1517328,0,2210596,8488148
113.935,701712,1517328,0,2219040,8488148
114.035,707780,1517328,0,2225108,8488148
114.136,711296,1517328,0,2228624,8488148
114.236,720304,1517328,0,2237632,8488148
114.336,724460,1517328,0,2241788,8488148
114.437,737264,1517328,0,2254592,8488148
114.537,741424,1517328,0,2258752,8488148
114.637,751684,1517328,0,2269012,8488148
114.738,754260,1517328,0,2271588,8488148
114.838,762696,1517328,0,2280024,8488148
114.938,764596,1517328,0,2281924,8488148
115.038,768764,1517328,0,2286092,8488148
115.139,771752,1517328,0,2289080,8488148
115.239,778784,1517328,0,2296112,8488148
115.339,784164,1517328,0,2301492,8488148
115.440,796856,1517328,0,2314184,8488148
115.540,810160,1517328,0,2327488,8488148
115.640,812324,1517328,0,2329652,8488148
115.740,814044,1517328,0,2331372,8488148
115.841,815748,1517328,0,2333076,8488148
115.941,818696,1517328,0,2336024,8488148
116.041,822236,1517328,0,2339564,8488148
116.142,827300,1517328,0,2344628,8488148
116.242,830832,1517328,0,2348160,8488148
116.342,835848,1517328,0,2353176,8488148
116.442,839668,1517328,0,2356996,8488148
116.543,844132,1517328,0,2361460,8488148
116.643,848192,1517328,0,2365520,8488148
116.743,853280,1517328,0,2370608,8488148
116.844,862472,1517328,0,2379800,8488148
116.944,866728,1517328,0,2384056,8488148
117.044,870904,1517328,0,2388232,8488148
117.144,875156,1517328,0,2392484,8488148
117.245,881728,1517328,0,2399056,8488148
117.345,886264,1517328,0,2403592,8488148
117.445,890348,1517328,0,2407676,8488148
117.546,895112,1517328,0,2412440,8488148
117.646,900788,1517328,0,2418116,8488148
117.746,906812,1517328,0,2424140,8488148
117.846,913004,1517328,0,2430332,8488148
117.947,917004,1517328,0,2434332,8488148
118.047,920372,1517328,0,2437700,8488148
118.147,924644,1517328,0,2441972,8488148
118.248,930772,1517328,0,2448100,8488148
118.348,939068,1517328,0,2456396,8488148
118.448,942840,1517328,0,2460168,8488148
118.548,948136,1517328,0,2465464,8488148
118.648,952156,1517328,0,2469484,8488148
118.749,957336,1517328,0,2474664,8488148
118.849,963040,1517328,0,2480368,8488148
118.949,967020,1517328,0,2484348,8488148
119.050,973424,1517328,0,2490752,8488148
119.150,978820,1517328,0,2496148,8488148
119.250,981980,1517328,0,2499308,8488148
119.350,987360,1517328,0,2504688,8488148
119.451,991364,1517328,0,2508692,8488148
119.551,996328,1517328,0,2513656,8488148
119.651,1002700,1517328,0,2520028,8488148
119.751,1005188,1517328,0,2522516,8488148
119.852,1005188,1517328,0,2522516,8488148
119.952,1005188,1517328,0,2522516,8488148
120.052,1005188,1517328,0,2522516,8488148
120.153,656072,1517328,0,2173400,8488148
120.253,484240,1517328,0,2001568,8488148
120.353,484240,1517328,0,2001568,8488148
120.454,484240,1517328,0,2001568,8488148
120.554,484240,1517328,0,2001568,8488148
120.654,484240,1517328,0,2001568,8488148
120.754,484240,1517328,0,2001568,8488148
120.855,484240,1517328,0,2001568,8488148
120.955,484240,1517328,0,2001568,8488148
121.055,484240,1517328,0,2001568,8488148
121.155,484240,1517328,0,2001568,8488148
121.256,484240,1517328,0,2001568,8488148
121.356,484240,1517328,0,2001568,8488148
121.456,484240,1517328,0,2001568,8488148
121.556,484240,1517328,0,2001568,8488148
121.657,484240,1517328,0,2001568,8488148
121.757,487600,1517328,0,2004928,8488148
121.857,492752,1517328,0,2010080,8488148
121.958,496888,1517328,0,2014216,8488148
122.058,502208,1517328,0,2019536,8488148
122.158,505800,1517328,0,2023128,8488148
122.258,510164,1517328,0,2027492,8488148
122.359,514700,1517328,0,2032028,8488148
122.459,519484,1517328,0,2036812,8488148
122.559,523248,1517328,0,2040576,8488148
122.659,528068,1517328,0,2045396,8488148
122.760,532300,1517328,0,2049628,8488148
122.860,539172,1517328,0,2056500,8488148
122.960,544676,1517328,0,2062004,8488148
123.061,555456,1517328,0,2072784,8488148
123.161,558128,1517328,0,2075456,8488148
123.261,563440,1517328,0,2080768,8488148
123.361,568840,1517328,0,2086168,8488148
123.462,578908,1517328,0,2096236,8488148
123.562,583780,1517328,0,2101108,8488148
123.662,588148,1517328,0,2105476,8488148
123.763,593044,1517328,0,2110372,8488148
123.863,599512,1517328,0,2116840,8488148
123.963,605036,1517328,0,2122364,8488148
124.063,609612,1517328,0,2126940,8488148
124.164,616104,1517328,0,2133432,8488148
124.264,621048,1517328,0,2138376,8488148
124.364,627648,1517328,0,2144976,8488148
124.464,631888,1517328,0,2149216,8488148
124.565,636512,1517328,0,2153840,8488148
124.665,643604,1517328,0,2160932,8488148
124.765,646604,1517328,0,2163932,8488148
124.866,651824,1517328,0,2169152,8488148
124.966,656844,1517328,0,2174172,8488148
125.066,661380,1517328,0,2178708,8488148
125.166,667428,1517328,0,2184756,8488148
125.267,672788,1517328,0,2190116,8488148
125.367,679448,1517328,0,2196776,8488148
125.467,683860,1517328,0,2201188,8488148
125.567,689932,1517328,0,2207260,8488148
125.668,696328,1517328,0,2213656,8488148
125.768,705580,1517328,0,2222908,8488148
125.868,709268,1517328,0,2226596,8488148
125.968,719476,1517328,0,2236804,8488148
126.069,729760,1517328,0,2247088,8488148
126.169,733740,1517328,0,2251068,8488148
126.269,741936,1517328,0,2259264,8488148
126.370,744184,1517328,0,2261512,8488148
126.470,748556,1517328,0,2265884,8488148
126.570,753756,1517328,0,2271084,8488148
126.671,772100,1517328,0,2289428,8488148
126.771,774280,1517328,0,2291608,8488148
126.871,778072,1517328,0,2295400,8488148
126.971,785412,1517328,0,2302740,8488148
127.072,789560,1517328,0,2306888,8488148
127.172,794388,1517328,0,2311716,8488148
127.272,799936,1517328,0,2317264,8488148
127.372,804356,1517328,0,2321684,8488148
127.473,810840,1517328,0,2328168,8488148
127.573,815068,1517328,0,2332396,8488148
127.673,820600,1517328,0,2337928,8488148
127.774,824056,1517328,0,2341384,8488148
127.874,828388,1517328,0,2345716,8488148
127.974,833612,1517328,0,2350940,8488148
128.074,838808,1517328,0,2356136,8488148
128.175,843772,1517328,0,2361100,8488148
128.275,848568,1517328,0,2365896,8488148
128.375,853348,1517328,0,2370676,8488148
128.475,859288,1517328,0,2376616,8488148
128.576,867064,1517328,0,2384392,8488148
128.676,871356,1517328,0,2388684,8488148
128.776,876372,1517328,0,2393700,8488148
128.877,883344,1517328,0,2400672,8488148
128.977,889428,1517328,0,2406756,8488148
129.077,897488,1517328,0,2414816,8488148
129.178,900120,1517328,0,2417448,8488148
129.278,906752,1517328,0,2424080,8488148
129.378,912432,1517328,0,2429760,8488148
129.478,916996,1517328,0,2434324,8488148
129.579,922316,1517328,0,2439644,8488148
129.679,925812,1517328,0,2443140,8488148
129.779,932644,1517328,0,2449972,8488148
129.880,937752,1517328,0,2455080,8488148
129.980,940576,1517328,0,2457904,8488148
130.080,947788,1517328,0,2465116,8488148
130.180,955948,1517328,0,2473276,8488148
130.281,958132,1517328,0,2475460,8488148
130.381,963900,1517328,0,2481228,8488148
130.481,976252,1517328,0,2493580,8488148
130.582,982560,1517328,0,2499888,8488148
130.682,985344,1517328,0,2502672,8488148
130.782,989244,1517328,0,2506572,8488148
130.882,999664,1517328,0,2516992,8488148
130.983,1002000,1517328,0,2519328,8488148
131.083,1009220,1517328,0,2526548,8488148
131.183,1029476,1517328,0,2546804,8488148
131.284,1029476,1517328,0,2546804,8488148
131.384,1029476,1517328,0,2546804,8488148
131.484,1029476,1517328,0,2546804,8488148
131.584,964184,1517328,0,2481512,8488148
131.685,964184,1517328,0,2481512,8488148
131.785,964184,1517328,0,2481512,8488148
131.885,964184,1517328,0,2481512,8488148
131.986,964184,1517584,0,2481768,8488148
132.086,964184,1517584,0,2481768,8488148
132.186,964184,1517584,0,2481768,8488148
132.286,964184,1517584,0,2481768,8488148
132.387,964184,1517584,0,2481768,8488148
132.487,964184,1517584,0,2481768,8488148
132.587,964184,1517584,0,2481768,8488148
132.687,964184,1517584,0,2481768,8488148
132.788,964184,1517584,0,2481768,8488148
132.888,964184,1517584,0,2481768,8488148
132.988,964184,1517584,0,2481768,8488148
133.089,964184,1517584,0,2481768,8488148
133.189,964184,1517584,0,2481768,8488148
133.289,964184,1517584,0,2481768,8488148
133.389,964184,1517584,0,2481768,8488148
133.490,964184,1517584,0,2481768,8488148
133.590,964184,1517584,0,2481768,8488148
133.690,964184,1517584,0,2481768,8488148
133.791,964184,1517584,0,2481768,8488148
133.891,964184,1517584,0,2481768,8488148
133.991,964184,1517584,0,2481768,8488148
134.092,964184,1517584,0,2481768,8488148
134.192,964184,1517584,0,2481768,8488148
134.292,964184,1517584,0,2481768,8488148
134.392,964184,1517584,0,2481768,8488148
134.493,964184,1517584,0,2481768,8488148
134.593,964184,1517584,0,2481768,8488148
134.693,964184,1517584,0,2481768,8488148
134.794,964184,1517584,0,2481768,8488148
134.894,964184,1517584,0,2481768,8488148
134.994,964184,1517584,0,2481768,8488148
135.094,964184,1517584,0,2481768,8488148
135.195,964184,1517584,0,2481768,8488148
135.295,964184,1517584,0,2481768,8488148
135.395,964184,1517584,0,2481768,8488148
135.495,964184,1517584,0,2481768,8488148
135.596,964184,1517584,0,2481768,8488148
135.696,964184,1517584,0,2481768,8488148
135.796,964184,1517584,0,2481768,8488148
135.897,964184,1517584,0,2481768,8488148
135.997,964184,1517584,0,2481768,8488148
136.097,964184,1517584,0,2481768,8488148
136.198,964184,1517584,0,2481768,8488148
136.298,964184,1517584,0,2481768,8488148
136.398,964184,1517584,0,2481768,8488148
136.498,964184,1517584,0,2481768,8488148
136.599,964184,1517584,0,2481768,8488148
136.699,964184,1517584,0,2481768,8488148
136.799,964184,1517584,0,2481768,8488148
136.899,964184,1517584,0,2481768,8488148
137.000,964184,1517584,0,2481768,8488148
137.100,964184,1517584,0,2481768,8488148
137.200,964184,1517584,0,2481768,8488148
137.301,964184,1517584,0,2481768,8488148
137.401,964184,1517584,0,2481768,8488148
137.501,964184,1517584,0,2481768,8488148
137.601,964184,1517584,0,2481768,8488148
137.702,964184,1517584,0,2481768,8488148
137.802,964184,1517584,0,2481768,8488148
137.902,964184,1517584,0,2481768,8488148
138.003,964184,1517584,0,2481768,8488148
138.103,964184,1517584,0,2481768,8488148
138.203,964184,1517584,0,2481768,8488148
138.304,964184,1517584,0,2481768,8488148
138.404,964184,1517584,0,2481768,8488148
138.504,964184,1517584,0,2481768,8488148
138.604,964184,1517584,0,2481768,8488148
138.705,964184,1517584,0,2481768,8488148
138.805,964184,1517584,0,2481768,8488148
138.905,964184,1517584,0,2481768,8488148
139.006,964184,1517584,0,2481768,8488148
139.106,964184,1517584,0,2481768,8488148
139.206,964184,1517584,0,2481768,8488148
139.306,964184,1517584,0,2481768,8488148
139.407,964184,1517584,0,2481768,8488148
139.507,964184,1517584,0,2481768,8488148
139.607,964184,1517584,0,2481768,8488148
139.707,964184,1517584,0,2481768,8488148
139.808,964184,1517584,0,2481768,8488148
139.908,964184,1517584,0,2481768,8488148
140.008,964184,1517584,0,2481768,8488148
140.109,964184,1517584,0,2481768,8488148
140.209,964184,1517584,0,2481768,8488148
140.309,964184,1517584,0,2481768,8488148
140.409,964184,1517584,0,2481768,8488148
140.510,964184,1517584,0,2481768,8488148
140.610,964184,1517584,0,2481768,8488148
140.710,964184,1517584,0,2481768,8488148
140.811,964184,1517584,0,2481768,8488148
140.911,964184,1517584,0,2481768,8488148
141.011,964184,1517584,0,2481768,8488148
141.111,964184,1517584,0,2481768,8488148
141.211,964184,1517584,0,2481768,8488148
141.312,964184,1517584,0,2481768,8488148
141.412,964184,1517584,0,2481768,8488148
141.512,964184,1517584,0,2481768,8488148
141.613,964184,1517584,0,2481768,8488148
141.713,964184,1517584,0,2481768,8488148
141.813,964184,1517584,0,2481768,8488148
141.914,964184,1517584,0,2481768,8488148
142.014,964184,1517584,0,2481768,8488148
142.114,964184,1517584,0,2481768,8488148
142.214,964184,1517584,0,2481768,8488148
142.315,964184,1517584,0,2481768,8488148
142.415,964184,1517584,0,2481768,8488148
142.515,964184,1517584,0,2481768,8488148
142.615,964184,1517584,0,2481768,8488148
142.716,964184,1517584,0,2481768,8488148
142.816,964184,1517584,0,2481768,8488148
142.916,964184,1517584,0,2481768,8488148
143.017,964184,1517584,0,2481768,8488148
143.117,964184,1517584,0,2481768,8488148
143.217,964184,1517584,0,2481768,8488148
143.317,964184,1517584,0,2481768,8488148
143.418,964184,1517584,0,2481768,8488148
143.518,964184,1517584,0,2481768,8488148
143.618,964184,1517584,0,2481768,8488148
143.718,964184,1517584,0,2481768,8488148
143.819,964184,1517584,0,2481768,8488148
143.919,964184,1517584,0,2481768,8488148
144.019,964184,1517584,0,2481768,8488148
144.119,964184,1517584,0,2481768,8488148
144.220,964184,1517584,0,2481768,8488148
144.320,964184,1517584,0,2481768,8488148
144.420,964184,1517584,0,2481768,8488148
144.521,964184,1517584,0,2481768,8488148
144.621,964184,1517584,0,2481768,8488148
144.721,964184,1517584,0,2481768,8488148
144.822,964184,1517584,0,2481768,8488148
144.922,964184,1517584,0,2481768,8488148
145.022,964184,1517584,0,2481768,8488148
145.122,964184,1517584,0,2481768,8488148
145.223,964184,1517584,0,2481768,8488148
145.323,964184,1517584,0,2481768,8488148
145.423,964184,1517584,0,2481768,8488148
145.523,964184,1517584,0,2481768,8488148
145.624,964184,1517584,0,2481768,8488148
145.724,964184,1517584,0,2481768,8488148
145.824,964184,1517584,0,2481768,8488148
145.925,964184,1517584,0,2481768,8488148
146.025,964184,1517584,0,2481768,8488148
146.125,964184,1517584,0,2481768,8488148
146.225,964184,1517584,0,2481768,8488148
146.326,964184,1517584,0,2481768,8488148
146.426,964184,1517584,0,2481768,8488148
146.526,964184,1517584,0,2481768,8488148
146.627,964184,1517584,0,2481768,8488148
146.727,964184,1517584,0,2481768,8488148
146.827,964184,1517584,0,2481768,8488148
146.927,964184,1517584,0,2481768,8488148
147.028,964184,1517584,0,2481768,8488148
147.128,964184,1517584,0,2481768,8488148
147.228,964184,1517584,0,2481768,8488148
147.329,964184,1517584,0,2481768,8488148
147.429,964856,1517584,0,2482440,8488148
147.529,964856,1517584,0,2482440,8488148
147.630,964856,1517584,0,2482440,8488148
147.730,964856,1517584,0,2482440,8488148
147.830,964872,1517584,0,2482456,8488148
147.930,964872,1517584,0,2482456,8488148
148.031,964872,1517584,0,2482456,8488148
148.131,964872,1517584,0,2482456,8488148
148.231,964872,1517584,0,2482456,8488148
148.331,964872,1517584,0,2482456,8488148
148.431,964872,1517584,0,2482456,8488148
148.532,964872,1517584,0,2482456,8488148
148.632,964872,1517584,0,2482456,8488148
148.732,964872,1517584,0,2482456,8488148
148.832,964872,1517584,0,2482456,8488148
148.933,964872,1517584,0,2482456,8488148
149.033,964872,1517584,0,2482456,8488148
149.133,964872,1517584,0,2482456,8488148
149.233,964872,1517584,0,2482456,8488148
149.334,964872,1517584,0,2482456,8488148
149.434,964872,1517584,0,2482456,8488148
149.534,964872,1517584,0,2482456,8488148
149.635,964872,1517584,0,2482456,8488148
149.735,964872,1517584,0,2482456,8488148
149.835,964872,1517584,0,2482456,8488148
149.935,964872,1517584,0,2482456,8488148
150.036,964872,1517584,0,2482456,8488148
150.136,964872,1517584,0,2482456,8488148
150.236,964872,1517584,0,2482456,8488148
150.337,964872,1517584,0,2482456,8488148
150.437,964872,1517584,0,2482456,8488148
150.537,964872,1517584,0,2482456,8488148
150.638,964872,1517584,0,2482456,8488148
150.738,964872,1517584,0,2482456,8488148
150.838,964872,1517584,0,2482456,8488148
150.938,964872,1517584,0,2482456,8488148
151.039,964872,1517584,0,2482456,8488148
151.139,964872,1517584,0,2482456,8488148
151.239,964872,1517584,0,2482456,8488148
151.340,964872,1517584,0,2482456,8488148
151.440,964872,1517584,0,2482456,8488148
151.540,964872,1517584,0,2482456,8488148
151.640,964872,1517584,0,2482456,8488148
151.741,964872,1517584,0,2482456,8488148
151.841,964872,1517584,0,2482456,8488148
151.941,964872,1517584,0,2482456,8488148
152.042,964872,1517584,0,2482456,8488148
152.142,964872,1517584,0,2482456,8488148
152.242,964872,1517584,0,2482456,8488148
152.342,964872,1517584,0,2482456,8488148
152.443,964872,1517584,0,2482456,8488148
152.543,964872,1517584,0,2482456,8488148
152.643,964872,1517584,0,2482456,8488148
152.744,964872,1517584,0,2482456,8488148
152.844,964872,1517584,0,2482456,8488148
152.944,964872,1517584,0,2482456,8488148
153.045,964872,1517584,0,2482456,8488148
153.145,964872,1517584,0,2482456,8488148
153.245,964872,1517584,0,2482456,8488148
153.346,964872,1517584,0,2482456,8488148
153.446,964872,1517584,0,2482456,8488148
153.546,964872,1517584,0,2482456,8488148
153.646,964872,1517584,0,2482456,8488148
153.747,964872,1517584,0,2482456,8488148
153.847,964872,1517584,0,2482456,8488148
153.947,964872,1517648,0,2482520,8488148
154.047,964872,1517648,0,2482520,8488148
154.148,964872,1517648,0,2482520,8488148
154.248,964872,1517648,0,2482520,8488148
154.348,964872,1517648,0,2482520,8488148
154.448,964872,1517648,0,2482520,8488148
154.549,964872,1517648,0,2482520,8488148
154.649,964872,1517648,0,2482520,8488148
154.749,964872,1517648,0,2482520,8488148
154.849,964872,1517648,0,2482520,8488148
154.950,964880,1517648,0,2482528,8488148
155.050,964988,1517648,0,2482636,8488148
155.150,964988,1517648,0,2482636,8488148
155.251,965204,1517648,0,2482852,8488148
155.351,965204,1517648,0,2482852,8488148
155.451,966040,1517648,0,2483688,8488148
155.551,968560,1517648,0,2486208,8488148
155.652,968560,1517648,0,2486208,8488148
155.752,971244,1517648,0,2488892,8488148
155.852,978008,1517648,0,2495656,8488148
155.952,979272,1517648,0,2496920,8488148
156.052,985496,1517648,0,2503144,8488148
156.153,992296,1517648,0,2509944,8488148
156.253,1005072,1517648,0,2522720,8488148
156.353,1009148,1517648,0,2526796,8488148
156.454,1023392,1517648,0,2541040,8488148
156.554,1035020,1517648,0,2552668,8488148
156.654,1047168,1517648,0,2564816,8488148
156.754,1076408,1517648,0,2594056,8488148
156.855,1096292,1517648,0,2613940,8488148
156.955,1118012,1517648,0,2635660,8488148
157.055,1160236,1517648,0,2677884,8488148
157.156,1179064,1517648,0,2696712,8488148
157.256,1282360,1517648,0,2800008,8488148
157.356,1388536,1517648,0,2906184,8488148
157.456,1493648,1517648,0,3011296,8488148
157.557,1598660,1517648,0,3116308,8488148
157.657,1677056,1517648,0,3194704,8488148
157.757,1677056,1517648,0,3194704,8488148
157.857,1677056,1517648,0,3194704,8488148
157.958,1677056,1517648,0,3194704,8488148
158.058,1677056,1517648,0,3194704,8488148
158.158,1677056,1517648,0,3194704,8488148
158.259,1677056,1517648,0,3194704,8488148
158.359,1677056,1517648,0,3194704,8488148
158.459,1677056,1517648,0,3194704,8488148
158.559,1677056,1517648,0,3194704,8488148
158.660,1677056,1518160,0,3195216,8488148
158.760,1598928,1518288,0,3117216,8488148
158.860,1598928,1518288,0,3117216,8488148
158.960,1598928,1518336,0,3117264,8488148
159.061,1620836,2041184,0,3662020,8488148
159.161,1642672,2041696,0,3684368,8488148
159.265,1667148,2042016,0,3709164,8488148
159.365,1696944,2042016,0,3738960,8488148
159.465,1717744,2042400,0,3760144,8488148
159.566,1758572,2042464,0,3801036,8488148
159.666,1764116,2042592,0,3806708,8488148
159.766,1765120,2042656,0,3807776,8488148
159.866,1765796,2042848,0,3808644,8488148
159.967,1767040,2042912,0,3809952,8488148
160.067,1776348,2042912,0,3819260,8488148
160.169,1776348,2042912,0,3819260,8488148
160.269,1776760,2042912,0,3819672,8488148
160.369,1776792,2042912,0,3819704,8488148
160.470,1777096,2042912,0,3820008,8488148
160.570,1779528,2042912,0,3822440,8488148
160.670,1781452,2042912,0,3824364,8488148
160.771,1781840,2042976,0,3824816,8488148
160.871,1782392,2042976,0,3825368,8488148
160.973,1786168,2042976,0,3829144,8488148
161.073,1791152,2042976,0,3834128,8488148
161.173,1793104,2042976,0,3836080,8488148
161.274,1793344,2042976,0,3836320,8488148
161.374,1793892,2042976,0,3836868,8488148
161.474,1793892,2042976,0,3836868,8488148
161.577,1794228,2042976,0,3837204,8488148
161.677,1797432,2042976,0,3840408,8488148
161.777,1799992,2042976,0,3842968,8488148
161.878,1800360,2042976,0,3843336,8488148
161.978,1800360,2042976,0,3843336,8488148
162.078,1801644,2042976,0,3844620,8488148
162.178,1801784,2042976,0,3844760,8488148
162.278,1804268,2042976,0,3847244,8488148
162.379,1804272,2042976,0,3847248,8488148
162.479,1804272,2042976,0,3847248,8488148
162.581,1804272,2042976,0,3847248,8488148
162.681,1806120,2042976,0,3849096,8488148
162.782,1807292,2042976,0,3850268,8488148
162.882,1809176,2042976,0,3852152,8488148
162.982,1809176,2042976,0,3852152,8488148
163.082,1809176,2042976,0,3852152,8488148
163.183,1809176,2042976,0,3852152,8488148
163.283,1809176,2042976,0,3852152,8488148
163.383,1809176,2042976,0,3852152,8488148
163.483,1809176,2042976,0,3852152,8488148
163.584,1809176,2042976,0,3852152,8488148
163.684,1809176,2042976,0,3852152,8488148
163.784,1809176,2042976,0,3852152,8488148
163.884,1809176,2042976,0,3852152,8488148
163.984,1809176,2042976,0,3852152,8488148
164.085,1809176,2042976,0,3852152,8488148
164.185,1809176,2042976,0,3852152,8488148
164.285,1809176,2042976,0,3852152,8488148
164.385,1809176,2042976,0,3852152,8488148
164.486,1809176,2042976,0,3852152,8488148
164.586,1809176,2042976,0,3852152,8488148
164.686,1809176,2042976,0,3852152,8488148
164.786,1809176,2042976,0,3852152,8488148
164.887,1809176,2042976,0,3852152,8488148
164.987,1809176,2042976,0,3852152,8488148
165.087,1809176,2042976,0,3852152,8488148
165.187,1809176,2042976,0,3852152,8488148
165.288,1809176,2042976,0,3852152,8488148
165.388,1809176,2042976,0,3852152,8488148
165.488,1809176,2042976,0,3852152,8488148
165.588,1809176,2042976,0,3852152,8488148
165.689,1809176,2042976,0,3852152,8488148
165.789,1809176,2042976,0,3852152,8488148
165.889,1809176,2042976,0,3852152,8488148
165.989,1809176,2042976,0,3852152,8488148
166.090,1809176,2042976,0,3852152,8488148
166.190,1809176,2042976,0,3852152,8488148
166.290,1809176,2042976,0,3852152,8488148
166.390,1809176,2042976,0,3852152,8488148
166.490,1809176,2042976,0,3852152,8488148
166.591,1809176,2042976,0,3852152,8488148
166.691,1809176,2042976,0,3852152,8488148
166.791,1809176,2042976,0,3852152,8488148
166.891,1809176,2042976,0,3852152,8488148
166.991,1809176,2042976,0,3852152,8488148
167.092,1809176,2042976,0,3852152,8488148
167.192,1809176,2055200,0,3864376,8488148
167.292,1809176,2167392,0,3976568,8488148
167.393,1809176,2274464,0,4083640,8488148
167.493,1809176,2042976,0,3852152,8488148
167.597,1809176,2567568,0,4376744,8488148
167.697,1809176,2567568,0,4376744,8488148
167.797,1809176,2567568,0,4376744,8488148
167.898,1809176,2567568,0,4376744,8488148
167.998,1809176,2567568,0,4376744,8488148
168.098,1809176,2567568,0,4376744,8488148
168.198,1809176,2567568,0,4376744,8488148
168.299,1809176,2567568,0,4376744,8488148
168.399,1809176,2567568,0,4376744,8488148
168.499,1809176,2567568,0,4376744,8488148
168.599,1809176,2567568,0,4376744,8488148
168.699,1809176,2567568,0,4376744,8488148
168.800,1809176,2567568,0,4376744,8488148
168.900,1809176,2567568,0,4376744,8488148
169.000,1809176,2567568,0,4376744,8488148
169.100,1809176,2567568,0,4376744,8488148
169.201,1809176,2567568,0,4376744,8488148
169.301,1809176,2567568,0,4376744,8488148
169.401,1809176,2567568,0,4376744,8488148
169.501,1809176,2567568,0,4376744,8488148
169.602,1809176,2567568,0,4376744,8488148
169.702,1809176,2567568,0,4376744,8488148
169.802,1809176,2567568,0,4376744,8488148
169.902,1809176,2567568,0,4376744,8488148
170.002,1809176,2567568,0,4376744,8488148
170.103,1809176,2567568,0,4376744,8488148
170.203,1809176,2567568,0,4376744,8488148
170.303,1809176,2567568,0,4376744,8488148
170.404,1809176,2567568,0,4376744,8488148
170.504,1809176,2567568,0,4376744,8488148
170.604,1809176,2567568,0,4376744,8488148
170.704,1809176,2612880,0,4422056,8488148
170.805,1809176,6395856,0,8205032,8488148
170.909,1809176,9463440,0,11272616,11272616
171.009,1809176,9685328,0,11494504,11494504
171.109,1809176,9795792,0,11604968,11604968
171.210,1809176,9887760,0,11696936,11696936
171.310,1809176,9973904,0,11783080,11783080
171.410,1809176,10044560,0,11853736,11853736
171.510,1809176,10104208,0,11913384,11913384
171.613,1809176,10160400,0,11969576,11969576
171.713,1810716,10211856,0,12022572,12022572
171.813,1810932,10251344,0,12062276,12062276
171.914,1814792,10285452,0,12100244,12100244
172.014,1820168,10319756,0,12139924,12139924
172.114,1828116,10350284,0,12178400,12178400
172.217,1839800,10377420,0,12217220,12217220
172.317,1852048,10403020,0,12255068,12255068
172.417,1863552,10425868,0,12289420,12289420
172.521,1876776,10449996,0,12326772,12326772
172.621,1889112,10468812,0,12357924,12357924
172.721,1901408,10487500,0,12388908,12388908
172.822,1923720,10505740,0,12429460,12429460
172.922,1945732,10524620,0,12470352,12470352
173.022,1966500,10542348,0,12508848,12508848
173.122,1976604,10560204,0,12536808,12536808
173.223,1995812,10573772,0,12569584,12569584
173.325,2006588,10588108,0,12594696,12594696
173.425,2017632,10602124,0,12619756,12619756
173.529,2038944,10613772,0,12652716,12652716
173.629,2069256,10624652,0,12693908,12693908
173.729,2077920,10632972,0,12710892,12710892
173.830,2097456,10643852,0,12741308,12741308
173.930,2110536,10653004,0,12763540,12763540
174.030,2140732,10658188,0,12798920,12798920
174.133,2149788,10663372,0,12813160,12813160
174.233,2168416,10666892,0,12835308,12835308
174.333,2176572,10672908,0,12849480,12849480
174.434,2195032,10679692,0,12874724,12874724
174.534,2203832,10685324,0,12889156,12889156
174.637,2212136,10691020,0,12903156,12903156
174.737,2223336,10697484,0,12920820,12920820
174.837,2233532,10702860,0,12936392,12936392
174.938,2245436,10707020,0,12952456,12952456
175.041,2268500,10709772,0,12978272,12978272
175.141,2264612,10712844,0,12977456,12984524
175.241,2273904,10717004,0,12990908,12990908
175.342,2283176,10720460,0,13003636,13003636
175.442,2292068,10724428,0,13016496,13016496
175.542,2300760,10727436,0,13028196,13028196
175.642,2310084,10731340,0,13041424,13041424
175.743,2317876,10736140,0,13054016,13054016
175.845,2326596,10739148,0,13065744,13065744
175.945,2341400,10740940,0,13082340,13082340
176.045,2353104,10742540,0,13095644,13095644
176.146,2352804,10744268,0,13097072,13097388
176.246,2354488,10745996,0,13100484,13107204
176.346,2350976,10747788,0,13098764,13109380
176.446,2331944,10751500,0,13083444,13109380
176.547,2334980,10754124,0,13089104,13109380
176.647,2322164,10766668,0,13088832,13109380
176.747,2324924,10776076,0,13101000,13109380
176.847,2338404,10782860,0,13121264,13121264
176.948,2343468,10789068,0,13132536,13132536
177.048,2304216,10795660,0,13099876,13134760
177.149,2305228,10800076,0,13105304,13134760
177.253,2306548,10804748,0,13111296,13134760
177.353,2312868,10809036,0,13121904,13134760
177.457,2314224,10813708,0,13127932,13134760
177.557,2291928,10817228,0,13109156,13134760
177.657,2292028,10820492,0,13112520,13134760
177.758,2292160,10823820,0,13115980,13134760
177.858,2292216,10827020,0,13119236,13134760
177.958,2292676,10832524,0,13125200,13134760
178.058,2293684,10835020,0,13128704,13134760
178.159,2294616,10838028,0,13132644,13134760
178.261,2295536,10842124,0,13137660,13137660
178.361,2297132,10844684,0,13141816,13141816
178.461,2299976,10847436,0,13147412,13147412
178.562,2301556,10849164,0,13150720,13150720
178.662,2302724,10851084,0,13153808,13153808
178.765,2304400,10853132,0,13157532,13157532
178.865,2305544,10855116,0,13160660,13160660
178.966,2306932,10856204,0,13163136,13163136
179.066,2308708,10858060,0,13166768,13166768
179.169,2310320,10861900,0,13172220,13172220
179.269,2312584,10863628,0,13176212,13176212
179.369,2315320,10864844,0,13180164,13180164
179.470,2318704,10865612,0,13184316,13184316
179.570,2322004,10866636,0,13188640,13188640
179.673,2324852,10868364,0,13193216,13193216
179.773,2331380,10870348,0,13201728,13201728
179.873,2337596,10872652,0,13210248,13210248
179.974,2327388,10874700,0,13202088,13211916
180.074,2332632,10875724,0,13208356,13211916
180.174,2338080,10879948,0,13218028,13218028
180.274,2345508,10884748,0,13230256,13230256
180.375,2327584,10887692,0,13215276,13229512
180.475,2316256,10890892,0,13207148,13229512
180.575,2318268,10893452,0,13211720,13229512
180.677,2320096,10896140,0,13216236,13229512
180.777,2321592,10897740,0,13219332,13229512
180.877,2323488,10899532,0,13223020,13229512
180.978,2325348,10901580,0,13226928,13229512
181.078,2327752,10903372,0,13231124,13231124
181.181,2330280,10904972,0,13235252,13235252
181.281,2332872,10906444,0,13239316,13239316
181.381,2335744,10907532,0,13243276,13243276
181.482,2338528,10908172,0,13246700,13246700
181.582,2340804,10909836,0,13250640,13250640
181.685,2343468,10911052,0,13254520,13254520
181.785,2352776,10911564,0,13264340,13264340
181.885,2354784,10912332,0,13267116,13267116
181.986,2343608,10913228,0,13256836,13270164
182.086,2344776,10916044,0,13260820,13270164
182.186,2331628,10917196,0,13248824,13270164
182.286,2331972,10918604,0,13250576,13270164
182.387,2316244,10919692,0,13235936,13270164
182.489,2316380,10920460,0,13236840,13270164
182.589,2316548,10921420,0,13237968,13270164
182.689,2317076,10922444,0,13239520,13270164
182.790,2320068,10923596,0,13243664,13270164
182.890,2324164,10925068,0,13249232,13270164
182.993,2316924,10926476,0,13243400,13270164
183.093,2317832,10927756,0,13245588,13270164
183.193,2318704,10928588,0,13247292,13270164
183.294,2318912,10929228,0,13248140,13270164
183.394,2319260,10929676,0,13248936,13270164
183.497,2319496,10930252,0,13249748,13270164
183.597,2320032,10930572,0,13250604,13270164
183.697,2320812,10931212,0,13252024,13270164
183.801,2321488,10932044,0,13253532,13270164
183.901,2322372,10932364,0,13254736,13270164
184.001,2323424,10932940,0,13256364,13270164
184.102,2324368,10933900,0,13258268,13270164
184.202,2325648,10934988,0,13260636,13270164
184.302,2326936,10936076,0,13263012,13270164
184.403,2328960,10937036,0,13265996,13270164
184.505,2331060,10937932,0,13268992,13270164
184.605,2333836,10938380,0,13272216,13272216
184.706,2336400,10939020,0,13275420,13275420
184.806,2342544,10939276,0,13281820,13281820
184.906,2346752,10939276,0,13286028,13286028
185.006,2331920,10939340,0,13271260,13286108
185.106,2337668,10940044,0,13277712,13286108
185.209,2341688,10940492,0,13282180,13286108
185.309,2329732,10940876,0,13270608,13286108
185.413,2330864,10941196,0,13272060,13286108
185.513,2332604,10941324,0,13273928,13286108
185.613,2334552,10941388,0,13275940,13286108
185.714,2341892,10941388,0,13283280,13286108
185.814,2343276,10941900,0,13285176,13286108
185.914,2328400,10942348,0,13270748,13286108
186.014,2329112,10942604,0,13271716,13286108
186.115,2330108,10942988,0,13273096,13286108
186.215,2330840,10943308,0,13274148,13286108
186.315,2331764,10943500,0,13275264,13286108
186.417,2332776,10943564,0,13276340,13286108
186.517,2333676,10943692,0,13277368,13286108
186.617,2334484,10943884,0,13278368,13286108
186.718,2335492,10944076,0,13279568,13286108
186.818,2337052,10944204,0,13281256,13286108
186.918,2343068,10944332,0,13287400,13287400
187.021,2351744,10944844,0,13296588,13296588
187.121,2327004,10945100,0,13272104,13296104
187.221,2327816,10945356,0,13273172,13296104
187.322,2328532,10945548,0,13274080,13296104
187.422,2329304,10946700,0,13276004,13296104
187.525,2330192,10947340,0,13277532,13296104
187.625,2331272,10947660,0,13278932,13296104
187.725,2332328,10948044,0,13280372,13296104
187.826,2333188,10948300,0,13281488,13296104
187.929,2339836,10948492,0,13288328,13296104
188.029,2340636,10949196,0,13289832,13296104
188.130,2326244,10949516,0,13275760,13296104
188.230,2326276,10949708,0,13275984,13296104
188.330,2326308,10949836,0,13276144,13296104
188.430,2326340,10950220,0,13276560,13296104
188.530,2326380,10950476,0,13276856,13296104
188.631,2326460,10950476,0,13276936,13296104
188.733,2326744,10950604,0,13277348,13296104
188.833,2326748,10950860,0,13277608,13296104
188.933,2326776,10950860,0,13277636,13296104
189.034,2326808,10950988,0,13277796,13296104
189.134,2326936,10951052,0,13277988,13296104
189.234,2327324,10951052,0,13278376,13296104
189.334,2328740,10951180,0,13279920,13296104
189.437,2330752,10951436,0,13282188,13296104
189.537,2332564,10951564,0,13284128,13296104
189.637,2334976,10951756,0,13286732,13296104
189.738,2337476,10951820,0,13289296,13296104
189.838,2339828,10951820,0,13291648,13296104
189.938,2342428,10951820,0,13294248,13296104
190.038,2349508,10951884,0,13301392,13301392
190.141,2352592,10951948,0,13304540,13304540
190.241,2343928,10952076,0,13296004,13304172
190.341,2347088,10952076,0,13299164,13304172
190.442,2349536,10952076,0,13301612,13304172
190.542,2358092,10952140,0,13310232,13310232
190.642,2362824,10952204,0,13315028,13315028
190.745,2349400,10952204,0,13301604,13315168
190.845,2334380,10952268,0,13286648,13315168
190.945,2335424,10952332,0,13287756,13315168
191.046,2336804,10952396,0,13289200,13315168
191.146,2337648,10952524,0,13290172,13315168
191.246,2338540,10952524,0,13291064,13315168
191.346,2339500,10952588,0,13292088,13315168
191.446,2341460,10952652,0,13294112,13315168
191.547,2343624,10953036,0,13296660,13315168
191.647,2346912,10953100,0,13300012,13315168
191.747,2349348,10953164,0,13302512,13315168
191.847,2352612,10953228,0,13305840,13315168
191.947,2358712,10953228,0,13311940,13315168
192.053,2370740,10953228,0,13323968,13323968
192.153,2364336,10953228,0,13317564,13323756
192.253,2354952,10953420,0,13308372,13323756
192.354,2362856,10953484,0,13316340,13323756
192.454,2363468,10953740,0,13317208,13323756
192.554,2364268,10953804,0,13318072,13323756
192.654,2365080,10953868,0,13318948,13323756
192.755,2369828,10953932,0,13323760,13323760
192.855,2372128,10953996,0,13326124,13326124
192.955,2354532,10953996,0,13308528,13325136
193.055,2354624,10953996,0,13308620,13325136
193.157,2354624,10954060,0,13308684,13325136
193.257,2354624,10954060,0,13308684,13325136
193.357,2354624,10954252,0,13308876,13325136
193.458,2355188,10954252,0,13309440,13325136
193.558,2355948,10954252,0,13310200,13325136
193.661,2356684,10954252,0,13310936,13325136
193.761,2357520,10954252,0,13311772,13325136
193.861,2358328,10954252,0,13312580,13325136
193.962,2359112,10954252,0,13313364,13325136
194.062,2359940,10954252,0,13314192,13325136
194.162,2360788,10954252,0,13315040,13325136
194.262,2361516,10954316,0,13315832,13325136
194.365,2362240,10954316,0,13316556,13325136
194.465,2363476,10954316,0,13317792,13325136
194.565,2370636,10954316,0,13324952,13325136
194.666,2371692,10954316,0,13326008,13326008
194.766,2357464,10954380,0,13311844,13325136
194.866,2359248,10954444,0,13313692,13325136
194.969,2360760,10954508,0,13315268,13325136
195.069,2362260,10954508,0,13316768,13325136
195.169,2364028,10954508,0,13318536,13325136
195.270,2368184,10954572,0,13322756,13325136
195.370,2372936,10954572,0,13327508,13327508
195.470,2363192,10954572,0,13317764,13327172
195.573,2370092,10954636,0,13324728,13327172
195.673,2355200,10954700,0,13309900,13327172
195.773,2355200,10954700,0,13309900,13327172
195.874,2355200,10954700,0,13309900,13327172
195.974,2355200,10954700,0,13309900,13327172
196.074,2355200,10954700,0,13309900,13327172
196.175,2355212,10954700,0,13309912,13327172
196.277,2356224,10954700,0,13310924,13327172
196.377,2356664,10954700,0,13311364,13327172
196.477,2357536,10954700,0,13312236,13327172
196.578,2358416,10954700,0,13313116,13327172
196.681,2362116,10954700,0,13316816,13327172
196.781,2366400,10954700,0,13321100,13327172
196.881,2366584,10954764,0,13321348,13327172
196.982,2356108,10954764,0,13310872,13327172
197.085,2356316,10954764,0,13311080,13327172
197.185,2356592,10954828,0,13311420,13327172
197.285,2356832,10954828,0,13311660,13327172
197.386,2356996,10954828,0,13311824,13327172
197.486,2357356,10954828,0,13312184,13327172
197.586,2357684,10954828,0,13312512,13327172
197.686,2358840,10954828,0,13313668,13327172
197.787,2360196,10954828,0,13315024,13327172
197.889,2360204,10954828,0,13315032,13327172
197.989,2360204,10954828,0,13315032,13327172
198.089,2360204,10954828,0,13315032,13327172
198.190,2360204,10954828,0,13315032,13327172
198.290,2360384,10954892,0,13315276,13327172
198.390,2366968,10954892,0,13321860,13327172
198.490,2366968,10955020,0,13321988,13327172
198.593,2360304,10955020,0,13315324,13327172
198.693,2361544,10955084,0,13316628,13327172
198.793,2363476,10955148,0,13318624,13327172
198.894,2365076,10955212,0,13320288,13327172
198.994,2366872,10955212,0,13322084,13327172
199.094,2368724,10955212,0,13323936,13327172
199.194,2370508,10955276,0,13325784,13327172
199.295,2372084,10955340,0,13327424,13327424
199.397,2394520,10955468,0,13349988,13349988
199.497,2395688,10955468,0,13351156,13351156
199.597,2396580,10955468,0,13352048,13352048
199.701,2403892,10955468,0,13359360,13359360
199.801,2404904,10955468,0,13360372,13360372
199.901,2388976,10955468,0,13344444,13360032
200.002,2394488,10955468,0,13349956,13360032
200.102,2405168,10955468,0,13360636,13360636
200.202,2395676,10955468,0,13351144,13362100
200.302,2363196,10955596,0,13318792,13362100
200.403,2364032,10955660,0,13319692,13362100
200.503,2372008,10955788,0,13327796,13362100
200.603,2366468,10955852,0,13322320,13362100
200.703,2367412,10955852,0,13323264,13362100
200.805,2368172,10955916,0,13324088,13362100
200.905,2368804,10955916,0,13324720,13362100
201.006,2375316,10955916,0,13331232,13362100
201.109,2361604,10955980,0,13317584,13362100
201.209,2361764,10956044,0,13317808,13362100
201.309,2362064,10956044,0,13318108,13362100
201.410,2362408,10956044,0,13318452,13362100
201.510,2363196,10956044,0,13319240,13362100
201.613,2364328,10956044,0,13320372,13362100
201.713,2365568,10956044,0,13321612,13362100
201.813,2366112,10956108,0,13322220,13362100
201.917,2366960,10956108,0,13323068,13362100
202.017,2367732,10956108,0,13323840,13362100
202.117,2369100,10956172,0,13325272,13362100
202.218,2371680,10956236,0,13327916,13362100
202.318,2374340,10956236,0,13330576,13362100
202.421,2383648,10956236,0,13339884,13362100
202.521,2387376,10956236,0,13343612,13362100
202.621,2382720,10956428,0,13339148,13362100
202.722,2381972,10956492,0,13338464,13362100
202.822,2382948,10956620,0,13339568,13362100
202.922,2366480,10956620,0,13323100,13362100
203.025,2370128,10956620,0,13326748,13362100
203.125,2374116,10956620,0,13330736,13362100
203.225,2363628,10956684,0,13320312,13362100
203.326,2363628,10956748,0,13320376,13362100
203.426,2363628,10956748,0,13320376,13362100
203.526,2363628,10956748,0,13320376,13362100
203.627,2363628,10956748,0,13320376,13362100
203.727,2363628,10956748,0,13320376,13362100
203.827,2363628,10956748,0,13320376,13362100
203.928,2364144,10956748,0,13320892,13362100
204.028,2365280,10956748,0,13322028,13362100
204.128,2366180,10956748,0,13322928,13362100
204.229,2387212,10956748,0,13343960,13362100
204.329,2387276,10956748,0,13344024,13362100
204.429,2387512,10956748,0,13344260,13362100
204.529,2388768,10956748,0,13345516,13362100
204.630,2395932,10956748,0,13352680,13362100
204.730,2395996,10956748,0,13352744,13362100
204.830,2388096,10956748,0,13344844,13362100
204.931,2389948,10956748,0,13346696,13362100
205.031,2392116,10956748,0,13348864,13362100
205.131,2395276,10956748,0,13352024,13362100
205.231,2418944,10956748,0,13375692,13375692
205.332,2421468,10956748,0,13378216,13378216
205.432,2424260,10956748,0,13381008,13381008
205.532,2433976,10956748,0,13390724,13390724
205.632,2436096,10956748,0,13392844,13392844
205.733,2402648,10956748,0,13359396,13392908
205.833,2404700,10956748,0,13361448,13392908
205.933,2410940,10956748,0,13367688,13392908
206.034,2414284,10956748,0,13371032,13392908
206.134,2409584,10956748,0,13366332,13392908
206.234,2397864,10956748,0,13354612,13392908
206.334,2397864,10956748,0,13354612,13392908
206.435,2364192,10956748,0,13320940,13392908
206.535,2365592,10956748,0,13322340,13392908
206.635,2367564,10956748,0,13324312,13392908
206.735,2374664,10956748,0,13331412,13392908
206.836,2375488,10956748,0,13332236,13392908
206.936,2379532,10956748,0,13336280,13392908
207.036,2382596,10956748,0,13339344,13392908
207.137,2382596,10956748,0,13339344,13392908
207.237,2382596,10956748,0,13339344,13392908
207.337,2382596,10956748,0,13339344,13392908
207.437,2382596,10956748,0,13339344,13392908
207.538,2382596,10956748,0,13339344,13392908
207.638,2382596,10956748,0,13339344,13392908
207.738,2382596,10956748,0,13339344,13392908
207.838,2382596,10956748,0,13339344,13392908
207.939,2382596,10956748,0,13339344,13392908
208.039,2382596,10956748,0,13339344,13392908
208.139,2382596,10956748,0,13339344,13392908
208.239,2382596,10956748,0,13339344,13392908
208.339,2382596,10956748,0,13339344,13392908
208.440,2382596,10956748,0,13339344,13392908
208.540,2382596,10956748,0,13339344,13392908
208.640,2382596,10956748,0,13339344,13392908
208.740,2382596,10956748,0,13339344,13392908
208.841,2382596,10956748,0,13339344,13392908
208.941,2382596,10956748,0,13339344,13392908
209.041,2382596,10956748,0,13339344,13392908
209.141,2382596,10956748,0,13339344,13392908
209.242,2382596,10956748,0,13339344,13392908
209.342,2382596,10956748,0,13339344,13392908
209.442,2382596,10956748,0,13339344,13392908
209.542,2382596,10956748,0,13339344,13392908
209.643,2382596,10956748,0,13339344,13392908
209.743,2382596,10956748,0,13339344,13392908
209.843,2382596,10956748,0,13339344,13392908
209.943,2382596,10956748,0,13339344,13392908
210.044,2382596,10956748,0,13339344,13392908
210.144,2382596,10956748,0,13339344,13392908
210.244,2382596,10956748,0,13339344,13392908
210.344,2382596,10956748,0,13339344,13392908
210.445,2382596,10956748,0,13339344,13392908
210.545,2382596,10956748,0,13339344,13392908
210.645,2382596,10956748,0,13339344,13392908
210.746,2382596,10956748,0,13339344,13392908
210.846,2382596,10956748,0,13339344,13392908
210.946,2382596,10956748,0,13339344,13392908
211.046,2382596,10956748,0,13339344,13392908
211.147,2382596,10956748,0,13339344,13392908
211.247,2382596,10956748,0,13339344,13392908
211.347,2382596,10956748,0,13339344,13392908
211.447,2382596,10956748,0,13339344,13392908
211.547,2382596,10956748,0,13339344,13392908
211.648,2382596,10956748,0,13339344,13392908
211.748,2382596,10956748,0,13339344,13392908
211.848,2382596,10956748,0,13339344,13392908
211.948,2382596,10956748,0,13339344,13392908
212.049,2382596,10956748,0,13339344,13392908
212.149,2382596,10956748,0,13339344,13392908
212.249,2382596,10956748,0,13339344,13392908
212.349,2382596,10956748,0,13339344,13392908
212.450,2382596,10956748,0,13339344,13392908
212.550,2382596,10956748,0,13339344,13392908
212.650,2382596,10956748,0,13339344,13392908
212.751,2382596,10956748,0,13339344,13392908
212.851,2382596,10956748,0,13339344,13392908
212.951,2382596,10956748,0,13339344,13392908
213.051,2382596,10956748,0,13339344,13392908
213.152,2382596,10956748,0,13339344,13392908
213.252,2382596,10956748,0,13339344,13392908
213.352,2382596,10956748,0,13339344,13392908
213.452,2382596,10956748,0,13339344,13392908
213.553,2382596,10956748,0,13339344,13392908
213.653,2382596,10956748,0,13339344,13392908
213.753,2382596,10956748,0,13339344,13392908
213.853,2382596,10956748,0,13339344,13392908
213.954,2382596,10956748,0,13339344,13392908
214.054,2382596,10956748,0,13339344,13392908
214.154,2382596,10956748,0,13339344,13392908
214.254,2382596,10956748,0,13339344,13392908
214.354,2382596,10956748,0,13339344,13392908
214.455,2382596,10956748,0,13339344,13392908
214.555,2382596,10956748,0,13339344,13392908
214.655,2382596,10956748,0,13339344,13392908
214.755,2382596,10956748,0,13339344,13392908
214.856,2382596,10956748,0,13339344,13392908
214.956,2382596,10956748,0,13339344,13392908
215.056,2382596,10956748,0,13339344,13392908
215.156,2382596,10956748,0,13339344,13392908
215.257,2382596,10956748,0,13339344,13392908
215.357,2382596,10956748,0,13339344,13392908
215.457,2382596,10956748,0,13339344,13392908
215.558,2382596,10956748,0,13339344,13392908
215.658,2382596,10956748,0,13339344,13392908
215.758,2382596,10956748,0,13339344,13392908
215.858,2382596,10956492,0,13339088,13392908
215.958,2382596,10956492,0,13339088,13392908
216.059,2382596,10956492,0,13339088,13392908
216.159,2382596,10956236,0,13338832,13392908
216.259,2382596,10956236,0,13338832,13392908
216.359,2382596,10956236,0,13338832,13392908
216.460,2382596,10956236,0,13338832,13392908
216.560,2382596,10956236,0,13338832,13392908
216.660,2382596,10956236,0,13338832,13392908
216.760,2382596,10956236,0,13338832,13392908
216.860,2382596,10956236,0,13338832,13392908
216.961,2382596,10956236,0,13338832,13392908
217.061,2382596,10956236,0,13338832,13392908
217.161,2382596,10956236,0,13338832,13392908
217.262,2382596,10956236,0,13338832,13392908
217.362,2382596,10956236,0,13338832,13392908
217.462,2382596,10956236,0,13338832,13392908
217.562,2382596,10956236,0,13338832,13392908
217.663,2382596,10955724,0,13338320,13392908
217.763,2382596,10955724,0,13338320,13392908
217.863,2382596,10955724,0,13338320,13392908
217.963,2382596,10955724,0,13338320,13392908
218.064,2382596,10955724,0,13338320,13392908
218.164,2382596,10955724,0,13338320,13392908
218.264,2382596,10955724,0,13338320,13392908
218.364,2382596,10955724,0,13338320,13392908
218.465,2382596,10955724,0,13338320,13392908
218.565,2382596,10955724,0,13338320,13392908
218.665,2382596,10955724,0,13338320,13392908
218.766,2382596,10955724,0,13338320,13392908
218.866,2382596,10955724,0,13338320,13392908
218.966,2382596,10955724,0,13338320,13392908
219.066,2382596,10955724,0,13338320,13392908
219.167,2382596,10955724,0,13338320,13392908
219.267,2382596,10955724,0,13338320,13392908
219.367,2382596,10955724,0,13338320,13392908
219.467,2382596,10955724,0,13338320,13392908
219.568,2382596,10955724,0,13338320,13392908
219.668,2382596,10955500,0,13338096,13392908
219.768,2382596,10955500,0,13338096,13392908
219.868,2382596,10955500,0,13338096,13392908
219.969,2382596,10955500,0,13338096,13392908
220.069,2382596,10955500,0,13338096,13392908
220.169,2382596,10955500,0,13338096,13392908
220.269,2382596,10955500,0,13338096,13392908
220.370,2382596,10955500,0,13338096,13392908
220.470,2382596,10955500,0,13338096,13392908
220.570,2382596,10955500,0,13338096,13392908
220.670,2382596,10955500,0,13338096,13392908
220.771,2382596,10955500,0,13338096,13392908
220.871,2382596,10955500,0,13338096,13392908
220.971,2382596,10955500,0,13338096,13392908
221.071,2382596,10955500,0,13338096,13392908
221.172,2382596,10955500,0,13338096,13392908
221.272,2382596,10955500,0,13338096,13392908
221.372,2382596,10955500,0,13338096,13392908
221.472,2382596,10955500,0,13338096,13392908
221.573,2382596,10955500,0,13338096,13392908
221.673,2382596,10955500,0,13338096,13392908
221.773,2382596,10955500,0,13338096,13392908
221.874,2382596,10955500,0,13338096,13392908
221.974,2382596,10955500,0,13338096,13392908
222.074,2382596,10955500,0,13338096,13392908
222.174,2382596,10955500,0,13338096,13392908
222.275,2382596,10955500,0,13338096,13392908
222.375,2382596,10955500,0,13338096,13392908
222.475,2382596,10955500,0,13338096,13392908
222.575,2382596,10955500,0,13338096,13392908
222.675,2382596,10955500,0,13338096,13392908
222.776,2382596,10955500,0,13338096,13392908
222.876,2382596,10955500,0,13338096,13392908
222.976,2382596,10955500,0,13338096,13392908
223.077,2382596,10955500,0,13338096,13392908
223.177,2382596,10955500,0,13338096,13392908
223.277,2382596,10955500,0,13338096,13392908
223.377,2382596,10955500,0,13338096,13392908
223.478,2382596,10955500,0,13338096,13392908
223.578,2382596,10955500,0,13338096,13392908
223.678,2382596,10955500,0,13338096,13392908
223.778,2382596,10955500,0,13338096,13392908
223.879,2382596,10955500,0,13338096,13392908
223.979,2382596,10955500,0,13338096,13392908
224.079,2382596,10955500,0,13338096,13392908
224.180,2382596,10955500,0,13338096,13392908
224.280,2382596,10955500,0,13338096,13392908
224.380,2382596,10955500,0,13338096,13392908
224.480,2382596,10955500,0,13338096,13392908
224.580,2382596,10955500,0,13338096,13392908
224.681,2382596,10955500,0,13338096,13392908
224.781,2382596,10955500,0,13338096,13392908
224.881,2382596,10955500,0,13338096,13392908
224.982,2382596,10955500,0,13338096,13392908
225.082,2382596,10955500,0,13338096,13392908
225.182,2382596,10955500,0,13338096,13392908
225.283,2382596,10955500,0,13338096,13392908
225.383,2382596,10955500,0,13338096,13392908
225.483,2382596,10955500,0,13338096,13392908
225.583,2382596,10955500,0,13338096,13392908
225.683,2382596,10955500,0,13338096,13392908
225.784,2382596,10955500,0,13338096,13392908
225.884,2382596,10955500,0,13338096,13392908
225.984,2382596,10955500,0,13338096,13392908
226.085,2382596,11022508,0,13405104,13405104
226.185,2382596,11169420,0,13552016,13552016
226.285,2382596,11329548,0,13712144,13712144
226.385,2382596,11479052,0,13861648,13861648
226.486,2382596,11640844,0,14023440,14023440
226.586,2382596,11829324,0,14211920,14211920
226.686,2382596,12035596,0,14418192,14418192
226.787,2382596,12242316,0,14624912,14624912
226.887,2382596,10955020,0,13337616,14628568
226.987,2382596,10955020,0,13337616,14628568
227.087,2382596,10955020,0,13337616,14628568
227.188,2382596,10955020,0,13337616,14628568
227.288,2382596,10955020,0,13337616,14628568
227.388,2382596,10955020,0,13337616,14628568
227.489,2382596,10955020,0,13337616,14628568
227.589,2382596,10955020,0,13337616,14628568
227.689,2382596,10955020,0,13337616,14628568
227.789,2382596,10955020,0,13337616,14628568
227.890,2382596,11019116,0,13401712,14628568
227.990,2382596,11019708,0,13402304,14628568
228.090,2382596,11020028,0,13402624,14628568
228.190,2382596,11020028,0,13402624,14628568
228.291,2382596,11020028,0,13402624,14628568
228.393,2382596,11020092,0,13402688,14628568
228.493,2382596,11020348,0,13402944,14628568
228.594,2382596,11020348,0,13402944,14628568
228.694,2382596,11020348,0,13402944,14628568
228.794,2382596,11020348,0,13402944,14628568
228.895,2382596,11020348,0,13402944,14628568
228.995,2382596,11020348,0,13402944,14628568
229.095,2382596,11020348,0,13402944,14628568
229.196,2382596,11020348,0,13402944,14628568
229.296,2382596,11020348,0,13402944,14628568
229.396,2382596,11020348,0,13402944,14628568
229.496,2382596,11020348,0,13402944,14628568
229.597,2382596,11020348,0,13402944,14628568
229.697,2382596,11020348,0,13402944,14628568
229.797,2382596,11020348,0,13402944,14628568
229.898,2382596,11020348,0,13402944,14628568
229.998,2382596,11020348,0,13402944,14628568
230.098,2382596,11020348,0,13402944,14628568
230.198,2382596,11020348,0,13402944,14628568
230.299,2382596,11020348,0,13402944,14628568
230.399,2382596,11020348,0,13402944,14628568
230.499,2382596,11020348,0,13402944,14628568
230.600,2382596,11020348,0,13402944,14628568
230.700,2382596,11020348,0,13402944,14628568
230.800,2382596,11020348,0,13402944,14628568
230.900,2382596,11020348,0,13402944,14628568
231.001,2382596,11020348,0,13402944,14628568
231.101,2382596,11020348,0,13402944,14628568
231.201,2382596,11020348,0,13402944,14628568
231.302,2382596,11020348,0,13402944,14628568
231.402,2382596,11020348,0,13402944,14628568
231.502,2382596,11020348,0,13402944,14628568
231.602,2382596,11020348,0,13402944,14628568
231.703,2382596,11020348,0,13402944,14628568
231.803,2382596,11020348,0,13402944,14628568
231.903,2382596,11020348,0,13402944,14628568
232.003,2382596,11020348,0,13402944,14628568
232.104,2382596,11020348,0,13402944,14628568
232.204,2382596,11020348,0,13402944,14628568
232.304,2382596,11020348,0,13402944,14628568
232.405,2382596,11020348,0,13402944,14628568
232.505,2382596,11020348,0,13402944,14628568
232.605,2382596,11020348,0,13402944,14628568
232.706,2382596,11020348,0,13402944,14628568
232.806,2382596,11020348,0,13402944,14628568
232.906,2382596,11020348,0,13402944,14628568
233.007,2382596,11020348,0,13402944,14628568
233.107,2382596,11020348,0,13402944,14628568
233.207,2382596,11020348,0,13402944,14628568
233.307,2382596,11020348,0,13402944,14628568
233.408,2382596,11020348,0,13402944,14628568
233.508,2382596,11020348,0,13402944,14628568
233.609,2382596,11020348,0,13402944,14628568
233.709,2382596,11020348,0,13402944,14628568
233.809,2382596,11020348,0,13402944,14628568
233.910,2382596,11020348,0,13402944,14628568
234.010,2382596,11020348,0,13402944,14628568
234.110,2382596,11020348,0,13402944,14628568
234.211,2382596,11020348,0,13402944,14628568
234.311,2382596,11020348,0,13402944,14628568
234.411,2382596,11020348,0,13402944,14628568
234.512,2382596,11020348,0,13402944,14628568
234.612,2382596,11020348,0,13402944,14628568
234.712,2382596,11020348,0,13402944,14628568
234.813,2382596,11020348,0,13402944,14628568
234.913,2382596,11020348,0,13402944,14628568
235.013,2382596,11020348,0,13402944,14628568
235.113,2382596,11020348,0,13402944,14628568
235.214,2382596,11020348,0,13402944,14628568
235.314,2382596,11020348,0,13402944,14628568
235.414,2382596,11020348,0,13402944,14628568
235.515,2382596,11020348,0,13402944,14628568
235.615,2382596,11020348,0,13402944,14628568
235.716,2382596,11020348,0,13402944,14628568
235.816,2382596,11020348,0,13402944,14628568
235.916,2382596,11020348,0,13402944,14628568
236.017,2382596,11020348,0,13402944,14628568
236.117,2382596,11020348,0,13402944,14628568
236.217,2382596,11020348,0,13402944,14628568
236.318,2382596,11020348,0,13402944,14628568
236.418,2382596,11020348,0,13402944,14628568
236.518,2382596,11020348,0,13402944,14628568
236.619,2382596,11020348,0,13402944,14628568
236.719,2382596,11020348,0,13402944,14628568
236.819,2382596,11020348,0,13402944,14628568
236.920,2382596,11020348,0,13402944,14628568
237.020,2382596,11020348,0,13402944,14628568
237.120,2382596,11020348,0,13402944,14628568
237.221,2382596,11020348,0,13402944,14628568
237.321,2382596,11020348,0,13402944,14628568
237.421,2382596,11020348,0,13402944,14628568
237.522,2382596,11020348,0,13402944,14628568
237.622,2382596,11020348,0,13402944,14628568
237.722,2382596,11020348,0,13402944,14628568
237.823,2382596,11020348,0,13402944,14628568
237.923,2382596,11020348,0,13402944,14628568
238.023,2382596,11020348,0,13402944,14628568
238.124,2382596,11020348,0,13402944,14628568
238.224,2382596,11020348,0,13402944,14628568
238.325,2382596,11020348,0,13402944,14628568
238.425,2382596,11020348,0,13402944,14628568
238.525,2382596,11020348,0,13402944,14628568
238.625,2382596,11020348,0,13402944,14628568
238.726,2382596,11020348,0,13402944,14628568
238.826,2382596,11020348,0,13402944,14628568
238.926,2382596,11020348,0,13402944,14628568
239.027,2382596,11020348,0,13402944,14628568
239.127,2382596,11020348,0,13402944,14628568
239.227,2382596,11020348,0,13402944,14628568
239.327,2382596,11020348,0,13402944,14628568
239.428,2382596,11020348,0,13402944,14628568
239.528,2382596,11020348,0,13402944,14628568
239.628,2382596,11020348,0,13402944,14628568
239.729,2382596,11020348,0,13402944,14628568
239.829,2382596,11020348,0,13402944,14628568
239.929,2382596,11020348,0,13402944,14628568
240.029,2382596,11020348,0,13402944,14628568
240.130,2382596,11020348,0,13402944,14628568
240.230,2382596,11020348,0,13402944,14628568
240.330,2382596,11020348,0,13402944,14628568
240.431,2382596,11020348,0,13402944,14628568
240.531,2382596,11020348,0,13402944,14628568
240.631,2382596,11020348,0,13402944,14628568
240.731,2382596,11020348,0,13402944,14628568
240.832,2382596,11020348,0,13402944,14628568
240.932,2382596,11020348,0,13402944,14628568
241.032,2382596,11020348,0,13402944,14628568
241.132,2382596,11020348,0,13402944,14628568
241.232,2382596,11020348,0,13402944,14628568
241.333,2382596,11020348,0,13402944,14628568
241.433,2382596,11020348,0,13402944,14628568
241.533,2382596,11020348,0,13402944,14628568
241.634,2382596,11020348,0,13402944,14628568
241.734,2382596,11020348,0,13402944,14628568
241.834,2382596,11020348,0,13402944,14628568
241.934,2382596,11020348,0,13402944,14628568
242.035,2382596,11020348,0,13402944,14628568
242.135,2382596,11020348,0,13402944,14628568
242.235,2382596,11020348,0,13402944,14628568
242.335,2382596,11020348,0,13402944,14628568
242.436,2382596,11020348,0,13402944,14628568
242.536,2382596,11020348,0,13402944,14628568
242.636,2382596,11020348,0,13402944,14628568
242.736,2382596,11020348,0,13402944,14628568
242.836,2382596,11020348,0,13402944,14628568
242.937,2382596,11020348,0,13402944,14628568
243.037,2382596,11020348,0,13402944,14628568
243.137,2382596,11020348,0,13402944,14628568
243.237,2382596,11020348,0,13402944,14628568
243.338,2382596,11020348,0,13402944,14628568
243.438,2382596,11020348,0,13402944,14628568
243.538,2382596,11020348,0,13402944,14628568
243.639,2382596,11020348,0,13402944,14628568
243.739,2382596,11020348,0,13402944,14628568
243.839,2382596,11020348,0,13402944,14628568
243.939,2382596,11020348,0,13402944,14628568
244.040,2382596,11020348,0,13402944,14628568
244.140,2382596,11020348,0,13402944,14628568
244.240,2382596,11020348,0,13402944,14628568
244.341,2382596,11020348,0,13402944,14628568
244.441,2382596,11020348,0,13402944,14628568
244.541,2382596,11020348,0,13402944,14628568
244.641,2382596,11020348,0,13402944,14628568
244.742,2382596,11020348,0,13402944,14628568
244.842,2382596,11020348,0,13402944,14628568
244.942,2382596,11020348,0,13402944,14628568
245.043,2382596,11020348,0,13402944,14628568
245.143,2382596,11020348,0,13402944,14628568
245.243,2382596,11020348,0,13402944,14628568
245.343,2382596,11020348,0,13402944,14628568
245.444,2382596,11020348,0,13402944,14628568
245.544,2382596,11020348,0,13402944,14628568
245.644,2382596,11020348,0,13402944,14628568
245.744,2382596,11020348,0,13402944,14628568
245.845,2382596,11020604,0,13403200,14628568
245.945,2382596,11020732,0,13403328,14628568
246.045,2382596,11020860,0,13403456,14628568
246.145,2382596,11020924,0,13403520,14628568
246.246,2382596,11020924,0,13403520,14628568
246.346,2382596,11021052,0,13403648,14628568
246.446,2382596,11021052,0,13403648,14628568
246.547,2382596,11021052,0,13403648,14628568
246.647,2382596,11021052,0,13403648,14628568
246.747,2382596,11021052,0,13403648,14628568
246.847,2382596,11021116,0,13403712,14628568
246.947,2382596,11021180,0,13403776,14628568
247.048,2382596,11021180,0,13403776,14628568
247.148,2382596,11021180,0,13403776,14628568
247.248,2382596,11021180,0,13403776,14628568
247.348,2382596,11021180,0,13403776,14628568
247.448,2382596,11021180,0,13403776,14628568
247.549,2382596,11021180,0,13403776,14628568
247.649,2382596,11021180,0,13403776,14628568
247.749,2382596,11021244,0,13403840,14628568
247.850,2382596,11021244,0,13403840,14628568
247.950,2382596,11021244,0,13403840,14628568
248.050,2382596,11021244,0,13403840,14628568
248.150,2382596,11021244,0,13403840,14628568
248.251,2382596,11021244,0,13403840,14628568
248.351,2382596,11021244,0,13403840,14628568
248.451,2382596,11021244,0,13403840,14628568
248.551,2382596,11021244,0,13403840,14628568
248.651,2382596,11021244,0,13403840,14628568
248.752,2382596,11021244,0,13403840,14628568
248.852,2382596,11021244,0,13403840,14628568
248.952,2382596,11021244,0,13403840,14628568
249.052,2382596,11021244,0,13403840,14628568
249.153,2382596,11021244,0,13403840,14628568
249.253,2382596,11021244,0,13403840,14628568
249.353,2382596,11021244,0,13403840,14628568
249.454,2382596,11021244,0,13403840,14628568
249.554,2382596,11021244,0,13403840,14628568
249.654,2382596,11021244,0,13403840,14628568
249.754,2382596,11021244,0,13403840,14628568
249.855,2382596,11021244,0,13403840,14628568
249.955,2382596,11021244,0,13403840,14628568
250.055,2382596,11021244,0,13403840,14628568
250.155,2382596,11021244,0,13403840,14628568
250.255,2382596,11021244,0,13403840,14628568
250.356,2382596,11021244,0,13403840,14628568
250.456,2382596,11021244,0,13403840,14628568
250.556,2382596,11021244,0,13403840,14628568
250.657,2382596,11021244,0,13403840,14628568
250.757,2382596,11021244,0,13403840,14628568
250.857,2382596,11021244,0,13403840,14628568
250.957,2382596,11021244,0,13403840,14628568
251.058,2382596,11021244,0,13403840,14628568
251.158,2382596,11021244,0,13403840,14628568
251.258,2382596,11021244,0,13403840,14628568
251.358,2382596,11021244,0,13403840,14628568
251.459,2382596,11021244,0,13403840,14628568
251.559,2382596,11021244,0,13403840,14628568
251.659,2382596,11021244,0,13403840,14628568
251.759,2382596,11021244,0,13403840,14628568
251.860,2382596,11021244,0,13403840,14628568
251.960,2382596,11021244,0,13403840,14628568
252.060,2382596,11021244,0,13403840,14628568
252.160,2382596,11021244,0,13403840,14628568
252.261,2382596,11021244,0,13403840,14628568
252.361,2382596,11021244,0,13403840,14628568
252.461,2382596,11021244,0,13403840,14628568
252.561,2382596,11021244,0,13403840,14628568
252.662,2382596,11021308,0,13403904,14628568
252.762,2382596,11021308,0,13403904,14628568
252.862,2382596,11021308,0,13403904,14628568
252.963,2382596,11021340,0,13403936,14628568
253.063,2382596,11021340,0,13403936,14628568
253.163,2382596,11021340,0,13403936,14628568
253.263,2382596,11021340,0,13403936,14628568
253.363,2382596,11021340,0,13403936,14628568
253.464,2382596,11021340,0,13403936,14628568
253.564,2382596,11021340,0,13403936,14628568
253.664,2382596,11021340,0,13403936,14628568
253.765,2382596,11021340,0,13403936,14628568
253.865,2382596,11021340,0,13403936,14628568
253.965,2382596,11021340,0,13403936,14628568
254.065,2382596,11021340,0,13403936,14628568
254.166,2382596,11021340,0,13403936,14628568
254.266,2382596,11021340,0,13403936,14628568
254.366,2382596,11021340,0,13403936,14628568
254.467,2382596,11021340,0,13403936,14628568
254.567,2382596,11021340,0,13403936,14628568
254.667,2382596,11021340,0,13403936,14628568
254.767,2382596,11021340,0,13403936,14628568
254.867,2382596,11021340,0,13403936,14628568
254.968,2382596,11021340,0,13403936,14628568
255.068,2382596,11021340,0,13403936,14628568
255.168,2382596,11021340,0,13403936,14628568
255.268,2382596,11021340,0,13403936,14628568
255.369,2382596,11021340,0,13403936,14628568
255.469,2382596,11021340,0,13403936,14628568
255.569,2382596,11021340,0,13403936,14628568
255.669,2382596,11021340,0,13403936,14628568
255.770,2382596,11021340,0,13403936,14628568
255.870,2382596,11021340,0,13403936,14628568
255.970,2382596,11021340,0,13403936,14628568
256.070,2382596,11021340,0,13403936,14628568
256.170,2382596,11021340,0,13403936,14628568
256.271,2382596,11021340,0,13403936,14628568
256.371,2382596,11021340,0,13403936,14628568
256.471,2382596,11021340,0,13403936,14628568
256.571,2382596,11021340,0,13403936,14628568
256.672,2382596,11021340,0,13403936,14628568
256.772,2382596,11021340,0,13403936,14628568
256.872,2382596,11021340,0,13403936,14628568
256.972,2382596,11021340,0,13403936,14628568
257.073,2382596,11021340,0,13403936,14628568
257.173,2382596,11021340,0,13403936,14628568
257.273,2382596,11021340,0,13403936,14628568
257.374,2382596,11021340,0,13403936,14628568
257.474,2382596,11021340,0,13403936,14628568
257.574,2382596,11021340,0,13403936,14628568
257.674,2382596,11021340,0,13403936,14628568
257.775,2382596,11021340,0,13403936,14628568
257.875,2382596,11021340,0,13403936,14628568
257.975,2382596,11021340,0,13403936,14628568
258.075,2382596,11021340,0,13403936,14628568
258.176,2382596,11021340,0,13403936,14628568
258.276,2382596,11021340,0,13403936,14628568
258.376,2382596,11021340,0,13403936,14628568
258.476,2382596,11021340,0,13403936,14628568
258.577,2382596,11021340,0,13403936,14628568
258.677,2382596,11021340,0,13403936,14628568
258.777,2382596,11021340,0,13403936,14628568
258.877,2382596,11021340,0,13403936,14628568
258.978,2382596,11021340,0,13403936,14628568
259.078,2382596,11021340,0,13403936,14628568
259.178,2382596,11021340,0,13403936,14628568
259.278,2382596,11021340,0,13403936,14628568
259.379,2382596,11021340,0,13403936,14628568
259.479,2382596,11021340,0,13403936,14628568
259.579,2382596,11021340,0,13403936,14628568
259.679,2382596,11021340,0,13403936,14628568
259.780,2382596,11021340,0,13403936,14628568
259.880,2382596,11021340,0,13403936,14628568
259.980,2382596,11021340,0,13403936,14628568
260.080,2382596,11021340,0,13403936,14628568
260.180,2382596,11021340,0,13403936,14628568
260.281,2382596,11021340,0,13403936,14628568
260.381,2382596,11021340,0,13403936,14628568
260.481,2382596,11021404,0,13404000,14628568
260.582,2382596,11021404,0,13404000,14628568
260.682,2382596,11021404,0,13404000,14628568
260.782,2382596,11021404,0,13404000,14628568
260.882,2382596,11021404,0,13404000,14628568
260.983,2382596,11021404,0,13404000,14628568
261.083,2382596,11021404,0,13404000,14628568
261.183,2382596,11021404,0,13404000,14628568
261.283,2382596,11021404,0,13404000,14628568
261.384,2382596,11021404,0,13404000,14628568
261.484,2382596,11021404,0,13404000,14628568
261.584,2382596,11021404,0,13404000,14628568
261.684,2382596,11021404,0,13404000,14628568
261.785,2382596,11021404,0,13404000,14628568
261.885,2382596,11021404,0,13404000,14628568
261.985,2382596,11021404,0,13404000,14628568
262.086,2382596,11021404,0,13404000,14628568
262.186,2382596,11021404,0,13404000,14628568
262.286,2382596,11021404,0,13404000,14628568
262.386,2382596,11021404,0,13404000,14628568
262.487,2382596,11021404,0,13404000,14628568
262.587,2382596,11021404,0,13404000,14628568
262.687,2382596,11021404,0,13404000,14628568
262.787,2382596,11021404,0,13404000,14628568
262.887,2382596,11021404,0,13404000,14628568
262.988,2382596,11021404,0,13404000,14628568
263.088,2382596,11021404,0,13404000,14628568
263.188,2382596,11021404,0,13404000,14628568
263.289,2382596,11021404,0,13404000,14628568
263.389,2382596,11021404,0,13404000,14628568
263.489,2382596,11021404,0,13404000,14628568
263.590,2382596,11021404,0,13404000,14628568
263.690,2382596,11021404,0,13404000,14628568
263.790,2382596,11021404,0,13404000,14628568
263.890,2382596,11021404,0,13404000,14628568
263.991,2382596,11021404,0,13404000,14628568
264.091,2382596,11021404,0,13404000,14628568
264.191,2382596,11021404,0,13404000,14628568
264.291,2382596,11021404,0,13404000,14628568
264.392,2382596,11021404,0,13404000,14628568
264.492,2382596,11021404,0,13404000,14628568
264.592,2382596,11021404,0,13404000,14628568
264.692,2382596,11021404,0,13404000,14628568
264.792,2382596,11021404,0,13404000,14628568
264.893,2382596,11021404,0,13404000,14628568
264.993,2382596,11021404,0,13404000,14628568
265.093,2382596,11021404,0,13404000,14628568
265.194,2382596,11021404,0,13404000,14628568
265.294,2382596,11021404,0,13404000,14628568
265.394,2382596,11021404,0,13404000,14628568
265.494,2382596,11021404,0,13404000,14628568
265.595,2382596,11021404,0,13404000,14628568
265.695,2382596,11021404,0,13404000,14628568
265.795,2382596,11021404,0,13404000,14628568
265.895,2382596,11021404,0,13404000,14628568
265.996,2382596,11021404,0,13404000,14628568
266.096,2382596,11021404,0,13404000,14628568
266.196,2382596,11021404,0,13404000,14628568
266.296,2382596,11021404,0,13404000,14628568
266.396,2382596,11021404,0,13404000,14628568
266.497,2382596,11021404,0,13404000,14628568
266.597,2382596,11021404,0,13404000,14628568
266.697,2382596,11021404,0,13404000,14628568
266.798,2382596,11021404,0,13404000,14628568
266.898,2382596,11021404,0,13404000,14628568
266.998,2382596,11021404,0,13404000,14628568
267.098,2382596,11021404,0,13404000,14628568
267.199,2382596,11021404,0,13404000,14628568
267.299,2382596,11021404,0,13404000,14628568
267.399,2382596,11021404,0,13404000,14628568
267.499,2382596,11021404,0,13404000,14628568
267.600,2382596,11021404,0,13404000,14628568
267.700,2382596,11021404,0,13404000,14628568
267.800,2382596,11021404,0,13404000,14628568
267.901,2382596,11021404,0,13404000,14628568
268.001,2382596,11021404,0,13404000,14628568
268.101,2382596,11021404,0,13404000,14628568
268.201,2382596,11021404,0,13404000,14628568
268.302,2382596,11021404,0,13404000,14628568
268.402,2382596,11021404,0,13404000,14628568
268.502,2382596,11021404,0,13404000,14628568
268.603,2382596,11021404,0,13404000,14628568
268.703,2382596,11021404,0,13404000,14628568
268.803,2382596,11021404,0,13404000,14628568
268.903,2382596,11021404,0,13404000,14628568
269.004,2382596,11021404,0,13404000,14628568
269.104,2382596,11021404,0,13404000,14628568
269.204,2382596,11021404,0,13404000,14628568
269.304,2382596,11021404,0,13404000,14628568
269.405,2382596,11021404,0,13404000,14628568
269.505,2382596,11021404,0,13404000,14628568
269.605,2382596,11021404,0,13404000,14628568
269.705,2382596,11021404,0,13404000,14628568
269.806,2382596,11021404,0,13404000,14628568
269.906,2382596,11021404,0,13404000,14628568
270.006,2382596,11021404,0,13404000,14628568
270.106,2382596,11021404,0,13404000,14628568
270.207,2382596,11021404,0,13404000,14628568
270.307,2382596,11021404,0,13404000,14628568
270.407,2382596,11021404,0,13404000,14628568
270.508,2382596,11021404,0,13404000,14628568
270.608,2382596,11021404,0,13404000,14628568
270.708,2382596,11021404,0,13404000,14628568
270.808,2382596,11021404,0,13404000,14628568
270.909,2382596,11021404,0,13404000,14628568
271.009,2382596,11021404,0,13404000,14628568
271.109,2382596,11021404,0,13404000,14628568
271.210,2382596,11021404,0,13404000,14628568
271.310,2382596,11021404,0,13404000,14628568
271.410,2382596,11021404,0,13404000,14628568
271.510,2382596,11021404,0,13404000,14628568
271.611,2382596,11021404,0,13404000,14628568
271.711,2382596,11021404,0,13404000,14628568
271.811,2382596,11021404,0,13404000,14628568
271.911,2382596,11021404,0,13404000,14628568
272.012,2382596,11021404,0,13404000,14628568
272.112,2382596,11021404,0,13404000,14628568
272.212,2382596,11021404,0,13404000,14628568
272.312,2382596,11021404,0,13404000,14628568
272.413,2382596,11021404,0,13404000,14628568
272.513,2382596,11021404,0,13404000,14628568
272.613,2382596,11021404,0,13404000,14628568
272.713,2382596,11021404,0,13404000,14628568
272.814,2382596,11021404,0,13404000,14628568
272.914,2382596,11021404,0,13404000,14628568
273.014,2382596,11021404,0,13404000,14628568
273.114,2382596,11021404,0,13404000,14628568
273.215,2382596,11021404,0,13404000,14628568
273.315,2382596,11021404,0,13404000,14628568
273.415,2382596,11021404,0,13404000,14628568
273.515,2382596,11021404,0,13404000,14628568
273.616,2382596,11021404,0,13404000,14628568
273.716,2382596,11021404,0,13404000,14628568
273.816,2382596,11021404,0,13404000,14628568
273.916,2382596,11021404,0,13404000,14628568
274.017,2382596,11021404,0,13404000,14628568
274.117,2382596,11021404,0,13404000,14628568
274.217,2382596,11021404,0,13404000,14628568
274.317,2382596,11021404,0,13404000,14628568
274.418,2382596,11021404,0,13404000,14628568
274.518,2382596,11021404,0,13404000,14628568
274.618,2382596,11021404,0,13404000,14628568
274.719,2382596,11021404,0,13404000,14628568
274.819,2382596,11021404,0,13404000,14628568
274.919,2382596,11021404,0,13404000,14628568
275.019,2382596,11021404,0,13404000,14628568
275.120,2382596,11021404,0,13404000,14628568
275.220,2382596,11021404,0,13404000,14628568
275.320,2382596,11021404,0,13404000,14628568
275.420,2382596,11021404,0,13404000,14628568
275.521,2382596,11021404,0,13404000,14628568
275.621,2382596,11021404,0,13404000,14628568
275.721,2382596,11021404,0,13404000,14628568
275.822,2382596,11021404,0,13404000,14628568
275.922,2382596,11021404,0,13404000,14628568
276.022,2382596,11021404,0,13404000,14628568
276.122,2382596,11021404,0,13404000,14628568
276.223,2382596,11021404,0,13404000,14628568
276.323,2382596,11021404,0,13404000,14628568
276.423,2382596,11021404,0,13404000,14628568
276.523,2382596,11021404,0,13404000,14628568
276.624,2382596,11021404,0,13404000,14628568
276.724,2382596,11021404,0,13404000,14628568
276.824,2382596,11021404,0,13404000,14628568
276.924,2382596,11021404,0,13404000,14628568
277.025,2382596,11021404,0,13404000,14628568
277.125,2382596,11021404,0,13404000,14628568
277.225,2382596,11021404,0,13404000,14628568
277.326,2382596,11021404,0,13404000,14628568
277.426,2382596,11021404,0,13404000,14628568
277.526,2382596,11021404,0,13404000,14628568
277.626,2382596,11021404,0,13404000,14628568
277.727,2382596,11021404,0,13404000,14628568
277.827,2382596,11021404,0,13404000,14628568
277.927,2382596,11021404,0,13404000,14628568
278.027,2382596,11021404,0,13404000,14628568
278.128,2382596,11021404,0,13404000,14628568
278.228,2382596,11021404,0,13404000,14628568
278.328,2382596,11021404,0,13404000,14628568
278.429,2382596,11021404,0,13404000,14628568
278.529,2382596,11021404,0,13404000,14628568
278.629,2382596,11021404,0,13404000,14628568
278.729,2382596,11021404,0,13404000,14628568
278.830,2382596,11021404,0,13404000,14628568
278.930,2382596,11021404,0,13404000,14628568
279.030,2382596,11021404,0,13404000,14628568
279.130,2382596,11021404,0,13404000,14628568
279.231,2382596,11021404,0,13404000,14628568
279.331,2382596,11021404,0,13404000,14628568
279.431,2382596,11021404,0,13404000,14628568
279.532,2382596,11021404,0,13404000,14628568
279.632,2382596,11021404,0,13404000,14628568
279.732,2382596,11021404,0,13404000,14628568
279.832,2382596,11021404,0,13404000,14628568
279.933,2382596,11021404,0,13404000,14628568
280.033,2382596,11021404,0,13404000,14628568
280.133,2382596,11021404,0,13404000,14628568
280.233,2382596,11021404,0,13404000,14628568
280.334,2382596,11021404,0,13404000,14628568
280.434,2382596,11021404,0,13404000,14628568
280.534,2382596,11021404,0,13404000,14628568
280.635,2382596,11021404,0,13404000,14628568
280.735,2382596,11021404,0,13404000,14628568
280.835,2382596,11021404,0,13404000,14628568
280.935,2382596,11021404,0,13404000,14628568
281.035,2382596,11021404,0,13404000,14628568
281.136,2382596,11021404,0,13404000,14628568
281.236,2382596,11021404,0,13404000,14628568
281.336,2382596,11021404,0,13404000,14628568
281.437,2382596,11021404,0,13404000,14628568
281.537,2382596,11021404,0,13404000,14628568
281.637,2382596,11021404,0,13404000,14628568
281.737,2382596,11021404,0,13404000,14628568
281.838,2382596,11021404,0,13404000,14628568
281.938,2382596,11021404,0,13404000,14628568
282.038,2382596,11021404,0,13404000,14628568
282.138,2382596,11021404,0,13404000,14628568
282.239,2382596,11021404,0,13404000,14628568
282.339,2382596,11021404,0,13404000,14628568
282.439,2382596,11021404,0,13404000,14628568
282.539,2382596,11021404,0,13404000,14628568
282.640,2382596,11021404,0,13404000,14628568
282.740,2382596,11021404,0,13404000,14628568
282.840,2382596,11021404,0,13404000,14628568
282.940,2382596,11021404,0,13404000,14628568
283.041,2382596,11021404,0,13404000,14628568
283.141,2382596,11021404,0,13404000,14628568
283.241,2382596,11021404,0,13404000,14628568
283.342,2382596,11021404,0,13404000,14628568
283.442,2382596,11021404,0,13404000,14628568
283.542,2382596,11021404,0,13404000,14628568
283.642,2382596,11021404,0,13404000,14628568
283.743,2382596,11021404,0,13404000,14628568
283.843,2382596,11021404,0,13404000,14628568
283.943,2382596,11021404,0,13404000,14628568
284.044,2382596,11021404,0,13404000,14628568
284.144,2382596,11021404,0,13404000,14628568
284.244,2382596,11021404,0,13404000,14628568
284.344,2382596,11021404,0,13404000,14628568
284.444,2382596,11021404,0,13404000,14628568
284.545,2382596,11021404,0,13404000,14628568
284.645,2382596,11021404,0,13404000,14628568
284.745,2382596,11021404,0,13404000,14628568
284.845,2382596,11021404,0,13404000,14628568
284.946,2382596,11021404,0,13404000,14628568
285.046,2382596,11021404,0,13404000,14628568
285.146,2382596,11021404,0,13404000,14628568
285.247,2382596,11021404,0,13404000,14628568
285.347,2382596,11021404,0,13404000,14628568
285.447,2382596,11021404,0,13404000,14628568
285.547,2382596,11021404,0,13404000,14628568
285.648,2382596,11021404,0,13404000,14628568
285.748,2382596,11021404,0,13404000,14628568
285.848,2382596,11021404,0,13404000,14628568
285.948,2382596,11021404,0,13404000,14628568
286.049,2382596,11021404,0,13404000,14628568
286.149,2382596,11021404,0,13404000,14628568
286.249,2382596,11021404,0,13404000,14628568
286.349,2382596,11021404,0,13404000,14628568
286.450,2382596,11021404,0,13404000,14628568
286.550,2382596,11021404,0,13404000,14628568
286.650,2382596,11021404,0,13404000,14628568
286.750,2382596,11021404,0,13404000,14628568
286.851,2382596,11021404,0,13404000,14628568
286.951,2382596,11021404,0,13404000,14628568
287.051,2382596,11021404,0,13404000,14628568
287.152,2382596,11021404,0,13404000,14628568
287.252,2382596,11021404,0,13404000,14628568
287.352,2382596,11021404,0,13404000,14628568
287.452,2382596,11021404,0,13404000,14628568
287.553,2382596,11021404,0,13404000,14628568
287.653,2382596,11021404,0,13404000,14628568
287.753,2382596,11021404,0,13404000,14628568
287.853,2382596,11021404,0,13404000,14628568
287.954,2382596,11021404,0,13404000,14628568
288.054,2382596,11021404,0,13404000,14628568
288.154,2382596,11021404,0,13404000,14628568
288.254,2382596,11021404,0,13404000,14628568
288.355,2382596,11021404,0,13404000,14628568
288.455,2382596,11021404,0,13404000,14628568
288.555,2382596,11021404,0,13404000,14628568
288.655,2382596,11021404,0,13404000,14628568
288.756,2382596,11021404,0,13404000,14628568
288.856,2382596,11021404,0,13404000,14628568
288.956,2382596,11021404,0,13404000,14628568
289.056,2382596,11021404,0,13404000,14628568
289.157,2382596,11021404,0,13404000,14628568
289.257,2382596,11021404,0,13404000,14628568
289.357,2382596,11021404,0,13404000,14628568
289.458,2382596,11021404,0,13404000,14628568
289.558,2382596,11021404,0,13404000,14628568
289.658,2382596,11021404,0,13404000,14628568
289.758,2382596,11021404,0,13404000,14628568
289.859,2382596,11021404,0,13404000,14628568
289.959,2382596,11021404,0,13404000,14628568
290.059,2382596,11021404,0,13404000,14628568
290.159,2382596,11021404,0,13404000,14628568
290.260,2382596,11021404,0,13404000,14628568
290.360,2382596,11021404,0,13404000,14628568
290.460,2382596,11021404,0,13404000,14628568
290.560,2382596,11021404,0,13404000,14628568
290.661,2382596,11021404,0,13404000,14628568
290.761,2382596,11021404,0,13404000,14628568
290.861,2382596,11021404,0,13404000,14628568
290.961,2382596,11021404,0,13404000,14628568
291.062,2382596,11021404,0,13404000,14628568
291.162,2382596,11021404,0,13404000,14628568
291.262,2382596,11021404,0,13404000,14628568
291.362,2382596,11021404,0,13404000,14628568
291.463,2382596,11021404,0,13404000,14628568
291.563,2382596,11021404,0,13404000,14628568
291.663,2382596,11021404,0,13404000,14628568
291.763,2382596,11021404,0,13404000,14628568
291.864,2382596,11021404,0,13404000,14628568
291.964,2382596,11021404,0,13404000,14628568
292.064,2382596,11021404,0,13404000,14628568
292.164,2382596,11021404,0,13404000,14628568
292.265,2382596,11021404,0,13404000,14628568
292.365,2382596,11021404,0,13404000,14628568
292.465,2382596,11021404,0,13404000,14628568
292.566,2382596,11021404,0,13404000,14628568
292.666,2382596,11021404,0,13404000,14628568
292.766,2382596,11021404,0,13404000,14628568
292.866,2382596,11021404,0,13404000,14628568
292.967,2382596,11021404,0,13404000,14628568
293.067,2382596,11021404,0,13404000,14628568
293.167,2382596,11021404,0,13404000,14628568
293.267,2382596,11021404,0,13404000,14628568
293.367,2382596,11021404,0,13404000,14628568
293.468,2382596,11021404,0,13404000,14628568
293.568,2382596,11021404,0,13404000,14628568
293.668,2382596,11021404,0,13404000,14628568
293.768,2382596,11021404,0,13404000,14628568
293.869,2382596,11021404,0,13404000,14628568
293.969,2382596,11021404,0,13404000,14628568
294.069,2382596,11021404,0,13404000,14628568
294.170,2382596,11021404,0,13404000,14628568
294.270,2382596,11021404,0,13404000,14628568
294.370,2382596,11021404,0,13404000,14628568
294.470,2382596,11021404,0,13404000,14628568
294.571,2382596,11021404,0,13404000,14628568
294.671,2382596,11021404,0,13404000,14628568
294.771,2382596,11021404,0,13404000,14628568
294.871,2382596,11021404,0,13404000,14628568
294.971,2382596,11021404,0,13404000,14628568
295.072,2382596,11021404,0,13404000,14628568
295.172,2382596,11021404,0,13404000,14628568
295.272,2382596,11021404,0,13404000,14628568
295.373,2382596,11021404,0,13404000,14628568
295.473,2382596,11021404,0,13404000,14628568
295.573,2382596,11021404,0,13404000,14628568
295.674,2382596,11021404,0,13404000,14628568
295.774,2382596,11021404,0,13404000,14628568
295.874,2382596,11021404,0,13404000,14628568
295.974,2382596,11021404,0,13404000,14628568
296.074,2382596,11021404,0,13404000,14628568
296.175,2382596,11021404,0,13404000,14628568
296.275,2382596,11021404,0,13404000,14628568
296.375,2382596,11021404,0,13404000,14628568
296.475,2382596,11021404,0,13404000,14628568
296.576,2382596,11021404,0,13404000,14628568
296.676,2382596,11021404,0,13404000,14628568
296.776,2382596,11021404,0,13404000,14628568
296.877,2382596,11021404,0,13404000,14628568
296.977,2382596,11021404,0,13404000,14628568
297.077,2382596,11021404,0,13404000,14628568
297.178,2382596,11021404,0,13404000,14628568
297.278,2382596,11021404,0,13404000,14628568
297.378,2382596,11021404,0,13404000,14628568
297.478,2382596,11021404,0,13404000,14628568
297.579,2382596,11021404,0,13404000,14628568
297.679,2382596,11021404,0,13404000,14628568
297.779,2382596,11021404,0,13404000,14628568
297.879,2382596,11021404,0,13404000,14628568
297.980,2382596,11021404,0,13404000,14628568
298.080,2382596,11021404,0,13404000,14628568
298.180,2382596,11021404,0,13404000,14628568
298.280,2382596,11021404,0,13404000,14628568
298.381,2382596,11021404,0,13404000,14628568
298.481,2382596,11021404,0,13404000,14628568
298.581,2382596,11021404,0,13404000,14628568
298.681,2382596,11021404,0,13404000,14628568
298.782,2382596,11021404,0,13404000,14628568
298.882,2382596,11021404,0,13404000,14628568
298.982,2382596,11021404,0,13404000,14628568
299.083,2382596,11021404,0,13404000,14628568
299.183,2382596,11021404,0,13404000,14628568
299.283,2382596,11021404,0,13404000,14628568
299.383,2382596,11021404,0,13404000,14628568
299.483,2382596,11021404,0,13404000,14628568
299.584,2382596,11021404,0,13404000,14628568
299.684,2382596,11021404,0,13404000,14628568
299.784,2382596,11021404,0,13404000,14628568
299.884,2382596,11021404,0,13404000,14628568
299.985,2382596,11021404,0,13404000,14628568
300.085,2382596,11021404,0,13404000,14628568
300.185,2382596,11021404,0,13404000,14628568
300.285,2382596,11021404,0,13404000,14628568
300.386,2382596,11021404,0,13404000,14628568
300.486,2382596,11021404,0,13404000,14628568
300.586,2382596,11021404,0,13404000,14628568
300.687,2382596,11021404,0,13404000,14628568
300.787,2382596,11021404,0,13404000,14628568
300.887,2382596,11021404,0,13404000,14628568
300.987,2382596,11021404,0,13404000,14628568
301.088,2382596,11021404,0,13404000,14628568
301.188,2382596,11021404,0,13404000,14628568
301.288,2382596,11021404,0,13404000,14628568
301.388,2382596,11021404,0,13404000,14628568
301.489,2382596,11021404,0,13404000,14628568
301.589,2382596,11021404,0,13404000,14628568
301.689,2382596,11021272,0,13403868,14628568
301.789,2382596,11021272,0,13403868,14628568
301.890,2382596,11021144,0,13403740,14628568
301.990,2382596,11021144,0,13403740,14628568
302.090,2382596,11021144,0,13403740,14628568
302.191,2382596,11021144,0,13403740,14628568
302.291,2382596,11021144,0,13403740,14628568
302.391,2382596,11021144,0,13403740,14628568
302.491,2382596,11021144,0,13403740,14628568
302.592,2382596,11021144,0,13403740,14628568
302.692,2382596,11021144,0,13403740,14628568
302.792,2382596,11021144,0,13403740,14628568
302.893,2382596,11021144,0,13403740,14628568
302.993,2382596,11021144,0,13403740,14628568
303.093,2382596,11021144,0,13403740,14628568
303.193,2382596,11021144,0,13403740,14628568
303.294,2382596,11021144,0,13403740,14628568
303.394,2382596,11021144,0,13403740,14628568
303.494,2382596,11021144,0,13403740,14628568
303.595,2382596,11021144,0,13403740,14628568
303.695,2382596,11021144,0,13403740,14628568
303.795,2382596,11021144,0,13403740,14628568
303.895,2382596,11021144,0,13403740,14628568
303.996,2382596,11016176,0,13398772,14628568
304.096,2382596,9994412,0,12377008,14628568
304.196,2382596,1095396,0,3477992,14628568
304.297,2382596,361512,0,2744108,14628568
304.397,2382596,361512,0,2744108,14628568
304.497,2382596,361512,0,2744108,14628568
304.598,2382596,361512,0,2744108,14628568
304.698,2382596,361512,0,2744108,14628568
304.798,2382596,217480,0,2600076,14628568
304.898,2382596,248604,0,2631200,14628568
304.999,2342312,249564,0,2591876,14628568
305.099,2342312,249564,0,2591876,14628568
305.199,2342312,288736,0,2631048,14628568
305.300,2342312,249564,0,2591876,14628568
305.400,2342312,277524,0,2619836,14628568
305.500,2342312,332992,0,2675304,14628568
305.600,2342312,253640,0,2595952,14628568
305.701,2342312,253640,0,2595952,14628568
305.801,2342312,253640,0,2595952,14628568
305.901,2342316,254004,0,2596320,14628568
306.002,2342316,254004,0,2596320,14628568
306.102,2342824,254004,0,2596828,14628568
306.202,2342824,254004,0,2596828,14628568
306.303,2342824,254004,0,2596828,14628568
306.403,2342824,254004,0,2596828,14628568
306.503,2342824,254004,0,2596828,14628568
306.603,2342824,254004,0,2596828,14628568
306.704,2342824,254004,0,2596828,14628568
306.804,2342824,254004,0,2596828,14628568
306.904,2342824,254004,0,2596828,14628568
307.004,2342824,254004,0,2596828,14628568
307.105,2342824,254004,0,2596828,14628568
307.205,2342824,254004,0,2596828,14628568
307.305,2342824,254004,0,2596828,14628568
307.405,2342824,254004,0,2596828,14628568
307.506,2342824,254004,0,2596828,14628568
307.606,2342824,254004,0,2596828,14628568
307.706,2342824,254004,0,2596828,14628568
307.806,2342824,254004,0,2596828,14628568
307.907,2342824,254004,0,2596828,14628568
308.007,2342824,254004,0,2596828,14628568
308.107,2342824,254004,0,2596828,14628568
308.207,2342824,254004,0,2596828,14628568
308.308,2342824,254004,0,2596828,14628568
308.408,2342824,254004,0,2596828,14628568
308.508,2342824,254004,0,2596828,14628568
308.608,2342824,254004,0,2596828,14628568
308.709,2342824,254004,0,2596828,14628568
308.809,2342824,254004,0,2596828,14628568
308.909,2342824,254004,0,2596828,14628568
309.010,2342824,254004,0,2596828,14628568
309.110,2342824,254004,0,2596828,14628568
309.210,2342824,254004,0,2596828,14628568
309.310,2342824,254004,0,2596828,14628568
309.410,2342824,254004,0,2596828,14628568
309.511,2342824,254004,0,2596828,14628568
309.611,2342824,254004,0,2596828,14628568
309.711,2342824,254004,0,2596828,14628568
309.811,2342824,254004,0,2596828,14628568
309.912,2342824,254004,0,2596828,14628568
310.012,2342824,254004,0,2596828,14628568
310.112,2342824,254004,0,2596828,14628568
310.212,2342824,254004,0,2596828,14628568
310.313,2342824,254004,0,2596828,14628568
310.413,2342824,254004,0,2596828,14628568
310.513,2342824,254004,0,2596828,14628568
310.614,2342824,254004,0,2596828,14628568
310.714,2342824,254004,0,2596828,14628568
310.814,2342824,254004,0,2596828,14628568
310.914,2342824,254004,0,2596828,14628568
311.015,2342824,254004,0,2596828,14628568
311.115,2342824,254004,0,2596828,14628568
311.215,2342824,254004,0,2596828,14628568
311.315,2342824,254004,0,2596828,14628568
311.416,2342824,254004,0,2596828,14628568
311.516,2342824,254004,0,2596828,14628568
311.616,2342824,254004,0,2596828,14628568
311.717,2342824,254004,0,2596828,14628568
311.817,2342824,254004,0,2596828,14628568
311.917,2342824,254004,0,2596828,14628568
312.017,2342824,254004,0,2596828,14628568
312.118,2342824,254004,0,2596828,14628568
312.218,2342824,254004,0,2596828,14628568
312.318,2342824,254004,0,2596828,14628568
312.418,2342824,254004,0,2596828,14628568
312.519,2342824,254004,0,2596828,14628568
312.619,2342824,254004,0,2596828,14628568
312.719,2342824,254004,0,2596828,14628568
312.820,2342824,254004,0,2596828,14628568
312.920,2342824,254004,0,2596828,14628568
313.020,2342824,254004,0,2596828,14628568
313.120,2342824,254004,0,2596828,14628568
313.221,2342824,254004,0,2596828,14628568
313.321,2342824,254004,0,2596828,14628568
313.421,2342824,254004,0,2596828,14628568
313.521,2342824,254004,0,2596828,14628568
313.622,2342824,254004,0,2596828,14628568
313.722,2342824,254004,0,2596828,14628568
313.822,2342824,254004,0,2596828,14628568
313.922,2342824,254004,0,2596828,14628568
314.023,2342824,254004,0,2596828,14628568
314.123,2342824,254004,0,2596828,14628568
314.223,2342824,254004,0,2596828,14628568
314.323,2342824,254004,0,2596828,14628568
314.424,2342824,254004,0,2596828,14628568
314.524,2342824,254004,0,2596828,14628568
314.624,2342824,254004,0,2596828,14628568
314.724,2342824,254004,0,2596828,14628568
314.824,2342824,254004,0,2596828,14628568
314.925,2342824,254004,0,2596828,14628568
315.025,2342824,254004,0,2596828,14628568
315.125,2342824,254004,0,2596828,14628568
315.226,2342824,254004,0,2596828,14628568
315.326,2342824,254004,0,2596828,14628568
315.426,2342824,254004,0,2596828,14628568
315.526,2342824,254004,0,2596828,14628568
315.627,2342824,254004,0,2596828,14628568
315.727,2342824,254004,0,2596828,14628568
315.827,2342824,254004,0,2596828,14628568
315.927,2342824,254004,0,2596828,14628568
316.028,2342824,254004,0,2596828,14628568
316.128,2342824,254004,0,2596828,14628568
316.228,2342824,254004,0,2596828,14628568
316.329,2342824,254004,0,2596828,14628568
316.429,2342824,254004,0,2596828,14628568
316.529,2342824,254004,0,2596828,14628568
316.629,2342824,254004,0,2596828,14628568
316.730,2342824,254004,0,2596828,14628568
316.830,2342824,254004,0,2596828,14628568
316.930,2342824,254004,0,2596828,14628568
317.031,2342824,254004,0,2596828,14628568
317.131,2342824,254004,0,2596828,14628568
317.231,2342824,254004,0,2596828,14628568
317.331,2342824,254004,0,2596828,14628568
317.432,2342824,254004,0,2596828,14628568
317.532,2342824,254004,0,2596828,14628568
317.632,2342824,254004,0,2596828,14628568
317.732,2342824,254004,0,2596828,14628568
317.833,2342824,254004,0,2596828,14628568
317.933,2342824,254004,0,2596828,14628568
318.033,2342824,254004,0,2596828,14628568
318.134,2342824,254004,0,2596828,14628568
318.234,2342824,254004,0,2596828,14628568
318.334,2342824,254004,0,2596828,14628568
318.435,2342824,254004,0,2596828,14628568
318.535,2342824,254004,0,2596828,14628568
318.635,2342824,254004,0,2596828,14628568
318.735,2342824,254004,0,2596828,14628568
318.836,2342824,254004,0,2596828,14628568
318.936,2342824,254004,0,2596828,14628568
319.036,2342824,254004,0,2596828,14628568
319.136,2342824,254004,0,2596828,14628568
319.237,2342824,254004,0,2596828,14628568
319.337,2342824,254004,0,2596828,14628568
319.437,2342824,254004,0,2596828,14628568
319.538,2342824,254004,0,2596828,14628568
319.638,2342824,254004,0,2596828,14628568
319.738,2342824,254004,0,2596828,14628568
319.838,2342824,254004,0,2596828,14628568
319.939,2342824,254004,0,2596828,14628568
320.039,2342824,254004,0,2596828,14628568
320.139,2342824,254004,0,2596828,14628568
320.239,2342824,254004,0,2596828,14628568
320.340,2342824,254004,0,2596828,14628568
320.440,2342824,254004,0,2596828,14628568
320.540,2342824,254004,0,2596828,14628568
320.640,2342824,254004,0,2596828,14628568
320.741,2342824,254004,0,2596828,14628568
320.841,2342824,254004,0,2596828,14628568
320.941,2342824,254004,0,2596828,14628568
321.042,2342824,254004,0,2596828,14628568
321.142,2342824,254004,0,2596828,14628568
321.242,2342824,254004,0,2596828,14628568
321.342,2342824,254004,0,2596828,14628568
321.443,2342824,254004,0,2596828,14628568
321.543,2342824,254004,0,2596828,14628568
321.643,2342824,254004,0,2596828,14628568
321.744,2342824,254004,0,2596828,14628568
321.844,2342824,254004,0,2596828,14628568
321.944,2342824,254004,0,2596828,14628568
322.044,2342824,254004,0,2596828,14628568
322.145,2342824,254004,0,2596828,14628568
322.245,2342824,254004,0,2596828,14628568
322.345,2342824,254004,0,2596828,14628568
322.446,2342824,254004,0,2596828,14628568
322.546,2342824,254004,0,2596828,14628568
322.646,2465136,254004,0,2719140,14628568
322.747,2645340,254004,0,2899344,14628568
322.847,2760760,254004,0,3014764,14628568
322.947,2939516,254004,0,3193520,14628568
323.047,3073880,254004,0,3327884,14628568
323.148,3203148,254004,0,3457152,14628568
323.248,3373576,254004,0,3627580,14628568
323.348,3555280,254004,0,3809284,14628568
323.448,3725464,254004,0,3979468,14628568
323.549,3892628,254004,0,4146632,14628568
323.649,4016140,254004,0,4270144,14628568
323.749,4102268,254004,0,4356272,14628568
323.850,4140380,254004,0,4394384,14628568
323.950,4145540,254004,0,4399544,14628568
324.050,4145856,254004,0,4399860,14628568
324.151,4146448,254004,0,4400452,14628568
324.251,4146504,254004,0,4400508,14628568
324.351,4146508,254004,0,4400512,14628568
324.452,4146508,254004,0,4400512,14628568
324.552,4146512,254004,0,4400516,14628568
324.652,4146512,254004,0,4400516,14628568
324.752,4146512,254004,0,4400516,14628568
324.853,4146512,254004,0,4400516,14628568
324.953,4146512,254004,0,4400516,14628568
325.053,4146512,254004,0,4400516,14628568
325.154,4146512,254004,0,4400516,14628568
325.254,4146512,254004,0,4400516,14628568
325.354,4146512,254004,0,4400516,14628568
325.455,4146512,254004,0,4400516,14628568
325.555,4146512,254004,0,4400516,14628568
325.655,4146512,254004,0,4400516,14628568
325.756,4146512,254004,0,4400516,14628568
325.856,4146512,254004,0,4400516,14628568
325.956,4146512,254004,0,4400516,14628568
326.056,4146512,254004,0,4400516,14628568
326.157,4146512,254004,0,4400516,14628568
326.257,4146512,254004,0,4400516,14628568
326.357,4146512,254004,0,4400516,14628568
326.457,4146512,254004,0,4400516,14628568
326.558,4146512,254004,0,4400516,14628568
326.658,4146512,254004,0,4400516,14628568
326.758,4146512,254004,0,4400516,14628568
326.859,4146512,254004,0,4400516,14628568
326.959,4146512,254004,0,4400516,14628568
327.059,4146512,254004,0,4400516,14628568
327.159,4146512,254004,0,4400516,14628568
327.260,4146512,254004,0,4400516,14628568
327.360,4146512,254004,0,4400516,14628568
327.460,4146512,254004,0,4400516,14628568
327.560,4146512,254004,0,4400516,14628568
327.661,4146512,254004,0,4400516,14628568
327.761,4146512,254004,0,4400516,14628568
327.861,4146512,254004,0,4400516,14628568
327.962,4146512,254004,0,4400516,14628568
328.062,4146512,254004,0,4400516,14628568
328.162,4146512,254004,0,4400516,14628568
328.263,4146512,254004,0,4400516,14628568
328.363,4146512,254004,0,4400516,14628568
328.463,4146512,254004,0,4400516,14628568
328.563,4146512,254004,0,4400516,14628568
328.664,4146512,254004,0,4400516,14628568
328.764,4146512,254004,0,4400516,14628568
328.864,4146512,254004,0,4400516,14628568
328.964,4146512,254004,0,4400516,14628568
329.065,4146512,254004,0,4400516,14628568
329.165,4146512,254004,0,4400516,14628568
329.265,4146512,254004,0,4400516,14628568
329.366,4146512,254004,0,4400516,14628568
329.466,4146512,254004,0,4400516,14628568
329.566,4146512,254004,0,4400516,14628568
329.667,4146512,254004,0,4400516,14628568
329.767,4146512,254004,0,4400516,14628568
329.867,4146512,254004,0,4400516,14628568
329.967,4146512,254004,0,4400516,14628568
330.068,4146512,254004,0,4400516,14628568
330.168,4146512,254004,0,4400516,14628568
330.268,4146512,254004,0,4400516,14628568
330.369,4146512,254004,0,4400516,14628568
330.469,4146512,254004,0,4400516,14628568
330.569,4146512,254004,0,4400516,14628568
330.670,4146512,254004,0,4400516,14628568
330.770,4146512,254004,0,4400516,14628568
330.870,4146512,254004,0,4400516,14628568
330.970,4146512,254004,0,4400516,14628568
331.071,4146512,254004,0,4400516,14628568
331.171,4146512,254004,0,4400516,14628568
331.271,4146512,254004,0,4400516,14628568
331.371,4146512,254004,0,4400516,14628568
331.472,4146512,254004,0,4400516,14628568
331.572,4146512,254004,0,4400516,14628568
331.672,4146512,254004,0,4400516,14628568
331.772,4146512,254004,0,4400516,14628568
331.873,4146512,254004,0,4400516,14628568
331.973,4146512,254004,0,4400516,14628568
332.073,4146512,254004,0,4400516,14628568
332.174,4146512,254004,0,4400516,14628568
332.274,4146512,254004,0,4400516,14628568
332.374,4146512,254004,0,4400516,14628568
332.475,4146512,254004,0,4400516,14628568
332.575,4146512,254004,0,4400516,14628568
332.675,4146512,254004,0,4400516,14628568
332.775,4146512,254004,0,4400516,14628568
332.876,4146512,254004,0,4400516,14628568
332.976,4146512,254004,0,4400516,14628568
333.076,4146512,254004,0,4400516,14628568
333.177,4146512,254004,0,4400516,14628568
333.277,4146512,254004,0,4400516,14628568
333.377,4146512,254004,0,4400516,14628568
333.477,4146512,254004,0,4400516,14628568
333.578,4146512,254004,0,4400516,14628568
333.678,4146512,254004,0,4400516,14628568
333.778,4146512,254004,0,4400516,14628568
333.879,4146512,254004,0,4400516,14628568
333.979,4146512,254004,0,4400516,14628568
334.079,4146512,254004,0,4400516,14628568
334.179,4146512,254004,0,4400516,14628568
334.280,4146512,254004,0,4400516,14628568
334.380,4146512,254004,0,4400516,14628568
334.480,4146512,254004,0,4400516,14628568
334.580,4146512,254004,0,4400516,14628568
334.681,4146512,254004,0,4400516,14628568
334.781,4146512,254004,0,4400516,14628568
334.881,4146512,254004,0,4400516,14628568
334.982,4146512,254004,0,4400516,14628568
335.082,4146512,254004,0,4400516,14628568
335.182,4146512,254004,0,4400516,14628568
335.282,4146512,254004,0,4400516,14628568
335.383,4146512,254004,0,4400516,14628568
335.483,4146512,254004,0,4400516,14628568
335.583,4146512,254004,0,4400516,14628568
335.684,4146512,254004,0,4400516,14628568
335.784,4146512,254004,0,4400516,14628568
335.884,4146512,254004,0,4400516,14628568
335.984,4146512,254004,0,4400516,14628568
336.085,4146512,254004,0,4400516,14628568
336.185,4146512,254004,0,4400516,14628568
336.285,4146512,254004,0,4400516,14628568
336.386,4146512,254004,0,4400516,14628568
336.486,4146512,254004,0,4400516,14628568
336.586,4146512,254004,0,4400516,14628568
336.687,4146512,254004,0,4400516,14628568
336.787,4146512,254004,0,4400516,14628568
336.887,4146512,254004,0,4400516,14628568
336.988,4146512,254004,0,4400516,14628568
337.088,4146512,254004,0,4400516,14628568
337.188,4146512,254004,0,4400516,14628568
337.288,4146512,254004,0,4400516,14628568
337.389,4146512,254004,0,4400516,14628568
337.489,4146512,254004,0,4400516,14628568
337.589,4146512,254004,0,4400516,14628568
337.690,4146512,254004,0,4400516,14628568
337.790,4146512,254004,0,4400516,14628568
337.890,4146512,254004,0,4400516,14628568
337.990,4146512,254004,0,4400516,14628568
338.091,4146512,254004,0,4400516,14628568
338.191,4146512,254004,0,4400516,14628568
338.291,4146512,254004,0,4400516,14628568
338.391,4146512,254004,0,4400516,14628568
338.492,4146512,254004,0,4400516,14628568
338.592,4146512,254004,0,4400516,14628568
338.692,4146512,254004,0,4400516,14628568
338.792,4146512,254004,0,4400516,14628568
338.893,4146512,254004,0,4400516,14628568
338.993,4146512,254004,0,4400516,14628568
339.093,4146512,254004,0,4400516,14628568
339.194,4146512,254004,0,4400516,14628568
339.294,4146512,254004,0,4400516,14628568
339.394,4146512,254004,0,4400516,14628568
339.494,4146512,254004,0,4400516,14628568
339.595,4146512,254004,0,4400516,14628568
339.695,4146512,254004,0,4400516,14628568
339.795,4146512,254004,0,4400516,14628568
339.895,4146512,254004,0,4400516,14628568
339.996,4146512,254004,0,4400516,14628568
340.096,4146512,254004,0,4400516,14628568
340.196,4146512,254004,0,4400516,14628568
340.296,4146512,254004,0,4400516,14628568
340.397,4146512,254004,0,4400516,14628568
340.497,4146512,254004,0,4400516,14628568
340.597,4146512,254004,0,4400516,14628568
340.698,4146512,254004,0,4400516,14628568
340.798,4146512,254004,0,4400516,14628568
340.898,4146512,254004,0,4400516,14628568
340.998,4146512,254004,0,4400516,14628568
341.098,4146512,254004,0,4400516,14628568
341.199,4146512,254004,0,4400516,14628568
341.299,4146512,254004,0,4400516,14628568
341.399,4146512,254004,0,4400516,14628568
341.499,4146512,254004,0,4400516,14628568
341.600,4146512,254004,0,4400516,14628568
341.700,4146512,254004,0,4400516,14628568
341.800,4146512,254004,0,4400516,14628568
341.900,4146512,254004,0,4400516,14628568
342.001,4210324,254004,0,4464328,14628568
342.101,4287816,254004,0,4541820,14628568
342.201,4364724,254004,0,4618728,14628568
342.302,4441344,254004,0,4695348,14628568
342.402,4515708,254004,0,4769712,14628568
342.502,4590032,254004,0,4844036,14628568
342.603,4664660,254004,0,4918664,14628568
342.703,4737808,254004,0,4991812,14628568
342.803,4815044,254004,0,5069048,14628568
342.903,4891796,254004,0,5145800,14628568
343.004,4968956,254004,0,5222960,14628568
343.104,5046524,254004,0,5300528,14628568
343.204,4246292,254004,0,4500296,14628568
343.305,3283732,254004,0,3537736,14628568
343.405,3283732,254004,0,3537736,14628568
343.505,3283732,254004,0,3537736,14628568
343.606,3283732,254004,0,3537736,14628568
343.706,3283732,254004,0,3537736,14628568
343.806,3283732,254004,0,3537736,14628568
343.906,3283732,254004,0,3537736,14628568
344.007,3283732,254004,0,3537736,14628568
344.107,2342824,254088,0,2596912,14628568
344.207,2303760,97512,0,2401272,14628568
344.308,2303760,97512,0,2401272,14628568
344.408,2303760,97512,0,2401272,14628568
344.508,2303760,97512,0,2401272,14628568
344.608,2303760,97512,0,2401272,14628568
344.709,2303760,97512,0,2401272,14628568
344.809,2303760,97512,0,2401272,14628568
344.909,2303760,97512,0,2401272,14628568
345.010,2303760,97512,0,2401272,14628568
345.110,2303760,97512,0,2401272,14628568
345.210,2303760,97512,0,2401272,14628568
345.310,2303760,97512,0,2401272,14628568
345.411,2303760,97512,0,2401272,14628568
345.511,2303760,97512,0,2401272,14628568
345.611,2303760,97512,0,2401272,14628568
345.711,2303760,97512,0,2401272,14628568
345.812,2303760,97512,0,2401272,14628568
345.912,2303760,97512,0,2401272,14628568
346.012,1796444,18288,0,1814732,14628568
