t,RssAnon,RssFile,RssShmem,VmRSS,VmHWM
0.001,12,0,0,12,12
0.102,9460,11840,0,21300,21300
0.202,9464,11840,0,21304,21304
0.302,9464,11840,0,21304,21304
0.403,9916,11840,0,21756,21756
0.503,9964,11840,0,21804,21804
0.603,61956,12428,0,74384,74384
0.704,147996,12684,0,160680,162500
0.804,159388,12748,0,172136,176168
0.904,96688,12748,0,109436,184088
1.004,96740,12748,0,109488,184088
1.105,96740,12748,0,109488,184088
1.205,96740,12748,0,109488,184088
1.305,96740,12748,0,109488,184088
1.406,96740,12748,0,109488,184088
1.506,96740,12748,0,109488,184088
1.606,96740,12748,0,109488,184088
1.706,108960,12748,0,121708,184088
1.807,127780,12748,0,140528,184088
1.907,146648,12748,0,159396,184088
2.007,165352,12748,0,178100,184088
2.107,184808,12748,0,197556,197556
2.208,202948,12748,0,215696,215696
2.308,221672,12748,0,234420,234420
2.408,240100,12748,0,252848,252848
2.509,252992,12748,0,265740,265740
2.609,101872,12812,0,114684,265372
2.709,120304,12812,0,133116,265372
2.809,134424,12812,0,147236,265372
2.910,148320,12812,0,161132,265372
3.010,166536,12812,0,179348,265372
3.110,184816,12812,0,197628,265372
3.211,202844,12812,0,215656,265372
3.311,221480,12812,0,234292,265372
3.411,239968,12812,0,252780,265372
3.511,268344,12812,0,281156,281156
3.612,409252,12812,0,422064,422064
3.712,447468,12812,0,460280,460280
3.812,214216,12812,0,227028,538960
3.913,370892,12812,0,383704,538960
4.013,373860,12812,0,386672,538960
4.113,398452,61964,0,460416,538960
4.214,256684,140348,0,397032,538960
4.314,311540,169132,0,480672,538960
4.414,411048,169132,0,580180,580180
4.519,452008,169132,0,621140,621140
4.619,484188,169144,0,653332,653332
4.720,491716,169144,0,660860,660860
4.820,492492,169144,0,661636,661636
4.920,493200,169144,0,662344,662344
5.021,493920,169144,0,663064,663064
5.121,494624,169144,0,663768,663768
5.221,495096,169144,0,664240,664240
5.321,495100,169144,0,664244,664244
5.422,495100,169144,0,664244,664244
5.522,495100,169144,0,664244,664244
5.622,495100,169144,0,664244,664244
5.722,495104,169144,0,664248,664248
5.823,495104,169144,0,664248,664248
5.923,495104,169144,0,664248,664248
6.023,495104,169144,0,664248,664248
6.123,495104,169144,0,664248,664248
6.223,495104,169144,0,664248,664248
6.324,495104,169144,0,664248,664248
6.424,495160,169144,0,664304,664304
6.524,495160,169144,0,664304,664304
6.625,495160,169144,0,664304,664304
6.725,495164,169144,0,664308,664308
6.825,495164,169144,0,664308,664308
6.925,495164,169144,0,664308,664308
7.025,495164,169144,0,664308,664308
7.126,495164,169144,0,664308,664308
7.226,495164,169144,0,664308,664308
7.326,222424,169144,0,391568,663624
7.427,230992,91244,0,322236,663624
7.527,257628,91244,0,348872,663624
7.627,260156,92128,0,352284,663624
7.727,242224,92384,0,334608,663624
7.828,311984,92384,0,404368,663624
7.928,239948,118956,0,358904,663624
8.028,309748,118956,0,428704,663624
8.129,324144,136844,0,460988,663624
8.229,286700,145080,0,431780,663624
8.329,324840,169552,0,494392,663624
8.430,257232,231356,0,488588,663624
8.530,313756,125284,0,439040,663624
8.630,240120,178932,0,419052,663624
8.730,295320,178932,0,474252,663624
8.831,313740,242936,0,556676,663624
8.931,291940,259420,0,551360,663624
9.031,326620,284652,0,611272,663624
9.132,262008,329996,0,592004,663624
9.232,323656,350928,0,674584,674584
9.332,250528,157820,0,408348,706116
9.433,323528,157820,0,481348,706116
9.533,329456,237908,0,567364,706116
9.633,295944,250268,0,546212,706116
9.733,330976,317064,0,648040,706116
9.834,266928,339728,0,606656,706116
9.934,328540,358852,0,687392,706116
10.035,268848,430972,0,699820,758176
10.135,336200,430972,0,767172,767172
10.235,249720,492620,0,742340,830968
10.336,318036,492620,0,810656,830968
10.436,298752,581656,0,880408,916000
10.536,302684,581656,0,884340,916000
10.636,254180,662164,0,916344,984408
10.737,326844,662164,0,989008,989008
10.837,251968,229380,0,481348,1012836
10.937,322452,229380,0,551832,1012836
11.038,241736,326772,0,568508,1012836
11.138,319392,326772,0,646164,1012836
11.238,350716,424932,0,775648,1012836
11.339,320156,426980,0,747136,1012836
11.439,263568,522076,0,785644,1012836
11.539,324756,522076,0,846832,1012836
11.639,242128,606908,0,849036,1012836
11.740,310204,606908,0,917112,1012836
11.840,275788,685612,0,961400,1012836
11.940,332072,703548,0,1035620,1035620
12.041,297212,764316,0,1061528,1095184
12.141,344720,740064,0,1084784,1118276
12.241,303812,781284,0,1085096,1124696
12.342,343484,865824,0,1209308,1209308
12.442,312532,869936,0,1182468,1212304
12.542,253532,950048,0,1203580,1291888
12.643,323316,950048,0,1273364,1291888
12.743,285532,1027856,0,1313388,1361768
12.843,340368,1071312,0,1411680,1411680
12.943,309468,1108416,0,1417884,1447856
13.044,353740,1167436,0,1521176,1521176
13.144,309632,1200556,0,1510188,1553076
13.244,355900,1244028,0,1599928,1599928
13.345,303284,242852,0,546136,1598868
13.445,361564,267588,0,629152,1598868
13.545,270440,335320,0,605760,1598868
13.646,334104,335320,0,669424,1598868
13.746,259244,421356,0,680600,1598868
13.846,339504,421356,0,760860,1598868
13.946,269952,501012,0,770964,1598868
14.047,344708,504468,0,849176,1598868
14.147,293928,581632,0,875560,1598868
14.247,359964,584164,0,944128,1598868
14.348,283864,674148,0,958012,1598868
14.448,357028,674148,0,1031176,1598868
14.548,377276,741756,0,1119032,1598868
14.649,304620,775548,0,1080168,1598868
14.749,370848,777600,0,1148448,1598868
14.849,336828,880876,0,1217704,1598868
14.949,331960,880876,0,1212836,1598868
15.050,371324,894152,0,1265476,1598868
15.150,371324,968032,0,1339356,1598868
15.250,326744,968032,0,1294776,1598868
15.350,361984,1017012,0,1378996,1598868
15.451,314568,1062328,0,1376896,1598868
15.551,351948,1128988,0,1480936,1598868
15.651,335332,1141304,0,1476636,1598868
15.751,289960,1225876,0,1515836,1598868
15.852,335204,1225876,0,1561080,1598868
15.952,352276,1310316,0,1662592,1662592
16.052,329748,1333856,0,1663604,1663604
16.153,328228,1362788,0,1691016,1691416
16.253,377832,1390172,0,1768004,1768004
16.353,377832,1627012,0,2004844,2004844
16.454,377832,1755900,0,2133732,2133732
16.554,377832,1897016,0,2274848,2274848
16.655,377832,1960144,0,2337976,2337976
16.755,377832,2173608,0,2551440,2551440
16.855,377832,2094180,0,2472012,2593688
16.956,377832,2218700,0,2596532,2596532
17.056,377832,2372764,0,2750596,2750596
17.157,377832,2454940,0,2832772,2832772
17.257,377832,2493844,0,2871676,2871676
17.358,377832,2561564,0,2939396,2939396
17.458,377832,2694768,0,3072600,3072600
17.559,377832,2494176,0,2872008,3100392
17.659,377832,2497632,0,2875464,3100392
17.759,377832,2510560,0,2888392,3100392
17.860,377832,2576108,0,2953940,3100392
17.960,377832,2617072,0,2994904,3100392
18.061,377832,2866980,0,3244812,3244812
18.161,377832,3134340,0,3512172,3512172
18.261,377832,3351964,0,3729796,3729796
18.362,377832,3509060,0,3886892,3886892
18.462,377832,3155828,0,3533660,3885844
18.562,377832,3232604,0,3610436,3885844
18.662,377832,3358796,0,3736628,3885844
18.763,377832,3501788,0,3879620,3885844
18.863,377832,3583648,0,3961480,3961480
18.964,377832,3659600,0,4037432,4037432
19.064,377832,3710512,0,4088344,4088344
19.164,377832,3894900,0,4272732,4272732
19.265,377832,4085072,0,4462904,4462904
19.365,377832,4255564,0,4633396,4633396
19.465,377832,4512444,0,4890276,4890276
19.566,377832,4693408,0,5071240,5071240
19.666,377832,4730764,0,5108596,5113104
19.766,377832,3736604,0,4114436,5113196
19.867,377832,3774840,0,4152672,5113196
19.967,377832,3824196,0,4202028,5113196
20.067,377832,3851140,0,4228972,5113196
20.167,377832,3894824,0,4272656,5113196
20.268,377832,3936236,0,4314068,5113196
20.368,377832,3972404,0,4350236,5113196
20.468,377832,3992904,0,4370736,5113196
20.569,377832,4009352,0,4387184,5113196
20.669,377832,3953072,0,4330904,5113196
20.770,377832,3977064,0,4354896,5113196
20.870,377832,4014108,0,4391940,5113196
20.971,377832,4052980,0,4430812,5113196
21.071,377832,4240724,0,4618556,5113196
21.171,377832,4352636,0,4730468,5113196
21.272,377832,4494404,0,4872236,5113196
21.372,297900,4562588,0,4860488,5113196
21.472,365504,4562492,0,4927996,5113196
21.572,300904,4568160,0,4869064,5113196
21.673,381908,4568160,0,4950068,5113196
21.773,348884,4568420,0,4917304,5113196
21.873,287836,4568708,0,4856544,5113196
21.974,368024,4568708,0,4936732,5113196
22.074,292484,4568980,0,4861464,5113196
22.174,371196,4568980,0,4940176,5113196
22.274,303800,4568764,0,4872564,5113196
22.375,374740,4568764,0,4943504,5113196
22.475,317476,4569000,0,4886476,5113196
22.575,386512,4569032,0,4955544,5113196
22.676,355716,4569220,0,4924936,5113196
22.776,327076,4569396,0,4896472,5113196
22.876,387820,4568688,0,4956508,5113196
22.977,340164,4568352,0,4908516,5113196
23.077,394512,4556520,0,4951032,5113196
23.177,448736,4556520,0,5005256,5113196
23.278,467676,4556616,0,5024292,5113196
23.378,352852,4556616,0,4909468,5113196
23.478,433508,4556616,0,4990124,5113196
23.579,507004,4556616,0,5063620,5113196
23.679,553956,4556720,0,5110676,5113196
23.779,554024,4556720,0,5110744,5113196
23.880,324700,4556720,0,4881420,5113196
23.980,391648,4556720,0,4948368,5113196
24.080,450860,4556720,0,5007580,5113196
24.181,513048,4556720,0,5069768,5113196
24.281,556176,4556872,0,5113048,5113196
24.381,323904,4556872,0,4880776,5113196
24.481,374560,4556872,0,4931432,5113196
24.582,453544,4556872,0,5010416,5113196
24.682,526936,4556872,0,5083808,5113196
24.782,561812,4556916,0,5118728,5118728
24.883,336280,4556916,0,4893196,5117784
24.983,412224,4556916,0,4969140,5117784
25.084,485956,4556916,0,5042872,5117784
25.184,559676,4556916,0,5116592,5117784
25.284,305612,4556956,0,4862568,5117784
25.384,379620,4556956,0,4936576,5117784
25.485,441748,4556956,0,4998704,5117784
25.585,497176,4556956,0,5054132,5117784
25.685,564480,4557176,0,5121656,5121656
25.786,564508,4558008,0,5122516,5122516
25.886,348924,4558008,0,4906932,5121564
25.986,407472,4558008,0,4965480,5121564
26.087,485844,4558008,0,5043852,5121564
26.187,557168,4558008,0,5115176,5121564
26.287,557196,4562220,0,5119416,5121564
26.388,320848,4562220,0,4883068,5121564
26.488,397824,4562220,0,4960044,5121564
26.588,461372,4562220,0,5023592,5121564
26.688,536528,4562220,0,5098748,5121564
26.789,563696,4563280,0,5126976,5126976
26.889,563696,4563280,0,5126976,5126976
26.989,371324,4563280,0,4934604,5125732
27.090,451260,4563280,0,5014540,5125732
27.190,526128,4563280,0,5089408,5125732
27.290,526704,4565360,0,5092064,5125732
27.391,321716,4565360,0,4887076,5125732
27.491,383940,4566656,0,4950596,5125732
27.591,320912,4566656,0,4887568,5125732
27.692,365260,4566656,0,4931916,5125732
27.792,389948,4567716,0,4957664,5125732
27.892,336992,4567716,0,4904708,5125732
27.993,285980,4630244,0,4916224,5125732
28.093,360376,4630244,0,4990620,5125732
28.193,385488,4698852,0,5084340,5125732
28.294,346488,4713188,0,5059676,5125732
28.394,381204,4749064,0,5130268,5130268
28.494,344584,4796168,0,5140752,5176108
28.594,281836,4873032,0,5154868,5255756
28.695,332132,4873032,0,5205164,5255756
28.795,374348,4873032,0,5247380,5255756
28.896,314580,4945372,0,5259952,5321740
28.996,382156,4945372,0,5327528,5327528
29.096,322424,5030800,0,5353224,5411720
29.197,373536,5060308,0,5433844,5433844
29.297,358164,5099220,0,5457384,5471636
29.397,295152,5173624,0,5468776,5547340
29.498,370752,5173624,0,5544376,5547340
29.598,320816,5253952,0,5574768,5632852
29.698,391012,5253952,0,5644964,5644964
29.799,343100,5344896,0,5687996,5734752
29.899,381268,5435916,0,5817184,5825872
29.999,325068,5435916,0,5760984,5825872
30.099,376964,5435916,0,5812880,5825872
30.200,309000,5527596,0,5836596,5908620
30.300,373300,5527596,0,5900896,5908620
30.400,305636,5623128,0,5928764,6013308
30.501,371512,5623128,0,5994640,6013308
30.601,396700,3278212,0,3674912,6047424
30.701,295940,1533316,0,1829256,6047424
30.802,370392,1533316,0,1903708,6047424
30.902,319280,1627724,0,1947004,6047424
31.002,389772,1625840,0,2015612,6047424
31.103,318408,1712192,0,2030600,6047424
31.203,367360,1771752,0,2139112,6047424
31.303,358612,1784052,0,2142664,6047424
31.404,287980,1862084,0,2150064,6047424
31.504,368868,1862084,0,2230952,6047424
31.604,311320,1947580,0,2258900,6047424
31.705,383028,1947580,0,2330608,6047424
31.805,383028,2151120,0,2534148,6047424
31.905,383028,2446884,0,2829912,6047424
32.006,383028,2744684,0,3127712,6047424
32.106,383028,2889864,0,3272892,6047424
32.206,383028,3107580,0,3490608,6047424
32.307,383028,3302168,0,3685196,6047424
32.407,383028,3402876,0,3785904,6047424
32.507,383028,3505924,0,3888952,6047424
32.608,383028,3662300,0,4045328,6047424
32.708,383028,3778500,0,4161528,6047424
32.809,383028,3862952,0,4245980,6047424
32.909,383028,2334512,0,2717540,6047424
33.009,383028,2633328,0,3016356,6047424
33.109,383028,2877004,0,3260032,6047424
33.210,383028,3135348,0,3518376,6047424
33.310,383028,3321264,0,3704292,6047424
33.410,383028,3415044,0,3798072,6047424
33.511,383028,3601016,0,3984044,6047424
33.611,383028,3848168,0,4231196,6047424
33.711,383028,4206384,0,4589412,6047424
33.812,383028,4487824,0,4870852,6047424
33.912,383028,4732112,0,5115140,6047424
34.012,383028,5037584,0,5420612,6047424
34.113,383028,5298284,0,5681312,6047424
34.213,383028,5495056,0,5878084,6047424
34.313,383028,5735824,0,6118852,6118852
34.414,383028,6058640,0,6441668,6441668
34.514,383028,6300240,0,6683268,6683268
34.614,383028,6418128,0,6801156,6801156
34.715,383028,6535048,0,6918076,6918076
34.815,383028,6711696,0,7094724,7094724
34.915,383028,6979852,0,7362880,7362880
35.016,383028,7156544,0,7539572,7539572
35.116,383028,7304000,0,7687028,7687028
35.217,383028,7502656,0,7885684,7885684
35.317,383028,7659496,0,8042524,8042524
35.417,383028,7841724,0,8224752,8224752
35.518,383028,8025952,0,8408980,8408980
35.618,383028,8201840,0,8584868,8584868
35.718,383028,8303180,0,8686208,8686208
35.819,383028,8414772,0,8797800,8797800
35.919,383028,8515704,0,8898732,8898732
36.020,383028,8517756,0,8900784,8928016
36.120,383028,8560624,0,8943652,8943652
36.220,383028,8560624,0,8943652,8943652
36.321,383028,8538300,0,8921328,8937236
36.421,383028,8562876,0,8945904,8945904
36.522,383028,8510864,0,8893892,8955480
36.622,383028,8561504,0,8944532,8955480
36.722,383028,8492004,0,8875032,8958240
36.823,383028,8568992,0,8952020,8958240
36.923,301412,8498292,0,8799704,8963088
37.023,363028,8498292,0,8861320,8963088
37.123,302840,8381520,0,8684360,8963088
37.224,369732,8381520,0,8751252,8963088
37.324,335652,8381520,0,8717172,8963088
37.424,387084,8381520,0,8768604,8963088
37.525,357520,8381520,0,8739040,8963088
37.625,318108,8309068,0,8627176,8963088
37.725,371612,8309068,0,8680680,8963088
37.825,293672,8309068,0,8602740,8963088
37.926,369056,8309068,0,8678124,8963088
38.026,316548,8198952,0,8515500,8963088
38.126,380972,8198952,0,8579924,8963088
38.227,340992,8198952,0,8539944,8963088
38.327,394040,8198952,0,8592992,8963088
38.427,356736,8198952,0,8555688,8963088
38.528,306356,8100444,0,8406800,8963088
38.628,378188,8100444,0,8478632,8963088
38.728,294632,8100444,0,8395076,8963088
38.829,367264,8100444,0,8467708,8963088
38.929,294428,8100444,0,8394872,8963088
39.029,368712,8100444,0,8469156,8963088
39.130,292448,7989600,0,8282048,8963088
39.230,367848,7989600,0,8357448,8963088
39.330,289888,7989856,0,8279744,8963088
39.430,369216,7989856,0,8359072,8963088
39.531,301800,7989856,0,8291656,8963088
39.631,376536,7989856,0,8366392,8963088
39.732,328228,7880808,0,8209036,8963088
39.832,308516,7880808,0,8189324,8963088
39.932,372736,7880808,0,8253544,8963088
40.032,315888,7797412,0,8113300,8963088
40.133,389052,7797412,0,8186464,8963088
40.233,328340,7797412,0,8125752,8963088
40.333,393716,7797412,0,8191128,8963088
40.434,302216,7797412,0,8099628,8963088
40.534,367740,7797412,0,8165152,8963088
40.634,285464,7741492,0,8026956,8963088
40.735,360368,7741492,0,8101860,8963088
40.835,314628,7741524,0,8056152,8963088
40.935,384672,7697628,0,8082300,8963088
41.036,298888,7697628,0,7996516,8963088
41.136,352956,7697628,0,8050584,8963088
41.237,392768,7574452,0,7967220,8963088
41.337,333316,7576692,0,7910008,8963088
41.437,387040,7576692,0,7963732,8963088
41.537,346044,7576692,0,7922736,8963088
41.638,392904,7576724,0,7969628,8963088
41.738,326156,7577316,0,7903472,8963088
41.838,378924,7577316,0,7956240,8963088
41.939,286628,7578340,0,7864968,8963088
42.039,355976,7578340,0,7934316,8963088
42.139,316084,7578340,0,7894424,8963088
42.240,373120,7578340,0,7951460,8963088
42.340,343136,7578340,0,7921476,8963088
42.440,337348,7507888,0,7845236,8963088
42.541,353676,7507888,0,7861564,8963088
42.641,357928,7507888,0,7865816,8963088
42.741,319528,7507888,0,7827416,8963088
42.841,365724,7423164,0,7788888,8963088
42.942,355884,7423164,0,7779048,8963088
43.042,306856,7427056,0,7733912,8963088
43.142,358304,7430436,0,7788740,8963088
43.243,342240,7433200,0,7775440,8963088
43.343,308892,7304316,0,7613208,8963088
43.443,381088,7304316,0,7685404,8963088
43.544,327340,7307428,0,7634768,8963088
43.644,301840,7314572,0,7616412,8963088
43.744,360592,7314572,0,7675164,8963088
43.845,383956,7191908,0,7575864,8963088
43.945,351824,7191908,0,7543732,8963088
44.045,297836,7198052,0,7495888,8963088
44.146,362920,7198052,0,7560972,8963088
44.246,372268,7212448,0,7584716,8963088
44.346,372268,7220116,0,7592384,8963088
44.447,372268,7172392,0,7544660,8963088
44.547,372268,7183196,0,7555464,8963088
44.648,372268,7193412,0,7565680,8963088
44.748,372268,7193000,0,7565268,8963088
44.849,372268,5618840,0,5991108,8963088
44.949,372268,5671500,0,6043768,8963088
45.049,372268,5747828,0,6120096,8963088
45.150,372268,5847448,0,6219716,8963088
45.250,372268,5958040,0,6330308,8963088
45.350,372268,6088856,0,6461124,8963088
45.451,372268,6178968,0,6551236,8963088
45.551,372268,6285208,0,6657476,8963088
45.651,372268,6385664,0,6757932,8963088
45.752,372268,6498224,0,6870492,8963088
45.852,372268,6572244,0,6944512,8963088
45.952,372268,6666692,0,7038960,8963088
46.053,372268,6735912,0,7108180,8963088
46.153,372268,6783968,0,7156236,8963088
46.253,372268,6831952,0,7204220,8963088
46.354,372268,6888692,0,7260960,8963088
46.454,372268,6966644,0,7338912,8963088
46.554,372268,7063304,0,7435572,8963088
46.655,372268,7185248,0,7557516,8963088
46.755,372268,7273476,0,7645744,8963088
46.855,372268,7351744,0,7724012,8963088
46.956,372268,7431740,0,7804008,8963088
47.056,372268,7516316,0,7888584,8963088
47.156,372268,7562476,0,7934744,8963088
47.257,372268,7620400,0,7992668,8963088
47.357,372268,7710512,0,8082780,8963088
47.458,372268,7798864,0,8171132,8963088
47.558,372268,7873536,0,8245804,8963088
47.658,372268,7971840,0,8344108,8963088
47.759,372268,8031232,0,8403500,8963088
47.859,372268,8160256,0,8532524,8963088
47.959,307104,8160512,0,8467616,8963088
48.060,360608,8160512,0,8521120,8963088
48.160,288860,8160512,0,8449372,8963088
48.260,362040,8160512,0,8522552,8963088
48.361,343132,8160768,0,8503900,8963088
48.461,326852,8160768,0,8487620,8963088
48.561,361780,8160768,0,8522548,8963088
48.662,322432,8160768,0,8483200,8963088
48.762,311844,8160768,0,8472612,8963088
48.862,307932,8160768,0,8468700,8963088
48.963,365680,8160768,0,8526448,8963088
49.063,346084,8160768,0,8506852,8963088
49.163,334948,8160768,0,8495716,8963088
49.264,336280,8160768,0,8497048,8963088
49.364,336920,8160768,0,8497688,8963088
49.464,299888,8160768,0,8460656,8963088
49.565,357376,8160768,0,8518144,8963088
49.665,327688,8160768,0,8488456,8963088
49.765,321268,8160768,0,8482036,8963088
49.865,304028,8160768,0,8464796,8963088
49.966,358644,8160768,0,8519412,8963088
50.066,346992,8160768,0,8507760,8963088
50.166,327492,8160768,0,8488260,8963088
50.267,294260,8160768,0,8455028,8963088
50.367,363208,8160768,0,8523976,8963088
50.467,306748,8160768,0,8467516,8963088
50.568,351700,8140992,0,8492692,8963088
50.668,385908,8090440,0,8476348,8963088
50.769,331408,8090440,0,8421848,8963088
50.869,365476,8011012,0,8376488,8963088
50.969,345732,7853496,0,8199228,8963088
51.070,283036,7782840,0,8065876,8963088
51.170,333612,7656044,0,7989656,8963088
51.270,296052,7472280,0,7768332,8963088
51.371,348720,7307112,0,7655832,8963088
51.471,375044,7204412,0,7579456,8963088
51.572,337476,7116524,0,7454000,8963088
51.672,380540,6914316,0,7294856,8963088
51.772,328288,6892756,0,7221044,8963088
51.873,289616,6673456,0,6963072,8963088
51.973,362436,6460716,0,6823152,8963088
52.073,350244,6225012,0,6575256,8963088
52.174,339176,6044152,0,6383328,8963088
52.274,302020,5846508,0,6148528,8963088
52.374,301864,5626720,0,5928584,8963088
52.474,354940,5560184,0,5915124,8963088
52.575,365012,5377784,0,5742796,8963088
52.675,330336,5377784,0,5708120,8963088
52.775,320284,5377784,0,5698068,8963088
52.876,312792,5377784,0,5690576,8963088
52.976,286160,5349112,0,5635272,8963088
53.076,322408,5349112,0,5671520,8963088
53.176,363680,5349112,0,5712792,8963088
53.277,358092,5349112,0,5707204,8963088
53.377,351012,5349112,0,5700124,8963088
53.477,353788,5349112,0,5702900,8963088
53.578,362216,5349112,0,5711328,8963088
53.678,342684,5349112,0,5691796,8963088
53.778,316860,5349112,0,5665972,8963088
53.879,304272,5349112,0,5653384,8963088
53.979,304404,5349112,0,5653516,8963088
54.079,363716,5349112,0,5712828,8963088
54.180,339964,5349112,0,5689076,8963088
54.280,311664,5349112,0,5660776,8963088
54.380,329776,5349112,0,5678888,8963088
54.481,340872,5349112,0,5689984,8963088
54.581,341484,5349112,0,5690596,8963088
54.681,329208,5349112,0,5678320,8963088
54.781,313820,5349112,0,5662932,8963088
54.882,370028,5349112,0,5719140,8963088
54.982,318740,5349112,0,5667852,8963088
55.083,285452,5349112,0,5634564,8963088
55.183,353988,5349112,0,5703100,8963088
55.283,344652,5349112,0,5693764,8963088
55.384,339252,5349112,0,5688364,8963088
55.484,330732,5349112,0,5679844,8963088
55.584,310992,5349112,0,5660104,8963088
55.684,381404,5349112,0,5730516,8963088
55.785,358904,5349112,0,5708016,8963088
55.885,327852,5349112,0,5676964,8963088
55.985,302004,5349112,0,5651116,8963088
56.086,375540,5349112,0,5724652,8963088
56.186,328880,5349112,0,5677992,8963088
56.286,386648,5349112,0,5735760,8963088
56.386,346660,5349112,0,5695772,8963088
56.487,332292,5349112,0,5681404,8963088
56.587,307396,5349112,0,5656508,8963088
56.687,372268,5349112,0,5721380,8963088
56.788,324900,5349112,0,5674012,8963088
56.888,359036,5349112,0,5708148,8963088
56.988,347672,5349112,0,5696784,8963088
57.089,326208,5349112,0,5675320,8963088
57.191,384184,5349112,0,5733296,8963088
57.295,345864,5349112,0,5694976,8963088
57.395,327756,5349112,0,5676868,8963088
57.496,380236,5349112,0,5729348,8963088
57.596,348668,5349112,0,5697780,8963088
57.696,305428,5349112,0,5654540,8963088
57.800,359348,5349112,0,5708460,8963088
57.903,332404,5349112,0,5681516,8963088
58.004,311984,5349112,0,5661096,8963088
58.104,368400,5349112,0,5717512,8963088
58.204,302124,5349112,0,5651236,8963088
58.304,366356,5349112,0,5715468,8963088
58.407,302608,5349112,0,5651720,8963088
58.507,357160,5349112,0,5706272,8963088
58.608,305968,5349112,0,5655080,8963088
58.708,371972,5349112,0,5721084,8963088
58.808,334560,5349112,0,5683672,8963088
58.909,332108,5349112,0,5681220,8963088
59.009,357132,5349112,0,5706244,8963088
59.109,296236,5349112,0,5645348,8963088
59.210,369436,5349112,0,5718548,8963088
59.310,337088,5349112,0,5686200,8963088
59.410,373176,5349112,0,5722288,8963088
59.511,317104,5349112,0,5666216,8963088
59.615,377976,5349112,0,5727088,8963088
59.716,341836,5349112,0,5690948,8963088
59.816,304932,5349112,0,5654044,8963088
59.923,368800,5349112,0,5717912,8963088
60.023,288660,5349112,0,5637772,8963088
60.124,350320,5349112,0,5699432,8963088
60.227,336364,5349112,0,5685476,8963088
60.327,306744,5349112,0,5655856,8963088
60.428,368540,5349112,0,5717652,8963088
60.531,316808,5349112,0,5665920,8963088
60.632,374344,5349112,0,5723456,8963088
60.732,331008,5349112,0,5680120,8963088
60.832,379224,5349112,0,5728336,8963088
60.932,322476,5349112,0,5671588,8963088
61.035,377112,5349112,0,5726224,8963088
61.135,305216,5349112,0,5654328,8963088
61.236,368148,5349112,0,5717260,8963088
61.336,295328,5349112,0,5644440,8963088
61.439,360844,5349112,0,5709956,8963088
61.540,322440,5349112,0,5671552,8963088
61.640,360076,5349112,0,5709188,8963088
61.740,340188,5349112,0,5689300,8963088
61.843,352484,5349112,0,5701596,8963088
61.944,350548,5349112,0,5699660,8963088
62.044,335588,5349112,0,5684700,8963088
62.144,304808,5349112,0,5653920,8963088
62.245,373056,5349112,0,5722168,8963088
62.345,349892,5349112,0,5699004,8963088
62.445,294612,5349112,0,5643724,8963088
62.546,364232,5349112,0,5713344,8963088
62.646,337012,5349112,0,5686124,8963088
62.746,293368,5349112,0,5642480,8963088
62.847,363408,5349112,0,5712520,8963088
62.947,325920,5349112,0,5675032,8963088
63.047,287060,5349112,0,5636172,8963088
63.147,356584,5349112,0,5705696,8963088
63.248,307528,5348056,0,5655584,8963088
63.348,384828,5348056,0,5732884,8963088
63.449,339016,5348056,0,5687072,8963088
63.549,300592,5348056,0,5648648,8963088
63.649,375368,5348056,0,5723424,8963088
63.750,336036,5348056,0,5684092,8963088
63.851,282836,5348056,0,5630892,8963088
63.951,349104,5348056,0,5697160,8963088
64.052,321820,5348056,0,5669876,8963088
64.152,303400,5348056,0,5651456,8963088
64.255,353732,5348056,0,5701788,8963088
64.356,287336,5348056,0,5635392,8963088
64.456,358512,5348056,0,5706568,8963088
64.563,344812,5348056,0,5692868,8963088
64.667,290224,5348056,0,5638280,8963088
64.767,353836,5348056,0,5701892,8963088
64.868,327564,5348056,0,5675620,8963088
64.968,376256,5348056,0,5724312,8963088
65.068,337420,5348056,0,5685476,8963088
65.169,383152,5348056,0,5731208,8963088
65.269,347188,5348056,0,5695244,8963088
65.370,307388,5348056,0,5655444,8963088
65.470,370732,5348056,0,5718788,8963088
65.570,341376,5348056,0,5689432,8963088
65.671,307764,5348056,0,5655820,8963088
65.771,377640,5348056,0,5725696,8963088
65.871,327032,5348056,0,5675088,8963088
65.971,288144,5348056,0,5636200,8963088
66.072,363632,5348056,0,5711688,8963088
66.172,341464,5348056,0,5689520,8963088
66.273,298200,5348056,0,5646256,8963088
66.373,367328,5348056,0,5715384,8963088
66.473,341916,5348056,0,5689972,8963088
66.573,324880,5348056,0,5672936,8963088
66.674,311172,5348056,0,5659228,8963088
66.774,365640,5348056,0,5713696,8963088
66.874,341320,5348056,0,5689376,8963088
66.975,315860,5348056,0,5663916,8963088
67.075,382896,5348056,0,5730952,8963088
67.175,353996,5348056,0,5702052,8963088
67.275,327872,5348056,0,5675928,8963088
67.376,307416,5348056,0,5655472,8963088
67.476,374868,5348056,0,5722924,8963088
67.576,346592,5348056,0,5694648,8963088
67.677,310160,5348056,0,5658216,8963088
67.777,376176,5348056,0,5724232,8963088
67.877,362344,5348056,0,5710400,8963088
67.978,325852,5348052,0,5673904,8963088
68.078,304236,5347928,0,5652164,8963088
68.178,374084,5347928,0,5722012,8963088
68.279,346736,5347928,0,5694664,8963088
68.379,327776,5347928,0,5675704,8963088
68.479,350008,5347928,0,5697936,8963088
68.579,355348,5347928,0,5703276,8963088
68.680,346252,5347928,0,5694180,8963088
68.780,334708,5347928,0,5682636,8963088
68.880,289040,5347928,0,5636968,8963088
68.981,356468,5347928,0,5704396,8963088
69.081,322252,5347928,0,5670180,8963088
69.181,293148,5347928,0,5641076,8963088
69.282,368068,5347928,0,5715996,8963088
69.382,341336,5347928,0,5689264,8963088
69.482,315652,5347928,0,5663580,8963088
69.582,380024,5347928,0,5727952,8963088
69.683,358900,5347928,0,5706828,8963088
69.783,324168,5347928,0,5672096,8963088
69.883,291444,5347928,0,5639372,8963088
69.984,362540,5347928,0,5710468,8963088
70.084,348076,5347928,0,5696004,8963088
70.184,326776,5347928,0,5674704,8963088
70.285,304444,5347928,0,5652372,8963088
70.385,373528,5347928,0,5721456,8963088
70.486,350200,5347336,0,5697536,8963088
70.586,323260,5347336,0,5670596,8963088
70.686,284956,5347336,0,5632292,8963088
70.786,352004,5347336,0,5699340,8963088
70.887,316888,5347208,0,5664096,8963088
70.987,383216,5345096,0,5728312,8963088
71.087,347948,5345096,0,5693044,8963088
71.188,322720,5344968,0,5667688,8963088
71.288,304024,5344968,0,5648992,8963088
71.388,379364,5344968,0,5724332,8963088
71.489,337556,5344968,0,5682524,8963088
71.589,355824,5344968,0,5700792,8963088
71.689,352948,5344968,0,5697916,8963088
71.790,346184,5344968,0,5691152,8963088
71.890,328532,5344968,0,5673500,8963088
71.990,308060,5344968,0,5653028,8963088
72.091,309172,5344968,0,5654140,8963088
72.191,285072,5344968,0,5630040,8963088
72.291,359796,5344968,0,5704764,8963088
72.391,339636,5344968,0,5684604,8963088
72.492,323520,5344968,0,5668488,8963088
72.592,285340,5344968,0,5630308,8963088
72.692,340876,5343944,0,5684820,8963088
72.793,321948,5343944,0,5665892,8963088
72.893,315216,5343688,0,5658904,8963088
72.993,317748,5343680,0,5661428,8963088
73.094,332904,5343680,0,5676584,8963088
73.194,315144,5343680,0,5658824,8963088
73.294,392772,5343680,0,5736452,8963088
73.394,309104,5343680,0,5652784,8963088
73.495,376604,5343680,0,5720284,8963088
73.595,345784,5343680,0,5689464,8963088
73.695,320644,5343680,0,5664324,8963088
73.795,330020,5343680,0,5673700,8963088
73.896,343716,5343680,0,5687396,8963088
73.996,338848,5343680,0,5682528,8963088
74.096,340940,5343680,0,5684620,8963088
74.197,331948,5343680,0,5675628,8963088
74.297,344028,5343680,0,5687708,8963088
74.397,351632,5343680,0,5695312,8963088
74.498,339496,5343680,0,5683176,8963088
74.598,349596,5343680,0,5693276,8963088
74.698,343408,5343680,0,5687088,8963088
74.799,355548,5343680,0,5699228,8963088
74.899,334440,5343680,0,5678120,8963088
74.999,329908,5343680,0,5673588,8963088
75.100,315092,5343680,0,5658772,8963088
75.200,312232,5343680,0,5655912,8963088
75.300,304476,5343680,0,5648156,8963088
75.401,364008,5343680,0,5707688,8963088
75.501,306364,5343680,0,5650044,8963088
75.601,342008,5343680,0,5685688,8963088
75.702,326200,5343680,0,5669880,8963088
75.802,306572,5343680,0,5650252,8963088
75.902,372764,5343680,0,5716444,8963088
76.003,353288,5343680,0,5696968,8963088
76.103,327796,5343680,0,5671476,8963088
76.203,395784,5343680,0,5739464,8963088
76.303,346348,5343680,0,5690028,8963088
76.404,307168,5343680,0,5650848,8963088
76.504,386264,5343680,0,5729944,8963088
76.604,357900,5343680,0,5701580,8963088
76.705,322596,5343680,0,5666276,8963088
76.805,387600,5343680,0,5731280,8963088
76.905,354044,5343680,0,5697724,8963088
77.006,323224,5343680,0,5666904,8963088
77.106,386884,5343680,0,5730564,8963088
77.206,368224,5343680,0,5711904,8963088
77.307,348184,5343680,0,5691864,8963088
77.407,325724,5343680,0,5669404,8963088
77.507,391764,5343680,0,5735444,8963088
77.607,363728,5343680,0,5707408,8963088
77.708,330620,5343680,0,5674300,8963088
77.808,326188,5343680,0,5669868,8963088
77.908,304944,5343680,0,5648624,8963088
78.009,374060,5343680,0,5717740,8963088
78.109,338688,5343680,0,5682368,8963088
78.210,302972,5343680,0,5646652,8963088
78.310,376364,5343680,0,5720044,8963088
78.410,354308,5343680,0,5697988,8963088
78.511,320684,5343664,0,5664348,8963088
78.611,329980,5343664,0,5673644,8963088
78.711,351060,5343664,0,5694724,8963088
78.811,323388,5343664,0,5667052,8963088
78.912,288348,5343664,0,5632012,8963088
79.012,356876,5343664,0,5700540,8963088
79.112,338316,5341616,0,5679932,8963088
79.213,291656,5341616,0,5633272,8963088
79.313,355012,5341616,0,5696628,8963088
79.413,324200,5341616,0,5665816,8963088
79.514,349864,5341616,0,5691480,8963088
79.614,356008,5341616,0,5697624,8963088
79.714,348912,5341488,0,5690400,8963088
79.814,346560,5341488,0,5688048,8963088
79.915,315468,5341488,0,5656956,8963088
80.015,302996,5341488,0,5644484,8963088
80.115,364696,5341488,0,5706184,8963088
80.216,335676,5341488,0,5677164,8963088
80.316,306056,5341488,0,5647544,8963088
80.416,367216,5341488,0,5708704,8963088
80.517,328932,5341488,0,5670420,8963088
80.617,325084,5341488,0,5666572,8963088
80.717,299608,5341488,0,5641096,8963088
80.818,371660,5341488,0,5713148,8963088
80.918,355316,5341488,0,5696804,8963088
81.018,328696,5341488,0,5670184,8963088
81.118,305012,5341488,0,5646500,8963088
81.219,364480,5341488,0,5705968,8963088
81.319,352236,5341488,0,5693724,8963088
81.419,346344,5341488,0,5687832,8963088
81.520,332144,5341488,0,5673632,8963088
81.620,349352,5341488,0,5690840,8963088
81.720,363544,5341168,0,5704712,8963088
81.821,341612,5341152,0,5682764,8963088
81.921,326568,5341152,0,5667720,8963088
82.021,312296,5341152,0,5653448,8963088
82.122,371016,5341152,0,5712168,8963088
82.222,330440,5341152,0,5671592,8963088
82.322,287436,5340240,0,5627676,8963088
82.422,360068,5340240,0,5700308,8963088
82.523,341068,5340240,0,5681308,8963088
82.623,311192,5340240,0,5651432,8963088
82.723,302048,5340240,0,5642288,8963088
82.824,365012,5340240,0,5705252,8963088
82.924,336892,5340240,0,5677132,8963088
83.024,327100,5340240,0,5667340,8963088
83.125,310208,5340240,0,5650448,8963088
83.225,289340,5340240,0,5629580,8963088
83.325,355116,5340240,0,5695356,8963088
83.426,343592,5340240,0,5683832,8963088
83.526,324728,5340240,0,5664968,8963088
83.626,315356,5340240,0,5655596,8963088
83.726,308140,5339984,0,5648124,8963088
83.827,368060,5339984,0,5708044,8963088
83.927,347808,5339984,0,5687792,8963088
84.027,324048,5339984,0,5664032,8963088
84.128,309916,5339984,0,5649900,8963088
84.228,377740,5339984,0,5717724,8963088
84.328,351204,5339984,0,5691188,8963088
84.429,320908,5339984,0,5660892,8963088
84.529,384424,5339984,0,5724408,8963088
84.629,354384,5339984,0,5694368,8963088
84.730,329408,5339984,0,5669392,8963088
84.830,404780,5339984,0,5744764,8963088
84.930,430260,5339984,0,5770244,8963088
85.031,352272,5339984,0,5692256,8963088
85.131,314384,5339984,0,5654368,8963088
85.231,385600,5339984,0,5725584,8963088
85.332,349124,5339984,0,5689108,8963088
85.432,319292,5338960,0,5658252,8963088
85.532,336616,5338960,0,5675576,8963088
85.633,372896,5338960,0,5711856,8963088
85.733,385992,5338960,0,5724952,8963088
85.833,379108,5338960,0,5718068,8963088
85.933,384912,5338960,0,5723872,8963088
86.034,384764,5338960,0,5723724,8963088
86.134,335216,5338960,0,5674176,8963088
86.234,398020,5338960,0,5736980,8963088
86.334,388636,5338960,0,5727596,8963088
86.435,366568,5338960,0,5705528,8963088
86.535,335216,5338960,0,5674176,8963088
86.635,336596,5338960,0,5675556,8963088
86.736,336596,5338960,0,5675556,8963088
86.836,337284,5338960,0,5676244,8963088
86.936,336596,5338960,0,5675556,8963088
87.037,342272,5338960,0,5681232,8963088
87.137,385084,5338960,0,5724044,8963088
87.237,349620,5338960,0,5688580,8963088
87.338,336600,5338960,0,5675560,8963088
87.438,338216,5338960,0,5677176,8963088
87.538,399904,5338960,0,5738864,8963088
87.639,379916,5338960,0,5718876,8963088
87.739,364476,5338960,0,5703436,8963088
87.839,338216,5338960,0,5677176,8963088
87.940,338216,5338960,0,5677176,8963088
88.040,394540,5338960,0,5733500,8963088
88.140,347556,5338960,0,5686516,8963088
88.240,338216,5338960,0,5677176,8963088
88.341,402952,5338960,0,5741912,8963088
88.441,375428,5338960,0,5714388,8963088
88.541,338216,5338960,0,5677176,8963088
88.642,414660,5338960,0,5753620,8963088
88.742,385036,5338960,0,5723996,8963088
88.842,338488,5338960,0,5677448,8963088
88.943,338216,5338960,0,5677176,8963088
89.043,400388,5338960,0,5739348,8963088
89.143,389332,5338960,0,5728292,8963088
89.243,362248,5338960,0,5701208,8963088
89.344,338216,5338960,0,5677176,8963088
89.444,406852,5338960,0,5745812,8963088
89.544,392784,5338960,0,5731744,8963088
89.645,352924,5338960,0,5691884,8963088
89.745,338216,5338960,0,5677176,8963088
89.845,396692,5338960,0,5735652,8963088
89.946,364048,5338960,0,5703008,8963088
90.046,347736,5338960,0,5686696,8963088
90.146,392744,5338960,0,5731704,8963088
90.246,344016,5338960,0,5682976,8963088
90.347,338216,5338960,0,5677176,8963088
90.447,399672,5338960,0,5738632,8963088
90.547,372124,5338960,0,5711084,8963088
90.648,338216,5338960,0,5677176,8963088
90.748,415504,5338960,0,5754464,8963088
90.848,380284,5338960,0,5719244,8963088
90.949,338216,5338960,0,5677176,8963088
91.049,338216,5338960,0,5677176,8963088
91.149,390496,5338960,0,5729456,8963088
91.250,347812,5338960,0,5686772,8963088
91.350,338216,5338960,0,5677176,8963088
91.450,402768,5338960,0,5741728,8963088
91.551,387304,5338960,0,5726264,8963088
91.651,338216,5338960,0,5677176,8963088
91.751,338216,5338960,0,5677176,8963088
91.851,399444,5338960,0,5738404,8963088
91.952,377468,5338960,0,5716428,8963088
92.052,338216,5338960,0,5677176,8963088
92.152,338216,5338960,0,5677176,8963088
92.253,405164,5338960,0,5744124,8963088
92.353,381312,5338960,0,5720272,8963088
92.453,338216,5338960,0,5677176,8963088
92.554,417724,5338960,0,5756684,8963088
92.654,385168,5338960,0,5724128,8963088
92.754,338216,5338192,0,5676408,8963088
92.854,420964,5338192,0,5759156,8963088
92.955,384908,5338192,0,5723100,8963088
93.055,338216,5338188,0,5676404,8963088
93.155,410064,5338188,0,5748252,8963088
93.256,381296,5338188,0,5719484,8963088
93.356,371732,5338188,0,5709920,8963088
93.456,347084,5338188,0,5685272,8963088
93.557,338216,5338188,0,5676404,8963088
93.657,400340,5338188,0,5738528,8963088
93.757,364760,5338188,0,5702948,8963088
93.858,338216,5338188,0,5676404,8963088
93.958,400572,5338188,0,5738760,8963088
94.058,350516,5338188,0,5688704,8963088
94.158,338216,5338188,0,5676404,8963088
94.259,403828,5338188,0,5742016,8963088
94.359,385860,5338188,0,5724048,8963088
94.459,370948,5338188,0,5709136,8963088
94.560,338804,5338188,0,5676992,8963088
94.660,344500,5338188,0,5682688,8963088
94.760,390884,5338188,0,5729072,8963088
94.860,338216,5338188,0,5676404,8963088
94.961,338216,5338188,0,5676404,8963088
95.061,400732,5338188,0,5738920,8963088
95.161,379748,5338188,0,5717936,8963088
95.262,339568,5338188,0,5677756,8963088
95.362,425620,5338188,0,5763808,8963088
95.462,350824,5338188,0,5689012,8963088
95.562,344576,5338188,0,5682764,8963088
95.663,324800,5338188,0,5662988,8963088
95.763,358904,5338188,0,5697092,8963088
95.863,376108,5338188,0,5714296,8963088
95.963,348116,5338188,0,5686304,8963088
96.064,339700,5338188,0,5677888,8963088
96.164,321076,5338188,0,5659264,8963088
96.264,321076,5338188,0,5659264,8963088
96.365,391552,5338188,0,5729740,8963088
96.465,375036,5338188,0,5713224,8963088
96.565,353820,5338188,0,5692008,8963088
96.665,321076,5338188,0,5659264,8963088
96.766,389532,5338188,0,5727720,8963088
96.866,361768,5338188,0,5699956,8963088
96.966,321944,5338188,0,5660132,8963088
97.067,396416,5338188,0,5734604,8963088
97.167,366484,5338188,0,5704672,8963088
97.267,338956,5338188,0,5677144,8963088
97.368,405600,5338188,0,5743788,8963088
97.468,379380,5338188,0,5717568,8963088
97.568,347740,5338188,0,5685928,8963088
97.669,323148,5338188,0,5661336,8963088
97.769,393756,5338188,0,5731944,8963088
97.869,358764,5338188,0,5696952,8963088
97.970,323388,5338188,0,5661576,8963088
98.070,404036,5338060,0,5742096,8963088
98.170,368084,5338060,0,5706144,8963088
98.271,335272,5338060,0,5673332,8963088
98.371,407824,5338060,0,5745884,8963088
98.471,372136,5338060,0,5710196,8963088
98.572,335272,5338060,0,5673332,8963088
98.672,406300,5338060,0,5744360,8963088
98.772,366560,5338060,0,5704620,8963088
98.873,335272,5338060,0,5673332,8963088
98.973,412660,5338060,0,5750720,8963088
99.073,379656,5338060,0,5717716,8963088
99.174,335272,5338060,0,5673332,8963088
99.274,335272,5338060,0,5673332,8963088
99.374,402368,5338060,0,5740428,8963088
99.474,389408,5338056,0,5727464,8963088
99.575,379144,5338056,0,5717200,8963088
99.675,352248,5338056,0,5690304,8963088
99.775,338180,5338056,0,5676236,8963088
99.875,411848,5338056,0,5749904,8963088
99.976,366556,5338056,0,5704612,8963088
100.076,418068,5338056,0,5756124,8963088
100.176,395948,5338056,0,5734004,8963088
100.277,354952,5338056,0,5693008,8963088
100.377,338840,5338056,0,5676896,8963088
100.477,338840,5338056,0,5676896,8963088
100.578,405576,5338056,0,5743632,8963088
100.678,391596,5338056,0,5729652,8963088
100.778,367316,5338056,0,5705372,8963088
100.879,338840,5336360,0,5675200,8963088
100.979,404668,5335528,0,5740196,8963088
101.079,373064,5335400,0,5708464,8963088
101.180,295500,5335400,0,5630900,8963088
101.280,375692,5335400,0,5711092,8963088
101.380,351376,5335400,0,5686776,8963088
101.481,315700,5335400,0,5651100,8963088
101.581,391652,5335400,0,5727052,8963088
101.681,368452,5335400,0,5703852,8963088
101.781,359172,5335400,0,5694572,8963088
101.882,342780,5335400,0,5678180,8963088
101.982,316020,5335400,0,5651420,8963088
102.082,383260,5335400,0,5718660,8963088
102.182,375760,5335400,0,5711160,8963088
102.283,353052,5335400,0,5688452,8963088
102.383,318736,5335400,0,5654136,8963088
102.483,318736,5335400,0,5654136,8963088
102.584,372604,5335400,0,5708004,8963088
102.684,353176,5335400,0,5688576,8963088
102.784,318736,5335400,0,5654136,8963088
102.885,397936,5335400,0,5733336,8963088
102.985,371116,5335400,0,5706516,8963088
103.085,339588,5335400,0,5674988,8963088
103.185,324280,5335400,0,5659680,8963088
103.286,386848,5335400,0,5722248,8963088
103.386,373924,5335400,0,5709324,8963088
103.486,366664,5335400,0,5702064,8963088
103.587,361736,5335400,0,5697136,8963088
103.687,324280,5335400,0,5659680,8963088
103.787,396608,5335400,0,5732008,8963088
103.887,355892,5335400,0,5691292,8963088
103.988,339916,5335400,0,5675316,8963088
104.088,384556,5335400,0,5719956,8963088
104.188,348572,5335400,0,5683972,8963088
104.288,415488,5335400,0,5750888,8963088
104.389,377664,5335400,0,5713064,8963088
104.489,331552,5335400,0,5666952,8963088
104.589,407484,5335400,0,5742884,8963088
104.690,375404,5335400,0,5710804,8963088
104.790,345132,5335400,0,5680532,8963088
104.890,329776,5335400,0,5665176,8963088
104.991,383836,5335400,0,5719236,8963088
105.091,348876,5335400,0,5684276,8963088
105.191,369580,5335400,0,5704980,8963088
105.291,380096,5335400,0,5715496,8963088
105.392,327432,5335400,0,5662832,8963088
105.492,405716,5335400,0,5741116,8963088
105.592,373292,5335400,0,5708692,8963088
105.693,348884,5335400,0,5684284,8963088
105.793,324280,5335400,0,5659680,8963088
105.893,389132,5335400,0,5724532,8963088
105.993,362200,5335400,0,5697600,8963088
106.094,324280,5335400,0,5659680,8963088
106.194,393596,5335400,0,5728996,8963088
106.294,360992,5335400,0,5696392,8963088
106.395,324280,5335400,0,5659680,8963088
106.495,395784,5335400,0,5731184,8963088
106.595,364492,5335400,0,5699892,8963088
106.696,331540,5335400,0,5666940,8963088
106.796,391876,5335144,0,5727020,8963088
106.897,363012,5334712,0,5697724,8963088
106.997,324280,5334712,0,5658992,8963088
107.097,390304,5334712,0,5725016,8963088
107.198,360188,5334712,0,5694900,8963088
107.298,324280,5334712,0,5658992,8963088
107.398,393992,5334712,0,5728704,8963088
107.498,368892,5334712,0,5703604,8963088
107.599,346592,5334712,0,5681304,8963088
107.699,324996,5334712,0,5659708,8963088
107.799,386120,5334712,0,5720832,8963088
107.900,355272,5331064,0,5686336,8963088
108.000,324996,5324184,0,5649180,8963088
108.100,392068,5324184,0,5716252,8963088
108.201,372708,5323160,0,5695868,8963088
108.301,344896,5323160,0,5668056,8963088
108.401,324996,5323160,0,5648156,8963088
108.502,324996,5323160,0,5648156,8963088
108.602,325360,5323160,0,5648520,8963088
108.702,349180,5323160,0,5672340,8963088
108.803,356452,5323160,0,5679612,8963088
108.903,368092,5323160,0,5691252,8963088
109.003,366640,5323160,0,5689800,8963088
109.103,327216,5323160,0,5650376,8963088
109.204,381584,5322392,0,5703976,8963088
109.304,381200,5322392,0,5703592,8963088
109.405,354412,5322392,0,5676804,8963088
109.507,327216,5322392,0,5649608,8963088
109.608,327216,5322392,0,5649608,8963088
109.708,386424,5322392,0,5708816,8963088
109.808,365176,5321432,0,5686608,8963088
109.908,354408,5321368,0,5675776,8963088
110.009,328836,5321368,0,5650204,8963088
110.109,331708,5321368,0,5653076,8963088
110.209,331708,5321368,0,5653076,8963088
110.310,331708,5321368,0,5653076,8963088
110.410,331708,5321368,0,5653076,8963088
110.510,338816,5321304,0,5660120,8963088
110.611,333728,5321304,0,5655032,8963088
110.711,391656,5321304,0,5712960,8963088
110.811,370924,5321304,0,5692228,8963088
110.912,368684,5321304,0,5689988,8963088
111.012,353080,5321176,0,5674256,8963088
111.112,333728,5321176,0,5654904,8963088
111.212,333728,5321176,0,5654904,8963088
111.313,387552,5321176,0,5708728,8963088
111.413,363092,5321176,0,5684268,8963088
111.513,337588,5321176,0,5658764,8963088
111.614,410432,5321176,0,5731608,8963088
111.714,388396,5321176,0,5709572,8963088
111.814,363064,5321176,0,5684240,8963088
111.915,333728,5321176,0,5654904,8963088
112.015,404292,5321176,0,5725468,8963088
112.115,390100,5321176,0,5711276,8963088
112.215,364092,5321176,0,5685268,8963088
112.316,333728,5321176,0,5654904,8963088
112.416,392360,5321176,0,5713536,8963088
112.516,376988,5321176,0,5698164,8963088
112.617,351224,5321176,0,5672400,8963088
112.717,333728,5321176,0,5654904,8963088
112.817,396260,5321176,0,5717436,8963088
112.918,363924,5321176,0,5685100,8963088
113.018,333728,5321176,0,5654904,8963088
113.118,401536,5321176,0,5722712,8963088
113.218,382404,5321176,0,5703580,8963088
113.319,363008,5321176,0,5684184,8963088
113.419,350620,5321176,0,5671796,8963088
113.519,333728,5321112,0,5654840,8963088
113.620,401296,5321112,0,5722408,8963088
113.720,388292,5321112,0,5709404,8963088
113.820,365316,5321112,0,5686428,8963088
113.921,333728,5321112,0,5654840,8963088
114.021,402552,5321048,0,5723600,8963088
114.121,345252,5321048,0,5666300,8963088
114.221,379648,5320920,0,5700568,8963088
114.322,388324,5320920,0,5709244,8963088
114.422,336748,5320920,0,5657668,8963088
114.522,416348,5320920,0,5737268,8963088
114.623,380864,5320888,0,5701752,8963088
114.723,336748,5320888,0,5657636,8963088
114.823,407988,5320888,0,5728876,8963088
114.923,348180,5319864,0,5668044,8963088
115.024,336748,5319864,0,5656612,8963088
115.124,389912,5319864,0,5709776,8963088
115.224,339056,5319864,0,5658920,8963088
115.325,336748,5319864,0,5656612,8963088
115.425,406168,5319864,0,5726032,8963088
115.525,382836,5319864,0,5702700,8963088
115.626,336748,5319864,0,5656612,8963088
115.726,407352,5319864,0,5727216,8963088
115.826,336748,5319864,0,5656612,8963088
115.926,421972,5319352,0,5741324,8963088
116.027,384792,5319352,0,5704144,8963088
116.127,338844,5318520,0,5657364,8963088
116.227,336748,5318520,0,5655268,8963088
116.328,399568,5318520,0,5718088,8963088
116.428,367708,5318520,0,5686228,8963088
116.528,336748,5318520,0,5655268,8963088
116.629,409924,5318392,0,5728316,8963088
116.729,383232,5318392,0,5701624,8963088
116.829,342672,5318392,0,5661064,8963088
116.930,336748,5318392,0,5655140,8963088
117.030,407600,5318392,0,5725992,8963088
117.130,393892,5318392,0,5712284,8963088
117.230,370280,5318392,0,5688672,8963088
117.331,336748,5318392,0,5655140,8963088
117.431,336748,5318392,0,5655140,8963088
117.531,408484,5318392,0,5726876,8963088
117.632,385716,5318392,0,5704108,8963088
117.732,336796,5318392,0,5655188,8963088
117.832,336748,5318392,0,5655140,8963088
117.932,407920,5318392,0,5726312,8963088
118.033,386296,5317368,0,5703664,8963088
118.133,366924,5316792,0,5683716,8963088
118.234,336748,5315320,0,5652068,8963088
118.334,336748,5315320,0,5652068,8963088
118.434,410644,5315320,0,5725964,8963088
118.534,392936,5315320,0,5708256,8963088
118.635,373896,5315320,0,5689216,8963088
118.735,360032,5315320,0,5675352,8963088
118.835,336748,5315320,0,5652068,8963088
118.936,410308,5315320,0,5725628,8963088
119.036,373056,5315320,0,5688376,8963088
119.136,336748,5315064,0,5651812,8963088
119.237,336748,5315064,0,5651812,8963088
119.337,408036,5315064,0,5723100,8963088
119.437,397272,5315064,0,5712336,8963088
119.538,374776,5315064,0,5689840,8963088
119.638,336748,5315064,0,5651812,8963088
119.738,336748,5315064,0,5651812,8963088
119.838,412208,5315064,0,5727272,8963088
119.939,391576,5315064,0,5706640,8963088
120.039,380488,5315064,0,5695552,8963088
120.139,336748,5315064,0,5651812,8963088
120.240,336748,5315064,0,5651812,8963088
120.340,395292,5315064,0,5710356,8963088
120.440,359456,5315064,0,5674520,8963088
120.541,427504,5315064,0,5742568,8963088
120.641,389464,5315064,0,5704528,8963088
120.741,338220,5315064,0,5653284,8963088
120.842,405976,5315064,0,5721040,8963088
120.942,363140,5315064,0,5678204,8963088
121.042,338556,5315064,0,5653620,8963088
121.143,403164,5315064,0,5718228,8963088
121.243,384356,5315064,0,5699420,8963088
121.343,343388,5315064,0,5658452,8963088
121.447,338556,5315064,0,5653620,8963088
121.547,396712,5315064,0,5711776,8963088
121.648,371884,5315064,0,5686948,8963088
121.748,338556,5315064,0,5653620,8963088
121.848,422936,5315064,0,5738000,8963088
121.949,397496,5315064,0,5712560,8963088
122.049,361860,5315064,0,5676924,8963088
122.149,304476,5315064,0,5619540,8963088
122.250,385408,5314728,0,5700136,8963088
122.350,361744,5314728,0,5676472,8963088
122.450,338748,5314728,0,5653476,8963088
122.550,318152,5314728,0,5632880,8963088
122.651,376400,5314728,0,5691128,8963088
122.751,359124,5314728,0,5673852,8963088
122.851,318448,5314728,0,5633176,8963088
122.952,389032,5314728,0,5703760,8963088
123.052,375504,5314728,0,5690232,8963088
123.152,336872,5314728,0,5651600,8963088
123.253,395684,5314728,0,5710412,8963088
123.353,375276,5314728,0,5690004,8963088
123.453,346616,5314728,0,5661344,8963088
123.553,320240,5314728,0,5634968,8963088
123.654,388580,5314728,0,5703308,8963088
123.754,363244,5314728,0,5677972,8963088
123.854,409740,5314728,0,5724468,8963088
123.955,370752,5314728,0,5685480,8963088
124.055,334740,5314728,0,5649468,8963088
124.155,405424,5314728,0,5720152,8963088
124.255,381680,5314728,0,5696408,8963088
124.356,347860,5314728,0,5662588,8963088
124.456,321652,5314728,0,5636380,8963088
124.556,394476,5314728,0,5709204,8963088
124.657,377828,5314728,0,5692556,8963088
124.757,359184,5314728,0,5673912,8963088
124.857,330712,5314728,0,5645440,8963088
124.958,398480,5314728,0,5713208,8963088
125.058,383796,5314728,0,5698524,8963088
125.158,357964,5314728,0,5672692,8963088
125.258,330920,5314728,0,5645648,8963088
125.359,395464,5314728,0,5710192,8963088
125.459,369792,5314728,0,5684520,8963088
125.559,356708,5314728,0,5671436,8963088
125.660,330920,5314728,0,5645648,8963088
125.760,396376,5314728,0,5711104,8963088
125.860,359696,5314728,0,5674424,8963088
125.960,330976,5314728,0,5645704,8963088
126.061,395124,5314728,0,5709852,8963088
126.161,363284,5314728,0,5678012,8963088
126.261,330976,5314724,0,5645700,8963088
126.362,401548,5314724,0,5716272,8963088
126.462,334568,5314724,0,5649292,8963088
126.562,330976,5314724,0,5645700,8963088
126.663,392832,5314724,0,5707556,8963088
126.763,345968,5314596,0,5660564,8963088
126.863,387028,5314532,0,5701560,8963088
126.964,416512,5312484,0,5728996,8963088
127.064,346620,5312260,0,5658880,8963088
127.164,408712,5312260,0,5720972,8963088
127.265,330976,5311556,0,5642532,8963088
127.365,330976,5310260,0,5641236,8963088
127.465,379796,5310260,0,5690056,8963088
127.566,399976,5310228,0,5710204,8963088
127.666,414680,5310228,0,5724908,8963088
127.766,338324,5310116,0,5648440,8963088
127.866,389532,5309860,0,5699392,8963088
127.966,330976,5309780,0,5640756,8963088
128.067,391268,5309012,0,5700280,8963088
128.167,357360,5308692,0,5666052,8963088
128.267,400788,5308436,0,5709224,8963088
128.368,330976,5308420,0,5639396,8963088
128.468,356064,5308420,0,5664484,8963088
128.568,330976,5308420,0,5639396,8963088
128.669,353144,5308420,0,5661564,8963088
128.769,408148,5308420,0,5716568,8963088
128.869,372280,5308420,0,5680700,8963088
128.970,330976,5308036,0,5639012,8963088
129.070,386676,5308036,0,5694712,8963088
129.170,348236,5306868,0,5655104,8963088
129.271,405340,5306804,0,5712144,8963088
129.371,368580,5305940,0,5674520,8963088
129.471,330976,5305492,0,5636468,8963088
129.572,385196,5305492,0,5690688,8963088
129.672,365920,5305492,0,5671412,8963088
129.772,330976,5305460,0,5636436,8963088
129.873,330976,5305460,0,5636436,8963088
129.973,394292,5305460,0,5699752,8963088
130.073,372344,5305460,0,5677804,8963088
130.174,337848,5305332,0,5643180,8963088
130.274,330976,5305332,0,5636308,8963088
130.374,384552,5305332,0,5689884,8963088
130.475,362764,5304308,0,5667072,8963088
130.575,331176,5304308,0,5635484,8963088
130.675,406568,5304308,0,5710876,8963088
130.776,371740,5304308,0,5676048,8963088
130.876,381952,5304308,0,5686260,8963088
130.976,385892,5304308,0,5690200,8963088
131.076,331596,5304308,0,5635904,8963088
131.177,412792,5304308,0,5717100,8963088
131.277,377872,5304308,0,5682180,8963088
131.377,331896,5304308,0,5636204,8963088
131.478,374716,5304308,0,5679024,8963088
131.578,394432,5304308,0,5698740,8963088
131.678,355784,5304308,0,5660092,8963088
131.779,331176,5304308,0,5635484,8963088
131.879,399472,5304308,0,5703780,8963088
131.979,363776,5304308,0,5668084,8963088
132.079,331176,5304308,0,5635484,8963088
132.180,394316,5304308,0,5698624,8963088
132.280,364316,5304308,0,5668624,8963088
132.380,331176,5304308,0,5635484,8963088
132.481,395216,5304308,0,5699524,8963088
132.581,359212,5304308,0,5663520,8963088
132.681,331176,5304308,0,5635484,8963088
132.781,404276,5304308,0,5708584,8963088
132.882,371424,5304308,0,5675732,8963088
132.982,331176,5304308,0,5635484,8963088
133.082,400860,5304308,0,5705168,8963088
133.183,376864,5304180,0,5681044,8963088
133.283,331184,5304180,0,5635364,8963088
133.383,331184,5304180,0,5635364,8963088
133.483,389116,5303508,0,5692624,8963088
133.584,372704,5303508,0,5676212,8963088
133.684,332472,5303508,0,5635980,8963088
133.784,373848,5303508,0,5677356,8963088
133.885,388148,5303508,0,5691656,8963088
133.985,360124,5303508,0,5663632,8963088
134.085,332472,5303508,0,5635980,8963088
134.186,414184,5303508,0,5717692,8963088
134.286,391400,5303508,0,5694908,8963088
134.386,366360,5303508,0,5669868,8963088
134.486,332472,5303508,0,5635980,8963088
134.587,413712,5303508,0,5717220,8963088
134.687,390056,5303508,0,5693564,8963088
134.787,358100,5302548,0,5660648,8963088
134.887,332472,5302548,0,5635020,8963088
134.988,396600,5302548,0,5699148,8963088
135.088,366132,5302548,0,5668680,8963088
135.188,350548,5302548,0,5653096,8963088
135.289,332472,5302548,0,5635020,8963088
135.389,390116,5302548,0,5692664,8963088
135.489,354376,5302532,0,5656908,8963088
135.589,426744,5302532,0,5729276,8963088
135.690,379212,5302324,0,5681536,8963088
135.790,332472,5302324,0,5634796,8963088
135.890,413904,5302308,0,5716212,8963088
135.990,372764,5302308,0,5675072,8963088
136.091,352880,5302308,0,5655188,8963088
136.191,332472,5302308,0,5634780,8963088
136.291,406012,5302308,0,5708320,8963088
136.392,385560,5302308,0,5687868,8963088
136.492,361212,5302308,0,5663520,8963088
136.592,332472,5302308,0,5634780,8963088
136.692,403700,5302300,0,5706000,8963088
136.793,370552,5302292,0,5672844,8963088
136.893,334016,5301268,0,5635284,8963088
136.993,402992,5301268,0,5704260,8963088
137.094,369408,5301268,0,5670676,8963088
137.194,334016,5300756,0,5634772,8963088
137.294,404116,5300756,0,5704872,8963088
137.395,377924,5300756,0,5678680,8963088
137.495,382352,5300756,0,5683108,8963088
137.595,365656,5300756,0,5666412,8963088
137.695,334016,5300756,0,5634772,8963088
137.796,334016,5300756,0,5634772,8963088
137.896,398928,5300756,0,5699684,8963088
137.996,384992,5300756,0,5685748,8963088
138.097,379472,5300756,0,5680228,8963088
138.197,366100,5300756,0,5666856,8963088
138.297,357548,5300756,0,5658304,8963088
138.398,357168,5300756,0,5657924,8963088
138.498,349472,5300756,0,5650228,8963088
138.598,334016,5300756,0,5634772,8963088
138.698,334316,5300756,0,5635072,8963088
138.799,353368,5300756,0,5654124,8963088
138.899,367260,5300756,0,5668016,8963088
138.999,378328,5300756,0,5679084,8963088
139.100,334352,5300756,0,5635108,8963088
139.200,334584,5300756,0,5635340,8963088
139.300,334584,5300756,0,5635340,8963088
139.401,392808,5300756,0,5693564,8963088
139.501,388540,5300756,0,5689296,8963088
139.601,334584,5300756,0,5635340,8963088
139.701,334584,5300756,0,5635340,8963088
139.802,334584,5300756,0,5635340,8963088
139.902,334584,5300756,0,5635340,8963088
140.002,391952,5300756,0,5692708,8963088
140.103,369756,5300756,0,5670512,8963088
140.203,336332,5300756,0,5637088,8963088
140.303,334584,5300756,0,5635340,8963088
140.403,334584,5300756,0,5635340,8963088
140.504,400060,5300756,0,5700816,8963088
140.604,384200,5300756,0,5684956,8963088
140.704,364088,5300756,0,5664844,8963088
140.805,334584,5300756,0,5635340,8963088
140.905,368816,5300756,0,5669572,8963088
141.005,395576,5300756,0,5696332,8963088
141.105,355768,5300756,0,5656524,8963088
141.206,334584,5300756,0,5635340,8963088
141.306,403056,5300756,0,5703812,8963088
141.407,376516,5300756,0,5677272,8963088
141.507,334584,5300756,0,5635340,8963088
141.607,403264,5300756,0,5704020,8963088
141.708,335868,5300756,0,5636624,8963088
141.808,420212,5300756,0,5720968,8963088
141.908,378100,5300756,0,5678856,8963088
142.008,335868,5300756,0,5636624,8963088
142.109,407212,5300756,0,5707968,8963088
142.209,371868,5300756,0,5672624,8963088
142.309,335872,5300756,0,5636628,8963088
142.410,405104,5300756,0,5705860,8963088
142.510,372604,5300756,0,5673360,8963088
142.610,335872,5300756,0,5636628,8963088
142.711,408824,5300756,0,5709580,8963088
142.811,388796,5300752,0,5689548,8963088
142.911,337968,5300752,0,5638720,8963088
143.012,335872,5300752,0,5636624,8963088
143.112,395792,5300752,0,5696544,8963088
143.212,365748,5300752,0,5666500,8963088
143.312,335872,5300752,0,5636624,8963088
143.413,418768,5300752,0,5719520,8963088
143.513,389664,5300752,0,5690416,8963088
143.613,335872,5300752,0,5636624,8963088
143.714,401564,5300752,0,5702316,8963088
143.814,361900,5300752,0,5662652,8963088
143.914,426852,5300752,0,5727604,8963088
144.015,394420,5300752,0,5695172,8963088
144.115,365424,5300752,0,5666176,8963088
144.215,336972,5300752,0,5637724,8963088
144.316,413180,5300752,0,5713932,8963088
144.416,380680,5300752,0,5681432,8963088
144.516,353700,5300752,0,5654452,8963088
144.617,349208,5300752,0,5649960,8963088
144.717,353348,5300752,0,5654100,8963088
144.817,336972,5300752,0,5637724,8963088
144.918,392080,5300752,0,5692832,8963088
145.018,349392,5300752,0,5650144,8963088
145.118,336972,5300752,0,5637724,8963088
145.219,391340,5300752,0,5692092,8963088
145.319,336972,5300752,0,5637724,8963088
145.419,336972,5300752,0,5637724,8963088
145.520,400904,5300752,0,5701656,8963088
145.620,389092,5300752,0,5689844,8963088
145.720,363392,5300752,0,5664144,8963088
145.821,336972,5300752,0,5637724,8963088
145.921,397800,5300752,0,5698552,8963088
146.021,336972,5300752,0,5637724,8963088
146.122,336972,5300752,0,5637724,8963088
146.222,341920,5300748,0,5642668,8963088
146.322,389812,5300748,0,5690560,8963088
146.423,378748,5300748,0,5679496,8963088
146.523,356112,5300748,0,5656860,8963088
146.623,342616,5300748,0,5643364,8963088
146.723,392220,5300748,0,5692968,8963088
146.824,336972,5300748,0,5637720,8963088
146.924,336972,5300748,0,5637720,8963088
147.024,407696,5300748,0,5708444,8963088
147.125,375872,5300748,0,5676620,8963088
147.225,336972,5300748,0,5637720,8963088
147.325,400504,5300748,0,5701252,8963088
147.425,383204,5300748,0,5683952,8963088
147.526,340952,5300748,0,5641700,8963088
147.626,372656,5300748,0,5673404,8963088
147.726,391792,5300740,0,5692532,8963088
147.827,377916,5300740,0,5678656,8963088
147.927,344452,5300740,0,5645192,8963088
148.027,356944,5300740,0,5657684,8963088
148.127,337588,5300740,0,5638328,8963088
148.228,404524,5300740,0,5705264,8963088
148.328,377816,5300740,0,5678556,8963088
148.428,337588,5300740,0,5638328,8963088
148.529,413120,5300740,0,5713860,8963088
148.629,366052,5300740,0,5666792,8963088
148.729,337588,5300740,0,5638328,8963088
148.830,419268,5300740,0,5720008,8963088
148.930,387900,5300740,0,5688640,8963088
149.030,374640,5300740,0,5675380,8963088
149.130,369560,5300740,0,5670300,8963088
149.231,357012,5300740,0,5657752,8963088
149.331,368688,5300740,0,5669428,8963088
149.431,370104,5300740,0,5670844,8963088
149.531,363024,5300740,0,5663764,8963088
149.632,357612,5300740,0,5658352,8963088
149.732,373632,5300740,0,5674372,8963088
149.833,360848,5300740,0,5661588,8963088
149.933,337588,5300740,0,5638328,8963088
150.033,337588,5300740,0,5638328,8963088
150.134,337744,5300740,0,5638484,8963088
150.234,337588,5300740,0,5638328,8963088
150.334,337588,5300740,0,5638328,8963088
150.434,392852,5300740,0,5693592,8963088
150.535,379300,5300740,0,5680040,8963088
150.635,351204,5300740,0,5651944,8963088
150.735,341276,5300740,0,5642016,8963088
150.835,337588,5300740,0,5638328,8963088
150.936,337588,5300740,0,5638328,8963088
151.036,394408,5300740,0,5695148,8963088
151.136,388032,5300740,0,5688772,8963088
151.237,381152,5300740,0,5681892,8963088
151.337,373352,5300740,0,5674092,8963088
151.437,359748,5300740,0,5660488,8963088
151.537,337668,5300740,0,5638408,8963088
151.638,337588,5300740,0,5638328,8963088
151.738,337588,5300740,0,5638328,8963088
151.839,386576,5300740,0,5687316,8963088
151.939,395612,5300740,0,5696352,8963088
152.039,346084,5300740,0,5646824,8963088
152.139,337588,5300740,0,5638328,8963088
152.240,393152,5300740,0,5693892,8963088
152.340,355256,5300740,0,5655996,8963088
152.440,428044,5300740,0,5728784,8963088
152.541,387688,5300740,0,5688428,8963088
152.641,337588,5300740,0,5638328,8963088
152.741,416888,5300740,0,5717628,8963088
152.842,377140,5300740,0,5677880,8963088
152.942,299816,5300740,0,5600556,8963088
153.042,384368,5300740,0,5685108,8963088
153.143,352252,5300740,0,5652992,8963088
153.243,320828,5300740,0,5621568,8963088
153.343,384572,5300740,0,5685312,8963088
153.444,353720,5300740,0,5654460,8963088
153.544,321672,5300740,0,5622412,8963088
153.644,395984,5300740,0,5696724,8963088
153.745,365500,5300740,0,5666240,8963088
153.845,329776,5300740,0,5630516,8963088
153.945,391244,5300740,0,5691984,8963088
154.045,387988,5300740,0,5688728,8963088
154.146,457288,5300740,0,5758028,8963088
154.246,530504,5300740,0,5831244,8963088
154.346,602960,5300740,0,5903700,8963088
154.447,375596,5300740,0,5676336,8963088
154.547,450396,5300740,0,5751136,8963088
154.647,339316,5300740,0,5640056,8963088
154.747,428160,5300740,0,5728900,8963088
154.848,346324,5300740,0,5647064,8963088
154.948,317804,5300740,0,5618544,8963088
155.048,379944,5300740,0,5680684,8963088
155.149,448784,5300740,0,5749524,8963088
155.249,517152,5300740,0,5817892,8963088
155.349,339020,5300740,0,5639760,8963088
155.450,417964,5300740,0,5718704,8963088
155.550,365568,5300740,0,5666308,8963088
155.650,332932,5300740,0,5633672,8963088
155.750,398524,5300740,0,5699264,8963088
155.851,349820,5300740,0,5650560,8963088
155.951,414032,5300740,0,5714772,8963088
156.051,380464,5300740,0,5681204,8963088
156.152,335740,5300740,0,5636480,8963088
156.252,399424,5300740,0,5700164,8963088
156.352,395240,5300740,0,5695980,8963088
156.452,336412,5300740,0,5637152,8963088
156.553,336412,5300740,0,5637152,8963088
156.653,336412,5300740,0,5637152,8963088
156.753,339716,5300740,0,5640456,8963088
156.854,336412,5300740,0,5637152,8963088
156.954,336412,5300740,0,5637152,8963088
157.054,336412,5300740,0,5637152,8963088
157.154,401780,5300740,0,5702520,8963088
157.255,376796,5300740,0,5677536,8963088
157.355,350924,5300740,0,5651664,8963088
157.455,338968,5300740,0,5639708,8963088
157.556,338968,5300740,0,5639708,8963088
157.656,398132,5300740,0,5698872,8963088
157.756,359992,5300740,0,5660732,8963088
157.857,338968,5300740,0,5639708,8963088
157.957,411656,5300740,0,5712396,8963088
158.057,358492,5300740,0,5659232,8963088
158.158,322852,5300740,0,5623592,8963088
158.258,400544,5300740,0,5701284,8963088
158.358,380952,5300740,0,5681692,8963088
158.458,356464,5300740,0,5657204,8963088
158.559,334140,5300740,0,5634880,8963088
158.659,370260,5300740,0,5671000,8963088
158.759,391704,5300740,0,5692444,8963088
158.860,362444,5300740,0,5663184,8963088
158.960,334824,5300740,0,5635564,8963088
159.060,409460,5300740,0,5710200,8963088
159.160,380784,5300740,0,5681524,8963088
159.261,334824,5300740,0,5635564,8963088
159.361,411004,5300740,0,5711744,8963088
159.461,388016,5300740,0,5688756,8963088
159.562,362636,5300740,0,5663376,8963088
159.662,334824,5300740,0,5635564,8963088
159.762,409160,5300740,0,5709900,8963088
159.862,388020,5300740,0,5688760,8963088
159.963,373896,5300740,0,5674636,8963088
160.067,335940,5300740,0,5636680,8963088
160.167,334824,5300740,0,5635564,8963088
160.268,392228,5300740,0,5692968,8963088
160.368,375936,5300740,0,5676676,8963088
160.468,348916,5300740,0,5649656,8963088
160.569,334824,5300740,0,5635564,8963088
160.669,398172,5300740,0,5698912,8963088
160.769,374200,5300740,0,5674940,8963088
160.870,359260,5300740,0,5660000,8963088
160.970,334824,5300740,0,5635564,8963088
161.070,401044,5300740,0,5701784,8963088
161.171,375792,5300740,0,5676532,8963088
161.271,339544,5300740,0,5640284,8963088
161.371,377164,5300740,0,5677904,8963088
161.471,392560,5300740,0,5693300,8963088
161.572,366784,5300740,0,5667524,8963088
161.672,334824,5300740,0,5635564,8963088
161.772,407448,5300740,0,5708188,8963088
161.872,374580,5300740,0,5675320,8963088
161.973,334824,5300740,0,5635564,8963088
162.073,406212,5300740,0,5706952,8963088
162.173,387476,5300740,0,5688216,8963088
162.274,364272,5300740,0,5665012,8963088
162.374,334824,5300740,0,5635564,8963088
162.474,362200,5300740,0,5662940,8963088
162.575,394312,5300740,0,5695052,8963088
162.675,382188,5300740,0,5682928,8963088
162.775,362680,5300740,0,5663420,8963088
162.876,334824,5300740,0,5635564,8963088
162.976,403652,5300740,0,5704392,8963088
163.076,385004,5300740,0,5685744,8963088
163.177,373148,5300740,0,5673888,8963088
163.277,341320,5300740,0,5642060,8963088
163.377,334824,5300740,0,5635564,8963088
163.477,401724,5300420,0,5702144,8963088
163.578,376904,5300420,0,5677324,8963088
163.678,366524,5300420,0,5666944,8963088
163.778,334824,5300420,0,5635244,8963088
163.878,412488,5300420,0,5712908,8963088
163.979,393588,5300420,0,5694008,8963088
164.079,370440,5300420,0,5670860,8963088
164.179,359584,5300420,0,5660004,8963088
164.280,350848,5300420,0,5651268,8963088
164.380,334824,5300420,0,5635244,8963088
164.480,334824,5300388,0,5635212,8963088
164.581,399044,5300388,0,5699432,8963088
164.681,391572,5300388,0,5691960,8963088
164.781,384108,5300388,0,5684496,8963088
164.881,355292,5300388,0,5655680,8963088
164.982,335652,5300388,0,5636040,8963088
165.082,335652,5300388,0,5636040,8963088
165.182,393056,5300388,0,5693444,8963088
165.282,378948,5300388,0,5679336,8963088
165.383,379576,5300388,0,5679964,8963088
165.483,364968,5300196,0,5665164,8963088
165.583,335652,5300196,0,5635848,8963088
165.684,401008,5300196,0,5701204,8963088
165.784,371140,5300196,0,5671336,8963088
165.884,335652,5300196,0,5635848,8963088
165.985,408148,5300132,0,5708280,8963088
166.085,372068,5300132,0,5672200,8963088
166.185,337576,5300132,0,5637708,8963088
166.287,338648,5300132,0,5638780,8963088
166.387,406356,5300132,0,5706488,8963088
166.488,372792,5300132,0,5672924,8963088
166.588,338648,5300132,0,5638780,8963088
166.688,396656,5300132,0,5696788,8963088
166.789,382952,5300132,0,5683084,8963088
166.889,375468,5300132,0,5675600,8963088
166.990,338648,5300132,0,5638780,8963088
167.090,418096,5300116,0,5718212,8963088
167.190,391368,5300116,0,5691484,8963088
167.290,379796,5300116,0,5679912,8963088
167.391,367392,5300116,0,5667508,8963088
167.491,367196,5300116,0,5667312,8963088
167.591,358644,5300116,0,5658760,8963088
167.692,349016,5300116,0,5649132,8963088
167.792,376004,5300116,0,5676120,8963088
167.892,397804,5300116,0,5697920,8963088
167.992,380308,5300116,0,5680424,8963088
168.093,352868,5300116,0,5652984,8963088
168.193,338648,5300116,0,5638764,8963088
168.293,417764,5300116,0,5717880,8963088
168.394,392776,5300116,0,5692892,8963088
168.494,362312,5300116,0,5662428,8963088
168.594,338648,5300116,0,5638764,8963088
168.695,422168,5300116,0,5722284,8963088
168.795,384220,5300116,0,5684336,8963088
168.895,338648,5300116,0,5638764,8963088
168.995,382444,5300116,0,5682560,8963088
169.096,384852,5300116,0,5684968,8963088
169.196,338648,5300116,0,5638764,8963088
169.296,416432,5300116,0,5716548,8963088
169.397,389424,5300116,0,5689540,8963088
169.497,356340,5300116,0,5656456,8963088
169.597,338648,5300116,0,5638764,8963088
169.698,410364,5300116,0,5710480,8963088
169.798,385036,5300116,0,5685152,8963088
169.898,363268,5300116,0,5663384,8963088
169.998,338648,5300116,0,5638764,8963088
170.099,404152,5300116,0,5704268,8963088
170.199,379344,5300116,0,5679460,8963088
170.299,339720,5300116,0,5639836,8963088
170.399,424632,5300116,0,5724748,8963088
170.500,392820,5300116,0,5692936,8963088
170.600,347316,5300116,0,5647432,8963088
170.700,339720,5300116,0,5639836,8963088
170.801,339720,5300116,0,5639836,8963088
170.901,401300,5300116,0,5701416,8963088
171.001,391356,5300084,0,5691440,8963088
171.101,392152,5300084,0,5692236,8963088
171.202,377820,5300084,0,5677904,8963088
171.302,339720,5300084,0,5639804,8963088
171.402,339720,5300084,0,5639804,8963088
171.502,397792,5300084,0,5697876,8963088
171.603,382712,5300084,0,5682796,8963088
171.703,340580,5300084,0,5640664,8963088
171.803,387952,5300084,0,5688036,8963088
171.904,361844,5300084,0,5661928,8963088
172.004,329112,5300084,0,5629196,8963088
172.104,403740,5300084,0,5703824,8963088
172.205,374064,5300084,0,5674148,8963088
172.305,325336,5300084,0,5625420,8963088
172.405,405120,5298036,0,5703156,8963088
172.505,370292,5298036,0,5668328,8963088
172.606,325336,5298036,0,5623372,8963088
172.706,407164,5298036,0,5705200,8963088
172.806,374296,5298036,0,5672332,8963088
172.907,332356,5298036,0,5630392,8963088
173.007,408492,5298036,0,5706528,8963088
173.107,374816,5298036,0,5672852,8963088
173.208,349012,5298036,0,5647048,8963088
173.308,326244,5298036,0,5624280,8963088
173.408,375528,5298036,0,5673564,8963088
173.509,343124,5298036,0,5641160,8963088
173.609,326244,5297940,0,5624184,8963088
173.709,391748,5297940,0,5689688,8963088
173.809,379540,5297940,0,5677480,8963088
173.910,359444,5297876,0,5657320,8963088
174.010,326244,5297876,0,5624120,8963088
174.110,399592,5297876,0,5697468,8963088
174.211,362040,5297876,0,5659916,8963088
174.311,326244,5297876,0,5624120,8963088
174.411,390568,5297876,0,5688444,8963088
174.511,355920,5297876,0,5653796,8963088
174.612,326244,5297812,0,5624056,8963088
174.712,381200,5297812,0,5679012,8963088
174.812,333756,5297812,0,5631568,8963088
174.913,329728,5297812,0,5627540,8963088
175.013,384804,5297812,0,5682616,8963088
175.113,329744,5297812,0,5627556,8963088
175.213,405236,5297812,0,5703048,8963088
175.314,363820,5297812,0,5661632,8963088
175.414,335664,5297812,0,5633476,8963088
175.514,380928,5297064,0,5677992,8963088
175.614,329744,5297064,0,5626808,8963088
175.715,405360,5297064,0,5702424,8963088
175.815,364364,5297064,0,5661428,8963088
175.915,414352,5295240,0,5709592,8963088
176.015,375368,5295216,0,5670584,8963088
176.116,329744,5295216,0,5624960,8963088
176.216,405124,5295216,0,5700340,8963088
176.316,366964,5295216,0,5662180,8963088
176.417,329876,5295216,0,5625092,8963088
176.517,403548,5295216,0,5698764,8963088
176.617,378880,5295216,0,5674096,8963088
176.717,339824,5295216,0,5635040,8963088
176.818,414504,5295216,0,5709720,8963088
176.918,376436,5295216,0,5671652,8963088
177.018,359372,5295216,0,5654588,8963088
177.119,329744,5295216,0,5624960,8963088
177.219,353908,5295216,0,5649124,8963088
177.319,386496,5295216,0,5681712,8963088
177.419,347036,5295216,0,5642252,8963088
177.520,329744,5295216,0,5624960,8963088
177.620,329744,5295216,0,5624960,8963088
177.720,394688,5295216,0,5689904,8963088
177.821,355964,5295216,0,5651180,8963088
177.921,329744,5295216,0,5624960,8963088
178.021,391740,5290064,0,5681804,8963088
178.121,388220,5290064,0,5678284,8963088
178.222,373016,5290064,0,5663080,8963088
178.322,347496,5290064,0,5637560,8963088
178.422,442772,5290064,0,5732836,8963088
178.523,479796,5290064,0,5769860,8963088
178.623,348912,5290064,0,5638976,8963088
178.723,392928,5290064,0,5682992,8963088
178.824,357604,5290064,0,5647668,8963088
178.924,317204,5290064,0,5607268,8963088
179.024,380496,5290064,0,5670560,8963088
179.125,350148,5290064,0,5640212,8963088
179.225,320968,5290064,0,5611032,8963088
179.325,352268,5290064,0,5642332,8963088
179.426,378732,5290064,0,5668796,8963088
179.526,371164,5290064,0,5661228,8963088
179.626,334896,5290064,0,5624960,8963088
179.726,410708,5290064,0,5700772,8963088
179.827,371468,5290064,0,5661532,8963088
179.927,327204,5290064,0,5617268,8963088
180.028,326092,5290064,0,5616156,8963088
180.128,388072,5290064,0,5678136,8963088
180.228,383328,5290064,0,5673392,8963088
180.328,362136,5290064,0,5652200,8963088
180.429,334984,5290064,0,5625048,8963088
180.529,327116,5290064,0,5617180,8963088
180.629,395220,5290064,0,5685284,8963088
180.730,375092,5290064,0,5665156,8963088
180.830,373928,5290064,0,5663992,8963088
180.930,360448,5290064,0,5650512,8963088
181.031,330356,5290064,0,5620420,8963088
181.131,329152,5290064,0,5619216,8963088
181.231,346404,5290064,0,5636468,8963088
181.332,356908,5290064,0,5646972,8963088
181.432,348504,5290064,0,5638568,8963088
181.532,327116,5290064,0,5617180,8963088
181.633,327116,5290064,0,5617180,8963088
181.733,327116,5290064,0,5617180,8963088
181.833,327116,5290064,0,5617180,8963088
181.933,327116,5290064,0,5617180,8963088
182.034,327116,5290064,0,5617180,8963088
182.134,389908,5289488,0,5679396,8963088
182.234,378252,5289488,0,5667740,8963088
182.335,346828,5289488,0,5636316,8963088
182.435,327116,5289248,0,5616364,8963088
182.535,390888,5289184,0,5680072,8963088
182.636,382948,5289184,0,5672132,8963088
182.736,327116,5289184,0,5616300,8963088
182.836,398044,5289184,0,5687228,8963088
182.936,371020,5289184,0,5660204,8963088
183.037,348724,5289180,0,5637904,8963088
183.137,327116,5289180,0,5616296,8963088
183.237,327116,5289180,0,5616296,8963088
183.338,327116,5289132,0,5616248,8963088
183.438,365008,5289132,0,5654140,8963088
183.538,327116,5289132,0,5616248,8963088
183.638,327116,5289132,0,5616248,8963088
183.739,387848,5289132,0,5676980,8963088
183.839,380240,5289132,0,5669372,8963088
183.939,349728,5289132,0,5638860,8963088
184.039,327116,5289132,0,5616248,8963088
184.140,396180,5289132,0,5685312,8963088
184.240,374980,5289132,0,5664112,8963088
184.340,327116,5288556,0,5615672,8963088
184.441,396020,5288556,0,5684576,8963088
184.541,380220,5288556,0,5668776,8963088
184.641,350448,5288556,0,5639004,8963088
184.742,389132,5288556,0,5677688,8963088
184.842,375648,5288556,0,5664204,8963088
184.942,341108,5288556,0,5629664,8963088
185.042,327116,5288556,0,5615672,8963088
185.143,327116,5288556,0,5615672,8963088
185.243,388448,5288556,0,5677004,8963088
185.343,366212,5288556,0,5654768,8963088
185.444,327116,5288556,0,5615672,8963088
185.544,398444,5288556,0,5687000,8963088
185.644,362356,5288300,0,5650656,8963088
185.744,328184,5288044,0,5616228,8963088
185.845,328184,5288044,0,5616228,8963088
185.945,385236,5288044,0,5673280,8963088
186.045,360360,5287964,0,5648324,8963088
186.145,330408,5287964,0,5618372,8963088
186.246,328184,5285404,0,5613588,8963088
186.346,354072,5285404,0,5639476,8963088
186.446,390188,5285404,0,5675592,8963088
186.547,370968,5285404,0,5656372,8963088
186.647,344836,5285404,0,5630240,8963088
186.747,331076,5285404,0,5616480,8963088
186.847,398412,5285404,0,5683816,8963088
186.948,381688,5285404,0,5667092,8963088
187.048,331076,5285404,0,5616480,8963088
187.148,395652,5285404,0,5681056,8963088
187.249,369488,5285404,0,5654892,8963088
187.349,358764,5285404,0,5644168,8963088
187.449,354992,5285404,0,5640396,8963088
187.550,331076,5285404,0,5616480,8963088
187.650,394176,5285404,0,5679580,8963088
187.750,375268,5285404,0,5660672,8963088
187.850,345636,5285404,0,5631040,8963088
187.951,409960,5285404,0,5695364,8963088
188.051,386884,5285404,0,5672288,8963088
188.151,331076,5285404,0,5616480,8963088
188.252,408784,5285404,0,5694188,8963088
188.352,377200,5285404,0,5662604,8963088
188.452,339568,5285404,0,5624972,8963088
188.552,410600,5285404,0,5696004,8963088
188.653,379044,5285404,0,5664448,8963088
188.753,331076,5285404,0,5616480,8963088
188.853,396072,5285404,0,5681476,8963088
188.954,347188,5285404,0,5632592,8963088
189.054,405796,5285404,0,5691200,8963088
189.154,378312,5285404,0,5663716,8963088
189.255,331076,5285404,0,5616480,8963088
189.355,406620,5285404,0,5692024,8963088
189.455,372320,5285404,0,5657724,8963088
189.555,331076,5285404,0,5616480,8963088
189.656,406328,5285404,0,5691732,8963088
189.756,367972,5285404,0,5653376,8963088
189.856,331076,5285404,0,5616480,8963088
189.957,395836,5285404,0,5681240,8963088
190.057,364980,5285404,0,5650384,8963088
190.157,331076,5285404,0,5616480,8963088
190.258,381600,5285404,0,5667004,8963088
190.358,331076,5285404,0,5616480,8963088
190.458,391492,5285404,0,5676896,8963088
190.558,331076,5285404,0,5616480,8963088
190.659,388676,5285404,0,5674080,8963088
190.759,343408,5285404,0,5628812,8963088
190.859,416800,5285404,0,5702204,8963088
190.959,386436,5285404,0,5671840,8963088
191.060,351376,5285404,0,5636780,8963088
191.160,331076,5285404,0,5616480,8963088
191.260,389656,5284380,0,5674036,8963088
191.361,346236,5284380,0,5630616,8963088
191.461,331076,5282328,0,5613404,8963088
191.561,399488,5282328,0,5681816,8963088
191.662,364788,5282328,0,5647116,8963088
191.762,331076,5282328,0,5613404,8963088
191.862,400408,5282328,0,5682736,8963088
191.962,375208,5282328,0,5657536,8963088
192.063,357784,5282328,0,5640112,8963088
192.163,331076,5282328,0,5613404,8963088
192.263,395836,5282328,0,5678164,8963088
192.364,356964,5282328,0,5639292,8963088
192.464,331076,5282328,0,5613404,8963088
192.564,394680,5282328,0,5677008,8963088
192.665,360800,5282328,0,5643128,8963088
192.765,331076,5282328,0,5613404,8963088
192.865,406312,5282264,0,5688576,8963088
192.966,379752,5282264,0,5662016,8963088
193.066,345500,5282264,0,5627764,8963088
193.166,416432,5282264,0,5698696,8963088
193.267,385568,5282264,0,5667832,8963088
193.367,349776,5282264,0,5632040,8963088
193.467,420652,5282264,0,5702916,8963088
193.568,380040,5282264,0,5662304,8963088
193.668,334412,5282264,0,5616676,8963088
193.768,331076,5282264,0,5613340,8963088
193.868,401204,5282264,0,5683468,8963088
193.969,382252,5282264,0,5664516,8963088
194.069,347832,5282264,0,5630096,8963088
194.169,331076,5282264,0,5613340,8963088
194.270,408132,5282264,0,5690396,8963088
194.370,388396,5282264,0,5670660,8963088
194.470,362380,5282264,0,5644644,8963088
194.571,331076,5282264,0,5613340,8963088
194.671,390464,5282264,0,5672728,8963088
194.771,359460,5282264,0,5641724,8963088
194.871,331076,5282264,0,5613340,8963088
194.972,397156,5282264,0,5679420,8963088
195.072,368436,5282264,0,5650700,8963088
195.172,331076,5282264,0,5613340,8963088
195.273,397180,5282264,0,5679444,8963088
195.373,331076,5282264,0,5613340,8963088
195.473,371716,5282264,0,5653980,8963088
195.573,331076,5282264,0,5613340,8963088
195.674,406896,5282260,0,5689156,8963088
195.774,382120,5282260,0,5664380,8963088
195.874,363624,5282260,0,5645884,8963088
195.975,331076,5282260,0,5613336,8963088
196.075,401084,5282260,0,5683344,8963088
196.175,372188,5282260,0,5654448,8963088
196.276,331076,5282260,0,5613336,8963088
196.376,394632,5282260,0,5676892,8963088
196.476,371908,5282260,0,5654168,8963088
196.576,331076,5282260,0,5613336,8963088
196.677,332988,5282260,0,5615248,8963088
196.777,331076,5282260,0,5613336,8963088
196.877,402044,5282260,0,5684304,8963088
196.978,380228,5282260,0,5662488,8963088
197.078,338268,5282260,0,5620528,8963088
197.178,331076,5282260,0,5613336,8963088
197.278,390408,5282260,0,5672668,8963088
197.379,351660,5282260,0,5633920,8963088
197.479,416784,5282260,0,5699044,8963088
197.579,372872,5282260,0,5655132,8963088
197.680,331076,5282260,0,5613336,8963088
197.780,401408,5282260,0,5683668,8963088
197.880,366412,5282260,0,5648672,8963088
197.981,331076,5282260,0,5613336,8963088
198.081,404012,5282260,0,5686272,8963088
198.181,372888,5282260,0,5655148,8963088
198.282,331076,5282260,0,5613336,8963088
198.382,374716,5282260,0,5656976,8963088
198.482,389300,5282260,0,5671560,8963088
198.582,356356,5282260,0,5638616,8963088
198.683,331076,5282260,0,5613336,8963088
198.783,396128,5282260,0,5678388,8963088
198.883,372192,5282260,0,5654452,8963088
198.984,339156,5282260,0,5621416,8963088
199.084,331076,5282260,0,5613336,8963088
199.184,396400,5282260,0,5678660,8963088
199.285,374240,5282260,0,5656500,8963088
199.385,350460,5282260,0,5632720,8963088
199.485,333692,5282260,0,5615952,8963088
199.586,396624,5282260,0,5678884,8963088
199.686,349476,5282260,0,5631736,8963088
199.786,322360,5282260,0,5604620,8963088
199.886,399424,5282260,0,5681684,8963088
199.986,383584,5282260,0,5665844,8963088
200.087,335192,5282256,0,5617448,8963088
200.187,381400,5282256,0,5663656,8963088
200.287,386720,5282256,0,5668976,8963088
200.388,342496,5282256,0,5624752,8963088
200.488,328964,5282256,0,5611220,8963088
200.588,396320,5282256,0,5678576,8963088
200.688,381464,5282256,0,5663720,8963088
200.789,366208,5282256,0,5648464,8963088
200.889,334900,5282256,0,5617156,8963088
200.989,406096,5282256,0,5688352,8963088
201.090,387284,5282256,0,5669540,8963088
201.190,374824,5282256,0,5657080,8963088
201.290,369760,5282256,0,5652016,8963088
201.390,348628,5282256,0,5630884,8963088
201.491,335300,5282256,0,5617556,8963088
201.591,335300,5282256,0,5617556,8963088
201.691,395212,5282256,0,5677468,8963088
201.791,382380,5282256,0,5664636,8963088
201.892,335300,5282256,0,5617556,8963088
201.992,335300,5282256,0,5617556,8963088
202.092,364588,5282256,0,5646844,8963088
202.193,352464,5282256,0,5634720,8963088
202.293,335300,5282256,0,5617556,8963088
202.393,335300,5282256,0,5617556,8963088
202.494,375048,5282256,0,5657304,8963088
202.594,360564,5282256,0,5642820,8963088
202.694,434812,5282256,0,5717068,8963088
202.794,511596,5282256,0,5793852,8963088
202.895,342720,5282256,0,5624976,8963088
202.995,373668,5282256,0,5655924,8963088
203.095,433208,5282256,0,5715464,8963088
203.196,502780,5282256,0,5785036,8963088
203.296,560752,5282256,0,5843008,8963088
203.396,372756,5282256,0,5655012,8963088
203.497,453764,5282256,0,5736020,8963088
203.597,529428,5282256,0,5811684,8963088
203.697,329544,5282256,0,5611800,8963088
203.798,417036,5282256,0,5699292,8963088
203.898,493908,5282256,0,5776164,8963088
203.998,327724,5282256,0,5609980,8963088
204.099,327728,5282256,0,5609984,8963088
204.199,327728,5282256,0,5609984,8963088
204.299,327728,5282256,0,5609984,8963088
204.399,383664,5282256,0,5665920,8963088
204.500,374664,5282256,0,5656920,8963088
204.600,331552,5282144,0,5613696,8963088
204.700,331552,5282144,0,5613696,8963088
204.801,331552,5281568,0,5613120,8963088
204.901,390084,5280672,0,5670756,8963088
205.001,380396,5280608,0,5661004,8963088
205.102,374780,5280608,0,5655388,8963088
205.202,356472,5280608,0,5637080,8963088
205.302,331552,5280480,0,5612032,8963088
205.403,331552,5280480,0,5612032,8963088
205.503,394320,5280480,0,5674800,8963088
205.603,381660,5280480,0,5662140,8963088
205.703,364476,5280480,0,5644956,8963088
205.804,333568,5280480,0,5614048,8963088
205.904,331552,5280480,0,5612032,8963088
206.004,402048,5280480,0,5682528,8963088
206.105,388584,5280480,0,5669064,8963088
206.205,382424,5280480,0,5662904,8963088
206.305,381144,5280480,0,5661624,8963088
206.406,368788,5280416,0,5649204,8963088
206.506,331552,5280416,0,5611968,8963088
206.606,331552,5280416,0,5611968,8963088
206.707,396896,5280416,0,5677312,8963088
206.807,370344,5280416,0,5650760,8963088
206.907,331552,5280416,0,5611968,8963088
207.007,331552,5280416,0,5611968,8963088
207.108,389704,5280416,0,5670120,8963088
207.208,370932,5280416,0,5651348,8963088
207.308,353636,5280416,0,5634052,8963088
207.408,331552,5280416,0,5611968,8963088
207.509,335336,5280416,0,5615752,8963088
207.609,398616,5280416,0,5679032,8963088
207.709,403204,5280416,0,5683620,8963088
207.810,415048,5280416,0,5695464,8963088
207.910,331552,5280416,0,5611968,8963088
208.010,331552,5280416,0,5611968,8963088
208.110,331552,5280416,0,5611968,8963088
208.230,331552,5280416,0,5611968,8963088
208.330,396428,5274940,0,5671368,8963088
208.431,352300,5227932,0,5580232,8963088
208.531,414724,5209196,0,5623920,8963088
208.631,387324,5209172,0,5596496,8963088
208.732,375584,5209172,0,5584756,8963088
208.832,353516,5209108,0,5562624,8963088
208.932,335628,5209108,0,5544736,8963088
209.033,331552,5209108,0,5540660,8963088
209.133,397968,5209108,0,5607076,8963088
209.233,375848,5209108,0,5584956,8963088
209.333,374840,5209108,0,5583948,8963088
209.434,331552,5209108,0,5540660,8963088
209.534,331552,5209108,0,5540660,8963088
209.634,332068,5209108,0,5541176,8963088
209.735,334192,5209108,0,5543300,8963088
209.835,334192,5209108,0,5543300,8963088
209.935,402240,5209108,0,5611348,8963088
210.036,384500,5209108,0,5593608,8963088
210.136,370396,5209108,0,5579504,8963088
210.236,334192,5209108,0,5543300,8963088
210.336,334192,5209108,0,5543300,8963088
210.437,334192,5209108,0,5543300,8963088
210.537,336408,5209108,0,5545516,8963088
210.637,344248,5209108,0,5553356,8963088
210.738,336408,5197180,0,5533588,8963088
210.838,336408,5188764,0,5525172,8963088
210.938,342404,5138940,0,5481344,8963088
211.039,358660,5138940,0,5497600,8963088
211.139,359844,5138940,0,5498784,8963088
211.239,356772,5138940,0,5495712,8963088
211.339,352128,5138940,0,5491068,8963088
211.440,343424,5138940,0,5482364,8963088
211.540,336408,5138940,0,5475348,8963088
211.640,336408,5138940,0,5475348,8963088
211.741,336408,5138940,0,5475348,8963088
211.841,336408,5138940,0,5475348,8963088
211.941,336408,5138940,0,5475348,8963088
212.041,389196,5138940,0,5528136,8963088
212.142,369196,5138940,0,5508136,8963088
212.242,336408,5138940,0,5475348,8963088
212.342,336408,5138940,0,5475348,8963088
212.443,337744,5138428,0,5476172,8963088
212.543,337744,5138428,0,5476172,8963088
212.643,337744,5029608,0,5367352,8963088
212.743,337744,5029608,0,5367352,8963088
212.844,370244,5029608,0,5399852,8963088
212.944,376484,5029608,0,5406092,8963088
213.044,380468,5000932,0,5381400,8963088
213.145,387696,4905580,0,5293276,8963088
213.245,391884,4905580,0,5297464,8963088
213.345,380248,4905580,0,5285828,8963088
213.445,345448,4905580,0,5251028,8963088
213.546,337744,4905580,0,5243324,8963088
213.646,403488,4905580,0,5309068,8963088
213.746,395168,4905580,0,5300748,8963088
213.846,381500,4905580,0,5287080,8963088
213.947,377304,4905580,0,5282884,8963088
214.047,359276,4905580,0,5264856,8963088
214.147,337744,4905580,0,5243324,8963088
214.248,337744,4905580,0,5243324,8963088
214.348,403424,4905580,0,5309004,8963088
214.448,376028,4905580,0,5281608,8963088
214.549,376656,4905436,0,5282092,8963088
214.649,361848,4905404,0,5267252,8963088
214.749,337744,4905404,0,5243148,8963088
214.849,337744,4905404,0,5243148,8963088
214.950,358452,4905404,0,5263856,8963088
215.050,337744,4905404,0,5243148,8963088
215.150,337744,4905404,0,5243148,8963088
215.251,337744,4905404,0,5243148,8963088
215.351,357140,4905404,0,5262544,8963088
215.451,394700,4871348,0,5266048,8963088
215.551,386236,4842296,0,5228532,8963088
215.652,371548,4836284,0,5207832,8963088
215.752,337744,4797080,0,5134824,8963088
215.852,337744,4778284,0,5116028,8963088
215.953,337744,4637924,0,4975668,8963088
216.053,397520,4637924,0,5035444,8963088
216.153,385056,4637924,0,5022980,8963088
216.253,393732,4637924,0,5031656,8963088
216.354,373284,4637924,0,5011208,8963088
216.454,362132,4637924,0,5000056,8963088
216.554,353216,4637924,0,4991140,8963088
216.655,377324,4637924,0,5015248,8963088
216.755,337744,4637924,0,4975668,8963088
216.855,337744,4637924,0,4975668,8963088
216.956,340956,4637924,0,4978880,8963088
217.056,379124,4637924,0,5017048,8963088
217.156,379256,4637924,0,5017180,8963088
217.256,377636,4637924,0,5015560,8963088
217.357,382312,4637924,0,5020236,8963088
217.457,382388,4637924,0,5020312,8963088
217.557,385312,4637924,0,5023236,8963088
217.658,386012,4637924,0,5023936,8963088
217.758,350140,4637924,0,4988064,8963088
217.858,396020,4637924,0,5033944,8963088
217.959,384536,4637924,0,5022460,8963088
218.059,374172,4578268,0,4952440,8963088
218.159,337744,4578268,0,4916012,8963088
218.259,353028,4515032,0,4868060,8963088
218.360,356272,4515032,0,4871304,8963088
218.460,337744,4458876,0,4796620,8963088
218.560,337744,4384752,0,4722496,8963088
218.661,405780,4384752,0,4790532,8963088
218.761,387492,4373104,0,4760596,8963088
218.861,353740,4357928,0,4711668,8963088
218.962,337744,4357928,0,4695672,8963088
219.062,401208,4357928,0,4759136,8963088
219.162,393264,4357928,0,4751192,8963088
219.262,363008,4357928,0,4720936,8963088
219.363,337744,4357928,0,4695672,8963088
219.463,407924,4357928,0,4765852,8963088
219.563,371224,4357928,0,4729152,8963088
219.664,337744,4357928,0,4695672,8963088
219.764,418276,4357928,0,4776204,8963088
219.864,393128,4354648,0,4747776,8963088
219.964,367028,4354648,0,4721676,8963088
220.065,337744,4354648,0,4692392,8963088
220.165,413360,4354648,0,4768008,8963088
220.265,384404,4354648,0,4739052,8963088
220.366,339408,4354648,0,4694056,8963088
220.466,339408,4354648,0,4694056,8963088
220.566,410172,4354648,0,4764820,8963088
220.667,379008,4354648,0,4733656,8963088
220.767,339408,4354648,0,4694056,8963088
220.867,416076,4354648,0,4770724,8963088
220.968,387272,4354648,0,4741920,8963088
221.068,339408,4354648,0,4694056,8963088
221.168,339408,4354648,0,4694056,8963088
221.268,402344,4354648,0,4756992,8963088
221.369,383544,4354648,0,4738192,8963088
221.469,341016,4354648,0,4695664,8963088
221.569,409840,4354648,0,4764488,8963088
221.669,379520,4354648,0,4734168,8963088
221.770,341016,4354648,0,4695664,8963088
221.870,415948,4354648,0,4770596,8963088
221.970,386620,4354648,0,4741268,8963088
222.071,356164,4350808,0,4706972,8963088
222.171,342004,4282584,0,4624588,8963088
222.271,422468,4282584,0,4705052,8963088
222.372,397680,4282584,0,4680264,8963088
222.472,359896,4263976,0,4623872,8963088
222.572,342004,4263976,0,4605980,8963088
222.672,394508,4263976,0,4658484,8963088
222.773,405828,4263976,0,4669804,8963088
222.873,383540,4263976,0,4647516,8963088
222.973,373684,4263976,0,4637660,8963088
223.074,342004,4263976,0,4605980,8963088
223.174,416336,4263976,0,4680312,8963088
223.274,395264,4263976,0,4659240,8963088
223.375,342632,4263976,0,4606608,8963088
223.475,342004,4263976,0,4605980,8963088
223.575,416468,4263976,0,4680444,8963088
223.675,393232,4263976,0,4657208,8963088
223.776,374920,4263976,0,4638896,8963088
223.876,342004,4226944,0,4568948,8963088
223.976,342004,4226944,0,4568948,8963088
224.077,369480,4205276,0,4574756,8963088
224.177,396204,4159840,0,4556044,8963088
224.277,345860,4159840,0,4505700,8963088
224.377,298708,4159592,0,4458300,8963088
224.478,337676,4159592,0,4497268,8963088
224.578,376564,4159592,0,4536156,8963088
224.678,364532,4159592,0,4524124,8963088
224.779,341920,4159592,0,4501512,8963088
224.879,330044,4159592,0,4489636,8963088
224.979,413612,4159592,0,4573204,8963088
225.079,483496,4158544,0,4642040,8963088
225.180,300524,4158324,0,4458848,8963088
225.280,380568,4158324,0,4538892,8963088
225.380,365872,4158324,0,4524196,8963088
225.481,346652,4158324,0,4504976,8963088
225.581,319208,4158324,0,4477532,8963088
225.681,395824,4158324,0,4554148,8963088
225.781,317972,4158292,0,4476264,8963088
225.882,317972,4158292,0,4476264,8963088
225.982,382628,4158292,0,4540920,8963088
226.082,368836,4156768,0,4525604,8963088
226.182,367188,4151948,0,4519136,8963088
226.283,356848,4151948,0,4508796,8963088
226.383,365268,4151948,0,4517216,8963088
226.483,358936,4151948,0,4510884,8963088
226.583,336624,4151948,0,4488572,8963088
226.684,324816,4151948,0,4476764,8963088
226.784,396908,4151948,0,4548856,8963088
226.884,369736,4151948,0,4521684,8963088
226.985,341820,4151948,0,4493768,8963088
227.085,364408,4151948,0,4516356,8963088
227.185,354644,4151912,0,4506556,8963088
227.286,335288,4151912,0,4487200,8963088
227.386,339312,4151912,0,4491224,8963088
227.486,324816,4151912,0,4476728,8963088
227.586,391112,4151912,0,4543024,8963088
227.687,376564,4151912,0,4528476,8963088
227.787,361248,4151912,0,4513160,8963088
227.887,348560,4151912,0,4500472,8963088
227.988,326896,4150452,0,4477348,8963088
228.088,326896,4148236,0,4475132,8963088
228.188,326896,4148236,0,4475132,8963088
228.289,326896,4148236,0,4475132,8963088
228.389,331964,4148236,0,4480200,8963088
228.489,326896,4148236,0,4475132,8963088
228.590,391072,4148236,0,4539308,8963088
228.690,373744,4148236,0,4521980,8963088
228.790,354112,4148236,0,4502348,8963088
228.890,326896,4148236,0,4475132,8963088
228.991,326896,4148236,0,4475132,8963088
229.091,326896,4148236,0,4475132,8963088
229.191,327780,4148236,0,4476016,8963088
229.292,327780,4148236,0,4476016,8963088
229.392,327780,4146608,0,4474388,8963088
229.492,346340,4146608,0,4492948,8963088
229.593,327780,4146456,0,4474236,8963088
229.693,327780,4146456,0,4474236,8963088
229.793,327780,4146456,0,4474236,8963088
229.893,398184,4146456,0,4544640,8963088
229.994,383804,4146456,0,4530260,8963088
230.094,370024,4146088,0,4516112,8963088
230.194,327780,4146088,0,4473868,8963088
230.294,327780,4146084,0,4473864,8963088
230.395,387472,4146084,0,4533556,8963088
230.495,353244,4146084,0,4499328,8963088
230.595,410104,4146084,0,4556188,8963088
230.695,374460,4146084,0,4520544,8963088
230.796,340448,4146084,0,4486532,8963088
230.896,364016,4146084,0,4510100,8963088
230.996,346508,4146084,0,4492592,8963088
231.097,397908,4123896,0,4521804,8963088
231.197,376600,4123896,0,4500496,8963088
231.297,363552,4123896,0,4487448,8963088
231.398,348740,4123896,0,4472636,8963088
231.498,368124,4123896,0,4492020,8963088
231.598,374280,4123896,0,4498176,8963088
231.698,327780,4123896,0,4451676,8963088
231.799,327780,4123896,0,4451676,8963088
231.899,327780,4123896,0,4451676,8963088
231.999,334724,4123896,0,4458620,8963088
232.100,344936,4123896,0,4468832,8963088
232.200,327784,4123896,0,4451680,8963088
232.300,327784,4123896,0,4451680,8963088
232.400,327784,4087284,0,4415068,8963088
232.501,351012,4083960,0,4434972,8963088
232.601,371384,4083960,0,4455344,8963088
232.701,371384,4083960,0,4455344,8963088
232.830,327784,4083960,0,4411744,8963088
232.930,327784,4083960,0,4411744,8963088
233.030,350336,4083960,0,4434296,8963088
233.130,329768,4083960,0,4413728,8963088
233.231,329924,4083960,0,4413884,8963088
233.331,329924,4083960,0,4413884,8963088
233.431,340596,4083960,0,4424556,8963088
233.532,331692,4083944,0,4415636,8963088
233.632,357076,4083944,0,4441020,8963088
233.732,358040,4083856,0,4441896,8963088
233.833,379288,4082896,0,4462184,8963088
233.933,388956,4020392,0,4409348,8963088
234.033,372768,3975924,0,4348692,8963088
234.133,345072,3948708,0,4293780,8963088
234.234,355368,3945424,0,4300792,8963088
234.334,377396,3945420,0,4322816,8963088
234.434,391212,3945420,0,4336632,8963088
234.535,336984,3945420,0,4282404,8963088
234.635,339140,3945420,0,4284560,8963088
234.735,397560,3945420,0,4342980,8963088
234.836,375652,3945420,0,4321072,8963088
234.936,339140,3945420,0,4284560,8963088
235.036,339140,3945420,0,4284560,8963088
235.136,339140,3945420,0,4284560,8963088
235.237,339140,3945420,0,4284560,8963088
235.337,353164,3945420,0,4298584,8963088
235.437,354144,3945420,0,4299564,8963088
235.538,376400,3930728,0,4307128,8963088
235.638,383364,3922188,0,4305552,8963088
235.738,393324,3896008,0,4289332,8963088
235.838,398656,3896008,0,4294664,8963088
235.939,350604,3896008,0,4246612,8963088
236.039,364136,3896008,0,4260144,8963088
236.139,339140,3896008,0,4235148,8963088
236.240,339140,3896008,0,4235148,8963088
236.340,365580,3896008,0,4261588,8963088
236.440,446744,3896008,0,4342752,8963088
236.541,524632,3896008,0,4420640,8963088
236.641,367800,3896008,0,4263808,8963088
236.741,447544,3896008,0,4343552,8963088
236.842,528484,3896008,0,4424492,8963088
236.942,375272,3896008,0,4271280,8963088
237.042,362664,3896008,0,4258672,8963088
237.142,364628,3895320,0,4259948,8963088
237.243,339276,3895320,0,4234596,8963088
237.343,339276,3894280,0,4233556,8963088
237.444,369492,3870552,0,4240044,8963088
237.544,394564,3782828,0,4177392,8963088
237.644,388376,3782828,0,4171204,8963088
237.744,391296,3775152,0,4166448,8963088
237.845,375220,3775152,0,4150372,8963088
237.945,339276,3775152,0,4114428,8963088
238.045,415764,3775152,0,4190916,8963088
238.146,397032,3775152,0,4172184,8963088
238.246,371992,3775132,0,4147124,8963088
238.346,348452,3775128,0,4123580,8963088
238.446,355900,3775128,0,4131028,8963088
238.546,352972,3751848,0,4104820,8963088
238.647,340468,3722684,0,4063152,8963088
238.747,401404,3722508,0,4123912,8963088
238.847,386248,3722264,0,4108512,8963088
238.947,363772,3722264,0,4086036,8963088
239.048,363964,3722264,0,4086228,8963088
239.148,403600,3722264,0,4125864,8963088
239.248,390148,3722264,0,4112412,8963088
239.349,344408,3722264,0,4066672,8963088
239.449,394236,3722264,0,4116500,8963088
239.555,340468,3722264,0,4062732,8963088
239.655,388444,3722264,0,4110708,8963088
239.756,340468,3722264,0,4062732,8963088
239.859,396356,3722264,0,4118620,8963088
239.960,380188,3722264,0,4102452,8963088
240.060,340468,3723224,0,4063692,8963088
240.161,340468,3817052,0,4157520,8963088
240.261,340468,4039692,0,4380160,8963088
240.362,340468,4239060,0,4579528,8963088
240.462,340468,4456420,0,4796888,8963088
240.562,340468,4641840,0,4982308,8963088
240.663,340468,4832128,0,5172596,8963088
240.763,340468,4970632,0,5311100,8963088
240.867,340468,5071748,0,5412216,8963088
240.969,340468,5173108,0,5513576,8963088
241.069,340468,5274948,0,5615416,8963088
241.169,340468,5357156,0,5697624,8963088
241.270,340468,5443008,0,5783476,8963088
241.370,340468,5554292,0,5894760,8963088
241.470,340468,5696828,0,6037296,8963088
241.572,340468,5795580,0,6136048,8963088
241.672,340468,5871800,0,6212268,8963088
241.772,340468,5911736,0,6252204,8963088
241.873,340468,5920632,0,6261100,8963088
241.973,340468,6000168,0,6340636,8963088
242.075,340468,6078576,0,6419044,8963088
242.176,340468,6130884,0,6471352,8963088
242.276,340468,6221824,0,6562292,8963088
242.379,340468,6290228,0,6630696,8963088
242.480,340468,6386852,0,6727320,8963088
242.583,340468,6432476,0,6772944,8963088
242.683,340468,6512284,0,6852752,8963088
242.787,340468,6537448,0,6877916,8963088
242.888,340468,6550208,0,6890676,8963088
242.991,340468,6607700,0,6948168,8963088
243.091,340468,6649640,0,6990108,8963088
243.192,340468,6700900,0,7041368,8963088
243.295,340468,6734768,0,7075236,8963088
243.395,340468,6785168,0,7125636,8963088
243.496,340468,6870300,0,7210768,8963088
243.601,340468,6918332,0,7258800,8963088
243.701,340468,7035464,0,7375932,8963088
243.801,340468,6740520,0,7080988,8963088
243.901,340468,2541108,0,2881576,8963088
244.002,340468,2373172,0,2713640,8963088
244.102,340468,2373172,0,2713640,8963088
244.202,340468,2373172,0,2713640,8963088
244.303,279028,2373304,0,2652332,8963088
244.403,279028,2373304,0,2652332,8963088
244.503,279028,2373304,0,2652332,8963088
244.603,290680,2373304,0,2663984,8963088
244.704,304992,2373304,0,2678296,8963088
244.804,323496,2373304,0,2696800,8963088
244.904,337032,2373304,0,2710336,8963088
245.004,353764,2373304,0,2727068,8963088
245.105,366924,2373304,0,2740228,8963088
245.205,374356,2373304,0,2747660,8963088
245.305,388640,2373304,0,2761944,8963088
245.406,400520,2373304,0,2773824,8963088
245.506,412296,2373304,0,2785600,8963088
245.606,426604,2373304,0,2799908,8963088
245.706,440040,2373304,0,2813344,8963088
245.815,453884,2373304,0,2827188,8963088
245.915,459400,2373304,0,2832704,8963088
246.016,468132,2373304,0,2841436,8963088
246.116,485408,2373304,0,2858712,8963088
246.216,492360,2373304,0,2865664,8963088
246.317,524736,2373304,0,2898040,8963088
246.417,529048,2373304,0,2902352,8963088
246.519,544936,2373304,0,2918240,8963088
246.619,557708,2373304,0,2931012,8963088
246.720,570148,2373304,0,2943452,8963088
246.820,574352,2373304,0,2947656,8963088
246.921,582404,2373304,0,2955708,8963088
247.023,594608,2373304,0,2967912,8963088
247.123,602664,2373304,0,2975968,8963088
247.224,612412,2373304,0,2985716,8963088
247.324,622684,2373304,0,2995988,8963088
247.424,639864,2373304,0,3013168,8963088
247.524,646596,2373304,0,3019900,8963088
247.625,656312,2373304,0,3029616,8963088
247.725,666956,2373304,0,3040260,8963088
247.825,679960,2373304,0,3053264,8963088
247.925,688140,2373576,0,3061716,8963088
248.026,691884,2373576,0,3065460,8963088
248.126,691884,2373576,0,3065460,8963088
248.226,691884,2373576,0,3065460,8963088
248.326,691884,2373576,0,3065460,8963088
248.427,658568,2373576,0,3032144,8963088
248.527,658568,2373576,0,3032144,8963088
248.627,658568,2373576,0,3032144,8963088
248.728,658568,2373576,0,3032144,8963088
248.828,658568,2373576,0,3032144,8963088
248.928,658568,2373576,0,3032144,8963088
249.028,658568,2373576,0,3032144,8963088
249.129,658568,2373576,0,3032144,8963088
249.229,658568,2373576,0,3032144,8963088
249.329,658568,2373576,0,3032144,8963088
249.430,658568,2373576,0,3032144,8963088
249.530,658568,2373576,0,3032144,8963088
249.630,658568,2373576,0,3032144,8963088
249.731,658568,2373576,0,3032144,8963088
249.831,658568,2373576,0,3032144,8963088
249.931,658568,2373576,0,3032144,8963088
250.031,658568,2373576,0,3032144,8963088
250.132,658568,2373576,0,3032144,8963088
250.232,658568,2373576,0,3032144,8963088
250.332,658568,2373576,0,3032144,8963088
250.433,659364,2373576,0,3032940,8963088
250.533,664660,2373576,0,3038236,8963088
250.633,664660,2373576,0,3038236,8963088
250.733,664660,2373576,0,3038236,8963088
250.834,664660,2373576,0,3038236,8963088
250.934,664660,2373576,0,3038236,8963088
251.034,664660,2373576,0,3038236,8963088
251.135,664660,2373668,0,3038328,8963088
251.235,664660,2373668,0,3038328,8963088
251.335,664660,2373668,0,3038328,8963088
251.435,666480,2373668,0,3040148,8963088
251.536,666480,2373732,0,3040212,8963088
251.636,588352,2374436,0,2962788,8963088
251.736,588352,2374436,0,2962788,8963088
251.836,588516,2392592,0,2981108,8963088
251.937,588516,2505444,0,3093960,8963088
252.037,588516,2505444,0,3093960,8963088
252.137,595196,2505444,0,3100640,8963088
252.237,599560,2505444,0,3105004,8963088
252.338,602784,2505508,0,3108292,8963088
252.438,608016,2505512,0,3113528,8963088
252.538,742464,2505512,0,3247976,8963088
252.639,761852,2505512,0,3267364,8963088
252.739,771184,2505536,0,3276720,8963088
252.839,771184,2505536,0,3276720,8963088
252.940,771184,2505536,0,3276720,8963088
253.040,771184,2505536,0,3276720,8963088
253.140,771184,2505536,0,3276720,8963088
253.240,771184,2505536,0,3276720,8963088
253.341,771184,2505536,0,3276720,8963088
253.441,771184,2505536,0,3276720,8963088
253.541,771184,2505536,0,3276720,8963088
253.642,771184,2505536,0,3276720,8963088
253.742,771184,2505536,0,3276720,8963088
253.842,771184,2505536,0,3276720,8963088
253.942,771184,2505536,0,3276720,8963088
254.043,771184,2505536,0,3276720,8963088
254.143,771184,2505536,0,3276720,8963088
254.243,771184,2505536,0,3276720,8963088
254.344,771184,2505536,0,3276720,8963088
254.444,771184,2505536,0,3276720,8963088
254.544,771184,2505536,0,3276720,8963088
254.644,771184,2505536,0,3276720,8963088
254.745,771184,2505536,0,3276720,8963088
254.845,771184,2505536,0,3276720,8963088
254.945,771184,2505536,0,3276720,8963088
255.046,771184,2505536,0,3276720,8963088
255.146,772692,2505536,0,3278228,8963088
255.246,772692,2505536,0,3278228,8963088
255.346,772692,2505536,0,3278228,8963088
255.447,772692,2505536,0,3278228,8963088
255.547,772692,2505536,0,3278228,8963088
255.647,772692,2505536,0,3278228,8963088
255.748,772692,2505536,0,3278228,8963088
255.848,772692,2505536,0,3278228,8963088
255.948,772692,2505536,0,3278228,8963088
256.048,772692,2505536,0,3278228,8963088
256.149,772692,2505536,0,3278228,8963088
256.249,772692,2505536,0,3278228,8963088
256.349,772692,2505536,0,3278228,8963088
256.450,772692,2505536,0,3278228,8963088
256.550,772692,2505536,0,3278228,8963088
256.650,772692,2505536,0,3278228,8963088
256.750,772692,2505536,0,3278228,8963088
256.851,772692,2505536,0,3278228,8963088
256.951,772692,2505536,0,3278228,8963088
257.051,772692,2505536,0,3278228,8963088
257.152,772692,2505536,0,3278228,8963088
257.252,772692,2505536,0,3278228,8963088
257.352,772692,2505536,0,3278228,8963088
257.452,772692,2505536,0,3278228,8963088
257.553,772692,2505536,0,3278228,8963088
257.653,772692,2505536,0,3278228,8963088
257.753,772692,2505536,0,3278228,8963088
257.853,772692,2505536,0,3278228,8963088
257.954,772692,2505536,0,3278228,8963088
258.054,772692,2505536,0,3278228,8963088
258.154,772692,2505536,0,3278228,8963088
258.254,772692,2505536,0,3278228,8963088
258.355,772692,2505536,0,3278228,8963088
258.455,772692,2505536,0,3278228,8963088
258.555,772692,2505536,0,3278228,8963088
258.655,772692,2505536,0,3278228,8963088
258.756,772692,2505536,0,3278228,8963088
258.856,772692,2505536,0,3278228,8963088
258.956,772692,2505536,0,3278228,8963088
259.057,772692,2505536,0,3278228,8963088
259.157,772692,2505536,0,3278228,8963088
259.257,772692,2505536,0,3278228,8963088
259.357,772692,2505536,0,3278228,8963088
259.458,772692,2505536,0,3278228,8963088
259.558,772692,2505536,0,3278228,8963088
259.658,772692,2505536,0,3278228,8963088
259.759,772692,2505536,0,3278228,8963088
259.859,772692,2505536,0,3278228,8963088
259.959,772692,2505536,0,3278228,8963088
260.060,772692,2505536,0,3278228,8963088
260.160,772692,2505536,0,3278228,8963088
260.260,772692,2505536,0,3278228,8963088
260.360,772692,2505536,0,3278228,8963088
260.461,772692,2505536,0,3278228,8963088
260.561,772692,2505536,0,3278228,8963088
260.661,772692,2505536,0,3278228,8963088
260.762,772692,2505536,0,3278228,8963088
260.862,772692,2505536,0,3278228,8963088
260.962,772692,2505536,0,3278228,8963088
261.063,772692,2505536,0,3278228,8963088
261.163,772692,2505536,0,3278228,8963088
261.263,772692,2505536,0,3278228,8963088
261.363,772692,2505536,0,3278228,8963088
261.464,772692,2505536,0,3278228,8963088
261.564,772692,2505536,0,3278228,8963088
261.664,772692,2505536,0,3278228,8963088
261.765,772692,2505536,0,3278228,8963088
261.865,772692,2505536,0,3278228,8963088
261.965,772692,2505536,0,3278228,8963088
262.065,772692,2505536,0,3278228,8963088
262.166,772692,2505536,0,3278228,8963088
262.266,772692,2505536,0,3278228,8963088
262.366,772692,2505536,0,3278228,8963088
262.467,772692,2505536,0,3278228,8963088
262.567,772692,2505536,0,3278228,8963088
262.667,772692,2505536,0,3278228,8963088
262.768,772692,2505536,0,3278228,8963088
262.868,772692,2505536,0,3278228,8963088
262.968,772692,2505536,0,3278228,8963088
263.068,772692,2505536,0,3278228,8963088
263.169,772692,2505536,0,3278228,8963088
263.269,772692,2505536,0,3278228,8963088
263.369,772692,2505536,0,3278228,8963088
263.470,772692,2505536,0,3278228,8963088
263.570,772692,2505536,0,3278228,8963088
263.670,772692,2505536,0,3278228,8963088
263.770,772692,2505536,0,3278228,8963088
263.871,772692,2505536,0,3278228,8963088
263.971,772692,2505536,0,3278228,8963088
264.071,772692,2505536,0,3278228,8963088
264.171,772692,2505536,0,3278228,8963088
264.272,772692,2505536,0,3278228,8963088
264.372,772692,2505536,0,3278228,8963088
264.472,772692,2505536,0,3278228,8963088
264.573,772692,2505536,0,3278228,8963088
264.673,772692,2505536,0,3278228,8963088
264.773,772692,2505536,0,3278228,8963088
264.873,772692,2505536,0,3278228,8963088
264.974,772692,2505536,0,3278228,8963088
265.074,772692,2505536,0,3278228,8963088
265.174,772692,2505536,0,3278228,8963088
265.275,772692,2505536,0,3278228,8963088
265.375,772692,2505536,0,3278228,8963088
265.475,772692,2505536,0,3278228,8963088
265.575,772692,2505536,0,3278228,8963088
265.676,772692,2505536,0,3278228,8963088
265.776,772692,2505536,0,3278228,8963088
265.876,772692,2505536,0,3278228,8963088
265.976,772692,2505536,0,3278228,8963088
266.077,772692,2505536,0,3278228,8963088
266.177,772692,2505536,0,3278228,8963088
266.277,772692,2505536,0,3278228,8963088
266.378,772692,2505536,0,3278228,8963088
266.478,772692,2505536,0,3278228,8963088
266.578,772692,2505536,0,3278228,8963088
266.678,772692,2505536,0,3278228,8963088
266.779,772692,2505536,0,3278228,8963088
266.879,772692,2505536,0,3278228,8963088
266.979,772692,2505536,0,3278228,8963088
267.080,772692,2505536,0,3278228,8963088
267.180,772692,2505536,0,3278228,8963088
267.280,772692,2505536,0,3278228,8963088
267.380,772692,2505536,0,3278228,8963088
267.481,772692,2505536,0,3278228,8963088
267.581,772692,2505536,0,3278228,8963088
267.681,772692,2505536,0,3278228,8963088
267.782,772692,2505536,0,3278228,8963088
267.882,772692,2505536,0,3278228,8963088
267.982,772692,2505536,0,3278228,8963088
268.082,772692,2505536,0,3278228,8963088
268.183,772692,2505536,0,3278228,8963088
268.283,772692,2505536,0,3278228,8963088
268.383,772692,2505536,0,3278228,8963088
268.484,772692,2505536,0,3278228,8963088
268.584,772692,2505536,0,3278228,8963088
268.684,772692,2505536,0,3278228,8963088
268.784,772692,2505536,0,3278228,8963088
268.885,772692,2505536,0,3278228,8963088
268.985,772692,2505536,0,3278228,8963088
269.085,772692,2505536,0,3278228,8963088
269.185,772692,2505536,0,3278228,8963088
269.286,772692,2505536,0,3278228,8963088
269.386,772692,2505536,0,3278228,8963088
269.486,772692,2505536,0,3278228,8963088
269.586,772692,2505536,0,3278228,8963088
269.687,772692,2505536,0,3278228,8963088
269.787,772692,2505536,0,3278228,8963088
269.887,772692,2505536,0,3278228,8963088
269.988,772692,2505536,0,3278228,8963088
270.088,772692,2505536,0,3278228,8963088
270.188,772692,2505536,0,3278228,8963088
270.288,772692,2505536,0,3278228,8963088
270.389,772692,2505536,0,3278228,8963088
270.489,772692,2505536,0,3278228,8963088
270.589,772692,2505536,0,3278228,8963088
270.690,772692,2505536,0,3278228,8963088
270.790,772692,2505536,0,3278228,8963088
270.890,772692,2505536,0,3278228,8963088
270.990,772692,2505536,0,3278228,8963088
271.091,772692,2505536,0,3278228,8963088
271.191,772692,2505536,0,3278228,8963088
271.291,772692,2505536,0,3278228,8963088
271.391,772692,2505536,0,3278228,8963088
271.492,772692,2505536,0,3278228,8963088
271.592,772692,2505536,0,3278228,8963088
271.692,772692,2505536,0,3278228,8963088
271.792,772692,2505536,0,3278228,8963088
271.893,772692,2505536,0,3278228,8963088
271.993,772692,2505536,0,3278228,8963088
272.093,772692,2505536,0,3278228,8963088
272.193,772692,2505536,0,3278228,8963088
272.294,772692,2505536,0,3278228,8963088
272.394,772692,2505536,0,3278228,8963088
272.494,772692,2505536,0,3278228,8963088
272.595,772692,2505536,0,3278228,8963088
272.695,772692,2505536,0,3278228,8963088
272.795,772692,2505536,0,3278228,8963088
272.895,772692,2505536,0,3278228,8963088
272.996,772692,2505536,0,3278228,8963088
273.096,772692,2505536,0,3278228,8963088
273.196,772692,2505536,0,3278228,8963088
273.297,772692,2505536,0,3278228,8963088
273.397,772692,2505536,0,3278228,8963088
273.497,772692,2505536,0,3278228,8963088
273.597,772692,2505536,0,3278228,8963088
273.698,772692,2505536,0,3278228,8963088
273.798,772692,2505536,0,3278228,8963088
273.898,772692,2505536,0,3278228,8963088
273.998,772692,2505536,0,3278228,8963088
274.099,772692,2505536,0,3278228,8963088
274.199,772692,2505536,0,3278228,8963088
274.299,772692,2505536,0,3278228,8963088
274.399,772692,2505536,0,3278228,8963088
274.500,772692,2505536,0,3278228,8963088
274.600,772692,2505536,0,3278228,8963088
274.700,772692,2505536,0,3278228,8963088
274.801,772692,2505536,0,3278228,8963088
274.901,772692,2505536,0,3278228,8963088
275.001,772692,2505536,0,3278228,8963088
275.101,772692,2505536,0,3278228,8963088
275.202,772692,2505536,0,3278228,8963088
275.302,772692,2505536,0,3278228,8963088
275.402,772692,2505536,0,3278228,8963088
275.502,772692,2505536,0,3278228,8963088
275.603,772692,2505536,0,3278228,8963088
275.703,772692,2505536,0,3278228,8963088
275.807,772692,2505536,0,3278228,8963088
275.907,772692,2505536,0,3278228,8963088
276.008,772692,2505536,0,3278228,8963088
276.108,772692,2505536,0,3278228,8963088
276.208,772692,2505536,0,3278228,8963088
276.311,772692,2505536,0,3278228,8963088
276.411,772692,2505536,0,3278228,8963088
276.515,772692,2505536,0,3278228,8963088
276.615,772692,2505536,0,3278228,8963088
276.716,772692,2505536,0,3278228,8963088
276.816,772692,2505536,0,3278228,8963088
276.916,772692,2505536,0,3278228,8963088
277.017,772692,2505536,0,3278228,8963088
277.119,772692,2505536,0,3278228,8963088
277.219,772692,2505536,0,3278228,8963088
277.320,772692,2505536,0,3278228,8963088
277.420,772692,2505536,0,3278228,8963088
277.520,772692,2505536,0,3278228,8963088
277.623,772692,2505536,0,3278228,8963088
277.723,772692,2505536,0,3278228,8963088
277.824,772692,2505536,0,3278228,8963088
277.927,772692,2505536,0,3278228,8963088
278.028,772692,2505536,0,3278228,8963088
278.128,772692,2505536,0,3278228,8963088
278.228,772692,2505536,0,3278228,8963088
278.328,772692,2505536,0,3278228,8963088
278.429,772692,2505536,0,3278228,8963088
278.529,772692,2505536,0,3278228,8963088
278.629,772692,2505536,0,3278228,8963088
278.729,772692,2505536,0,3278228,8963088
278.831,772692,2505536,0,3278228,8963088
278.931,772692,2505536,0,3278228,8963088
279.032,772692,2505536,0,3278228,8963088
279.132,772692,2505536,0,3278228,8963088
279.232,772692,2505536,0,3278228,8963088
279.335,772692,2505536,0,3278228,8963088
279.435,772692,2505536,0,3278228,8963088
279.536,772692,2505536,0,3278228,8963088
279.636,772692,2505536,0,3278228,8963088
279.736,772692,2505536,0,3278228,8963088
279.836,772692,2505536,0,3278228,8963088
279.937,772692,2505536,0,3278228,8963088
280.037,772692,2505536,0,3278228,8963088
280.139,772692,2505536,0,3278228,8963088
280.240,772692,2505536,0,3278228,8963088
280.340,772692,2505536,0,3278228,8963088
280.440,772692,2505536,0,3278228,8963088
280.543,772692,2505536,0,3278228,8963088
280.643,772692,2505536,0,3278228,8963088
280.744,772692,2505536,0,3278228,8963088
280.844,772692,2505536,0,3278228,8963088
280.944,772692,2505536,0,3278228,8963088
281.045,772692,2505536,0,3278228,8963088
281.147,772692,2505536,0,3278228,8963088
281.248,772692,2505536,0,3278228,8963088
281.348,772692,2505536,0,3278228,8963088
281.448,772692,2505536,0,3278228,8963088
281.548,772692,2505536,0,3278228,8963088
281.649,772692,2505536,0,3278228,8963088
281.751,772692,2505536,0,3278228,8963088
281.851,772692,2505536,0,3278228,8963088
281.952,772692,2505536,0,3278228,8963088
282.052,772692,2505536,0,3278228,8963088
282.155,772692,2505536,0,3278228,8963088
282.255,772692,2505536,0,3278228,8963088
282.358,772692,2505536,0,3278228,8963088
282.458,772692,2505536,0,3278228,8963088
282.559,772692,2505536,0,3278228,8963088
282.659,772692,2505536,0,3278228,8963088
282.759,772692,2505536,0,3278228,8963088
282.867,772692,2505536,0,3278228,8963088
282.968,772692,2505536,0,3278228,8963088
283.068,772692,2505536,0,3278228,8963088
283.168,772692,2505536,0,3278228,8963088
283.268,772692,2505536,0,3278228,8963088
283.369,772692,2505536,0,3278228,8963088
283.469,772692,2505536,0,3278228,8963088
283.569,616472,2510080,0,3126552,8963088
283.670,616472,2505852,0,3122324,8963088
283.770,616472,2527984,0,3144456,8963088
283.875,617036,2657204,0,3274240,8963088
283.976,627868,3159848,0,3787716,8963088
284.076,636136,3198400,0,3834536,8963088
284.176,645704,3204212,0,3849916,8963088
284.279,656044,3206424,0,3862468,8963088
284.380,668216,3207536,0,3875752,8963088
284.480,675440,3207876,0,3883316,8963088
284.580,694176,3208092,0,3902268,8963088
284.680,713588,3208104,0,3921692,8963088
284.781,731900,3208296,0,3940196,8963088
284.881,740600,3208492,0,3949092,8963088
284.983,752020,3208688,0,3960708,8963088
285.083,769148,3210032,0,3979180,8963088
285.187,778888,3210224,0,3989112,8963088
285.291,789124,3210544,0,3999668,8963088
285.391,797196,3210544,0,4007740,8963088
285.492,805216,3210548,0,4015764,8963088
285.595,808124,3210552,0,4018676,8963088
285.695,809964,3210552,0,4020516,8963088
285.796,810244,3210552,0,4020796,8963088
285.896,810352,3210552,0,4020904,8963088
285.996,810756,3210552,0,4021308,8963088
286.096,814216,3210552,0,4024768,8963088
286.198,817520,3210556,0,4028076,8963088
286.299,818048,3210556,0,4028604,8963088
286.399,821660,3210556,0,4032216,8963088
286.500,822968,3210556,0,4033524,8963088
286.600,826696,3210556,0,4037252,8963088
286.701,833296,3210556,0,4043852,8963088
286.801,835484,3210556,0,4046040,8963088
286.901,837228,3210556,0,4047784,8963088
287.009,837252,3210556,0,4047808,8963088
287.111,837936,3210556,0,4048492,8963088
287.215,837996,3210556,0,4048552,8963088
287.319,838004,3211260,0,4049264,8963088
287.419,839040,3211260,0,4050300,8963088
287.523,840868,3211260,0,4052128,8963088
287.624,844444,3211260,0,4055704,8963088
287.724,845540,3211260,0,4056800,8963088
287.824,848048,3211260,0,4059308,8963088
287.924,851668,3211260,0,4062928,8963088
288.025,852008,3211260,0,4063268,8963088
288.125,852008,3211260,0,4063268,8963088
288.225,854164,3211260,0,4065424,8963088
288.325,854164,3211260,0,4065424,8963088
288.426,854720,3211260,0,4065980,8963088
288.526,856568,3211260,0,4067828,8963088
288.626,857504,3211260,0,4068764,8963088
288.731,859704,3211260,0,4070964,8963088
288.831,861768,3211260,0,4073028,8963088
288.935,861812,3211260,0,4073072,8963088
289.035,861824,3211260,0,4073084,8963088
289.136,861952,3211260,0,4073212,8963088
289.236,863036,3211260,0,4074296,8963088
289.339,863036,3211260,0,4074296,8963088
289.443,863152,3211260,0,4074412,8963088
289.547,863160,3211260,0,4074420,8963088
289.647,863252,3211260,0,4074512,8963088
289.748,863252,3211260,0,4074512,8963088
289.851,863252,3211260,0,4074512,8963088
289.951,865040,3211260,0,4076300,8963088
290.052,865040,3211260,0,4076300,8963088
290.152,865116,3211260,0,4076376,8963088
290.255,865116,3211260,0,4076376,8963088
290.359,865116,3211260,0,4076376,8963088
290.460,865540,3211260,0,4076800,8963088
290.560,867772,3211260,0,4079032,8963088
290.660,867996,3211260,0,4079256,8963088
290.760,869336,3211260,0,4080596,8963088
290.861,871216,3211260,0,4082476,8963088
290.961,872876,3211260,0,4084136,8963088
291.063,872876,3211260,0,4084136,8963088
291.167,874160,3211260,0,4085420,8963088
291.267,874160,3211260,0,4085420,8963088
291.371,875616,3211264,0,4086880,8963088
291.475,877100,3211264,0,4088364,8963088
291.575,877508,3211328,0,4088836,8963088
291.677,880272,3211328,0,4091600,8963088
291.777,880364,3211328,0,4091692,8963088
291.877,880364,3211328,0,4091692,8963088
291.978,880364,3211392,0,4091756,8963088
292.078,882328,3211392,0,4093720,8963088
292.178,882328,3211392,0,4093720,8963088
292.278,882328,3211396,0,4093724,8963088
292.379,882328,3211396,0,4093724,8963088
292.479,882644,3211396,0,4094040,8963088
292.579,884420,3211396,0,4095816,8963088
292.683,888544,3211396,0,4099940,8963088
292.783,889256,3211396,0,4100652,8963088
292.884,892272,3211396,0,4103668,8963088
292.984,900392,3211396,0,4111788,8963088
293.084,900392,3211396,0,4111788,8963088
293.187,902392,3211396,0,4113788,8963088
293.287,902392,3211396,0,4113788,8963088
293.388,906332,3211396,0,4117728,8963088
293.488,906332,3211396,0,4117728,8963088
293.591,906332,3211396,0,4117728,8963088
293.691,906336,3211396,0,4117732,8963088
293.792,906336,3211396,0,4117732,8963088
293.892,906336,3211396,0,4117732,8963088
293.992,906336,3211396,0,4117732,8963088
294.093,906404,3211396,0,4117800,8963088
294.194,906628,3211396,0,4118024,8963088
294.294,906844,3211396,0,4118240,8963088
294.394,907064,3211396,0,4118460,8963088
294.494,907304,3211396,0,4118700,8963088
294.594,907560,3211396,0,4118956,8963088
294.695,907768,3211396,0,4119164,8963088
294.799,907900,3211396,0,4119296,8963088
294.900,908216,3211396,0,4119612,8963088
295.000,908560,3211396,0,4119956,8963088
295.100,908868,3211396,0,4120264,8963088
295.200,908888,3211396,0,4120284,8963088
295.301,908992,3211396,0,4120388,8963088
295.401,909264,3211396,0,4120660,8963088
295.501,909716,3211396,0,4121112,8963088
295.601,909912,3211396,0,4121308,8963088
295.702,910156,3211396,0,4121552,8963088
295.802,910392,3211396,0,4121788,8963088
295.902,910632,3211396,0,4122028,8963088
296.007,910980,3211396,0,4122376,8963088
296.111,911228,3211396,0,4122624,8963088
296.211,911340,3211396,0,4122736,8963088
296.312,911568,3211396,0,4122964,8963088
296.412,911740,3211396,0,4123136,8963088
296.515,911984,3211396,0,4123380,8963088
296.615,912208,3211396,0,4123604,8963088
296.719,912396,3211396,0,4123792,8963088
296.819,912656,3211396,0,4124052,8963088
296.920,912780,3211396,0,4124176,8963088
297.020,913160,3211396,0,4124556,8963088
297.120,913376,3211396,0,4124772,8963088
297.220,913564,3211396,0,4124960,8963088
297.321,914156,3211396,0,4125552,8963088
297.421,914416,3211396,0,4125812,8963088
297.521,914536,3211396,0,4125932,8963088
297.621,914744,3211396,0,4126140,8963088
297.722,914996,3211396,0,4126392,8963088
297.822,915192,3211396,0,4126588,8963088
297.922,915412,3211396,0,4126808,8963088
298.022,915960,3211396,0,4127356,8963088
298.122,916756,3210372,0,4127128,8963088
298.223,916756,3210372,0,4127128,8963088
298.323,916756,3210372,0,4127128,8963088
298.426,916756,3303812,0,4220568,8963088
298.526,916756,3403332,0,4320088,8963088
298.631,871416,3210372,0,4081788,8963088
298.734,871416,3210372,0,4081788,8963088
298.834,871416,3210372,0,4081788,8963088
298.934,871416,3212100,0,4083516,8963088
299.035,871416,3215896,0,4087312,8963088
299.143,871416,3223436,0,4094852,8963088
299.247,871416,3226828,0,4098244,8963088
299.348,871416,3230028,0,4101444,8963088
299.448,871416,3233356,0,4104772,8963088
299.548,871416,3236304,0,4107720,8963088
299.649,871416,3236656,0,4108072,8963088
299.749,871416,3200272,0,4071688,8963088
299.849,871416,3203272,0,4074688,8963088
299.951,871416,3103664,0,3975080,8963088
300.051,871416,2920000,0,3791416,8963088
300.152,871416,2793524,0,3664940,8963088
300.252,871416,2774812,0,3646228,8963088
300.355,871416,2768004,0,3639420,8963088
300.455,871416,2722392,0,3593808,8963088
300.557,871416,2564992,0,3436408,8963088
300.661,871416,2360260,0,3231676,8963088
300.761,871416,2184736,0,3056152,8963088
300.861,871416,1876256,0,2747672,8963088
300.962,871416,1686076,0,2557492,8963088
301.062,871416,1519632,0,2391048,8963088
301.166,871416,1455660,0,2327076,8963088
301.266,871416,1454256,0,2325672,8963088
301.367,871416,1389756,0,2261172,8963088
301.467,871416,1395280,0,2266696,8963088
301.571,871416,1401424,0,2272840,8963088
301.671,871416,1374540,0,2245956,8963088
301.772,871416,1127780,0,1999196,8963088
301.872,871416,853116,0,1724532,8963088
301.972,871416,772780,0,1644196,8963088
302.073,871416,776968,0,1648384,8963088
302.175,871416,770936,0,1642352,8963088
302.279,871416,776492,0,1647908,8963088
302.379,871416,782428,0,1653844,8963088
302.480,871416,784076,0,1655492,8963088
302.580,871416,790468,0,1661884,8963088
302.680,871416,801684,0,1673100,8963088
302.781,871416,812580,0,1683996,8963088
302.881,871416,822380,0,1693796,8963088
302.983,871416,835504,0,1706920,8963088
303.084,871416,849988,0,1721404,8963088
303.184,871416,852600,0,1724016,8963088
303.287,871416,852728,0,1724144,8963088
303.387,871416,853316,0,1724732,8963088
303.488,871416,859020,0,1730436,8963088
303.595,871416,863780,0,1735196,8963088
303.695,871416,858612,0,1730028,8963088
303.796,871416,851012,0,1722428,8963088
303.896,871416,830548,0,1701964,8963088
303.996,871416,833636,0,1705052,8963088
304.098,871416,767864,0,1639280,8963088
304.198,871416,693500,0,1564916,8963088
304.301,871416,687868,0,1559284,8963088
304.401,871416,685496,0,1556912,8963088
304.507,871416,687160,0,1558576,8963088
304.610,871416,696180,0,1567596,8963088
304.710,871416,705580,0,1576996,8963088
304.810,871416,716448,0,1587864,8963088
304.915,871416,733552,0,1604968,8963088
305.016,871416,751564,0,1622980,8963088
305.116,871416,766804,0,1638220,8963088
305.216,871416,781348,0,1652764,8963088
305.316,871416,806420,0,1677836,8963088
305.417,871416,806336,0,1677752,8963088
305.519,871416,798072,0,1669488,8963088
305.621,871416,822816,0,1694232,8963088
305.721,871416,862344,0,1733760,8963088
305.823,871416,894108,0,1765524,8963088
305.923,871416,954620,0,1826036,8963088
306.024,871416,998492,0,1869908,8963088
306.124,871416,1077920,0,1949336,8963088
306.227,871416,1218772,0,2090188,8963088
306.331,871416,1400132,0,2271548,8963088
306.431,871416,1535756,0,2407172,8963088
306.534,871416,1728688,0,2600104,8963088
306.634,871416,1915832,0,2787248,8963088
306.735,871416,2249716,0,3121132,8963088
306.839,871416,2558472,0,3429888,8963088
306.943,871416,2976800,0,3848216,8963088
307.043,871416,3292672,0,4164088,8963088
307.147,871416,3692784,0,4564200,8963088
307.255,871416,4073932,0,4945348,8963088
307.359,871416,4451900,0,5323316,8963088
307.460,871416,4734192,0,5605608,8963088
307.560,871416,5022284,0,5893700,8963088
307.663,871416,5316548,0,6187964,8963088
307.763,871416,5567408,0,6438824,8963088
307.864,871416,5795724,0,6667140,8963088
307.964,871416,6014744,0,6886160,8963088
308.067,871416,6227800,0,7099216,8963088
308.171,871416,6450728,0,7322144,8963088
308.271,871416,6648828,0,7520244,8963088
308.375,871416,6837868,0,7709284,8963088
308.479,871416,7027000,0,7898416,8963088
308.579,871416,7212292,0,8083708,8963088
308.683,871416,7424036,0,8295452,8963088
308.783,871416,7597416,0,8468832,8963088
308.884,872012,7769376,0,8641388,8963088
308.984,872664,7936788,0,8809452,8963088
309.084,873552,8108864,0,8982416,8982416
309.184,875272,8262508,0,9137780,9137780
309.291,877684,8430324,0,9308008,9308008
309.392,879676,8568864,0,9448540,9448540
309.495,891176,8695328,0,9586504,9586504
309.595,891712,8803024,0,9694736,9694736
309.696,893084,8919060,0,9812144,9812144
309.796,895304,9028160,0,9923464,9923464
309.899,898028,9140820,0,10038848,10038848
309.999,901036,9240800,0,10141836,10141836
310.100,904152,9333656,0,10237808,10237808
310.207,918204,9429836,0,10348040,10348040
310.311,921736,9528564,0,10450300,10450300
310.411,925224,9623520,0,10548744,10548744
310.512,928124,9708132,0,10636256,10636256
310.612,941832,9797412,0,10739244,10739244
310.712,944468,9876072,0,10820540,10820540
310.813,955324,9960532,0,10915856,10915856
310.915,966308,10039960,0,11006268,11006268
311.019,969844,10131788,0,11101632,11101632
311.119,973532,10208160,0,11181692,11181692
311.223,987224,10282576,0,11269800,11269800
311.323,1010628,10348740,0,11359368,11359368
311.431,1013896,10428716,0,11442612,11442612
311.532,1016788,10503120,0,11519908,11519908
311.635,1019576,10566488,0,11586064,11586064
311.735,1023744,10632864,0,11656608,11656608
311.839,1047860,10689784,0,11737644,11737644
311.943,1050668,10752992,0,11803660,11803660
312.043,1053816,10821172,0,11874988,11874988
312.144,1056512,10871800,0,11928312,11928312
312.244,1059856,10921076,0,11980932,11980932
312.344,1063140,10965332,0,12028472,12028472
312.447,1067124,11014348,0,12081472,12081472
312.547,1070620,11053680,0,12124300,12124300
312.648,1074164,11091628,0,12165792,12165792
312.751,1079092,11138816,0,12217908,12217908
312.851,1082816,11180760,0,12263576,12263576
312.955,1087112,11220520,0,12307632,12307632
313.055,1091520,11259424,0,12350944,12350944
313.159,1101956,11298340,0,12400296,12400296
313.259,1110996,11334136,0,12445132,12445132
313.360,1115452,11367168,0,12482620,12482620
313.460,1119824,11398588,0,12518412,12518412
313.560,1123876,11429476,0,12553352,12553352
313.660,1128160,11458972,0,12587132,12587132
313.767,1133416,11494400,0,12627816,12627816
313.867,1137892,11530180,0,12668072,12668072
313.968,1142436,11562952,0,12705388,12705388
314.071,1146780,11590360,0,12737140,12737140
314.175,1152004,11617300,0,12769304,12769304
314.275,1156972,11649096,0,12806068,12806068
314.376,1161588,11679228,0,12840816,12840816
314.479,1166636,11706956,0,12873592,12873592
314.579,1171940,11737376,0,12909316,12909316
314.683,1177308,11769844,0,12947152,12947152
314.787,1182348,11799716,0,12982064,12982064
314.891,1187892,11826168,0,13014060,13014060
314.991,1192860,11850328,0,13043188,13043188
315.092,1198284,11873992,0,13072276,13072276
315.192,1203228,11893024,0,13096252,13096252
315.292,1208416,11915112,0,13123528,13123528
315.392,1213816,11931508,0,13145324,13145324
315.503,1219232,11951588,0,13170820,13170820
315.608,1231492,11969348,0,13200840,13200840
315.708,1250064,11985332,0,13235396,13235396
315.811,1255176,12010176,0,13265352,13265352
315.915,1260608,12027000,0,13287608,13287608
316.015,1264756,12041888,0,13306644,13306644
316.119,1268620,12056548,0,13325168,13325168
316.219,1273400,12068296,0,13341696,13341696
316.320,1277868,12080652,0,13358520,13358520
316.420,1292420,12091360,0,13383780,13383780
316.520,1296076,12103600,0,13399676,13399676
316.623,1300576,12115316,0,13415892,13415892
316.723,1304380,12126660,0,13431040,13431040
316.824,1310244,12137788,0,13448032,13448032
316.931,1331384,12148204,0,13479588,13479588
317.031,1337500,12156604,0,13494104,13494104
317.135,1341056,12165756,0,13506812,13506812
317.235,1344596,12173600,0,13518196,13518196
317.339,1349340,12182584,0,13531924,13531924
317.443,1353688,12190712,0,13544400,13544400
317.543,1358840,12197764,0,13556604,13556604
317.644,1362744,12204504,0,13567248,13567248
317.744,1370392,12210276,0,13580668,13580668
317.845,1376344,12215480,0,13591824,13591824
317.947,1381892,12222680,0,13604572,13604572
318.051,1388816,12228520,0,13617336,13617336
318.155,1396992,12233564,0,13630556,13630556
318.256,1411224,12239076,0,13650300,13650300
318.356,1424816,12242080,0,13666896,13666896
318.456,1420404,12247828,0,13668232,13676780
318.559,1423600,12255204,0,13678804,13678804
318.659,1428848,12262008,0,13690856,13690856
318.760,1441596,12268092,0,13709688,13709688
318.860,1448476,12273932,0,13722408,13722408
318.960,1456948,12280640,0,13737588,13737588
319.063,1461420,12287612,0,13749032,13749032
319.167,1463692,12294604,0,13758296,13758296
319.267,1469520,12302432,0,13771952,13771952
319.368,1488508,12307160,0,13795668,13795668
319.471,1490640,12315760,0,13806400,13806400
319.575,1460660,12319928,0,13780588,13808736
319.679,1462396,12327736,0,13790132,13808736
319.783,1464216,12333080,0,13797296,13808736
319.883,1466732,12338776,0,13805508,13808736
319.984,1456132,12337100,0,13793232,13808736
320.084,1463340,12342308,0,13805648,13808736
320.187,1470044,12348900,0,13818944,13818944
320.292,1487404,12355220,0,13842624,13842624
320.392,1489804,12359572,0,13849376,13849376
320.493,1491100,12364348,0,13855448,13855448
320.593,1492508,12368292,0,13860800,13860800
320.693,1493744,12374224,0,13867968,13867968
320.799,1498912,12384132,0,13883044,13883044
320.903,1500944,12393168,0,13894112,13894112
321.007,1512328,12394780,0,13907108,13907108
321.111,1516152,12397852,0,13914004,13914004
321.211,1521104,12400388,0,13921492,13921492
321.312,1522848,12401844,0,13924692,13924692
321.412,1491760,12404184,0,13895944,13927408
321.512,1492524,12407628,0,13900152,13927408
321.613,1492712,12407968,0,13900680,13927408
321.713,1473988,12417472,0,13891460,13927408
321.813,1443220,12420380,0,13863600,13927408
321.913,1443560,12423892,0,13867452,13927408
322.014,1443860,12427156,0,13871016,13927408
322.114,1444080,12429204,0,13873284,13927408
322.214,1444396,12429364,0,13873760,13927408
322.319,1444664,12424812,0,13869476,13927408
322.419,1446000,12427912,0,13873912,13927408
322.523,1446232,12434604,0,13880836,13927408
322.623,1446484,12438600,0,13885084,13927408
322.724,1447808,12410020,0,13857828,13927408
322.827,1447984,12412668,0,13860652,13927408
322.928,1448948,12415208,0,13864156,13927408
323.029,1449084,12417708,0,13866792,13927408
323.131,1449588,12349832,0,13799420,13927408
323.231,1449824,12355800,0,13805624,13927408
323.335,1451720,12365760,0,13817480,13927408
323.439,1451976,12375224,0,13827200,13927408
323.539,1452268,12371012,0,13823280,13927408
323.643,1453792,12371964,0,13825756,13927408
323.743,1453892,12368068,0,13821960,13927408
323.844,1454252,12376092,0,13830344,13927408
323.944,1454684,12383380,0,13838064,13927408
324.044,1455612,12393524,0,13849136,13927408
324.147,1455844,12399116,0,13854960,13927408
324.247,1456092,12404972,0,13861064,13927408
324.348,1456328,12412404,0,13868732,13927408
324.448,1456900,12417448,0,13874348,13927408
324.551,1457144,12422912,0,13880056,13927408
324.651,1457316,12427992,0,13885308,13927408
324.755,1457584,12434312,0,13891896,13927408
324.859,1457808,12440964,0,13898772,13927408
324.963,1458668,12447292,0,13905960,13927408
325.063,1458920,12452724,0,13911644,13927408
325.164,1459120,12457840,0,13916960,13927408
325.267,1459284,12462200,0,13921484,13927408
325.367,1460356,12466464,0,13926820,13927408
325.471,1460412,12470996,0,13931408,13931408
325.575,1460744,12474856,0,13935600,13935600
325.675,1461040,12478616,0,13939656,13939656
325.776,1461316,12482336,0,13943652,13943652
325.876,1461596,12486128,0,13947724,13947724
325.979,1463848,12490528,0,13954376,13954376
326.079,1464248,12495312,0,13959560,13959560
326.183,1464580,12499284,0,13963864,13963864
326.287,1464944,12504416,0,13969360,13969360
326.387,1465228,12509452,0,13974680,13974680
326.488,1465500,12512532,0,13978032,13978032
326.588,1465844,12515528,0,13981372,13981372
326.688,1466192,12518804,0,13984996,13984996
326.789,1466684,12521776,0,13988460,13988460
326.891,1467000,12525528,0,13992528,13992528
326.995,1467520,12529152,0,13996672,13996672
327.099,1468396,12533776,0,14002172,14002172
327.200,1469252,12536968,0,14006220,14006220
327.303,1469424,12539820,0,14009244,14009244
327.407,1470084,12543664,0,14013748,14013748
327.507,1470528,12546628,0,14017156,14017156
327.608,1470880,12548872,0,14019752,14019752
327.708,1471724,12551608,0,14023332,14023332
327.811,1472440,12555172,0,14027612,14027612
327.915,1473400,12557712,0,14031112,14031112
328.019,1474224,12560480,0,14034704,14034704
328.119,1479340,12562336,0,14041676,14041676
328.223,1480840,12565172,0,14046012,14046012
328.323,1481276,12567388,0,14048664,14048664
328.424,1481784,12569120,0,14050904,14050904
328.524,1482252,12572704,0,14054956,14054956
328.624,1482852,12576148,0,14059000,14059000
328.725,1483376,12578548,0,14061924,14061924
328.827,1483916,12581780,0,14065696,14065696
328.927,1484596,12583616,0,14068212,14068212
329.031,1485268,12586140,0,14071408,14071408
329.135,1486256,12588460,0,14074716,14074716
329.235,1487028,12590884,0,14077912,14077912
329.339,1491168,12593596,0,14084764,14084764
329.439,1495736,12595704,0,14091440,14091440
329.543,1496356,12598316,0,14094672,14094672
329.643,1497012,12600844,0,14097856,14097856
329.747,1485624,12603364,0,14088988,14098080
329.851,1486196,12606176,0,14092372,14098080
329.951,1486936,12607952,0,14094888,14098080
330.052,1487540,12610728,0,14098268,14098268
330.152,1488140,12613356,0,14101496,14101496
330.255,1488912,12614956,0,14103868,14103868
330.359,1490188,12616836,0,14107024,14107024
330.459,1491156,12618836,0,14109992,14109992
330.560,1492340,12620412,0,14112752,14112752
330.660,1493668,12622284,0,14115952,14115952
330.763,1494896,12625440,0,14120336,14120336
330.867,1496328,12628004,0,14124332,14124332
330.967,1497360,12629924,0,14127284,14127284
331.070,1501160,12631716,0,14132876,14132876
331.170,1503888,12633540,0,14137428,14137428
331.275,1506656,12637204,0,14143860,14143860
331.376,1507456,12639676,0,14147132,14147132
331.479,1508128,12642284,0,14150412,14150412
331.583,1496820,12645184,0,14142004,14151940
331.683,1501260,12646928,0,14148188,14151940
331.784,1502608,12648624,0,14151232,14151940
331.884,1503584,12649872,0,14153456,14153456
331.984,1440204,12651644,0,14091848,14153332
332.084,1445100,12654268,0,14099368,14153332
332.185,1445700,12656584,0,14102284,14153332
332.285,1448704,12660044,0,14108748,14153332
332.385,1450140,12662516,0,14112656,14153332
332.485,1450360,12664848,0,14115208,14153332
332.587,1418656,12667312,0,14085968,14153332
332.691,1418920,12669892,0,14088812,14153332
332.791,1419328,12671900,0,14091228,14153332
332.895,1409548,12675400,0,14084948,14153332
332.999,1409784,12677936,0,14087720,14153332
333.099,1410352,12680048,0,14090400,14153332
333.200,1410836,12681852,0,14092688,14153332
333.300,1411256,12683520,0,14094776,14153332
333.403,1411980,12685988,0,14097968,14153332
333.503,1416156,12688484,0,14104640,14153332
333.604,1431488,12690992,0,14122480,14153332
333.707,1441012,12693840,0,14134852,14153332
333.807,1441344,12695752,0,14137096,14153332
333.908,1441464,12697916,0,14139380,14153332
334.008,1424340,12699440,0,14123780,14153332
334.108,1424500,12701396,0,14125896,14153332
334.211,1424644,12703720,0,14128364,14153332
334.315,1425068,12706332,0,14131400,14153332
334.416,1425484,12709472,0,14134956,14153332
334.516,1428332,12712604,0,14140936,14153332
334.616,1428500,12714608,0,14143108,14153332
334.716,1428612,12718132,0,14146744,14153332
334.819,1428972,12721584,0,14150556,14153332
334.923,1429652,12723736,0,14153388,14153388
335.023,1430140,12725396,0,14155536,14155536
335.124,1430876,12727596,0,14158472,14158472
335.224,1431988,12730600,0,14162588,14162588
335.335,1432812,12732640,0,14165452,14165452
335.436,1437160,12734408,0,14171568,14171568
335.536,1455264,12736156,0,14191420,14191420
335.636,1456004,12737360,0,14193364,14193364
335.739,1457580,12738760,0,14196340,14196340
335.839,1458540,12739880,0,14198420,14198420
335.940,1459484,12741692,0,14201176,14201176
336.040,1460232,12742832,0,14203064,14203064
336.143,1465200,12744332,0,14209532,14209532
336.247,1465520,12745464,0,14210984,14210984
336.351,1469112,12746824,0,14215936,14215936
336.451,1470528,12748140,0,14218668,14218668
336.552,1470948,12748544,0,14219492,14219492
336.655,1472064,12749432,0,14221496,14221496
336.755,1472312,12750044,0,14222356,14222356
336.856,1472668,12750920,0,14223588,14223588
336.956,1473348,12752636,0,14225984,14225984
337.056,1473572,12753916,0,14227488,14227488
337.163,1473836,12755552,0,14229388,14229388
337.263,1474236,12756972,0,14231208,14231208
337.367,1474764,12758240,0,14233004,14233004
337.471,1475172,12759556,0,14234728,14234728
337.571,1475368,12760952,0,14236320,14236320
337.672,1475676,12762644,0,14238320,14238320
337.772,1476024,12764772,0,14240796,14240796
337.872,1480340,12766156,0,14246496,14246496
337.973,1482288,12767676,0,14249964,14249964
338.073,1485236,12768620,0,14253856,14253856
338.173,1485900,12769852,0,14255752,14255752
338.275,1486876,12771740,0,14258616,14258616
338.375,1488728,12773272,0,14262000,14262000
338.476,1490292,12774548,0,14264840,14264840
338.576,1491608,12776608,0,14268216,14268216
338.676,1492576,12779040,0,14271616,14271616
338.779,1493452,12780532,0,14273984,14273984
338.879,1462836,12783144,0,14245980,14274468
338.980,1470796,12785260,0,14256056,14274468
339.080,1472824,12787932,0,14260756,14274468
339.180,1461628,12789684,0,14251312,14274468
339.281,1462384,12792512,0,14254896,14274468
339.381,1463260,12795984,0,14259244,14274468
339.481,1463984,12798320,0,14262304,14274468
339.583,1464768,12805156,0,14269924,14274468
339.683,1470448,12809672,0,14280120,14280120
339.784,1470576,12811088,0,14281664,14281664
339.884,1470636,12812540,0,14283176,14283176
339.987,1470772,12816804,0,14287576,14287576
340.088,1470888,12820204,0,14291092,14291092
340.188,1471204,12822048,0,14293252,14293252
340.288,1472332,12824368,0,14296700,14296700
340.388,1473456,12827612,0,14301068,14301068
340.491,1474496,12831624,0,14306120,14306120
340.591,1475452,12835084,0,14310536,14310536
340.692,1476816,12838836,0,14315652,14315652
340.795,1477572,12842528,0,14320100,14320100
340.895,1478456,12844952,0,14323408,14323408
340.996,1480020,12848320,0,14328340,14328340
341.096,1481296,12849940,0,14331236,14331236
341.203,1482580,12851196,0,14333776,14333776
341.307,1483992,12852740,0,14336732,14336732
341.407,1491560,12854928,0,14346488,14346488
341.508,1492552,12857828,0,14350380,14350380
341.608,1492812,12860328,0,14353140,14353140
341.708,1493408,12862180,0,14355588,14355588
341.809,1494748,12864088,0,14358836,14358836
341.909,1496080,12866436,0,14362516,14362516
342.009,1498100,12868600,0,14366700,14366700
342.109,1499752,12870508,0,14370260,14370260
342.210,1502332,12872696,0,14375028,14375028
342.311,1506044,12874676,0,14380720,14380720
342.415,1508492,12875876,0,14384368,14384368
342.515,1515860,12876796,0,14392656,14392656
342.619,1530340,12876936,0,14407276,14407276
342.719,1531576,12877224,0,14408800,14408800
342.820,1532596,12877544,0,14410140,14410140
342.923,1533596,12877736,0,14411332,14411332
343.027,1534516,12878948,0,14413464,14413464
343.127,1524300,12879204,0,14403504,14412872
343.231,1558276,12879376,0,14437652,14437652
343.335,1577872,12879492,0,14457364,14457364
343.435,1588424,12878828,0,14467252,14467252
343.536,1588824,12879128,0,14467952,14467952
343.636,1589368,12879192,0,14468560,14468560
343.736,1590012,12879500,0,14469512,14469512
343.837,1590312,12879840,0,14470152,14470152
343.937,1594520,12880024,0,14474544,14474544
344.037,1598784,12880376,0,14479160,14479160
344.137,1602644,12880820,0,14483464,14483464
344.237,1604012,12881472,0,14485484,14485484
344.338,1604928,12881856,0,14486784,14486784
344.438,1605664,12882164,0,14487828,14487828
344.538,1580004,12882296,0,14462300,14487076
344.643,1563180,12882792,0,14445972,14487076
344.743,1563884,12883304,0,14447188,14487076
344.844,1566732,12883488,0,14450220,14487076
344.947,1568716,12883752,0,14452468,14487076
345.047,1569292,12884064,0,14453356,14487076
345.148,1569332,12884420,0,14453752,14487076
345.248,1569516,12884904,0,14454420,14487076
345.348,1569848,12885212,0,14455060,14487076
345.451,1570192,12885696,0,14455888,14487076
345.551,1570500,12886056,0,14456556,14487076
345.655,1570648,12886280,0,14456928,14487076
345.759,1570744,12886472,0,14457216,14487076
345.859,1571064,12886996,0,14458060,14487076
345.960,1571344,12887260,0,14458604,14487076
346.060,1572252,12887664,0,14459916,14487076
346.163,1572560,12887796,0,14460356,14487076
346.263,1572768,12887992,0,14460760,14487076
346.364,1573196,12888244,0,14461440,14487076
346.471,1573548,12888336,0,14461884,14487076
346.571,1574160,12888856,0,14463016,14487076
346.672,1595984,12889128,0,14485112,14487076
346.772,1596680,12889560,0,14486240,14487076
346.872,1596896,12890072,0,14486968,14487076
346.979,1597296,12890640,0,14487936,14487936
347.079,1597540,12890864,0,14488404,14488404
347.180,1597732,12891184,0,14488916,14488916
347.280,1597980,12891508,0,14489488,14489488
347.380,1598272,12891516,0,14489788,14489788
347.483,1598868,12891780,0,14490648,14490648
347.583,1599708,12892012,0,14491720,14491720
347.684,1599888,12892216,0,14492104,14492104
347.784,1601088,12892400,0,14493488,14493488
347.884,1602172,12892628,0,14494800,14494800
347.987,1609676,12892788,0,14502464,14502464
348.087,1628220,12892884,0,14521104,14521104
348.188,1631108,12892852,0,14523960,14523960
348.291,1589264,12893064,0,14482328,14522936
348.395,1589296,12891232,0,14480528,14522936
348.499,1571668,12891056,0,14462724,14522936
348.599,1571908,12891292,0,14463200,14522936
348.700,1571932,12891580,0,14463512,14522936
348.800,1571972,12891700,0,14463672,14522936
348.900,1572000,12891984,0,14463984,14522936
349.003,1572032,12892392,0,14464424,14522936
349.103,1572056,12892792,0,14464848,14522936
349.204,1572060,12892992,0,14465052,14522936
349.304,1572080,12893432,0,14465512,14522936
349.404,1572196,12893876,0,14466072,14522936
349.505,1572208,12894364,0,14466572,14522936
349.605,1572216,12894508,0,14466724,14522936
349.707,1572228,12894800,0,14467028,14522936
349.807,1572256,12895036,0,14467292,14522936
349.915,1572260,12895328,0,14467588,14522936
350.015,1572264,12895548,0,14467812,14522936
350.116,1572268,12895948,0,14468216,14522936
350.216,1541032,12896036,0,14437068,14522936
350.319,1541048,12896228,0,14437276,14522936
350.419,1541060,12896640,0,14437700,14522936
350.520,1541072,12896788,0,14437860,14522936
350.620,1542928,12896960,0,14439888,14522936
350.720,1549576,12897092,0,14446668,14522936
350.821,1549580,12897376,0,14446956,14522936
350.927,1549580,12897508,0,14447088,14522936
351.027,1549580,12897728,0,14447308,14522936
351.128,1549776,12898096,0,14447872,14522936
351.228,1549784,12898188,0,14447972,14522936
351.331,1550176,12898352,0,14448528,14522936
351.431,1550200,12898644,0,14448844,14522936
351.532,1550232,12898920,0,14449152,14522936
351.635,1550320,12899136,0,14449456,14522936
351.735,1550336,12898276,0,14448612,14522936
351.839,1550356,12896976,0,14447332,14522936
351.939,1550356,12897260,0,14447616,14522936
352.043,1550364,12897420,0,14447784,14522936
352.143,1550364,12897688,0,14448052,14522936
352.244,1550368,12897920,0,14448288,14522936
352.351,1555128,12898276,0,14453404,14522936
352.451,1555128,12898400,0,14453528,14522936
352.555,1555128,12898572,0,14453700,14522936
352.655,1555180,12898548,0,14453728,14522936
352.759,1555180,12898960,0,14454140,14522936
352.859,1555184,12899128,0,14454312,14522936
352.960,1555184,12899324,0,14454508,14522936
353.060,1555184,12899388,0,14454572,14522936
353.160,1555184,12899780,0,14454964,14522936
353.261,1555184,12900076,0,14455260,14522936
353.361,1555188,12900340,0,14455528,14522936
353.461,1555196,12900508,0,14455704,14522936
353.567,1555224,12900752,0,14455976,14522936
353.671,1555232,12900932,0,14456164,14522936
353.771,1555232,12901176,0,14456408,14522936
353.872,1555236,12901420,0,14456656,14522936
353.979,1555248,12901660,0,14456908,14522936
354.079,1560240,12901820,0,14462060,14522936
354.180,1560248,12902088,0,14462336,14522936
354.283,1560252,12902232,0,14462484,14522936
354.384,1560680,12902352,0,14463032,14522936
354.484,1560964,12900916,0,14461880,14522936
354.584,1561312,12901116,0,14462428,14522936
354.687,1561732,12901248,0,14462980,14522936
354.787,1562132,12901572,0,14463704,14522936
354.891,1562576,12901904,0,14464480,14522936
354.995,1563020,12901928,0,14464948,14522936
355.099,1563420,12902104,0,14465524,14522936
355.199,1563840,12902348,0,14466188,14522936
355.300,1567744,12902500,0,14470244,14522936
355.400,1571096,12901988,0,14473084,14522936
355.503,1571096,12902376,0,14473472,14522936
355.607,1571096,12902624,0,14473720,14522936
355.711,1560292,12902780,0,14463072,14522936
355.811,1571840,12903064,0,14474904,14522936
355.912,1575552,12903256,0,14478808,14522936
356.012,1575552,12903424,0,14478976,14522936
356.112,1575584,12903624,0,14479208,14522936
356.212,1575608,12903760,0,14479368,14522936
356.313,1575640,12904016,0,14479656,14522936
356.413,1576012,12904208,0,14480220,14522936
356.515,1576224,12904372,0,14480596,14522936
356.619,1576588,12904472,0,14481060,14522936
356.719,1576872,12904760,0,14481632,14522936
356.820,1577176,12904972,0,14482148,14522936
356.927,1577528,12905280,0,14482808,14522936
357.027,1582352,12905448,0,14487800,14522936
357.128,1582536,12905576,0,14488112,14522936
357.228,1583420,12905656,0,14489076,14522936
357.328,1586868,12905904,0,14492772,14522936
357.431,1591888,12906116,0,14498004,14522936
357.535,1593920,12905120,0,14499040,14522936
357.635,1597564,12904468,0,14502032,14522936
357.736,1598068,12904632,0,14502700,14522936
357.836,1598688,12904800,0,14503488,14522936
357.936,1599012,12905056,0,14504068,14522936
358.036,1599800,12905436,0,14505236,14522936
358.137,1600904,12905724,0,14506628,14522936
358.237,1601196,12906044,0,14507240,14522936
358.337,1601496,12906728,0,14508224,14522936
358.437,1602140,12906888,0,14509028,14522936
358.539,1603024,12907116,0,14510140,14522936
358.640,1603440,12907464,0,14510904,14522936
358.740,1603820,12907940,0,14511760,14522936
358.840,1604288,12908328,0,14512616,14522936
358.943,1604736,12908512,0,14513248,14522936
359.047,1610108,12908768,0,14518876,14522936
359.147,1613560,12909248,0,14522808,14522936
359.248,1614204,12909760,0,14523964,14523964
359.350,1614780,12909848,0,14524628,14524628
359.451,1615008,12910128,0,14525136,14525136
359.551,1615364,12910496,0,14525860,14525860
359.651,1580856,12910716,0,14491572,14524556
359.751,1581308,12911032,0,14492340,14524556
359.852,1581860,12911120,0,14492980,14524556
359.952,1564800,12911560,0,14476360,14524556
360.055,1565376,12911732,0,14477108,14524556
360.155,1566372,12911840,0,14478212,14524556
360.259,1567296,12912056,0,14479352,14524556
360.359,1556720,12912308,0,14469028,14524556
360.463,1558008,12912644,0,14470652,14524556
360.563,1579580,12912940,0,14492520,14524556
360.667,1579956,12913568,0,14493524,14524556
360.767,1580236,12913720,0,14493956,14524556
360.868,1580516,12913816,0,14494332,14524556
360.971,1580896,12913980,0,14494876,14524556
361.071,1581360,12914176,0,14495536,14524556
361.172,1581788,12914324,0,14496112,14524556
361.272,1582044,12914472,0,14496516,14524556
361.372,1586180,12914540,0,14500720,14524556
361.479,1586488,12914684,0,14501172,14524556
361.579,1586640,12914964,0,14501604,14524556
361.680,1586860,12914964,0,14501824,14524556
361.783,1587056,12915096,0,14502152,14524556
361.887,1587320,12915180,0,14502500,14524556
361.987,1597120,12915328,0,14512448,14524556
362.088,1598480,12915428,0,14513908,14524556
362.188,1598744,12915436,0,14514180,14524556
362.288,1599132,12915504,0,14514636,14524556
362.389,1599368,12915568,0,14514936,14524556
362.489,1599564,12915812,0,14515376,14524556
362.591,1599812,12916172,0,14515984,14524556
362.695,1600148,12916248,0,14516396,14524556
362.795,1600280,12916312,0,14516592,14524556
362.896,1600532,12916368,0,14516900,14524556
362.996,1600804,12916444,0,14517248,14524556
363.103,1601080,12916648,0,14517728,14524556
363.203,1601240,12916824,0,14518064,14524556
363.304,1601532,12917076,0,14518608,14524556
363.404,1601720,12917280,0,14519000,14524556
363.504,1604664,12917360,0,14522024,14524556
363.607,1606856,12917536,0,14524392,14524556
363.711,1608752,12917576,0,14526328,14526328
363.811,1608760,12917568,0,14526328,14526328
363.912,1608760,12917796,0,14526556,14526556
364.012,1608800,12917916,0,14526716,14526716
364.115,1592012,12917956,0,14509968,14525916
364.215,1592348,12918004,0,14510352,14525916
364.316,1592612,12918056,0,14510668,14525916
364.419,1592972,12918188,0,14511160,14525916
364.519,1593380,12918192,0,14511572,14525916
364.620,1597656,12918292,0,14515948,14525916
364.720,1601688,12918420,0,14520108,14525916
364.820,1601688,12918516,0,14520204,14525916
364.920,1601688,12918604,0,14520292,14525916
365.021,1601688,12918676,0,14520364,14525916
365.121,1601688,12918696,0,14520384,14525916
365.221,1591740,12918824,0,14510564,14525916
365.322,1559756,12918896,0,14478652,14525916
365.422,1559756,12918972,0,14478728,14525916
365.522,1559756,12919152,0,14478908,14525916
365.623,1559756,12919256,0,14479012,14525916
365.731,1560484,12919600,0,14480084,14525916
365.831,1560484,12919688,0,14480172,14525916
365.932,1560484,12919896,0,14480380,14525916
366.035,1560484,12919980,0,14480464,14525916
366.135,1560484,12920168,0,14480652,14525916
366.236,1560484,12918588,0,14479072,14525916
366.339,1560484,12919068,0,14479552,14525916
366.447,1560484,12919272,0,14479756,14525916
366.547,1560492,12919336,0,14479828,14525916
366.648,1560492,12919488,0,14479980,14525916
366.748,1560492,12919656,0,14480148,14525916
366.851,1560492,12919804,0,14480296,14525916
366.951,1560492,12919944,0,14480436,14525916
367.055,1560492,12920040,0,14480532,14525916
367.155,1560492,12920132,0,14480624,14525916
367.256,1560492,12920232,0,14480724,14525916
367.356,1560492,12920364,0,14480856,14525916
367.456,1560492,12920376,0,14480868,14525916
367.559,1560492,12920172,0,14480664,14525916
367.659,1560492,12920180,0,14480672,14525916
367.763,1560496,12920328,0,14480824,14525916
367.863,1560496,12920492,0,14480988,14525916
367.964,1560696,12920804,0,14481500,14525916
368.064,1560992,12920852,0,14481844,14525916
368.171,1561516,12920860,0,14482376,14525916
368.275,1575160,12920948,0,14496108,14525916
368.375,1582516,12920996,0,14503512,14525916
368.476,1582524,12921060,0,14503584,14525916
368.576,1582524,12921360,0,14503884,14525916
368.676,1582536,12921764,0,14504300,14525916
368.779,1582564,12921912,0,14504476,14525916
368.879,1582600,12922040,0,14504640,14525916
368.980,1582608,12922216,0,14504824,14525916
369.083,1582624,12922292,0,14504916,14525916
369.183,1582640,12922308,0,14504948,14525916
369.287,1582640,12922336,0,14504976,14525916
369.387,1582652,12922412,0,14505064,14525916
369.488,1582656,12922416,0,14505072,14525916
369.588,1582668,12922512,0,14505180,14525916
369.695,1582668,12922572,0,14505240,14525916
369.795,1582892,12922708,0,14505600,14525916
369.896,1583152,12922864,0,14506016,14525916
369.996,1583328,12922928,0,14506256,14525916
370.096,1583560,12922940,0,14506500,14525916
370.196,1583804,12923144,0,14506948,14525916
370.297,1584204,12923188,0,14507392,14525916
370.399,1605760,12923252,0,14529012,14529012
370.503,1606608,12923324,0,14529932,14529932
370.607,1607656,12923468,0,14531124,14531124
370.707,1608964,12922764,0,14531728,14531728
370.808,1609772,12923012,0,14532784,14532784
370.908,1611456,12923012,0,14534468,14534468
371.008,1616080,12923136,0,14539216,14539216
371.109,1616840,12923200,0,14540040,14540040
371.209,1620344,12923360,0,14543704,14543704
371.309,1620796,12922864,0,14543660,14543660
371.409,1621476,12922844,0,14544320,14544320
371.510,1622128,12922860,0,14544988,14544988
371.615,1622844,12922936,0,14545780,14545780
371.716,1593868,12923000,0,14516868,14545164
371.819,1597468,12923124,0,14520592,14545164
371.919,1597976,12923328,0,14521304,14545164
372.020,1597976,12923348,0,14521324,14545164
372.120,1597996,12923360,0,14521356,14545164
372.220,1597996,12923448,0,14521444,14545164
372.323,1598004,12923532,0,14521536,14545164
372.427,1598152,12923724,0,14521876,14545164
372.531,1598556,12923812,0,14522368,14545164
372.631,1598916,12923964,0,14522880,14545164
372.732,1599400,12924140,0,14523540,14545164
372.832,1600124,12924280,0,14524404,14545164
372.932,1604420,12924344,0,14528764,14545164
373.033,1604732,12924472,0,14529204,14545164
373.135,1606100,12924496,0,14530596,14545164
373.235,1613176,12924508,0,14537684,14545164
373.339,1613776,12924512,0,14538288,14545164
373.439,1613776,12924576,0,14538352,14545164
373.540,1616620,12924640,0,14541260,14545164
373.643,1617868,12924908,0,14542776,14545164
373.747,1586044,12925064,0,14511108,14545164
373.849,1586044,12925196,0,14511240,14545164
373.949,1586044,12925324,0,14511368,14545164
374.051,1586044,12925396,0,14511440,14545164
374.155,1575428,12925508,0,14500936,14545164
374.255,1575428,12925608,0,14501036,14545164
374.356,1575428,12925684,0,14501112,14545164
374.456,1575428,12925756,0,14501184,14545164
374.556,1575428,12925876,0,14501304,14545164
374.659,1575432,12926100,0,14501532,14545164
374.759,1575432,12926100,0,14501532,14545164
374.860,1575432,12926280,0,14501712,14545164
374.963,1575432,12926308,0,14501740,14545164
375.063,1575432,12926328,0,14501760,14545164
375.164,1575744,12926468,0,14502212,14545164
375.267,1576048,12926540,0,14502588,14545164
375.371,1576488,12926624,0,14503112,14545164
375.475,1576760,12926752,0,14503512,14545164
375.576,1577000,12926820,0,14503820,14545164
375.676,1577432,12926828,0,14504260,14545164
375.776,1577720,12926956,0,14504676,14545164
375.879,1578076,12927032,0,14505108,14545164
375.979,1578388,12927104,0,14505492,14545164
376.080,1578700,12927120,0,14505820,14545164
376.180,1579016,12927144,0,14506160,14545164
376.283,1579664,12927312,0,14506976,14545164
376.383,1580256,12927512,0,14507768,14545164
376.487,1581020,12927680,0,14508700,14545164
376.587,1581764,12927708,0,14509472,14545164
376.688,1582196,12927712,0,14509908,14545164
376.788,1582784,12927712,0,14510496,14545164
376.891,1604108,12927716,0,14531824,14545164
376.995,1607692,12927776,0,14535468,14545164
377.099,1608572,12927840,0,14536412,14545164
377.199,1611792,12927968,0,14539760,14545164
377.300,1611800,12928116,0,14539916,14545164
377.403,1611804,12928240,0,14540044,14545164
377.507,1611820,12928240,0,14540060,14545164
377.607,1598084,12928304,0,14526388,14545164
377.708,1598088,12928344,0,14526432,14545164
377.808,1598096,12928484,0,14526580,14545164
377.911,1598096,12928488,0,14526584,14545164
378.011,1598096,12928552,0,14526648,14545164
378.112,1598108,12928616,0,14526724,14545164
378.212,1598112,12928856,0,14526968,14545164
378.315,1598124,12928856,0,14526980,14545164
378.415,1598140,12928884,0,14527024,14545164
378.516,1598220,12929012,0,14527232,14545164
378.619,1598304,12929076,0,14527380,14545164
378.719,1598392,12929204,0,14527596,14545164
378.820,1598508,12929204,0,14527712,14545164
378.920,1598700,12929268,0,14527968,14545164
379.020,1599032,12929332,0,14528364,14545164
379.121,1599660,12929340,0,14529000,14545164
379.223,1603852,12929472,0,14533324,14545164
379.327,1605272,12929544,0,14534816,14545164
379.431,1608304,12929548,0,14537852,14545164
379.535,1608316,12929560,0,14537876,14545164
379.635,1608388,12929712,0,14538100,14545164
379.741,1608504,12929712,0,14538216,14545164
379.841,1608540,12929820,0,14538360,14545164
379.941,1576812,12929884,0,14506696,14545164
380.042,1576828,12930000,0,14506828,14545164
380.142,1576992,12930064,0,14507056,14545164
380.242,1577268,12930264,0,14507532,14545164
380.342,1588920,12930264,0,14519184,14545164
380.443,1590524,12930396,0,14520920,14545164
380.547,1590688,12930524,0,14521212,14545164
380.651,1590892,12930592,0,14521484,14545164
380.751,1591024,12930656,0,14521680,14545164
380.855,1591200,12930680,0,14521880,14545164
380.955,1594400,12930756,0,14525156,14545164
381.059,1597108,12930764,0,14527872,14545164
381.163,1598088,12930964,0,14529052,14545164
381.263,1598096,12931028,0,14529124,14545164
381.364,1598096,12931092,0,14529188,14545164
381.464,1589792,12931100,0,14520892,14545164
381.564,1589792,12931164,0,14520956,14545164
381.665,1589888,12931172,0,14521060,14545164
381.765,1589888,12931240,0,14521128,14545164
381.867,1589888,12931308,0,14521196,14545164
381.967,1589888,12931268,0,14521156,14545164
382.068,1589888,12931460,0,14521348,14545164
382.168,1589888,12931540,0,14521428,14545164
382.271,1589888,12931760,0,14521648,14545164
382.371,1589888,12931120,0,14521008,14545164
382.472,1589888,12931120,0,14521008,14545164
382.579,1589888,12931292,0,14521180,14545164
382.683,1589888,12931292,0,14521180,14545164
382.783,1589888,12931332,0,14521220,14545164
382.884,1589888,12930876,0,14520764,14545164
382.984,1589888,12930880,0,14520768,14545164
383.084,1589888,12930980,0,14520868,14545164
383.185,1589888,12931188,0,14521076,14545164
383.285,1591108,12931252,0,14522360,14545164
383.385,1591108,12931456,0,14522564,14545164
383.485,1591108,12931508,0,14522616,14545164
383.586,1591108,12931532,0,14522640,14545164
383.686,1591108,12931540,0,14522648,14545164
383.786,1591168,12931668,0,14522836,14545164
383.887,1591700,12931748,0,14523448,14545164
383.991,1591740,12931820,0,14523560,14545164
384.091,1592044,12931968,0,14524012,14545164
384.195,1592404,12931972,0,14524376,14545164
384.299,1592520,12928932,0,14521452,14545164
384.399,1592824,12929000,0,14521824,14545164
384.500,1593108,12929064,0,14522172,14545164
384.600,1593324,12929340,0,14522664,14545164
384.701,1593632,12929388,0,14523020,14545164
384.807,1593952,12929508,0,14523460,14545164
384.911,1594648,12929612,0,14524260,14545164
385.011,1594784,12929712,0,14524496,14545164
385.115,1595468,12929988,0,14525456,14545164
385.215,1595716,12930124,0,14525840,14545164
385.316,1596292,12930268,0,14526560,14545164
385.416,1596732,12930424,0,14527156,14545164
385.519,1597480,12930736,0,14528216,14545164
385.619,1597996,12930884,0,14528880,14545164
385.720,1598784,12930996,0,14529780,14545164
385.820,1606828,12931392,0,14538220,14545164
385.920,1620280,12931672,0,14551952,14551952
386.020,1620448,12932044,0,14552492,14552492
386.123,1620608,12932376,0,14552984,14552984
386.223,1624940,12932584,0,14557524,14557524
386.326,1625764,12932652,0,14558416,14558416
386.426,1626360,12931192,0,14557552,14557660
386.526,1627204,12930084,0,14557288,14557660
386.626,1627784,12930432,0,14558216,14558216
386.727,1595484,12930552,0,14526036,14557660
386.831,1599208,12930804,0,14530012,14557660
386.932,1603504,12930152,0,14533656,14557660
387.032,1604368,12930348,0,14534716,14557660
387.132,1605624,12930528,0,14536152,14557660
387.232,1607368,12930648,0,14538016,14557660
387.333,1609012,12930888,0,14539900,14557660
387.433,1634572,12931056,0,14565628,14565628
387.533,1638696,12929900,0,14568596,14568804
387.633,1638744,12929840,0,14568584,14568804
387.734,1638784,12929216,0,14568000,14568804
387.835,1628040,12929000,0,14557040,14568804
387.935,1628092,12929012,0,14557104,14568804
388.039,1628148,12929304,0,14557452,14568804
388.139,1628200,12929384,0,14557584,14568804
388.240,1628272,12929672,0,14557944,14568804
388.340,1632196,12929856,0,14562052,14568804
388.440,1635024,12930012,0,14565036,14568804
388.540,1636288,12930012,0,14566300,14568804
388.641,1636288,12930228,0,14566516,14568804
388.743,1603324,12930304,0,14533628,14568804
388.843,1603324,12930624,0,14533948,14568804
388.947,1603324,12928888,0,14532212,14568804
389.051,1603324,12928436,0,14531760,14568804
389.151,1603324,12928616,0,14531940,14568804
389.252,1603324,12928728,0,14532052,14568804
389.352,1603324,12928812,0,14532136,14568804
389.452,1603324,12928864,0,14532188,14568804
389.552,1603324,12928964,0,14532288,14568804
389.653,1603324,12929040,0,14532364,14568804
389.753,1603324,12929316,0,14532640,14568804
389.853,1603324,12929456,0,14532780,14568804
389.955,1603424,12929576,0,14533000,14568804
390.063,1603576,12929640,0,14533216,14568804
390.163,1603664,12929892,0,14533556,14568804
390.264,1603740,12930108,0,14533848,14568804
390.364,1603740,12930236,0,14533976,14568804
390.464,1603740,12930244,0,14533984,14568804
390.564,1603744,12930332,0,14534076,14568804
390.665,1603744,12930464,0,14534208,14568804
390.771,1603756,12930568,0,14534324,14568804
390.871,1603764,12930648,0,14534412,14568804
390.972,1603764,12930744,0,14534508,14568804
391.072,1603776,12930824,0,14534600,14568804
391.172,1603784,12930984,0,14534768,14568804
391.273,1603788,12931088,0,14534876,14568804
391.373,1607092,12931392,0,14538484,14568804
391.473,1607096,12931576,0,14538672,14568804
391.573,1607108,12931772,0,14538880,14568804
391.674,1607112,12931964,0,14539076,14568804
391.775,1608416,12932280,0,14540696,14568804
391.876,1609616,12932424,0,14542040,14568804
391.976,1610580,12932340,0,14542920,14568804
392.076,1630820,12931200,0,14562020,14568804
392.179,1633040,12931488,0,14564528,14568804
392.279,1633820,12931600,0,14565420,14568804
392.380,1634488,12931804,0,14566292,14568804
392.480,1623312,12932004,0,14555316,14586568
392.580,1623360,12932244,0,14555604,14586568
392.683,1623384,12932528,0,14555912,14586568
392.783,1623412,12932792,0,14556204,14586568
392.887,1623428,12932972,0,14556400,14586568
392.987,1623448,12933288,0,14556736,14586568
393.088,1626684,12931436,0,14558120,14586568
393.188,1629668,12930608,0,14560276,14586568
393.291,1631980,12930616,0,14562596,14586568
393.391,1632132,12930832,0,14562964,14586568
393.492,1632232,12931188,0,14563420,14586568
393.592,1632876,12931300,0,14564176,14586568
393.692,1634044,12931700,0,14565744,14586568
393.793,1646388,12931940,0,14578328,14586568
393.895,1664284,12932076,0,14596360,14596360
393.995,1664308,12932364,0,14596672,14596672
394.096,1632556,12932540,0,14565096,14595712
394.196,1632576,12932900,0,14565476,14595712
394.296,1632608,12932988,0,14565596,14595712
394.396,1632624,12933200,0,14565824,14595712
394.497,1632644,12933324,0,14565968,14595712
394.597,1632672,12933616,0,14566288,14595712
394.697,1632692,12933804,0,14566496,14595712
394.797,1632712,12934220,0,14566932,14595712
394.898,1633184,12934388,0,14567572,14595712
394.998,1637492,12934316,0,14571808,14595712
395.107,1640356,12934616,0,14574972,14595712
395.207,1641652,12934868,0,14576520,14595712
395.308,1610388,12934900,0,14545288,14595712
395.408,1611208,12935060,0,14546268,14595712
395.508,1616768,12935196,0,14551964,14595712
395.608,1620856,12935532,0,14556388,14595712
395.709,1620856,12935756,0,14556612,14595712
395.809,1620856,12935860,0,14556716,14595712
395.909,1620856,12936024,0,14556880,14595712
396.009,1620856,12936288,0,14557144,14595712
396.111,1623616,12936432,0,14560048,14595712
396.212,1627480,12936804,0,14564284,14595712
396.312,1620856,12937248,0,14558104,14595712
396.412,1620856,12937564,0,14558420,14595712
396.512,1620856,12937700,0,14558556,14595712
396.613,1620856,12937796,0,14558652,14595712
396.713,1620856,12938040,0,14558896,14595712
396.813,1620856,12938112,0,14558968,14595712
396.915,1621060,12938572,0,14559632,14595712
397.019,1621756,12938828,0,14560584,14595712
397.119,1622660,12939184,0,14561844,14595712
397.220,1623680,12939328,0,14563008,14595712
397.320,1624648,12939520,0,14564168,14595712
397.420,1625560,12939808,0,14565368,14595712
397.523,1626308,12940188,0,14566496,14595712
397.624,1630212,12940416,0,14570628,14595712
397.724,1633544,12940620,0,14574164,14595712
397.827,1633544,12940824,0,14574368,14595712
397.928,1633544,12941028,0,14574572,14595712
398.028,1621244,12946648,0,14567892,14595712
398.128,1621244,12946832,0,14568076,14595712
398.228,1621244,12947116,0,14568360,14595712
398.329,1621244,12947468,0,14568712,14595712
398.431,1621244,12947836,0,14569080,14595712
398.532,1621244,12948132,0,14569376,14595712
398.632,1621244,12948260,0,14569504,14595712
398.732,1621244,12948652,0,14569896,14595712
398.835,1621244,12948772,0,14570016,14595712
398.935,1621244,12949164,0,14570408,14595712
399.036,1621288,12949544,0,14570832,14595712
399.136,1621288,12949796,0,14571084,14595712
399.236,1621296,12950400,0,14571696,14595712
399.343,1621328,12950564,0,14571892,14595712
399.443,1621372,12950808,0,14572180,14595712
399.544,1621584,12950980,0,14572564,14595712
399.644,1621816,12951208,0,14573024,14595712
399.744,1621816,12951348,0,14573164,14595712
399.847,1607632,12951684,0,14559316,14595712
399.947,1607632,12951756,0,14559388,14595712
400.048,1607636,12951408,0,14559044,14595712
400.148,1607636,12951608,0,14559244,14595712
400.248,1607636,12951456,0,14559092,14595712
400.348,1607636,12950536,0,14558172,14595712
400.449,1607636,12950844,0,14558480,14595712
400.549,1619044,12951104,0,14570148,14595712
400.655,1619044,12951344,0,14570388,14595712
400.755,1619044,12951516,0,14570560,14595712
400.856,1619044,12951704,0,14570748,14595712
400.956,1619044,12951872,0,14570916,14595712
401.056,1619044,12952260,0,14571304,14595712
401.157,1619052,12952328,0,14571380,14595712
401.257,1619052,12951220,0,14570272,14595712
401.363,1619052,12951380,0,14570432,14595712
401.463,1619624,12951472,0,14571096,14595712
401.564,1620252,12951668,0,14571920,14595712
401.667,1620892,12951972,0,14572864,14595712
401.767,1621684,12952252,0,14573936,14595712
401.868,1622516,12952512,0,14575028,14595712
401.968,1622988,12952964,0,14575952,14595712
402.068,1623476,12953116,0,14576592,14595712
402.171,1623812,12953380,0,14577192,14595712
402.272,1624324,12953576,0,14577900,14595712
402.372,1624468,12952560,0,14577028,14595712
402.472,1625008,12951248,0,14576256,14595712
402.572,1625428,12950220,0,14575648,14595712
402.673,1630732,12950472,0,14581204,14595712
402.775,1646792,12950236,0,14597028,14597028
402.875,1646884,12950428,0,14597312,14597312
402.976,1646956,12950524,0,14597480,14597480
403.076,1647020,12950596,0,14597616,14597616
403.176,1647076,12950688,0,14597764,14597764
403.277,1650876,12951020,0,14601896,14601896
403.377,1656436,12951312,0,14607748,14607748
403.479,1658116,12951424,0,14609540,14609540
403.580,1628704,12950228,0,14578932,14611204
403.680,1628704,12950380,0,14579084,14611204
403.780,1628704,12950728,0,14579432,14611204
403.880,1628704,12950944,0,14579648,14611204
403.983,1596180,12950312,0,14546492,14611204
404.083,1596180,12950532,0,14546712,14611204
404.184,1596180,12950640,0,14546820,14611204
404.284,1596180,12949540,0,14545720,14611204
404.384,1596180,12949928,0,14546108,14611204
404.485,1596180,12950332,0,14546512,14611204
404.585,1596180,12950592,0,14546772,14611204
404.687,1596180,12950752,0,14546932,14611204
404.788,1596180,12951176,0,14547356,14611204
404.888,1596644,12951568,0,14548212,14611204
404.988,1597248,12951828,0,14549076,14611204
405.088,1597956,12951180,0,14549136,14611204
405.191,1598684,12950836,0,14549520,14611204
405.291,1599572,12948380,0,14547952,14611204
405.392,1600548,12948856,0,14549404,14611204
405.492,1613840,12949216,0,14563056,14611204
405.592,1623468,12948232,0,14571700,14611204
405.693,1624344,12945620,0,14569964,14611204
405.793,1625140,12945424,0,14570564,14611204
405.893,1629824,12945712,0,14575536,14611204
405.993,1630632,12944880,0,14575512,14611204
406.094,1601988,12944004,0,14545992,14611204
406.194,1602444,12944260,0,14546704,14611204
406.294,1603252,12944644,0,14547896,14611204
406.394,1610940,12944884,0,14555824,14611204
406.495,1610940,12942904,0,14553844,14611204
406.595,1610940,12943016,0,14553956,14611204
406.695,1610940,12943152,0,14554092,14611204
406.796,1610940,12942248,0,14553188,14611204
406.896,1610940,12941192,0,14552132,14611204
406.996,1610940,12941680,0,14552620,14611204
407.097,1610940,12941952,0,14552892,14611204
407.197,1610940,12942252,0,14553192,14611204
407.297,1610940,12942616,0,14553556,14611204
407.397,1610940,12942924,0,14553864,14611204
407.498,1610940,12943272,0,14554212,14611204
407.598,1610940,12943488,0,14554428,14611204
407.698,1610940,12943712,0,14554652,14611204
407.799,1610940,12943896,0,14554836,14611204
407.899,1610940,12944116,0,14555056,14611204
407.999,1610940,12944400,0,14555340,14611204
408.099,1610940,12944800,0,14555740,14611204
408.200,1610940,12945076,0,14556016,14611204
408.300,1610940,12945160,0,14556100,14611204
408.400,1610940,12945624,0,14556564,14611204
408.501,1610940,12945848,0,14556788,14611204
408.601,1610940,12946212,0,14557152,14611204
408.701,1610940,12946456,0,14557396,14611204
408.802,1610940,12946608,0,14557548,14611204
408.902,1610940,12946876,0,14557816,14611204
409.002,1610940,12947144,0,14558084,14611204
409.102,1610940,12947376,0,14558316,14611204
409.203,1610940,12947652,0,14558592,14611204
409.303,1610940,12947836,0,14558776,14611204
409.403,1610940,12948076,0,14559016,14611204
409.504,1610940,12948340,0,14559280,14611204
409.604,1610940,12948544,0,14559484,14611204
409.704,1610940,12948828,0,14559768,14611204
409.804,1610940,12949176,0,14560116,14611204
409.905,1610940,12949416,0,14560356,14611204
410.005,1610940,12949652,0,14560592,14611204
410.105,1610940,12949896,0,14560836,14611204
410.206,1610940,12950164,0,14561104,14611204
410.306,1610940,12950436,0,14561376,14611204
410.406,1610940,12950724,0,14561664,14611204
410.507,1610940,12950832,0,14561772,14611204
410.607,1610940,12951052,0,14561992,14611204
410.707,1610940,12951224,0,14562164,14611204
410.807,1610940,12951500,0,14562440,14611204
410.908,1610940,12951804,0,14562744,14611204
411.008,1610940,12951920,0,14562860,14611204
411.108,1610940,12952164,0,14563104,14611204
411.209,1610940,12952408,0,14563348,14611204
411.309,1610972,12952580,0,14563552,14611204
411.409,1610976,12952692,0,14563668,14611204
411.510,1610976,12953012,0,14563988,14611204
411.610,1610976,12953260,0,14564236,14611204
411.710,1610976,12953380,0,14564356,14611204
411.810,1610976,12953512,0,14564488,14611204
411.911,1610976,12953784,0,14564760,14611204
412.011,1610976,12953988,0,14564964,14611204
412.111,1610976,12953944,0,14564920,14611204
412.212,1579292,12953000,0,14532292,14611204
412.312,1721228,12953000,0,14674228,14674228
412.412,1725172,12952368,0,14677540,14677540
412.513,1725172,12951732,0,14676904,14677528
412.613,1725172,12951732,0,14676904,14677528
412.713,1725172,12951408,0,14676580,14677528
412.814,1725172,12950796,0,14675968,14677528
412.914,1725172,12950796,0,14675968,14677528
413.014,1725172,12950748,0,14675920,14677528
413.115,1725172,12950404,0,14675576,14677528
413.215,1725172,12950344,0,14675516,14677528
413.315,1725172,12950344,0,14675516,14677528
413.416,1725172,12950196,0,14675368,14677528
413.516,1725172,12949952,0,14675124,14677528
413.616,1725172,12949940,0,14675112,14677528
413.717,1725172,12949940,0,14675112,14677528
413.817,1725172,12949940,0,14675112,14677528
413.917,1725172,12949940,0,14675112,14677528
414.017,1725172,12949940,0,14675112,14677528
414.118,1725172,12949912,0,14675084,14677528
414.218,1725172,12949900,0,14675072,14677528
414.318,1725172,12949900,0,14675072,14677528
414.419,1725172,12949848,0,14675020,14677528
414.519,1725172,12949848,0,14675020,14677528
414.619,1725172,12949848,0,14675020,14677528
414.720,1725172,12949848,0,14675020,14677528
414.820,1725172,12949848,0,14675020,14677528
414.920,1725172,12949848,0,14675020,14677528
415.020,1725172,12949848,0,14675020,14677528
415.121,1725172,12949848,0,14675020,14677528
415.221,1725172,12949848,0,14675020,14677528
415.321,1725172,12949848,0,14675020,14677528
415.422,1725172,12949848,0,14675020,14677528
415.522,1725172,12949848,0,14675020,14677528
415.622,1725172,12949848,0,14675020,14677528
415.723,1725172,12949848,0,14675020,14677528
415.823,1725172,12949848,0,14675020,14677528
415.923,1725172,12949848,0,14675020,14677528
416.023,1725172,12949848,0,14675020,14677528
416.124,1725172,12949848,0,14675020,14677528
416.224,1725172,12949848,0,14675020,14677528
416.324,1725172,12949848,0,14675020,14677528
416.425,1725172,12949848,0,14675020,14677528
416.525,1725172,12949848,0,14675020,14677528
416.625,1725172,12949848,0,14675020,14677528
416.725,1725172,12949848,0,14675020,14677528
416.826,1725172,12949848,0,14675020,14677528
416.926,1725172,12949848,0,14675020,14677528
417.026,1725172,12949848,0,14675020,14677528
417.127,1725172,12949848,0,14675020,14677528
417.227,1725172,12949848,0,14675020,14677528
417.327,1725172,12949848,0,14675020,14677528
417.427,1725172,12949848,0,14675020,14677528
417.528,1725172,12949848,0,14675020,14677528
417.628,1725172,12949848,0,14675020,14677528
417.728,1725172,12949848,0,14675020,14677528
417.829,1725172,12949848,0,14675020,14677528
417.929,1725172,12949848,0,14675020,14677528
418.029,1725172,12949848,0,14675020,14677528
418.130,1725172,12949848,0,14675020,14677528
418.230,1725172,12949848,0,14675020,14677528
418.330,1725172,12949848,0,14675020,14677528
418.431,1725172,12949848,0,14675020,14677528
418.531,1725172,12949848,0,14675020,14677528
418.631,1725172,12949848,0,14675020,14677528
418.731,1725172,12949848,0,14675020,14677528
418.832,1725172,12949848,0,14675020,14677528
418.932,1725172,12949848,0,14675020,14677528
419.032,1725172,12949848,0,14675020,14677528
419.133,1725172,12949848,0,14675020,14677528
419.233,1725172,12949848,0,14675020,14677528
419.333,1725172,12949848,0,14675020,14677528
419.434,1725172,12949848,0,14675020,14677528
419.534,1725172,12949848,0,14675020,14677528
419.634,1725172,12949848,0,14675020,14677528
419.734,1725172,12949848,0,14675020,14677528
419.835,1725172,12949848,0,14675020,14677528
419.935,1725172,12949848,0,14675020,14677528
420.035,1725172,12949848,0,14675020,14677528
420.136,1725172,12949848,0,14675020,14677528
420.236,1725172,12949848,0,14675020,14677528
420.336,1725172,12949848,0,14675020,14677528
420.437,1725172,12949848,0,14675020,14677528
420.537,1725172,12949848,0,14675020,14677528
420.637,1725172,12949848,0,14675020,14677528
420.737,1725172,12949848,0,14675020,14677528
420.838,1725172,12949848,0,14675020,14677528
420.938,1725172,12949848,0,14675020,14677528
421.038,1725172,12949848,0,14675020,14677528
421.139,1725172,12949848,0,14675020,14677528
421.239,1725172,12949848,0,14675020,14677528
421.339,1725172,12949848,0,14675020,14677528
421.440,1725172,12949848,0,14675020,14677528
421.540,1725172,12949848,0,14675020,14677528
421.640,1725172,12949344,0,14674516,14677528
421.740,1725172,12949344,0,14674516,14677528
421.841,1725172,12949344,0,14674516,14677528
421.941,1725172,12949336,0,14674508,14677528
422.041,1725172,12949336,0,14674508,14677528
422.142,1725172,12949336,0,14674508,14677528
422.242,1725172,12949336,0,14674508,14677528
422.342,1725172,12949336,0,14674508,14677528
422.442,1725172,12949336,0,14674508,14677528
422.543,1725172,12949336,0,14674508,14677528
422.643,1725172,12949336,0,14674508,14677528
422.743,1725172,12949336,0,14674508,14677528
422.843,1725172,12949336,0,14674508,14677528
422.944,1725172,12949336,0,14674508,14677528
423.044,1725172,12949336,0,14674508,14677528
423.144,1725172,12949336,0,14674508,14677528
423.245,1725172,12949336,0,14674508,14677528
423.345,1725172,12949336,0,14674508,14677528
423.445,1725172,12949336,0,14674508,14677528
423.546,1725172,12949336,0,14674508,14677528
423.646,1725172,12949336,0,14674508,14677528
423.746,1725172,12949336,0,14674508,14677528
423.847,1725172,12949336,0,14674508,14677528
423.947,1725172,12949336,0,14674508,14677528
424.047,1725172,12949336,0,14674508,14677528
424.147,1725172,12949336,0,14674508,14677528
424.248,1725172,12949336,0,14674508,14677528
424.348,1725172,12949332,0,14674504,14677528
424.448,1725172,12949332,0,14674504,14677528
424.549,1725172,12949332,0,14674504,14677528
424.649,1725172,12949332,0,14674504,14677528
424.749,1725172,12949332,0,14674504,14677528
424.849,1725172,12949332,0,14674504,14677528
424.950,1725172,12949308,0,14674480,14677528
425.050,1725172,12949276,0,14674448,14677528
425.150,1725172,12949272,0,14674444,14677528
425.250,1725172,12949272,0,14674444,14677528
425.351,1725172,12949272,0,14674444,14677528
425.451,1725172,12949272,0,14674444,14677528
425.551,1725172,12949272,0,14674444,14677528
425.652,1725172,12949272,0,14674444,14677528
425.752,1725172,12949272,0,14674444,14677528
425.852,1725172,12949272,0,14674444,14677528
425.953,1725172,12949272,0,14674444,14677528
426.053,1725172,12949272,0,14674444,14677528
426.153,1725172,12949272,0,14674444,14677528
426.253,1725172,12949272,0,14674444,14677528
426.354,1725172,12949272,0,14674444,14677528
426.454,1725172,12949272,0,14674444,14677528
426.554,1725172,12949272,0,14674444,14677528
426.654,1725172,12949104,0,14674276,14677528
426.755,1725172,12949104,0,14674276,14677528
426.855,1725172,12949104,0,14674276,14677528
426.955,1725172,12949104,0,14674276,14677528
427.056,1725172,12949104,0,14674276,14677528
427.156,1725172,12949048,0,14674220,14677528
427.256,1725172,12949048,0,14674220,14677528
427.356,1725172,12948992,0,14674164,14677528
427.457,1725172,12948992,0,14674164,14677528
427.557,1725172,12948992,0,14674164,14677528
427.657,1725172,12948992,0,14674164,14677528
427.757,1725172,12948988,0,14674160,14677528
427.858,1725172,12948928,0,14674100,14677528
427.958,1725172,12948924,0,14674096,14677528
428.058,1725172,12948880,0,14674052,14677528
428.158,1725172,12948880,0,14674052,14677528
428.259,1725172,12948860,0,14674032,14677528
428.359,1725172,12948860,0,14674032,14677528
428.459,1725172,12948860,0,14674032,14677528
428.559,1725172,12948860,0,14674032,14677528
428.660,1725172,12948860,0,14674032,14677528
428.760,1725172,12948860,0,14674032,14677528
428.860,1725172,12948860,0,14674032,14677528
428.961,1725172,12948860,0,14674032,14677528
429.061,1725172,12948860,0,14674032,14677528
429.161,1725172,12948860,0,14674032,14677528
429.261,1725172,12948860,0,14674032,14677528
429.362,1725172,12948860,0,14674032,14677528
429.462,1725172,12948860,0,14674032,14677528
429.562,1725172,12948860,0,14674032,14677528
429.662,1725172,12948860,0,14674032,14677528
429.763,1725172,12948860,0,14674032,14677528
429.863,1725172,12948860,0,14674032,14677528
429.963,1725172,12948860,0,14674032,14677528
430.064,1725172,12948860,0,14674032,14677528
430.164,1725172,12948860,0,14674032,14677528
430.264,1725172,12948860,0,14674032,14677528
430.365,1725172,12948860,0,14674032,14677528
430.465,1725172,12948860,0,14674032,14677528
430.565,1725172,12948860,0,14674032,14677528
430.665,1725172,12948860,0,14674032,14677528
430.766,1725172,12948860,0,14674032,14677528
430.866,1725172,12948860,0,14674032,14677528
430.966,1725172,12948860,0,14674032,14677528
431.067,1725172,12948860,0,14674032,14677528
431.167,1725172,12948860,0,14674032,14677528
431.267,1580216,12948860,0,14529076,14677528
431.367,1580216,12948860,0,14529076,14677528
431.468,1580216,12948860,0,14529076,14677528
431.568,1580216,12948860,0,14529076,14677528
431.668,1580216,12948860,0,14529076,14677528
431.768,1580216,12948860,0,14529076,14677528
431.869,1580216,12948860,0,14529076,14677528
431.969,1580216,12948860,0,14529076,14677528
432.069,1580216,12948860,0,14529076,14677528
432.170,1580216,12948860,0,14529076,14677528
432.270,1580216,12948860,0,14529076,14677528
432.370,1580216,12948860,0,14529076,14677528
432.470,1580216,12948860,0,14529076,14677528
432.571,1580216,12948860,0,14529076,14677528
432.671,1580216,12948860,0,14529076,14677528
432.771,1580216,12948860,0,14529076,14677528
432.872,1580216,12948860,0,14529076,14677528
432.972,1580216,12948860,0,14529076,14677528
433.072,1580216,12948860,0,14529076,14677528
433.173,1580216,12948860,0,14529076,14677528
433.273,1580216,12948860,0,14529076,14677528
433.373,1580216,12948860,0,14529076,14677528
433.473,1580216,12948860,0,14529076,14677528
433.574,1580216,12948860,0,14529076,14677528
433.674,1580216,12948860,0,14529076,14677528
433.774,1580216,12948860,0,14529076,14677528
433.875,1580216,12948860,0,14529076,14677528
433.975,1580216,12948860,0,14529076,14677528
434.075,1580216,12948860,0,14529076,14677528
434.175,1580216,12948860,0,14529076,14677528
434.276,1580216,12948860,0,14529076,14677528
434.376,1580216,12948860,0,14529076,14677528
434.476,1580216,12948860,0,14529076,14677528
434.577,1580216,12948860,0,14529076,14677528
434.677,1580216,12948860,0,14529076,14677528
434.777,1580216,12948860,0,14529076,14677528
434.877,1580216,12948860,0,14529076,14677528
434.978,1580216,12948860,0,14529076,14677528
435.078,1580216,12948860,0,14529076,14677528
435.178,1580216,12948860,0,14529076,14677528
435.279,1580216,12948860,0,14529076,14677528
435.379,1580216,12948860,0,14529076,14677528
435.479,1580216,12948860,0,14529076,14677528
435.579,1580216,12948860,0,14529076,14677528
435.680,1580216,12948860,0,14529076,14677528
435.780,1580216,12948860,0,14529076,14677528
435.880,1580216,12948860,0,14529076,14677528
435.981,1580216,12948860,0,14529076,14677528
436.081,1580216,12948860,0,14529076,14677528
436.181,1580216,12948860,0,14529076,14677528
436.281,1580216,12948860,0,14529076,14677528
436.382,1580216,12948856,0,14529072,14677528
436.482,1580216,12948856,0,14529072,14677528
436.582,1580216,12948856,0,14529072,14677528
436.682,1580216,12948848,0,14529064,14677528
436.783,1580216,12948740,0,14528956,14677528
436.883,1580216,12948008,0,14528224,14677528
436.983,1580216,12947688,0,14527904,14677528
437.083,1580216,12947684,0,14527900,14677528
437.184,1580216,12947684,0,14527900,14677528
437.284,1580216,12943660,0,14523876,14677528
437.384,1580216,12943240,0,14523456,14677528
437.485,1580216,12940360,0,14520576,14677528
437.585,1580216,12940360,0,14520576,14677528
437.685,1580216,12940360,0,14520576,14677528
437.785,1580216,12940304,0,14520520,14677528
437.886,1580216,12940188,0,14520404,14677528
437.986,1580216,12940188,0,14520404,14677528
438.086,1580216,12940184,0,14520400,14677528
438.187,1580216,12940184,0,14520400,14677528
438.287,1580216,12940184,0,14520400,14677528
438.387,1580216,12940184,0,14520400,14677528
438.487,1580216,12940184,0,14520400,14677528
438.588,1580216,12940184,0,14520400,14677528
438.688,1580216,12940184,0,14520400,14677528
438.788,1580216,12940184,0,14520400,14677528
438.888,1580216,12940184,0,14520400,14677528
438.989,1580216,12940184,0,14520400,14677528
439.089,1580216,12940184,0,14520400,14677528
439.189,1580216,12940184,0,14520400,14677528
439.290,1580216,12940184,0,14520400,14677528
439.390,1580216,12940184,0,14520400,14677528
439.490,1580216,12940184,0,14520400,14677528
439.590,1580216,12940184,0,14520400,14677528
439.691,1580216,12940184,0,14520400,14677528
439.791,1580216,12940184,0,14520400,14677528
439.891,1580216,12940184,0,14520400,14677528
439.991,1580216,12940184,0,14520400,14677528
440.092,1580216,12940184,0,14520400,14677528
440.192,1580216,12940184,0,14520400,14677528
440.292,1580216,12940184,0,14520400,14677528
440.392,1580216,12940184,0,14520400,14677528
440.493,1580216,12940184,0,14520400,14677528
440.593,1580216,12940184,0,14520400,14677528
440.693,1580216,12940184,0,14520400,14677528
440.793,1580216,12940184,0,14520400,14677528
440.894,1580216,12940184,0,14520400,14677528
440.994,1580216,12940184,0,14520400,14677528
441.094,1580216,12940184,0,14520400,14677528
441.194,1580216,12940184,0,14520400,14677528
441.295,1580216,12940184,0,14520400,14677528
441.395,1580216,12940184,0,14520400,14677528
441.495,1580216,12940184,0,14520400,14677528
441.595,1580216,12940184,0,14520400,14677528
441.696,1580216,12940184,0,14520400,14677528
441.796,1580216,12940184,0,14520400,14677528
441.896,1580216,12940184,0,14520400,14677528
441.997,1580216,12940184,0,14520400,14677528
442.097,1580216,12940184,0,14520400,14677528
442.197,1580216,12940184,0,14520400,14677528
442.297,1580216,12940184,0,14520400,14677528
442.398,1580216,12940184,0,14520400,14677528
442.498,1580216,12940184,0,14520400,14677528
442.598,1580216,12940184,0,14520400,14677528
442.699,1580216,12940184,0,14520400,14677528
442.799,1580216,12940184,0,14520400,14677528
442.899,1580216,12940184,0,14520400,14677528
442.999,1580216,12940184,0,14520400,14677528
443.099,1580216,12940184,0,14520400,14677528
443.200,1580216,12940184,0,14520400,14677528
443.300,1580216,12940184,0,14520400,14677528
443.400,1580216,12940184,0,14520400,14677528
443.501,1580216,12940184,0,14520400,14677528
443.601,1580216,12940184,0,14520400,14677528
443.701,1580216,12940184,0,14520400,14677528
443.801,1580216,12940144,0,14520360,14677528
443.902,1580216,12940144,0,14520360,14677528
444.002,1580216,12940144,0,14520360,14677528
444.102,1580216,12940144,0,14520360,14677528
444.202,1580216,12940144,0,14520360,14677528
444.303,1580216,12940144,0,14520360,14677528
444.403,1580216,12940144,0,14520360,14677528
444.503,1580216,12940144,0,14520360,14677528
444.604,1580216,12940144,0,14520360,14677528
444.704,1580216,12940144,0,14520360,14677528
444.804,1580216,12940144,0,14520360,14677528
444.905,1580216,12940144,0,14520360,14677528
445.005,1580216,12934352,0,14514568,14677528
445.105,1580216,12934352,0,14514568,14677528
445.206,1580216,12934352,0,14514568,14677528
445.306,1580216,12934352,0,14514568,14677528
445.406,1580216,12934352,0,14514568,14677528
445.506,1580216,12934352,0,14514568,14677528
445.607,1580216,12934352,0,14514568,14677528
445.707,1580216,12934220,0,14514436,14677528
445.807,1580216,12934220,0,14514436,14677528
445.907,1580216,12934220,0,14514436,14677528
446.008,1580216,12934220,0,14514436,14677528
446.108,1580216,12934220,0,14514436,14677528
446.208,1580216,12934220,0,14514436,14677528
446.309,1580216,12934220,0,14514436,14677528
446.409,1580216,12934220,0,14514436,14677528
446.509,1580216,12933320,0,14513536,14677528
446.610,1580216,12933320,0,14513536,14677528
446.710,1580216,12933320,0,14513536,14677528
446.810,1580216,12933320,0,14513536,14677528
446.910,1580216,12933320,0,14513536,14677528
447.011,1580216,12933320,0,14513536,14677528
447.111,1580216,12933320,0,14513536,14677528
447.211,1580216,12926864,0,14507080,14677528
447.311,1580216,12926864,0,14507080,14677528
447.412,1580216,12926864,0,14507080,14677528
447.512,1580216,12926864,0,14507080,14677528
447.612,1580216,12926864,0,14507080,14677528
447.713,1580216,12926864,0,14507080,14677528
447.813,1580216,12926864,0,14507080,14677528
447.913,1580216,12926828,0,14507044,14677528
448.013,1580216,12926828,0,14507044,14677528
448.114,1580216,12926828,0,14507044,14677528
448.214,1580216,12926828,0,14507044,14677528
448.314,1580216,12926828,0,14507044,14677528
448.414,1580216,12926828,0,14507044,14677528
448.515,1580216,12926828,0,14507044,14677528
448.615,1580216,12926828,0,14507044,14677528
448.715,1580216,12926828,0,14507044,14677528
448.816,1580216,12926828,0,14507044,14677528
448.916,1580216,12926828,0,14507044,14677528
449.016,1580216,12926828,0,14507044,14677528
449.116,1580216,12926828,0,14507044,14677528
449.217,1580216,12926828,0,14507044,14677528
449.317,1580216,12926828,0,14507044,14677528
449.417,1580216,12926828,0,14507044,14677528
449.518,1580216,12926828,0,14507044,14677528
449.618,1580216,12926828,0,14507044,14677528
449.718,1580216,12926828,0,14507044,14677528
449.818,1580216,12926828,0,14507044,14677528
449.919,1580216,12926668,0,14506884,14677528
450.019,1580216,12926668,0,14506884,14677528
450.119,1580216,12926668,0,14506884,14677528
450.220,1580216,12926668,0,14506884,14677528
450.320,1580216,12926668,0,14506884,14677528
450.420,1580216,12926668,0,14506884,14677528
450.520,1580216,12926668,0,14506884,14677528
450.620,1580216,12926668,0,14506884,14677528
450.721,1580216,12926668,0,14506884,14677528
450.821,1580216,12926668,0,14506884,14677528
450.921,1580216,12926668,0,14506884,14677528
451.021,1580216,12926668,0,14506884,14677528
451.122,1580216,12926668,0,14506884,14677528
451.222,1580216,12926668,0,14506884,14677528
451.322,1580216,12926668,0,14506884,14677528
451.423,1580216,12926668,0,14506884,14677528
451.523,1580216,12926668,0,14506884,14677528
451.623,1580216,12926668,0,14506884,14677528
451.723,1580216,12926668,0,14506884,14677528
451.824,1580216,12926668,0,14506884,14677528
451.924,1580216,12926668,0,14506884,14677528
452.024,1580216,12926668,0,14506884,14677528
452.124,1580216,12926668,0,14506884,14677528
452.225,1580216,12926668,0,14506884,14677528
452.325,1580216,12926668,0,14506884,14677528
452.425,1580216,12926668,0,14506884,14677528
452.526,1580216,12926668,0,14506884,14677528
452.626,1580216,12926668,0,14506884,14677528
452.726,1580216,12926668,0,14506884,14677528
452.826,1580216,12926668,0,14506884,14677528
452.927,1580216,12926668,0,14506884,14677528
453.027,1580216,12926668,0,14506884,14677528
453.127,1580216,12926668,0,14506884,14677528
453.227,1580216,12926668,0,14506884,14677528
453.328,1580216,12926668,0,14506884,14677528
453.428,1580216,12926540,0,14506756,14677528
453.528,1580216,12926540,0,14506756,14677528
453.628,1580216,12926540,0,14506756,14677528
453.729,1580216,12926540,0,14506756,14677528
453.829,1580216,12926540,0,14506756,14677528
453.929,1580216,12926540,0,14506756,14677528
454.029,1580216,12926540,0,14506756,14677528
454.130,1580216,12926540,0,14506756,14677528
454.230,1580216,12926540,0,14506756,14677528
454.330,1580216,12926540,0,14506756,14677528
454.430,1580216,12926540,0,14506756,14677528
454.531,1580216,12926540,0,14506756,14677528
454.631,1580216,12926540,0,14506756,14677528
454.731,1580216,12926540,0,14506756,14677528
454.832,1580216,12926540,0,14506756,14677528
454.932,1580216,12926540,0,14506756,14677528
455.032,1580216,12926540,0,14506756,14677528
455.133,1580216,12926540,0,14506756,14677528
455.233,1580216,12926540,0,14506756,14677528
455.333,1580216,12926540,0,14506756,14677528
455.433,1580216,12926540,0,14506756,14677528
455.534,1580216,12926540,0,14506756,14677528
455.634,1580216,12926540,0,14506756,14677528
455.734,1580216,12926540,0,14506756,14677528
455.834,1580216,12926540,0,14506756,14677528
455.935,1580216,12926540,0,14506756,14677528
456.035,1580216,12926540,0,14506756,14677528
456.135,1580216,12926540,0,14506756,14677528
456.235,1580216,12926540,0,14506756,14677528
456.336,1580216,12926540,0,14506756,14677528
456.436,1580216,12926540,0,14506756,14677528
456.536,1580216,12926540,0,14506756,14677528
456.637,1580216,12926540,0,14506756,14677528
456.737,1580216,12926540,0,14506756,14677528
456.837,1580216,12926540,0,14506756,14677528
456.938,1580216,12926540,0,14506756,14677528
457.038,1580216,12926540,0,14506756,14677528
457.138,1580216,12926464,0,14506680,14677528
457.238,1580216,12926464,0,14506680,14677528
457.339,1580216,12926460,0,14506676,14677528
457.439,1580216,12926460,0,14506676,14677528
457.539,1580216,12926460,0,14506676,14677528
457.639,1580216,12926460,0,14506676,14677528
457.740,1580216,12926460,0,14506676,14677528
457.840,1580216,12926460,0,14506676,14677528
457.940,1580216,12926460,0,14506676,14677528
458.041,1580216,12926460,0,14506676,14677528
458.141,1580216,12926460,0,14506676,14677528
458.241,1580216,12926460,0,14506676,14677528
458.341,1580216,12926460,0,14506676,14677528
458.442,1580216,12926460,0,14506676,14677528
458.542,1580216,12926460,0,14506676,14677528
458.642,1580216,12926460,0,14506676,14677528
458.743,1580216,12926460,0,14506676,14677528
458.843,1580216,12926460,0,14506676,14677528
458.943,1580216,12926460,0,14506676,14677528
459.043,1580216,12926460,0,14506676,14677528
459.144,1580216,12926460,0,14506676,14677528
459.244,1580216,12924768,0,14504984,14677528
459.344,1580216,12924768,0,14504984,14677528
459.444,1580216,12924768,0,14504984,14677528
459.545,1580216,12924768,0,14504984,14677528
459.645,1580216,12924768,0,14504984,14677528
459.745,1580216,12924768,0,14504984,14677528
459.846,1580216,12924768,0,14504984,14677528
459.946,1580216,12924964,0,14505180,14677528
460.046,1580216,12952120,0,14532336,14677528
460.146,1580216,13026088,0,14606304,14677528
460.247,1580216,13145352,0,14725568,14729280
460.347,1580216,13195672,0,14775888,14775888
460.447,1580216,13262948,0,14843164,14843164
460.548,1580216,13373244,0,14953460,14953460
460.648,1580216,13480588,0,15060804,15060804
460.749,1580216,13595968,0,15176184,15176184
460.849,1580216,13740132,0,15320348,15320348
460.949,1580216,13809228,0,15389444,15389444
461.049,1580216,13870332,0,15450548,15450548
461.150,1580216,13926328,0,15506544,15506544
461.250,1580216,14027084,0,15607300,15609180
461.350,1580216,14131824,0,15712040,15712040
461.451,1580216,14201052,0,15781268,15781268
461.551,1580216,14294872,0,15875088,15875088
461.652,1580216,14401756,0,15981972,15981972
461.752,1580216,14476124,0,16056340,16056340
461.852,1580216,13062208,0,14642424,16082356
461.953,1580216,12797088,0,14377304,16082356
462.053,1580216,12797772,0,14377988,16082356
462.153,1580216,12799532,0,14379748,16082356
462.253,1580216,12801580,0,14381796,16082356
462.354,1580216,12807504,0,14387720,16082356
462.454,1580216,12811844,0,14392060,16082356
462.554,1580216,12817556,0,14397772,16082356
462.655,1580216,12842744,0,14422960,16082356
462.755,1580216,12948380,0,14528596,16082356
462.855,1580216,13117020,0,14697236,16082356
462.955,1580216,13378408,0,14958624,16082356
463.056,1580216,13534724,0,15114940,16082356
463.156,1580216,13600260,0,15180476,16082356
463.256,1580216,13646688,0,15226904,16082356
463.357,1580216,13676148,0,15256364,16082356
463.457,1580216,13694592,0,15274808,16082356
463.557,1580216,13708408,0,15288624,16082356
463.657,1580216,13718956,0,15299172,16082356
463.758,1580216,13726064,0,15306280,16082356
463.858,1580216,13732352,0,15312568,16082356
463.958,1580216,13737184,0,15317400,16082356
464.058,1580216,13741236,0,15321452,16082356
464.159,1580216,13744472,0,15324688,16082356
464.259,1580216,13747796,0,15328012,16082356
464.359,1580216,13751136,0,15331352,16082356
464.460,1580216,13754136,0,15334352,16082356
464.560,1580216,13757712,0,15337928,16082356
464.660,1580216,13760428,0,15340644,16082356
464.761,1580216,13762284,0,15342500,16082356
464.861,1580216,13763956,0,15344172,16082356
464.961,1580216,13765560,0,15345776,16082356
465.061,1580216,13767704,0,15347920,16082356
465.162,1580216,13769732,0,15349948,16082356
465.262,1580216,13770844,0,15351060,16082356
465.362,1580216,13771492,0,15351708,16082356
465.463,1580216,13772108,0,15352324,16082356
465.563,1580216,13772896,0,15353112,16082356
465.663,1580216,13773400,0,15353616,16082356
465.763,1580216,13774276,0,15354492,16082356
465.864,1580216,13775056,0,15355272,16082356
465.964,1580216,13775700,0,15355916,16082356
466.064,1580216,13776148,0,15356364,16082356
466.165,1580216,13776788,0,15357004,16082356
466.265,1580216,13777332,0,15357548,16082356
466.365,1580216,13777964,0,15358180,16082356
466.466,1580216,13778464,0,15358680,16082356
466.566,1580216,13778876,0,15359092,16082356
466.666,1580216,13779104,0,15359320,16082356
466.766,1580216,13779428,0,15359644,16082356
466.867,1580216,13779940,0,15360156,16082356
466.967,1580216,13780332,0,15360548,16082356
467.067,1580216,13780640,0,15360856,16082356
467.168,1580216,13781152,0,15361368,16082356
467.268,1580216,13781220,0,15361436,16082356
467.368,1580216,13781832,0,15362048,16082356
467.468,1580216,13782292,0,15362508,16082356
467.569,1580216,13782940,0,15363156,16082356
467.669,1580216,13783168,0,15363384,16082356
467.769,1580216,13783592,0,15363808,16082356
467.870,1580216,13783992,0,15364208,16082356
467.970,1580216,13784524,0,15364740,16082356
468.070,1580216,13785088,0,15365304,16082356
468.170,1580216,13785304,0,15365520,16082356
468.271,1580216,13785956,0,15366172,16082356
468.371,1580216,13786344,0,15366560,16082356
468.471,1580216,13786580,0,15366796,16082356
468.572,1580216,13786884,0,15367100,16082356
468.672,1580216,13787352,0,15367568,16082356
468.772,1580216,13787432,0,15367648,16082356
468.872,1580216,13787624,0,15367840,16082356
468.973,1580216,13787864,0,15368080,16082356
469.073,1580216,13788052,0,15368268,16082356
469.173,1580216,13788220,0,15368436,16082356
469.274,1580216,13788412,0,15368628,16082356
469.374,1580216,13788564,0,15368780,16082356
469.474,1580216,13788836,0,15369052,16082356
469.574,1580216,13789024,0,15369240,16082356
469.675,1580216,13789204,0,15369420,16082356
469.775,1580216,13789268,0,15369484,16082356
469.875,1580216,13789400,0,15369616,16082356
469.976,1580216,13789596,0,15369812,16082356
470.076,1580216,13789852,0,15370068,16082356
470.176,1580216,13789916,0,15370132,16082356
470.277,1580216,13790112,0,15370328,16082356
470.377,1580216,13790340,0,15370556,16082356
470.477,1580216,13790624,0,15370840,16082356
470.577,1580216,13790816,0,15371032,16082356
470.678,1580216,13790880,0,15371096,16082356
470.778,1580216,13790968,0,15371184,16082356
470.878,1580216,13791152,0,15371368,16082356
470.979,1580216,13791256,0,15371472,16082356
471.079,1580216,13791344,0,15371560,16082356
471.179,1580216,13791472,0,15371688,16082356
471.279,1580216,13791648,0,15371864,16082356
471.380,1580216,13791776,0,15371992,16082356
471.480,1580216,13791840,0,15372056,16082356
471.580,1580216,13792044,0,15372260,16082356
471.681,1580216,13792172,0,15372388,16082356
471.781,1580216,13792320,0,15372536,16082356
471.881,1580216,13792704,0,15372920,16082356
471.982,1580216,13792896,0,15373112,16082356
472.082,1580216,13793364,0,15373580,16082356
472.182,1580216,13793620,0,15373836,16082356
472.282,1580216,13794004,0,15374220,16082356
472.383,1580216,13794420,0,15374636,16082356
472.483,1580216,13794676,0,15374892,16082356
472.583,1580216,13794868,0,15375084,16082356
472.683,1580216,13795180,0,15375396,16082356
472.784,1580216,13795248,0,15375464,16082356
472.884,1580216,13795380,0,15375596,16082356
472.984,1580216,13795460,0,15375676,16082356
473.085,1580216,13795588,0,15375804,16082356
473.185,1580216,13795656,0,15375872,16082356
473.285,1580216,13795800,0,15376016,16082356
473.385,1580216,13795992,0,15376208,16082356
473.486,1580216,13796140,0,15376356,16082356
473.586,1580216,13796316,0,15376532,16082356
473.686,1580216,13796512,0,15376728,16082356
473.787,1580216,13796640,0,15376856,16082356
473.887,1580216,13796892,0,15377108,16082356
473.987,1580216,13797024,0,15377240,16082356
474.088,1580216,13797272,0,15377488,16082356
474.188,1580216,13797400,0,15377616,16082356
474.288,1580216,13797464,0,15377680,16082356
474.389,1580216,13797604,0,15377820,16082356
474.489,1580216,13797796,0,15378012,16082356
474.590,1580216,13797876,0,15378092,16082356
474.690,1580216,13798004,0,15378220,16082356
474.790,1580216,13798132,0,15378348,16082356
474.891,1580216,13798196,0,15378412,16082356
474.991,1580216,13798388,0,15378604,16082356
475.091,1580216,13798576,0,15378792,16082356
475.191,1580216,13798768,0,15378984,16082356
475.292,1580216,13799080,0,15379296,16082356
475.392,1580216,13799148,0,15379364,16082356
475.492,1580216,13799280,0,15379496,16082356
475.593,1580216,13799408,0,15379624,16082356
475.693,1580216,13799520,0,15379736,16082356
475.793,1580216,13799652,0,15379868,16082356
475.894,1580216,13799780,0,15379996,16082356
475.994,1580216,13800008,0,15380224,16082356
476.094,1580216,13800320,0,15380536,16082356
476.195,1580216,13800448,0,15380664,16082356
476.295,1580216,13800512,0,15380728,16082356
476.395,1580216,13800704,0,15380920,16082356
476.496,1580216,13800832,0,15381048,16082356
476.596,1580216,13801004,0,15381220,16082356
476.696,1580216,13801132,0,15381348,16082356
476.797,1580216,13801224,0,15381440,16082356
476.897,1580216,13801288,0,15381504,16082356
476.997,1580216,13801608,0,15381824,16082356
477.098,1580216,13801672,0,15381888,16082356
477.198,1580216,13801800,0,15382016,16082356
477.298,1580216,13802148,0,15382364,16082356
477.399,1580216,13802340,0,15382556,16082356
477.499,1580216,13803152,0,15383368,16082356
477.599,1580216,13803356,0,15383572,16082356
477.700,1580216,13803484,0,15383700,16082356
477.800,1580216,13803548,0,15383764,16082356
477.900,1580216,13803744,0,15383960,16082356
478.001,1580216,13803860,0,15384076,16082356
478.101,1580216,13804192,0,15384408,16082356
478.201,1580216,13804320,0,15384536,16082356
478.302,1580216,13804576,0,15384792,16082356
478.402,1580216,13804760,0,15384976,16082356
478.502,1580216,13805016,0,15385232,16082356
478.602,1580216,13805336,0,15385552,16082356
478.703,1580216,13805476,0,15385692,16082356
478.803,1580216,13805604,0,15385820,16082356
478.903,1580216,13805732,0,15385948,16082356
479.004,1580216,13805916,0,15386132,16082356
479.104,1580216,13806192,0,15386408,16082356
479.204,1580216,13806516,0,15386732,16082356
479.305,1580216,13806644,0,15386860,16082356
479.405,1580216,13806712,0,15386928,16082356
479.505,1580216,13806968,0,15387184,16082356
479.606,1580216,13807196,0,15387412,16082356
479.706,1580216,13807392,0,15387608,16082356
479.806,1580216,13807680,0,15387896,16082356
479.907,1580216,13807808,0,15388024,16082356
480.007,1580216,13807872,0,15388088,16082356
480.107,1580216,13808068,0,15388284,16082356
480.208,1580216,13808256,0,15388472,16082356
480.308,1580216,13808560,0,15388776,16082356
480.408,1580216,13808688,0,15388904,16082356
480.509,1580216,13809016,0,15389232,16082356
480.609,1580216,13809272,0,15389488,16082356
480.709,1580216,13809456,0,15389672,16082356
480.809,1580216,13809608,0,15389824,16082356
480.910,1580216,13809740,0,15389956,16082356
481.010,1580216,13809932,0,15390148,16082356
481.110,1580216,13810220,0,15390436,16082356
481.211,1580216,13810440,0,15390656,16082356
481.311,1580216,13810568,0,15390784,16082356
481.411,1580216,13810780,0,15390996,16082356
481.511,1580216,13810976,0,15391192,16082356
481.612,1580216,13811168,0,15391384,16082356
481.712,1580216,13811392,0,15391608,16082356
481.812,1580216,13811580,0,15391796,16082356
481.912,1580216,13811716,0,15391932,16082356
482.013,1580216,13811908,0,15392124,16082356
482.113,1580216,13812056,0,15392272,16082356
482.213,1580216,13812212,0,15392428,16082356
482.314,1580216,13812596,0,15392812,16082356
482.414,1580216,13812728,0,15392944,16082356
482.514,1580216,13812860,0,15393076,16082356
482.614,1580216,13812988,0,15393204,16082356
482.715,1580216,13813256,0,15393472,16082356
482.815,1580216,13813484,0,15393700,16082356
482.915,1580216,13813684,0,15393900,16082356
483.015,1580216,13813868,0,15394084,16082356
483.116,1580216,13814060,0,15394276,16082356
483.216,1580216,13814188,0,15394404,16082356
483.316,1580216,13814380,0,15394596,16082356
483.417,1580216,13814572,0,15394788,16082356
483.517,1580216,13814700,0,15394916,16082356
483.617,1580216,13814892,0,15395108,16082356
483.717,1580216,13815080,0,15395296,16082356
483.818,1580216,13815208,0,15395424,16082356
483.918,1580216,13815452,0,15395668,16082356
484.018,1580216,13815636,0,15395852,16082356
484.118,1580216,13815896,0,15396112,16082356
484.219,1580216,13816024,0,15396240,16082356
484.319,1580216,13816152,0,15396368,16082356
484.420,1580216,13816316,0,15396532,16082356
484.520,1580216,13816444,0,15396660,16082356
484.620,1580216,13816584,0,15396800,16082356
484.720,1580216,13816712,0,15396928,16082356
484.821,1580216,13816912,0,15397128,16082356
484.921,1580216,13817108,0,15397324,16082356
485.021,1580216,13817236,0,15397452,16082356
485.121,1580216,13817364,0,15397580,16082356
485.222,1580216,13817604,0,15397820,16082356
485.322,1580216,13817752,0,15397968,16082356
485.422,1580216,13817900,0,15398116,16082356
485.523,1580216,13818168,0,15398384,16082356
485.623,1580216,13818296,0,15398512,16082356
485.723,1580216,13818424,0,15398640,16082356
485.823,1580216,13818556,0,15398772,16082356
485.924,1580216,13818836,0,15399052,16082356
486.024,1580216,13818948,0,15399164,16082356
486.124,1580216,13819320,0,15399536,16082356
486.225,1580216,13819344,0,15399560,16082356
486.325,1580216,13819600,0,15399816,16082356
486.425,1580216,13819668,0,15399884,16082356
486.525,1580216,13819924,0,15400140,16082356
486.625,1580216,13819924,0,15400140,16082356
486.726,1580216,13820180,0,15400396,16082356
486.826,1580216,13820180,0,15400396,16082356
486.926,1580216,13820436,0,15400652,16082356
487.026,1580216,13820436,0,15400652,16082356
487.127,1580216,13820756,0,15400972,16082356
487.227,1580216,13820756,0,15400972,16082356
487.327,1580216,13820756,0,15400972,16082356
487.427,1580216,13821012,0,15401228,16082356
487.528,1580216,13818048,0,15398264,16082356
487.628,1580216,13818432,0,15398648,16082356
487.728,1580216,13818540,0,15398756,16082356
487.829,1580216,13818880,0,15399096,16082356
487.929,1580216,13821228,0,15401444,16082356
488.029,1580216,13824332,0,15404548,16082356
488.129,1580216,13824988,0,15405204,16082356
488.230,1580216,13825668,0,15405884,16082356
488.330,1580216,13826684,0,15406900,16082356
488.430,1580216,13826764,0,15406980,16082356
488.531,1580216,13826772,0,15406988,16082356
488.631,1580216,13826808,0,15407024,16082356
488.731,1580216,13827156,0,15407372,16082356
488.831,1580216,13827272,0,15407488,16082356
488.932,1580216,13827420,0,15407636,16082356
489.032,1580216,13827764,0,15407980,16082356
489.132,1580216,13827780,0,15407996,16082356
489.232,1580216,13827780,0,15407996,16082356
489.333,1580216,13828040,0,15408256,16082356
489.433,1580216,13828088,0,15408304,16082356
489.533,1580216,13828088,0,15408304,16082356
489.633,1580216,13828364,0,15408580,16082356
489.734,1580216,13828368,0,15408584,16082356
489.834,1580216,13828420,0,15408636,16082356
489.934,1580216,13828420,0,15408636,16082356
490.034,1580216,13828456,0,15408672,16082356
490.135,1580216,13828504,0,15408720,16082356
490.235,1580216,13828536,0,15408752,16082356
490.335,1580216,13828592,0,15408808,16082356
490.436,1580216,13828924,0,15409140,16082356
490.536,1580216,13828956,0,15409172,16082356
490.636,1580216,13828956,0,15409172,16082356
490.736,1580216,13828960,0,15409176,16082356
490.837,1580216,13829244,0,15409460,16082356
490.937,1580216,13829244,0,15409460,16082356
491.037,1580216,13829244,0,15409460,16082356
491.137,1580216,13829248,0,15409464,16082356
491.238,1580216,13829504,0,15409720,16082356
491.338,1580216,13829524,0,15409740,16082356
491.438,1580216,13829524,0,15409740,16082356
491.538,1580216,13829528,0,15409744,16082356
491.639,1580216,13831564,0,15411780,16082356
491.739,1580216,13834800,0,15415016,16082356
491.839,1580216,13836216,0,15416432,16082356
491.940,1580216,13836464,0,15416680,16082356
492.040,1580216,13836824,0,15417040,16082356
492.140,1580216,13837128,0,15417344,16082356
492.240,1580216,13838496,0,15418712,16082356
492.341,1580216,13840372,0,15420588,16082356
492.441,1580216,13840424,0,15420640,16082356
492.541,1580216,13840740,0,15420956,16082356
492.641,1580216,13840740,0,15420956,16082356
492.742,1580216,13840756,0,15420972,16082356
492.842,1580216,13840756,0,15420972,16082356
492.942,1580216,13841012,0,15421228,16082356
493.042,1580216,13841012,0,15421228,16082356
493.143,1580216,13841012,0,15421228,16082356
493.243,1580216,13841268,0,15421484,16082356
493.343,1580216,13841268,0,15421484,16082356
493.444,1580216,13841284,0,15421500,16082356
493.544,1580216,13841604,0,15421820,16082356
493.644,1580216,13841932,0,15422148,16082356
493.744,1580216,13842244,0,15422460,16082356
493.845,1580216,13842536,0,15422752,16082356
493.945,1580216,13842844,0,15423060,16082356
494.045,1580216,13843120,0,15423336,16082356
494.145,1580216,13843188,0,15423404,16082356
494.246,1580216,13843484,0,15423700,16082356
494.346,1580216,13843524,0,15423740,16082356
494.446,1580216,13843840,0,15424056,16082356
494.546,1580216,13843992,0,15424208,16082356
494.647,1580216,13844284,0,15424500,16082356
494.747,1580216,13844372,0,15424588,16082356
494.847,1580216,13844408,0,15424624,16082356
494.948,1580216,13844688,0,15424904,16082356
495.048,1580216,13844772,0,15424988,16082356
495.148,1580216,13845812,0,15426028,16082356
495.248,1580216,13845824,0,15426040,16082356
495.349,1580216,13845884,0,15426100,16082356
495.449,1580216,13845904,0,15426120,16082356
495.549,1580216,13845952,0,15426168,16082356
495.650,1580216,13845964,0,15426180,16082356
495.750,1580216,13846008,0,15426224,16082356
495.850,1580216,13846056,0,15426272,16082356
495.950,1580216,13846064,0,15426280,16082356
496.051,1580216,13847140,0,15427356,16082356
496.151,1580216,13847168,0,15427384,16082356
496.251,1580216,13847264,0,15427480,16082356
496.352,1580216,13847320,0,15427536,16082356
496.452,1580216,13847320,0,15427536,16082356
496.552,1580216,13847396,0,15427612,16082356
496.653,1580216,13847472,0,15427688,16082356
496.753,1580216,13847684,0,15427900,16082356
496.853,1580216,13847824,0,15428040,16082356
496.953,1580216,13849032,0,15429248,16082356
497.054,1580216,13849172,0,15429388,16082356
497.154,1580216,13849356,0,15429572,16082356
497.254,1580216,13849376,0,15429592,16082356
497.354,1580216,13849376,0,15429592,16082356
497.455,1580216,13849384,0,15429600,16082356
497.555,1580216,13849384,0,15429600,16082356
497.655,1580216,13849384,0,15429600,16082356
497.755,1580216,13849388,0,15429604,16082356
497.856,1580216,13849388,0,15429604,16082356
497.956,1580216,13849388,0,15429604,16082356
498.056,1580216,13849416,0,15429632,16082356
498.156,1580216,13849432,0,15429648,16082356
498.257,1580216,13850504,0,15430720,16082356
498.357,1580216,13850512,0,15430728,16082356
498.457,1580216,13850524,0,15430740,16082356
498.558,1580216,13850544,0,15430760,16082356
498.658,1580216,13850624,0,15430840,16082356
498.758,1580216,13850676,0,15430892,16082356
498.858,1580216,13850696,0,15430912,16082356
498.959,1580216,13850716,0,15430932,16082356
499.059,1580216,13851808,0,15432024,16082356
499.159,1580216,13851812,0,15432028,16082356
499.260,1580216,13851820,0,15432036,16082356
499.360,1580216,13851868,0,15432084,16082356
499.460,1580216,13851900,0,15432116,16082356
499.560,1580216,13851928,0,15432144,16082356
499.661,1580216,13851940,0,15432156,16082356
499.761,1580216,13851948,0,15432164,16082356
499.861,1580216,13851948,0,15432164,16082356
499.961,1580216,13852984,0,15433200,16082356
500.061,1580216,13852988,0,15433204,16082356
500.162,1580216,13853004,0,15433220,16082356
500.262,1580216,13853016,0,15433232,16082356
500.362,1580216,13853028,0,15433244,16082356
500.463,1580216,13853092,0,15433308,16082356
500.563,1580216,13853108,0,15433324,16082356
500.663,1580216,13853120,0,15433336,16082356
500.763,1580216,13853136,0,15433352,16082356
500.864,1580216,13853148,0,15433364,16082356
500.964,1580216,13854212,0,15434428,16082356
501.064,1580216,13854292,0,15434508,16082356
501.165,1580216,13854440,0,15434656,16082356
501.265,1580216,13854536,0,15434752,16082356
501.365,1580216,13854592,0,15434808,16082356
501.465,1580216,13854624,0,15434840,16082356
501.566,1580216,13854644,0,15434860,16082356
501.666,1580216,13854712,0,15434928,16082356
501.766,1580216,13855740,0,15435956,16082356
501.866,1580216,13855744,0,15435960,16082356
501.967,1580216,13855768,0,15435984,16082356
502.067,1580216,13855776,0,15435992,16082356
502.167,1580216,13855788,0,15436004,16082356
502.267,1580216,13855852,0,15436068,16082356
502.368,1580216,13855876,0,15436092,16082356
502.468,1580216,13855884,0,15436100,16082356
502.568,1580216,13855908,0,15436124,16082356
502.669,1580216,13857956,0,15438172,16082356
502.769,1580216,13857964,0,15438180,16082356
502.869,1580216,13857972,0,15438188,16082356
502.969,1580216,13858024,0,15438240,16082356
503.070,1580216,13858028,0,15438244,16082356
503.170,1580216,13858028,0,15438244,16082356
503.270,1580216,13858028,0,15438244,16082356
503.371,1580216,13858028,0,15438244,16082356
503.471,1580216,13858028,0,15438244,16082356
503.571,1580216,13858028,0,15438244,16082356
503.672,1580216,13858044,0,15438260,16082356
503.772,1580216,13858076,0,15438292,16082356
503.872,1580216,13858140,0,15438356,16082356
503.973,1580256,13858140,0,15438396,16082356
504.073,1580256,13858140,0,15438396,16082356
504.173,1580256,13860188,0,15440444,16082356
504.273,1580256,13860188,0,15440444,16082356
504.374,1580256,13860208,0,15440464,16082356
504.474,1580256,13860220,0,15440476,16082356
504.574,1580256,13860232,0,15440488,16082356
504.674,1580256,13860240,0,15440496,16082356
504.775,1580256,13860240,0,15440496,16082356
504.875,1580256,13860248,0,15440504,16082356
504.975,1580256,13860248,0,15440504,16082356
505.076,1580256,13860364,0,15440620,16082356
505.176,1580256,13860492,0,15440748,16082356
505.276,1580256,13860620,0,15440876,16082356
505.376,1580256,13860812,0,15441068,16082356
505.477,1580256,13860940,0,15441196,16082356
505.577,1580256,13861096,0,15441352,16082356
505.677,1580256,13861224,0,15441480,16082356
505.777,1580256,13863400,0,15443656,16082356
505.878,1580256,13863468,0,15443724,16082356
505.978,1580256,13863596,0,15443852,16082356
506.078,1580256,13863732,0,15443988,16082356
506.179,1580256,13863796,0,15444052,16082356
506.279,1580256,13863924,0,15444180,16082356
506.379,1580256,13863992,0,15444248,16082356
506.479,1580256,13864120,0,15444376,16082356
506.580,1580256,13864312,0,15444568,16082356
506.680,1580256,13864440,0,15444696,16082356
506.780,1580256,13864568,0,15444824,16082356
506.881,1580256,13864696,0,15444952,16082356
506.981,1580256,13864888,0,15445144,16082356
507.081,1580256,13865080,0,15445336,16082356
507.181,1580256,13865212,0,15445468,16082356
507.282,1580256,13865332,0,15445588,16082356
507.382,1580256,13867384,0,15447640,16082356
507.482,1580256,13867388,0,15447644,16082356
507.583,1580256,13867388,0,15447644,16082356
507.683,1580256,13867388,0,15447644,16082356
507.783,1580256,13867404,0,15447660,16082356
507.883,1580256,13867404,0,15447660,16082356
507.984,1580256,13867404,0,15447660,16082356
508.084,1580256,13867404,0,15447660,16082356
508.184,1580256,13867412,0,15447668,16082356
508.285,1580256,13867412,0,15447668,16082356
508.385,1580256,13867412,0,15447668,16082356
508.485,1580256,13867412,0,15447668,16082356
508.585,1580256,13867412,0,15447668,16082356
508.686,1580256,13869556,0,15449812,16082356
508.786,1580256,13869748,0,15450004,16082356
508.886,1580256,13869876,0,15450132,16082356
508.987,1580256,13870004,0,15450260,16082356
509.087,1580256,13870196,0,15450452,16082356
509.187,1580256,13870324,0,15450580,16082356
509.287,1580256,13870516,0,15450772,16082356
509.388,1580256,13870644,0,15450900,16082356
509.488,1580256,13870840,0,15451096,16082356
509.588,1580256,13871160,0,15451416,16082356
509.689,1580256,13871352,0,15451608,16082356
509.789,1580256,13871480,0,15451736,16082356
509.889,1580256,13871544,0,15451800,16082356
509.990,1580256,13873784,0,15454040,16082356
510.090,1580256,13874808,0,15455064,16082356
510.190,1580256,13875000,0,15455256,16082356
510.291,1580256,13875128,0,15455384,16082356
510.391,1580256,13875312,0,15455568,16082356
510.491,1580256,13875440,0,15455696,16082356
510.592,1580256,13875568,0,15455824,16082356
510.692,1580256,13875692,0,15455948,16082356
510.792,1580256,13875876,0,15456132,16082356
510.892,1580256,13875980,0,15456236,16082356
510.993,1580256,13876156,0,15456412,16082356
511.093,1580256,13876260,0,15456516,16082356
511.193,1580256,13876352,0,15456608,16082356
511.293,1580256,13876360,0,15456616,16082356
511.394,1580256,13878448,0,15458704,16082356
511.494,1580256,13878536,0,15458792,16082356
511.594,1580256,13878720,0,15458976,16082356
511.695,1580256,13878776,0,15459032,16082356
511.795,1580256,13878896,0,15459152,16082356
511.895,1580256,13878952,0,15459208,16082356
511.996,1580256,13879072,0,15459328,16082356
512.096,1580256,13879136,0,15459392,16082356
512.196,1580256,13879268,0,15459524,16082356
512.296,1580256,13879304,0,15459560,16082356
512.397,1580256,13879304,0,15459560,16082356
512.497,1580256,13879308,0,15459564,16082356
512.597,1580256,13879372,0,15459628,16082356
512.698,1580256,13879372,0,15459628,16082356
512.798,1580256,13879372,0,15459628,16082356
512.898,1580256,13879372,0,15459628,16082356
512.998,1580256,13881428,0,15461684,16082356
513.099,1580256,13881428,0,15461684,16082356
513.199,1580256,13881428,0,15461684,16082356
513.299,1580256,13881440,0,15461696,16082356
513.400,1580256,13881460,0,15461716,16082356
513.500,1580256,13881460,0,15461716,16082356
513.600,1580256,13881476,0,15461732,16082356
513.700,1580256,13881484,0,15461740,16082356
513.801,1580256,13881504,0,15461760,16082356
513.901,1580256,13881508,0,15461764,16082356
514.001,1580256,13881508,0,15461764,16082356
514.101,1580256,13881508,0,15461764,16082356
514.202,1580256,13881508,0,15461764,16082356
514.302,1580256,13881508,0,15461764,16082356
514.402,1580256,13881508,0,15461764,16082356
514.502,1580256,13883564,0,15463820,16082356
514.603,1580256,13883564,0,15463820,16082356
514.703,1580256,13883564,0,15463820,16082356
514.803,1580256,13883564,0,15463820,16082356
514.904,1580256,13883564,0,15463820,16082356
515.004,1580256,13883612,0,15463868,16082356
515.104,1580256,13883628,0,15463884,16082356
515.204,1580256,13883756,0,15464012,16082356
515.304,1580256,13883780,0,15464036,16082356
515.405,1580256,13883872,0,15464128,16082356
515.505,1580256,13883880,0,15464136,16082356
515.605,1580256,13884072,0,15464328,16082356
515.706,1580256,13884844,0,15465100,16082356
515.806,1580256,13886956,0,15467212,16082356
515.906,1580256,13887044,0,15467300,16082356
516.006,1580256,13887048,0,15467304,16082356
516.107,1580256,13887048,0,15467304,16082356
516.207,1580256,13887048,0,15467304,16082356
516.307,1580256,13887048,0,15467304,16082356
516.408,1580256,13887048,0,15467304,16082356
516.508,1580256,13887048,0,15467304,16082356
516.608,1580256,13887048,0,15467304,16082356
516.708,1580256,13887048,0,15467304,16082356
516.809,1580256,13887048,0,15467304,16082356
516.909,1580256,13887048,0,15467304,16082356
517.009,1580256,13887048,0,15467304,16082356
517.109,1580256,13887052,0,15467308,16082356
517.210,1580256,13887052,0,15467308,16082356
517.310,1580256,13887052,0,15467308,16082356
517.410,1580256,13887072,0,15467328,16082356
517.510,1580256,13887072,0,15467328,16082356
517.611,1580256,13887072,0,15467328,16082356
517.711,1580256,13887072,0,15467328,16082356
517.811,1580256,13887072,0,15467328,16082356
517.912,1580256,13887072,0,15467328,16082356
518.012,1580256,13889120,0,15469376,16082356
518.112,1580256,13889120,0,15469376,16082356
518.212,1580256,13889184,0,15469440,16082356
518.312,1580256,13889184,0,15469440,16082356
518.413,1580256,13889184,0,15469440,16082356
518.513,1580256,13889184,0,15469440,16082356
518.613,1580256,13889184,0,15469440,16082356
518.713,1580256,13889184,0,15469440,16082356
518.814,1580256,13889184,0,15469440,16082356
518.914,1580256,13889184,0,15469440,16082356
519.014,1580256,13889184,0,15469440,16082356
519.114,1580256,13889184,0,15469440,16082356
519.215,1580256,13889184,0,15469440,16082356
519.315,1580256,13889184,0,15469440,16082356
519.415,1580256,13889188,0,15469444,16082356
519.515,1580256,13889188,0,15469444,16082356
519.616,1580256,13889188,0,15469444,16082356
519.716,1580256,13889188,0,15469444,16082356
519.816,1580256,13889252,0,15469508,16082356
519.916,1580256,13889252,0,15469508,16082356
520.017,1580256,13889268,0,15469524,16082356
520.117,1580256,13885784,0,15466040,16082356
520.217,1580256,13879244,0,15459500,16082356
520.317,1580256,13877332,0,15457588,16082356
520.418,1580256,13871572,0,15451828,16082356
520.518,1580256,13867528,0,15447784,16082356
520.618,1580256,13859452,0,15439708,16082356
520.718,1580256,13852400,0,15432656,16082356
520.819,1580256,13847644,0,15427900,16082356
520.919,1580256,13799216,0,15379472,16082356
521.019,1580256,13746848,0,15327104,16082356
521.120,1580256,13613716,0,15193972,16082356
521.220,1580256,13533432,0,15113688,16082356
521.320,1580256,13381464,0,14961720,16082356
521.421,1580256,13121848,0,14702104,16082356
521.521,1580256,12926404,0,14506660,16082356
521.621,1580256,12934476,0,14514732,16082356
521.722,1580256,12943008,0,14523264,16082356
521.822,1580256,12956056,0,14536312,16082356
521.923,1580256,12977548,0,14557804,16082356
522.023,1580256,13015104,0,14595360,16082356
522.123,1580256,13052884,0,14633140,16082356
522.223,1580256,13080184,0,14660440,16082356
522.324,1580256,13106688,0,14686944,16082356
522.424,1580256,13129840,0,14710096,16082356
522.525,1580256,13152948,0,14733204,16082356
522.625,1580256,13172196,0,14752452,16082356
522.725,1580256,13189264,0,14769520,16082356
522.826,1580256,13195556,0,14775812,16082356
522.926,1580256,13194036,0,14774292,16082356
523.026,1580256,13191608,0,14771864,16082356
523.127,1580256,13209520,0,14789776,16082356
523.227,1580256,13219240,0,14799496,16082356
523.327,1580256,13223124,0,14803380,16082356
523.427,1580256,13223124,0,14803380,16082356
523.528,1580256,13223124,0,14803380,16082356
523.628,1580256,13238216,0,14818472,16082356
523.728,1580256,13254588,0,14834844,16082356
523.829,1580256,13263916,0,14844172,16082356
523.929,1580256,13264068,0,14844324,16082356
524.029,1580256,13264068,0,14844324,16082356
524.129,1580256,13264068,0,14844324,16082356
524.230,1580256,13264068,0,14844324,16082356
524.330,1580256,13264068,0,14844324,16082356
524.430,1580256,13264068,0,14844324,16082356
524.530,1580256,13264068,0,14844324,16082356
524.631,1580256,13277748,0,14858004,16082356
524.731,1580256,13292012,0,14872268,16082356
524.831,1580256,13303004,0,14883260,16082356
524.932,1580256,13315380,0,14895636,16082356
525.032,1580256,13325232,0,14905488,16082356
525.132,1580256,13334004,0,14914260,16082356
525.232,1580256,13341432,0,14921688,16082356
525.337,1580256,13348548,0,14928804,16082356
525.438,1580256,13357028,0,14937284,16082356
525.538,1580256,13364368,0,14944624,16082356
525.638,1580256,13371840,0,14952096,16082356
525.738,1580256,13380344,0,14960600,16082356
525.839,1580256,13397164,0,14977420,16082356
525.939,1580256,13407844,0,14988100,16082356
526.039,1580256,13416712,0,14996968,16082356
526.140,1580256,13426376,0,15006632,16082356
526.240,1580256,13434100,0,15014356,16082356
526.340,1580256,13441000,0,15021256,16082356
526.440,1580256,13448932,0,15029188,16082356
526.541,1580256,13454744,0,15035000,16082356
526.641,1580256,13459664,0,15039920,16082356
526.741,1580256,13464564,0,15044820,16082356
526.842,1580256,13469100,0,15049356,16082356
526.942,1580256,13472484,0,15052740,16082356
527.042,1580256,13478408,0,15058664,16082356
527.142,1580256,13484000,0,15064256,16082356
527.242,1580256,13488420,0,15068676,16082356
527.343,1580256,13492604,0,15072860,16082356
527.443,1580256,13496668,0,15076924,16082356
527.543,1580256,13500832,0,15081088,16082356
527.643,1580256,13503480,0,15083736,16082356
527.744,1580256,13507864,0,15088120,16082356
527.844,1580256,13513452,0,15093708,16082356
527.944,1580256,13517104,0,15097360,16082356
528.045,1580256,13521784,0,15102040,16082356
528.145,1580256,13525232,0,15105488,16082356
528.245,1580256,13530316,0,15110572,16082356
528.345,1580256,13536368,0,15116624,16082356
528.446,1580256,13542520,0,15122776,16082356
528.546,1580256,13547016,0,15127272,16082356
528.646,1580256,13552152,0,15132408,16082356
528.746,1580256,13557960,0,15138216,16082356
528.847,1580256,13561944,0,15142200,16082356
528.947,1580256,13565428,0,15145684,16082356
529.047,1580256,13570972,0,15151228,16082356
529.147,1580256,13575980,0,15156236,16082356
529.248,1580256,13580600,0,15160856,16082356
529.348,1580256,13587252,0,15167508,16082356
529.448,1580256,13591656,0,15171912,16082356
529.549,1580256,13594884,0,15175140,16082356
529.649,1580256,13599936,0,15180192,16082356
529.749,1580256,13607592,0,15187848,16082356
529.849,1580256,13614476,0,15194732,16082356
529.950,1580256,13621044,0,15201300,16082356
530.050,1580256,13631252,0,15211508,16082356
530.150,1580256,13640416,0,15220672,16082356
530.251,1580256,13646236,0,15226492,16082356
530.351,1580256,13650880,0,15231136,16082356
530.451,1580256,13655808,0,15236064,16082356
530.551,1580256,13662080,0,15242336,16082356
530.652,1580256,13668056,0,15248312,16082356
530.752,1580256,13670036,0,15250292,16082356
530.852,1580256,13672096,0,15252352,16082356
530.953,1580256,13674024,0,15254280,16082356
531.053,1580256,13677812,0,15258068,16082356
531.153,1580256,13681332,0,15261588,16082356
531.253,1580256,13683224,0,15263480,16082356
531.354,1580256,13684624,0,15264880,16082356
531.454,1580256,13685684,0,15265940,16082356
531.554,1580256,13687684,0,15267940,16082356
531.655,1580256,13688948,0,15269204,16082356
531.755,1580256,13690292,0,15270548,16082356
531.855,1580256,13691236,0,15271492,16082356
531.955,1580256,13696700,0,15276956,16082356
532.056,1580256,13699156,0,15279412,16082356
532.156,1580256,13701704,0,15281960,16082356
532.256,1580256,13704108,0,15284364,16082356
532.357,1580256,13705852,0,15286108,16082356
532.457,1580256,13708648,0,15288904,16082356
532.557,1580256,13711468,0,15291724,16082356
532.657,1580256,13713684,0,15293940,16082356
532.758,1580256,13715248,0,15295504,16082356
532.858,1580256,13715980,0,15296236,16082356
532.958,1580256,13716604,0,15296860,16082356
533.058,1580256,13716980,0,15297236,16082356
533.159,1580256,13717580,0,15297836,16082356
533.259,1580256,13718208,0,15298464,16082356
533.359,1580256,13719772,0,15300028,16082356
533.460,1580256,13723280,0,15303536,16082356
533.560,1580256,13724636,0,15304892,16082356
533.660,1580256,13725292,0,15305548,16082356
533.761,1580256,13725892,0,15306148,16082356
533.861,1580256,13727096,0,15307352,16082356
533.961,1580256,13728308,0,15308564,16082356
534.061,1580256,13729196,0,15309452,16082356
534.162,1580256,13729916,0,15310172,16082356
534.262,1580256,13731288,0,15311544,16082356
534.362,1580256,13731972,0,15312228,16082356
534.462,1580256,13732868,0,15313124,16082356
534.563,1580256,13733620,0,15313876,16082356
534.663,1580256,13734296,0,15314552,16082356
534.763,1580256,13735208,0,15315464,16082356
534.863,1580256,13736156,0,15316412,16082356
534.964,1580256,13737296,0,15317552,16082356
535.064,1580256,13738644,0,15318900,16082356
535.164,1580256,13739272,0,15319528,16082356
535.264,1580256,13740128,0,15320384,16082356
535.365,1580256,13741468,0,15321724,16082356
535.465,1580256,13743652,0,15323908,16082356
535.565,1580256,13746376,0,15326632,16082356
535.666,1580256,13749204,0,15329460,16082356
535.766,1580256,13749540,0,15329796,16082356
535.866,1580256,13749540,0,15329796,16082356
535.967,1580256,13749540,0,15329796,16082356
536.067,1580256,13675728,0,15255984,16082356
536.167,1580256,12794340,0,14374596,16082356
536.267,1580256,11047648,0,12627904,16082356
536.368,1580256,8448468,0,10028724,16082356
536.468,1580256,5870852,0,7451108,16082356
536.568,1580256,3788968,0,5369224,16082356
536.669,1580256,1674272,0,3254528,16082356
536.769,1580256,7636,0,1587892,16082356
536.869,1580256,7636,0,1587892,16082356
536.970,1580256,7636,0,1587892,16082356
537.070,1580256,7636,0,1587892,16082356
537.170,1580256,7636,0,1587892,16082356
537.270,1580256,7636,0,1587892,16082356
537.371,1580256,7636,0,1587892,16082356
537.471,1580256,7636,0,1587892,16082356
537.571,1580256,7636,0,1587892,16082356
537.672,1580256,7636,0,1587892,16082356
537.772,1580256,7636,0,1587892,16082356
537.873,1580256,7636,0,1587892,16082356
537.973,1580256,7636,0,1587892,16082356
538.074,1580256,56704,0,1636960,16082356
538.174,1580256,135336,0,1715592,16082356
538.274,1544528,162904,0,1707432,16082356
538.375,1529768,162976,0,1692744,16082356
538.475,1529768,202208,0,1731976,16082356
538.575,1529840,163444,0,1693284,16082356
538.676,1529840,277976,0,1807816,16082356
538.776,1529840,275904,0,1805744,16082356
538.877,1529840,225848,0,1755688,16082356
538.977,1529840,227384,0,1757224,16082356
539.078,1530084,227384,0,1757468,16082356
539.178,1530084,227384,0,1757468,16082356
539.279,1530084,227384,0,1757468,16082356
539.379,1530084,227384,0,1757468,16082356
539.480,1530084,227384,0,1757468,16082356
539.580,1530084,227384,0,1757468,16082356
539.681,1530084,227384,0,1757468,16082356
539.781,1530084,227448,0,1757532,16082356
539.882,1530084,227456,0,1757540,16082356
539.982,1530084,227456,0,1757540,16082356
540.083,1530084,227456,0,1757540,16082356
540.183,1530084,227456,0,1757540,16082356
540.284,1530084,227456,0,1757540,16082356
540.384,1530084,227456,0,1757540,16082356
540.484,1530084,227456,0,1757540,16082356
540.585,1530084,227456,0,1757540,16082356
540.685,1530084,227456,0,1757540,16082356
540.786,1530084,227456,0,1757540,16082356
540.886,1491020,71420,0,1562440,16082356
540.987,1491020,71420,0,1562440,16082356
541.087,1491020,71420,0,1562440,16082356
541.187,1491020,71420,0,1562440,16082356
541.288,1491020,71420,0,1562440,16082356
541.388,1491020,71420,0,1562440,16082356
541.489,1491020,71420,0,1562440,16082356
541.589,1491020,71420,0,1562440,16082356
541.690,1491020,71420,0,1562440,16082356
541.790,1491020,71420,0,1562440,16082356
541.890,1491020,71420,0,1562440,16082356
541.991,1491020,71404,0,1562424,16082356
542.091,1491020,71404,0,1562424,16082356
542.192,1491020,71128,0,1562148,16082356
542.292,1491020,71128,0,1562148,16082356
542.393,1491020,71128,0,1562148,16082356
542.493,1491020,71128,0,1562148,16082356
542.594,1491020,71128,0,1562148,16082356
542.694,1491020,71112,0,1562132,16082356
542.795,1491020,71112,0,1562132,16082356
542.895,1491020,71112,0,1562132,16082356
542.996,1491020,71112,0,1562132,16082356
543.097,1491020,71112,0,1562132,16082356
543.197,1491020,71112,0,1562132,16082356
543.298,1491020,71112,0,1562132,16082356
543.398,1491020,71112,0,1562132,16082356
543.499,1491020,71112,0,1562132,16082356
543.599,1491020,71112,0,1562132,16082356
543.700,1491020,71112,0,1562132,16082356
543.800,1491020,71112,0,1562132,16082356
543.901,1491020,71080,0,1562100,16082356
544.001,1491020,71080,0,1562100,16082356
544.102,1491020,71080,0,1562100,16082356
544.203,1491020,71080,0,1562100,16082356
544.303,1491020,71080,0,1562100,16082356
544.403,1491020,71080,0,1562100,16082356
544.503,1491020,71080,0,1562100,16082356
544.604,1491020,71080,0,1562100,16082356
544.704,1491020,71080,0,1562100,16082356
544.805,1491020,71080,0,1562100,16082356
544.905,1491020,71080,0,1562100,16082356
545.005,1123552,9396,0,1132948,16082356
