t,RssAnon,RssFile,RssShmem,VmRSS,VmHWM,majflt,read_bytes,psi_io_full
0.002,12,0,0,12,12,0,3223552,11.41
0.102,9592,11924,0,21516,21516,1,5820416,11.41
0.203,9592,11924,0,21516,21516,1,5820416,11.41
0.303,82428,12500,0,94928,94928,1,5820416,11.41
0.405,93312,12756,0,106068,150756,1,5820416,11.41
0.505,108452,12884,0,121336,183776,1,5820416,11.41
0.606,108304,12884,0,121188,183776,1,5820416,11.41
0.706,110408,12884,0,123292,183776,1,5820416,11.41
0.807,110408,12884,0,123292,183776,1,5820416,11.41
0.907,110408,12884,0,123292,183776,1,5820416,17.13
1.008,110408,12884,0,123292,183776,1,5820416,17.13
1.108,110408,12884,0,123292,183776,1,5820416,17.13
1.208,110676,12884,0,123560,183776,1,5820416,17.13
1.309,111300,12884,0,124184,183776,1,5820416,17.13
1.409,111300,12884,0,124184,183776,1,5820416,17.13
1.510,111300,12884,0,124184,183776,1,5820416,17.13
1.611,111300,12884,0,124184,183776,1,5820416,17.13
1.711,111300,12884,0,124184,183776,1,5820416,17.13
1.811,111300,12884,0,124184,183776,1,5820416,17.13
1.912,119576,12884,0,132460,183776,1,5820416,17.13
2.012,119576,12884,0,132460,183776,1,5820416,17.13
2.113,119576,12884,0,132460,183776,1,5820416,17.13
2.213,122736,12884,0,135620,183776,1,5820416,17.13
2.314,123500,12884,0,136384,183776,1,5820416,17.13
2.414,123500,12884,0,136384,183776,1,5820416,17.13
2.515,123500,12884,0,136384,183776,1,5820416,17.13
2.616,123500,12884,0,136384,183776,1,5820416,17.13
2.716,123500,12884,0,136384,183776,1,5820416,17.13
2.817,123500,12884,0,136384,183776,1,5820416,17.13
2.917,123500,12884,0,136384,183776,1,5820416,18.19
3.018,123500,12884,0,136384,183776,1,5820416,18.19
3.118,123500,12884,0,136384,183776,1,5820416,18.19
3.218,123500,12884,0,136384,183776,1,5820416,18.19
3.319,123500,12884,0,136384,183776,1,5820416,18.19
3.419,123500,12884,0,136384,183776,1,5820416,18.19
3.520,123500,12884,0,136384,183776,1,5820416,18.19
3.621,123500,13012,0,136512,183776,1,5820416,18.19
3.721,151096,13012,0,164108,183776,1,5820416,18.19
3.822,171628,13012,0,184640,184640,1,5820416,18.19
3.922,192320,13012,0,205332,205332,1,5820416,18.19
4.023,212364,13012,0,225376,225376,1,5820416,18.19
4.123,234844,13012,0,247856,247856,1,5820416,18.19
4.224,255924,13012,0,268936,268936,1,5820416,18.19
4.324,275732,13012,0,288744,288744,1,5820416,18.19
4.424,296784,13012,0,309796,309796,1,5820416,18.19
4.525,317996,13012,0,331008,331008,1,5820416,18.19
4.625,340120,13012,0,353132,353132,1,5820416,18.19
4.726,359196,13012,0,372208,372208,1,5820416,18.19
4.826,380692,13012,0,393704,393704,1,5820416,18.19
4.927,402608,13012,0,415620,415620,1,5820416,14.9
5.027,421332,13012,0,434344,434344,1,5820416,14.9
5.128,443712,13012,0,456724,456724,1,5820416,14.9
5.228,464244,13012,0,477256,477256,1,5820416,14.9
5.329,482716,13012,0,495728,495728,1,5820416,14.9
5.430,504724,13012,0,517736,517736,1,5820416,14.9
5.530,524760,13012,0,537772,537772,1,5820416,14.9
5.631,545440,13012,0,558452,558452,1,5820416,14.9
5.731,563932,13012,0,576944,576944,1,5820416,14.9
5.832,584228,13012,0,597240,597240,1,5820416,14.9
5.932,604948,13012,0,617960,617960,1,5820416,14.9
6.033,625244,13012,0,638256,638256,1,5820416,14.9
6.133,645004,13012,0,658016,658016,1,5820416,14.9
6.234,665556,13012,0,678568,678568,1,5820416,14.9
6.334,687912,13012,0,700924,700924,1,5820416,14.9
6.435,706736,13012,0,719748,719748,1,5820416,14.9
6.535,728648,13012,0,741660,741660,1,5820416,14.9
6.636,749288,13012,0,762300,762300,1,5820416,14.9
6.736,768948,13012,0,781960,781960,1,5820416,14.9
6.837,790372,13012,0,803384,803384,1,5820416,14.9
6.937,810024,13012,0,823036,823036,1,5820416,12.2
7.038,830960,13012,0,843972,843972,1,5820416,12.2
7.138,850408,13012,0,863420,863420,1,5820416,12.2
7.239,850828,13012,0,863840,863840,1,5820416,12.2
7.339,850828,13012,0,863840,863840,1,5820416,12.2
7.440,541132,13012,0,554144,863224,1,5820416,12.2
7.540,141608,13076,0,154684,863224,1,5820416,12.2
7.641,161636,13076,0,174712,863224,1,5820416,12.2
7.742,182228,13076,0,195304,863224,1,5820416,12.2
7.843,202476,13076,0,215552,863224,1,5820416,12.2
7.944,222692,13076,0,235768,863224,1,5820416,12.2
8.044,242528,13076,0,255604,863224,1,5820416,12.2
8.145,260580,13076,0,273656,863224,1,5820416,12.2
8.246,278392,13076,0,291468,863224,1,5820416,12.2
8.346,296100,13076,0,309176,863224,1,5820416,12.2
8.446,318036,13076,0,331112,863224,1,5820416,12.2
8.547,335748,13076,0,348824,863224,1,5820416,12.2
8.647,356280,13076,0,369356,863224,1,5820416,12.2
8.748,375376,13076,0,388452,863224,1,5820416,12.2
8.848,397172,13076,0,410248,863224,1,5820416,12.2
8.949,414776,13076,0,427852,863224,1,5820416,9.99
9.049,434652,13076,0,447728,863224,1,5820416,9.99
9.150,454096,13076,0,467172,863224,1,5820416,9.99
9.250,475356,13076,0,488432,863224,1,5820416,9.99
9.351,492232,13076,0,505308,863224,1,5820416,9.99
9.451,513856,13076,0,526932,863224,1,5820416,9.99
9.552,530628,13076,0,543704,863224,1,5820416,9.99
9.652,550936,13076,0,564012,863224,1,5820416,9.99
9.753,572856,13076,0,585932,863224,1,5820416,9.99
9.854,593448,13076,0,606524,863224,1,5820416,9.99
9.955,613444,13076,0,626520,863224,1,5820416,9.99
10.056,635068,13076,0,648144,863224,1,5820416,9.99
10.157,654980,13076,0,668056,863224,1,5820416,9.99
10.257,674448,13076,0,687524,863224,1,5820416,9.99
10.358,692968,13076,0,706044,863224,1,5820416,9.99
10.459,712012,13076,0,725088,863224,1,5820416,9.99
10.559,733172,13076,0,746248,863224,1,5820416,9.99
10.660,751764,13076,0,764840,863224,1,5820416,9.99
10.760,772020,13076,0,785096,863224,1,5820416,9.99
10.861,790412,13076,0,803488,863224,1,5820416,9.99
10.962,810940,13076,0,824016,863224,1,5820416,8.18
11.063,831000,13076,0,844076,863224,1,5820416,8.18
11.167,850840,13076,0,863916,863916,1,5820416,8.18
11.268,999600,13076,0,1012676,1012676,1,5820416,8.18
11.368,1143576,13076,0,1156652,1156652,1,5820416,8.18
11.469,1289048,13076,0,1302124,1302124,1,5820416,8.18
11.569,1444816,13076,0,1457892,1457892,1,5820416,8.18
11.670,1573848,13076,0,1586924,1586924,1,5820416,8.18
11.774,1573848,13076,0,1586924,1586924,1,5820416,8.18
11.875,1573944,13076,0,1587020,1587020,1,5820416,8.18
11.976,1574008,13076,0,1587084,1587084,1,5820416,8.18
12.076,1612796,13076,0,1625872,1625872,1,5820416,8.18
12.177,1683468,13076,0,1696544,1696544,1,5820416,8.18
12.277,1825372,13076,0,1838448,1838448,1,5820416,8.18
12.378,1959916,13076,0,1972992,1972992,1,5820416,8.18
12.479,711596,13076,0,724672,1984908,1,5820416,8.18
12.579,672812,13076,0,685888,1984908,1,5824512,8.18
12.680,761320,13076,0,774396,1984908,1,5824512,8.18
12.787,923084,13076,0,936160,1984908,1,5824512,8.18
12.887,802316,84756,0,887072,1984908,3,5824512,8.18
12.988,649644,169508,0,819152,1984908,5,5824512,6.69
13.090,649652,169508,0,819160,1984908,5,5824512,6.69
13.191,649652,169508,0,819160,1984908,5,5824512,6.69
13.291,723600,169508,0,893108,1984908,5,5824512,6.69
13.392,809796,169508,0,979304,1984908,5,5824512,6.69
13.493,844968,169508,0,1014476,1984908,5,5824512,6.69
13.593,882164,169508,0,1051672,1984908,5,5824512,6.69
13.694,995800,169508,0,1165308,1984908,5,5824512,6.69
13.795,1057000,169508,0,1226508,1984908,5,5824512,6.69
13.895,1110880,169508,0,1280388,1984908,5,5824512,6.69
13.996,1139112,169508,0,1308620,1984908,5,5824512,6.69
14.096,1155936,169508,0,1325444,1984908,5,5824512,6.69
14.197,1032556,169508,0,1202064,1984908,5,5824512,6.69
14.298,1005704,169508,0,1175212,1984908,5,5824512,6.69
14.398,1005704,169508,0,1175212,1984908,5,5824512,6.69
14.499,1005704,169508,0,1175212,1984908,5,5824512,6.69
14.600,1005704,169508,0,1175212,1984908,5,5824512,6.69
14.701,895364,169572,0,1064936,1984908,5,5824512,6.69
14.801,895428,169572,0,1065000,1984908,5,5824512,6.69
14.902,895500,169572,0,1065072,1984908,5,5824512,6.69
15.002,895524,169572,0,1065096,1984908,5,5824512,5.48
15.103,895528,169572,0,1065100,1984908,5,5824512,5.48
15.203,895552,169572,0,1065124,1984908,5,5824512,5.48
15.304,895580,169572,0,1065152,1984908,5,5824512,5.48
15.404,895584,169572,0,1065156,1984908,5,5824512,5.48
15.505,895612,169572,0,1065184,1984908,5,5824512,5.48
15.606,895648,169572,0,1065220,1984908,5,5824512,5.48
15.706,895668,169572,0,1065240,1984908,5,5824512,5.48
15.807,895676,169572,0,1065248,1984908,5,5824512,5.48
15.907,895724,169572,0,1065296,1984908,5,5824512,5.48
16.008,895740,169572,0,1065312,1984908,5,5824512,5.48
16.108,895744,169572,0,1065316,1984908,5,5824512,5.48
16.209,895748,169572,0,1065320,1984908,5,5824512,5.48
16.309,895752,169572,0,1065324,1984908,5,5824512,5.48
16.410,895756,169572,0,1065328,1984908,5,5824512,5.48
16.510,895756,169572,0,1065328,1984908,5,5824512,5.48
16.611,895756,169572,0,1065328,1984908,5,5824512,5.48
16.711,895756,169572,0,1065328,1984908,5,5824512,5.48
16.812,895756,169572,0,1065328,1984908,5,5824512,5.48
16.912,895756,169572,0,1065328,1984908,5,5824512,5.48
17.013,895756,169572,0,1065328,1984908,5,5824512,5.48
17.113,895756,169572,0,1065328,1984908,5,5824512,4.49
17.214,895756,169572,0,1065328,1984908,5,5824512,4.49
17.314,895756,169572,0,1065328,1984908,5,5824512,4.49
17.415,895756,169572,0,1065328,1984908,5,5824512,4.49
17.515,895756,169572,0,1065328,1984908,5,5824512,4.49
17.616,895756,169572,0,1065328,1984908,5,5824512,4.49
17.717,895756,169572,0,1065328,1984908,5,5824512,4.49
17.817,895764,169572,0,1065336,1984908,5,5824512,4.49
17.918,895772,169572,0,1065344,1984908,5,5824512,4.49
18.018,895964,169572,0,1065536,1984908,5,5824512,4.49
18.118,896040,169572,0,1065612,1984908,5,5824512,4.49
18.219,896040,169572,0,1065612,1984908,5,5824512,4.49
18.320,896040,169572,0,1065612,1984908,5,5824512,4.49
18.420,341212,91444,0,432656,1984908,5,5824512,4.49
18.521,341212,91444,0,432656,1984908,5,5824512,4.49
18.621,341212,91444,0,432656,1984908,5,5824512,4.49
18.722,341212,91444,0,432656,1984908,5,5824512,4.49
18.823,348824,91764,0,440588,1984908,5,5824512,4.49
18.924,374676,91764,0,466440,1984908,5,5824512,4.49
19.024,400896,91764,0,492660,1984908,5,5824512,4.49
19.124,428016,91764,0,519780,1984908,5,5824512,6.21
19.225,455232,91764,0,546996,1984908,5,5824512,6.21
19.325,482400,91764,0,574164,1984908,5,5824512,6.21
19.425,509136,91764,0,600900,1984908,5,5824512,6.21
19.526,524608,92340,0,616948,1984908,5,5824512,6.21
19.626,524608,92340,0,616948,1984908,5,5824512,6.21
19.727,524608,92340,0,616948,1984908,5,5824512,6.21
19.827,524608,92340,0,616948,1984908,5,5824512,6.21
19.927,524608,92340,0,616948,1984908,5,5824512,6.21
20.028,524608,92340,0,616948,1984908,5,5824512,6.21
20.128,381068,92532,0,473600,1984908,5,5824512,6.21
20.229,375488,115968,0,491456,1984908,33,5824512,6.21
20.329,371168,111872,0,483040,1984908,37,5824512,6.21
20.429,397024,167744,0,564768,1984908,39,5824512,6.21
20.530,429208,114880,0,544088,1984908,39,5824512,6.21
20.630,414160,148644,0,562804,1984908,41,5824512,6.21
20.730,386160,214540,0,600700,1984908,41,5824512,6.21
20.831,433660,214540,0,648200,1984908,41,5824512,6.21
20.931,391968,149268,0,541236,1984908,42,5824512,6.21
21.032,388208,192852,0,581060,1984908,44,5824512,5.08
21.132,397052,255632,0,652684,1984908,44,5824512,5.08
21.232,449316,255632,0,704948,1984908,44,5824512,5.08
21.333,431708,323068,0,754776,1984908,44,5824512,5.08
21.434,413980,351540,0,765520,1984908,45,5824512,5.08
21.534,401988,410428,0,812416,1984908,45,5824512,5.08
21.635,441152,435604,0,876756,1984908,45,5824512,5.08
21.735,441152,199688,0,640840,1984908,46,5824512,5.08
21.835,404040,250416,0,654456,1984908,46,5824512,5.08
21.936,405064,298008,0,703072,1984908,46,5824512,5.08
22.036,408540,331684,0,740224,1984908,47,5824512,5.08
22.137,412636,386108,0,798744,1984908,48,5824512,5.08
22.237,415708,365036,0,780744,1984908,49,5824512,5.08
22.338,450280,389636,0,839916,1984908,49,5824512,5.08
22.438,436284,445100,0,881384,1984908,49,5824512,5.08
22.539,418780,488084,0,906864,1984908,49,5824512,5.08
22.639,419804,537468,0,957272,1984908,49,5824512,5.08
22.739,449400,581996,0,1031396,1984908,49,5824512,5.08
22.840,461728,617324,0,1079052,1984908,49,5824512,5.08
22.940,452484,672084,0,1124568,1984908,49,5824512,5.08
23.041,497240,1353972,0,1851212,1984908,72,5824512,8.69
23.141,497240,1480128,0,1977368,1990972,82,5824512,8.69
23.242,497240,1552540,0,2049780,2081832,85,5832704,8.69
23.343,497240,1667228,0,2164468,2164468,87,5832704,8.69
23.443,497240,1621964,0,2119204,2230304,89,5832704,8.69
23.544,497240,1768800,0,2266040,2266040,90,5832704,8.69
23.644,497240,1901312,0,2398552,2398552,91,5832704,8.69
23.745,497240,1733700,0,2230940,2528372,93,5840896,8.69
23.845,497240,1893360,0,2390600,2528372,93,5840896,8.69
23.945,497240,2042232,0,2539472,2539472,93,5840896,8.69
24.046,497240,2160592,0,2657832,2657832,93,5840896,8.69
24.146,497240,2265268,0,2762508,2762508,93,5840896,8.69
24.247,439264,2283768,0,2723032,2780284,93,5840896,8.69
24.347,496696,2283768,0,2780464,2780464,93,5840896,8.69
24.448,490472,2283768,0,2774240,2780284,93,5840896,8.69
24.548,441304,2283768,0,2725072,2780284,93,5840896,8.69
24.648,440216,2283768,0,2723984,2780284,93,5840896,8.69
24.749,440216,2283768,0,2723984,2783204,93,5840896,8.69
24.849,504544,2283768,0,2788312,2788312,93,5840896,8.69
24.949,476724,2283768,0,2760492,2788356,93,5840896,15.45
25.050,452596,2283768,0,2736364,2788356,93,5840896,15.45
25.150,410964,2283768,0,2694732,2788356,93,5840896,15.45
25.250,484212,2283768,0,2767980,2788356,93,5840896,15.45
25.351,477136,2283768,0,2760904,2788356,93,5840896,15.45
25.451,427940,2283768,0,2711708,2788356,93,5840896,15.45
25.552,469676,2283768,0,2753444,2788356,93,5840896,15.45
26.682,469676,2283768,0,2753444,2788356,93,5840896,15.45
26.798,469676,2283768,0,2753444,2788356,93,5840896,15.45
26.906,469676,2283768,0,2753444,2788356,93,5840896,15.45
27.014,469676,2283768,0,2753444,2788356,93,5840896,27.87
27.122,469676,2283768,0,2753444,2788356,93,5840896,27.87
27.230,469676,2283768,0,2753444,2788356,93,5840896,27.87
27.346,469676,2283768,0,2753444,2788356,93,5840896,27.87
27.454,469676,2283768,0,2753444,2788356,93,5840896,27.87
27.570,458796,2283768,0,2742564,2788356,93,5840896,27.87
27.671,433616,2283768,0,2717384,2788356,93,5840896,27.87
27.771,433616,2283768,0,2717384,2788356,93,5840896,27.87
27.871,496576,2283768,0,2780344,2788356,93,5840896,27.87
27.972,478624,2283768,0,2762392,2788356,93,5840896,27.87
28.072,462624,2300152,0,2762776,2795472,93,5840896,27.87
28.173,439512,2353400,0,2792912,2845764,93,5840896,27.87
28.273,496776,2353400,0,2850176,2850176,93,5840896,27.87
28.373,441500,2414840,0,2856340,2918020,93,5840896,27.87
28.474,502700,1405176,0,1907876,2933400,94,5840896,27.87
28.574,486636,1431800,0,1918436,2933400,94,5840896,27.87
28.675,441500,1497336,0,1938836,2933400,94,5840896,27.87
28.775,503940,1497336,0,2001276,2933400,94,5840896,27.87
28.876,441500,1562872,0,2004372,2933400,94,5840896,27.87
28.976,505032,1573112,0,2078144,2933400,94,5840896,29.52
29.076,441500,1626376,0,2067876,2933400,94,5840896,29.52
29.177,441500,1634600,0,2076100,2933400,94,5840896,29.52
29.277,460420,1640744,0,2101164,2933400,94,5840896,29.52
29.378,469028,1683752,0,2152780,2933400,94,5840896,29.52
29.478,483208,1586992,0,2070200,2933400,95,5840896,29.52
29.579,494064,1610312,0,2104376,2933400,95,5840896,29.52
29.679,494064,1610312,0,2104376,2933400,95,5840896,29.52
29.780,494064,1610312,0,2104376,2933400,95,5840896,29.52
29.880,494064,1610312,0,2104376,2933400,95,5840896,29.52
29.980,494064,1610312,0,2104376,2933400,95,5840896,29.52
30.081,494064,1610312,0,2104376,2933400,95,5840896,29.52
30.181,494064,1610312,0,2104376,2933400,95,5840896,29.52
30.282,494064,1610312,0,2104376,2933400,95,5840896,29.52
30.382,494064,1610312,0,2104376,2933400,95,5840896,29.52
30.483,494064,1610312,0,2104376,2933400,95,5840896,29.52
30.583,494064,1610312,0,2104376,2933400,95,5840896,29.52
30.683,494064,1610312,0,2104376,2933400,95,5840896,29.52
30.784,494064,1610312,0,2104376,2933400,95,5840896,29.52
30.884,494064,1610312,0,2104376,2933400,95,5840896,29.52
30.985,494064,1610312,0,2104376,2933400,95,5840896,38.85
31.085,494064,1610312,0,2104376,2933400,95,5840896,38.85
31.186,494064,1610312,0,2104376,2933400,95,5840896,38.85
31.286,494064,1610312,0,2104376,2933400,95,5840896,38.85
31.387,494064,1610312,0,2104376,2933400,95,5840896,38.85
31.487,494064,1610312,0,2104376,2933400,95,5840896,38.85
31.587,494064,1610312,0,2104376,2933400,95,5840896,38.85
31.688,442160,1647176,0,2089336,2933400,95,5840896,38.85
31.788,441936,1718008,0,2159944,2933400,95,5840896,38.85
31.889,497872,1754236,0,2252108,2933400,96,5840896,38.85
31.990,497872,2930476,0,3428348,3428348,118,98115584,38.85
32.090,497872,2531160,0,3029032,3541432,123,98115584,38.85
32.191,497872,2724436,0,3222308,3541432,123,98115584,38.85
32.291,497872,2711616,0,3209488,3541432,124,98123776,38.85
32.392,497872,2820756,0,3318628,3541432,124,98123776,38.85
32.492,497872,2986456,0,3484328,3541432,124,98123776,38.85
32.593,497872,3165476,0,3663348,3663348,126,98123776,38.85
32.693,497872,3308500,0,3806372,3806372,126,98123776,38.85
32.794,497872,3342076,0,3839948,3839948,129,98508800,38.85
32.947,497872,3473388,0,3971260,3971260,130,99069952,42.31
33.047,497872,3555400,0,4053272,4054616,132,105447424,42.31
33.148,497872,2534768,0,3032640,4073232,139,119513088,42.31
33.248,497872,2648380,0,3146252,4073232,139,127901696,42.31
33.349,497872,2781820,0,3279692,4073232,141,138452992,42.31
33.449,471440,2782188,0,3253628,4073232,142,138465280,42.31
33.550,509512,2782192,0,3291704,4073232,143,138469376,42.31
33.650,484264,2782192,0,3266456,4073232,143,138469376,42.31
33.751,509024,2780144,0,3289168,4073232,143,138469376,42.31
33.852,459060,2782192,0,3241252,4073232,143,138469376,42.31
33.952,441936,2782196,0,3224132,4073232,143,138469376,42.31
34.053,506132,2782196,0,3288328,4073232,143,138469376,42.31
34.153,449852,2782196,0,3232048,4073232,143,138469376,42.31
34.254,441936,2782196,0,3224132,4073232,143,138469376,42.31
34.355,509292,2782196,0,3291488,4073232,143,138469376,42.31
34.455,483440,2782196,0,3265636,4073232,143,138469376,42.31
34.556,453616,2782200,0,3235816,4073232,143,138469376,42.31
34.656,510688,2780536,0,3291224,4073232,143,138469376,42.31
34.757,483224,2780432,0,3263656,4073232,144,138657792,42.31
34.858,490992,2780676,0,3271668,4073232,144,138657792,42.31
34.958,491116,2780676,0,3271792,4073232,144,138657792,44.07
35.059,459872,2780676,0,3240548,4073232,144,138657792,44.07
35.159,441936,2780036,0,3221972,4073232,144,138657792,44.07
35.260,441936,2780036,0,3221972,4073232,144,138657792,44.07
35.361,509432,2780036,0,3289468,4073232,144,138657792,44.07
35.461,483772,2780036,0,3263808,4073232,144,138657792,44.07
35.562,441936,2780036,0,3221972,4073232,144,138657792,44.07
35.662,511324,2779268,0,3290592,4073232,144,138657792,44.07
35.763,490476,2779432,0,3269908,4073232,144,138657792,44.07
35.864,449688,2778648,0,3228336,4073232,144,138657792,44.07
35.964,449688,2778648,0,3228336,4073232,144,138657792,44.07
36.065,449688,2778648,0,3228336,4073232,144,138657792,44.07
36.165,520400,2778648,0,3299048,4073232,144,138657792,44.07
36.266,501512,2778648,0,3280160,4073232,144,138657792,44.07
36.366,503392,2778648,0,3282040,4073232,144,138657792,44.07
36.467,498944,2778724,0,3277668,4073232,144,138657792,44.07
36.568,449688,2790164,0,3239852,4073232,145,138657792,44.07
36.668,519232,2817572,0,3336804,4073232,145,138657792,44.07
36.769,491088,2834468,0,3325556,4073232,145,138657792,44.07
36.870,449688,2889252,0,3338940,4073232,145,138657792,44.07
36.970,522296,2893348,0,3415644,4073232,145,138657792,46.59
37.070,486540,2944548,0,3431088,4073232,145,138657792,46.59
37.172,449688,3005988,0,3455676,4073232,145,138657792,46.59
37.272,522024,3020324,0,3542348,4073232,145,138657792,46.59
37.372,476816,3055140,0,3531956,4073232,145,138657792,46.59
37.473,449688,3113760,0,3563448,4073232,146,138657792,46.59
37.573,514668,3113760,0,3628428,4073232,146,138657792,46.59
37.674,449688,3177908,0,3627596,4073232,146,138657792,46.59
37.774,524252,3180388,0,3704640,4073232,146,138657792,46.59
38.334,524252,3180388,0,3704640,4073232,146,138657792,46.59
38.442,524252,3180388,0,3704640,4073232,146,138657792,46.59
38.550,524252,3180388,0,3704640,4073232,146,138657792,46.59
38.659,524252,3180388,0,3704640,4073232,146,138657792,46.59
38.779,524252,3180388,0,3704640,4073232,146,138657792,46.59
38.887,524252,3180388,0,3704640,4073232,146,138657792,46.59
38.995,524252,3180388,0,3704640,4073232,146,138657792,49.2
39.103,524252,3180388,0,3704640,4073232,146,138657792,49.2
39.210,524252,3180388,0,3704640,4073232,146,138657792,49.2
39.323,524252,3180388,0,3704640,4073232,146,138657792,49.2
39.430,524252,3180388,0,3704640,4073232,146,138657792,49.2
39.539,524252,3180388,0,3704640,4073232,146,138657792,49.2
39.646,524252,3180388,0,3704640,4073232,146,138657792,49.2
39.754,449688,3237900,0,3687588,4073232,148,148963328,49.2
39.855,524168,3237900,0,3762068,4073232,148,148963328,49.2
39.956,524176,3316148,0,3840324,4073232,152,156225536,49.2
40.057,524176,3489856,0,4014032,4073232,156,156336128,49.2
40.157,524176,3479064,0,4003240,4073232,159,156336128,49.2
40.258,524176,3472268,0,3996444,4073232,161,157843456,49.2
40.358,524176,3481208,0,4005384,4073232,163,157990912,49.2
40.459,524176,3491032,0,4015208,4073232,165,157990912,49.2
40.559,524196,3497524,0,4021720,4073232,170,158040064,49.2
40.660,524220,3480224,0,4004444,4073232,172,158040064,49.2
40.761,524252,3422992,0,3947244,4073232,173,158052352,49.2
40.861,524288,3459416,0,3983704,4073232,174,158089216,49.2
40.962,524308,3451152,0,3975460,4073232,174,158089216,49.2
41.063,524308,3453892,0,3978200,4073232,174,158089216,51.16
41.164,524308,3471940,0,3996248,4073232,174,158089216,51.16
41.264,524308,3467844,0,3992152,4073232,174,158089216,51.16
41.365,524308,3469892,0,3994200,4073232,174,158089216,51.16
41.466,524308,2984564,0,3508872,4073232,175,158109696,51.16
41.566,524308,3138184,0,3662492,4073232,176,160206848,51.16
41.667,524308,3242872,0,3767180,4073232,177,160501760,51.16
41.768,472952,3242872,0,3715824,4073232,177,160501760,51.16
41.868,524296,3242872,0,3767168,4073232,177,160501760,51.16
41.969,486652,3242872,0,3729524,4073232,177,160501760,51.16
42.070,449828,3242872,0,3692700,4073232,177,160501760,51.16
42.171,508992,3242872,0,3751864,4073232,177,160501760,51.16
42.271,451688,3242872,0,3694560,4073232,177,160501760,51.16
42.372,485824,3242872,0,3728696,4073232,177,160501760,51.16
42.472,513140,3242872,0,3756012,4073232,177,160501760,51.16
42.573,484556,3242872,0,3727428,4073232,177,160501760,51.16
42.674,449828,3242872,0,3692700,4073232,177,160501760,51.16
42.774,526244,3242872,0,3769116,4073232,177,160501760,51.16
42.875,480384,3242872,0,3723256,4073232,177,160501760,51.16
42.976,449828,3242872,0,3692700,4073232,177,160501760,51.16
43.077,524624,3242872,0,3767496,4073232,177,160501760,53.48
43.178,496296,3242888,0,3739184,4073232,177,160501760,53.48
43.278,450788,3242900,0,3693688,4073232,177,160501760,53.48
43.379,526064,3242900,0,3768964,4073232,177,160501760,53.48
43.480,505756,3242900,0,3748656,4073232,177,160501760,53.48
43.580,474800,3242900,0,3717700,4073232,177,160501760,53.48
43.681,449828,3242900,0,3692728,4073232,177,160501760,53.48
43.782,516756,3242900,0,3759656,4073232,177,160501760,53.48
43.883,524900,3242900,0,3767800,4073232,177,160501760,53.48
44.894,524900,3242900,0,3767800,4073232,177,160501760,53.48
45.003,524900,3242900,0,3767800,4073232,177,160501760,53.48
45.114,524900,3242900,0,3767800,4073232,177,160501760,56.47
45.226,524900,3242900,0,3767800,4073232,177,160501760,56.47
45.334,524900,3242900,0,3767800,4073232,177,160501760,56.47
45.442,524900,3242900,0,3767800,4073232,177,160501760,56.47
45.550,524900,3242900,0,3767800,4073232,177,160501760,56.47
45.659,524900,3242900,0,3767800,4073232,177,160501760,56.47
45.766,524900,3242900,0,3767800,4073232,177,160501760,56.47
45.867,497804,3242900,0,3740704,4073232,177,160501760,56.47
45.967,449828,3242900,0,3692728,4073232,177,160501760,56.47
46.068,449828,3242900,0,3692728,4073232,177,160501760,56.47
46.169,516956,3242900,0,3759856,4073232,177,160501760,56.47
46.270,486684,3242900,0,3729584,4073232,177,160501760,56.47
46.370,449828,3242900,0,3692728,4073232,177,160501760,56.47
46.471,528264,3242900,0,3771164,4073232,177,160501760,56.47
46.571,468264,3242900,0,3711164,4073232,177,160501760,56.47
46.672,449828,3242900,0,3692728,4073232,177,160501760,56.47
46.773,514288,3242900,0,3757188,4073232,177,160501760,56.47
46.874,492580,3242900,0,3735480,4073232,177,160501760,56.47
46.974,449828,3242920,0,3692748,4073232,177,160501760,56.47
47.075,527832,3242920,0,3770752,4073232,177,160501760,56.39
47.176,501432,3242920,0,3744352,4073232,177,160501760,56.39
47.276,481972,3242920,0,3724892,4073232,177,160501760,56.39
47.377,449828,3242920,0,3692748,4073232,177,160501760,56.39
47.478,519984,3242920,0,3762904,4073232,177,160501760,56.39
47.578,485508,3242920,0,3728428,4073232,177,160501760,56.39
47.679,524928,1169208,0,1694136,4073232,179,160514048,56.39
47.780,496432,1189864,0,1686296,4073232,179,160514048,56.39
47.881,530892,1190888,0,1721780,4073232,179,160514048,56.39
47.982,530892,1190888,0,1721780,4073232,179,160514048,56.39
48.083,530892,1190888,0,1721780,4073232,179,160514048,56.39
48.184,530892,1190888,0,1721780,4073232,179,160514048,56.39
48.626,530892,1190888,0,1721780,4073232,179,160514048,56.39
48.727,530892,1190888,0,1721780,4073232,179,160514048,56.39
48.827,530892,1190888,0,1721780,4073232,179,160514048,56.39
48.928,530892,1190888,0,1721780,4073232,179,160514048,56.39
49.028,530892,1190888,0,1721780,4073232,179,160514048,56.39
49.129,530892,1190888,0,1721780,4073232,179,160514048,59.58
49.229,530892,1190888,0,1721780,4073232,179,160514048,59.58
49.330,530892,1190888,0,1721780,4073232,179,160514048,59.58
49.430,530892,1190888,0,1721780,4073232,179,160514048,59.58
49.531,530892,1190888,0,1721780,4073232,179,160514048,59.58
49.631,530892,1190888,0,1721780,4073232,179,160514048,59.58
49.732,530892,1190888,0,1721780,4073232,179,160514048,59.58
49.832,530892,1270760,0,1801652,4073232,179,160514048,59.58
49.933,497536,1272808,0,1770344,4073232,179,160514048,59.58
50.034,530924,1355788,0,1886712,4073232,180,160514048,59.58
50.134,500216,1355788,0,1856004,4073232,180,160514048,59.58
50.235,449828,1431240,0,1881068,4073232,181,160514048,59.58
50.336,519348,1431240,0,1950588,4073232,181,160514048,59.58
50.436,449828,1520488,0,1970316,4073232,181,160514048,59.58
50.537,531180,1520488,0,2051668,4073232,181,160514048,59.58
50.637,531196,1644556,0,2175752,4073232,194,263372800,59.58
50.738,531212,1880744,0,2411956,4073232,210,377073664,59.58
50.838,531244,2175944,0,2707188,4073232,233,507834368,59.58
50.939,531272,2372788,0,2904060,4073232,258,628899840,59.58
51.039,531288,2370304,0,2901592,4073232,283,715431936,59.58
51.140,531304,2437152,0,2968456,4073232,300,802398208,60.74
51.240,531316,2432744,0,2964060,4073232,322,868356096,60.74
51.341,531348,2429668,0,2961016,4073232,345,950296576,60.74
51.441,531384,2545908,0,3077292,4073232,383,1039654912,60.74
51.541,531420,2647392,0,3178812,4073232,425,1149493248,60.74
51.642,531432,3106768,0,3638200,4073232,442,1169170432,60.74
51.742,531432,3419568,0,3951000,4073232,446,1170485248,60.74
51.843,531432,3480204,0,4011636,4073232,449,1181093888,60.74
51.943,531432,3499164,0,4030596,4073232,474,1199378432,60.74
52.044,531432,3502948,0,4034380,4073232,485,1205997568,60.74
52.144,531432,3487648,0,4019080,4073232,537,1248952320,60.74
52.244,531432,3501356,0,4032788,4073232,563,1268953088,60.74
52.345,531432,3475708,0,4007140,4073232,595,1318006784,60.74
52.445,531432,3432352,0,3963784,4073232,630,1408163840,60.74
52.545,531432,3443336,0,3974768,4073232,643,1429639168,60.74
52.646,531432,3415232,0,3946664,4073232,678,1503969280,60.74
52.746,531432,3421904,0,3953336,4073232,726,1570562048,60.74
52.847,531432,3477116,0,4008548,4073232,752,1596170240,60.74
52.947,531432,3518496,0,4049928,4073232,758,1599930368,60.74
53.047,531432,3527080,0,4058512,4073232,760,1601495040,60.74
53.148,531432,3540048,0,4071480,4073232,761,1605689344,60.42
53.248,531432,3524484,0,4055916,4073232,761,1622335488,60.42
53.349,531432,3531312,0,4062744,4073232,762,1622466560,60.42
53.449,531432,3533968,0,4065400,4073232,763,1630863360,60.42
53.550,531432,3538548,0,4069980,4073232,764,1638072320,60.42
53.650,531432,3541356,0,4072788,4073232,764,1643446272,60.42
53.751,531432,3531716,0,4063148,4073232,765,1659043840,60.42
53.851,531432,3545032,0,4076464,4076464,767,1660440576,60.42
53.951,531432,3561132,0,4092564,4092564,768,1661620224,60.42
54.052,531432,3571768,0,4103200,4103200,769,1665863680,60.42
54.152,531432,3568720,0,4100152,4104056,770,1668714496,60.42
54.253,531432,3548828,0,4080260,4104056,778,1695916032,60.42
54.353,450080,3547600,0,3997680,4104056,779,1704247296,60.42
54.454,511488,3547600,0,4059088,4104056,779,1704247296,60.42
54.554,532840,3545048,0,4077888,4104056,779,1712619520,60.42
54.654,502368,3544860,0,4047228,4104056,779,1712619520,60.42
54.755,531628,3542108,0,4073736,4104056,780,1720946688,60.42
54.855,500228,3542108,0,4042336,4104056,780,1720946688,60.42
54.955,529936,3542688,0,4072624,4104056,780,1729208320,60.42
55.056,500736,3542688,0,4043424,4104056,780,1729208320,58.72
55.156,531752,3539140,0,4070892,4104056,782,1745502208,58.72
55.257,502788,3539140,0,4041928,4104056,782,1745502208,58.72
55.357,532972,3536668,0,4069640,4104056,784,1758130176,58.72
55.457,491176,3536668,0,4027844,4104056,784,1758130176,58.72
55.558,533960,3528872,0,4062832,4104056,785,1773989888,58.72
55.658,475356,3529088,0,4004444,4104056,787,1781506048,58.72
55.758,533872,3527348,0,4061220,4104056,787,1789894656,58.72
55.859,450080,3527140,0,3977220,4104056,787,1789894656,58.72
55.959,532664,3529268,0,4061932,4104056,787,1789894656,58.72
56.618,532664,3529268,0,4061932,4104056,787,1789894656,58.72
56.726,532664,3529268,0,4061932,4104056,787,1789894656,58.72
56.842,532664,3529268,0,4061932,4104056,787,1789894656,58.72
56.950,532664,3529268,0,4061932,4104056,787,1789894656,58.72
57.058,532664,3529268,0,4061932,4104056,787,1789894656,59.67
57.166,532664,3529268,0,4061932,4104056,787,1789894656,59.67
57.286,532664,3529268,0,4061932,4104056,787,1789894656,59.67
57.394,532664,3529268,0,4061932,4104056,787,1789894656,59.67
57.518,532664,3529268,0,4061932,4104056,787,1789894656,59.67
57.626,532664,3529268,0,4061932,4104056,787,1789894656,59.67
57.750,532664,3529268,0,4061932,4104056,787,1789894656,59.67
57.858,532664,3529268,0,4061932,4104056,787,1789894656,59.67
57.982,450080,3529000,0,3979080,4104056,790,1809866752,59.67
58.083,518268,3529000,0,4047268,4104056,790,1809866752,59.67
58.183,450080,3536228,0,3986308,4104056,791,1810059264,59.67
58.284,519060,3536228,0,4055288,4104056,791,1810059264,59.67
58.384,532932,3539064,0,4071996,4104056,794,1823318016,59.67
58.484,473340,3539064,0,4012404,4104056,794,1823318016,59.67
58.585,534160,3535740,0,4069900,4104056,794,1831706624,59.67
58.685,495504,3535740,0,4031244,4104056,794,1831706624,59.67
58.786,534624,3538744,0,4073368,4104056,794,1835900928,59.67
58.886,450080,3538744,0,3988824,4104056,794,1835900928,59.67
58.986,533464,3538744,0,4072208,4104056,794,1835900928,59.67
59.087,474960,3543864,0,4018824,4104056,794,1837998080,62.09
59.187,536224,3542844,0,4079068,4104056,794,1837998080,62.09
59.287,488432,3542844,0,4031276,4104056,794,1837998080,62.09
59.388,450080,3545916,0,3995996,4104056,794,1837998080,62.09
59.488,515028,3545916,0,4060944,4104056,794,1837998080,62.09
59.589,450080,3545804,0,3995884,4104056,795,1840095232,62.09
59.689,515404,3545804,0,4061208,4104056,795,1840095232,62.09
59.789,450080,3545804,0,3995884,4104056,796,1842192384,62.09
59.890,516444,3545804,0,4062248,4104056,796,1842192384,62.09
59.990,451824,3545804,0,3997628,4104056,796,1842192384,62.09
60.091,528252,3545804,0,4074056,4104056,796,1842192384,62.09
60.191,466544,3543756,0,4010300,4104056,796,1842192384,62.09
60.291,450080,3543756,0,3993836,4104056,796,1842192384,62.09
60.392,516328,3543756,0,4060084,4104056,796,1842192384,62.09
60.492,451248,3543772,0,3995020,4104056,797,1842257920,62.09
60.593,533096,3543772,0,4076868,4104056,797,1846452224,62.09
60.693,496560,3541908,0,4038468,4104056,799,1850646528,62.09
60.793,450080,3537580,0,3987660,4104056,799,1863229440,62.09
60.896,450080,3542348,0,3992428,4104056,799,1863479296,62.09
60.997,450096,3540560,0,3990656,4104056,809,2008518656,61.89
61.098,450108,3516796,0,3966904,4104056,813,2066468864,61.89
61.198,450124,3519360,0,3969484,4104056,813,2079911936,61.89
61.299,450128,3531652,0,3981780,4104056,814,2088382464,61.89
61.399,450136,3533336,0,3983472,4104056,815,2096844800,61.89
61.499,450136,3528904,0,3979040,4104056,815,2101186560,61.89
61.600,450136,3530892,0,3981028,4104056,815,2103283712,61.89
61.700,450156,3551412,0,4001568,4104056,815,2103283712,61.89
61.801,450184,3564308,0,4014492,4104056,836,2136920064,61.89
61.901,450200,3583780,0,4033980,4104056,843,2138742784,61.89
62.002,450220,3575040,0,4025260,4104056,851,2139291648,61.89
62.103,450248,3573140,0,4023388,4104056,853,2143535104,61.89
62.203,450280,3585320,0,4035600,4104056,854,2150039552,61.89
62.303,450280,3583060,0,4033340,4104056,860,2160386048,61.89
62.404,450280,3566280,0,4016560,4104056,890,2208030720,61.89
62.504,450280,3574124,0,4024404,4104056,908,2228523008,61.89
62.605,450280,3570000,0,4020280,4104056,925,2245476352,61.89
62.705,450280,3581052,0,4031332,4104056,943,2268766208,61.89
62.806,450280,3578704,0,4028984,4104056,957,2276667392,61.89
62.906,450280,3587796,0,4038076,4104056,1128,2277371904,61.89
63.006,450280,3591756,0,4042036,4104056,1378,2278391808,60.82
63.107,450280,3596076,0,4046356,4104056,1644,2279481344,60.82
63.207,450280,3597964,0,4048244,4104056,1994,2280919040,60.82
63.307,450280,3598420,0,4048700,4104056,2315,2282233856,60.82
63.408,450280,3595620,0,4045900,4104056,2653,2283614208,60.82
63.508,450280,3596232,0,4046512,4104056,3026,2288099328,60.82
63.609,450280,3597108,0,4047388,4104056,3532,2290171904,60.82
63.709,450280,3600112,0,4050392,4104056,4060,2292334592,60.82
63.810,450280,3605192,0,4055472,4104056,4597,2294534144,60.82
63.910,450280,3603344,0,4053624,4104056,5089,2296549376,60.82
64.011,450280,3605064,0,4055344,4104056,5344,2297593856,60.82
64.111,450280,3605076,0,4055356,4104056,5347,2297606144,60.82
64.212,450280,3617028,0,4067308,4104056,5857,2301714432,60.82
64.312,450280,2534816,0,2985096,4104056,6255,2303377408,60.82
64.413,450280,2553264,0,3003544,4104056,6782,2305536000,60.82
64.514,450280,2558732,0,3009012,4104056,7283,2307588096,60.82
64.614,450280,2574632,0,3024912,4104056,7769,2310668288,60.82
64.715,450280,2580220,0,3030500,4104056,8326,2313048064,60.82
64.815,450280,2592748,0,3043028,4104056,8849,2315804672,60.82
64.916,450280,2612008,0,3062288,4104056,9322,2317746176,60.82
65.016,450280,2630044,0,3080324,4104056,9786,2319646720,63.39
65.117,450280,2653940,0,3104220,4104056,10251,2321551360,63.39
65.217,450280,2683948,0,3134228,4104056,10719,2323468288,63.39
65.318,450280,2707704,0,3157984,4104056,11191,2325401600,63.39
65.418,450280,2728820,0,3179100,4104056,11684,2327420928,63.39
65.519,450280,2755464,0,3205744,4104056,12165,2329391104,63.39
65.619,450280,2782084,0,3232364,4104056,12574,2331312128,63.39
65.720,450280,2811776,0,3262056,4104056,13024,2333487104,63.39
65.820,450280,2847980,0,3298260,4104056,13559,2335678464,63.39
65.921,450280,2876752,0,3327032,4104056,14008,2337521664,63.39
66.021,450280,2912056,0,3362336,4104056,14494,2341388288,63.39
66.122,450280,2949752,0,3400032,4104056,14927,2343165952,63.39
66.222,450280,2998864,0,3449144,4104056,15329,2344808448,63.39
66.323,450280,2352676,0,2802956,4104056,15528,2345623552,63.39
66.423,450280,726724,0,1177004,4104056,15528,2345623552,63.39
66.523,401128,688780,0,1089908,4104056,15528,2345639936,63.39
66.624,401128,688780,0,1089908,4104056,15528,2345639936,63.39
66.724,401128,688780,0,1089908,4104056,15528,2345639936,63.39
66.825,401128,688780,0,1089908,4104056,15528,2345639936,63.39
66.925,410668,688780,0,1099448,4104056,15528,2345639936,63.39
67.026,425792,688780,0,1114572,4104056,15528,2345639936,61.32
67.126,461620,689036,0,1150656,4104056,15528,2345639936,61.32
67.227,469456,689036,0,1158492,4104056,15528,2345639936,61.32
67.328,476112,689036,0,1165148,4104056,15528,2345639936,61.32
67.428,482364,689036,0,1171400,4104056,15528,2345639936,61.32
67.528,489396,689036,0,1178432,4104056,15528,2345639936,61.32
67.629,496172,689036,0,1185208,4104056,15528,2345639936,61.32
67.729,503228,689152,0,1192380,4104056,15528,2345639936,61.32
67.830,503228,689152,0,1192380,4104056,15528,2345639936,61.32
67.930,503228,689152,0,1192380,4104056,15528,2345639936,61.32
68.031,503228,689152,0,1192380,4104056,15528,2345639936,61.32
68.131,504208,689152,0,1193360,4104056,15528,2345639936,61.32
68.232,504376,689152,0,1193528,4104056,15528,2345639936,61.32
68.332,504440,689152,0,1193592,4104056,15528,2345639936,61.32
68.433,504456,689152,0,1193608,4104056,15528,2345639936,61.32
68.534,504468,689152,0,1193620,4104056,15528,2345639936,61.32
68.635,504468,689152,0,1193620,4104056,15528,2345639936,61.32
68.735,504468,689152,0,1193620,4104056,15528,2345639936,61.32
68.836,504468,689152,0,1193620,4104056,15528,2345639936,61.32
68.936,504804,689152,0,1193956,4104056,15528,2345639936,61.32
69.036,506092,689152,0,1195244,4104056,15528,2345639936,63.26
69.137,508952,689152,0,1198104,4104056,15528,2345639936,63.26
69.238,509536,689152,0,1198688,4104056,15528,2345639936,63.26
69.338,511340,689152,0,1200492,4104056,15528,2345639936,63.26
69.439,512564,689152,0,1201716,4104056,15528,2345639936,63.26
69.539,512808,689152,0,1201960,4104056,15528,2345639936,63.26
69.640,513212,689152,0,1202364,4104056,15528,2345639936,63.26
69.740,513608,689152,0,1202760,4104056,15528,2345639936,63.26
69.841,513896,689152,0,1203048,4104056,15528,2345639936,63.26
69.941,513928,689152,0,1203080,4104056,15528,2345639936,63.26
70.042,513928,689152,0,1203080,4104056,15528,2345639936,63.26
70.142,513928,689152,0,1203080,4104056,15528,2345639936,63.26
70.243,514056,689152,0,1203208,4104056,15528,2345639936,63.26
70.343,514056,689152,0,1203208,4104056,15528,2345639936,63.26
70.443,514108,689152,0,1203260,4104056,15528,2345639936,63.26
70.544,514120,689152,0,1203272,4104056,15528,2345639936,63.26
70.645,514120,689152,0,1203272,4104056,15528,2345639936,63.26
70.746,514120,689152,0,1203272,4104056,15528,2345639936,63.26
70.846,514120,689152,0,1203272,4104056,15528,2345639936,63.26
70.947,514120,689152,0,1203272,4104056,15528,2345639936,63.26
71.047,514120,689152,0,1203272,4104056,15528,2345639936,63.21
71.148,514260,689152,0,1203412,4104056,15528,2345639936,63.21
71.249,514312,689152,0,1203464,4104056,15528,2345639936,63.21
71.350,514492,689152,0,1203644,4104056,15528,2345639936,63.21
71.450,515532,689152,0,1204684,4104056,15528,2345639936,63.21
71.551,515996,689152,0,1205148,4104056,15528,2345639936,63.21
71.652,515996,689152,0,1205148,4104056,15528,2345639936,63.21
71.752,515996,689152,0,1205148,4104056,15528,2345639936,63.21
71.853,516064,689152,0,1205216,4104056,15528,2345639936,63.21
71.953,516168,689152,0,1205320,4104056,15528,2345639936,63.21
72.054,517440,689152,0,1206592,4104056,15528,2345639936,63.21
72.155,517440,689152,0,1206592,4104056,15528,2345639936,63.21
72.256,517440,689152,0,1206592,4104056,15528,2345639936,63.21
72.357,517440,689152,0,1206592,4104056,15528,2345639936,63.21
72.458,517440,689152,0,1206592,4104056,15528,2345639936,63.21
72.559,517440,689152,0,1206592,4104056,15528,2345639936,63.21
72.659,517440,689152,0,1206592,4104056,15528,2345639936,63.21
72.759,517440,689152,0,1206592,4104056,15528,2345639936,63.21
72.860,517440,689152,0,1206592,4104056,15528,2345639936,63.21
72.961,517440,689152,0,1206592,4104056,15528,2345639936,63.21
73.061,517440,689152,0,1206592,4104056,15528,2345639936,63.21
73.162,517440,689152,0,1206592,4104056,15528,2345639936,61.54
73.262,517440,689152,0,1206592,4104056,15528,2345639936,61.54
73.363,517440,689152,0,1206592,4104056,15528,2345639936,61.54
73.464,517504,689152,0,1206656,4104056,15528,2345639936,61.54
73.564,517504,689152,0,1206656,4104056,15528,2345639936,61.54
73.665,517512,689152,0,1206664,4104056,15528,2345639936,61.54
73.765,517588,689152,0,1206740,4104056,15528,2345639936,61.54
73.866,517648,689152,0,1206800,4104056,15528,2345639936,61.54
73.967,517688,689152,0,1206840,4104056,15528,2345639936,61.54
74.068,517888,689152,0,1207040,4104056,15528,2345639936,61.54
74.168,517896,689152,0,1207048,4104056,15528,2345639936,61.54
74.269,518008,689152,0,1207160,4104056,15528,2345639936,61.54
74.370,518008,689152,0,1207160,4104056,15528,2345639936,61.54
74.470,518008,689152,0,1207160,4104056,15528,2345639936,61.54
74.571,518008,689152,0,1207160,4104056,15528,2345639936,61.54
74.672,518008,689152,0,1207160,4104056,15528,2345639936,61.54
74.773,518008,689152,0,1207160,4104056,15528,2345639936,61.54
74.873,518008,689152,0,1207160,4104056,15528,2345639936,61.54
74.974,518008,689152,0,1207160,4104056,15528,2345639936,61.54
75.074,518008,689152,0,1207160,4104056,15528,2345639936,61.54
75.175,518008,689152,0,1207160,4104056,15528,2345639936,61.98
75.275,518008,689152,0,1207160,4104056,15528,2345639936,61.98
75.376,518008,689152,0,1207160,4104056,15528,2345639936,61.98
75.476,518008,689152,0,1207160,4104056,15528,2345639936,61.98
75.577,518008,689152,0,1207160,4104056,15528,2345639936,61.98
75.678,518008,689152,0,1207160,4104056,15528,2345639936,61.98
75.778,518084,689152,0,1207236,4104056,15528,2345639936,61.98
75.879,518084,689152,0,1207236,4104056,15528,2345639936,61.98
75.980,518108,689152,0,1207260,4104056,15528,2345639936,61.98
76.080,518108,689152,0,1207260,4104056,15528,2345639936,61.98
76.181,518108,689152,0,1207260,4104056,15528,2345639936,61.98
76.282,518108,689152,0,1207260,4104056,15528,2345639936,61.98
76.382,518108,689152,0,1207260,4104056,15528,2345639936,61.98
76.483,518108,689152,0,1207260,4104056,15528,2345639936,61.98
76.583,518108,689152,0,1207260,4104056,15528,2345639936,61.98
76.684,518108,689152,0,1207260,4104056,15528,2345639936,61.98
76.785,518108,689152,0,1207260,4104056,15528,2345639936,61.98
76.885,518108,689152,0,1207260,4104056,15528,2345639936,61.98
76.986,518108,689152,0,1207260,4104056,15528,2345639936,61.98
77.087,518108,689152,0,1207260,4104056,15528,2345639936,61.98
77.187,518108,689152,0,1207260,4104056,15528,2345639936,58.36
77.287,518108,689152,0,1207260,4104056,15528,2345639936,58.36
77.388,518108,689152,0,1207260,4104056,15528,2345639936,58.36
77.489,518108,689152,0,1207260,4104056,15528,2345639936,58.36
77.590,518108,689152,0,1207260,4104056,15528,2345639936,58.36
77.690,518108,689152,0,1207260,4104056,15528,2345639936,58.36
77.791,518108,689152,0,1207260,4104056,15528,2345639936,58.36
77.892,518108,689152,0,1207260,4104056,15528,2345639936,58.36
77.993,518108,689152,0,1207260,4104056,15528,2345639936,58.36
78.093,518108,689152,0,1207260,4104056,15528,2345639936,58.36
78.194,518108,689152,0,1207260,4104056,15528,2345639936,58.36
78.294,518108,689152,0,1207260,4104056,15528,2345639936,58.36
78.395,518108,689152,0,1207260,4104056,15528,2345639936,58.36
78.496,518108,689152,0,1207260,4104056,15528,2345639936,58.36
78.597,518108,689152,0,1207260,4104056,15528,2345639936,58.36
78.698,518108,689152,0,1207260,4104056,15528,2345639936,58.36
78.799,518108,689152,0,1207260,4104056,15528,2345639936,58.36
78.900,518108,689152,0,1207260,4104056,15528,2345639936,58.36
79.000,518108,689152,0,1207260,4104056,15528,2345639936,58.36
79.101,518108,689152,0,1207260,4104056,15528,2345639936,58.36
79.201,518108,689152,0,1207260,4104056,15528,2345639936,59.56
79.302,518108,689152,0,1207260,4104056,15528,2345639936,59.56
79.403,518108,689152,0,1207260,4104056,15528,2345639936,59.56
79.504,518108,689152,0,1207260,4104056,15528,2345639936,59.56
79.604,518108,689152,0,1207260,4104056,15528,2345639936,59.56
79.705,518108,689152,0,1207260,4104056,15528,2345639936,59.56
79.806,518108,689152,0,1207260,4104056,15528,2345639936,59.56
79.907,518108,689152,0,1207260,4104056,15528,2345639936,59.56
80.009,518108,689152,0,1207260,4104056,15528,2345639936,59.56
80.109,518108,689152,0,1207260,4104056,15528,2345639936,59.56
80.210,518108,689152,0,1207260,4104056,15528,2345639936,59.56
80.311,518108,689152,0,1207260,4104056,15528,2345639936,59.56
80.411,518108,689152,0,1207260,4104056,15528,2345639936,59.56
80.512,518108,689152,0,1207260,4104056,15528,2345639936,59.56
80.612,518108,689152,0,1207260,4104056,15528,2345639936,59.56
80.713,518108,689152,0,1207260,4104056,15528,2345639936,59.56
80.813,518108,689152,0,1207260,4104056,15528,2345639936,59.56
80.914,518108,689152,0,1207260,4104056,15528,2345639936,59.56
81.015,518108,689152,0,1207260,4104056,15528,2345639936,59.56
81.115,518108,689152,0,1207260,4104056,15528,2345639936,59.56
81.215,518108,689152,0,1207260,4104056,15528,2345639936,60.73
81.316,518108,689152,0,1207260,4104056,15528,2345639936,60.73
81.417,518108,689152,0,1207260,4104056,15528,2345639936,60.73
81.517,518108,689152,0,1207260,4104056,15528,2345639936,60.73
81.618,518108,689152,0,1207260,4104056,15528,2345639936,60.73
81.719,518108,689152,0,1207260,4104056,15528,2345639936,60.73
81.820,518108,689152,0,1207260,4104056,15528,2345639936,60.73
81.920,518108,689152,0,1207260,4104056,15528,2345639936,60.73
82.021,518108,689152,0,1207260,4104056,15528,2345639936,60.73
82.121,518108,689152,0,1207260,4104056,15528,2345639936,60.73
82.222,518108,689152,0,1207260,4104056,15528,2345639936,60.73
82.323,518108,689152,0,1207260,4104056,15528,2345639936,60.73
82.423,518108,689152,0,1207260,4104056,15528,2345639936,60.73
82.524,518108,689152,0,1207260,4104056,15528,2345639936,60.73
82.624,518108,689152,0,1207260,4104056,15528,2345639936,60.73
82.725,518108,689152,0,1207260,4104056,15528,2345639936,60.73
82.825,518108,689152,0,1207260,4104056,15528,2345639936,60.73
82.926,518108,689152,0,1207260,4104056,15528,2345639936,60.73
83.026,518108,689152,0,1207260,4104056,15528,2345639936,60.73
83.126,518108,689152,0,1207260,4104056,15528,2345639936,60.73
83.227,518108,689152,0,1207260,4104056,15528,2345639936,62.41
83.327,518108,689152,0,1207260,4104056,15528,2345639936,62.41
83.428,518108,689152,0,1207260,4104056,15528,2345639936,62.41
83.528,518108,689152,0,1207260,4104056,15528,2345639936,62.41
83.629,518108,689152,0,1207260,4104056,15528,2345639936,62.41
83.729,518108,689152,0,1207260,4104056,15528,2345639936,62.41
83.829,518108,689152,0,1207260,4104056,15528,2345639936,62.41
83.930,518108,689152,0,1207260,4104056,15528,2345639936,62.41
84.030,518108,689152,0,1207260,4104056,15528,2345639936,62.41
84.130,518108,689152,0,1207260,4104056,15528,2345639936,62.41
84.231,518108,689152,0,1207260,4104056,15528,2345639936,62.41
84.331,518108,689152,0,1207260,4104056,15528,2345639936,62.41
84.432,518108,689152,0,1207260,4104056,15528,2345639936,62.41
84.532,518108,689152,0,1207260,4104056,15528,2345639936,62.41
84.632,518108,689152,0,1207260,4104056,15528,2345639936,62.41
84.733,518108,689152,0,1207260,4104056,15528,2345639936,62.41
84.833,518108,689152,0,1207260,4104056,15528,2345639936,62.41
84.933,518108,689152,0,1207260,4104056,15528,2345639936,62.41
85.034,518108,689152,0,1207260,4104056,15528,2345639936,62.41
85.134,518108,689152,0,1207260,4104056,15528,2345639936,61.25
85.234,518108,689152,0,1207260,4104056,15528,2345639936,61.25
85.335,518108,689152,0,1207260,4104056,15528,2345639936,61.25
85.435,518108,689152,0,1207260,4104056,15528,2345639936,61.25
85.536,518108,689152,0,1207260,4104056,15528,2345639936,61.25
85.636,518108,689152,0,1207260,4104056,15528,2345639936,61.25
85.736,518108,689152,0,1207260,4104056,15528,2345639936,61.25
85.837,518108,689152,0,1207260,4104056,15528,2345639936,61.25
85.937,518108,689152,0,1207260,4104056,15528,2345639936,61.25
86.037,518108,689152,0,1207260,4104056,15528,2345639936,61.25
86.138,518108,689152,0,1207260,4104056,15528,2345639936,61.25
86.238,518108,689152,0,1207260,4104056,15528,2345639936,61.25
86.339,518108,689152,0,1207260,4104056,15528,2345639936,61.25
86.439,518108,689152,0,1207260,4104056,15528,2345639936,61.25
86.539,518108,689152,0,1207260,4104056,15528,2345639936,61.25
86.640,518108,689152,0,1207260,4104056,15528,2345639936,61.25
86.740,518108,689152,0,1207260,4104056,15528,2345639936,61.25
86.840,518108,689152,0,1207260,4104056,15528,2345639936,61.25
86.941,518108,689152,0,1207260,4104056,15528,2345639936,61.25
87.041,518108,689152,0,1207260,4104056,15528,2345639936,61.25
87.141,518108,689152,0,1207260,4104056,15528,2345639936,61.56
87.242,518108,689152,0,1207260,4104056,15528,2345639936,61.56
87.342,518108,689152,0,1207260,4104056,15528,2345639936,61.56
87.443,518108,689152,0,1207260,4104056,15528,2345639936,61.56
87.543,518108,689152,0,1207260,4104056,15528,2345639936,61.56
87.643,518108,689152,0,1207260,4104056,15528,2345639936,61.56
87.744,518108,689152,0,1207260,4104056,15528,2345639936,61.56
87.844,518108,689152,0,1207260,4104056,15528,2345639936,61.56
87.944,518108,689152,0,1207260,4104056,15528,2345639936,61.56
88.045,518108,689152,0,1207260,4104056,15528,2345639936,61.56
88.145,518108,689152,0,1207260,4104056,15528,2345639936,61.56
88.245,518108,689152,0,1207260,4104056,15528,2345639936,61.56
88.346,518108,689152,0,1207260,4104056,15528,2345639936,61.56
88.446,518108,689152,0,1207260,4104056,15528,2345639936,61.56
88.546,518108,689152,0,1207260,4104056,15528,2345639936,61.56
88.647,518108,689152,0,1207260,4104056,15528,2345639936,61.56
88.747,518108,689152,0,1207260,4104056,15528,2345639936,61.56
88.848,518108,689152,0,1207260,4104056,15528,2345639936,61.56
88.948,518108,689152,0,1207260,4104056,15528,2345639936,61.56
89.049,518108,689152,0,1207260,4104056,15528,2345639936,61.56
89.149,518108,689152,0,1207260,4104056,15528,2345639936,62.0
89.250,518108,689152,0,1207260,4104056,15528,2345639936,62.0
89.350,518108,689152,0,1207260,4104056,15528,2345639936,62.0
89.450,518356,689152,0,1207508,4104056,15528,2345639936,62.0
89.551,518356,689152,0,1207508,4104056,15528,2345644032,62.0
89.651,518356,689152,0,1207508,4104056,15528,2345644032,62.0
89.752,518356,689152,0,1207508,4104056,15528,2345644032,62.0
89.852,518356,689152,0,1207508,4104056,15528,2345644032,62.0
89.952,518356,689152,0,1207508,4104056,15528,2345644032,62.0
90.053,518356,689152,0,1207508,4104056,15528,2345644032,62.0
90.153,518356,689152,0,1207508,4104056,15528,2345644032,62.0
90.254,518356,689152,0,1207508,4104056,15528,2345644032,62.0
90.354,518356,689152,0,1207508,4104056,15528,2345644032,62.0
90.454,518356,689152,0,1207508,4104056,15528,2345644032,62.0
90.555,518356,689152,0,1207508,4104056,15528,2345644032,62.0
90.655,518356,689152,0,1207508,4104056,15528,2345644032,62.0
90.755,518356,689152,0,1207508,4104056,15528,2345644032,62.0
90.856,518356,689152,0,1207508,4104056,15528,2345644032,62.0
90.956,518356,689152,0,1207508,4104056,15528,2345644032,62.0
91.056,518356,689152,0,1207508,4104056,15528,2345644032,62.91
91.157,518356,689152,0,1207508,4104056,15528,2345644032,62.91
91.257,518356,689152,0,1207508,4104056,15528,2345644032,62.91
91.357,518356,689152,0,1207508,4104056,15528,2345644032,62.91
91.458,518356,689152,0,1207508,4104056,15528,2345644032,62.91
91.558,518356,689152,0,1207508,4104056,15528,2345644032,62.91
91.659,518356,689152,0,1207508,4104056,15528,2345644032,62.91
91.759,518356,689152,0,1207508,4104056,15528,2345644032,62.91
91.859,518356,689152,0,1207508,4104056,15528,2345644032,62.91
91.960,518356,689152,0,1207508,4104056,15528,2345644032,62.91
92.060,518356,689152,0,1207508,4104056,15528,2345644032,62.91
92.160,518356,689152,0,1207508,4104056,15528,2345644032,62.91
92.261,518356,689152,0,1207508,4104056,15528,2345644032,62.91
92.361,518356,689152,0,1207508,4104056,15528,2345644032,62.91
92.462,518356,689152,0,1207508,4104056,15528,2345644032,62.91
92.562,518356,689152,0,1207508,4104056,15528,2345644032,62.91
92.662,518356,689152,0,1207508,4104056,15528,2345644032,62.91
92.763,518356,689152,0,1207508,4104056,15528,2345644032,62.91
92.863,518356,689152,0,1207508,4104056,15528,2345644032,62.91
92.963,518356,689152,0,1207508,4104056,15528,2345644032,62.91
93.064,518356,689152,0,1207508,4104056,15528,2345644032,63.29
93.164,518356,689152,0,1207508,4104056,15528,2345644032,63.29
93.265,518356,689152,0,1207508,4104056,15528,2345644032,63.29
93.365,518356,689152,0,1207508,4104056,15528,2345644032,63.29
93.466,518356,689152,0,1207508,4104056,15528,2345644032,63.29
93.566,518356,689152,0,1207508,4104056,15528,2345644032,63.29
93.666,518356,689152,0,1207508,4104056,15528,2345644032,63.29
93.767,518356,689152,0,1207508,4104056,15528,2345644032,63.29
93.867,518356,689152,0,1207508,4104056,15528,2345644032,63.29
93.967,518356,689152,0,1207508,4104056,15528,2345644032,63.29
94.068,518356,689152,0,1207508,4104056,15528,2345644032,63.29
94.168,518356,689152,0,1207508,4104056,15528,2345644032,63.29
94.269,518356,689152,0,1207508,4104056,15528,2345644032,63.29
94.369,518356,689152,0,1207508,4104056,15528,2345644032,63.29
94.470,518356,689152,0,1207508,4104056,15528,2345644032,63.29
94.570,518356,689152,0,1207508,4104056,15528,2345644032,63.29
94.670,518356,689152,0,1207508,4104056,15528,2345644032,63.29
94.771,518356,689152,0,1207508,4104056,15528,2345644032,63.29
94.871,518356,689152,0,1207508,4104056,15528,2345644032,63.29
94.972,518356,689152,0,1207508,4104056,15528,2345644032,63.29
95.072,518356,689152,0,1207508,4104056,15528,2345644032,59.97
95.173,518356,689152,0,1207508,4104056,15528,2345644032,59.97
95.273,518356,689152,0,1207508,4104056,15528,2345644032,59.97
95.374,518356,689152,0,1207508,4104056,15528,2345644032,59.97
95.474,518356,689152,0,1207508,4104056,15528,2345644032,59.97
95.575,518356,689152,0,1207508,4104056,15528,2345644032,59.97
95.675,518356,689152,0,1207508,4104056,15528,2345644032,59.97
95.776,518356,689152,0,1207508,4104056,15528,2345644032,59.97
95.876,518356,689152,0,1207508,4104056,15528,2345644032,59.97
95.976,518356,689152,0,1207508,4104056,15528,2345644032,59.97
96.077,518356,689152,0,1207508,4104056,15528,2345644032,59.97
96.177,518356,689152,0,1207508,4104056,15528,2345644032,59.97
96.278,518356,689152,0,1207508,4104056,15528,2345644032,59.97
96.378,518356,689152,0,1207508,4104056,15528,2345644032,59.97
96.479,518356,689152,0,1207508,4104056,15528,2345644032,59.97
96.579,518356,689152,0,1207508,4104056,15528,2345644032,59.97
96.680,518356,689152,0,1207508,4104056,15528,2345644032,59.97
96.780,518356,689152,0,1207508,4104056,15528,2345644032,59.97
96.881,518356,689152,0,1207508,4104056,15528,2345644032,59.97
96.981,518356,689152,0,1207508,4104056,15528,2345644032,59.97
97.082,518356,689152,0,1207508,4104056,15528,2345644032,62.33
97.183,518356,689152,0,1207508,4104056,15528,2345644032,62.33
97.283,518356,689152,0,1207508,4104056,15528,2345644032,62.33
97.384,518356,689152,0,1207508,4104056,15528,2345644032,62.33
97.484,518356,689152,0,1207508,4104056,15528,2345644032,62.33
97.585,518356,689152,0,1207508,4104056,15528,2345644032,62.33
97.686,518356,689152,0,1207508,4104056,15528,2345644032,62.33
97.786,518356,689152,0,1207508,4104056,15528,2345644032,62.33
97.887,518360,689152,0,1207512,4104056,15528,2345644032,62.33
97.988,522456,689152,0,1211608,4104056,15528,2345644032,62.33
98.088,522456,689152,0,1211608,4104056,15528,2345644032,62.33
98.189,522456,689152,0,1211608,4104056,15528,2345644032,62.33
98.289,522456,689152,0,1211608,4104056,15528,2345644032,62.33
98.390,522456,689152,0,1211608,4104056,15528,2345644032,62.33
98.491,522456,689152,0,1211608,4104056,15528,2345644032,62.33
98.592,522456,689152,0,1211608,4104056,15528,2345644032,62.33
98.692,522456,689152,0,1211608,4104056,15528,2345644032,62.33
98.793,522456,689152,0,1211608,4104056,15528,2345644032,62.33
98.894,522456,689152,0,1211608,4104056,15528,2345644032,62.33
98.995,522456,689152,0,1211608,4104056,15528,2345644032,62.33
99.096,522456,689152,0,1211608,4104056,15528,2345644032,62.09
99.196,522456,689152,0,1211608,4104056,15528,2345644032,62.09
99.297,522456,689152,0,1211608,4104056,15528,2345644032,62.09
99.397,522456,689152,0,1211608,4104056,15528,2345644032,62.09
99.498,522456,689152,0,1211608,4104056,15528,2345644032,62.09
99.599,522456,689152,0,1211608,4104056,15528,2345644032,62.09
99.699,522456,689152,0,1211608,4104056,15528,2345644032,62.09
99.800,522456,689152,0,1211608,4104056,15528,2345644032,62.09
99.900,522456,689152,0,1211608,4104056,15528,2345644032,62.09
100.001,522456,689152,0,1211608,4104056,15528,2345644032,62.09
100.101,522456,689152,0,1211608,4104056,15528,2345644032,62.09
100.202,522456,689152,0,1211608,4104056,15528,2345644032,62.09
100.302,522456,689152,0,1211608,4104056,15528,2345644032,62.09
100.403,522456,689152,0,1211608,4104056,15528,2345644032,62.09
100.503,522456,689152,0,1211608,4104056,15528,2345644032,62.09
100.604,522456,689152,0,1211608,4104056,15528,2345644032,62.09
100.704,522456,689152,0,1211608,4104056,15528,2345644032,62.09
100.805,522456,689152,0,1211608,4104056,15528,2345644032,62.09
100.905,522456,689152,0,1211608,4104056,15528,2345644032,62.09
101.006,522456,689152,0,1211608,4104056,15528,2345644032,62.09
101.106,522456,689152,0,1211608,4104056,15528,2345644032,60.8
101.206,522456,689152,0,1211608,4104056,15528,2345644032,60.8
101.307,522456,689152,0,1211608,4104056,15528,2345644032,60.8
101.407,522456,689152,0,1211608,4104056,15528,2345644032,60.8
101.508,522456,689152,0,1211608,4104056,15528,2345644032,60.8
101.608,522456,689152,0,1211608,4104056,15528,2345644032,60.8
101.709,522456,689152,0,1211608,4104056,15528,2345644032,60.8
101.809,522456,689152,0,1211608,4104056,15528,2345644032,60.8
101.910,522456,689152,0,1211608,4104056,15528,2345644032,60.8
102.010,522456,689152,0,1211608,4104056,15528,2345644032,60.8
102.111,522456,689152,0,1211608,4104056,15528,2345644032,60.8
102.211,522456,689152,0,1211608,4104056,15528,2345644032,60.8
102.311,522456,689152,0,1211608,4104056,15528,2345644032,60.8
102.412,522456,689152,0,1211608,4104056,15528,2345644032,60.8
102.513,522456,689152,0,1211608,4104056,15528,2345644032,60.8
102.614,522456,689152,0,1211608,4104056,15528,2345644032,60.8
102.715,522456,689152,0,1211608,4104056,15528,2345644032,60.8
102.815,522456,689152,0,1211608,4104056,15528,2345644032,60.8
102.916,522456,689152,0,1211608,4104056,15528,2345644032,60.8
103.017,522456,689152,0,1211608,4104056,15528,2345644032,60.8
103.118,522456,689152,0,1211608,4104056,15528,2345644032,62.29
103.219,522456,689152,0,1211608,4104056,15528,2345644032,62.29
103.319,522456,689152,0,1211608,4104056,15528,2345644032,62.29
103.420,522456,689152,0,1211608,4104056,15528,2345644032,62.29
103.520,522456,689152,0,1211608,4104056,15528,2345644032,62.29
103.621,522456,689152,0,1211608,4104056,15528,2345644032,62.29
103.722,522456,689152,0,1211608,4104056,15528,2345644032,62.29
103.822,522456,689152,0,1211608,4104056,15528,2345644032,62.29
103.923,522456,689152,0,1211608,4104056,15528,2345644032,62.29
104.023,522456,689152,0,1211608,4104056,15528,2345644032,62.29
104.123,522456,689152,0,1211608,4104056,15528,2345644032,62.29
104.224,522456,689152,0,1211608,4104056,15528,2345644032,62.29
104.325,522456,689152,0,1211608,4104056,15528,2345644032,62.29
104.425,522456,689152,0,1211608,4104056,15528,2345644032,62.29
104.526,522456,689152,0,1211608,4104056,15528,2345644032,62.29
104.627,522456,689152,0,1211608,4104056,15528,2345644032,62.29
104.727,522456,689152,0,1211608,4104056,15528,2345644032,62.29
104.828,522456,689152,0,1211608,4104056,15528,2345644032,62.29
104.928,522456,689152,0,1211608,4104056,15528,2345644032,62.29
105.029,522456,689152,0,1211608,4104056,15528,2345644032,62.29
105.129,522456,689152,0,1211608,4104056,15528,2345644032,62.29
105.230,522456,689152,0,1211608,4104056,15528,2345644032,61.87
105.331,522456,689152,0,1211608,4104056,15528,2345644032,61.87
105.432,522456,689152,0,1211608,4104056,15528,2345644032,61.87
105.532,522456,689152,0,1211608,4104056,15528,2345644032,61.87
105.633,522456,689152,0,1211608,4104056,15528,2345644032,61.87
105.734,522456,689152,0,1211608,4104056,15528,2345644032,61.87
105.835,522456,689152,0,1211608,4104056,15528,2345644032,61.87
105.936,522456,689152,0,1211608,4104056,15528,2345644032,61.87
106.037,522456,689152,0,1211608,4104056,15528,2345644032,61.87
106.137,522456,689152,0,1211608,4104056,15528,2345644032,61.87
106.238,522456,689152,0,1211608,4104056,15528,2345644032,61.87
106.338,522456,689152,0,1211608,4104056,15528,2345644032,61.87
106.439,522456,689152,0,1211608,4104056,15528,2345644032,61.87
106.539,522456,689152,0,1211608,4104056,15528,2345644032,61.87
106.640,522456,689152,0,1211608,4104056,15528,2345644032,61.87
106.741,522456,689152,0,1211608,4104056,15528,2345644032,61.87
106.842,522456,689152,0,1211608,4104056,15528,2345644032,61.87
106.942,522456,689152,0,1211608,4104056,15528,2345644032,61.87
107.043,522456,689152,0,1211608,4104056,15528,2345644032,61.87
107.144,522456,689152,0,1211608,4104056,15528,2345644032,61.87
107.244,522456,689152,0,1211608,4104056,15528,2345644032,62.8
107.345,522456,689152,0,1211608,4104056,15528,2345644032,62.8
107.445,522456,689152,0,1211608,4104056,15528,2345644032,62.8
107.546,522456,689152,0,1211608,4104056,15528,2345644032,62.8
107.646,522456,689152,0,1211608,4104056,15528,2345644032,62.8
107.747,522456,689152,0,1211608,4104056,15528,2345644032,62.8
107.847,522456,689152,0,1211608,4104056,15528,2345644032,62.8
107.948,522456,689152,0,1211608,4104056,15528,2345644032,62.8
108.049,522456,689152,0,1211608,4104056,15528,2345644032,62.8
108.149,522456,689152,0,1211608,4104056,15528,2345644032,62.8
108.250,522456,689152,0,1211608,4104056,15528,2345644032,62.8
108.350,522456,689152,0,1211608,4104056,15528,2345644032,62.8
108.451,522456,689152,0,1211608,4104056,15528,2345644032,62.8
108.551,522456,689152,0,1211608,4104056,15528,2345644032,62.8
108.652,522456,689152,0,1211608,4104056,15528,2345644032,62.8
108.753,522456,689152,0,1211608,4104056,15528,2345644032,62.8
108.853,522456,689152,0,1211608,4104056,15528,2345644032,62.8
108.954,522456,689152,0,1211608,4104056,15528,2345644032,62.8
109.054,522456,689152,0,1211608,4104056,15528,2345644032,62.8
109.155,522456,689152,0,1211608,4104056,15528,2345644032,62.8
109.255,522456,689152,0,1211608,4104056,15528,2345644032,62.65
109.356,522456,689152,0,1211608,4104056,15528,2345644032,62.65
109.457,522456,689152,0,1211608,4104056,15528,2345644032,62.65
109.558,522456,689152,0,1211608,4104056,15528,2345644032,62.65
109.659,522456,689152,0,1211608,4104056,15528,2345644032,62.65
109.760,522456,689152,0,1211608,4104056,15528,2345644032,62.65
109.861,522456,689152,0,1211608,4104056,15528,2345644032,62.65
109.962,522456,689152,0,1211608,4104056,15528,2345644032,62.65
110.063,522456,689152,0,1211608,4104056,15528,2345644032,62.65
110.164,522456,689152,0,1211608,4104056,15528,2345644032,62.65
110.264,522456,689152,0,1211608,4104056,15528,2345644032,62.65
110.365,522456,689152,0,1211608,4104056,15528,2345644032,62.65
110.466,522456,689152,0,1211608,4104056,15528,2345644032,62.65
110.567,522456,689152,0,1211608,4104056,15528,2345644032,62.65
110.668,522456,689152,0,1211608,4104056,15528,2345644032,62.65
110.769,522456,689152,0,1211608,4104056,15528,2345644032,62.65
110.870,522456,689152,0,1211608,4104056,15528,2345644032,62.65
110.970,522456,689152,0,1211608,4104056,15528,2345644032,62.65
111.072,522456,689152,0,1211608,4104056,15528,2345644032,62.65
111.172,522456,689152,0,1211608,4104056,15528,2345644032,62.65
111.273,522456,689152,0,1211608,4104056,15528,2345644032,61.45
111.373,522456,689152,0,1211608,4104056,15528,2345644032,61.45
111.474,522456,689152,0,1211608,4104056,15528,2345644032,61.45
111.574,522456,689152,0,1211608,4104056,15528,2345644032,61.45
111.675,522456,689152,0,1211608,4104056,15528,2345644032,61.45
111.776,522456,689152,0,1211608,4104056,15528,2345644032,61.45
111.876,522456,689152,0,1211608,4104056,15528,2345644032,61.45
111.977,522456,689152,0,1211608,4104056,15528,2345644032,61.45
112.078,522456,689152,0,1211608,4104056,15528,2345644032,61.45
112.178,522456,689152,0,1211608,4104056,15528,2345644032,61.45
112.278,522456,689152,0,1211608,4104056,15528,2345644032,61.45
112.379,522456,689152,0,1211608,4104056,15528,2345644032,61.45
112.479,522456,689152,0,1211608,4104056,15528,2345644032,61.45
112.580,522456,689152,0,1211608,4104056,15528,2345644032,61.45
112.680,522456,689152,0,1211608,4104056,15528,2345644032,61.45
112.781,522456,689152,0,1211608,4104056,15528,2345644032,61.45
112.881,522456,689152,0,1211608,4104056,15528,2345644032,61.45
112.982,522456,689152,0,1211608,4104056,15528,2345644032,61.45
113.083,522456,689152,0,1211608,4104056,15528,2345644032,61.45
113.183,522456,689152,0,1211608,4104056,15528,2345644032,61.45
113.284,522456,689152,0,1211608,4104056,15528,2345644032,62.09
113.384,522456,689152,0,1211608,4104056,15528,2345644032,62.09
113.485,522456,689152,0,1211608,4104056,15528,2345644032,62.09
113.585,522456,689152,0,1211608,4104056,15528,2345644032,62.09
113.686,522456,689152,0,1211608,4104056,15528,2345644032,62.09
113.787,522456,689152,0,1211608,4104056,15528,2345644032,62.09
113.887,522456,689152,0,1211608,4104056,15528,2345644032,62.09
113.988,522456,689152,0,1211608,4104056,15528,2345644032,62.09
114.089,522456,689152,0,1211608,4104056,15528,2345644032,62.09
114.189,522456,689152,0,1211608,4104056,15528,2345644032,62.09
114.290,522456,689152,0,1211608,4104056,15528,2345644032,62.09
114.390,522456,689152,0,1211608,4104056,15528,2345644032,62.09
114.490,522456,689152,0,1211608,4104056,15528,2345644032,62.09
114.591,522456,689152,0,1211608,4104056,15528,2345644032,62.09
114.691,522456,689152,0,1211608,4104056,15528,2345644032,62.09
114.792,522456,689152,0,1211608,4104056,15528,2345644032,62.09
114.892,522456,689152,0,1211608,4104056,15528,2345644032,62.09
114.993,522456,689152,0,1211608,4104056,15528,2345644032,62.09
115.093,522456,689152,0,1211608,4104056,15528,2345644032,62.09
115.194,522456,689152,0,1211608,4104056,15528,2345644032,62.09
115.295,522456,689152,0,1211608,4104056,15528,2345644032,59.72
115.395,522456,689152,0,1211608,4104056,15528,2345644032,59.72
115.496,522456,689152,0,1211608,4104056,15528,2345644032,59.72
115.596,522456,689152,0,1211608,4104056,15528,2345644032,59.72
115.697,522456,689152,0,1211608,4104056,15528,2345644032,59.72
115.798,522456,689152,0,1211608,4104056,15528,2345644032,59.72
115.898,522456,689152,0,1211608,4104056,15528,2345644032,59.72
115.999,522456,689152,0,1211608,4104056,15528,2345644032,59.72
116.099,522456,689152,0,1211608,4104056,15528,2345644032,59.72
116.200,522456,689152,0,1211608,4104056,15528,2345644032,59.72
116.300,522456,689152,0,1211608,4104056,15528,2345644032,59.72
116.400,522456,689152,0,1211608,4104056,15528,2345644032,59.72
116.501,522456,689152,0,1211608,4104056,15528,2345644032,59.72
116.601,522456,689152,0,1211608,4104056,15528,2345644032,59.72
116.701,522456,689152,0,1211608,4104056,15528,2345644032,59.72
116.802,522456,689152,0,1211608,4104056,15528,2345644032,59.72
116.902,522456,689152,0,1211608,4104056,15528,2345644032,59.72
117.003,522456,689152,0,1211608,4104056,15528,2345644032,59.72
117.103,522456,689152,0,1211608,4104056,15528,2345644032,59.72
117.203,522456,689152,0,1211608,4104056,15528,2345644032,59.72
117.304,522456,689152,0,1211608,4104056,15528,2345644032,59.59
117.404,522456,689152,0,1211608,4104056,15528,2345644032,59.59
117.504,522456,689152,0,1211608,4104056,15528,2345644032,59.59
117.605,522456,689152,0,1211608,4104056,15528,2345644032,59.59
117.705,522456,689152,0,1211608,4104056,15528,2345644032,59.59
117.806,522456,689152,0,1211608,4104056,15528,2345644032,59.59
117.906,522456,689152,0,1211608,4104056,15528,2345644032,59.59
118.006,522456,689152,0,1211608,4104056,15528,2345644032,59.59
118.107,522456,689152,0,1211608,4104056,15528,2345644032,59.59
118.207,522456,689152,0,1211608,4104056,15528,2345644032,59.59
118.307,522456,689152,0,1211608,4104056,15528,2345644032,59.59
118.408,522456,689152,0,1211608,4104056,15528,2345644032,59.59
118.508,522456,689152,0,1211608,4104056,15528,2345644032,59.59
118.608,522456,689152,0,1211608,4104056,15528,2345644032,59.59
118.709,522456,689152,0,1211608,4104056,15528,2345644032,59.59
118.809,522456,689152,0,1211608,4104056,15528,2345644032,59.59
118.910,522456,689152,0,1211608,4104056,15528,2345644032,59.59
119.010,522456,689152,0,1211608,4104056,15528,2345644032,59.59
119.110,522456,689152,0,1211608,4104056,15528,2345644032,59.59
119.211,522456,689152,0,1211608,4104056,15528,2345644032,61.11
119.311,522456,689152,0,1211608,4104056,15528,2345644032,61.11
119.411,522456,689152,0,1211608,4104056,15528,2345644032,61.11
119.512,522456,689152,0,1211608,4104056,15528,2345644032,61.11
119.612,522456,689152,0,1211608,4104056,15528,2345644032,61.11
119.713,522456,689152,0,1211608,4104056,15528,2345644032,61.11
119.813,522456,689152,0,1211608,4104056,15528,2345644032,61.11
119.913,522456,689152,0,1211608,4104056,15528,2345644032,61.11
120.014,522456,689152,0,1211608,4104056,15528,2345644032,61.11
120.114,522456,689152,0,1211608,4104056,15528,2345644032,61.11
120.214,522456,689152,0,1211608,4104056,15528,2345644032,61.11
120.315,522456,689152,0,1211608,4104056,15528,2345644032,61.11
120.415,522456,689152,0,1211608,4104056,15528,2345644032,61.11
120.515,522456,689152,0,1211608,4104056,15528,2345644032,61.11
120.616,522456,689152,0,1211608,4104056,15528,2345644032,61.11
120.716,522456,689152,0,1211608,4104056,15528,2345644032,61.11
120.817,522456,689152,0,1211608,4104056,15528,2345644032,61.11
120.917,522456,689152,0,1211608,4104056,15528,2345644032,61.11
121.017,522456,689152,0,1211608,4104056,15528,2345644032,61.11
121.118,522456,689152,0,1211608,4104056,15528,2345644032,61.11
121.218,522456,689152,0,1211608,4104056,15528,2345644032,60.36
121.318,522456,689152,0,1211608,4104056,15528,2345644032,60.36
121.419,522456,689152,0,1211608,4104056,15528,2345644032,60.36
121.519,522456,689152,0,1211608,4104056,15528,2345644032,60.36
121.620,522456,689152,0,1211608,4104056,15528,2345644032,60.36
121.720,522456,689152,0,1211608,4104056,15528,2345644032,60.36
121.820,522456,689152,0,1211608,4104056,15528,2345644032,60.36
121.921,522456,689152,0,1211608,4104056,15528,2345644032,60.36
122.021,522456,689152,0,1211608,4104056,15528,2345644032,60.36
122.121,522456,689152,0,1211608,4104056,15528,2345644032,60.36
122.222,522456,689152,0,1211608,4104056,15528,2345644032,60.36
122.322,522456,689152,0,1211608,4104056,15528,2345644032,60.36
122.422,522456,689152,0,1211608,4104056,15528,2345644032,60.36
122.523,522456,689152,0,1211608,4104056,15528,2345644032,60.36
122.623,522456,689152,0,1211608,4104056,15528,2345644032,60.36
122.724,522456,689152,0,1211608,4104056,15528,2345644032,60.36
122.824,522456,689152,0,1211608,4104056,15528,2345644032,60.36
122.924,522456,689152,0,1211608,4104056,15528,2345644032,60.36
123.025,522456,689152,0,1211608,4104056,15528,2345644032,60.36
123.125,522456,689152,0,1211608,4104056,15528,2345644032,60.36
123.225,522456,689152,0,1211608,4104056,15528,2345644032,60.12
123.326,522456,689152,0,1211608,4104056,15528,2345644032,60.12
123.426,522456,689152,0,1211608,4104056,15528,2345644032,60.12
123.527,522456,689152,0,1211608,4104056,15528,2345644032,60.12
123.627,522456,689152,0,1211608,4104056,15528,2345644032,60.12
123.727,522456,689152,0,1211608,4104056,15528,2345644032,60.12
123.828,522456,689152,0,1211608,4104056,15528,2345644032,60.12
123.928,522456,689152,0,1211608,4104056,15528,2345644032,60.12
124.029,522456,689152,0,1211608,4104056,15528,2345644032,60.12
124.129,522456,689152,0,1211608,4104056,15528,2345644032,60.12
124.229,522456,689152,0,1211608,4104056,15528,2345644032,60.12
124.330,522456,689152,0,1211608,4104056,15528,2345644032,60.12
124.430,522456,689152,0,1211608,4104056,15528,2345644032,60.12
124.531,522456,689152,0,1211608,4104056,15528,2345644032,60.12
124.631,522456,689152,0,1211608,4104056,15528,2345644032,60.12
124.731,522456,689152,0,1211608,4104056,15528,2345644032,60.12
124.831,522456,689152,0,1211608,4104056,15528,2345644032,60.12
124.932,522456,689152,0,1211608,4104056,15528,2345644032,60.12
125.032,522456,689152,0,1211608,4104056,15528,2345644032,60.12
125.133,522456,689152,0,1211608,4104056,15528,2345644032,59.19
125.233,522456,689152,0,1211608,4104056,15528,2345644032,59.19
125.333,522456,689152,0,1211608,4104056,15528,2345644032,59.19
125.434,522456,689152,0,1211608,4104056,15528,2345644032,59.19
125.534,522456,689152,0,1211608,4104056,15528,2345644032,59.19
125.635,522456,689152,0,1211608,4104056,15528,2345644032,59.19
125.735,522456,689152,0,1211608,4104056,15528,2345644032,59.19
125.835,522456,689152,0,1211608,4104056,15528,2345644032,59.19
125.936,522456,689152,0,1211608,4104056,15528,2345644032,59.19
126.036,522456,689152,0,1211608,4104056,15528,2345644032,59.19
126.137,522456,689152,0,1211608,4104056,15528,2345644032,59.19
126.237,522456,689152,0,1211608,4104056,15528,2345644032,59.19
126.337,522456,689152,0,1211608,4104056,15528,2345644032,59.19
126.438,522456,689152,0,1211608,4104056,15528,2345644032,59.19
126.538,522456,689152,0,1211608,4104056,15528,2345644032,59.19
126.639,522456,689152,0,1211608,4104056,15528,2345644032,59.19
126.739,522456,689152,0,1211608,4104056,15528,2345644032,59.19
126.839,522456,689152,0,1211608,4104056,15528,2345644032,59.19
126.940,522456,689152,0,1211608,4104056,15528,2345644032,59.19
127.040,522456,689152,0,1211608,4104056,15528,2345644032,59.19
127.141,522456,689152,0,1211608,4104056,15528,2345644032,61.69
127.241,522456,689152,0,1211608,4104056,15528,2345644032,61.69
127.341,522456,689152,0,1211608,4104056,15528,2345644032,61.69
127.442,522456,689152,0,1211608,4104056,15528,2345644032,61.69
127.542,522456,689152,0,1211608,4104056,15528,2345644032,61.69
127.643,522456,689152,0,1211608,4104056,15528,2345644032,61.69
127.743,522456,689152,0,1211608,4104056,15528,2345644032,61.69
127.844,522456,689152,0,1211608,4104056,15528,2345644032,61.69
127.944,522456,689152,0,1211608,4104056,15528,2345644032,61.69
128.044,522456,689152,0,1211608,4104056,15528,2345644032,61.69
128.145,522456,689152,0,1211608,4104056,15528,2345644032,61.69
128.245,522456,689152,0,1211608,4104056,15528,2345644032,61.69
128.346,522456,689152,0,1211608,4104056,15528,2345644032,61.69
128.446,522456,689152,0,1211608,4104056,15528,2345644032,61.69
128.547,522456,689152,0,1211608,4104056,15528,2345644032,61.69
128.647,522456,689152,0,1211608,4104056,15528,2345644032,61.69
128.748,522456,689152,0,1211608,4104056,15528,2345644032,61.69
128.848,522456,689152,0,1211608,4104056,15528,2345644032,61.69
128.949,522456,689152,0,1211608,4104056,15528,2345644032,61.69
129.049,522456,689152,0,1211608,4104056,15528,2345644032,61.69
129.150,522456,689152,0,1211608,4104056,15528,2345644032,59.75
129.250,522456,689152,0,1211608,4104056,15528,2345644032,59.75
129.351,522456,689152,0,1211608,4104056,15528,2345644032,59.75
129.451,522456,689152,0,1211608,4104056,15528,2345644032,59.75
129.552,522456,689152,0,1211608,4104056,15528,2345644032,59.75
129.652,522456,689152,0,1211608,4104056,15528,2345644032,59.75
129.753,522456,689152,0,1211608,4104056,15528,2345644032,59.75
129.853,522456,689152,0,1211608,4104056,15528,2345644032,59.75
129.954,522456,689152,0,1211608,4104056,15528,2345644032,59.75
130.054,522456,689152,0,1211608,4104056,15528,2345644032,59.75
130.155,522456,689152,0,1211608,4104056,15528,2345644032,59.75
130.255,522456,689152,0,1211608,4104056,15528,2345644032,59.75
130.356,522456,689152,0,1211608,4104056,15528,2345644032,59.75
130.457,522456,689152,0,1211608,4104056,15528,2345644032,59.75
130.557,522456,689152,0,1211608,4104056,15528,2345644032,59.75
130.657,522456,689152,0,1211608,4104056,15528,2345644032,59.75
130.758,522456,689152,0,1211608,4104056,15528,2345644032,59.75
130.858,522456,689152,0,1211608,4104056,15528,2345644032,59.75
130.959,522456,689152,0,1211608,4104056,15528,2345644032,59.75
131.059,522456,689152,0,1211608,4104056,15528,2345644032,59.75
131.160,522456,689152,0,1211608,4104056,15528,2345644032,60.7
131.260,522456,689152,0,1211608,4104056,15528,2345644032,60.7
131.361,522456,689152,0,1211608,4104056,15528,2345644032,60.7
131.462,522456,689152,0,1211608,4104056,15528,2345644032,60.7
131.562,522456,689152,0,1211608,4104056,15528,2345644032,60.7
131.663,522456,689152,0,1211608,4104056,15528,2345644032,60.7
131.764,522456,689152,0,1211608,4104056,15528,2345644032,60.7
131.864,522456,689152,0,1211608,4104056,15528,2345644032,60.7
131.965,522456,689152,0,1211608,4104056,15528,2345644032,60.7
132.065,522456,689152,0,1211608,4104056,15528,2345644032,60.7
132.166,522456,689152,0,1211608,4104056,15528,2345644032,60.7
132.267,522456,689152,0,1211608,4104056,15528,2345644032,60.7
132.367,522456,689152,0,1211608,4104056,15528,2345644032,60.7
132.468,522456,689152,0,1211608,4104056,15528,2345644032,60.7
132.568,522456,689152,0,1211608,4104056,15528,2345644032,60.7
132.669,522456,689152,0,1211608,4104056,15528,2345644032,60.7
132.770,522456,689152,0,1211608,4104056,15528,2345644032,60.7
132.871,522456,689152,0,1211608,4104056,15528,2345644032,60.7
132.971,522456,689152,0,1211608,4104056,15528,2345644032,60.7
133.072,522456,689152,0,1211608,4104056,15528,2345644032,60.7
133.173,522456,689152,0,1211608,4104056,15528,2345644032,58.58
133.273,522456,689152,0,1211608,4104056,15528,2345644032,58.58
133.373,522456,689152,0,1211608,4104056,15528,2345644032,58.58
133.474,522456,689152,0,1211608,4104056,15528,2345644032,58.58
133.574,522456,689152,0,1211608,4104056,15528,2345644032,58.58
133.675,522456,689152,0,1211608,4104056,15528,2345644032,58.58
133.776,522456,689152,0,1211608,4104056,15528,2345644032,58.58
133.876,522456,689152,0,1211608,4104056,15528,2345644032,58.58
133.977,522456,689152,0,1211608,4104056,15528,2345644032,58.58
134.077,522456,689152,0,1211608,4104056,15528,2345644032,58.58
134.177,522456,689152,0,1211608,4104056,15528,2345644032,58.58
134.278,522456,689152,0,1211608,4104056,15528,2345644032,58.58
134.378,522456,689152,0,1211608,4104056,15528,2345644032,58.58
134.479,522456,689152,0,1211608,4104056,15528,2345644032,58.58
134.579,522456,689152,0,1211608,4104056,15528,2345644032,58.58
134.680,522456,689152,0,1211608,4104056,15528,2345644032,58.58
134.780,522456,689152,0,1211608,4104056,15528,2345644032,58.58
134.881,522456,689152,0,1211608,4104056,15528,2345644032,58.58
134.981,522456,689152,0,1211608,4104056,15528,2345644032,58.58
135.082,522456,689152,0,1211608,4104056,15528,2345644032,58.58
135.182,522456,689152,0,1211608,4104056,15528,2345644032,59.2
135.283,522456,689152,0,1211608,4104056,15528,2345644032,59.2
135.383,522456,689152,0,1211608,4104056,15528,2345644032,59.2
135.484,522456,689152,0,1211608,4104056,15528,2345644032,59.2
135.585,522456,689152,0,1211608,4104056,15528,2345644032,59.2
135.685,522456,689152,0,1211608,4104056,15528,2345644032,59.2
135.786,522456,689152,0,1211608,4104056,15528,2345644032,59.2
135.886,522456,689152,0,1211608,4104056,15528,2345644032,59.2
135.987,522456,689152,0,1211608,4104056,15528,2345644032,59.2
136.088,522456,689152,0,1211608,4104056,15528,2345644032,59.2
136.188,522456,689152,0,1211608,4104056,15528,2345644032,59.2
136.289,522456,689152,0,1211608,4104056,15528,2345644032,59.2
136.389,522456,689152,0,1211608,4104056,15528,2345644032,59.2
136.490,522456,689152,0,1211608,4104056,15528,2345644032,59.2
136.591,522456,689152,0,1211608,4104056,15528,2345644032,59.2
136.691,522456,689152,0,1211608,4104056,15528,2345644032,59.2
136.792,522456,689152,0,1211608,4104056,15528,2345644032,59.2
136.892,522456,689152,0,1211608,4104056,15528,2345644032,59.2
136.993,522456,689152,0,1211608,4104056,15528,2345644032,59.2
137.094,522456,689152,0,1211608,4104056,15528,2345644032,59.2
137.194,522456,689152,0,1211608,4104056,15528,2345644032,61.16
137.294,522456,689152,0,1211608,4104056,15528,2345644032,61.16
137.395,522456,689152,0,1211608,4104056,15528,2345644032,61.16
137.496,522456,689152,0,1211608,4104056,15528,2345644032,61.16
137.597,522456,689152,0,1211608,4104056,15528,2345644032,61.16
137.697,522456,689152,0,1211608,4104056,15528,2345644032,61.16
137.798,522456,689152,0,1211608,4104056,15528,2345644032,61.16
137.898,522456,689152,0,1211608,4104056,15528,2345644032,61.16
137.999,522456,689152,0,1211608,4104056,15528,2345644032,61.16
138.100,522456,689152,0,1211608,4104056,15528,2345644032,61.16
138.201,522456,689152,0,1211608,4104056,15528,2345644032,61.16
138.301,522456,689152,0,1211608,4104056,15528,2345644032,61.16
138.402,522456,689152,0,1211608,4104056,15528,2345644032,61.16
138.502,522456,689152,0,1211608,4104056,15528,2345644032,61.16
138.603,522456,689152,0,1211608,4104056,15528,2345644032,61.16
138.703,522456,689152,0,1211608,4104056,15528,2345644032,61.16
138.804,522456,689152,0,1211608,4104056,15528,2345644032,61.16
138.904,522456,689152,0,1211608,4104056,15528,2345644032,61.16
139.005,522456,689152,0,1211608,4104056,15528,2345644032,61.16
139.106,522456,689152,0,1211608,4104056,15528,2345644032,61.16
139.206,522456,689152,0,1211608,4104056,15528,2345644032,61.16
139.307,522456,689152,0,1211608,4104056,15528,2345644032,58.05
139.407,522456,689152,0,1211608,4104056,15528,2345644032,58.05
139.508,522456,689152,0,1211608,4104056,15528,2345644032,58.05
139.608,522456,689152,0,1211608,4104056,15528,2345644032,58.05
139.709,522456,689152,0,1211608,4104056,15528,2345644032,58.05
139.809,522456,689152,0,1211608,4104056,15528,2345644032,58.05
139.910,522456,689152,0,1211608,4104056,15528,2345644032,58.05
140.011,522456,689152,0,1211608,4104056,15528,2345644032,58.05
140.111,522456,689152,0,1211608,4104056,15528,2345644032,58.05
140.212,522456,689152,0,1211608,4104056,15528,2345644032,58.05
140.312,522456,689152,0,1211608,4104056,15528,2345644032,58.05
140.413,522456,689152,0,1211608,4104056,15528,2345644032,58.05
140.513,522456,689152,0,1211608,4104056,15528,2345644032,58.05
140.614,522456,689152,0,1211608,4104056,15528,2345644032,58.05
140.715,522456,689152,0,1211608,4104056,15528,2345644032,58.05
140.815,522456,689152,0,1211608,4104056,15528,2345644032,58.05
140.916,522456,689152,0,1211608,4104056,15528,2345644032,58.05
141.017,522456,689152,0,1211608,4104056,15528,2345644032,58.05
141.118,522456,689152,0,1211608,4104056,15528,2345644032,58.05
141.218,522456,689152,0,1211608,4104056,15528,2345644032,58.05
141.319,522456,689152,0,1211608,4104056,15528,2345644032,59.12
141.419,522456,689152,0,1211608,4104056,15528,2345644032,59.12
141.520,522456,689152,0,1211608,4104056,15528,2345644032,59.12
141.620,522456,689152,0,1211608,4104056,15528,2345644032,59.12
141.721,522456,689152,0,1211608,4104056,15528,2345644032,59.12
141.821,522456,689152,0,1211608,4104056,15528,2345644032,59.12
141.922,522456,689152,0,1211608,4104056,15528,2345644032,59.12
142.023,522456,689152,0,1211608,4104056,15528,2345644032,59.12
142.123,522456,689152,0,1211608,4104056,15528,2345644032,59.12
142.224,522456,689152,0,1211608,4104056,15528,2345644032,59.12
142.325,522456,689152,0,1211608,4104056,15528,2345644032,59.12
142.426,522456,689152,0,1211608,4104056,15528,2345644032,59.12
142.526,522456,689152,0,1211608,4104056,15528,2345644032,59.12
142.627,522456,689152,0,1211608,4104056,15528,2345644032,59.12
142.728,522456,689152,0,1211608,4104056,15528,2345644032,59.12
142.829,522456,689152,0,1211608,4104056,15528,2345644032,59.12
142.929,522456,689152,0,1211608,4104056,15528,2345644032,59.12
143.031,522456,689152,0,1211608,4104056,15528,2345644032,59.12
143.131,522456,689152,0,1211608,4104056,15528,2345644032,59.12
143.232,522456,689344,0,1211800,4104056,15528,2345644032,59.12
143.332,541732,689344,0,1231076,4104056,15528,2345644032,55.66
143.433,541732,689344,0,1231076,4104056,15528,2345644032,55.66
143.533,541732,689344,0,1231076,4104056,15528,2345644032,55.66
143.634,541732,689344,0,1231076,4104056,15528,2345644032,55.66
143.734,541732,689344,0,1231076,4104056,15528,2345644032,55.66
143.835,541732,689344,0,1231076,4104056,15528,2345644032,55.66
143.935,575368,689344,0,1264712,4104056,15528,2345644032,55.66
144.036,580004,689344,0,1269348,4104056,15528,2345644032,55.66
144.136,580004,689344,0,1269348,4104056,15528,2345644032,55.66
144.237,580004,689344,0,1269348,4104056,15528,2345644032,55.66
144.337,580004,689344,0,1269348,4104056,15528,2345644032,55.66
144.438,580004,689344,0,1269348,4104056,15528,2345644032,55.66
144.538,615540,689344,0,1304884,4104056,15528,2345644032,55.66
144.639,615540,689344,0,1304884,4104056,15528,2345644032,55.66
144.739,615540,689344,0,1304884,4104056,15528,2345644032,55.66
144.840,615540,689344,0,1304884,4104056,15528,2345644032,55.66
144.940,615540,689344,0,1304884,4104056,15528,2345644032,55.66
145.041,615540,689344,0,1304884,4104056,15528,2345644032,55.66
145.141,615540,689344,0,1304884,4104056,15528,2345644032,55.66
145.242,615540,689344,0,1304884,4104056,15528,2345644032,55.66
145.342,615540,689344,0,1304884,4104056,15528,2345644032,58.8
145.443,615540,689344,0,1304884,4104056,15528,2345644032,58.8
145.544,615540,689344,0,1304884,4104056,15528,2345644032,58.8
145.644,615540,689344,0,1304884,4104056,15528,2345644032,58.8
145.745,615540,689344,0,1304884,4104056,15528,2345644032,58.8
145.846,615540,689344,0,1304884,4104056,15528,2345644032,58.8
145.946,615540,689344,0,1304884,4104056,15528,2345644032,58.8
146.047,615540,689344,0,1304884,4104056,15528,2345644032,58.8
146.148,615540,689344,0,1304884,4104056,15528,2345644032,58.8
146.248,615540,689344,0,1304884,4104056,15528,2345644032,58.8
146.349,615540,689344,0,1304884,4104056,15528,2345644032,58.8
146.449,615540,689344,0,1304884,4104056,15528,2345644032,58.8
146.550,615540,689344,0,1304884,4104056,15528,2345644032,58.8
146.651,615540,689344,0,1304884,4104056,15528,2345644032,58.8
146.752,615540,689344,0,1304884,4104056,15528,2345644032,58.8
146.852,615540,689344,0,1304884,4104056,15528,2345644032,58.8
146.953,615540,689344,0,1304884,4104056,15528,2345644032,58.8
147.054,615540,689344,0,1304884,4104056,15528,2345644032,58.8
147.154,615540,689344,0,1304884,4104056,15528,2345644032,58.8
147.255,615540,689344,0,1304884,4104056,15528,2345644032,58.8
147.355,615540,689344,0,1304884,4104056,15528,2345644032,57.2
147.456,615540,689344,0,1304884,4104056,15528,2345644032,57.2
147.556,615540,689344,0,1304884,4104056,15528,2345644032,57.2
147.657,615540,689344,0,1304884,4104056,15528,2345644032,57.2
147.758,615540,689344,0,1304884,4104056,15528,2345644032,57.2
147.859,615540,689344,0,1304884,4104056,15528,2345644032,57.2
147.959,615540,689344,0,1304884,4104056,15528,2345644032,57.2
148.060,615540,689344,0,1304884,4104056,15528,2345644032,57.2
148.160,615540,689344,0,1304884,4104056,15528,2345644032,57.2
148.260,615540,689344,0,1304884,4104056,15528,2345644032,57.2
148.361,615540,689344,0,1304884,4104056,15528,2345644032,57.2
148.461,615540,689344,0,1304884,4104056,15528,2345644032,57.2
148.561,615540,689344,0,1304884,4104056,15528,2345644032,57.2
148.662,615540,689344,0,1304884,4104056,15528,2345644032,57.2
148.762,615540,689344,0,1304884,4104056,15528,2345644032,57.2
148.863,615540,689344,0,1304884,4104056,15528,2345644032,57.2
148.963,615540,689344,0,1304884,4104056,15528,2345644032,57.2
149.063,615540,689344,0,1304884,4104056,15528,2345644032,57.2
149.164,616964,689344,0,1306308,4104056,15528,2345644032,57.2
149.264,617220,689344,0,1306564,4104056,15528,2345644032,57.2
149.365,617220,689344,0,1306564,4104056,15528,2345644032,59.52
149.465,617220,689344,0,1306564,4104056,15528,2345644032,59.52
149.565,617220,689344,0,1306564,4104056,15528,2345644032,59.52
149.666,617220,689344,0,1306564,4104056,15528,2345644032,59.52
149.766,617220,689344,0,1306564,4104056,15528,2345644032,59.52
149.866,617220,689344,0,1306564,4104056,15528,2345644032,59.52
149.967,617220,689344,0,1306564,4104056,15528,2345644032,59.52
150.067,617220,689344,0,1306564,4104056,15528,2345644032,59.52
150.167,617220,689344,0,1306564,4104056,15528,2345644032,59.52
150.268,617220,689344,0,1306564,4104056,15528,2345644032,59.52
150.368,617220,689344,0,1306564,4104056,15528,2345644032,59.52
150.468,617220,689344,0,1306564,4104056,15528,2345644032,59.52
150.569,617220,689344,0,1306564,4104056,15528,2345644032,59.52
150.669,617220,689344,0,1306564,4104056,15528,2345644032,59.52
150.770,617220,689344,0,1306564,4104056,15528,2345644032,59.52
150.870,617220,689344,0,1306564,4104056,15528,2345644032,59.52
150.970,617220,689344,0,1306564,4104056,15528,2345644032,59.52
151.071,617220,689344,0,1306564,4104056,15528,2345644032,59.52
151.171,617220,689344,0,1306564,4104056,15528,2345644032,59.52
151.271,617220,689344,0,1306564,4104056,15528,2345644032,58.16
151.372,617220,689344,0,1306564,4104056,15528,2345644032,58.16
151.472,617220,689344,0,1306564,4104056,15528,2345644032,58.16
151.573,617220,689344,0,1306564,4104056,15528,2345644032,58.16
151.673,617220,689344,0,1306564,4104056,15528,2345644032,58.16
151.773,617220,689344,0,1306564,4104056,15528,2345644032,58.16
151.874,617220,689344,0,1306564,4104056,15528,2345644032,58.16
151.974,617220,689344,0,1306564,4104056,15528,2345644032,58.16
152.075,617220,689344,0,1306564,4104056,15528,2345644032,58.16
152.175,617220,689344,0,1306564,4104056,15528,2345644032,58.16
152.275,617220,689344,0,1306564,4104056,15528,2345644032,58.16
152.376,617220,689344,0,1306564,4104056,15528,2345644032,58.16
152.476,617220,689344,0,1306564,4104056,15528,2345644032,58.16
152.576,617220,689344,0,1306564,4104056,15528,2345644032,58.16
152.677,617220,689344,0,1306564,4104056,15528,2345644032,58.16
152.777,617220,689344,0,1306564,4104056,15528,2345644032,58.16
152.878,617220,689344,0,1306564,4104056,15528,2345644032,58.16
152.978,617220,689344,0,1306564,4104056,15528,2345644032,58.16
153.078,617220,689344,0,1306564,4104056,15528,2345644032,58.16
153.179,617220,689344,0,1306564,4104056,15528,2345644032,58.16
153.279,617220,689344,0,1306564,4104056,15528,2345644032,58.49
153.379,617220,689344,0,1306564,4104056,15528,2345644032,58.49
153.480,617220,689344,0,1306564,4104056,15528,2345644032,58.49
153.580,617220,689344,0,1306564,4104056,15528,2345644032,58.49
153.681,617220,689344,0,1306564,4104056,15528,2345644032,58.49
153.781,617220,689344,0,1306564,4104056,15528,2345644032,58.49
153.881,617220,689344,0,1306564,4104056,15528,2345644032,58.49
153.982,617220,689344,0,1306564,4104056,15528,2345644032,58.49
154.082,617220,689344,0,1306564,4104056,15528,2345644032,58.49
154.183,617220,689344,0,1306564,4104056,15528,2345644032,58.49
154.283,617220,689344,0,1306564,4104056,15528,2345644032,58.49
154.383,617220,689344,0,1306564,4104056,15528,2345644032,58.49
154.484,617220,689344,0,1306564,4104056,15528,2345644032,58.49
154.584,617220,689344,0,1306564,4104056,15528,2345644032,58.49
154.684,617220,689344,0,1306564,4104056,15528,2345644032,58.49
154.785,617220,689344,0,1306564,4104056,15528,2345644032,58.49
154.885,617220,689344,0,1306564,4104056,15528,2345644032,58.49
154.986,617220,689344,0,1306564,4104056,15528,2345644032,58.49
155.086,617220,689344,0,1306564,4104056,15528,2345644032,58.49
155.186,617220,689344,0,1306564,4104056,15528,2345644032,58.49
155.287,617220,689344,0,1306564,4104056,15528,2345644032,60.21
155.387,617220,689344,0,1306564,4104056,15528,2345644032,60.21
155.488,617220,689344,0,1306564,4104056,15528,2345644032,60.21
155.588,617220,689344,0,1306564,4104056,15528,2345644032,60.21
155.688,617220,689344,0,1306564,4104056,15528,2345644032,60.21
155.789,617220,689344,0,1306564,4104056,15528,2345644032,60.21
155.889,617220,689344,0,1306564,4104056,15528,2345644032,60.21
155.990,617220,689344,0,1306564,4104056,15528,2345644032,60.21
156.090,617220,689344,0,1306564,4104056,15528,2345644032,60.21
156.190,617220,689344,0,1306564,4104056,15528,2345644032,60.21
156.291,617220,689344,0,1306564,4104056,15528,2345644032,60.21
156.391,617220,689344,0,1306564,4104056,15528,2345644032,60.21
156.492,617220,689344,0,1306564,4104056,15528,2345644032,60.21
156.592,617220,689344,0,1306564,4104056,15528,2345644032,60.21
156.692,617220,689344,0,1306564,4104056,15528,2345644032,60.21
156.793,617220,689344,0,1306564,4104056,15528,2345644032,60.21
156.893,617220,689344,0,1306564,4104056,15528,2345644032,60.21
156.994,617220,689344,0,1306564,4104056,15528,2345644032,60.21
157.094,617220,689344,0,1306564,4104056,15528,2345644032,60.21
157.194,617220,689344,0,1306564,4104056,15528,2345644032,60.72
157.295,617220,689344,0,1306564,4104056,15528,2345644032,60.72
157.395,617220,689344,0,1306564,4104056,15528,2345644032,60.72
157.495,617220,689344,0,1306564,4104056,15528,2345644032,60.72
157.596,617220,689344,0,1306564,4104056,15528,2345644032,60.72
157.696,617220,689344,0,1306564,4104056,15528,2345644032,60.72
157.796,617220,689344,0,1306564,4104056,15528,2345644032,60.72
157.897,617220,689344,0,1306564,4104056,15528,2345644032,60.72
157.997,617220,689344,0,1306564,4104056,15528,2345644032,60.72
158.098,617220,689344,0,1306564,4104056,15528,2345644032,60.72
158.198,617220,689344,0,1306564,4104056,15528,2345644032,60.72
158.298,617220,689344,0,1306564,4104056,15528,2345644032,60.72
158.399,617220,689344,0,1306564,4104056,15528,2345644032,60.72
158.499,617220,689344,0,1306564,4104056,15528,2345644032,60.72
158.600,617220,689344,0,1306564,4104056,15528,2345644032,60.72
158.700,617220,689344,0,1306564,4104056,15528,2345644032,60.72
158.800,617220,689344,0,1306564,4104056,15528,2345644032,60.72
158.901,617220,689344,0,1306564,4104056,15528,2345644032,60.72
159.001,617220,689344,0,1306564,4104056,15528,2345644032,60.72
159.102,617220,689344,0,1306564,4104056,15528,2345644032,60.72
159.202,617220,689344,0,1306564,4104056,15528,2345644032,62.76
159.302,617220,689344,0,1306564,4104056,15528,2345644032,62.76
159.403,617220,689344,0,1306564,4104056,15528,2345644032,62.76
159.503,617220,689344,0,1306564,4104056,15528,2345644032,62.76
159.604,617220,689344,0,1306564,4104056,15528,2345644032,62.76
159.704,617220,689344,0,1306564,4104056,15528,2345644032,62.76
159.804,617220,689344,0,1306564,4104056,15528,2345644032,62.76
159.905,484996,689344,0,1174340,4104056,15528,2345644032,62.76
160.005,484996,689344,0,1174340,4104056,15528,2345644032,62.76
160.106,524128,689344,0,1213472,4104056,15528,2345644032,62.76
160.206,524128,689344,0,1213472,4104056,15528,2345644032,62.76
160.307,598220,689344,0,1287564,4104056,15528,2345644032,62.76
160.407,598220,689344,0,1287564,4104056,15528,2345644032,62.76
160.508,598220,689344,0,1287564,4104056,15528,2345644032,62.76
160.608,598220,689344,0,1287564,4104056,15528,2345644032,62.76
160.708,598220,689344,0,1287564,4104056,15528,2345644032,62.76
160.809,598220,689344,0,1287564,4104056,15528,2345644032,62.76
160.909,598220,689344,0,1287564,4104056,15528,2345644032,62.76
161.010,598220,689344,0,1287564,4104056,15528,2345644032,62.76
161.110,598220,689344,0,1287564,4104056,15528,2345644032,62.76
161.211,598220,689344,0,1287564,4104056,15528,2345644032,61.53
161.311,598220,689344,0,1287564,4104056,15528,2345644032,61.53
161.412,598220,689344,0,1287564,4104056,15528,2345644032,61.53
161.512,598220,689344,0,1287564,4104056,15528,2345644032,61.53
161.613,598220,689344,0,1287564,4104056,15528,2345644032,61.53
161.713,598220,689344,0,1287564,4104056,15528,2345644032,61.53
161.814,598220,689344,0,1287564,4104056,15528,2345644032,61.53
161.914,598220,689344,0,1287564,4104056,15528,2345644032,61.53
162.015,598220,689344,0,1287564,4104056,15528,2345644032,61.53
162.115,598220,689344,0,1287564,4104056,15528,2345644032,61.53
162.216,599900,689344,0,1289244,4104056,15528,2345644032,61.53
162.316,601516,689344,0,1290860,4104056,15528,2345644032,61.53
162.417,601516,689344,0,1290860,4104056,15528,2345644032,61.53
162.517,601516,689344,0,1290860,4104056,15528,2345644032,61.53
162.618,601516,689344,0,1290860,4104056,15528,2345644032,61.53
162.718,601516,689344,0,1290860,4104056,15528,2345644032,61.53
162.819,601516,689344,0,1290860,4104056,15528,2345644032,61.53
162.919,601516,689344,0,1290860,4104056,15528,2345644032,61.53
163.020,601516,689344,0,1290860,4104056,15528,2345644032,61.53
163.120,601516,689344,0,1290860,4104056,15528,2345644032,61.53
163.221,601516,689344,0,1290860,4104056,15528,2345644032,61.26
163.321,601516,689344,0,1290860,4104056,15528,2345644032,61.26
163.422,601516,689344,0,1290860,4104056,15528,2345644032,61.26
163.522,601516,689344,0,1290860,4104056,15528,2345644032,61.26
163.623,601516,689344,0,1290860,4104056,15528,2345644032,61.26
163.723,601516,689344,0,1290860,4104056,15528,2345644032,61.26
163.824,601516,689344,0,1290860,4104056,15528,2345644032,61.26
163.924,601516,689344,0,1290860,4104056,15528,2345644032,61.26
164.025,601516,689344,0,1290860,4104056,15528,2345644032,61.26
164.125,601516,689344,0,1290860,4104056,15528,2345644032,61.26
164.226,601516,689344,0,1290860,4104056,15528,2345644032,61.26
164.326,601516,689344,0,1290860,4104056,15528,2345644032,61.26
164.426,601516,689344,0,1290860,4104056,15528,2345644032,61.26
164.527,601516,689344,0,1290860,4104056,15528,2345644032,61.26
164.627,601516,689344,0,1290860,4104056,15528,2345644032,61.26
164.728,601516,689344,0,1290860,4104056,15528,2345644032,61.26
164.828,601516,689344,0,1290860,4104056,15528,2345644032,61.26
164.929,601516,689344,0,1290860,4104056,15528,2345644032,61.26
165.030,601516,689344,0,1290860,4104056,15528,2345644032,61.26
165.130,601516,689344,0,1290860,4104056,15528,2345644032,61.26
165.231,601516,689344,0,1290860,4104056,15528,2345644032,60.66
165.331,601516,689344,0,1290860,4104056,15528,2345644032,60.66
165.432,601516,689344,0,1290860,4104056,15528,2345644032,60.66
165.532,601516,689344,0,1290860,4104056,15528,2345644032,60.66
165.633,601516,689344,0,1290860,4104056,15528,2345644032,60.66
165.734,601516,689344,0,1290860,4104056,15528,2345644032,60.66
165.834,601516,689344,0,1290860,4104056,15528,2345644032,60.66
165.935,601516,689344,0,1290860,4104056,15528,2345644032,60.66
166.036,601516,689344,0,1290860,4104056,15528,2345644032,60.66
166.137,601516,689344,0,1290860,4104056,15528,2345644032,60.66
166.237,601516,689344,0,1290860,4104056,15528,2345644032,60.66
166.337,601516,689344,0,1290860,4104056,15528,2345644032,60.66
166.438,601516,689344,0,1290860,4104056,15528,2345644032,60.66
166.538,601516,689344,0,1290860,4104056,15528,2345644032,60.66
166.639,601516,689344,0,1290860,4104056,15528,2345644032,60.66
166.739,601516,689344,0,1290860,4104056,15528,2345644032,60.66
166.840,601516,689344,0,1290860,4104056,15528,2345644032,60.66
166.940,484996,689344,0,1174340,4104056,15528,2345644032,60.66
167.041,484996,689344,0,1174340,4104056,15528,2345644032,60.66
167.141,489336,689344,0,1178680,4104056,15528,2345644032,60.66
167.242,542416,689344,0,1231760,4104056,15528,2345644032,62.72
167.343,542416,689344,0,1231760,4104056,15528,2345644032,62.72
167.443,543892,689344,0,1233236,4104056,15528,2345644032,62.72
167.544,580260,689344,0,1269604,4104056,15528,2345644032,62.72
167.644,580260,689344,0,1269604,4104056,15528,2345644032,62.72
167.745,607264,689344,0,1296608,4104056,15528,2345644032,62.72
167.845,618804,689344,0,1308148,4104056,15528,2345644032,62.72
167.945,641424,689344,0,1330768,4104056,15528,2345644032,62.72
168.046,664664,689344,0,1354008,4104056,15528,2345644032,62.72
168.147,678060,689344,0,1367404,4104056,15528,2345644032,62.72
168.247,709248,689344,0,1398592,4104056,15528,2345644032,62.72
168.348,709248,689344,0,1398592,4104056,15528,2345644032,62.72
168.448,729392,689344,0,1418736,4104056,15528,2345644032,62.72
168.549,757752,689344,0,1447096,4104056,15528,2345644032,62.72
168.649,772400,689344,0,1461744,4104056,15528,2345644032,62.72
168.750,786332,689344,0,1475676,4104056,15528,2345644032,62.72
168.850,810200,689344,0,1499544,4104056,15528,2345644032,62.72
168.951,810200,689344,0,1499544,4104056,15528,2345644032,62.72
169.051,825400,689344,0,1514744,4104056,15528,2345644032,62.72
169.152,866488,689344,0,1555832,4104056,15528,2345644032,62.72
169.252,866488,689344,0,1555832,4104056,15528,2345644032,62.72
169.353,880740,689344,0,1570084,4104056,15528,2345644032,63.49
169.453,900596,689344,0,1589940,4104056,15528,2345644032,63.49
169.553,926588,689344,0,1615932,4104056,15528,2345644032,63.49
169.654,949128,689344,0,1638472,4104056,15528,2345644032,63.49
169.755,963036,689344,0,1652380,4104056,15528,2345644032,63.49
169.856,983528,689344,0,1672872,4104056,15528,2345644032,63.49
169.957,1006796,689344,0,1696140,4104056,15528,2345644032,63.49
170.057,1012868,689344,0,1702212,4104056,15528,2345644032,63.49
170.158,1038292,689344,0,1727636,4104056,15528,2345644032,63.49
170.258,1061936,689344,0,1751280,4104056,15528,2345644032,63.49
170.359,1086960,689344,0,1776304,4104056,15528,2345644032,63.49
170.459,1108620,689344,0,1797964,4104056,15528,2345644032,63.49
170.560,1146572,689344,0,1835916,4104056,15528,2345644032,63.49
170.660,1206288,689344,0,1895632,4104056,15528,2345644032,63.49
170.761,1369764,689344,0,2059108,4104056,15528,2345644032,63.49
170.861,1535780,689344,0,2225124,4104056,15528,2345644032,63.49
170.962,1662484,689344,0,2351828,4104056,15528,2345644032,63.49
171.063,1662484,689344,0,2351828,4104056,15528,2345644032,63.49
171.163,1662484,689344,0,2351828,4104056,15528,2345644032,63.49
171.264,1662484,689344,0,2351828,4104056,15528,2345644032,63.49
171.364,1662484,705600,0,2368084,4104056,15528,2345644032,60.87
171.465,1662484,705600,0,2368084,4104056,15528,2345644032,60.87
171.565,1662484,705600,0,2368084,4104056,15528,2345644032,60.87
171.666,1662484,705600,0,2368084,4104056,15528,2345644032,60.87
171.767,1662484,705600,0,2368084,4104056,15528,2345644032,60.87
171.867,1662484,738688,0,2401172,4104056,15528,2345644032,60.87
171.968,1662484,866368,0,2528852,4104056,15528,2345644032,60.87
172.069,1662484,974080,0,2636564,4104056,15528,2345644032,60.87
172.169,1662484,1081792,0,2744276,4104056,15528,2345644032,60.87
172.270,1662484,1179328,0,2841812,4104056,15528,2345644032,60.87
172.371,1603384,1220780,0,2824164,4104056,15528,2345644032,60.87
172.471,1525256,1232684,0,2757940,4104056,15530,2371989504,60.87
172.572,1525256,1291868,0,2817124,4104056,15531,2418438144,60.87
172.672,1549360,1279784,0,2829144,4104056,15531,2435231744,60.87
172.773,1580472,1288340,0,2868812,4104056,15539,2523992064,60.87
172.878,1609720,1295828,0,2905548,4104056,15539,2577805312,60.87
172.979,1640572,1302676,0,2943248,4104056,15539,2641707008,60.87
173.079,1654148,1310676,0,2964824,4104056,15539,2643025920,60.87
173.180,1672204,1317460,0,2989664,4104056,15539,2659540992,60.87
173.280,1685200,1324756,0,3009956,4104056,15539,2710413312,60.87
173.381,1693268,1330196,0,3023464,4104056,15540,2770554880,59.44
173.481,1701260,1335312,0,3036572,4104056,15540,2818727936,59.44
173.582,1707064,1338384,0,3045448,4104056,15540,2881470464,59.44
173.682,1713808,1340624,0,3054432,4104056,15540,2912546816,59.44
173.782,1716436,1343504,0,3059940,4104056,15540,2945998848,59.44
173.883,1724028,1346384,0,3070412,4104056,15540,2988834816,59.44
173.986,1724128,1349280,0,3073408,4104056,15540,3048493056,59.44
174.086,1728084,1351456,0,3079540,4104056,15540,3074707456,59.44
174.187,1732656,1353760,0,3086416,4104056,15540,3088166912,59.44
174.287,1741740,1354592,0,3096332,4104056,15540,3108315136,59.44
174.388,1741764,1356060,0,3097824,4104056,15540,3137323008,59.44
174.489,1745200,1356060,0,3101260,4104056,15540,3158224896,59.44
174.589,1747196,1356060,0,3103256,4104056,15540,3222265856,59.44
174.690,1747212,1356276,0,3103488,4104056,15540,3252408320,59.44
174.790,1747224,1356656,0,3103880,4104056,15540,3263234048,59.44
174.894,1752124,1356656,0,3108780,4104056,15540,3273302016,59.44
174.995,1752544,1356708,0,3109252,4104056,15540,3306856448,59.44
175.095,1756288,1356580,0,3112868,4104056,15540,3323617280,59.44
175.196,1756712,1356580,0,3113292,4104056,15540,3358154752,59.44
175.296,1756712,1354028,0,3110740,4104056,15540,3401150464,59.44
175.397,1756756,1354028,0,3110784,4104056,15540,3417927680,48.85
175.497,1756832,1354092,0,3110924,4104056,15540,3443097600,48.85
175.598,1757524,1354216,0,3111740,4104056,15540,3464077312,48.85
175.698,1765592,1354216,0,3119808,4104056,15540,3485052928,48.85
175.799,1768404,1354216,0,3122620,4104056,15540,3519668224,48.85
175.899,1772752,1354216,0,3126968,4104056,15540,3562979328,48.85
176.003,1773840,1354216,0,3128056,4104056,15540,3571372032,48.85
176.103,1774436,1354216,0,3128652,4104056,15540,3615932416,48.85
176.203,1774436,1354216,0,3128652,4104056,15540,3643764736,48.85
176.304,1774476,1335864,0,3110340,4104056,15540,3677491200,48.85
176.404,1775400,1331000,0,3106400,4104056,15540,3688595456,48.85
176.505,1775400,1331188,0,3106588,4104056,15540,3688595456,48.85
176.605,1778804,1329652,0,3108456,4104056,15540,3735121920,48.85
176.706,1778804,1329140,0,3107944,4104056,15540,3742289920,48.85
176.810,1779132,1301236,0,3080368,4104056,15540,3771047936,48.85
176.910,1779132,1288948,0,3068080,4104056,15540,3802755072,48.85
177.011,1779444,1288948,0,3068392,4104056,15540,3802755072,48.85
177.112,1779444,1288948,0,3068392,4104056,15540,3802755072,48.85
177.212,1779444,1288948,0,3068392,4104056,15540,3802755072,48.85
177.313,1781760,1281024,0,3062784,4104056,15540,3833192448,48.85
177.413,1781760,1233920,0,3015680,4104056,15540,3880812544,41.81
177.513,1781760,1231872,0,3013632,4104056,15540,3880812544,41.81
177.614,1781760,1229824,0,3011584,4104056,15540,3880812544,41.81
177.714,1781760,1225728,0,3007488,4104056,15540,3880812544,41.81
177.815,1781760,1223680,0,3005440,4104056,15540,3880812544,41.81
177.916,1781760,1219584,0,3001344,4104056,15540,3880812544,41.81
178.016,1781760,1217536,0,2999296,4104056,15540,3880812544,41.81
178.117,1781760,1215488,0,2997248,4104056,15540,3880812544,41.81
178.218,1781760,1213440,0,2995200,4104056,15540,3880812544,41.81
178.318,1781760,1209344,0,2991104,4104056,15540,3880812544,41.81
178.419,1781760,1207296,0,2989056,4104056,15540,3880812544,41.81
178.519,1781760,1203200,0,2984960,4104056,15540,3880812544,41.81
178.620,1781760,1199104,0,2980864,4104056,15540,3880812544,41.81
178.720,1781760,1197056,0,2978816,4104056,15540,3880812544,41.81
178.821,1781760,1192960,0,2974720,4104056,15540,3880812544,41.81
178.921,1781760,1190912,0,2972672,4104056,15540,3880812544,41.81
179.022,1781760,1186816,0,2968576,4104056,15540,3880812544,41.81
179.122,1781760,1184768,0,2966528,4104056,15540,3880812544,41.81
179.223,1781760,1180672,0,2962432,4104056,15540,3880812544,41.81
179.323,1781760,1178624,0,2960384,4104056,15540,3880812544,41.81
179.424,1781760,1176576,0,2958336,4104056,15540,3880812544,43.3
179.524,1781760,1174528,0,2956288,4104056,15540,3880812544,43.3
179.625,1781760,1170432,0,2952192,4104056,15540,3880812544,43.3
179.726,1781760,1168384,0,2950144,4104056,15540,3880812544,43.3
179.826,1781760,1164288,0,2946048,4104056,15540,3880812544,43.3
179.926,1781760,1162240,0,2944000,4104056,15540,3880812544,43.3
180.027,1781760,1162240,0,2944000,4104056,15540,3880812544,43.3
180.127,1781760,1162240,0,2944000,4104056,15540,3880812544,43.3
180.227,1781760,1161984,0,2943744,4104056,15540,3880812544,43.3
180.328,1781760,1158656,0,2940416,4104056,15540,3880812544,43.3
180.428,1781760,1155840,0,2937600,4104056,15540,3880812544,43.3
180.528,1781760,1152384,0,2934144,4104056,15540,3880812544,43.3
180.629,1781760,1148928,0,2930688,4104056,15540,3880812544,43.3
180.729,1781760,1145728,0,2927488,4104056,15540,3880812544,43.3
180.829,1781760,1142400,0,2924160,4104056,15540,3880812544,43.3
180.930,1781760,1139200,0,2920960,4104056,15540,3880812544,43.3
181.030,1781760,1136768,0,2918528,4104056,15540,3880812544,43.3
181.131,1781760,1136768,0,2918528,4104056,15540,3880812544,43.3
181.231,1781760,1133184,0,2914944,4104056,15540,3880812544,43.3
181.331,1781760,1129728,0,2911488,4104056,15540,3880812544,46.32
181.432,1781760,1126656,0,2908416,4104056,15540,3880812544,46.32
181.532,1781760,1123584,0,2905344,4104056,15540,3880812544,46.32
181.632,1781760,1120128,0,2901888,4104056,15540,3880812544,46.32
181.733,1781760,1116928,0,2898688,4104056,15540,3880812544,46.32
181.833,1781760,1113728,0,2895488,4104056,15540,3880812544,46.32
181.934,1781760,1110272,0,2892032,4104056,15540,3880812544,46.32
182.034,1781760,1107200,0,2888960,4104056,15540,3880812544,46.32
182.134,1781760,1104128,0,2885888,4104056,15540,3880812544,46.32
182.235,1781760,1101056,0,2882816,4104056,15540,3880812544,46.32
182.335,1781760,1097600,0,2879360,4104056,15540,3880812544,46.32
182.435,1781760,1095680,0,2877440,4104056,15540,3880812544,46.32
182.535,1781760,1095680,0,2877440,4104056,15540,3880812544,46.32
182.636,1781760,1093888,0,2875648,4104056,15540,3880812544,46.32
182.736,1781760,1090560,0,2872320,4104056,15540,3880812544,46.32
182.837,1781760,1087232,0,2868992,4104056,15540,3880812544,46.32
182.937,1781760,1083904,0,2865664,4104056,15540,3880812544,46.32
183.037,1781760,1080832,0,2862592,4104056,15540,3880812544,46.32
183.138,1781760,1078016,0,2859776,4104056,15540,3880812544,46.32
183.238,1781760,1074688,0,2856448,4104056,15540,3880812544,46.32
183.338,1781760,1071232,0,2852992,4104056,15540,3880812544,50.07
183.439,1781760,1067904,0,2849664,4104056,15540,3880812544,50.07
183.539,1781760,1064704,0,2846464,4104056,15540,3880812544,50.07
183.639,1781760,1061376,0,2843136,4104056,15540,3880812544,50.07
183.740,1781760,1057920,0,2839680,4104056,15540,3880812544,50.07
183.840,1781760,1054592,0,2836352,4104056,15540,3880812544,50.07
183.941,1781760,1051648,0,2833408,4104056,15540,3880812544,50.07
184.041,1781760,1048704,0,2830464,4104056,15540,3880812544,50.07
184.141,1781760,1046016,0,2827776,4104056,15540,3880812544,50.07
184.242,1781760,1043200,0,2824960,4104056,15540,3880812544,50.07
184.342,1781760,1039872,0,2821632,4104056,15540,3880812544,50.07
184.442,1781760,1036544,0,2818304,4104056,15540,3880812544,50.07
184.543,1781760,1033472,0,2815232,4104056,15540,3880812544,50.07
184.643,1781760,1033472,0,2815232,4104056,15540,3880812544,50.07
184.744,1781760,1029632,0,2811392,4104056,15540,3880812544,50.07
184.844,1781760,1026624,0,2808384,4104056,15540,3880812544,50.07
184.944,1781760,1023360,0,2805120,4104056,15540,3880812544,50.07
185.045,1781760,1020160,0,2801920,4104056,15540,3880812544,50.07
185.145,1781760,1017088,0,2798848,4104056,15540,3880812544,50.07
185.245,1781760,1014144,0,2795904,4104056,15540,3880812544,50.07
185.346,1781760,1012608,0,2794368,4104056,15540,3880812544,50.6
185.446,1781760,1008512,0,2790272,4104056,15540,3880812544,50.6
185.547,1781760,1003580,0,2785340,4104056,15540,3880812544,50.6
185.647,1781760,1003072,0,2784832,4104056,15540,3880812544,50.6
185.748,1781760,769792,0,2551552,4104056,15540,3880816640,50.6
185.850,1781760,769648,0,2551408,4104056,15545,3947565056,50.6
185.950,1781760,783840,0,2565600,4104056,15553,3973271552,50.6
186.051,1781760,794036,0,2575796,4104056,15553,4024868864,50.6
186.154,1781760,802612,0,2584372,4104056,15555,4075761664,50.6
186.254,1781760,812468,0,2594228,4104056,15555,4132495360,50.6
186.355,1781760,821300,0,2603060,4104056,15555,4224094208,50.6
186.455,1781760,826228,0,2607988,4104056,15555,4308840448,50.6
186.556,1781760,830452,0,2612212,4104056,15555,4341981184,50.6
186.656,1781760,834100,0,2615860,4104056,15555,4372729856,50.6
186.758,1781760,834420,0,2616180,4104056,15555,4425662464,50.6
186.862,1781760,834472,0,2616232,4104056,15556,4453457920,50.6
186.966,1781760,834472,0,2616232,4104056,15556,4476899328,50.6
187.070,1781760,834472,0,2616232,4104056,15556,4518141952,50.6
187.174,1781760,834472,0,2616232,4104056,15556,4560752640,50.6
187.278,1781760,834472,0,2616232,4104056,15556,4627439616,44.33
187.382,1781760,834472,0,2616232,4104056,15556,4644216832,44.33
187.482,1781760,834472,0,2616232,4104056,15556,4678021120,44.33
187.590,1781760,834472,0,2616232,4104056,15556,4696879104,44.33
187.690,1781760,811688,0,2593448,4104056,15556,4746166272,44.33
187.791,1781760,811688,0,2593448,4104056,15556,4754329600,44.33
187.891,1781760,811688,0,2593448,4104056,15556,4754329600,44.33
187.991,1781760,811688,0,2593448,4104056,15556,4754329600,44.33
188.092,1781760,811688,0,2593448,4104056,15556,4754329600,44.33
188.192,1781760,811688,0,2593448,4104056,15556,4754329600,44.33
188.293,1781760,811688,0,2593448,4104056,15556,4754329600,44.33
188.393,1781760,811688,0,2593448,4104056,15556,4754329600,44.33
188.493,1781760,811688,0,2593448,4104056,15556,4754329600,44.33
188.594,1781760,811688,0,2593448,4104056,15556,4754329600,44.33
188.694,1781760,810024,0,2591784,4104056,15556,4754329600,44.33
188.794,1781760,806440,0,2588200,4104056,15556,4754329600,44.33
188.895,1781760,802728,0,2584488,4104056,15556,4754329600,44.33
188.995,1781760,799016,0,2580776,4104056,15556,4754329600,44.33
189.095,1781760,795688,0,2577448,4104056,15556,4754329600,44.33
189.196,1781760,791848,0,2573608,4104056,15556,4754329600,44.33
189.296,1781760,788392,0,2570152,4104056,15556,4754329600,44.99
189.397,1781760,784680,0,2566440,4104056,15556,4754329600,44.99
189.497,1781760,781096,0,2562856,4104056,15556,4754329600,44.99
189.597,1781760,777512,0,2559272,4104056,15556,4754329600,44.99
189.698,1781760,774056,0,2555816,4104056,15556,4754329600,44.99
189.798,1781760,770856,0,2552616,4104056,15556,4754329600,44.99
189.898,1781760,767272,0,2549032,4104056,15556,4754329600,44.99
189.999,1781760,763816,0,2545576,4104056,15556,4754329600,44.99
190.099,1781760,760616,0,2542376,4104056,15556,4754329600,44.99
190.200,1781760,757416,0,2539176,4104056,15556,4754329600,44.99
190.300,1781760,753960,0,2535720,4104056,15556,4754329600,44.99
190.400,1781760,750504,0,2532264,4104056,15556,4754329600,44.99
190.501,1781760,746920,0,2528680,4104056,15556,4754329600,44.99
190.601,1781760,743336,0,2525096,4104056,15556,4754329600,44.99
190.702,1781760,739752,0,2521512,4104056,15556,4754329600,44.99
190.802,1781760,736040,0,2517800,4104056,15556,4754329600,44.99
190.902,1781760,734376,0,2516136,4104056,15556,4754329600,44.99
191.003,1781760,625252,0,2407012,4104056,15556,4754329600,44.99
191.103,1781760,224600,0,2006360,4104056,15560,4829667328,44.99
191.206,1781760,225048,0,2006808,4104056,15560,4829667328,44.99
191.306,1781760,225432,0,2007192,4104056,15560,4938760192,47.89
191.407,1781760,225816,0,2007576,4104056,15560,4938760192,47.89
191.507,1781760,226200,0,2007960,4104056,15560,4955537408,47.89
191.608,1781760,226584,0,2008344,4104056,15560,4980523008,47.89
191.708,1781760,226148,0,2007908,4104056,15560,5185544192,47.89
191.808,1781804,226532,0,2008336,4104056,15560,5201797120,47.89
191.909,1784008,226980,0,2010988,4104056,15560,5285683200,47.89
192.009,1788392,227172,0,2015564,4104056,15560,5327626240,47.89
192.114,1789328,227580,0,2016908,4104056,15560,5361180672,47.89
192.215,1789328,227964,0,2017292,4104056,15560,5394735104,47.89
192.315,1789328,228348,0,2017676,4104056,15561,5415706624,47.89
192.416,1789328,228604,0,2017932,4104056,15561,5432483840,47.89
192.516,1789328,229180,0,2018508,4104056,15562,5468995584,47.89
192.616,1789668,229628,0,2019296,4104056,15562,5502550016,47.89
192.717,1790356,230392,0,2020748,4104056,15562,5502550016,47.89
192.817,1796968,231684,0,2028652,4104056,15562,5552881664,47.89
192.918,1797428,232448,0,2029876,4104056,15563,5573566464,47.89
193.018,1798588,232832,0,2031420,4104056,15563,5590343680,47.89
193.119,1798588,233024,0,2031612,4104056,15563,5607120896,47.89
193.222,1798588,233280,0,2031868,4104056,15563,5623898112,47.89
193.322,1798588,233600,0,2032188,4104056,15563,5657452544,39.22
193.423,1798588,234048,0,2032636,4104056,15563,5691006976,39.22
193.523,1799604,234560,0,2034164,4104056,15563,5724561408,39.22
193.624,1799756,234880,0,2034636,4104056,15563,5759881216,39.22
193.724,1800632,235136,0,2035768,4104056,15563,5776658432,39.22
193.825,1802180,235392,0,2037572,4104056,15563,5776658432,39.22
193.925,1802180,236032,0,2038212,4104056,15563,5793439744,39.22
194.030,1802888,236416,0,2039304,4104056,15563,5810216960,39.22
194.130,1802888,236992,0,2039880,4104056,15563,5843767296,39.22
194.231,1802888,237120,0,2040008,4104056,15563,5860544512,39.22
194.331,1803232,237376,0,2040608,4104056,15563,5894098944,39.22
194.432,1803232,237568,0,2040800,4104056,15563,5927653376,39.22
194.533,1803232,237696,0,2040928,4104056,15563,5961207808,39.22
194.633,1803232,238080,0,2041312,4104056,15563,5961211904,39.22
194.734,1804464,238336,0,2042800,4104056,15563,5977989120,39.22
194.834,1804744,238400,0,2043144,4104056,15563,5994766336,39.22
194.935,1805864,238592,0,2044456,4104056,15563,5994766336,39.22
195.038,1805864,238784,0,2044648,4104056,15563,6059765760,39.22
195.138,1806100,238976,0,2045076,4104056,15563,6059765760,39.22
195.239,1806100,239104,0,2045204,4104056,15563,6093320192,39.22
195.339,1806100,239040,0,2045140,4104056,15563,6126874624,32.11
195.440,1806100,239168,0,2045268,4104056,15563,6160429056,32.11
195.540,1806100,239360,0,2045460,4104056,15563,6160429056,32.11
195.641,1806100,239552,0,2045652,4104056,15563,6177206272,32.11
195.741,1806104,239744,0,2045848,4104056,15563,6177210368,32.11
195.846,1806104,240128,0,2046232,4104056,15563,6214963200,32.11
195.946,1806104,240384,0,2046488,4104056,15563,6231740416,32.11
196.047,1806108,240640,0,2046748,4104056,15563,6307241984,32.11
196.148,1806108,241024,0,2047132,4104056,15565,6330179584,32.11
196.248,1806108,241536,0,2047644,4104056,15565,6330179584,32.11
196.348,1806108,241728,0,2047836,4104056,15565,6363734016,32.11
196.449,1806108,242048,0,2048156,4104056,15565,6372171776,32.11
196.549,1806108,242240,0,2048348,4104056,15565,6388948992,32.11
196.650,1806672,242496,0,2049168,4104056,15566,6431150080,32.11
196.754,1806672,237008,0,2043680,4104056,15566,6464704512,32.11
196.855,1806676,189128,0,1995804,4104056,15566,6531813376,32.11
196.955,1806872,177976,0,1984848,4104056,15566,6548590592,32.11
197.055,1806872,178296,0,1985168,4104056,15567,6548721664,32.11
197.156,1806872,178552,0,1985424,4104056,15567,6565498880,32.11
197.256,1806872,177644,0,1984516,4104056,15567,6600114176,32.11
197.357,1806872,177916,0,1984788,4104056,15568,6600114176,26.29
197.457,1806872,178044,0,1984916,4104056,15568,6650445824,26.29
197.562,1806872,178124,0,1984996,4104056,15568,6684000256,26.29
197.663,1806872,178444,0,1985316,4104056,15568,6717554688,26.29
197.763,1806872,178700,0,1985572,4104056,15568,6734331904,26.29
197.864,1806872,179084,0,1985956,4104056,15568,6751109120,26.29
197.964,1806872,179340,0,1986212,4104056,15568,6751109120,26.29
198.065,1807140,179660,0,1986800,4104056,15568,6784663552,26.29
198.165,1807144,173732,0,1980876,4104056,15569,6804152320,26.29
198.266,1807144,172980,0,1980124,4104056,15570,6821068800,26.29
198.366,1807144,171216,0,1978360,4104056,15572,6861770752,26.29
198.467,1807148,170772,0,1977920,4104056,15572,6892724224,26.29
198.570,1807148,171560,0,1978708,4104056,15572,6977835008,26.29
198.671,1807148,172392,0,1979540,4104056,15572,7005511680,26.29
198.771,1807148,173072,0,1980220,4104056,15572,7018102784,26.29
198.872,1807148,173392,0,1980540,4104056,15572,7030685696,26.29
198.972,1807152,173584,0,1980736,4104056,15572,7047389184,26.29
199.072,1807152,173840,0,1980992,4104056,15572,7106367488,26.29
199.173,1807152,172336,0,1979488,4104056,15573,7143116800,26.29
199.273,1807368,172836,0,1980204,4104056,15573,7186972672,26.29
199.374,1807376,144564,0,1951940,4104056,15576,7267643392,21.53
199.474,1807376,132212,0,1939588,4104056,15578,7316049920,21.53
199.578,1807436,133304,0,1940740,4104056,15578,7324434432,21.53
199.678,1807436,134792,0,1942228,4104056,15579,7344922624,21.53
199.779,1807440,135736,0,1943176,4104056,15581,7345975296,21.53
199.879,1807480,133848,0,1941328,4104056,15582,7394971648,21.53
199.980,1807732,132564,0,1940296,4104056,15585,7417933824,21.53
200.080,1807732,133268,0,1941000,4104056,15585,7422132224,21.53
200.181,1808704,133824,0,1942528,4104056,15585,7426330624,21.53
200.281,1808704,134276,0,1942980,4104056,15585,7521722368,21.53
200.382,1808704,134980,0,1943684,4104056,15585,7530115072,21.53
200.482,1808704,135652,0,1944356,4104056,15585,7555260416,21.53
200.582,1808704,136164,0,1944868,4104056,15585,7572037632,21.53
200.683,1808704,136644,0,1945348,4104056,15585,7606157312,21.53
200.786,1808704,137092,0,1945796,4104056,15585,7645921280,21.53
200.887,1808920,137860,0,1946780,4104056,15586,7662108672,21.53
200.987,1808920,138500,0,1947420,4104056,15586,7704084480,21.53
201.087,1808920,139204,0,1948124,4104056,15586,7763918848,21.53
201.188,1808928,139652,0,1948580,4104056,15586,7780696064,21.53
201.288,1808928,140484,0,1949412,4104056,15586,7780696064,21.53
201.389,1808928,140932,0,1949860,4104056,15586,7800586240,17.63
201.489,1808928,141764,0,1950692,4104056,15586,7846625280,17.63
201.590,1809444,142084,0,1951528,4104056,15586,7846625280,17.63
201.694,1809444,142532,0,1951976,4104056,15586,7871856640,17.63
201.795,1809444,143136,0,1952580,4104056,15586,7888633856,17.63
201.895,1809444,143988,0,1953432,4104056,15586,7917998080,17.63
201.995,1809448,144600,0,1954048,4104056,15586,7987924992,17.63
202.096,1809452,145228,0,1954680,4104056,15587,8004706304,17.63
202.198,1809456,145672,0,1955128,4104056,15587,8055025664,17.63
202.298,1809456,146252,0,1955708,4104056,15587,8074780672,17.63
202.399,1809456,147188,0,1956644,4104056,15587,8091557888,17.63
202.499,1809456,147892,0,1957348,4104056,15587,8125104128,17.63
202.600,1809456,148532,0,1957988,4104056,15587,8125104128,17.63
202.700,1809456,149300,0,1958756,4104056,15587,8158658560,17.63
202.801,1809460,149940,0,1959400,4104056,15587,8192212992,17.63
202.906,1809580,150260,0,1959840,4104056,15587,8208990208,17.63
203.007,1809584,150580,0,1960164,4104056,15587,8256135168,17.63
203.107,1809588,151332,0,1960920,4104056,15587,8256135168,17.63
203.208,1809588,151488,0,1961076,4104056,15587,8290291712,17.63
203.308,1809588,150376,0,1959964,4104056,15587,8339980288,17.63
203.409,1809592,150632,0,1960224,4104056,15587,8339980288,14.43
203.509,1809592,150952,0,1960544,4104056,15587,8339980288,14.43
203.610,1809592,151144,0,1960736,4104056,15587,8374542336,14.43
203.710,1809596,151528,0,1961124,4104056,15587,8399716352,14.43
203.810,1809596,151848,0,1961444,4104056,15587,8441663488,14.43
203.911,1809640,152232,0,1961872,4104056,15587,8450060288,14.43
204.011,1809732,152744,0,1962476,4104056,15587,8471035904,14.43
204.112,1809732,152728,0,1962460,4104056,15587,8487813120,14.43
204.212,1809732,152316,0,1962048,4104056,15587,8512983040,14.43
204.313,1809732,152572,0,1962304,4104056,15587,8554676224,14.43
204.413,1809732,152556,0,1962288,4104056,15587,8564723712,14.43
204.518,1809732,152908,0,1962640,4104056,15587,8596180992,14.43
204.619,1809732,152592,0,1962324,4104056,15588,8654155776,14.43
204.719,1809732,153044,0,1962776,4104056,15588,8662548480,14.43
204.819,1809736,153616,0,1963352,4104056,15588,8679325696,14.43
204.920,1809736,153888,0,1963624,4104056,15588,8721268736,14.43
205.020,1809736,154144,0,1963880,4104056,15588,8754823168,14.43
205.121,1809736,154272,0,1964008,4104056,15588,8754823168,14.43
205.221,1809740,154528,0,1964268,4104056,15588,8805154816,14.43
205.322,1809740,154848,0,1964588,4104056,15588,8821932032,14.43
205.422,1809740,155168,0,1964908,4104056,15588,8844566528,11.82
205.523,1809740,155616,0,1965356,4104056,15588,8863436800,11.82
205.623,1809744,156096,0,1965840,4104056,15588,8867635200,11.82
205.724,1809744,156704,0,1966448,4104056,15588,8909582336,11.82
205.824,1809752,156960,0,1966712,4104056,15588,8934752256,11.82
205.925,1809752,157216,0,1966968,4104056,15588,8968306688,11.82
206.025,1809752,157536,0,1967288,4104056,15588,8985083904,11.82
206.125,1809752,157984,0,1967736,4104056,15588,9022820352,11.82
206.230,1809752,158564,0,1968316,4104056,15589,9039192064,11.82
206.331,1809752,159032,0,1968784,4104056,15589,9069940736,11.82
206.431,1809752,159288,0,1969040,4104056,15589,9074139136,11.82
206.532,1809756,159416,0,1969172,4104056,15589,9090916352,11.82
206.632,1809756,159992,0,1969748,4104056,15589,9124470784,11.82
206.732,1809760,160376,0,1970136,4104056,15590,9184550912,11.82
206.833,1809760,160824,0,1970584,4104056,15590,9218101248,11.82
206.933,1809760,161272,0,1971032,4104056,15590,9227866112,11.82
207.034,1809760,161600,0,1971360,4104056,15590,9272152064,11.82
207.134,1809760,162304,0,1972064,4104056,15591,9288986624,11.82
207.235,1809760,162496,0,1972256,4104056,15591,9301577728,11.82
207.335,1809760,162624,0,1972384,4104056,15591,9301577728,11.82
207.436,1809760,163260,0,1973020,4104056,15591,9326747648,9.68
207.536,1809764,163708,0,1973472,4104056,15591,9377071104,9.68
207.638,1809896,163964,0,1973860,4104056,15591,9398046720,9.68
207.738,1809896,164284,0,1974180,4104056,15591,9431601152,9.68
207.839,1809900,164924,0,1974824,4104056,15591,9466535936,9.68
207.939,1809900,162392,0,1972292,4104056,15592,9506582528,9.68
208.040,1809900,163096,0,1972996,4104056,15592,9523359744,9.68
208.142,1809900,163416,0,1973316,4104056,15592,9531752448,9.68
208.243,1809900,163864,0,1973764,4104056,15592,9590087680,9.68
208.343,1809900,164312,0,1974212,4104056,15592,9634123776,9.68
208.444,1809908,164696,0,1974604,4104056,15592,9647755264,9.68
208.544,1809908,165260,0,1975168,4104056,15592,9680130048,9.68
208.645,1809908,166028,0,1975936,4104056,15592,9713684480,9.68
208.746,1809908,166156,0,1976064,4104056,15592,9751437312,9.68
208.847,1809908,166236,0,1976144,4104056,15592,9760350208,9.68
208.947,1809912,166300,0,1976212,4104056,15592,9768738816,9.68
209.050,1809912,166552,0,1976464,4104056,15592,9802293248,9.68
209.151,1809912,166744,0,1976656,4104056,15592,9852616704,9.68
209.251,1809912,166808,0,1976720,4104056,15592,9869393920,9.68
209.352,1809916,166936,0,1976852,4104056,15592,9899761664,9.68
209.452,1809920,167064,0,1976984,4104056,15592,9933316096,7.92
209.552,1809924,167192,0,1977116,4104056,15592,9966870528,7.92
209.653,1809928,167320,0,1977248,4104056,15592,9983647744,7.92
209.753,1809928,167456,0,1977384,4104056,15592,9983647744,7.92
209.854,1809928,167584,0,1977512,4104056,15592,10000424960,7.92
209.958,1809928,167904,0,1977832,4104056,15593,10098266112,7.92
210.058,1809932,168096,0,1978028,4104056,15594,10098642944,7.92
210.159,1809932,168352,0,1978284,4104056,15594,10132197376,7.92
210.259,1809932,168480,0,1978412,4104056,15594,10165743616,7.92
210.360,1809936,168556,0,1978492,4104056,15594,10165743616,7.92
210.460,1809936,168620,0,1978556,4104056,15594,10182520832,7.92
210.561,1809984,168636,0,1978620,4104056,15594,10182524928,7.92
210.661,1809984,168736,0,1978720,4104056,15594,10203500544,7.92
210.762,1809984,166304,0,1976288,4104056,15594,10253832192,7.92
210.862,1809984,167008,0,1976992,4104056,15594,10295779328,7.92
210.963,1809984,167392,0,1977376,4104056,15594,10295779328,7.92
211.063,1809988,167520,0,1977508,4104056,15594,10323042304,7.92
211.164,1809988,166792,0,1976780,4104056,15594,10356596736,7.92
211.264,1809992,166984,0,1976976,4104056,15594,10356596736,7.92
211.366,1809992,167112,0,1977104,4104056,15594,10356596736,7.92
211.467,1809996,167240,0,1977236,4104056,15594,10372935680,6.49
211.567,1809996,167432,0,1977428,4104056,15594,10423267328,6.49
211.668,1810128,167560,0,1977688,4104056,15594,10490507264,6.49
211.770,1810128,167844,0,1977972,4104056,15594,10511470592,6.49
211.871,1810128,168100,0,1978228,4104056,15594,10545025024,6.49
211.971,1810128,168228,0,1978356,4104056,15594,10553417728,6.49
212.074,1810128,168484,0,1978612,4104056,15594,10586972160,6.49
212.174,1810128,168740,0,1978868,4104056,15594,10586972160,6.49
212.275,1810132,169060,0,1979192,4104056,15594,10586972160,6.49
212.375,1810132,169448,0,1979580,4104056,15594,10620526592,6.49
212.476,1810136,169512,0,1979648,4104056,15594,10691555328,6.49
212.576,1810136,169832,0,1979968,4104056,15595,10727665664,6.49
212.677,1810136,169656,0,1979792,4104056,15595,10761224192,6.49
212.777,1810136,169976,0,1980112,4104056,15595,10778001408,6.49
212.877,1810136,170296,0,1980432,4104056,15595,10794786816,6.49
212.978,1810136,170552,0,1980688,4104056,15595,10794786816,6.49
213.082,1811748,170808,0,1982556,4104056,15595,10798985216,6.49
213.182,1811748,171008,0,1982756,4104056,15595,10832539648,6.49
213.283,1811748,171164,0,1982912,4104056,15595,10891399168,6.49
213.383,1811748,171368,0,1983116,4104056,15596,10933780480,6.49
213.484,1811748,171620,0,1983368,4104056,15596,10976227328,5.31
213.584,1811748,171752,0,1983500,4104056,15596,10988818432,5.31
213.685,1811748,172008,0,1983756,4104056,15596,11038703616,5.31
213.785,1811748,172136,0,1983884,4104056,15596,11042897920,5.31
213.885,1812020,172392,0,1984412,4104056,15596,11061010432,5.31
213.986,1813024,172588,0,1985612,4104056,15596,11103051776,5.31
214.086,1813028,172804,0,1985832,4104056,15596,11171131392,5.31
214.186,1813928,171284,0,1985212,4104056,15596,11234045952,5.31
214.287,1813932,171412,0,1985344,4104056,15596,11234045952,5.31
214.390,1813936,167332,0,1981268,4104056,15596,11246628864,5.31
214.491,1813936,167460,0,1981396,4104056,15596,11246628864,5.31
214.591,1813936,164236,0,1978172,4104056,15596,11263397888,5.31
214.692,1813936,163208,0,1977144,4104056,15596,11295117312,5.31
214.798,1813940,163356,0,1977296,4104056,15596,11295117312,5.31
214.899,1813940,146320,0,1960260,4104056,15596,11328606208,5.31
214.999,1813940,111344,0,1925284,4104056,15596,11412488192,5.31
215.100,1813940,99452,0,1913392,4104056,15596,11429265408,5.31
215.200,1813940,97196,0,1911136,4104056,15596,11446042624,5.31
215.300,1813940,97324,0,1911264,4104056,15596,11446042624,5.31
215.401,1813940,97324,0,1911264,4104056,15596,11446042624,4.35
215.501,1813940,97388,0,1911328,4104056,15596,11446042624,4.35
215.602,1813940,97452,0,1911392,4104056,15596,11467018240,4.35
215.702,1813940,97516,0,1911456,4104056,15596,11493195776,4.35
215.803,1813944,95096,0,1909040,4104056,15596,11611688960,4.35
215.903,1814068,95160,0,1909228,4104056,15596,11628466176,4.35
216.003,1814068,95288,0,1909356,4104056,15596,11636858880,4.35
216.104,1814068,95352,0,1909420,4104056,15596,11661979648,4.35
216.204,1814072,95480,0,1909552,4104056,15596,11661979648,4.35
216.305,1814072,95480,0,1909552,4104056,15596,11703152640,4.35
216.405,1814076,95480,0,1909556,4104056,15596,11707351040,4.35
216.506,1814076,95480,0,1909556,4104056,15596,11759771648,4.35
216.606,1814084,95264,0,1909348,4104056,15596,11823312896,4.35
216.706,1814084,95264,0,1909348,4104056,15596,11856867328,4.35
216.807,1814084,95264,0,1909348,4104056,15596,11861065728,4.35
216.907,1814084,95264,0,1909348,4104056,15596,11877842944,4.35
217.014,1814084,95264,0,1909348,4104056,15596,11898175488,4.35
217.114,1814084,95352,0,1909436,4104056,15597,11923546112,4.35
217.215,1814084,95416,0,1909500,4104056,15597,11923546112,4.35
217.315,1814084,95416,0,1909500,4104056,15597,11940323328,4.35
217.416,1814084,95480,0,1909564,4104056,15597,12015165440,3.56
217.516,1814084,95480,0,1909564,4104056,15597,12040396800,3.56
217.617,1814084,95480,0,1909564,4104056,15597,12082339840,3.56
217.717,1814084,95480,0,1909564,4104056,15597,12115894272,3.56
217.818,1814088,95480,0,1909568,4104056,15597,12115894272,3.56
217.918,1814088,95480,0,1909568,4104056,15597,12146565120,3.56
218.018,1814088,95480,0,1909568,4104056,15597,12150763520,3.56
218.119,1814088,95480,0,1909568,4104056,15597,12192714752,3.56
218.219,1814088,95480,0,1909568,4104056,15597,12243386368,3.56
218.320,1814088,95480,0,1909568,4104056,15597,12255977472,3.56
218.422,1814092,95544,0,1909636,4104056,15597,12264370176,3.56
218.523,1814092,95736,0,1909828,4104056,15597,12306317312,3.56
218.623,1814092,93304,0,1907396,4104056,15597,12383150080,3.56
218.723,1814092,93496,0,1907588,4104056,15597,12383150080,3.56
218.824,1814764,93612,0,1908376,4104056,15597,12436926464,3.56
218.924,1814784,93608,0,1908392,4104056,15597,12479868928,3.56
219.025,1814972,93228,0,1908200,4104056,15598,12510674944,3.56
219.130,1814972,93292,0,1908264,4104056,15598,12533825536,3.56
219.231,1814976,93356,0,1908332,4104056,15598,12567379968,3.56
219.331,1814976,93420,0,1908396,4104056,15598,12611338240,2.91
219.431,1814976,93420,0,1908396,4104056,15598,12628115456,2.91
219.532,1814976,93376,0,1908352,4104056,15599,12661800960,2.91
219.632,1814976,88436,0,1903412,4104056,15600,12699246592,2.91
219.733,1816064,88628,0,1904692,4104056,15600,12699246592,2.91
219.836,1816064,88456,0,1904520,4104056,15600,12732801024,2.91
219.937,1816064,87568,0,1903632,4104056,15600,12766355456,2.91
220.037,1816064,87272,0,1903336,4104056,15601,12784726016,2.91
220.138,1816068,86032,0,1902100,4104056,15601,12835057664,2.91
220.238,1816072,86652,0,1902724,4104056,15601,12851838976,2.91
220.338,1816072,87280,0,1903352,4104056,15601,12868603904,2.91
220.439,1816072,87600,0,1903672,4104056,15601,12902158336,2.91
220.539,1816240,87664,0,1903904,4104056,15601,12902158336,2.91
220.640,1816240,87860,0,1904100,4104056,15601,12935712768,2.91
220.740,1816240,87960,0,1904200,4104056,15601,12967165952,2.91
220.841,1816244,88088,0,1904332,4104056,15601,12967165952,2.91
220.941,1816244,88148,0,1904392,4104056,15601,13000720384,2.91
221.042,1816248,88216,0,1904464,4104056,15601,13018513408,2.91
221.142,1816248,88472,0,1904720,4104056,15601,13062549504,2.91
221.242,1816740,88536,0,1905276,4104056,15601,13079330816,2.91
221.343,1816744,88600,0,1905344,4104056,15601,13096108032,2.38
221.443,1816744,88728,0,1905472,4104056,15601,13112885248,2.38
221.544,1816748,88792,0,1905540,4104056,15601,13146165248,2.38
221.644,1816748,88920,0,1905668,4104056,15602,13157281792,2.38
221.746,1816748,88920,0,1905668,4104056,15602,13157281792,2.38
221.846,1816748,89048,0,1905796,4104056,15602,13207617536,2.38
221.947,1816756,89176,0,1905932,4104056,15602,13224386560,2.38
222.047,1816756,89304,0,1906060,4104056,15602,13224386560,2.38
222.150,1816756,89372,0,1906128,4104056,15602,13278814208,2.38
222.251,1816756,88780,0,1905536,4104056,15602,13332971520,2.38
222.351,1816876,82284,0,1899160,4104056,15602,13371723776,2.38
222.451,1816876,82476,0,1899352,4104056,15602,13378809856,2.38
222.552,1816944,82604,0,1899548,4104056,15602,13378809856,2.38
222.652,1816944,82732,0,1899676,4104056,15602,13412364288,2.38
222.753,1816944,80604,0,1897548,4104056,15602,13422055424,2.38
222.858,1816944,80804,0,1897748,4104056,15602,13432541184,2.38
222.958,1816944,76616,0,1893560,4104056,15602,13486960640,2.38
223.059,1816944,76680,0,1893624,4104056,15602,13557194752,2.38
223.159,1816948,76744,0,1893692,4104056,15602,13563486208,2.38
223.260,1816948,76808,0,1893756,4104056,15602,13563486208,2.38
223.360,1816952,76912,0,1893864,4104056,15602,13571883008,1.95
223.461,1816952,76936,0,1893888,4104056,15603,13572698112,1.95
223.561,1816952,77008,0,1893960,4104056,15603,13656604672,1.95
223.662,1816952,77008,0,1893960,4104056,15603,13660803072,1.95
223.762,1816956,77072,0,1894028,4104056,15603,13683875840,1.95
223.863,1816956,76512,0,1893468,4104056,15604,13733912576,1.95
223.963,1816956,76576,0,1893532,4104056,15604,13764321280,1.95
224.064,1816956,76576,0,1893532,4104056,15604,13804507136,1.95
224.164,1817992,76704,0,1894696,4104056,15605,13811650560,1.95
224.265,1817992,76704,0,1894696,4104056,15605,13866147840,1.95
224.365,1817992,76832,0,1894824,4104056,15606,13924057088,1.95
224.470,1817992,77024,0,1895016,4104056,15606,13964460032,1.95
224.571,1817992,77280,0,1895272,4104056,15607,13975621632,1.95
224.671,1817992,77536,0,1895528,4104056,15607,14061228032,1.95
224.771,1817992,77792,0,1895784,4104056,15607,14065426432,1.95
224.872,1818216,78048,0,1896264,4104056,15607,14131752960,1.95
224.972,1818216,78944,0,1897160,4104056,15607,14157963264,1.95
225.073,1818216,75984,0,1894200,4104056,15607,14199922688,1.95
225.173,1818216,74324,0,1892540,4104056,15607,14219345920,1.95
225.274,1818216,69844,0,1888060,4104056,15607,14284251136,1.95
225.374,1818216,65892,0,1884108,4104056,15609,14317862912,1.6
225.475,1818216,66212,0,1884428,4104056,15610,14330138624,1.6
225.575,1818216,66980,0,1885196,4104056,15610,14338531328,1.6
225.676,1818216,65936,0,1884152,4104056,15610,14413361152,1.6
225.776,1818216,66384,0,1884600,4104056,15610,14430138368,1.6
225.878,1818220,65328,0,1883548,4104056,15610,14480470016,1.6
225.978,1818728,62976,0,1881704,4104056,15610,14513885184,1.6
226.079,1818728,63572,0,1882300,4104056,15611,14532792320,1.6
226.179,1818728,63912,0,1882640,4104056,15611,14560055296,1.6
226.280,1818728,64468,0,1883196,4104056,15613,14582767616,1.6
226.382,1818728,64916,0,1883644,4104056,15613,14599544832,1.6
226.483,1818728,65364,0,1884092,4104056,15613,14643585024,1.6
226.583,1818728,65940,0,1884668,4104056,15613,14660366336,1.6
226.683,1818728,66516,0,1885244,4104056,15613,14677143552,1.6
226.784,1819396,66992,0,1886388,4104056,15613,14708600832,1.6
226.884,1819396,67388,0,1886784,4104056,15613,14725378048,1.6
226.986,1819396,67900,0,1887296,4104056,15613,14750543872,1.6
227.086,1819396,68444,0,1887840,4104056,15614,14754848768,1.6
227.187,1819396,68892,0,1888288,4104056,15614,14821957632,1.6
227.287,1819396,69340,0,1888736,4104056,15614,14830350336,1.6
227.388,1819396,69940,0,1889336,4104056,15614,14872272896,1.31
227.490,1819396,70384,0,1889780,4104056,15614,14905827328,1.31
227.590,1819396,71024,0,1890420,4104056,15614,14905827328,1.31
227.691,1819396,68804,0,1888200,4104056,15614,14946516992,1.31
227.791,1819396,69396,0,1888792,4104056,15614,14959099904,1.31
227.892,1819396,69824,0,1889220,4104056,15614,14980071424,1.31
227.992,1819396,69088,0,1888484,4104056,15614,15017537536,1.31
228.093,1819396,69572,0,1888968,4104056,15614,15034150912,1.31
228.194,1819396,70084,0,1889480,4104056,15614,15094689792,1.31
228.295,1819396,70596,0,1889992,4104056,15614,15109357568,1.31
228.395,1819396,71172,0,1890568,4104056,15614,15134248960,1.31
228.496,1819396,71620,0,1891016,4104056,15614,15134248960,1.31
228.598,1819396,71812,0,1891208,4104056,15614,15151030272,1.31
228.699,1819396,72196,0,1891592,4104056,15614,15158968320,1.31
228.799,1819396,72388,0,1891784,4104056,15615,15177801728,1.31
228.900,1819396,72644,0,1892040,4104056,15615,15206064128,1.31
229.000,1819396,71244,0,1890640,4104056,15615,15256383488,1.31
229.101,1819396,71564,0,1890960,4104056,15615,15273160704,1.31
229.201,1819396,72076,0,1891472,4104056,15615,15273160704,1.31
229.302,1819396,72588,0,1891984,4104056,15615,15289937920,1.31
229.402,1819396,72780,0,1892176,4104056,15615,15289937920,2.16
229.503,1819396,73292,0,1892688,4104056,15616,15290040320,2.16
229.603,1819396,73536,0,1892932,4104056,15617,15327838208,2.16
229.704,1819396,73792,0,1893188,4104056,15617,15338323968,2.16
229.804,1819396,74148,0,1893544,4104056,15617,15338323968,2.16
229.904,1819396,74412,0,1893808,4104056,15617,15338323968,2.16
230.005,1819396,74540,0,1893936,4104056,15617,15371878400,2.16
230.105,1819396,74888,0,1894284,4104056,15617,15371878400,2.16
230.206,1819396,75188,0,1894584,4104056,15617,15371878400,2.16
230.306,1819396,75184,0,1894580,4104056,15617,15385501696,2.16
230.407,1819396,75296,0,1894692,4104056,15617,15402278912,2.16
230.507,1819396,75364,0,1894760,4104056,15617,15402278912,2.16
230.608,1819396,75556,0,1894952,4104056,15617,15408570368,2.16
230.708,1819396,75556,0,1894952,4104056,15617,15408570368,2.16
230.809,1819396,75684,0,1895080,4104056,15617,15408570368,2.16
230.909,1819396,75748,0,1895144,4104056,15617,15408570368,2.16
231.009,1819396,75812,0,1895208,4104056,15617,15425347584,2.16
231.110,1819396,75940,0,1895336,4104056,15617,15425347584,2.16
231.211,1819396,75940,0,1895336,4104056,15617,15425347584,2.16
231.311,1819396,76068,0,1895464,4104056,15617,15425347584,2.16
231.411,1819396,76132,0,1895528,4104056,15617,15425347584,7.56
231.512,1819396,76316,0,1895712,4104056,15617,15425347584,7.56
231.612,1819396,76380,0,1895776,4104056,15617,15425347584,7.56
231.713,1819396,74784,0,1894180,4104056,15617,15442120704,7.56
231.813,1819400,74080,0,1893480,4104056,15617,15442120704,7.56
231.914,1819400,74144,0,1893544,4104056,15617,15442120704,7.56
232.014,1819400,74208,0,1893608,4104056,15617,15442120704,7.56
232.115,1819400,74272,0,1893672,4104056,15617,15442120704,7.56
232.215,1819400,74400,0,1893800,4104056,15617,15442120704,7.56
232.316,1819400,74080,0,1893480,4104056,15617,15451557888,7.56
232.416,1819400,74080,0,1893480,4104056,15617,15451557888,7.56
232.517,1819400,73564,0,1892964,4104056,15617,15507501056,7.56
232.617,1819400,73564,0,1892964,4104056,15617,15594213376,7.56
232.718,1819400,73560,0,1892960,4104056,15617,15683379200,7.56
232.818,1819400,73560,0,1892960,4104056,15617,15753342976,7.56
232.919,1819400,73560,0,1892960,4104056,15617,15753342976,7.56
233.019,1819400,73560,0,1892960,4104056,15617,15753342976,7.56
233.120,1819400,73560,0,1892960,4104056,15617,15753342976,7.56
233.220,1819400,73560,0,1892960,4104056,15617,15753342976,7.56
233.321,1819400,73560,0,1892960,4104056,15617,15753342976,7.56
233.421,1819400,73560,0,1892960,4104056,15617,15753342976,15.43
233.522,1819400,73560,0,1892960,4104056,15617,15753342976,15.43
233.622,1819400,73560,0,1892960,4104056,15617,15753342976,15.43
233.723,1819400,73560,0,1892960,4104056,15617,15753342976,15.43
233.823,1819400,73560,0,1892960,4104056,15617,15753342976,15.43
233.924,1819400,73560,0,1892960,4104056,15617,15753342976,15.43
234.025,1819400,73560,0,1892960,4104056,15617,15753342976,15.43
234.125,1819400,73560,0,1892960,4104056,15617,15753342976,15.43
234.226,1819400,73560,0,1892960,4104056,15617,15753342976,15.43
234.327,1819400,73560,0,1892960,4104056,15617,15753342976,15.43
234.427,1819400,73560,0,1892960,4104056,15617,15753342976,15.43
234.528,1819400,73560,0,1892960,4104056,15617,15753342976,15.43
234.628,1819400,73560,0,1892960,4104056,15617,15753342976,15.43
234.729,1819400,73560,0,1892960,4104056,15617,15753342976,15.43
234.830,1819400,73560,0,1892960,4104056,15617,15753342976,15.43
234.931,1819400,73560,0,1892960,4104056,15617,15753342976,15.43
235.031,1819400,73560,0,1892960,4104056,15617,15753342976,15.43
235.131,1819400,73560,0,1892960,4104056,15617,15753342976,15.43
235.232,1819400,73560,0,1892960,4104056,15617,15753342976,15.43
235.332,1819400,73560,0,1892960,4104056,15617,15753342976,15.43
235.433,1819400,73560,0,1892960,4104056,15617,15753342976,25.5
235.533,1819400,73560,0,1892960,4104056,15617,15753342976,25.5
235.634,1819400,73560,0,1892960,4104056,15617,15753342976,25.5
235.734,1819400,73560,0,1892960,4104056,15617,15753342976,25.5
235.835,1819400,73560,0,1892960,4104056,15617,15753342976,25.5
235.936,1819400,73560,0,1892960,4104056,15617,15753342976,25.5
236.036,1819400,73560,0,1892960,4104056,15617,15753342976,25.5
236.137,1819400,73560,0,1892960,4104056,15617,15753342976,25.5
236.238,1819400,73560,0,1892960,4104056,15617,15753342976,25.5
236.338,1819400,73560,0,1892960,4104056,15617,15753342976,25.5
236.438,1819400,73560,0,1892960,4104056,15617,15753342976,25.5
236.539,1819400,71268,0,1890668,4104056,15617,15753342976,25.5
236.639,1819400,71268,0,1890668,4104056,15617,15753342976,25.5
236.740,1819400,71268,0,1890668,4104056,15617,15753342976,25.5
236.840,1819400,71268,0,1890668,4104056,15617,15753342976,25.5
236.941,1819400,71268,0,1890668,4104056,15617,15753342976,25.5
237.042,1819400,71252,0,1890652,4104056,15617,15753342976,25.5
237.142,1819400,71252,0,1890652,4104056,15617,15753342976,25.5
237.243,1819400,71252,0,1890652,4104056,15617,15753342976,25.5
237.343,1819400,71252,0,1890652,4104056,15617,15753342976,25.5
237.444,1819400,71252,0,1890652,4104056,15617,15753342976,33.74
237.544,1819400,71252,0,1890652,4104056,15617,15753342976,33.74
237.644,1819400,71252,0,1890652,4104056,15617,15753342976,33.74
237.745,1819400,71252,0,1890652,4104056,15617,15753342976,33.74
237.845,1819400,71252,0,1890652,4104056,15617,15753342976,33.74
237.946,1819400,71252,0,1890652,4104056,15617,15753342976,33.74
238.046,1819400,71252,0,1890652,4104056,15617,15753342976,33.74
238.147,1819400,71252,0,1890652,4104056,15617,15753342976,33.74
238.247,1819400,71252,0,1890652,4104056,15617,15753342976,33.74
238.347,1819400,71252,0,1890652,4104056,15617,15753342976,33.74
238.448,1819400,71252,0,1890652,4104056,15617,15753342976,33.74
238.548,1819400,71252,0,1890652,4104056,15617,15753342976,33.74
238.649,1819400,71252,0,1890652,4104056,15617,15753342976,33.74
238.749,1819400,71252,0,1890652,4104056,15617,15753342976,33.74
238.850,1819400,71248,0,1890648,4104056,15617,15753342976,33.74
238.950,1819400,71248,0,1890648,4104056,15617,15753342976,33.74
239.051,1819400,71248,0,1890648,4104056,15617,15753342976,33.74
239.151,1819400,71248,0,1890648,4104056,15617,15753342976,33.74
239.252,1819400,71248,0,1890648,4104056,15617,15753342976,33.74
239.352,1819400,71248,0,1890648,4104056,15617,15753342976,33.74
239.452,1819400,71248,0,1890648,4104056,15617,15753342976,35.23
239.553,1819400,71248,0,1890648,4104056,15617,15753342976,35.23
239.654,1819400,71248,0,1890648,4104056,15617,15753342976,35.23
239.754,1819400,71248,0,1890648,4104056,15617,15753342976,35.23
239.854,1819400,71248,0,1890648,4104056,15617,15753342976,35.23
239.955,1819400,71248,0,1890648,4104056,15617,15753342976,35.23
240.056,1819400,71248,0,1890648,4104056,15617,15753342976,35.23
240.156,1819400,71248,0,1890648,4104056,15617,15753342976,35.23
240.257,1819400,71248,0,1890648,4104056,15617,15753342976,35.23
240.357,1819400,71248,0,1890648,4104056,15617,15753342976,35.23
240.458,1819400,71248,0,1890648,4104056,15617,15753342976,35.23
240.559,1819400,71248,0,1890648,4104056,15617,15753342976,35.23
240.659,1819400,71248,0,1890648,4104056,15617,15753342976,35.23
240.760,1819400,71248,0,1890648,4104056,15617,15753342976,35.23
240.861,1819400,71248,0,1890648,4104056,15617,15753342976,35.23
240.961,1819400,71248,0,1890648,4104056,15617,15753342976,35.23
241.062,1819400,71248,0,1890648,4104056,15617,15753342976,35.23
241.162,1819400,71248,0,1890648,4104056,15617,15753342976,35.23
241.263,1819400,71248,0,1890648,4104056,15617,15753342976,35.23
241.363,1819400,71248,0,1890648,4104056,15617,15753342976,35.23
241.464,1819400,71248,0,1890648,4104056,15617,15753342976,35.23
241.565,1819400,71248,0,1890648,4104056,15617,15753342976,41.89
241.665,1819400,71248,0,1890648,4104056,15617,15753351168,41.89
241.765,1819400,71248,0,1890648,4104056,15617,15844229120,41.89
241.866,1819400,71248,0,1890648,4104056,15617,15965233152,41.89
241.966,1819400,71248,0,1890648,4104056,15617,16055857152,41.89
242.067,1819400,71248,0,1890648,4104056,15617,16055857152,41.89
242.167,1819400,71248,0,1890648,4104056,15617,16055857152,41.89
242.268,1819400,71248,0,1890648,4104056,15617,16055857152,41.89
242.368,1819400,71248,0,1890648,4104056,15617,16055857152,41.89
242.468,1819400,71248,0,1890648,4104056,15617,16055857152,41.89
242.569,1819400,71248,0,1890648,4104056,15617,16055857152,41.89
242.669,1819400,71248,0,1890648,4104056,15617,16055857152,41.89
242.770,1819400,71248,0,1890648,4104056,15617,16055857152,41.89
242.870,1819400,71248,0,1890648,4104056,15617,16055857152,41.89
242.971,1819400,71248,0,1890648,4104056,15617,16055857152,41.89
243.071,1819400,71248,0,1890648,4104056,15617,16055857152,41.89
243.172,1819400,71248,0,1890648,4104056,15617,16055857152,41.89
243.272,1819400,71248,0,1890648,4104056,15617,16055857152,41.89
243.373,1819400,71248,0,1890648,4104056,15617,16055857152,41.89
243.473,1819400,71248,0,1890648,4104056,15617,16055857152,41.89
243.574,1819400,71248,0,1890648,4104056,15617,16055857152,44.81
243.674,1819400,71248,0,1890648,4104056,15617,16055857152,44.81
243.775,1819400,71248,0,1890648,4104056,15617,16055857152,44.81
243.875,1819400,71248,0,1890648,4104056,15617,16055857152,44.81
243.976,1819400,71248,0,1890648,4104056,15617,16055857152,44.81
244.076,1819400,71248,0,1890648,4104056,15617,16055857152,44.81
244.177,1819400,71248,0,1890648,4104056,15617,16055857152,44.81
244.277,1819400,71248,0,1890648,4104056,15617,16055857152,44.81
244.378,1819400,71248,0,1890648,4104056,15617,16055857152,44.81
244.478,1819400,71248,0,1890648,4104056,15617,16055857152,44.81
244.578,1819400,71248,0,1890648,4104056,15617,16055857152,44.81
244.679,1819400,71248,0,1890648,4104056,15617,16055857152,44.81
244.779,1819400,71248,0,1890648,4104056,15617,16055857152,44.81
244.880,1819400,71248,0,1890648,4104056,15617,16055857152,44.81
244.980,1819400,71248,0,1890648,4104056,15617,16055857152,44.81
245.081,1819400,71248,0,1890648,4104056,15617,16055857152,44.81
245.181,1819400,71248,0,1890648,4104056,15617,16055857152,44.81
245.281,1819400,70848,0,1890248,4104056,15617,16055857152,44.81
245.382,1819400,70272,0,1889672,4104056,15617,16055857152,44.81
245.482,1819400,70264,0,1889664,4104056,15617,16055857152,44.81
245.583,1819400,70264,0,1889664,4104056,15617,16055857152,49.74
245.683,1819400,70264,0,1889664,4104056,15617,16055857152,49.74
245.783,1819400,70264,0,1889664,4104056,15617,16055857152,49.74
245.884,1819400,70264,0,1889664,4104056,15617,16055857152,49.74
245.984,1819400,70264,0,1889664,4104056,15617,16055857152,49.74
246.084,1819400,70264,0,1889664,4104056,15617,16055857152,49.74
246.185,1819400,70264,0,1889664,4104056,15617,16055857152,49.74
246.285,1819400,70264,0,1889664,4104056,15617,16055857152,49.74
246.385,1819400,70264,0,1889664,4104056,15617,16055857152,49.74
246.486,1819400,70264,0,1889664,4104056,15617,16055857152,49.74
246.586,1819400,70264,0,1889664,4104056,15617,16055857152,49.74
246.687,1819400,70264,0,1889664,4104056,15617,16055857152,49.74
246.787,1819400,70264,0,1889664,4104056,15617,16055857152,49.74
246.887,1819400,70264,0,1889664,4104056,15617,16055857152,49.74
246.988,1819400,70264,0,1889664,4104056,15617,16055857152,49.74
247.088,1819400,70264,0,1889664,4104056,15617,16055857152,49.74
247.188,1819400,70264,0,1889664,4104056,15617,16055857152,49.74
247.289,1819400,70264,0,1889664,4104056,15617,16055857152,49.74
247.389,1819400,70264,0,1889664,4104056,15617,16055857152,49.74
247.489,1819400,70264,0,1889664,4104056,15617,16055857152,47.79
247.590,1819400,70264,0,1889664,4104056,15617,16055857152,47.79
247.691,1819400,70264,0,1889664,4104056,15617,16055857152,47.79
247.791,1819400,70264,0,1889664,4104056,15617,16055857152,47.79
247.892,1819400,70264,0,1889664,4104056,15617,16055857152,47.79
247.992,1819400,70264,0,1889664,4104056,15617,16055857152,47.79
248.092,1819400,70264,0,1889664,4104056,15617,16055857152,47.79
248.193,1819400,70264,0,1889664,4104056,15617,16055857152,47.79
248.293,1819400,70264,0,1889664,4104056,15617,16055857152,47.79
248.393,1819400,70264,0,1889664,4104056,15617,16055857152,47.79
248.494,1819400,70264,0,1889664,4104056,15617,16055857152,47.79
248.594,1819400,70264,0,1889664,4104056,15617,16055857152,47.79
248.695,1819400,70264,0,1889664,4104056,15617,16055857152,47.79
248.795,1819400,70264,0,1889664,4104056,15617,16055857152,47.79
248.895,1819400,70264,0,1889664,4104056,15617,16055857152,47.79
248.996,1819400,70264,0,1889664,4104056,15617,16055857152,47.79
249.096,1819400,70264,0,1889664,4104056,15617,16055857152,47.79
249.196,1819400,70264,0,1889664,4104056,15617,16055857152,47.79
249.297,1819400,70264,0,1889664,4104056,15617,16055857152,47.79
249.397,1819400,70264,0,1889664,4104056,15617,16055857152,47.79
249.498,1819400,70264,0,1889664,4104056,15617,16055857152,49.82
249.598,1819400,70264,0,1889664,4104056,15617,16055857152,49.82
249.698,1819400,70264,0,1889664,4104056,15617,16055857152,49.82
249.799,1819400,70140,0,1889540,4104056,15617,16055857152,49.82
249.899,1819400,70140,0,1889540,4104056,15617,16055857152,49.82
249.999,1819400,70140,0,1889540,4104056,15617,16055857152,49.82
250.100,1819400,70140,0,1889540,4104056,15617,16055857152,49.82
250.200,1819400,70048,0,1889448,4104056,15617,16055857152,49.82
250.301,1819400,70048,0,1889448,4104056,15617,16055857152,49.82
250.401,1819400,70048,0,1889448,4104056,15617,16055857152,49.82
250.501,1819400,70048,0,1889448,4104056,15617,16055857152,49.82
250.602,1819400,70048,0,1889448,4104056,15617,16106795008,49.82
250.702,1819400,70048,0,1889448,4104056,15617,16229552128,49.82
250.803,1819400,70048,0,1889448,4104056,15617,16270032896,49.82
250.903,1819400,70048,0,1889448,4104056,15617,16270032896,49.82
251.003,1819400,70048,0,1889448,4104056,15617,16270032896,49.82
251.104,1819400,70048,0,1889448,4104056,15617,16270032896,49.82
251.204,1819400,70048,0,1889448,4104056,15617,16270032896,49.82
251.304,1819400,70048,0,1889448,4104056,15617,16270032896,49.82
251.405,1819400,70048,0,1889448,4104056,15617,16270032896,50.94
251.505,1819400,70048,0,1889448,4104056,15617,16270032896,50.94
251.606,1819400,70048,0,1889448,4104056,15617,16270032896,50.94
251.706,1819400,70048,0,1889448,4104056,15617,16270032896,50.94
251.806,1819400,70048,0,1889448,4104056,15617,16270032896,50.94
251.907,1819400,70048,0,1889448,4104056,15617,16270032896,50.94
252.007,1819400,70048,0,1889448,4104056,15617,16270032896,50.94
252.108,1819400,70048,0,1889448,4104056,15617,16270032896,50.94
252.208,1819400,70048,0,1889448,4104056,15617,16270032896,50.94
252.308,1819400,70048,0,1889448,4104056,15617,16270032896,50.94
252.409,1819400,70048,0,1889448,4104056,15617,16270032896,50.94
252.509,1819400,70048,0,1889448,4104056,15617,16270032896,50.94
252.609,1819400,70048,0,1889448,4104056,15617,16270032896,50.94
252.710,1819400,70048,0,1889448,4104056,15617,16270032896,50.94
252.810,1819400,70048,0,1889448,4104056,15617,16270032896,50.94
252.910,1819400,70048,0,1889448,4104056,15617,16270032896,50.94
253.011,1819400,70048,0,1889448,4104056,15617,16270032896,50.94
253.111,1819400,70048,0,1889448,4104056,15617,16270032896,50.94
253.212,1819400,70048,0,1889448,4104056,15617,16270032896,50.94
253.312,1819400,70048,0,1889448,4104056,15617,16270032896,50.94
253.412,1819400,70048,0,1889448,4104056,15617,16270032896,53.3
253.513,1819400,70048,0,1889448,4104056,15617,16270032896,53.3
253.613,1819400,70048,0,1889448,4104056,15617,16270032896,53.3
253.714,1819400,70048,0,1889448,4104056,15617,16270032896,53.3
253.814,1819400,70048,0,1889448,4104056,15617,16270032896,53.3
253.914,1819400,70048,0,1889448,4104056,15617,16270032896,53.3
254.015,1819400,70048,0,1889448,4104056,15617,16270032896,53.3
254.115,1819400,70048,0,1889448,4104056,15617,16270032896,53.3
254.215,1819400,70048,0,1889448,4104056,15617,16270032896,53.3
254.316,1819400,70048,0,1889448,4104056,15617,16270032896,53.3
254.416,1819400,70048,0,1889448,4104056,15617,16270032896,53.3
254.517,1819400,70048,0,1889448,4104056,15617,16270032896,53.3
254.617,1819400,70048,0,1889448,4104056,15617,16270032896,53.3
254.717,1819400,70048,0,1889448,4104056,15617,16270032896,53.3
254.818,1819400,70048,0,1889448,4104056,15617,16270032896,53.3
254.918,1819400,70048,0,1889448,4104056,15617,16270032896,53.3
255.019,1819400,70048,0,1889448,4104056,15617,16270032896,53.3
255.119,1819400,70048,0,1889448,4104056,15617,16270032896,53.3
255.219,1819400,70048,0,1889448,4104056,15617,16270032896,53.3
255.320,1819400,70048,0,1889448,4104056,15617,16270032896,53.3
255.420,1819400,70048,0,1889448,4104056,15617,16270032896,52.7
255.521,1819400,70048,0,1889448,4104056,15617,16270032896,52.7
255.621,1819400,70048,0,1889448,4104056,15617,16270032896,52.7
255.722,1819400,70048,0,1889448,4104056,15617,16270032896,52.7
255.822,1819400,70048,0,1889448,4104056,15617,16270032896,52.7
255.922,1819400,70048,0,1889448,4104056,15617,16270032896,52.7
256.023,1819400,70048,0,1889448,4104056,15617,16270032896,52.7
256.123,1819400,70048,0,1889448,4104056,15617,16270032896,52.7
256.224,1819400,70048,0,1889448,4104056,15617,16270032896,52.7
256.324,1819400,70048,0,1889448,4104056,15617,16270032896,52.7
256.424,1819400,70048,0,1889448,4104056,15617,16270032896,52.7
256.525,1819400,70048,0,1889448,4104056,15617,16270032896,52.7
256.625,1819400,70048,0,1889448,4104056,15617,16270032896,52.7
256.726,1819400,70048,0,1889448,4104056,15617,16270032896,52.7
256.826,1819400,70048,0,1889448,4104056,15617,16270032896,52.7
256.927,1819400,70048,0,1889448,4104056,15617,16270032896,52.7
257.027,1819400,70048,0,1889448,4104056,15617,16270032896,52.7
257.128,1819400,70048,0,1889448,4104056,15617,16270032896,52.7
257.228,1819400,70048,0,1889448,4104056,15617,16270032896,52.7
257.328,1819400,70048,0,1889448,4104056,15617,16270032896,52.7
257.429,1819400,70048,0,1889448,4104056,15617,16270032896,54.39
257.529,1819400,70048,0,1889448,4104056,15617,16270032896,54.39
257.630,1819400,70048,0,1889448,4104056,15617,16270032896,54.39
257.730,1819400,70048,0,1889448,4104056,15617,16270032896,54.39
257.831,1819400,70048,0,1889448,4104056,15617,16270032896,54.39
257.931,1819400,70048,0,1889448,4104056,15617,16270032896,54.39
258.032,1819400,70048,0,1889448,4104056,15617,16270032896,54.39
258.132,1819400,69680,0,1889080,4104056,15617,16270032896,54.39
258.233,1819400,69680,0,1889080,4104056,15617,16270032896,54.39
258.333,1819400,69680,0,1889080,4104056,15617,16270032896,54.39
258.434,1819400,69660,0,1889060,4104056,15617,16270032896,54.39
258.534,1819400,69660,0,1889060,4104056,15617,16270032896,54.39
258.635,1819400,69660,0,1889060,4104056,15617,16270032896,54.39
258.735,1819400,69660,0,1889060,4104056,15617,16270032896,54.39
258.836,1819400,69660,0,1889060,4104056,15617,16270032896,54.39
258.936,1819400,69660,0,1889060,4104056,15617,16270032896,54.39
259.036,1819400,69660,0,1889060,4104056,15617,16270032896,54.39
259.137,1819400,69660,0,1889060,4104056,15617,16270032896,54.39
259.238,1819400,69660,0,1889060,4104056,15617,16299986944,54.39
259.338,1819400,69660,0,1889060,4104056,15617,16416878592,54.39
259.439,1819400,69660,0,1889060,4104056,15617,16519909376,56.49
259.539,1819400,69660,0,1889060,4104056,15617,16519909376,56.49
259.640,1819400,69660,0,1889060,4104056,15617,16519909376,56.49
259.740,1819400,69660,0,1889060,4104056,15617,16519909376,56.49
259.841,1819400,69660,0,1889060,4104056,15617,16519909376,56.49
259.941,1819400,69660,0,1889060,4104056,15617,16519909376,56.49
260.042,1819400,69660,0,1889060,4104056,15617,16519909376,56.49
260.142,1819400,69660,0,1889060,4104056,15617,16519909376,56.49
260.243,1819400,69660,0,1889060,4104056,15617,16519909376,56.49
260.343,1819400,69660,0,1889060,4104056,15617,16519909376,56.49
260.444,1819400,69660,0,1889060,4104056,15617,16519909376,56.49
260.544,1819400,69660,0,1889060,4104056,15617,16519909376,56.49
260.645,1819400,69660,0,1889060,4104056,15617,16519909376,56.49
260.745,1819400,69660,0,1889060,4104056,15617,16519909376,56.49
260.846,1819400,69660,0,1889060,4104056,15617,16519909376,56.49
260.947,1819400,69660,0,1889060,4104056,15617,16519909376,56.49
261.047,1819400,69660,0,1889060,4104056,15617,16519909376,56.49
261.148,1819400,69660,0,1889060,4104056,15617,16519909376,56.49
261.249,1819400,69660,0,1889060,4104056,15617,16519909376,56.49
261.349,1819400,69660,0,1889060,4104056,15617,16519909376,56.49
261.450,1819400,69660,0,1889060,4104056,15617,16519909376,57.49
261.550,1819400,68764,0,1888164,4104056,15617,16519909376,57.49
261.651,1819400,68764,0,1888164,4104056,15617,16519909376,57.49
261.752,1819400,67200,0,1886600,4104056,15617,16519909376,57.49
261.852,1819400,67052,0,1886452,4104056,15617,16519909376,57.49
261.953,1819400,64500,0,1883900,4104056,15617,16519909376,57.49
262.053,1819400,64500,0,1883900,4104056,15617,16519909376,57.49
262.154,1819400,63016,0,1882416,4104056,15617,16519909376,57.49
262.254,1819400,61876,0,1881276,4104056,15617,16519909376,57.49
262.355,1819400,61740,0,1881140,4104056,15617,16519909376,57.49
262.455,1819400,61740,0,1881140,4104056,15617,16519909376,57.49
262.556,1819400,61336,0,1880736,4104056,15617,16519909376,57.49
262.657,1819400,61096,0,1880496,4104056,15617,16519909376,57.49
262.757,1819400,61096,0,1880496,4104056,15617,16519909376,57.49
262.858,1819400,61096,0,1880496,4104056,15617,16519909376,57.49
262.958,1819400,60856,0,1880256,4104056,15617,16519909376,57.49
263.059,1819400,60616,0,1880016,4104056,15617,16519909376,57.49
263.159,1819400,60428,0,1879828,4104056,15617,16519909376,57.49
263.260,1819400,60428,0,1879828,4104056,15617,16519909376,57.49
263.361,1819400,60348,0,1879748,4104056,15617,16519909376,57.49
263.461,1819400,60344,0,1879744,4104056,15617,16519909376,60.12
263.562,1819400,60340,0,1879740,4104056,15617,16519909376,60.12
263.662,1819400,60340,0,1879740,4104056,15617,16519909376,60.12
263.763,1819400,60340,0,1879740,4104056,15617,16519909376,60.12
263.863,1819400,60340,0,1879740,4104056,15617,16519909376,60.12
263.964,1819400,60340,0,1879740,4104056,15617,16519909376,60.12
264.064,1819400,60340,0,1879740,4104056,15617,16519909376,60.12
264.164,1819400,60340,0,1879740,4104056,15617,16519909376,60.12
264.265,1819400,60340,0,1879740,4104056,15617,16519909376,60.12
264.365,1819400,60340,0,1879740,4104056,15617,16519909376,60.12
264.466,1819400,60164,0,1879564,4104056,15617,16519909376,60.12
264.567,1819400,60020,0,1879420,4104056,15617,16519909376,60.12
264.667,1819400,60020,0,1879420,4104056,15617,16519909376,60.12
264.768,1819400,60020,0,1879420,4104056,15617,16519909376,60.12
264.868,1819400,60020,0,1879420,4104056,15617,16519909376,60.12
264.968,1819400,60020,0,1879420,4104056,15617,16519909376,60.12
265.069,1819400,60020,0,1879420,4104056,15617,16519909376,60.12
265.170,1819400,60012,0,1879412,4104056,15617,16519909376,60.12
265.270,1819400,60012,0,1879412,4104056,15617,16519909376,60.12
265.371,1819400,60012,0,1879412,4104056,15617,16519909376,60.12
265.471,1819400,59948,0,1879348,4104056,15617,16519909376,57.2
265.572,1819400,59948,0,1879348,4104056,15617,16519909376,57.2
265.673,1819400,59948,0,1879348,4104056,15617,16519909376,57.2
265.773,1819400,59948,0,1879348,4104056,15617,16519909376,57.2
265.873,1819400,59948,0,1879348,4104056,15617,16519909376,57.2
265.974,1819400,59820,0,1879220,4104056,15617,16519909376,57.2
266.075,1819400,59580,0,1878980,4104056,15617,16519909376,57.2
266.175,1819400,59580,0,1878980,4104056,15617,16519909376,57.2
266.276,1819400,59580,0,1878980,4104056,15617,16519909376,57.2
266.376,1819400,59580,0,1878980,4104056,15617,16519909376,57.2
266.477,1819400,58812,0,1878212,4104056,15617,16519909376,57.2
266.577,1819400,58812,0,1878212,4104056,15617,16519909376,57.2
266.678,1819400,58800,0,1878200,4104056,15617,16519909376,57.2
266.778,1819400,58800,0,1878200,4104056,15617,16519909376,57.2
266.878,1819400,58800,0,1878200,4104056,15617,16519909376,57.2
266.979,1819400,58800,0,1878200,4104056,15617,16519909376,57.2
267.079,1819400,58800,0,1878200,4104056,15617,16519909376,57.2
267.180,1819400,58800,0,1878200,4104056,15617,16519909376,57.2
267.280,1819400,58800,0,1878200,4104056,15617,16519909376,57.2
267.381,1819400,58800,0,1878200,4104056,15617,16519909376,57.2
267.482,1819400,58800,0,1878200,4104056,15617,16519909376,59.7
267.582,1819400,58800,0,1878200,4104056,15617,16519909376,59.7
267.683,1819400,58800,0,1878200,4104056,15617,16519909376,59.7
267.783,1819400,58800,0,1878200,4104056,15617,16519909376,59.7
267.884,1819400,58800,0,1878200,4104056,15617,16519917568,59.7
267.985,1819400,58800,0,1878200,4104056,15617,16531746816,59.7
268.085,1819400,58800,0,1878200,4104056,15617,16605351936,59.7
268.186,1819400,58800,0,1878200,4104056,15617,16605351936,59.7
268.286,1819400,58800,0,1878200,4104056,15617,16605351936,59.7
268.387,1819400,58800,0,1878200,4104056,15617,16605351936,59.7
268.488,1819400,58800,0,1878200,4104056,15617,16605351936,59.7
268.588,1819400,58800,0,1878200,4104056,15617,16605351936,59.7
268.689,1819400,58800,0,1878200,4104056,15617,16605351936,59.7
268.789,1819400,58800,0,1878200,4104056,15617,16605351936,59.7
268.890,1819400,58800,0,1878200,4104056,15617,16605351936,59.7
268.990,1819400,58800,0,1878200,4104056,15617,16605351936,59.7
269.091,1819400,58800,0,1878200,4104056,15617,16605351936,59.7
269.192,1819400,58800,0,1878200,4104056,15617,16605351936,59.7
269.292,1819400,58800,0,1878200,4104056,15617,16605351936,59.7
269.393,1819400,58800,0,1878200,4104056,15617,16605351936,59.7
269.494,1819400,58800,0,1878200,4104056,15617,16605351936,60.11
269.594,1819400,58800,0,1878200,4104056,15617,16605351936,60.11
269.695,1819400,58800,0,1878200,4104056,15617,16605351936,60.11
269.796,1819400,58800,0,1878200,4104056,15617,16605351936,60.11
269.897,1819400,58800,0,1878200,4104056,15617,16605351936,60.11
269.997,1819400,58800,0,1878200,4104056,15617,16605351936,60.11
270.098,1819400,58800,0,1878200,4104056,15617,16605351936,60.11
270.198,1819400,58800,0,1878200,4104056,15617,16605351936,60.11
270.299,1819400,58800,0,1878200,4104056,15617,16605351936,60.11
270.399,1819400,58800,0,1878200,4104056,15617,16605351936,60.11
270.500,1819400,58800,0,1878200,4104056,15617,16605351936,60.11
270.601,1819400,58800,0,1878200,4104056,15617,16605351936,60.11
270.701,1819400,58800,0,1878200,4104056,15617,16605351936,60.11
270.802,1819400,58800,0,1878200,4104056,15617,16605351936,60.11
270.903,1819400,58800,0,1878200,4104056,15617,16605351936,60.11
271.003,1819400,58800,0,1878200,4104056,15617,16605351936,60.11
271.103,1819400,58800,0,1878200,4104056,15617,16605351936,60.11
271.204,1819400,58800,0,1878200,4104056,15617,16605351936,60.11
271.304,1819400,58800,0,1878200,4104056,15617,16605351936,60.11
271.405,1819400,58800,0,1878200,4104056,15617,16605351936,60.11
271.505,1819400,58800,0,1878200,4104056,15617,16605351936,60.11
271.606,1819400,58800,0,1878200,4104056,15617,16605351936,61.9
271.706,1819400,58800,0,1878200,4104056,15617,16605351936,61.9
271.807,1819400,58800,0,1878200,4104056,15617,16605351936,61.9
271.907,1819400,58800,0,1878200,4104056,15617,16605351936,61.9
272.008,1819400,58800,0,1878200,4104056,15617,16605351936,61.9
272.108,1819400,58800,0,1878200,4104056,15617,16605351936,61.9
272.209,1819400,58800,0,1878200,4104056,15617,16605351936,61.9
272.309,1819400,58800,0,1878200,4104056,15617,16605351936,61.9
272.410,1819400,58800,0,1878200,4104056,15617,16605351936,61.9
272.510,1819400,58800,0,1878200,4104056,15617,16605351936,61.9
272.611,1819400,58800,0,1878200,4104056,15617,16605351936,61.9
272.711,1819400,58800,0,1878200,4104056,15617,16605351936,61.9
272.812,1819400,58800,0,1878200,4104056,15617,16605351936,61.9
272.912,1819400,58800,0,1878200,4104056,15617,16605351936,61.9
273.012,1819400,58800,0,1878200,4104056,15617,16605351936,61.9
273.113,1819400,58800,0,1878200,4104056,15617,16605351936,61.9
273.213,1819400,58800,0,1878200,4104056,15617,16605351936,61.9
273.314,1819400,58800,0,1878200,4104056,15617,16605351936,61.9
273.415,1819400,58800,0,1878200,4104056,15617,16605351936,61.9
273.515,1819400,58800,0,1878200,4104056,15617,16605351936,61.9
273.616,1819400,58800,0,1878200,4104056,15617,16605351936,58.3
273.716,1819400,58800,0,1878200,4104056,15617,16605351936,58.3
273.817,1819400,58800,0,1878200,4104056,15617,16605351936,58.3
273.917,1819400,58800,0,1878200,4104056,15617,16605351936,58.3
274.018,1819400,58800,0,1878200,4104056,15617,16605351936,58.3
274.118,1819400,58800,0,1878200,4104056,15617,16605351936,58.3
274.219,1819400,58800,0,1878200,4104056,15617,16605351936,58.3
274.319,1819400,58800,0,1878200,4104056,15617,16605351936,58.3
274.420,1819400,58800,0,1878200,4104056,15617,16605351936,58.3
274.520,1819400,58800,0,1878200,4104056,15617,16605351936,58.3
274.621,1819400,58800,0,1878200,4104056,15617,16605351936,58.3
274.721,1819400,58800,0,1878200,4104056,15617,16605351936,58.3
274.822,1819400,58800,0,1878200,4104056,15617,16605351936,58.3
274.922,1819400,58800,0,1878200,4104056,15617,16605351936,58.3
275.023,1819400,58800,0,1878200,4104056,15617,16605351936,58.3
275.124,1819400,58800,0,1878200,4104056,15617,16605351936,58.3
275.224,1819400,58800,0,1878200,4104056,15617,16605351936,58.3
275.324,1819400,58800,0,1878200,4104056,15617,16605351936,58.3
275.425,1819400,58800,0,1878200,4104056,15617,16605351936,58.3
275.525,1819400,58800,0,1878200,4104056,15617,16605351936,58.3
275.626,1819400,58800,0,1878200,4104056,15617,16605351936,59.69
275.727,1819400,58800,0,1878200,4104056,15617,16605351936,59.69
275.827,1819400,58800,0,1878200,4104056,15617,16605351936,59.69
275.928,1819400,58800,0,1878200,4104056,15617,16605351936,59.69
276.028,1819400,58800,0,1878200,4104056,15617,16605351936,59.69
276.129,1819400,58800,0,1878200,4104056,15617,16605351936,59.69
276.230,1819400,58800,0,1878200,4104056,15617,16605351936,59.69
276.331,1819400,58800,0,1878200,4104056,15617,16605351936,59.69
276.431,1819400,58800,0,1878200,4104056,15617,16605351936,59.69
276.531,1819400,58800,0,1878200,4104056,15617,16605351936,59.69
276.632,1819400,58800,0,1878200,4104056,15617,16605351936,59.69
276.732,1819400,58800,0,1878200,4104056,15617,16605351936,59.69
276.833,1819400,58800,0,1878200,4104056,15617,16605351936,59.69
276.934,1819400,58800,0,1878200,4104056,15617,16605351936,59.69
277.034,1819400,58800,0,1878200,4104056,15617,16605351936,59.69
277.134,1819400,58800,0,1878200,4104056,15617,16605351936,59.69
277.235,1819400,58800,0,1878200,4104056,15617,16605351936,59.69
277.335,1819400,58800,0,1878200,4104056,15617,16605351936,59.69
277.435,1819400,58800,0,1878200,4104056,15617,16605351936,59.69
277.536,1819400,58800,0,1878200,4104056,15617,16605351936,59.69
277.636,1819400,58800,0,1878200,4104056,15617,16605351936,62.1
277.737,1819400,58800,0,1878200,4104056,15617,16605351936,62.1
277.837,1819400,58800,0,1878200,4104056,15617,16605351936,62.1
277.938,1819400,58800,0,1878200,4104056,15617,16605351936,62.1
278.038,1819400,58800,0,1878200,4104056,15617,16605351936,62.1
278.138,1819400,58800,0,1878200,4104056,15617,16605351936,62.1
278.239,1819400,58800,0,1878200,4104056,15617,16605351936,62.1
278.340,1819400,58800,0,1878200,4104056,15617,16605351936,62.1
278.440,1819400,58800,0,1878200,4104056,15617,16605351936,62.1
278.540,1819400,58800,0,1878200,4104056,15617,16605351936,62.1
278.641,1819400,58800,0,1878200,4104056,15617,16605351936,62.1
278.741,1819400,58800,0,1878200,4104056,15617,16605351936,62.1
278.842,1819400,58800,0,1878200,4104056,15617,16605351936,62.1
278.942,1819400,58800,0,1878200,4104056,15617,16605351936,62.1
279.042,1819400,58800,0,1878200,4104056,15617,16605351936,62.1
279.143,1819400,58800,0,1878200,4104056,15617,16605351936,62.1
279.243,1819400,58800,0,1878200,4104056,15617,16605351936,62.1
279.344,1819400,58800,0,1878200,4104056,15617,16605351936,62.1
279.444,1819400,58800,0,1878200,4104056,15617,16605351936,62.1
279.544,1819400,58800,0,1878200,4104056,15617,16605351936,61.36
279.645,1819400,58800,0,1878200,4104056,15617,16605351936,61.36
279.745,1819400,58800,0,1878200,4104056,15617,16605351936,61.36
279.845,1819400,58800,0,1878200,4104056,15617,16605351936,61.36
279.946,1819400,58800,0,1878200,4104056,15617,16605351936,61.36
280.046,1819400,58368,0,1877768,4104056,15617,16605351936,61.36
280.147,1819400,58368,0,1877768,4104056,15617,16605351936,61.36
280.247,1819400,58368,0,1877768,4104056,15617,16605351936,61.36
280.347,1819400,58368,0,1877768,4104056,15617,16605351936,61.36
280.448,1819400,57128,0,1876528,4104056,15617,16605351936,61.36
280.548,1819400,57128,0,1876528,4104056,15617,16605351936,61.36
280.648,1819400,57128,0,1876528,4104056,15617,16605351936,61.36
280.749,1819400,57128,0,1876528,4104056,15617,16605351936,61.36
280.849,1819400,57128,0,1876528,4104056,15617,16605351936,61.36
280.949,1819400,57044,0,1876444,4104056,15617,16605351936,61.36
281.050,1819400,57044,0,1876444,4104056,15617,16605351936,61.36
281.150,1819400,57044,0,1876444,4104056,15617,16605351936,61.36
281.250,1819400,57008,0,1876408,4104056,15617,16605351936,61.36
281.351,1819400,57008,0,1876408,4104056,15617,16605351936,61.36
281.451,1819400,57008,0,1876408,4104056,15617,16605351936,61.36
281.552,1819400,57008,0,1876408,4104056,15617,16605351936,63.1
281.652,1819400,57008,0,1876408,4104056,15617,16605351936,63.1
281.752,1819400,57008,0,1876408,4104056,15617,16605351936,63.1
281.853,1819400,57008,0,1876408,4104056,15617,16605351936,63.1
281.953,1819400,57008,0,1876408,4104056,15617,16605351936,63.1
282.053,1819400,57008,0,1876408,4104056,15617,16605351936,63.1
282.154,1819400,57008,0,1876408,4104056,15617,16605351936,63.1
282.254,1819400,56412,0,1875812,4104056,15617,16605351936,63.1
282.355,1819400,56412,0,1875812,4104056,15617,16605351936,63.1
282.455,1819400,56344,0,1875744,4104056,15617,16605351936,63.1
282.555,1819400,56344,0,1875744,4104056,15617,16605351936,63.1
282.656,1819400,55216,0,1874616,4104056,15617,16605351936,63.1
282.756,1819400,55216,0,1874616,4104056,15617,16605351936,63.1
282.856,1819400,55216,0,1874616,4104056,15617,16605351936,63.1
282.957,1819400,55216,0,1874616,4104056,15617,16605351936,63.1
283.057,1819400,55216,0,1874616,4104056,15617,16605351936,63.1
283.158,1819400,55216,0,1874616,4104056,15617,16605351936,63.1
283.258,1819400,55216,0,1874616,4104056,15617,16605351936,63.1
283.358,1819400,55216,0,1874616,4104056,15617,16605351936,63.1
283.459,1819400,55216,0,1874616,4104056,15617,16605351936,63.1
283.559,1819400,55216,0,1874616,4104056,15617,16605351936,59.82
283.660,1819400,55216,0,1874616,4104056,15617,16605351936,59.82
283.760,1819400,55216,0,1874616,4104056,15617,16605351936,59.82
283.860,1819400,55216,0,1874616,4104056,15617,16605351936,59.82
283.961,1819400,55216,0,1874616,4104056,15617,16605351936,59.82
284.061,1819400,55216,0,1874616,4104056,15617,16605351936,59.82
284.162,1819400,55216,0,1874616,4104056,15617,16605351936,59.82
284.262,1819400,55216,0,1874616,4104056,15617,16605351936,59.82
284.362,1819400,55216,0,1874616,4104056,15617,16605351936,59.82
284.463,1819400,55216,0,1874616,4104056,15617,16605351936,59.82
284.563,1819400,55216,0,1874616,4104056,15617,16605351936,59.82
284.663,1819400,55216,0,1874616,4104056,15617,16605351936,59.82
284.764,1819400,55216,0,1874616,4104056,15617,16605351936,59.82
284.864,1819400,55216,0,1874616,4104056,15617,16605351936,59.82
284.964,1819400,55216,0,1874616,4104056,15617,16605351936,59.82
285.065,1819400,55216,0,1874616,4104056,15617,16605351936,59.82
285.165,1819400,55028,0,1874428,4104056,15617,16605351936,59.82
285.266,1819400,55028,0,1874428,4104056,15617,16605351936,59.82
285.366,1819400,55028,0,1874428,4104056,15617,16605351936,59.82
285.466,1819400,55028,0,1874428,4104056,15617,16605351936,57.5
285.567,1819400,55028,0,1874428,4104056,15617,16605351936,57.5
285.667,1819400,55028,0,1874428,4104056,15617,16613740544,57.5
285.767,1819400,55028,0,1874428,4104056,15617,16613740544,57.5
285.868,1819400,55028,0,1874428,4104056,15617,16613740544,57.5
285.968,1819400,55028,0,1874428,4104056,15617,16613740544,57.5
286.069,1819400,55028,0,1874428,4104056,15617,16613740544,57.5
286.169,1819400,55028,0,1874428,4104056,15617,16622129152,57.5
286.269,1819400,55028,0,1874428,4104056,15617,16622129152,57.5
286.370,1819400,55028,0,1874428,4104056,15617,16622129152,57.5
286.470,1819400,55028,0,1874428,4104056,15617,16622129152,57.5
286.570,1819400,55028,0,1874428,4104056,15617,16622129152,57.5
286.671,1819400,55028,0,1874428,4104056,15617,16630517760,57.5
286.771,1819400,55028,0,1874428,4104056,15617,16630517760,57.5
286.872,1819400,55028,0,1874428,4104056,15617,16630517760,57.5
286.972,1819400,55028,0,1874428,4104056,15617,16630517760,57.5
287.072,1819400,55028,0,1874428,4104056,15617,16630517760,57.5
287.173,1819400,55028,0,1874428,4104056,15617,16630517760,57.5
287.273,1819400,55028,0,1874428,4104056,15617,16630517760,57.5
287.373,1819400,55028,0,1874428,4104056,15617,16630517760,57.5
287.474,1819400,55028,0,1874428,4104056,15617,16630517760,60.13
287.574,1819400,55028,0,1874428,4104056,15617,16630517760,60.13
287.675,1819400,55028,0,1874428,4104056,15617,16630517760,60.13
287.775,1819400,55028,0,1874428,4104056,15617,16638906368,60.13
287.875,1819400,55028,0,1874428,4104056,15617,16638906368,60.13
287.976,1819400,55028,0,1874428,4104056,15617,16638906368,60.13
288.076,1819400,55028,0,1874428,4104056,15617,16638906368,60.13
288.177,1819400,55028,0,1874428,4104056,15617,16638906368,60.13
288.277,1819400,55028,0,1874428,4104056,15617,16638906368,60.13
288.378,1819400,55028,0,1874428,4104056,15617,16638906368,60.13
288.478,1819400,55028,0,1874428,4104056,15617,16638906368,60.13
288.578,1819400,55028,0,1874428,4104056,15617,16638906368,60.13
288.679,1819400,55028,0,1874428,4104056,15617,16638906368,60.13
288.779,1819400,55028,0,1874428,4104056,15617,16638906368,60.13
288.880,1819400,55028,0,1874428,4104056,15617,16647294976,60.13
288.980,1819400,55028,0,1874428,4104056,15617,16647294976,60.13
289.080,1819400,55028,0,1874428,4104056,15617,16647294976,60.13
289.181,1819400,55028,0,1874428,4104056,15617,16647294976,60.13
289.281,1819400,55028,0,1874428,4104056,15617,16647294976,60.13
289.382,1819400,55028,0,1874428,4104056,15617,16647294976,60.13
289.482,1819400,55028,0,1874428,4104056,15617,16647294976,59.2
289.583,1819400,55028,0,1874428,4104056,15617,16647294976,59.2
289.683,1819400,55028,0,1874428,4104056,15617,16647294976,59.2
289.783,1819400,55028,0,1874428,4104056,15617,16647294976,59.2
289.884,1819400,55028,0,1874428,4104056,15617,16647294976,59.2
289.984,1819400,55028,0,1874428,4104056,15617,16655683584,59.2
290.085,1819400,55028,0,1874428,4104056,15617,16655683584,59.2
290.185,1819400,55028,0,1874428,4104056,15617,16655683584,59.2
290.286,1819400,55028,0,1874428,4104056,15617,16655683584,59.2
290.386,1819400,55028,0,1874428,4104056,15617,16655683584,59.2
290.487,1819400,55028,0,1874428,4104056,15617,16655683584,59.2
290.587,1819400,55028,0,1874428,4104056,15617,16655683584,59.2
290.688,1819400,55028,0,1874428,4104056,15617,16655683584,59.2
290.788,1819400,55028,0,1874428,4104056,15617,16655683584,59.2
290.889,1819400,55028,0,1874428,4104056,15617,16655683584,59.2
290.989,1819400,55028,0,1874428,4104056,15617,16659877888,59.2
291.090,1819400,55028,0,1874428,4104056,15617,16659877888,59.2
291.190,1819400,55028,0,1874428,4104056,15617,16659877888,59.2
291.291,1819400,55028,0,1874428,4104056,15617,16659877888,59.2
291.391,1819400,55028,0,1874428,4104056,15617,16668266496,59.2
291.492,1819400,55028,0,1874428,4104056,15617,16668266496,60.07
291.592,1819400,55028,0,1874428,4104056,15617,16668266496,60.07
291.693,1819400,55028,0,1874428,4104056,15617,16668266496,60.07
291.793,1819400,55028,0,1874428,4104056,15617,16668266496,60.07
291.894,1819400,55028,0,1874428,4104056,15617,16676655104,60.07
291.994,1819400,55028,0,1874428,4104056,15617,16676655104,60.07
292.095,1819400,55028,0,1874428,4104056,15617,16685043712,60.07
292.195,1819400,55028,0,1874428,4104056,15617,16685043712,60.07
292.295,1819400,55028,0,1874428,4104056,15617,16685043712,60.07
292.396,1819400,55028,0,1874428,4104056,15617,16693432320,60.07
292.496,1819400,55028,0,1874428,4104056,15617,16693432320,60.07
292.597,1819400,55028,0,1874428,4104056,15617,16693432320,60.07
292.697,1819400,55028,0,1874428,4104056,15617,16701820928,60.07
292.798,1819400,55028,0,1874428,4104056,15617,16701820928,60.07
292.898,1819400,55028,0,1874428,4104056,15617,16701820928,60.07
292.999,1819400,55028,0,1874428,4104056,15617,16701820928,60.07
293.099,1819400,55028,0,1874428,4104056,15617,16701820928,60.07
293.200,1819400,55028,0,1874428,4104056,15617,16701820928,60.07
293.300,1819400,55028,0,1874428,4104056,15617,16701820928,60.07
293.401,1819400,55028,0,1874428,4104056,15617,16701820928,60.07
293.501,1819400,55028,0,1874428,4104056,15617,16701820928,57.7
293.602,1819400,55028,0,1874428,4104056,15617,16710209536,57.7
293.702,1819400,55028,0,1874428,4104056,15617,16710209536,57.7
293.803,1819400,55028,0,1874428,4104056,15617,16710209536,57.7
293.903,1819400,55028,0,1874428,4104056,15617,16718598144,57.7
294.003,1819400,55028,0,1874428,4104056,15617,16718598144,57.7
294.104,1819400,55028,0,1874428,4104056,15617,16718598144,57.7
294.205,1819400,55028,0,1874428,4104056,15617,16718598144,57.7
294.305,1819400,55028,0,1874428,4104056,15617,16718598144,57.7
294.406,1819400,55028,0,1874428,4104056,15617,16718598144,57.7
294.506,1819400,55028,0,1874428,4104056,15617,16718598144,57.7
294.607,1819400,55028,0,1874428,4104056,15617,16726986752,57.7
294.707,1819400,55028,0,1874428,4104056,15617,16726986752,57.7
294.808,1819400,55028,0,1874428,4104056,15617,16726986752,57.7
294.908,1819400,55028,0,1874428,4104056,15617,16726986752,57.7
295.009,1819400,55028,0,1874428,4104056,15617,16735375360,57.7
295.110,1819400,55028,0,1874428,4104056,15617,16735375360,57.7
295.210,1819400,55028,0,1874428,4104056,15617,16735375360,57.7
295.311,1819400,55028,0,1874428,4104056,15617,16735375360,57.7
295.411,1819400,55028,0,1874428,4104056,15617,16735375360,57.7
295.512,1819400,55028,0,1874428,4104056,15617,16735375360,58.48
295.613,1819400,55028,0,1874428,4104056,15617,16735375360,58.48
295.713,1819400,55028,0,1874428,4104056,15617,16743763968,58.48
295.814,1819400,55028,0,1874428,4104056,15617,16743763968,58.48
295.914,1819400,55028,0,1874428,4104056,15617,16743763968,58.48
296.015,1819400,55028,0,1874428,4104056,15617,16743763968,58.48
296.115,1819400,55028,0,1874428,4104056,15617,16752152576,58.48
296.216,1819400,55028,0,1874428,4104056,15617,16752152576,58.48
296.316,1819400,55028,0,1874428,4104056,15617,16760541184,58.48
296.417,1819400,55028,0,1874428,4104056,15617,16760541184,58.48
296.518,1819400,55028,0,1874428,4104056,15617,16760541184,58.48
296.618,1819400,55028,0,1874428,4104056,15617,16760541184,58.48
296.719,1819400,55028,0,1874428,4104056,15617,16764735488,58.48
296.820,1819400,55028,0,1874428,4104056,15617,16773124096,58.48
296.920,1819400,55028,0,1874428,4104056,15617,16773124096,58.48
297.021,1819400,55028,0,1874428,4104056,15617,16773124096,58.48
297.122,1819400,55028,0,1874428,4104056,15617,16773124096,58.48
297.222,1819400,55028,0,1874428,4104056,15617,16773124096,58.48
297.323,1819400,55028,0,1874428,4104056,15617,16789901312,58.48
297.424,1819400,55028,0,1874428,4104056,15617,16789901312,58.48
297.524,1819400,55028,0,1874428,4104056,15617,16789901312,57.3
297.625,1819400,55028,0,1874428,4104056,15617,16789901312,57.3
297.725,1819400,55028,0,1874428,4104056,15617,16789901312,57.3
297.826,1819400,55012,0,1874412,4104056,15617,16798289920,57.3
297.926,1819400,55012,0,1874412,4104056,15617,16798289920,57.3
298.027,1819400,55012,0,1874412,4104056,15617,16798289920,57.3
298.127,1819400,55012,0,1874412,4104056,15617,16798289920,57.3
298.228,1819400,55012,0,1874412,4104056,15617,16798289920,57.3
298.329,1819400,55012,0,1874412,4104056,15617,16815067136,57.3
298.429,1819400,55012,0,1874412,4104056,15617,16823455744,57.3
298.529,1819400,55012,0,1874412,4104056,15617,16823455744,57.3
298.630,1819400,55012,0,1874412,4104056,15617,16823455744,57.3
298.731,1819400,55012,0,1874412,4104056,15617,16823455744,57.3
298.831,1819400,55012,0,1874412,4104056,15617,16823455744,57.3
298.932,1819400,55012,0,1874412,4104056,15617,16823455744,57.3
299.033,1819400,55012,0,1874412,4104056,15617,16823455744,57.3
299.133,1819400,55012,0,1874412,4104056,15617,16823455744,57.3
299.234,1819400,55012,0,1874412,4104056,15617,16823455744,57.3
299.335,1819400,55012,0,1874412,4104056,15617,16831844352,57.3
299.435,1819400,55012,0,1874412,4104056,15617,16848621568,57.3
299.536,1819400,55012,0,1874412,4104056,15617,16848621568,58.51
299.637,1819400,55012,0,1874412,4104056,15617,16848621568,58.51
299.737,1819400,55012,0,1874412,4104056,15617,16848621568,58.51
299.838,1819400,55012,0,1874412,4104056,15617,16848621568,58.51
299.939,1819400,55012,0,1874412,4104056,15617,16848621568,58.51
300.040,1819400,55012,0,1874412,4104056,15617,16848621568,58.51
300.140,1819400,55012,0,1874412,4104056,15617,16848621568,58.51
300.241,1819400,55012,0,1874412,4104056,15617,16848621568,58.51
300.341,1819400,55012,0,1874412,4104056,15617,16848621568,58.51
300.442,1819400,55012,0,1874412,4104056,15617,16857010176,58.51
300.542,1819400,53412,0,1872812,4104056,15617,16873787392,58.51
300.643,1819400,53412,0,1872812,4104056,15617,16873787392,58.51
300.743,1819400,53412,0,1872812,4104056,15617,16873787392,58.51
300.844,1819400,53412,0,1872812,4104056,15617,16873787392,58.51
300.944,1819400,53412,0,1872812,4104056,15617,16882176000,58.51
301.045,1819400,53412,0,1872812,4104056,15617,16882176000,58.51
301.145,1819400,53412,0,1872812,4104056,15617,16882176000,58.51
301.246,1819400,53412,0,1872812,4104056,15617,16882176000,58.51
301.346,1819400,53412,0,1872812,4104056,15617,16882176000,58.51
301.447,1819400,53412,0,1872812,4104056,15617,16890564608,58.51
301.547,1819400,53412,0,1872812,4104056,15617,16898719744,58.51
301.647,1819400,53412,0,1872812,4104056,15617,16898719744,55.16
301.748,1819400,53412,0,1872812,4104056,15617,16900866048,55.16
301.848,1819400,53412,0,1872812,4104056,15617,16900866048,55.16
301.949,1819400,53412,0,1872812,4104056,15617,16900866048,55.16
302.049,1819400,53412,0,1872812,4104056,15617,16901533696,55.16
302.150,1819400,53412,0,1872812,4104056,15617,16901533696,55.16
302.250,1819400,53412,0,1872812,4104056,15617,16901533696,55.16
302.350,1819400,53412,0,1872812,4104056,15617,16901533696,55.16
302.451,1819400,53412,0,1872812,4104056,15617,16901533696,55.16
302.551,1819400,53412,0,1872812,4104056,15617,16901533696,55.16
302.652,1819400,53412,0,1872812,4104056,15617,16901562368,55.16
302.752,1819400,53412,0,1872812,4104056,15617,16901562368,55.16
302.853,1819400,53412,0,1872812,4104056,15617,16901562368,55.16
302.954,1819400,53412,0,1872812,4104056,15617,16901562368,55.16
303.054,1819400,53412,0,1872812,4104056,15617,16901562368,55.16
303.155,1819400,53412,0,1872812,4104056,15617,16901566464,55.16
303.256,1819400,79268,0,1898668,4104056,15622,16943464448,55.16
303.356,1819400,200868,0,2020268,4104056,15636,17060904960,55.16
303.456,1819400,289748,0,2109148,4104056,15647,17153179648,55.16
303.557,1819400,379860,0,2199260,4104056,15658,17245454336,55.16
303.657,1819400,484308,0,2303708,4104056,15671,17354506240,52.59
303.758,1819400,584660,0,2404060,4104056,15683,17455169536,52.59
303.858,1819400,707496,0,2526896,4104056,15698,17580998656,52.59
303.959,1819400,723880,0,2543280,4104056,15700,17606164480,52.59
304.059,1819400,740264,0,2559664,4104056,15702,17622941696,52.59
304.160,1819400,791464,0,2610864,4104056,15709,17673273344,52.59
304.260,1819400,879528,0,2698928,4104056,15719,17757159424,52.59
304.360,1819400,969640,0,2789040,4104056,15730,17849434112,52.59
304.461,1819400,1051560,0,2870960,4104056,15740,17933320192,52.59
304.561,1819400,1117096,0,2936496,4104056,15748,18000429056,52.59
304.662,1819400,1194920,0,3014320,4104056,15758,18084315136,52.59
304.762,1819400,1190824,0,3010224,4104056,15772,18201755648,52.59
304.863,1819400,52244,0,1871644,4104056,15777,18233712640,52.59
304.963,1819400,158376,0,1977776,4104056,15783,18423271424,52.59
305.064,1819400,285132,0,2104532,4104056,15783,18462269440,52.59
305.164,1819400,285196,0,2104596,4104056,15783,18462269440,52.59
305.265,1819400,285196,0,2104596,4104056,15783,18462269440,52.59
305.366,1819400,285196,0,2104596,4104056,15783,18462269440,52.59
305.467,1819400,285196,0,2104596,4104056,15783,18462269440,52.59
305.568,1819400,285196,0,2104596,4104056,15783,18462269440,52.59
305.668,1819400,285196,0,2104596,4104056,15783,18462269440,55.02
305.768,1819400,285196,0,2104596,4104056,15783,18462269440,55.02
305.869,1819400,285196,0,2104596,4104056,15783,18462269440,55.02
305.971,1819400,285196,0,2104596,4104056,15783,18462269440,55.02
306.072,1819400,285196,0,2104596,4104056,15783,18462269440,55.02
306.173,1819400,285196,0,2104596,4104056,15783,18462269440,55.02
306.273,1819400,285196,0,2104596,4104056,15783,18462269440,55.02
306.374,1819400,285196,0,2104596,4104056,15783,18462269440,55.02
306.474,1819400,285196,0,2104596,4104056,15783,18462269440,55.02
306.575,1819400,285196,0,2104596,4104056,15783,18462269440,55.02
306.676,1819400,285196,0,2104596,4104056,15783,18462269440,55.02
306.777,1819400,285196,0,2104596,4104056,15783,18462269440,55.02
306.878,1819400,285196,0,2104596,4104056,15783,18462269440,55.02
306.978,1819400,285196,0,2104596,4104056,15783,18462269440,55.02
307.079,1819400,285196,0,2104596,4104056,15783,18462269440,55.02
307.179,1819400,285196,0,2104596,4104056,15783,18462269440,55.02
307.280,1819400,285196,0,2104596,4104056,15783,18462269440,55.02
307.381,1819400,285196,0,2104596,4104056,15783,18462269440,55.02
307.481,1819400,285196,0,2104596,4104056,15783,18462269440,55.02
307.582,1819400,285196,0,2104596,4104056,15783,18462269440,55.02
307.682,1819400,285196,0,2104596,4104056,15783,18462269440,55.38
307.783,1819400,285196,0,2104596,4104056,15783,18462269440,55.38
307.884,1819400,285196,0,2104596,4104056,15783,18462269440,55.38
307.984,1819400,285196,0,2104596,4104056,15783,18462269440,55.38
308.085,1819400,285196,0,2104596,4104056,15783,18462269440,55.38
308.185,1819400,285196,0,2104596,4104056,15783,18462269440,55.38
308.286,1819400,285196,0,2104596,4104056,15783,18462269440,55.38
308.387,1819400,285196,0,2104596,4104056,15783,18462269440,55.38
308.488,1819400,285196,0,2104596,4104056,15783,18462269440,55.38
308.588,1819400,285196,0,2104596,4104056,15783,18462269440,55.38
308.688,1819400,285196,0,2104596,4104056,15783,18462269440,55.38
308.789,1819400,285196,0,2104596,4104056,15783,18462269440,55.38
308.890,1819400,285196,0,2104596,4104056,15783,18462269440,55.38
308.991,1819400,285196,0,2104596,4104056,15783,18462269440,55.38
309.091,1819400,285196,0,2104596,4104056,15783,18462269440,55.38
309.191,1819400,285196,0,2104596,4104056,15783,18462269440,55.38
309.292,1819400,285196,0,2104596,4104056,15783,18462269440,55.38
309.392,1819400,285196,0,2104596,4104056,15783,18462269440,55.38
309.492,1819400,285196,0,2104596,4104056,15783,18462269440,55.38
309.593,1819400,285196,0,2104596,4104056,15783,18462269440,55.38
309.693,1819400,285196,0,2104596,4104056,15783,18462269440,56.76
309.794,1819400,285196,0,2104596,4104056,15783,18462269440,56.76
309.894,1819400,285196,0,2104596,4104056,15783,18462269440,56.76
309.994,1819400,285196,0,2104596,4104056,15783,18462269440,56.76
310.095,1819400,285196,0,2104596,4104056,15783,18462269440,56.76
310.195,1819400,285196,0,2104596,4104056,15783,18462269440,56.76
310.295,1819400,285196,0,2104596,4104056,15783,18462269440,56.76
310.396,1819400,285196,0,2104596,4104056,15783,18462269440,56.76
310.496,1819400,285196,0,2104596,4104056,15783,18462269440,56.76
310.596,1819400,285196,0,2104596,4104056,15783,18462269440,56.76
310.697,1819400,285196,0,2104596,4104056,15783,18462269440,56.76
310.797,1819400,285196,0,2104596,4104056,15783,18462269440,56.76
310.898,1819400,285196,0,2104596,4104056,15783,18462269440,56.76
310.998,1819400,285196,0,2104596,4104056,15783,18462269440,56.76
311.098,1819400,285196,0,2104596,4104056,15783,18462269440,56.76
311.199,1819400,285196,0,2104596,4104056,15783,18462269440,56.76
311.299,1819400,285196,0,2104596,4104056,15783,18462269440,56.76
311.399,1819400,285196,0,2104596,4104056,15783,18462269440,56.76
311.500,1819400,285196,0,2104596,4104056,15783,18462269440,56.76
311.600,1819400,285196,0,2104596,4104056,15783,18462269440,52.64
311.701,1819400,285196,0,2104596,4104056,15783,18462269440,52.64
311.801,1819400,285196,0,2104596,4104056,15783,18462269440,52.64
311.901,1819400,285196,0,2104596,4104056,15783,18462269440,52.64
312.002,1819400,285196,0,2104596,4104056,15783,18462269440,52.64
312.102,1819400,285196,0,2104596,4104056,15783,18462269440,52.64
312.203,1819400,285196,0,2104596,4104056,15783,18462269440,52.64
312.303,1819400,285196,0,2104596,4104056,15783,18462269440,52.64
312.403,1819400,285196,0,2104596,4104056,15783,18462269440,52.64
312.504,1819400,285196,0,2104596,4104056,15783,18462269440,52.64
312.604,1819400,285196,0,2104596,4104056,15783,18462269440,52.64
312.704,1819400,285196,0,2104596,4104056,15783,18462269440,52.64
312.805,1819400,285196,0,2104596,4104056,15783,18462269440,52.64
312.905,1819400,285196,0,2104596,4104056,15783,18462269440,52.64
313.006,1819400,285196,0,2104596,4104056,15783,18462269440,52.64
313.106,1819400,285196,0,2104596,4104056,15783,18462269440,52.64
313.206,1819400,285196,0,2104596,4104056,15783,18462269440,52.64
313.307,1819400,285196,0,2104596,4104056,15783,18462269440,52.64
313.407,1819400,285196,0,2104596,4104056,15783,18462269440,52.64
313.507,1819400,285196,0,2104596,4104056,15783,18462269440,52.64
313.608,1819400,285196,0,2104596,4104056,15783,18462269440,55.6
313.708,1819400,285196,0,2104596,4104056,15783,18462269440,55.6
313.809,1819400,285196,0,2104596,4104056,15783,18462269440,55.6
313.910,1819400,285196,0,2104596,4104056,15783,18462269440,55.6
314.010,1819400,285196,0,2104596,4104056,15783,18462269440,55.6
314.110,1819400,285196,0,2104596,4104056,15783,18462269440,55.6
314.211,1819400,285196,0,2104596,4104056,15783,18462269440,55.6
314.311,1819400,285196,0,2104596,4104056,15783,18462269440,55.6
314.412,1819400,285196,0,2104596,4104056,15783,18462269440,55.6
314.512,1819400,285196,0,2104596,4104056,15783,18462269440,55.6
314.612,1819400,285196,0,2104596,4104056,15783,18462269440,55.6
314.713,1819400,285196,0,2104596,4104056,15783,18462269440,55.6
314.813,1819400,285196,0,2104596,4104056,15783,18462269440,55.6
314.914,1819400,285196,0,2104596,4104056,15783,18462269440,55.6
315.014,1819400,285196,0,2104596,4104056,15783,18462269440,55.6
315.115,1819400,285196,0,2104596,4104056,15783,18462269440,55.6
315.215,1819400,285196,0,2104596,4104056,15783,18462269440,55.6
315.315,1819400,285196,0,2104596,4104056,15783,18462269440,55.6
315.416,1819400,285196,0,2104596,4104056,15783,18462269440,55.6
315.516,1819400,285196,0,2104596,4104056,15783,18462269440,55.6
315.616,1819400,285196,0,2104596,4104056,15783,18462269440,55.13
315.717,1819400,285196,0,2104596,4104056,15783,18462269440,55.13
315.817,1819400,285196,0,2104596,4104056,15783,18462269440,55.13
315.918,1819400,285196,0,2104596,4104056,15783,18462269440,55.13
316.018,1819400,285196,0,2104596,4104056,15783,18462269440,55.13
316.118,1819400,285196,0,2104596,4104056,15783,18462269440,55.13
316.219,1819400,285196,0,2104596,4104056,15783,18462269440,55.13
316.319,1819400,285196,0,2104596,4104056,15783,18462269440,55.13
316.419,1819400,285196,0,2104596,4104056,15783,18462269440,55.13
316.520,1819400,285196,0,2104596,4104056,15783,18462269440,55.13
316.620,1819400,285196,0,2104596,4104056,15783,18462269440,55.13
316.720,1819400,285196,0,2104596,4104056,15783,18462269440,55.13
316.821,1819400,285196,0,2104596,4104056,15783,18462269440,55.13
316.921,1819400,285196,0,2104596,4104056,15783,18462269440,55.13
317.021,1819400,285196,0,2104596,4104056,15783,18462269440,55.13
317.122,1819400,285196,0,2104596,4104056,15783,18462269440,55.13
317.222,1819400,285196,0,2104596,4104056,15783,18462269440,55.13
317.323,1819400,285196,0,2104596,4104056,15783,18462269440,55.13
317.423,1819400,285196,0,2104596,4104056,15783,18462269440,55.13
317.523,1819400,285196,0,2104596,4104056,15783,18462269440,56.55
317.624,1819400,285196,0,2104596,4104056,15783,18462269440,56.55
317.724,1819400,285196,0,2104596,4104056,15783,18462269440,56.55
317.824,1819400,285196,0,2104596,4104056,15783,18462269440,56.55
317.925,1819400,285196,0,2104596,4104056,15783,18462269440,56.55
318.025,1819400,285196,0,2104596,4104056,15783,18462269440,56.55
318.125,1819400,285196,0,2104596,4104056,15783,18462269440,56.55
318.226,1819400,285196,0,2104596,4104056,15783,18462269440,56.55
318.326,1819400,285196,0,2104596,4104056,15783,18462269440,56.55
318.427,1819400,285196,0,2104596,4104056,15783,18462269440,56.55
318.527,1819400,285196,0,2104596,4104056,15783,18462269440,56.55
318.628,1819400,285196,0,2104596,4104056,15783,18462269440,56.55
318.728,1819400,285196,0,2104596,4104056,15783,18462269440,56.55
318.829,1819400,285196,0,2104596,4104056,15783,18462269440,56.55
318.929,1819400,285196,0,2104596,4104056,15783,18462269440,56.55
319.030,1819400,285196,0,2104596,4104056,15783,18462269440,56.55
319.130,1819400,285196,0,2104596,4104056,15783,18462269440,56.55
319.231,1819400,285196,0,2104596,4104056,15783,18462269440,56.55
319.331,1819400,285196,0,2104596,4104056,15783,18462269440,56.55
319.431,1819400,285196,0,2104596,4104056,15783,18462269440,56.55
319.532,1819400,285196,0,2104596,4104056,15783,18462269440,53.73
319.632,1819400,285196,0,2104596,4104056,15783,18462269440,53.73
319.733,1819400,285196,0,2104596,4104056,15783,18462269440,53.73
319.833,1819400,285196,0,2104596,4104056,15783,18462269440,53.73
319.934,1819400,285196,0,2104596,4104056,15783,18462269440,53.73
320.034,1819400,285196,0,2104596,4104056,15783,18462269440,53.73
320.134,1819400,285196,0,2104596,4104056,15783,18462269440,53.73
320.235,1819400,285196,0,2104596,4104056,15783,18462269440,53.73
320.335,1819400,285196,0,2104596,4104056,15783,18462269440,53.73
320.436,1819400,285196,0,2104596,4104056,15783,18462269440,53.73
320.536,1819400,285196,0,2104596,4104056,15783,18462269440,53.73
320.636,1819400,285196,0,2104596,4104056,15783,18462269440,53.73
320.737,1819400,285196,0,2104596,4104056,15783,18462269440,53.73
320.837,1819400,285196,0,2104596,4104056,15783,18462269440,53.73
320.938,1819400,285196,0,2104596,4104056,15783,18462269440,53.73
321.038,1819400,285196,0,2104596,4104056,15783,18462269440,53.73
321.139,1819400,285196,0,2104596,4104056,15783,18462269440,53.73
321.239,1819400,285196,0,2104596,4104056,15783,18462269440,53.73
321.340,1819400,285196,0,2104596,4104056,15783,18462269440,53.73
321.440,1819400,285196,0,2104596,4104056,15783,18462269440,53.73
321.540,1819400,285196,0,2104596,4104056,15783,18462269440,53.24
321.641,1819400,285196,0,2104596,4104056,15783,18462269440,53.24
321.741,1819400,285196,0,2104596,4104056,15783,18462269440,53.24
321.842,1819400,285196,0,2104596,4104056,15783,18462269440,53.24
321.942,1819400,285196,0,2104596,4104056,15783,18462269440,53.24
322.042,1819400,285196,0,2104596,4104056,15783,18462269440,53.24
322.143,1819400,285196,0,2104596,4104056,15783,18462269440,53.24
322.243,1819400,285196,0,2104596,4104056,15783,18462269440,53.24
322.344,1819400,285196,0,2104596,4104056,15783,18462269440,53.24
322.444,1819400,285196,0,2104596,4104056,15783,18462269440,53.24
322.544,1819400,285196,0,2104596,4104056,15783,18462269440,53.24
322.645,1819400,285196,0,2104596,4104056,15783,18462269440,53.24
322.746,1819400,285196,0,2104596,4104056,15783,18462269440,53.24
322.846,1819400,285196,0,2104596,4104056,15783,18462269440,53.24
322.947,1819400,285196,0,2104596,4104056,15783,18462269440,53.24
323.047,1819400,285196,0,2104596,4104056,15783,18462269440,53.24
323.148,1819400,285196,0,2104596,4104056,15783,18462269440,53.24
323.248,1819400,285196,0,2104596,4104056,15783,18462269440,53.24
323.349,1819400,285196,0,2104596,4104056,15783,18462269440,53.24
323.449,1819400,285196,0,2104596,4104056,15783,18462269440,53.24
323.550,1819400,285196,0,2104596,4104056,15783,18462269440,55.37
323.650,1819400,285196,0,2104596,4104056,15783,18462269440,55.37
323.750,1819400,285196,0,2104596,4104056,15783,18462269440,55.37
323.851,1819400,285196,0,2104596,4104056,15783,18462269440,55.37
323.951,1819400,285196,0,2104596,4104056,15783,18462269440,55.37
324.051,1819400,285196,0,2104596,4104056,15783,18462269440,55.37
324.152,1819400,285196,0,2104596,4104056,15783,18462269440,55.37
324.252,1819400,285196,0,2104596,4104056,15783,18462269440,55.37
324.353,1819400,285196,0,2104596,4104056,15783,18462269440,55.37
324.453,1819400,285196,0,2104596,4104056,15783,18462269440,55.37
324.554,1819400,285196,0,2104596,4104056,15783,18462269440,55.37
324.654,1819400,285196,0,2104596,4104056,15783,18462269440,55.37
324.755,1819400,285196,0,2104596,4104056,15783,18462269440,55.37
324.855,1819400,285196,0,2104596,4104056,15783,18462269440,55.37
324.956,1819400,285196,0,2104596,4104056,15783,18462269440,55.37
325.056,1819400,285196,0,2104596,4104056,15783,18462269440,55.37
325.157,1819400,285196,0,2104596,4104056,15783,18462269440,55.37
325.257,1819400,285196,0,2104596,4104056,15783,18462269440,55.37
325.358,1819400,285196,0,2104596,4104056,15783,18462269440,55.37
325.458,1819400,285196,0,2104596,4104056,15783,18462269440,55.37
325.559,1819400,285196,0,2104596,4104056,15783,18462269440,55.3
325.659,1819400,285196,0,2104596,4104056,15783,18462269440,55.3
325.760,1819400,285196,0,2104596,4104056,15783,18462269440,55.3
325.861,1819400,285196,0,2104596,4104056,15783,18462269440,55.3
325.961,1819400,285196,0,2104596,4104056,15783,18462269440,55.3
326.062,1819400,285196,0,2104596,4104056,15783,18462269440,55.3
326.163,1819400,285196,0,2104596,4104056,15783,18462269440,55.3
326.263,1819400,285196,0,2104596,4104056,15783,18462269440,55.3
326.364,1819400,285196,0,2104596,4104056,15783,18462269440,55.3
326.464,1819400,285196,0,2104596,4104056,15783,18462269440,55.3
326.565,1819400,285196,0,2104596,4104056,15783,18462269440,55.3
326.665,1819400,285196,0,2104596,4104056,15783,18462269440,55.3
326.766,1819400,285196,0,2104596,4104056,15783,18462269440,55.3
326.867,1819400,285196,0,2104596,4104056,15783,18462269440,55.3
326.967,1819400,285196,0,2104596,4104056,15783,18462269440,55.3
327.068,1819400,285196,0,2104596,4104056,15783,18462269440,55.3
327.169,1819400,285196,0,2104596,4104056,15783,18462269440,55.3
327.269,1819400,285196,0,2104596,4104056,15783,18462269440,55.3
327.370,1819400,285196,0,2104596,4104056,15783,18462269440,55.3
327.470,1819400,285196,0,2104596,4104056,15783,18462269440,55.3
327.571,1819400,285196,0,2104596,4104056,15783,18462269440,58.51
327.671,1819400,285196,0,2104596,4104056,15783,18462269440,58.51
327.772,1819400,285196,0,2104596,4104056,15783,18462269440,58.51
327.872,1819400,285196,0,2104596,4104056,15783,18462269440,58.51
327.973,1819400,285196,0,2104596,4104056,15783,18462269440,58.51
328.073,1819400,285196,0,2104596,4104056,15783,18462269440,58.51
328.174,1819400,285196,0,2104596,4104056,15783,18462269440,58.51
328.274,1819400,285196,0,2104596,4104056,15783,18462269440,58.51
328.375,1819400,285196,0,2104596,4104056,15783,18462269440,58.51
328.475,1819400,285196,0,2104596,4104056,15783,18462269440,58.51
328.576,1819400,285196,0,2104596,4104056,15783,18462269440,58.51
328.676,1819400,285196,0,2104596,4104056,15783,18462269440,58.51
328.777,1819400,285196,0,2104596,4104056,15783,18462269440,58.51
328.878,1819400,285196,0,2104596,4104056,15783,18462269440,58.51
328.978,1819400,285196,0,2104596,4104056,15783,18462269440,58.51
329.079,1819400,285196,0,2104596,4104056,15783,18462269440,58.51
329.179,1819400,285196,0,2104596,4104056,15783,18462269440,58.51
329.280,1819400,285196,0,2104596,4104056,15783,18462269440,58.51
329.381,1819400,285196,0,2104596,4104056,15783,18462269440,58.51
329.482,1819400,285196,0,2104596,4104056,15783,18462269440,58.51
329.582,1819400,285196,0,2104596,4104056,15783,18462269440,57.33
329.683,1819400,285196,0,2104596,4104056,15783,18462269440,57.33
329.783,1819400,285196,0,2104596,4104056,15783,18462269440,57.33
329.884,1819400,285196,0,2104596,4104056,15783,18462269440,57.33
329.985,1819400,285196,0,2104596,4104056,15783,18462269440,57.33
330.086,1819400,285196,0,2104596,4104056,15783,18462269440,57.33
330.186,1819400,285196,0,2104596,4104056,15783,18462269440,57.33
330.287,1819400,285196,0,2104596,4104056,15783,18462269440,57.33
330.388,1819400,285196,0,2104596,4104056,15783,18462269440,57.33
330.488,1819400,285196,0,2104596,4104056,15783,18462269440,57.33
330.589,1819400,285196,0,2104596,4104056,15783,18462269440,57.33
330.689,1819400,285196,0,2104596,4104056,15783,18462269440,57.33
330.790,1819400,285196,0,2104596,4104056,15783,18462269440,57.33
330.891,1819400,285196,0,2104596,4104056,15783,18462269440,57.33
330.991,1819400,285196,0,2104596,4104056,15783,18462269440,57.33
331.092,1819400,289036,0,2108436,4104056,15783,18462269440,57.33
331.192,1819400,285708,0,2105108,4104056,15791,18540621824,57.33
331.293,1819400,286284,0,2105684,4104056,15800,18674839552,57.33
331.393,1819400,293132,0,2112532,4104056,15804,18741948416,57.33
331.493,1819400,308812,0,2128212,4104056,15804,18758717440,57.33
331.594,1819400,321484,0,2140884,4104056,15804,18808766464,58.72
331.694,1819400,339084,0,2158484,4104056,15804,18822070272,58.72
331.795,1819400,354180,0,2173580,4104056,15804,18859556864,58.72
331.896,1819400,371148,0,2190548,4104056,15804,18892587008,58.72
331.996,1819400,388684,0,2208084,4104056,15804,18892587008,58.72
332.097,1819400,406476,0,2225876,4104056,15804,18892587008,58.72
332.197,1819400,425740,0,2245140,4104056,15804,18905169920,58.72
332.298,1819400,439880,0,2259280,4104056,15804,18938724352,58.72
332.398,1819400,451020,0,2270420,4104056,15804,18955489280,58.72
332.499,1819400,467404,0,2286804,4104056,15804,18955489280,58.72
332.599,1819400,484300,0,2303700,4104056,15804,18989043712,58.72
332.700,1819400,499596,0,2318996,4104056,15804,19005820928,58.72
332.800,1819400,515276,0,2334676,4104056,15804,19022598144,58.72
332.900,1819400,530636,0,2350036,4104056,15804,19039358976,58.72
333.001,1819400,545548,0,2364948,4104056,15804,19072909312,58.72
333.101,1819400,562380,0,2381780,4104056,15804,19089686528,58.72
333.202,1819400,577676,0,2397076,4104056,15804,19106463744,58.72
333.302,1819400,597452,0,2416852,4104056,15804,19123240960,58.72
333.403,1819400,612940,0,2432340,4104056,15804,19140018176,58.72
333.503,1819400,629452,0,2448852,4104056,15804,19173539840,58.72
333.604,1819400,642252,0,2461652,4104056,15804,19207094272,58.72
333.705,1819400,659336,0,2478736,4104056,15804,19223871488,58.4
333.805,1819400,672332,0,2491732,4104056,15804,19254890496,58.4
333.906,1819400,691980,0,2511380,4104056,15804,19254890496,58.4
334.007,1819400,707596,0,2526996,4104056,15804,19271667712,58.4
334.108,1819400,730316,0,2549716,4104056,15804,19271667712,58.4
334.208,1819400,741452,0,2560852,4104056,15804,19338776576,58.4
334.309,1819400,759628,0,2579028,4104056,15804,19355553792,58.4
334.409,1819400,774280,0,2593680,4104056,15804,19355553792,58.4
334.510,1819400,788556,0,2607956,4104056,15804,19386826752,58.4
334.610,1819400,804940,0,2624340,4104056,15804,19402932224,58.4
334.711,1819400,818828,0,2638228,4104056,15804,19470041088,58.4
334.811,1819400,834636,0,2654036,4104056,15804,19470041088,58.4
334.911,1819400,855500,0,2674900,4104056,15804,19470041088,58.4
335.012,1819400,867916,0,2687316,4104056,15804,19486818304,58.4
335.112,1819400,886540,0,2705940,4104056,15804,19503595520,58.4
335.213,1819400,900684,0,2720084,4104056,15804,19536691200,58.4
335.313,1819400,911944,0,2731344,4104056,15804,19553468416,58.4
335.413,1819400,928396,0,2747796,4104056,15804,19587022848,58.4
335.514,1819400,940172,0,2759572,4104056,15804,19587022848,58.4
335.614,1819400,959768,0,2779168,4104056,15804,19587022848,58.4
335.715,1819400,975000,0,2794400,4104056,15804,19620577280,61.05
335.816,1819400,991768,0,2811168,4104056,15804,19637354496,61.05
335.917,1819400,1006808,0,2826208,4104056,15804,19654131712,61.05
336.018,1819400,1020760,0,2840160,4104056,15807,19692273664,61.05
336.118,1819400,1038808,0,2858208,4104056,15809,19710885888,61.05
336.219,1819400,1056024,0,2875424,4104056,15809,19727663104,61.05
336.319,1819400,1067928,0,2887328,4104056,15810,19745148928,61.05
336.420,1819400,1079384,0,2898784,4104056,15811,19765530624,61.05
336.520,1819400,1082168,0,2901568,4104056,15812,19800580096,61.05
336.621,1819400,1106072,0,2925472,4104056,15813,19800580096,61.05
336.721,1819400,1120600,0,2940000,4104056,15813,19817357312,61.05
336.822,1819400,1134680,0,2954080,4104056,15813,19834134528,61.05
336.922,1819400,1154968,0,2974368,4104056,15815,19867688960,61.05
337.023,1819400,1168344,0,2987744,4104056,15816,19874947072,61.05
337.123,1819400,1184920,0,3004320,4104056,15817,19900112896,61.05
337.223,1819400,1199064,0,3018464,4104056,15818,19925278720,61.05
337.324,1819400,1217880,0,3037280,4104056,15818,19942055936,61.05
337.425,1819400,1235352,0,3054752,4104056,15818,19942055936,61.05
337.525,1819400,1249496,0,3068896,4104056,15818,19975610368,61.05
337.625,1819400,1266328,0,3085728,4104056,15819,19983998976,61.05
337.726,1819400,1282584,0,3101984,4104056,15820,20009164800,62.31
337.826,1819400,1299480,0,3118880,4104056,15820,20009164800,62.31
337.927,1819400,1318296,0,3137696,4104056,15820,20042719232,62.31
338.027,1819400,1335384,0,3154784,4104056,15820,20059496448,62.31
338.128,1819400,1352216,0,3171616,4104056,15820,20076273664,62.31
338.229,1819400,1332404,0,3151804,4104056,15820,20109828096,62.31
338.329,1819400,1329112,0,3148512,4104056,15820,20126605312,62.31
338.430,1819400,1304944,0,3124344,4104056,15820,20160159744,62.31
338.530,1819400,1295360,0,3114760,4104056,15820,20176936960,62.31
338.631,1819400,1239308,0,3058708,4104056,15820,20251205632,62.31
338.731,1819400,1249204,0,3068604,4104056,15820,20251205632,62.31
338.832,1819400,1233760,0,3053160,4104056,15820,20284563456,62.31
338.932,1819400,1248972,0,3068372,4104056,15820,20301340672,62.31
339.033,1819400,1247856,0,3067256,4104056,15820,20334895104,62.31
339.133,1819400,1250396,0,3069796,4104056,15820,20351672320,62.31
339.233,1819400,1241012,0,3060412,4104056,15822,20375662592,62.31
339.334,1819400,1240680,0,3060080,4104056,15822,20392439808,62.31
339.435,1819400,1217216,0,3036616,4104056,15822,20424814592,62.31
339.535,1819400,1212992,0,3032392,4104056,15822,20440018944,62.31
339.636,1819400,1211648,0,3031048,4104056,15822,20440018944,62.31
339.737,1819400,1188912,0,3008312,4104056,15822,20485951488,59.71
339.837,1819400,1166756,0,2986156,4104056,15822,20519505920,59.71
339.938,1819400,1182884,0,3002284,4104056,15822,20519505920,59.71
340.039,1819400,1166244,0,2985644,4104056,15823,20547305472,59.71
340.140,1819400,1158692,0,2978092,4104056,15823,20564082688,59.71
340.240,1819400,1116320,0,2935720,4104056,15823,20631191552,59.71
340.341,1819400,1114784,0,2934184,4104056,15826,20667531264,59.71
340.441,1819400,1109152,0,2928552,4104056,15826,20684308480,59.71
340.541,1819400,1102112,0,2921512,4104056,15826,20701085696,59.71
340.642,1819400,1105264,0,2924664,4104056,15826,20717862912,59.71
340.743,1819400,1099684,0,2919084,4104056,15826,20734640128,59.71
340.844,1819400,1082532,0,2901932,4104056,15826,20768194560,59.71
340.944,1819400,1077764,0,2897164,4104056,15826,20792672256,59.71
341.045,1819400,1084996,0,2904396,4104056,15826,20805255168,59.71
341.145,1819400,1066416,0,2885816,4104056,15826,20838809600,59.71
341.245,1819400,1065840,0,2885240,4104056,15826,20855586816,59.71
341.346,1819400,1069168,0,2888568,4104056,15826,20872364032,59.71
341.446,1819400,1063344,0,2882744,4104056,15826,20889141248,59.71
341.546,1819400,1075760,0,2895160,4104056,15826,20889141248,59.71
341.647,1819400,1086128,0,2905528,4104056,15826,20889141248,59.71
341.747,1819400,1078116,0,2897516,4104056,15826,20922695680,62.12
341.847,1819400,1086884,0,2906284,4104056,15826,20939071488,62.12
341.948,1819400,1051044,0,2870444,4104056,15826,20989403136,62.12
342.048,1819400,1062244,0,2881644,4104056,15826,20989403136,62.12
342.148,1819400,1058980,0,2878380,4104056,15826,21006180352,62.12
342.249,1819400,1070628,0,2890028,4104056,15826,21012471808,62.12
342.349,1819400,1076260,0,2895660,4104056,15827,21020856320,62.12
342.450,1819400,1062244,0,2881644,4104056,15827,21054410752,62.12
342.550,1819400,1077796,0,2897196,4104056,15827,21071187968,62.12
342.650,1819400,1090724,0,2910124,4104056,15827,21087965184,62.12
342.751,1819400,1100836,0,2920236,4104056,15830,21126762496,62.12
342.851,1819400,1111012,0,2930412,4104056,15830,21126762496,62.12
342.951,1819400,1107748,0,2927148,4104056,15830,21143539712,62.12
343.052,1819400,1101924,0,2921324,4104056,15830,21174996992,62.12
343.152,1819400,1123364,0,2942764,4104056,15830,21174996992,62.12
343.252,1819400,1139812,0,2959212,4104056,15830,21174996992,62.12
343.353,1819400,1123428,0,2942828,4104056,15830,21208551424,62.12
343.453,1819400,1125540,0,2944940,4104056,15830,21248921600,62.12
343.553,1819400,1143076,0,2962476,4104056,15830,21265698816,62.12
343.654,1819400,1161892,0,2981292,4104056,15830,21278281728,61.37
343.754,1819400,1181028,0,3000428,4104056,15830,21278281728,61.37
343.854,1819400,1195748,0,3015148,4104056,15832,21304508416,61.37
343.955,1819400,1201380,0,3020780,4104056,15833,21329674240,61.37
344.055,1819400,1195044,0,3014444,4104056,15833,21363228672,61.37
344.155,1819400,1206372,0,3025772,4104056,15833,21380005888,61.37
344.256,1819400,1223908,0,3043308,4104056,15833,21380005888,61.37
344.356,1819400,1239204,0,3058604,4104056,15835,21389262848,61.37
344.456,1819400,1237476,0,3056876,4104056,15836,21410234368,61.37
344.557,1819400,1253348,0,3072748,4104056,15836,21454209024,61.37
344.657,1819400,1259108,0,3078508,4104056,15836,21470986240,61.37
344.758,1819400,1258084,0,3077484,4104056,15836,21485469696,61.37
344.858,1819400,1274276,0,3093676,4104056,15836,21485469696,61.37
344.958,1819400,1260580,0,3079980,4104056,15837,21544189952,61.37
345.059,1819400,1274404,0,3093804,4104056,15837,21544189952,61.37
345.159,1819400,1258276,0,3077676,4104056,15837,21605003264,61.37
345.259,1819400,1271908,0,3091308,4104056,15837,21605003264,61.37
345.360,1819400,1277604,0,3097004,4104056,15837,21621780480,61.37
345.460,1819400,1289316,0,3108716,4104056,15837,21638557696,61.37
345.560,1819400,1290276,0,3109676,4104056,15837,21655318528,61.37
345.661,1819400,1299684,0,3119084,4104056,15837,21655318528,62.57
345.761,1819400,1275620,0,3095020,4104056,15838,21697261568,62.57
345.862,1819400,1278440,0,3097840,4104056,15838,21714038784,62.57
345.962,1819400,1288936,0,3108336,4104056,15838,21714038784,62.57
346.062,1819400,1279544,0,3098944,4104056,15839,21739204608,62.57
346.163,1819400,1292664,0,3112064,4104056,15839,21755981824,62.57
346.263,1819400,1295032,0,3114432,4104056,15839,21772759040,62.57
346.363,1819400,1275256,0,3094656,4104056,15840,21810507776,62.57
346.464,1819400,1277784,0,3097184,4104056,15840,21838819328,62.57
346.564,1819400,1263448,0,3082848,4104056,15841,21885825024,62.57
346.664,1819400,1252904,0,3072304,4104056,15842,21910990848,62.57
346.765,1819400,1231784,0,3051184,4104056,15842,21960798208,62.57
346.865,1819400,1234152,0,3053552,4104056,15842,21977575424,62.57
346.966,1819400,1211496,0,3030896,4104056,15842,22023712768,62.57
347.066,1819400,1223976,0,3043376,4104056,15842,22023712768,62.57
347.166,1819400,1235240,0,3054640,4104056,15842,22023712768,62.57
347.267,1819400,1229608,0,3049008,4104056,15842,22040489984,62.57
347.367,1819400,1236392,0,3055792,4104056,15842,22057267200,62.57
347.468,1819400,1219944,0,3039344,4104056,15842,22107598848,62.57
347.568,1819400,1220264,0,3039664,4104056,15842,22124376064,62.57
347.668,1819400,1232552,0,3051952,4104056,15842,22124376064,63.19
347.769,1819400,1244648,0,3064048,4104056,15842,22124376064,63.19
347.869,1819400,1243816,0,3063216,4104056,15842,22141153280,63.19
347.969,1819400,1247848,0,3067248,4104056,15842,22155833344,63.19
348.070,1819400,1200104,0,3019504,4104056,15842,22222942208,63.19
348.170,1819400,1206824,0,3026224,4104056,15842,22239719424,63.19
348.270,1819400,1221672,0,3041072,4104056,15842,22247419904,63.19
348.371,1819400,1232296,0,3051696,4104056,15842,22247419904,63.19
348.471,1819400,1245396,0,3064796,4104056,15842,22247419904,63.19
348.572,1819400,1222996,0,3042396,4104056,15842,22297751552,63.19
348.672,1819400,1189464,0,3008864,4104056,15843,22356471808,63.19
348.772,1819400,1189208,0,3008608,4104056,15843,22373249024,63.19
348.873,1819400,1201944,0,3021344,4104056,15843,22373249024,63.19
348.973,1819400,1209624,0,3029024,4104056,15843,22390026240,63.19
349.073,1819400,1215576,0,3034976,4104056,15843,22406803456,63.19
349.174,1819400,1232280,0,3051680,4104056,15843,22406803456,63.19
349.274,1819400,1228312,0,3047712,4104056,15843,22423580672,63.19
349.375,1819400,1226904,0,3046304,4104056,15843,22440357888,63.19
349.475,1819400,1221208,0,3040608,4104056,15843,22457135104,63.19
349.575,1819400,1213144,0,3032544,4104056,15845,22506876928,63.19
349.676,1819400,1228824,0,3048224,4104056,15845,22506876928,60.26
349.776,1819400,1234776,0,3054176,4104056,15845,22523654144,60.26
349.876,1819400,1253400,0,3072800,4104056,15845,22534139904,60.26
349.977,1819400,1232728,0,3052128,4104056,15845,22581587968,60.26
350.077,1819400,1247128,0,3066528,4104056,15845,22586994688,60.26
350.177,1819400,1263768,0,3083168,4104056,15845,22586994688,60.26
350.278,1819400,1279896,0,3099296,4104056,15845,22614253568,60.26
350.378,1819400,1285784,0,3105184,4104056,15845,22631030784,60.26
350.479,1819400,1275288,0,3094688,4104056,15845,22664585216,60.26
350.579,1819400,1270808,0,3090208,4104056,15846,22689751040,60.26
350.679,1819400,1285720,0,3105120,4104056,15846,22689751040,60.26
350.780,1819400,1268056,0,3087456,4104056,15846,22723305472,60.26
350.880,1819400,1278104,0,3097504,4104056,15846,22723305472,60.26
350.980,1819400,1264024,0,3083424,4104056,15846,22773637120,60.26
351.081,1819400,1272216,0,3091616,4104056,15847,22798802944,60.26
351.181,1819400,1282840,0,3102240,4104056,15847,22815580160,60.26
351.282,1819400,1285528,0,3104928,4104056,15847,22832357376,60.26
351.382,1819400,1298584,0,3117984,4104056,15848,22832619520,60.26
351.482,1819400,1313496,0,3132896,4104056,15849,22835503104,60.26
351.583,1819400,1313240,0,3132640,4104056,15850,22872563712,61.48
351.683,1819400,1303784,0,3123184,4104056,15850,22901923840,61.48
351.783,1819400,1306844,0,3126244,4104056,15850,22935478272,61.48
351.884,1819400,1319580,0,3138980,4104056,15850,22935478272,61.48
351.984,1819400,1317148,0,3136548,4104056,15850,22969032704,61.48
352.084,1819400,1309228,0,3128628,4104056,15850,23002587136,61.48
352.185,1819400,1300332,0,3119732,4104056,15850,23027752960,61.48
352.285,1819400,1289924,0,3109324,4104056,15851,23069696000,61.48
352.386,1819400,1281860,0,3101260,4104056,15851,23103250432,61.48
352.486,1819400,1294180,0,3113580,4104056,15851,23103250432,61.48
352.587,1819400,1302340,0,3121740,4104056,15851,23103250432,61.48
352.687,1819400,1301380,0,3120780,4104056,15851,23130513408,61.48
352.787,1819400,1318688,0,3138088,4104056,15851,23130513408,61.48
352.888,1819400,1333196,0,3152596,4104056,15851,23149977600,61.48
352.988,1819400,1352872,0,3172272,4104056,15851,23149977600,61.48
353.088,1819400,1334696,0,3154096,4104056,15851,23194013696,61.48
353.189,1819400,1348648,0,3168048,4104056,15851,23194013696,61.48
353.289,1819400,1350120,0,3169520,4104056,15851,23210790912,61.48
353.390,1819400,1353220,0,3172620,4104056,15851,23227568128,61.48
353.490,1819400,1346984,0,3166384,4104056,15852,23249588224,61.48
353.591,1819400,1339752,0,3159152,4104056,15852,23266365440,59.58
353.691,1819400,1327208,0,3146608,4104056,15852,23283142656,59.58
353.898,1819400,1324648,0,3144048,4104056,15853,23308308480,59.58
353.999,1819400,1337832,0,3157232,4104056,15853,23308308480,59.58
354.099,1819400,1331368,0,3150768,4104056,15854,23350251520,59.58
354.200,1819400,1329960,0,3149360,4104056,15855,23371223040,59.58
354.300,1819400,1332712,0,3152112,4104056,15855,23381708800,59.58
354.400,1819400,1323688,0,3143088,4104056,15855,23413166080,59.58
354.501,1819400,1336616,0,3156016,4104056,15855,23413166080,59.58
354.601,1819400,1319096,0,3138496,4104056,15855,23457206272,59.58
354.702,1819400,1325368,0,3144768,4104056,15855,23459770368,59.58
354.802,1819400,1338808,0,3158208,4104056,15855,23459770368,59.58
354.902,1819400,1354616,0,3174016,4104056,15858,23489122304,59.58
355.003,1819400,1354096,0,3173496,4104056,15858,23505899520,59.58
355.103,1819400,1362292,0,3181692,4104056,15858,23522676736,59.58
355.204,1819400,1365172,0,3184572,4104056,15858,23539453952,59.58
355.304,1819400,1377908,0,3197308,4104056,15858,23547842560,59.58
355.405,1819400,1364468,0,3183868,4104056,15859,23586136064,59.58
355.505,1819400,1361908,0,3181308,4104056,15859,23602913280,59.58
355.606,1819400,1367540,0,3186940,4104056,15860,23611301888,59.65
355.706,1819400,1375796,0,3195196,4104056,15861,23619690496,59.65
355.806,1819400,1372084,0,3191484,4104056,15861,23635410944,59.65
355.907,1819400,1362164,0,3181564,4104056,15862,23671508992,59.65
356.007,1819400,1359924,0,3179324,4104056,15862,23688286208,59.65
356.108,1819400,1364084,0,3183484,4104056,15862,23705063424,59.65
356.208,1819400,1369780,0,3189180,4104056,15862,23721840640,59.65
356.308,1819400,1368760,0,3188160,4104056,15862,23738617856,59.65
356.409,1819400,1375608,0,3195008,4104056,15862,23772172288,59.65
356.509,1819400,1373240,0,3192640,4104056,15862,23786721280,59.65
356.610,1819400,1356344,0,3175744,4104056,15862,23837052928,59.65
356.711,1819400,1368440,0,3187840,4104056,15862,23837052928,59.65
356.811,1819400,1371640,0,3191040,4104056,15862,23853830144,59.65
356.911,1819400,1369248,0,3188648,4104056,15862,23887384576,59.65
357.012,1819400,1378912,0,3198312,4104056,15862,23887384576,59.65
357.112,1819400,1369376,0,3188776,4104056,15862,23920939008,59.65
357.213,1819400,1362720,0,3182120,4104056,15863,23946104832,59.65
357.313,1819400,1363168,0,3182568,4104056,15863,23962882048,59.65
357.414,1819400,1355360,0,3174760,4104056,15863,23996141568,59.65
357.514,1819400,1335072,0,3154472,4104056,15863,24029106176,59.65
357.615,1819400,1349536,0,3168936,4104056,15863,24029106176,60.8
357.715,1819400,1347896,0,3167296,4104056,15863,24045883392,60.8
357.815,1819400,1369144,0,3188544,4104056,15863,24079437824,60.8
357.916,1819400,1355300,0,3174700,4104056,15864,24138158080,60.8
358.016,1819400,1354344,0,3173744,4104056,15864,24154935296,60.8
358.117,1819400,1357136,0,3176536,4104056,15864,24171712512,60.8
358.217,1819400,1349584,0,3168984,4104056,15864,24205266944,60.8
358.318,1819400,1357968,0,3177368,4104056,15866,24213655552,60.8
358.418,1819400,1349712,0,3169112,4104056,15866,24247209984,60.8
358.518,1819400,1349204,0,3168604,4104056,15866,24263987200,60.8
358.619,1819400,1346644,0,3166044,4104056,15866,24280764416,60.8
358.719,1819400,1360540,0,3179940,4104056,15866,24280764416,60.8
358.820,1819400,1376796,0,3196196,4104056,15866,24312221696,60.8
358.920,1819400,1377436,0,3196836,4104056,15866,24345776128,60.8
359.021,1819400,1391836,0,3211236,4104056,15866,24345776128,60.8
359.121,1819400,1391452,0,3210852,4104056,15867,24354164736,60.8
359.222,1819400,1383260,0,3202660,4104056,15867,24381427712,60.8
359.322,1819400,1400796,0,3220196,4104056,15867,24381427712,60.8
359.423,1819400,1419012,0,3238412,4104056,15867,24398204928,60.8
359.523,1819400,1419972,0,3239372,4104056,15867,24414982144,60.8
359.624,1819400,1428004,0,3247404,4104056,15867,24431759360,61.02
359.724,1819400,1440004,0,3259404,4104056,15868,24440147968,61.02
359.825,1819400,1444292,0,3263692,4104056,15869,24444342272,61.02
359.925,1819400,1448964,0,3268364,4104056,15869,24469508096,61.02
360.025,1819400,1444164,0,3263564,4104056,15869,24511451136,61.02
360.126,1819400,1439108,0,3258508,4104056,15870,24529334272,61.02
360.226,1819400,1457412,0,3276812,4104056,15870,24529334272,61.02
360.327,1819400,1459784,0,3279184,4104056,15870,24546111488,61.02
360.428,1819400,1465636,0,3285036,4104056,15871,24558694400,61.02
360.528,1819400,1468516,0,3287916,4104056,15871,24571146240,61.02
360.629,1819400,1474980,0,3294380,4104056,15871,24579534848,61.02
360.729,1819400,1454192,0,3273592,4104056,15871,24626982912,61.02
360.830,1819400,1462064,0,3281464,4104056,15871,24643743744,61.02
360.930,1819400,1476080,0,3295480,4104056,15871,24660520960,61.02
361.031,1819400,1492080,0,3311480,4104056,15871,24660520960,61.02
361.131,1819400,1480088,0,3299488,4104056,15872,24685686784,61.02
361.231,1819400,1462008,0,3281408,4104056,15873,24731947008,61.02
361.332,1819400,1462680,0,3282080,4104056,15874,24740335616,61.02
361.433,1819400,1477784,0,3297184,4104056,15874,24757112832,61.02
361.533,1819400,1482008,0,3301408,4104056,15874,24773890048,61.02
361.634,1819400,1479384,0,3298784,4104056,15874,24786210816,61.02
361.735,1819400,1490380,0,3309780,4104056,15874,24786210816,61.2
361.835,1819400,1468556,0,3287956,4104056,15877,24828153856,61.2
361.935,1819400,1474060,0,3293460,4104056,15877,24844931072,61.2
362.036,1819400,1476632,0,3296032,4104056,15877,24861708288,61.2
362.136,1819400,1486936,0,3306336,4104056,15878,24867995648,61.2
362.237,1819400,1483736,0,3303136,4104056,15878,24882671616,61.2
362.337,1819400,1480504,0,3299904,4104056,15878,24910917632,61.2
362.438,1819400,1482360,0,3301760,4104056,15878,24927694848,61.2
362.538,1819400,1499272,0,3318672,4104056,15878,24944472064,61.2
362.639,1819400,1498888,0,3318288,4104056,15878,24961249280,61.2
362.739,1819400,1488924,0,3308324,4104056,15878,25011580928,61.2
362.839,1819400,1483612,0,3303012,4104056,15878,25028349952,61.2
362.940,1819400,1474780,0,3294180,4104056,15878,25076387840,61.2
363.040,1819400,1485788,0,3305188,4104056,15878,25076387840,61.2
363.140,1819400,1500316,0,3319716,4104056,15878,25093165056,61.2
363.241,1819400,1506268,0,3325668,4104056,15878,25105747968,61.2
363.341,1819400,1491612,0,3311012,4104056,15878,25139302400,61.2
363.442,1819400,1490076,0,3309476,4104056,15879,25160273920,61.2
363.542,1819400,1491804,0,3311204,4104056,15879,25198022656,61.2
363.643,1819400,1485020,0,3304420,4104056,15879,25214799872,61.2
363.743,1819400,1495516,0,3314916,4104056,15879,25214799872,62.43
363.844,1819400,1497692,0,3317092,4104056,15879,25230004224,62.43
363.944,1819400,1489628,0,3309028,4104056,15879,25263558656,62.43
364.045,1819400,1493980,0,3313380,4104056,15880,25271947264,62.43
364.145,1819400,1487900,0,3307300,4104056,15880,25322278912,62.43
364.246,1819400,1497628,0,3317028,4104056,15880,25339056128,62.43
364.346,1819400,1503324,0,3322724,4104056,15881,25343250432,62.43
364.447,1819400,1508828,0,3328228,4104056,15881,25354784768,62.43
364.547,1819400,1483620,0,3303020,4104056,15881,25397776384,62.43
364.648,1819400,1485476,0,3304876,4104056,15881,25414553600,62.43
364.748,1819400,1486972,0,3306372,4104056,15882,25436049408,62.43
364.848,1819400,1480036,0,3299436,4104056,15882,25452818432,62.43
364.949,1819400,1493796,0,3313196,4104056,15882,25452818432,62.43
365.049,1819400,1476076,0,3295476,4104056,15882,25469595648,62.43
365.150,1819400,1482548,0,3301948,4104056,15882,25503150080,62.43
365.251,1819400,1466292,0,3285692,4104056,15883,25540767744,62.43
365.351,1819400,1460412,0,3279812,4104056,15883,25565933568,62.43
365.452,1819400,1460796,0,3280196,4104056,15883,25591099392,62.43
365.552,1819400,1480188,0,3299588,4104056,15883,25591099392,62.43
365.653,1819400,1497788,0,3317188,4104056,15883,25592369152,62.43
365.754,1819400,1500392,0,3319792,4104056,15884,25607106560,61.44
365.854,1819400,1498556,0,3317956,4104056,15884,25646555136,61.44
365.954,1819400,1502460,0,3321860,4104056,15884,25663332352,61.44
366.055,1819400,1519316,0,3338716,4104056,15884,25680109568,61.44
366.156,1819400,1520664,0,3340064,4104056,15884,25691381760,61.44
366.257,1819400,1531516,0,3350916,4104056,15884,25708142592,61.44
366.357,1819400,1528612,0,3348012,4104056,15884,25724919808,61.44
366.457,1819400,1532232,0,3351632,4104056,15884,25733308416,61.44
366.558,1819400,1536584,0,3355984,4104056,15884,25750085632,61.44
366.659,1819400,1548200,0,3367600,4104056,15884,25750085632,61.44
366.760,1819400,1551456,0,3370856,4104056,15884,25783640064,61.44
366.860,1819400,1563872,0,3383272,4104056,15884,25783640064,61.44
366.960,1819400,1578592,0,3397992,4104056,15884,25783640064,61.44
367.061,1819400,1560744,0,3380144,4104056,15884,25835020288,61.44
367.161,1819400,1575432,0,3394832,4104056,15884,25835020288,61.44
367.262,1819400,1585160,0,3404560,4104056,15884,25835020288,61.44
367.362,1819400,1600792,0,3420192,4104056,15884,25835020288,61.44
367.463,1819400,1614696,0,3434096,4104056,15884,25868574720,61.44
367.563,1819400,1614032,0,3433432,4104056,15884,25885351936,61.44
367.664,1819400,1608488,0,3427888,4104056,15885,25906323456,61.44
367.764,1819400,1609256,0,3428656,4104056,15885,25918898176,59.55
367.865,1819400,1617192,0,3436592,4104056,15885,25935659008,59.55
367.965,1819400,1635560,0,3454960,4104056,15885,25935659008,59.55
368.066,1819400,1636264,0,3455664,4104056,15885,25952272384,59.55
368.166,1819400,1644136,0,3463536,4104056,15887,25971941376,59.55
368.266,1819400,1636456,0,3455856,4104056,15887,25988718592,59.55
368.367,1819400,1645864,0,3465264,4104056,15887,26005495808,59.55
368.467,1819400,1651536,0,3470936,4104056,15888,26047373312,59.55
368.568,1819400,1660080,0,3479480,4104056,15888,26064150528,59.55
368.668,1819400,1661136,0,3480536,4104056,15888,26076733440,59.55
368.768,1819400,1675932,0,3495332,4104056,15888,26076733440,59.55
368.869,1819400,1669212,0,3488612,4104056,15888,26093510656,59.55
368.969,1819400,1683740,0,3503140,4104056,15888,26093510656,59.55
369.070,1819400,1690780,0,3510180,4104056,15889,26135453696,59.55
369.170,1819400,1692308,0,3511708,4104056,15889,26151641088,59.55
369.271,1819400,1683300,0,3502700,4104056,15890,26175234048,59.55
369.371,1819400,1667300,0,3486700,4104056,15890,26208788480,59.55
369.471,1819400,1654372,0,3473772,4104056,15890,26242342912,59.55
369.572,1819400,1654244,0,3473644,4104056,15891,26250731520,59.55
369.672,1819400,1657356,0,3476756,4104056,15891,26267508736,59.55
369.773,1819400,1669152,0,3488552,4104056,15891,26277732352,61.81
369.873,1819400,1662628,0,3482028,4104056,15891,26294509568,61.81
369.973,1819400,1676260,0,3495660,4104056,15891,26294509568,61.81
370.074,1819400,1657660,0,3477060,4104056,15892,26344841216,61.81
370.174,1819400,1671228,0,3490628,4104056,15892,26344841216,61.81
370.275,1819400,1683516,0,3502916,4104056,15892,26344841216,61.81
370.375,1819400,1651532,0,3470932,4104056,15893,26395172864,61.81
370.476,1819400,1667596,0,3486996,4104056,15893,26395172864,61.81
370.577,1819400,1676364,0,3495764,4104056,15894,26399367168,61.81
370.677,1819400,1675404,0,3494804,4104056,15894,26432921600,61.81
370.777,1819400,1657404,0,3476804,4104056,15894,26481156096,61.81
370.878,1819400,1666764,0,3486164,4104056,15894,26481156096,61.81
370.978,1819400,1678348,0,3497748,4104056,15894,26481156096,61.81
371.079,1819400,1686668,0,3506068,4104056,15894,26489544704,61.81
371.179,1819400,1664588,0,3483988,4104056,15894,26539876352,61.81
371.280,1819400,1682508,0,3501908,4104056,15894,26539876352,61.81
371.380,1819400,1664332,0,3483732,4104056,15895,26590208000,61.81
371.480,1819400,1650212,0,3469612,4104056,15896,26632151040,61.81
371.581,1819400,1656916,0,3476316,4104056,15896,26638442496,61.81
371.682,1819400,1651940,0,3471340,4104056,15896,26671996928,61.81
371.782,1819400,1663268,0,3482668,4104056,15896,26671996928,60.93
371.883,1819400,1676424,0,3495824,4104056,15897,26672160768,60.93
371.984,1819400,1683016,0,3502416,4104056,15897,26697326592,60.93
372.084,1819400,1655024,0,3474424,4104056,15897,26764435456,60.93
372.185,1819400,1651528,0,3470928,4104056,15897,26781212672,60.93
372.285,1819400,1667656,0,3487056,4104056,15897,26791698432,60.93
372.386,1819400,1676936,0,3496336,4104056,15897,26808475648,60.93
372.487,1819400,1659284,0,3478684,4104056,15897,26842030080,60.93
372.587,1819400,1679048,0,3498448,4104056,15897,26875584512,60.93
372.688,1819400,1677896,0,3497296,4104056,15898,26895572992,60.93
372.789,1819400,1685896,0,3505296,4104056,15899,26909138944,60.93
372.889,1819400,1685724,0,3505124,4104056,15899,26925916160,60.93
372.990,1819400,1681608,0,3501008,4104056,15899,26959466496,60.93
373.090,1819400,1695368,0,3514768,4104056,15899,26959466496,60.93
373.190,1819400,1710280,0,3529680,4104056,15899,26965757952,60.93
373.291,1819400,1701832,0,3521232,4104056,15900,26990923776,60.93
373.391,1819400,1688648,0,3508048,4104056,15900,27049709568,60.93
373.492,1819400,1703564,0,3522964,4104056,15900,27049709568,60.93
373.592,1819400,1699528,0,3518928,4104056,15900,27066486784,60.93
373.693,1819400,1709960,0,3529360,4104056,15900,27066486784,60.93
373.793,1819400,1704440,0,3523840,4104056,15900,27091652608,61.85
373.894,1819400,1703624,0,3523024,4104056,15900,27124879360,61.85
373.994,1819400,1710088,0,3529488,4104056,15900,27147554816,61.85
374.095,1819400,1714952,0,3534352,4104056,15900,27172712448,61.85
374.195,1819400,1716824,0,3536224,4104056,15900,27189489664,61.85
374.295,1819400,1718296,0,3537696,4104056,15900,27206266880,61.85
374.396,1819400,1729880,0,3549280,4104056,15900,27218841600,61.85
374.496,1819400,1742424,0,3561824,4104056,15901,27227230208,61.85
374.596,1819400,1748248,0,3567648,4104056,15901,27244007424,61.85
374.697,1819400,1744884,0,3564284,4104056,15902,27281756160,61.85
374.797,1819400,1760116,0,3579516,4104056,15903,27285426176,61.85
374.897,1819400,1768692,0,3588092,4104056,15903,27285426176,61.85
374.998,1819400,1773748,0,3593148,4104056,15903,27313213440,61.85
375.098,1819400,1767412,0,3586812,4104056,15903,27359350784,61.85
375.198,1819400,1787252,0,3606652,4104056,15904,27367739392,61.85
375.299,1819400,1797812,0,3617212,4104056,15904,27367739392,61.85
375.399,1819400,1804660,0,3624060,4104056,15904,27382411264,61.85
375.499,1819400,1793780,0,3613180,4104056,15904,27415965696,61.85
375.600,1819400,1810240,0,3629640,4104056,15905,27419635712,61.85
375.700,1819400,1824180,0,3643580,4104056,15905,27419635712,61.85
375.800,1819400,1807032,0,3626432,4104056,15906,27463053312,59.88
375.901,1819400,1811080,0,3630480,4104056,15907,27479830528,59.88
376.001,1819400,1798712,0,3618112,4104056,15908,27506802688,59.88
376.101,1819400,1795768,0,3615168,4104056,15910,27521417216,59.88
376.202,1819400,1800632,0,3620032,4104056,15910,27538194432,59.88
376.302,1819400,1803576,0,3622976,4104056,15910,27569455104,59.88
376.402,1819400,1790796,0,3610196,4104056,15910,27626078208,59.88
376.503,1819400,1774804,0,3594204,4104056,15911,27668021248,59.88
376.603,1819400,1773716,0,3593116,4104056,15912,27688992768,59.88
376.703,1819400,1790964,0,3610364,4104056,15912,27688992768,59.88
376.804,1819400,1806156,0,3625556,4104056,15913,27701575680,59.88
376.904,1819400,1788956,0,3608356,4104056,15913,27735130112,59.88
377.005,1819400,1778332,0,3597732,4104056,15914,27785461760,59.88
377.105,1819400,1791132,0,3610532,4104056,15914,27798044672,59.88
377.205,1819400,1808156,0,3627556,4104056,15914,27798044672,59.88
377.306,1819400,1781028,0,3600428,4104056,15914,27847589888,59.88
377.406,1819400,1784420,0,3603820,4104056,15914,27855978496,59.88
377.506,1819400,1787360,0,3606760,4104056,15914,27868561408,59.88
377.607,1819400,1800288,0,3619688,4104056,15914,27868561408,59.88
377.707,1819400,1786036,0,3605436,4104056,15914,27901325312,61.35
377.808,1819400,1770148,0,3589548,4104056,15915,27941216256,61.35
377.908,1819400,1778852,0,3598252,4104056,15915,27941216256,61.35
378.008,1819400,1769380,0,3588780,4104056,15915,27972665344,61.35
378.109,1819400,1768968,0,3588368,4104056,15915,27989442560,61.35
378.209,1819400,1769672,0,3589072,4104056,15915,28006219776,61.35
378.309,1819400,1753292,0,3572692,4104056,15915,28039774208,61.35
378.410,1819400,1766012,0,3585412,4104056,15915,28039774208,61.35
378.510,1819400,1763768,0,3583168,4104056,15915,28056551424,61.35
378.610,1819400,1777600,0,3597000,4104056,15915,28056551424,61.35
378.711,1819400,1787736,0,3607136,4104056,15916,28064940032,61.35
378.811,1819400,1773440,0,3592840,4104056,15916,28088008704,61.35
378.911,1819400,1757488,0,3576888,4104056,15918,28138184704,61.35
379.012,1819400,1764324,0,3583724,4104056,15918,28146573312,61.35
379.112,1819400,1773920,0,3593320,4104056,15918,28154961920,61.35
379.212,1819400,1771532,0,3590932,4104056,15919,28192710656,61.35
379.313,1819400,1772860,0,3592260,4104056,15919,28217876480,61.35
379.413,1819400,1769084,0,3588484,4104056,15920,28255625216,61.35
379.513,1819400,1782012,0,3601412,4104056,15921,28264587264,61.35
379.614,1819400,1786772,0,3606172,4104056,15921,28296044544,61.35
379.714,1819400,1799752,0,3619152,4104056,15921,28312821760,61.29
379.815,1819400,1805420,0,3624820,4104056,15922,28348321792,61.29
379.915,1819400,1806096,0,3625496,4104056,15922,28365099008,61.29
380.015,1819400,1806136,0,3625536,4104056,15922,28398653440,61.29
380.116,1819400,1814948,0,3634348,4104056,15922,28410720256,61.29
380.216,1819400,1829232,0,3648632,4104056,15922,28410720256,61.29
380.316,1819400,1823212,0,3642612,4104056,15922,28427497472,61.29
380.417,1819400,1820376,0,3639776,4104056,15922,28444274688,61.29
380.517,1819400,1801044,0,3620444,4104056,15922,28477829120,61.29
380.617,1819400,1810836,0,3630236,4104056,15922,28477829120,61.29
380.718,1819400,1788996,0,3608396,4104056,15922,28511383552,61.29
380.818,1819400,1801060,0,3620460,4104056,15922,28511383552,61.29
380.919,1819400,1795524,0,3614924,4104056,15922,28528160768,61.29
381.019,1819400,1808516,0,3627916,4104056,15922,28528160768,61.29
381.119,1819400,1782648,0,3602048,4104056,15922,28561715200,61.29
381.220,1819400,1769812,0,3589212,4104056,15922,28595269632,61.29
381.320,1819400,1747008,0,3566408,4104056,15922,28612046848,61.29
381.420,1819400,1753728,0,3573128,4104056,15922,28622532608,61.29
381.520,1819400,1752460,0,3571860,4104056,15922,28639309824,61.29
381.621,1819400,1750456,0,3569856,4104056,15922,28656087040,61.29
381.721,1819400,1739276,0,3558676,4104056,15923,28673466368,62.87
381.822,1819400,1733792,0,3553192,4104056,15924,28698632192,62.87
381.922,1819400,1736160,0,3555560,4104056,15925,28736380928,62.87
382.022,1819400,1753120,0,3572520,4104056,15926,28761546752,62.87
382.123,1819400,1773472,0,3592872,4104056,15926,28761546752,62.87
382.223,1819400,1780508,0,3599908,4104056,15926,28778323968,62.87
382.323,1819400,1794912,0,3614312,4104056,15926,28778323968,62.87
382.424,1819400,1811772,0,3631172,4104056,15926,28795101184,62.87
382.524,1819400,1827040,0,3646440,4104056,15927,28803489792,62.87
382.624,1819400,1810892,0,3630292,4104056,15928,28865945600,62.87
382.725,1819400,1815544,0,3634944,4104056,15929,28922462208,62.87
382.825,1819400,1833560,0,3652960,4104056,15929,28939239424,62.87
382.925,1819400,1850584,0,3669984,4104056,15929,28939239424,62.87
383.026,1819400,1863000,0,3682400,4104056,15930,28940120064,62.87
383.126,1819400,1871192,0,3690592,4104056,15931,28965285888,62.87
383.227,1819400,1871816,0,3691216,4104056,15931,28982063104,62.87
383.327,1819400,1886072,0,3705472,4104056,15931,28998840320,62.87
383.427,1819400,1893464,0,3712864,4104056,15931,29032394752,62.87
383.528,1819400,1904364,0,3723764,4104056,15931,29049171968,62.87
383.628,1819400,1909000,0,3728400,4104056,15931,29082726400,62.87
383.729,1819400,1903240,0,3722640,4104056,15932,29124669440,60.35
383.829,1819400,1915772,0,3735172,4104056,15933,29133058048,60.35
383.929,1819400,1930044,0,3749444,4104056,15933,29133058048,60.35
384.030,1819400,1919420,0,3738820,4104056,15933,29166612480,60.35
384.130,1819400,1932424,0,3751824,4104056,15933,29183389696,60.35
384.230,1819400,1920704,0,3740104,4104056,15933,29207326720,60.35
384.331,1819400,1914624,0,3734024,4104056,15935,29224103936,60.35
384.431,1819400,1921596,0,3740996,4104056,15935,29224103936,60.35
384.532,1819400,1897736,0,3717136,4104056,15935,29284921344,60.35
384.632,1819400,1915272,0,3734672,4104056,15935,29284921344,60.35
384.732,1819400,1900680,0,3720080,4104056,15935,29318475776,60.35
384.833,1819400,1901128,0,3720528,4104056,15935,29335252992,60.35
384.933,1819400,1898248,0,3717648,4104056,15935,29352030208,60.35
385.034,1819400,1899016,0,3718416,4104056,15935,29368807424,60.35
385.134,1819400,1897856,0,3717256,4104056,15935,29385584640,60.35
385.235,1819400,1898276,0,3717676,4104056,15935,29402361856,60.35
385.335,1819400,1883044,0,3702444,4104056,15935,29435916288,60.35
385.435,1819400,1860068,0,3679468,4104056,15936,29475827712,60.35
385.536,1819400,1840092,0,3659492,4104056,15940,29515673600,60.35
385.636,1819400,1836060,0,3655460,4104056,15940,29532450816,60.35
385.736,1819400,1846748,0,3666148,4104056,15940,29549228032,61.74
385.837,1819400,1846108,0,3665508,4104056,15940,29566005248,61.74
385.937,1819400,1848284,0,3667684,4104056,15940,29582782464,61.74
386.038,1819400,1843420,0,3662820,4104056,15940,29599559680,61.74
386.138,1819400,1854044,0,3673444,4104056,15940,29599559680,61.74
386.239,1819400,1839196,0,3658596,4104056,15940,29633114112,61.74
386.339,1819400,1850332,0,3669732,4104056,15940,29635145728,61.74
386.439,1819400,1839260,0,3658660,4104056,15940,29668700160,61.74
386.540,1819400,1848924,0,3668324,4104056,15940,29702254592,61.74
386.640,1819400,1868828,0,3688228,4104056,15941,29710643200,61.74
386.741,1819400,1861468,0,3680868,4104056,15941,29735809024,61.74
386.841,1819400,1867936,0,3687336,4104056,15941,29769363456,61.74
386.942,1819400,1877228,0,3696628,4104056,15941,29786140672,61.74
387.042,1819400,1874716,0,3694116,4104056,15941,29802917888,61.74
387.142,1819400,1872124,0,3691524,4104056,15941,29836472320,61.74
387.243,1819400,1890236,0,3709636,4104056,15941,29836472320,61.74
387.343,1819400,1906172,0,3725572,4104056,15941,29853249536,61.74
387.443,1819400,1897148,0,3716548,4104056,15942,29922455552,61.74
387.544,1819400,1907836,0,3727236,4104056,15942,29922455552,61.74
387.644,1819400,1911996,0,3731396,4104056,15942,29939232768,61.74
387.745,1819400,1914684,0,3734084,4104056,15942,29972787200,63.41
387.845,1819400,1926204,0,3745604,4104056,15943,29981175808,63.41
387.946,1819400,1929916,0,3749316,4104056,15944,30001393664,63.41
388.046,1819400,1933756,0,3753156,4104056,15944,30018170880,63.41
388.146,1819400,1927932,0,3747332,4104056,15944,30051725312,63.41
388.247,1819400,1930044,0,3749444,4104056,15944,30068502528,63.41
388.347,1819400,1935932,0,3755332,4104056,15944,30085591040,63.41
388.448,1819400,1943548,0,3762948,4104056,15944,30102368256,63.41
388.548,1819400,1943100,0,3762500,4104056,15944,30119145472,63.41
388.648,1819400,1952316,0,3771716,4104056,15944,30135922688,63.41
388.749,1819400,1951164,0,3770564,4104056,15944,30152699904,63.41
388.849,1819400,1962236,0,3781636,4104056,15944,30152699904,63.41
388.950,1819400,1954364,0,3773764,4104056,15944,30169477120,63.41
389.050,1819400,1949052,0,3768452,4104056,15944,30186254336,63.41
389.150,1819400,1944572,0,3763972,4104056,15944,30210437120,63.41
389.251,1819400,1953148,0,3772548,4104056,15945,30218825728,63.41
389.351,1819400,1948284,0,3767684,4104056,15945,30269157376,63.41
389.452,1819400,1957820,0,3777220,4104056,15945,30269157376,63.41
389.552,1819400,1952380,0,3771780,4104056,15945,30285934592,63.41
389.653,1819400,1949884,0,3769284,4104056,15945,30302711808,63.41
389.753,1819400,1947132,0,3766532,4104056,15945,30336266240,62.25
389.854,1819400,1959548,0,3778948,4104056,15945,30341165056,62.25
389.954,1819400,1959036,0,3778436,4104056,15945,30357942272,62.25
390.055,1819400,1958716,0,3778116,4104056,15945,30374719488,62.25
390.155,1819400,1955212,0,3774612,4104056,15945,30408273920,62.25
390.256,1819400,1966220,0,3785620,4104056,15945,30408273920,62.25
390.356,1819400,1935116,0,3754516,4104056,15945,30475382784,62.25
390.456,1819400,1943244,0,3762644,4104056,15945,30492160000,62.25
390.557,1819400,1937612,0,3757012,4104056,15945,30508937216,62.25
390.657,1819400,1939020,0,3758420,4104056,15945,30525714432,62.25
390.758,1819400,1939276,0,3758676,4104056,15945,30542491648,62.25
390.858,1819400,1957260,0,3776660,4104056,15945,30542491648,62.25
390.959,1819400,1962636,0,3782036,4104056,15945,30559268864,62.25
391.059,1819400,1965196,0,3784596,4104056,15945,30576046080,62.25
391.160,1819400,1967820,0,3787220,4104056,15945,30592823296,62.25
391.260,1819400,1969100,0,3788500,4104056,15945,30609600512,62.25
391.361,1819400,1966604,0,3786004,4104056,15947,30638960640,62.25
391.461,1819400,1983884,0,3803284,4104056,15948,30643154944,62.25
391.562,1819400,1982924,0,3802324,4104056,15948,30659932160,62.25
391.662,1819400,1973964,0,3793364,4104056,15949,30698270720,62.25
391.763,1819400,1974220,0,3793620,4104056,15949,30715047936,63.47
391.863,1819400,1969420,0,3788820,4104056,15949,30731825152,63.47
391.963,1819400,1987084,0,3806484,4104056,15949,30731825152,63.47
392.064,1819400,1987020,0,3806420,4104056,15949,30748602368,63.47
392.164,1819400,1987912,0,3807312,4104056,15949,30765379584,63.47
392.265,1819400,1979208,0,3798608,4104056,15949,30798934016,63.47
392.365,1819400,1997320,0,3816720,4104056,15949,30798934016,63.47
392.466,1819400,1965128,0,3784528,4104056,15949,30866042880,63.47
392.566,1819400,1966792,0,3786192,4104056,15949,30872334336,63.47
392.666,1819400,1963656,0,3783056,4104056,15949,30889111552,63.47
392.767,1819400,1965832,0,3785232,4104056,15949,30905888768,63.47
392.868,1819400,1979400,0,3798800,4104056,15949,30905888768,63.47
392.968,1819400,1964296,0,3783696,4104056,15949,30939443200,63.47
393.069,1819400,1963208,0,3782608,4104056,15949,30954123264,63.47
393.169,1819400,1962888,0,3782288,4104056,15949,30970900480,63.47
393.270,1819400,1959496,0,3778896,4104056,15949,30987677696,63.47
393.371,1819400,1948936,0,3768336,4104056,15949,31021543424,63.47
393.471,1819400,1958920,0,3778320,4104056,15949,31021543424,63.47
393.572,1819400,1965128,0,3784528,4104056,15949,31038320640,63.47
393.672,1819400,1960648,0,3780048,4104056,15949,31055097856,63.47
393.772,1819400,1958216,0,3777616,4104056,15949,31071875072,59.04
393.873,1819400,1974280,0,3793680,4104056,15949,31071875072,59.04
393.973,1819400,1973512,0,3792912,4104056,15949,31105429504,59.04
394.074,1819400,1991752,0,3811152,4104056,15949,31105429504,59.04
394.174,1819400,1993480,0,3812880,4104056,15949,31122206720,59.04
394.274,1819400,1964168,0,3783568,4104056,15950,31180926976,59.04
394.375,1819400,1980360,0,3799760,4104056,15950,31180926976,59.04
394.475,1819400,1984584,0,3803984,4104056,15950,31197704192,59.04
394.576,1819400,1996744,0,3816144,4104056,15950,31214481408,59.04
394.676,1819400,1992328,0,3811728,4104056,15951,31239647232,59.04
394.777,1819400,2000264,0,3819664,4104056,15952,31245938688,59.04
394.877,1819400,1987720,0,3807120,4104056,15952,31279493120,59.04
394.978,1819400,2003924,0,3823324,4104056,15952,31279493120,59.04
395.078,1819400,2019988,0,3839388,4104056,15952,31294173184,59.04
395.179,1819400,2017812,0,3837212,4104056,15952,31310950400,59.04
395.280,1819400,2015828,0,3835228,4104056,15953,31313047552,59.04
395.380,1819400,2000084,0,3819484,4104056,15953,31344504832,59.04
395.480,1819400,1176428,0,2995828,4104056,15954,31344508928,59.04
395.581,1819400,18108,0,1837508,4104056,15954,31344541696,59.04
395.682,1819400,103816,0,1923216,4104056,15968,31378178048,59.04
395.782,1819400,173968,0,1993368,4104056,15968,31424626688,60.66
395.886,1819908,173968,0,1993876,4104056,15968,31424626688,60.66
395.987,1819908,213140,0,2033048,4104056,15969,31424626688,60.66
396.087,1819908,173968,0,1993876,4104056,15969,31424630784,60.66
396.187,1819908,174872,0,1994780,4104056,15976,31455563776,60.66
396.288,1819908,258932,0,2078840,4104056,15983,31505887232,60.66
396.389,1819908,332672,0,2152580,4104056,15983,31505887232,60.66
396.489,1819908,253320,0,2073228,4104056,15983,31505887232,60.66
396.589,1819912,245364,0,2065276,4104056,15984,31514275840,60.66
396.690,1819912,271028,0,2090940,4104056,15985,31530921984,60.66
396.790,1819912,276532,0,2096444,4104056,15985,31539310592,60.66
396.891,1819912,282612,0,2102524,4104056,15985,31547699200,60.66
396.992,1819912,288948,0,2108860,4104056,15985,31556087808,60.66
397.093,1819912,293428,0,2113340,4104056,15985,31556087808,60.66
397.193,1819912,299764,0,2119676,4104056,15985,31564476416,60.66
397.294,1819912,305652,0,2125564,4104056,15985,31572865024,60.66
397.395,1819912,312820,0,2132732,4104056,15985,31581253632,60.66
397.495,1819912,321012,0,2140924,4104056,15985,31589642240,60.66
397.596,1819912,331252,0,2151164,4104056,15985,31598030848,60.66
397.697,1819912,339444,0,2159356,4104056,15985,31606419456,60.66
397.797,1819912,343540,0,2163452,4104056,15985,31606419456,58.73
397.898,1819912,351732,0,2171644,4104056,15985,31614808064,58.73
397.999,1819912,359924,0,2179836,4104056,15985,31623196672,58.73
398.100,1819912,366068,0,2185980,4104056,15985,31631585280,58.73
398.201,1819912,370164,0,2190076,4104056,15985,31639973888,58.73
398.301,1819912,376308,0,2196220,4104056,15985,31639973888,58.73
398.401,1819912,384500,0,2204412,4104056,15985,31648362496,58.73
398.502,1819912,390644,0,2210556,4104056,15985,31656751104,58.73
398.602,1819912,396788,0,2216700,4104056,15985,31665139712,58.73
398.703,1819912,404980,0,2224892,4104056,15985,31673528320,58.73
398.803,1819912,411124,0,2231036,4104056,15985,31681916928,58.73
398.904,1819912,417268,0,2237180,4104056,15985,31681916928,58.73
399.004,1819912,423412,0,2243324,4104056,15985,31690305536,58.73
399.105,1819912,431604,0,2251516,4104056,15985,31698694144,58.73
399.205,1819912,439796,0,2259708,4104056,15985,31707082752,58.73
399.306,1819912,443892,0,2263804,4104056,15985,31715471360,58.73
399.406,1819912,450036,0,2269948,4104056,15985,31715471360,58.73
399.507,1819912,456180,0,2276092,4104056,15985,31723859968,58.73
399.607,1819912,460276,0,2280188,4104056,15985,31732248576,58.73
399.708,1819912,470516,0,2290428,4104056,15985,31740637184,58.73
399.808,1819912,478708,0,2298620,4104056,15985,31749025792,61.13
399.909,1819912,484852,0,2304764,4104056,15985,31757414400,61.13
400.009,1819912,490996,0,2310908,4104056,15985,31757414400,61.13
400.110,1819912,499188,0,2319100,4104056,15985,31765803008,61.13
400.210,1819912,505332,0,2325244,4104056,15985,31774191616,61.13
400.310,1819912,511476,0,2331388,4104056,15985,31782580224,61.13
400.411,1819912,519668,0,2339580,4104056,15985,31790968832,61.13
400.511,1819912,525812,0,2345724,4104056,15985,31799357440,61.13
400.612,1819912,536052,0,2355964,4104056,15985,31807746048,61.13
400.712,1819912,542196,0,2362108,4104056,15985,31816134656,61.13
400.813,1819912,548340,0,2368252,4104056,15985,31816134656,61.13
400.913,1819912,554484,0,2374396,4104056,15985,31824523264,61.13
401.014,1819912,558580,0,2378492,4104056,15985,31832911872,61.13
401.115,1819912,564724,0,2384636,4104056,15985,31832911872,61.13
401.215,1819912,568820,0,2388732,4104056,15985,31841300480,61.13
401.316,1819912,574964,0,2394876,4104056,15985,31849689088,61.13
401.416,1819912,581108,0,2401020,4104056,15985,31849689088,61.13
401.517,1819912,589300,0,2409212,4104056,15985,31858077696,61.13
401.617,1819912,595444,0,2415356,4104056,15985,31866466304,61.13
401.718,1819912,603636,0,2423548,4104056,15985,31874854912,61.13
401.818,1819912,611828,0,2431740,4104056,15985,31883243520,59.84
401.918,1819912,617972,0,2437884,4104056,15985,31891632128,59.84
402.019,1819912,624116,0,2444028,4104056,15985,31900020736,59.84
402.120,1819912,628212,0,2448124,4104056,15985,31900020736,59.84
402.220,1819912,632308,0,2452220,4104056,15985,31908409344,59.84
402.321,1819912,638452,0,2458364,4104056,15985,31908409344,59.84
402.421,1819912,644596,0,2464508,4104056,15985,31916797952,59.84
402.521,1819912,650740,0,2470652,4104056,15985,31925186560,59.84
402.622,1819912,658932,0,2478844,4104056,15985,31933575168,59.84
402.722,1819912,665076,0,2484988,4104056,15985,31941963776,59.84
402.823,1819912,671220,0,2491132,4104056,15985,31941963776,59.84
402.923,1819912,677364,0,2497276,4104056,15985,31950352384,59.84
403.024,1819912,685556,0,2505468,4104056,15985,31958740992,59.84
403.124,1819912,691700,0,2511612,4104056,15985,31967129600,59.84
403.225,1819912,697844,0,2517756,4104056,15985,31975518208,59.84
403.325,1819912,706036,0,2525948,4104056,15985,31983906816,59.84
403.426,1819912,712180,0,2532092,4104056,15985,31983906816,59.84
403.526,1819912,720372,0,2540284,4104056,15985,31992295424,59.84
403.627,1819912,726516,0,2546428,4104056,15985,32000684032,59.84
403.727,1819912,732660,0,2552572,4104056,15985,32009072640,59.84
403.828,1819912,738804,0,2558716,4104056,15985,32017461248,59.32
403.928,1819912,746996,0,2566908,4104056,15985,32025849856,59.32
404.029,1819912,753140,0,2573052,4104056,15985,32025849856,59.32
404.129,1819912,757236,0,2577148,4104056,15985,32034238464,59.32
404.230,1819912,763380,0,2583292,4104056,15985,32042627072,59.32
404.330,1819912,769524,0,2589436,4104056,15985,32042627072,59.32
404.430,1819912,775668,0,2595580,4104056,15985,32049774592,59.32
404.531,1819912,781812,0,2601724,4104056,15985,32049774592,59.32
404.632,1819912,784696,0,2604608,4104056,15985,32049774592,59.32
404.732,1819912,784696,0,2604608,4104056,15985,32049774592,59.32
404.833,1819912,784696,0,2604608,4104056,15985,32049774592,59.32
404.933,1819912,784696,0,2604608,4104056,15985,32049774592,59.32
405.034,1819912,784696,0,2604608,4104056,15985,32049774592,59.32
405.135,1819912,784696,0,2604608,4104056,15985,32049774592,59.32
405.235,1819912,784696,0,2604608,4104056,15985,32049774592,59.32
405.335,1819912,784696,0,2604608,4104056,15985,32049774592,59.32
405.436,1819912,784696,0,2604608,4104056,15985,32049774592,59.32
405.536,1819912,784696,0,2604608,4104056,15985,32049774592,59.32
405.637,1819912,784696,0,2604608,4104056,15985,32049774592,59.32
405.737,1819912,784696,0,2604608,4104056,15985,32049774592,59.32
405.838,1819912,784696,0,2604608,4104056,15985,32049774592,61.62
405.939,1819912,784696,0,2604608,4104056,15985,32049774592,61.62
406.039,1819912,784696,0,2604608,4104056,15985,32049774592,61.62
406.139,1819912,784696,0,2604608,4104056,15985,32049774592,61.62
406.240,1819912,784696,0,2604608,4104056,15985,32049774592,61.62
406.340,1819912,784696,0,2604608,4104056,15985,32049774592,61.62
406.440,1819912,784696,0,2604608,4104056,15985,32049774592,61.62
406.541,1819912,784696,0,2604608,4104056,15985,32049774592,61.62
406.641,1819912,784696,0,2604608,4104056,15985,32049774592,61.62
406.741,1819912,784696,0,2604608,4104056,15985,32049774592,61.62
406.842,1819912,784696,0,2604608,4104056,15985,32049774592,61.62
406.942,1819912,784696,0,2604608,4104056,15985,32049774592,61.62
407.042,1819912,784696,0,2604608,4104056,15985,32049774592,61.62
407.143,1819912,784696,0,2604608,4104056,15985,32049774592,61.62
407.243,1819912,784696,0,2604608,4104056,15985,32049774592,61.62
407.343,1819912,784696,0,2604608,4104056,15985,32049774592,61.62
407.444,1819912,784696,0,2604608,4104056,15985,32049774592,61.62
407.544,1819912,784696,0,2604608,4104056,15985,32049774592,61.62
407.644,1819912,784696,0,2604608,4104056,15985,32049774592,61.62
407.745,1819912,784696,0,2604608,4104056,15985,32049774592,61.62
407.845,1819912,784696,0,2604608,4104056,15985,32049774592,61.14
407.946,1819912,784696,0,2604608,4104056,15985,32049774592,61.14
408.046,1819912,784696,0,2604608,4104056,15985,32049774592,61.14
408.146,1819912,784696,0,2604608,4104056,15985,32049774592,61.14
408.247,1819912,784696,0,2604608,4104056,15985,32049774592,61.14
408.347,1819912,784696,0,2604608,4104056,15985,32049774592,61.14
408.447,1819912,784696,0,2604608,4104056,15985,32049774592,61.14
408.548,1819912,784696,0,2604608,4104056,15985,32049774592,61.14
408.648,1819912,784696,0,2604608,4104056,15985,32049774592,61.14
408.748,1819912,784696,0,2604608,4104056,15985,32049774592,61.14
408.849,1819912,784696,0,2604608,4104056,15985,32049774592,61.14
408.949,1819912,784696,0,2604608,4104056,15985,32049774592,61.14
409.050,1819912,784696,0,2604608,4104056,15985,32049774592,61.14
409.150,1819912,784696,0,2604608,4104056,15985,32049774592,61.14
409.250,1819912,784696,0,2604608,4104056,15985,32049774592,61.14
409.351,1819912,784696,0,2604608,4104056,15985,32049774592,61.14
409.451,1819912,784696,0,2604608,4104056,15985,32049774592,61.14
409.551,1819912,784696,0,2604608,4104056,15985,32049774592,61.14
409.652,1819912,784696,0,2604608,4104056,15985,32049774592,61.14
409.752,1819912,784696,0,2604608,4104056,15985,32049774592,62.39
409.853,1819912,784696,0,2604608,4104056,15985,32049774592,62.39
409.953,1819912,784696,0,2604608,4104056,15985,32049774592,62.39
410.053,1819912,784696,0,2604608,4104056,15985,32049774592,62.39
410.154,1819912,784696,0,2604608,4104056,15985,32049774592,62.39
410.254,1819912,784696,0,2604608,4104056,15985,32049774592,62.39
410.355,1819912,784696,0,2604608,4104056,15985,32049774592,62.39
410.455,1819912,784696,0,2604608,4104056,15985,32049774592,62.39
410.555,1819912,784696,0,2604608,4104056,15985,32049774592,62.39
410.656,1819912,784696,0,2604608,4104056,15985,32049774592,62.39
410.756,1819912,784696,0,2604608,4104056,15985,32049774592,62.39
410.856,1819912,784696,0,2604608,4104056,15985,32049774592,62.39
410.957,1819912,784696,0,2604608,4104056,15985,32049774592,62.39
411.057,1819912,784696,0,2604608,4104056,15985,32049774592,62.39
411.158,1819912,784696,0,2604608,4104056,15985,32049774592,62.39
411.258,1819912,784696,0,2604608,4104056,15985,32049774592,62.39
411.359,1819912,784696,0,2604608,4104056,15985,32049774592,62.39
411.459,1819912,784696,0,2604608,4104056,15985,32049774592,62.39
411.559,1819912,784696,0,2604608,4104056,15985,32049774592,62.39
411.660,1819912,784696,0,2604608,4104056,15985,32049774592,62.39
411.760,1819912,784696,0,2604608,4104056,15985,32049774592,61.05
411.861,1819912,784696,0,2604608,4104056,15985,32049774592,61.05
411.961,1819912,784696,0,2604608,4104056,15985,32049774592,61.05
412.062,1819912,784696,0,2604608,4104056,15985,32049774592,61.05
412.162,1819912,784696,0,2604608,4104056,15985,32049774592,61.05
412.262,1819912,784696,0,2604608,4104056,15985,32049774592,61.05
412.363,1819912,784696,0,2604608,4104056,15985,32049774592,61.05
412.463,1819912,784696,0,2604608,4104056,15985,32049774592,61.05
412.564,1819912,784696,0,2604608,4104056,15985,32049774592,61.05
412.664,1819912,784696,0,2604608,4104056,15985,32049774592,61.05
412.764,1819912,784696,0,2604608,4104056,15985,32049774592,61.05
412.865,1819912,784696,0,2604608,4104056,15985,32049774592,61.05
412.965,1819912,784696,0,2604608,4104056,15985,32049774592,61.05
413.066,1819912,784696,0,2604608,4104056,15985,32049774592,61.05
413.166,1819912,784696,0,2604608,4104056,15985,32049774592,61.05
413.266,1819912,784696,0,2604608,4104056,15985,32049774592,61.05
413.367,1819912,784696,0,2604608,4104056,15985,32049774592,61.05
413.467,1819912,784696,0,2604608,4104056,15985,32049774592,61.05
413.568,1819912,784696,0,2604608,4104056,15985,32049774592,61.05
413.668,1819912,784696,0,2604608,4104056,15985,32049774592,61.05
413.768,1819912,784696,0,2604608,4104056,15985,32049774592,59.22
413.869,1819912,784696,0,2604608,4104056,15985,32049774592,59.22
413.969,1819912,784696,0,2604608,4104056,15985,32049774592,59.22
414.069,1819912,784696,0,2604608,4104056,15985,32049774592,59.22
414.170,1819912,784696,0,2604608,4104056,15985,32049774592,59.22
414.270,1819912,784696,0,2604608,4104056,15985,32049774592,59.22
414.371,1819912,784696,0,2604608,4104056,15985,32049774592,59.22
414.471,1819912,784696,0,2604608,4104056,15985,32049774592,59.22
414.572,1819912,784696,0,2604608,4104056,15985,32049774592,59.22
414.672,1819912,784696,0,2604608,4104056,15985,32049774592,59.22
414.773,1819912,784696,0,2604608,4104056,15985,32049774592,59.22
414.873,1819912,784696,0,2604608,4104056,15985,32049774592,59.22
414.974,1819912,784696,0,2604608,4104056,15985,32049774592,59.22
415.074,1819912,784696,0,2604608,4104056,15985,32049774592,59.22
415.174,1819912,784696,0,2604608,4104056,15985,32049774592,59.22
415.275,1819912,784696,0,2604608,4104056,15985,32049774592,59.22
415.375,1819912,784696,0,2604608,4104056,15985,32049774592,59.22
415.476,1819912,784696,0,2604608,4104056,15985,32049774592,59.22
415.576,1819912,784696,0,2604608,4104056,15985,32049774592,59.22
415.676,1819912,784696,0,2604608,4104056,15985,32049774592,59.22
415.777,1819912,784696,0,2604608,4104056,15985,32049774592,61.0
415.877,1819912,784696,0,2604608,4104056,15985,32049774592,61.0
415.978,1819912,784696,0,2604608,4104056,15985,32049774592,61.0
416.078,1819912,784696,0,2604608,4104056,15985,32049774592,61.0
416.178,1819912,784696,0,2604608,4104056,15985,32049774592,61.0
416.279,1819912,784696,0,2604608,4104056,15985,32049774592,61.0
416.379,1819912,784696,0,2604608,4104056,15985,32049774592,61.0
416.480,1819912,784696,0,2604608,4104056,15985,32049774592,61.0
416.580,1937252,784696,0,2721948,4104056,15985,32049774592,61.0
416.681,2097772,784696,0,2882468,4104056,15985,32049774592,61.0
416.781,2184036,784696,0,2968732,4104056,15985,32049774592,61.0
416.882,2286156,784696,0,3070852,4104056,15985,32049774592,61.0
416.983,2391124,784696,0,3175820,4104056,15985,32049774592,61.0
417.083,2492764,784696,0,3277460,4104056,15985,32049774592,61.0
417.183,2603364,784696,0,3388060,4104056,15985,32049774592,61.0
417.284,2703272,784696,0,3487968,4104056,15985,32049774592,61.0
417.385,2760820,784696,0,3545516,4104056,15985,32049774592,61.0
417.486,2760820,784696,0,3545516,4104056,15985,32049774592,61.0
417.586,2760820,784696,0,3545516,4104056,15985,32049774592,61.0
417.687,2760820,784696,0,3545516,4104056,15985,32049774592,61.0
417.787,2760820,784696,0,3545516,4104056,15985,32049774592,58.82
417.887,2760820,784696,0,3545516,4104056,15985,32049774592,58.82
417.988,2760820,784696,0,3545516,4104056,15985,32049774592,58.82
418.088,2760820,784696,0,3545516,4104056,15985,32049774592,58.82
418.189,2760820,784696,0,3545516,4104056,15985,32049774592,58.82
418.289,2760820,784696,0,3545516,4104056,15985,32049774592,58.82
418.390,2760820,784696,0,3545516,4104056,15985,32049774592,58.82
418.490,2760820,784696,0,3545516,4104056,15985,32049774592,58.82
418.590,2760820,784696,0,3545516,4104056,15985,32049774592,58.82
418.691,2760820,784696,0,3545516,4104056,15985,32049774592,58.82
418.791,2760820,784696,0,3545516,4104056,15985,32049774592,58.82
418.892,2760820,784696,0,3545516,4104056,15985,32049774592,58.82
418.992,2760820,784696,0,3545516,4104056,15985,32049774592,58.82
419.093,2760820,784696,0,3545516,4104056,15985,32049774592,58.82
419.193,2760820,784696,0,3545516,4104056,15985,32049774592,58.82
419.294,2760820,784696,0,3545516,4104056,15985,32049774592,58.82
419.394,2760820,784696,0,3545516,4104056,15985,32049774592,58.82
419.495,2760820,784696,0,3545516,4104056,15985,32049774592,58.82
419.595,2760820,784696,0,3545516,4104056,15985,32049774592,58.82
419.696,2760820,784696,0,3545516,4104056,15985,32049774592,58.82
419.796,2760820,784696,0,3545516,4104056,15985,32049774592,58.85
419.897,2760820,784696,0,3545516,4104056,15985,32049774592,58.85
419.997,2760820,784696,0,3545516,4104056,15985,32049774592,58.85
420.098,2760820,784696,0,3545516,4104056,15985,32049774592,58.85
420.199,2760820,784696,0,3545516,4104056,15985,32049774592,58.85
420.299,2760820,784696,0,3545516,4104056,15985,32049774592,58.85
420.400,2760820,784696,0,3545516,4104056,15985,32049774592,58.85
420.500,2760820,784696,0,3545516,4104056,15985,32049774592,58.85
420.601,2760820,784696,0,3545516,4104056,15985,32049774592,58.85
420.701,2760820,784696,0,3545516,4104056,15985,32049774592,58.85
420.802,2760820,784696,0,3545516,4104056,15985,32049774592,58.85
420.903,2760820,784696,0,3545516,4104056,15985,32049774592,58.85
421.003,2760820,784696,0,3545516,4104056,15985,32049774592,58.85
421.104,2760820,784696,0,3545516,4104056,15985,32049774592,58.85
421.204,2760820,784696,0,3545516,4104056,15985,32049774592,58.85
421.305,2760820,784696,0,3545516,4104056,15985,32049774592,58.85
421.405,2760820,784696,0,3545516,4104056,15985,32049774592,58.85
421.506,2760820,784696,0,3545516,4104056,15985,32049774592,58.85
421.606,2760820,784696,0,3545516,4104056,15985,32049774592,58.85
421.707,2760820,784696,0,3545516,4104056,15985,32049774592,58.85
421.807,2760820,784696,0,3545516,4104056,15985,32049774592,59.42
421.908,2760820,784696,0,3545516,4104056,15985,32049774592,59.42
422.008,2760820,784696,0,3545516,4104056,15985,32049774592,59.42
422.109,2760820,784696,0,3545516,4104056,15985,32049774592,59.42
422.209,2760820,784696,0,3545516,4104056,15985,32049774592,59.42
422.310,2760820,784696,0,3545516,4104056,15985,32049774592,59.42
422.410,2760820,784696,0,3545516,4104056,15985,32049774592,59.42
422.511,2760820,784696,0,3545516,4104056,15985,32049774592,59.42
422.612,2760820,784696,0,3545516,4104056,15985,32049774592,59.42
422.712,2760820,784696,0,3545516,4104056,15985,32049774592,59.42
422.813,2760820,784696,0,3545516,4104056,15985,32049774592,59.42
422.914,2760820,784696,0,3545516,4104056,15985,32049774592,59.42
423.014,2760820,784696,0,3545516,4104056,15985,32049774592,59.42
423.115,2760820,784696,0,3545516,4104056,15985,32049774592,59.42
423.215,2760820,784696,0,3545516,4104056,15985,32049774592,59.42
423.316,2760820,784696,0,3545516,4104056,15985,32049774592,59.42
423.416,2760820,784696,0,3545516,4104056,15985,32049774592,59.42
423.517,2760820,784696,0,3545516,4104056,15985,32049774592,59.42
423.617,2760820,784696,0,3545516,4104056,15985,32049774592,59.42
423.718,2760820,784696,0,3545516,4104056,15985,32049774592,59.42
423.819,2760820,784696,0,3545516,4104056,15985,32049774592,60.79
423.919,2760820,784696,0,3545516,4104056,15985,32049774592,60.79
424.020,2760820,784696,0,3545516,4104056,15985,32049774592,60.79
424.120,2760820,784696,0,3545516,4104056,15985,32049774592,60.79
424.221,2760820,784696,0,3545516,4104056,15985,32049774592,60.79
424.322,2760820,784696,0,3545516,4104056,15985,32049774592,60.79
424.422,2760820,784696,0,3545516,4104056,15985,32049774592,60.79
424.523,2760820,784696,0,3545516,4104056,15985,32049774592,60.79
424.624,2760820,784696,0,3545516,4104056,15985,32049774592,60.79
424.725,2760820,784696,0,3545516,4104056,15985,32049774592,60.79
424.825,2760820,784696,0,3545516,4104056,15985,32049774592,60.79
424.925,2760820,784696,0,3545516,4104056,15985,32049774592,60.79
425.026,2760820,784696,0,3545516,4104056,15985,32049774592,60.79
425.126,2760820,784696,0,3545516,4104056,15985,32049774592,60.79
425.227,2760820,784696,0,3545516,4104056,15985,32049774592,60.79
425.327,2760820,784696,0,3545516,4104056,15985,32049774592,60.79
425.428,2760820,784696,0,3545516,4104056,15985,32049774592,60.79
425.528,2760820,784696,0,3545516,4104056,15985,32049774592,60.79
425.629,2760820,784696,0,3545516,4104056,15985,32049774592,60.79
425.729,2760820,784696,0,3545516,4104056,15985,32049774592,60.79
425.830,2760820,784696,0,3545516,4104056,15985,32049774592,61.19
425.931,2760820,784696,0,3545516,4104056,15985,32049774592,61.19
426.031,2760820,784696,0,3545516,4104056,15985,32049774592,61.19
426.132,2760820,784696,0,3545516,4104056,15985,32049774592,61.19
426.233,2760820,784696,0,3545516,4104056,15985,32049774592,61.19
426.334,2760820,784696,0,3545516,4104056,15985,32049774592,61.19
426.434,2760820,784696,0,3545516,4104056,15985,32049774592,61.19
426.535,2760820,784696,0,3545516,4104056,15985,32049774592,61.19
426.635,2760820,784696,0,3545516,4104056,15985,32049774592,61.19
426.736,2760820,784696,0,3545516,4104056,15985,32049774592,61.19
426.837,2760820,784696,0,3545516,4104056,15985,32049774592,61.19
426.937,2760820,784696,0,3545516,4104056,15985,32049774592,61.19
427.038,2760820,784696,0,3545516,4104056,15985,32049774592,61.19
427.139,2760820,784696,0,3545516,4104056,15985,32049774592,61.19
427.239,2760820,784696,0,3545516,4104056,15985,32049774592,61.19
427.340,2760820,784696,0,3545516,4104056,15985,32049774592,61.19
427.440,2760820,784696,0,3545516,4104056,15985,32049774592,61.19
427.541,2760820,784696,0,3545516,4104056,15985,32049774592,61.19
427.641,2760820,784696,0,3545516,4104056,15985,32049774592,61.19
427.742,2760820,784696,0,3545516,4104056,15985,32049774592,61.19
427.843,2760820,784696,0,3545516,4104056,15985,32049774592,58.26
427.944,2760820,784696,0,3545516,4104056,15985,32049774592,58.26
428.044,2760820,784696,0,3545516,4104056,15985,32049774592,58.26
428.145,2760820,784696,0,3545516,4104056,15985,32049774592,58.26
428.245,2760820,784696,0,3545516,4104056,15985,32049774592,58.26
428.346,2760820,784696,0,3545516,4104056,15985,32049774592,58.26
428.446,2760820,784696,0,3545516,4104056,15985,32049774592,58.26
428.547,2760820,784696,0,3545516,4104056,15985,32049774592,58.26
428.647,2760820,784696,0,3545516,4104056,15985,32049774592,58.26
428.748,2760820,784696,0,3545516,4104056,15985,32049774592,58.26
428.848,2760820,784696,0,3545516,4104056,15985,32049774592,58.26
428.949,2760820,784696,0,3545516,4104056,15985,32049774592,58.26
429.050,2760820,784696,0,3545516,4104056,15985,32049774592,58.26
429.151,2760820,784696,0,3545516,4104056,15985,32049774592,58.26
429.251,2760820,784696,0,3545516,4104056,15985,32049774592,58.26
429.352,2760820,784696,0,3545516,4104056,15985,32049774592,58.26
429.452,2760820,784696,0,3545516,4104056,15985,32049774592,58.26
429.552,2760820,784696,0,3545516,4104056,15985,32049774592,58.26
429.653,2760820,784696,0,3545516,4104056,15985,32049774592,58.26
429.754,2760820,784696,0,3545516,4104056,15985,32049774592,58.26
429.855,2760820,784696,0,3545516,4104056,15985,32049774592,59.3
429.956,2760820,784696,0,3545516,4104056,15985,32049774592,59.3
430.056,2760820,784696,0,3545516,4104056,15985,32049774592,59.3
430.157,2760820,784696,0,3545516,4104056,15985,32049774592,59.3
430.257,2760820,784696,0,3545516,4104056,15985,32049774592,59.3
430.358,2760820,784696,0,3545516,4104056,15985,32049774592,59.3
430.458,2760820,784696,0,3545516,4104056,15985,32049774592,59.3
430.558,2760820,784696,0,3545516,4104056,15985,32049774592,59.3
430.659,2760820,784696,0,3545516,4104056,15985,32049774592,59.3
430.760,2760820,784696,0,3545516,4104056,15985,32049774592,59.3
430.860,2760820,784696,0,3545516,4104056,15985,32049774592,59.3
430.961,2760820,784696,0,3545516,4104056,15985,32049774592,59.3
431.061,2760820,784696,0,3545516,4104056,15985,32049774592,59.3
431.162,2760820,784696,0,3545516,4104056,15985,32049774592,59.3
431.262,2760820,784696,0,3545516,4104056,15985,32049774592,59.3
431.363,2760820,784696,0,3545516,4104056,15985,32049774592,59.3
431.463,2760820,784696,0,3545516,4104056,15985,32049774592,59.3
431.564,2760820,784696,0,3545516,4104056,15985,32049774592,59.3
431.664,2760820,784696,0,3545516,4104056,15985,32049774592,59.3
431.765,2760820,784696,0,3545516,4104056,15985,32049774592,59.3
431.865,2760820,784696,0,3545516,4104056,15985,32049774592,57.79
431.966,2760820,784696,0,3545516,4104056,15985,32049774592,57.79
432.067,2760820,784696,0,3545516,4104056,15985,32049774592,57.79
432.168,2760820,784696,0,3545516,4104056,15985,32049774592,57.79
432.268,2760820,784696,0,3545516,4104056,15985,32049774592,57.79
432.369,2760820,784696,0,3545516,4104056,15985,32049774592,57.79
432.470,2760820,784696,0,3545516,4104056,15985,32049774592,57.79
432.570,2760820,784696,0,3545516,4104056,15985,32049774592,57.79
432.671,2760820,784696,0,3545516,4104056,15985,32049774592,57.79
432.771,2760820,784696,0,3545516,4104056,15985,32049774592,57.79
432.872,2760820,784696,0,3545516,4104056,15985,32049774592,57.79
432.973,2760820,784696,0,3545516,4104056,15985,32049774592,57.79
433.074,2760820,784696,0,3545516,4104056,15985,32049774592,57.79
433.175,2760820,784696,0,3545516,4104056,15985,32049774592,57.79
433.275,2760820,784696,0,3545516,4104056,15985,32049774592,57.79
433.376,2760820,784696,0,3545516,4104056,15985,32049774592,57.79
433.476,2760820,784696,0,3545516,4104056,15985,32049774592,57.79
433.577,2760820,784696,0,3545516,4104056,15985,32049774592,57.79
433.677,2760820,784696,0,3545516,4104056,15985,32049774592,57.79
433.778,2760820,784696,0,3545516,4104056,15985,32049774592,57.79
433.878,2760820,784696,0,3545516,4104056,15985,32049774592,59.64
433.979,2760820,784696,0,3545516,4104056,15985,32049774592,59.64
434.079,2760820,784696,0,3545516,4104056,15985,32049774592,59.64
434.179,2760820,784696,0,3545516,4104056,15985,32049774592,59.64
434.280,2760820,784696,0,3545516,4104056,15985,32049774592,59.64
434.380,2760820,784696,0,3545516,4104056,15985,32049774592,59.64
434.481,2760820,784696,0,3545516,4104056,15985,32049774592,59.64
434.582,2760820,784696,0,3545516,4104056,15985,32049774592,59.64
434.682,2760820,784696,0,3545516,4104056,15985,32049774592,59.64
434.782,2760820,784696,0,3545516,4104056,15985,32049774592,59.64
434.883,2760820,784696,0,3545516,4104056,15985,32049774592,59.64
434.984,2760820,784696,0,3545516,4104056,15985,32049774592,59.64
435.084,2760820,784696,0,3545516,4104056,15985,32049774592,59.64
435.185,2760820,784696,0,3545516,4104056,15985,32049774592,59.64
435.286,2760820,784696,0,3545516,4104056,15985,32049774592,59.64
435.387,2760820,784696,0,3545516,4104056,15985,32049774592,59.64
435.488,2760820,784696,0,3545516,4104056,15985,32049774592,59.64
435.588,2760820,784696,0,3545516,4104056,15985,32049774592,59.64
435.689,2760820,784696,0,3545516,4104056,15985,32049774592,59.64
435.790,2760820,784696,0,3545516,4104056,15985,32049774592,59.64
435.890,2760820,784696,0,3545516,4104056,15985,32049774592,61.34
435.991,2760820,784696,0,3545516,4104056,15985,32049774592,61.34
436.091,2760820,784696,0,3545516,4104056,15985,32049774592,61.34
436.192,2760820,784696,0,3545516,4104056,15985,32049774592,61.34
436.292,2760820,784696,0,3545516,4104056,15985,32049774592,61.34
436.392,2760820,784696,0,3545516,4104056,15985,32049774592,61.34
436.493,2760820,784696,0,3545516,4104056,15985,32049774592,61.34
436.593,2760820,784696,0,3545516,4104056,15985,32049774592,61.34
436.694,2760820,784696,0,3545516,4104056,15985,32049774592,61.34
436.794,2760820,784696,0,3545516,4104056,15985,32049774592,61.34
436.895,2760820,784696,0,3545516,4104056,15985,32049774592,61.34
436.995,2760820,784696,0,3545516,4104056,15985,32049774592,61.34
437.096,2760820,784696,0,3545516,4104056,15985,32049774592,61.34
437.196,2760820,784696,0,3545516,4104056,15985,32049774592,61.34
437.297,2760820,784696,0,3545516,4104056,15985,32049774592,61.34
437.397,2760820,784696,0,3545516,4104056,15985,32049774592,61.34
437.498,2760820,784696,0,3545516,4104056,15985,32049774592,61.34
437.598,2760820,784696,0,3545516,4104056,15985,32049774592,61.34
437.699,2760820,784696,0,3545516,4104056,15985,32049774592,61.34
437.799,2760820,784696,0,3545516,4104056,15985,32049774592,61.34
437.900,2760820,784696,0,3545516,4104056,15985,32049774592,57.47
438.000,2760820,679192,0,3440012,4104056,15985,32049774592,57.47
438.102,2760820,670288,0,3431108,4104056,15985,32049774592,57.47
438.202,2760820,670288,0,3431108,4104056,15985,32049774592,57.47
438.303,1819912,670372,0,2490284,4104056,15986,32049860608,57.47
438.403,1780848,628204,0,2409052,4104056,15986,32441192448,57.47
438.504,1780848,628204,0,2409052,4104056,15986,32773935104,57.47
438.604,1780848,628204,0,2409052,4104056,15986,33106608128,57.47
438.704,1780848,548852,0,2329700,4104056,15986,33432875008,57.47
438.805,1780848,548852,0,2329700,4104056,15986,33760030720,57.47
438.905,1780848,548852,0,2329700,4104056,15986,34058481664,57.47
439.005,1780848,548852,0,2329700,4104056,15986,34402414592,57.47
439.106,1780848,548852,0,2329700,4104056,15986,34729570304,57.47
439.206,1780848,548852,0,2329700,4104056,15986,35073503232,57.47
439.307,1780848,548852,0,2329700,4104056,15986,35417436160,57.47
439.407,1780848,548852,0,2329700,4104056,15986,35752980480,57.47
439.507,1780848,548852,0,2329700,4104056,15986,36070547456,57.47
439.608,1780848,548852,0,2329700,4104056,15986,36406091776,57.47
439.708,1780848,548852,0,2329700,4104056,15986,36741636096,57.47
439.809,1780848,548852,0,2329700,4104056,15986,36948365312,57.47
439.909,1780848,548852,0,2329700,4104056,15986,37132914688,57.02
440.009,1780848,548852,0,2329700,4104056,15986,37317464064,57.02
440.110,1780848,548852,0,2329700,4104056,15986,37502013440,57.02
440.210,1780848,548852,0,2329700,4104056,15986,37686562816,57.02
440.311,1780848,548852,0,2329700,4104056,15986,37871112192,57.02
440.411,1780848,548852,0,2329700,4104056,15986,38047272960,57.02
440.512,1780848,548852,0,2329700,4104056,15986,38223433728,57.02
440.612,1780848,548852,0,2329700,4104056,15986,38407983104,57.02
440.712,1780848,548852,0,2329700,4104056,15986,38592532480,57.02
440.813,1780848,548852,0,2329700,4104056,15986,38785470464,57.02
440.913,1780848,548852,0,2329700,4104056,15986,38978408448,57.02
441.013,1664712,548852,0,2213564,4104056,15986,39129280512,57.02
