t,RssAnon,RssFile,RssShmem,VmRSS,VmHWM,majflt,read_bytes,psi_io_full
0.001,12,0,0,12,12,0,2891776,63.89
0.102,9084,12356,0,21440,21440,1,5820416,63.89
0.202,9084,12356,0,21440,21440,1,5820416,63.89
0.303,88668,12756,0,101424,101424,1,5820416,63.89
0.403,87168,12996,0,100164,154888,1,5820416,63.89
0.503,100016,13060,0,113076,177728,1,5820416,63.89
0.604,105080,13060,0,118140,177728,1,5820416,63.89
0.704,105872,13060,0,118932,177728,1,5820416,63.89
0.805,105872,13060,0,118932,177728,1,5820416,63.89
0.905,105872,13060,0,118932,177728,1,5820416,63.89
1.005,105872,13060,0,118932,177728,1,5820416,63.89
1.106,105872,13060,0,118932,177728,1,5820416,63.89
1.206,106616,13060,0,119676,177728,1,5820416,63.89
1.307,106768,13060,0,119828,177728,1,5820416,63.89
1.407,106768,13060,0,119828,177728,1,5820416,63.89
1.507,106768,13060,0,119828,177728,1,5820416,63.89
1.608,106768,13060,0,119828,177728,1,5820416,64.27
1.708,106768,13060,0,119828,177728,1,5820416,64.27
1.809,106768,13060,0,119828,177728,1,5820416,64.27
1.909,106768,13060,0,119828,177728,1,5820416,64.27
2.009,116768,13060,0,129828,177728,1,5820416,64.27
2.110,117824,13060,0,130884,177728,1,5820416,64.27
2.210,118092,13060,0,131152,177728,1,5820416,64.27
2.311,118672,13060,0,131732,177728,1,5820416,64.27
2.411,118672,13060,0,131732,177728,1,5820416,64.27
2.511,118672,13060,0,131732,177728,1,5820416,64.27
2.612,118672,13060,0,131732,177728,1,5820416,64.27
2.712,118672,13060,0,131732,177728,1,5820416,64.27
2.813,118672,13060,0,131732,177728,1,5820416,64.27
2.913,118672,13060,0,131732,177728,1,5820416,64.27
3.014,118672,13060,0,131732,177728,1,5820416,64.27
3.114,118672,13060,0,131732,177728,1,5820416,64.27
3.215,118672,13060,0,131732,177728,1,5820416,64.27
3.315,118672,13060,0,131732,177728,1,5820416,64.27
3.415,118672,13060,0,131732,177728,1,5820416,64.27
3.516,118672,13060,0,131732,177728,1,5820416,64.27
3.616,144556,13124,0,157680,177728,1,5820416,65.67
3.717,166816,13124,0,179940,179940,1,5820416,65.67
3.817,187508,13124,0,200632,200632,1,5820416,65.67
3.918,204840,13124,0,217964,217964,1,5820416,65.67
4.018,217760,13124,0,230884,230884,1,5820416,65.67
4.118,232756,13124,0,245880,245880,1,5820416,65.67
4.219,246660,13124,0,259784,259784,1,5820416,65.67
4.319,260696,13124,0,273820,273820,1,5820416,65.67
4.420,275608,13124,0,288732,288732,1,5820416,65.67
4.520,286456,13124,0,299580,299580,1,5820416,65.67
4.621,302368,13124,0,315492,315492,1,5820416,65.67
4.721,324352,13124,0,337476,337476,1,5820416,65.67
4.822,344156,13124,0,357280,357280,1,5820416,65.67
4.923,365388,13124,0,378512,378512,1,5820416,65.67
5.023,386308,13124,0,399432,399432,1,5820416,65.67
5.124,406716,13124,0,419840,419840,1,5820416,65.67
5.224,425452,13124,0,438576,438576,1,5820416,65.67
5.325,449280,13124,0,462404,462404,1,5820416,65.67
5.425,469240,13124,0,482364,482364,1,5820416,65.67
5.526,490244,13124,0,503368,503368,1,5820416,65.67
5.626,510728,13124,0,523852,523852,1,5820416,63.19
5.727,530828,13124,0,543952,543952,1,5820416,63.19
5.827,553352,13124,0,566476,566476,1,5820416,63.19
5.928,574552,13124,0,587676,587676,1,5820416,63.19
6.028,595284,13124,0,608408,608408,1,5820416,63.19
6.129,615976,13124,0,629100,629100,1,5820416,63.19
6.229,635460,13124,0,648584,648584,1,5820416,63.19
6.330,655348,13124,0,668472,668472,1,5820416,63.19
6.430,678344,13124,0,691468,691468,1,5820416,63.19
6.531,697628,13124,0,710752,710752,1,5820416,63.19
6.632,720132,13124,0,733256,733256,1,5820416,63.19
6.732,741144,13124,0,754268,754268,1,5820416,63.19
6.833,760000,13124,0,773124,773124,1,5820416,63.19
6.934,781652,13124,0,794776,794776,1,5820416,63.19
7.034,801688,13124,0,814812,814812,1,5820416,63.19
7.135,823116,13124,0,836240,836240,1,5820416,63.19
7.235,842392,13124,0,855516,855516,1,5820416,63.19
7.336,846300,13124,0,859424,859424,1,5820416,63.19
7.436,846300,13124,0,859424,859424,1,5820416,63.19
7.537,691452,13124,0,704576,858812,1,5820416,63.19
7.637,137080,13188,0,150268,858812,1,5820416,64.42
7.738,156596,13188,0,169784,858812,1,5820416,64.42
7.838,177700,13188,0,190888,858812,1,5820416,64.42
7.939,197948,13188,0,211136,858812,1,5820416,64.42
8.039,218164,13188,0,231352,858812,1,5820416,64.42
8.140,238000,13188,0,251188,858812,1,5820416,64.42
8.240,256132,13188,0,269320,858812,1,5820416,64.42
8.341,276012,13188,0,289200,858812,1,5820416,64.42
8.441,297056,13188,0,310244,858812,1,5820416,64.42
8.542,318016,13188,0,331204,858812,1,5820416,64.42
8.643,335632,13188,0,348820,858812,1,5820416,64.42
8.743,354708,13188,0,367896,858812,1,5820416,64.42
8.844,376204,13188,0,389392,858812,1,5820416,64.42
8.944,392276,13188,0,405464,858812,1,5820416,64.42
9.045,410072,13188,0,423260,858812,1,5820416,64.42
9.145,428416,13188,0,441604,858812,1,5820416,64.42
9.246,445196,13188,0,458384,858812,1,5820416,64.42
9.346,465924,13188,0,479112,858812,1,5820416,64.42
9.447,486540,13188,0,499728,858812,1,5820416,64.42
9.547,505452,13188,0,518640,858812,1,5820416,64.42
9.648,525576,13188,0,538764,858812,1,5820416,60.36
9.748,545284,13188,0,558472,858812,1,5820416,60.36
9.849,564496,13188,0,577684,858812,1,5820416,60.36
9.949,584936,13188,0,598124,858812,1,5820416,60.36
10.049,605716,13188,0,618904,858812,1,5820416,60.36
10.150,625508,13188,0,638696,858812,1,5820416,60.36
10.251,643276,13188,0,656464,858812,1,5820416,60.36
10.351,661404,13188,0,674592,858812,1,5820416,60.36
10.452,683684,13188,0,696872,858812,1,5820416,60.36
10.552,702248,13188,0,715436,858812,1,5820416,60.36
10.653,721512,13188,0,734700,858812,1,5820416,60.36
10.753,741968,13188,0,755156,858812,1,5820416,60.36
10.854,760040,13188,0,773228,858812,1,5820416,60.36
10.954,780788,13188,0,793976,858812,1,5820416,60.36
11.055,798308,13188,0,811496,858812,1,5820416,60.36
11.155,820016,13188,0,833204,858812,1,5820416,60.36
11.256,838676,13188,0,851864,858812,1,5820416,60.36
11.356,897308,13188,0,910496,910496,1,5820416,60.36
11.457,1063528,13188,0,1076716,1076716,1,5820416,60.36
11.558,1230044,13188,0,1243232,1243232,1,5820416,60.36
11.658,1396104,13188,0,1409292,1409292,1,5820416,61.93
11.759,1566620,13188,0,1579808,1579808,1,5820416,61.93
11.860,1569280,13188,0,1582468,1582468,1,5820416,61.93
11.964,1569284,13188,0,1582472,1582472,1,5820416,61.93
12.066,1569364,13188,0,1582552,1582552,1,5820416,61.93
12.167,1591128,13188,0,1604316,1604316,1,5820416,61.93
12.267,1627684,13188,0,1640872,1640872,1,5820416,61.93
12.368,1762816,13188,0,1776004,1776004,1,5820416,61.93
12.468,1886008,13188,0,1899196,1899196,1,5820416,61.93
12.569,1271144,13188,0,1284332,1980484,1,5820416,61.93
12.669,634792,13188,0,647980,1980484,1,5820416,61.93
12.770,723436,13188,0,736624,1980484,1,5820416,61.93
12.872,915704,13188,0,928892,1980484,1,5820416,61.93
12.973,780976,56324,0,837300,1980484,3,5820416,61.93
13.073,642260,140468,0,782728,1980484,5,5820416,61.93
13.174,642268,169508,0,811776,1980484,5,5820416,61.93
13.275,642268,169508,0,811776,1980484,5,5820416,61.93
13.379,706336,169508,0,875844,1980484,5,5820416,61.93
13.480,793528,169508,0,963036,1980484,5,5820416,61.93
13.581,837584,169508,0,1007092,1980484,5,5820416,61.93
13.681,902700,169508,0,1072208,1980484,5,5820416,58.31
13.782,1052508,169508,0,1222016,1980484,5,5820416,58.31
13.882,1134500,169508,0,1304008,1980484,5,5820416,58.31
13.983,1191824,169508,0,1361332,1980484,5,5820416,58.31
14.083,1223528,169508,0,1393036,1980484,5,5820416,58.31
14.184,1167436,169508,0,1336944,1980484,5,5820416,58.31
14.284,1167436,169508,0,1336944,1980484,5,5820416,58.31
14.385,1078100,169508,0,1247608,1980484,5,5820416,58.31
14.485,1078100,169508,0,1247608,1980484,5,5820416,58.31
14.585,1078100,169508,0,1247608,1980484,5,5820416,58.31
14.686,1078100,169508,0,1247608,1980484,5,5820416,58.31
14.787,967776,169572,0,1137348,1980484,5,5820416,58.31
14.887,967852,169572,0,1137424,1980484,5,5820416,58.31
14.988,967896,169572,0,1137468,1980484,5,5820416,58.31
15.088,967912,169572,0,1137484,1980484,5,5820416,58.31
15.188,967920,169572,0,1137492,1980484,5,5820416,58.31
15.289,967928,169572,0,1137500,1980484,5,5820416,58.31
15.389,967928,169572,0,1137500,1980484,5,5820416,58.31
15.490,967976,169572,0,1137548,1980484,5,5820416,58.31
15.590,967984,169572,0,1137556,1980484,5,5820416,58.31
15.691,968028,169572,0,1137600,1980484,5,5820416,56.63
15.791,968044,169572,0,1137616,1980484,5,5820416,56.63
15.892,968044,169572,0,1137616,1980484,5,5820416,56.63
15.992,968072,169572,0,1137644,1980484,5,5820416,56.63
16.093,968096,169572,0,1137668,1980484,5,5820416,56.63
16.194,968128,169572,0,1137700,1980484,5,5820416,56.63
16.294,968140,169572,0,1137712,1980484,5,5820416,56.63
16.395,968140,169572,0,1137712,1980484,5,5820416,56.63
16.496,968144,169572,0,1137716,1980484,5,5820416,56.63
16.597,968148,169572,0,1137720,1980484,5,5820416,56.63
16.697,968152,169572,0,1137724,1980484,5,5820416,56.63
16.798,968152,169572,0,1137724,1980484,5,5820416,56.63
16.899,968152,169572,0,1137724,1980484,5,5820416,56.63
16.999,968152,169572,0,1137724,1980484,5,5820416,56.63
17.100,968152,169572,0,1137724,1980484,5,5820416,56.63
17.200,968152,169572,0,1137724,1980484,5,5820416,56.63
17.301,968152,169572,0,1137724,1980484,5,5820416,56.63
17.402,968152,169572,0,1137724,1980484,5,5820416,56.63
17.503,968152,169572,0,1137724,1980484,5,5820416,56.63
17.603,968152,169572,0,1137724,1980484,5,5820416,56.63
17.704,968152,169572,0,1137724,1980484,5,5820416,54.88
17.805,968152,169572,0,1137724,1980484,5,5820416,54.88
17.905,968152,169572,0,1137724,1980484,5,5820416,54.88
18.006,968152,169572,0,1137724,1980484,5,5820416,54.88
18.106,968152,169572,0,1137724,1980484,5,5820416,54.88
18.207,968152,169572,0,1137724,1980484,5,5820416,54.88
18.308,968152,169572,0,1137724,1980484,5,5820416,54.88
18.409,968160,169572,0,1137732,1980484,5,5820416,54.88
18.510,968168,169572,0,1137740,1980484,5,5820416,54.88
18.610,968172,169572,0,1137744,1980484,5,5820416,54.88
18.711,968428,169572,0,1138000,1980484,5,5820416,54.88
18.812,968436,169572,0,1138008,1980484,5,5820416,54.88
18.912,968436,169572,0,1138008,1980484,5,5820416,54.88
19.013,413608,91444,0,505052,1980484,5,5820416,54.88
19.113,413608,91444,0,505052,1980484,5,5820416,54.88
19.214,436300,91828,0,528128,1980484,5,5820416,54.88
19.314,462244,91828,0,554072,1980484,5,5820416,54.88
19.415,487516,91828,0,579344,1980484,5,5820416,54.88
19.515,513452,91828,0,605280,1980484,5,5820416,54.88
19.616,539496,91828,0,631324,1980484,5,5820416,54.88
19.716,565560,91828,0,657388,1980484,5,5820416,56.35
19.816,591216,91828,0,683044,1980484,5,5820416,56.35
19.917,594484,92340,0,686824,1980484,5,5820416,56.35
20.017,594484,92340,0,686824,1980484,5,5820416,56.35
20.118,594484,92340,0,686824,1980484,5,5820416,56.35
20.218,594484,92340,0,686824,1980484,5,5820416,56.35
20.319,594484,92340,0,686824,1980484,5,5820416,56.35
20.419,414728,92596,0,507324,1980484,5,5820416,56.35
20.520,447996,99404,0,547400,1980484,28,5824512,56.35
20.621,431588,123244,0,554832,1980484,33,5824512,56.35
20.721,468940,139756,0,608696,1980484,37,5824512,56.35
20.821,458096,171960,0,630056,1980484,39,5824512,56.35
20.922,457348,148708,0,606056,1980484,41,5828608,56.35
21.023,452064,214604,0,666668,1980484,41,5828608,56.35
21.123,453088,149332,0,602420,1980484,42,5828608,56.35
21.224,503552,186720,0,690272,1980484,44,5828608,56.35
21.324,511572,220508,0,732080,1980484,44,5828608,56.35
21.425,501820,255696,0,757516,1980484,44,5828608,56.35
21.526,463984,323132,0,787116,1980484,44,5828608,56.35
21.627,511704,326788,0,838492,1980484,45,5828608,56.35
21.727,511704,337120,0,848824,1980484,45,5828608,58.64
21.828,469404,351604,0,821008,1980484,45,5828608,58.64
21.929,466032,410492,0,876524,1980484,45,5828608,58.64
22.029,467056,199752,0,666808,1980484,46,5828608,58.64
22.130,468084,250480,0,718564,1980484,46,5828608,58.64
22.230,469108,298072,0,767180,1980484,46,5828608,58.64
22.331,471160,333900,0,805060,1980484,48,5828608,58.64
22.431,476280,394736,0,871016,1980484,48,5828608,58.64
22.532,479352,385572,0,864924,1980484,49,5832704,58.64
22.633,521444,428588,0,950032,1980484,49,5832704,58.64
22.733,481400,488148,0,969548,1980484,49,5832704,58.64
22.834,482428,537532,0,1019960,1980484,49,5832704,58.64
22.934,512024,609084,0,1121108,1980484,49,5832704,58.64
23.035,527044,655652,0,1182696,1980484,49,5832704,58.64
23.135,536244,672148,0,1208392,1980484,49,5832704,58.64
23.236,543480,1429996,0,1973476,1980484,59,5832704,58.64
23.337,543480,1490304,0,2033784,2033784,59,5832704,58.64
23.438,543480,1533148,0,2076628,2076628,59,5832704,58.64
23.538,543480,1556232,0,2099712,2099712,59,5832704,58.64
23.639,543480,1595364,0,2138844,2138844,59,5832704,58.64
23.740,543480,1623692,0,2167172,2167172,59,5832704,54.9
23.840,485500,1637768,0,2123268,2180376,59,5832704,54.9
23.940,544796,1637768,0,2182564,2182564,59,5832704,54.9
24.041,538572,1637768,0,2176340,2181724,59,5832704,54.9
24.141,513884,1637768,0,2151652,2181724,59,5832704,54.9
24.242,517824,1637768,0,2155592,2181724,59,5832704,54.9
24.342,488316,1637768,0,2126084,2185096,59,5832704,54.9
24.442,488316,1637768,0,2126084,2189056,59,5832704,54.9
24.543,488316,1637768,0,2126084,2189056,59,5832704,54.9
24.643,534068,1637768,0,2171836,2189056,59,5832704,54.9
24.743,551244,1637768,0,2189012,2189056,59,5832704,54.9
24.844,540936,1637768,0,2178704,2189056,59,5832704,54.9
24.944,488316,1637768,0,2126084,2189056,59,5832704,54.9
25.045,507652,1637768,0,2145420,2189056,59,5832704,54.9
25.145,491420,1637768,0,2129188,2189056,59,5832704,54.9
25.245,488316,1637768,0,2126084,2189056,59,5832704,54.9
25.346,488316,1637768,0,2126084,2189092,59,5832704,54.9
25.446,550656,1637768,0,2188424,2189092,59,5832704,54.9
25.547,539828,1654152,0,2193980,2204324,59,5832704,54.9
25.647,541784,1656200,0,2197984,2204324,59,5832704,54.9
26.775,541784,1656200,0,2197984,2204324,59,5832704,57.27
26.884,541784,1656200,0,2197984,2204324,59,5832704,57.27
26.991,541784,1656200,0,2197984,2204324,59,5832704,57.27
27.099,541784,1656200,0,2197984,2204324,59,5832704,57.27
27.208,541784,1656200,0,2197984,2204324,59,5832704,57.27
27.315,541784,1656200,0,2197984,2204324,59,5832704,57.27
27.423,541784,1656200,0,2197984,2204324,59,5832704,57.27
27.531,541784,1656200,0,2197984,2204324,59,5832704,57.27
27.639,488320,1707400,0,2195720,2248716,59,5832704,60.48
27.740,512468,1768840,0,2281308,2319548,59,5832704,60.48
27.840,550100,1770888,0,2320988,2320988,59,5832704,60.48
27.941,494904,785800,0,1280704,2334844,60,5832704,60.48
28.041,488900,851336,0,1340236,2334844,60,5832704,60.48
28.141,553816,906632,0,1460448,2334844,60,5832704,60.48
28.242,549516,916872,0,1466388,2334844,60,5832704,60.48
28.342,488900,982424,0,1471324,2334844,60,5832704,60.48
28.443,489508,994744,0,1484252,2334844,60,5832704,60.48
28.543,500004,1037752,0,1537756,2334844,60,5832704,60.48
28.643,531328,940992,0,1472320,2334844,61,5832704,60.48
28.744,489336,1001176,0,1490512,2334844,61,5832704,60.48
28.844,489336,1072008,0,1561344,2334844,61,5832704,60.48
28.944,545272,2091468,0,2636740,2636740,61,5832704,60.48
29.045,545272,2245280,0,2790552,2790552,61,5832704,60.48
29.145,545272,2247476,0,2792748,2792748,61,5832704,60.48
29.246,545272,2247728,0,2793000,2793000,61,5832704,60.48
29.346,545272,2247728,0,2793000,2793000,61,5832704,60.48
29.446,545272,2247760,0,2793032,2793032,61,5832704,60.48
29.547,489336,2249116,0,2738452,2793728,61,5832704,60.48
29.647,556912,2249116,0,2806028,2806028,61,5832704,58.4
29.748,556912,2249116,0,2806028,2806028,61,5832704,58.4
29.848,556912,2249116,0,2806028,2806028,61,5832704,58.4
29.949,556912,2249116,0,2806028,2806028,61,5832704,58.4
30.049,556912,2249116,0,2806028,2806028,61,5832704,58.4
30.149,556912,2249116,0,2806028,2806028,61,5832704,58.4
30.250,556912,2249116,0,2806028,2806028,61,5832704,58.4
30.350,556912,2249116,0,2806028,2806028,61,5832704,58.4
30.450,556912,2249116,0,2806028,2806028,61,5832704,58.4
30.551,556912,2249116,0,2806028,2806028,61,5832704,58.4
30.651,556912,2249116,0,2806028,2806028,61,5832704,58.4
30.752,556912,2249116,0,2806028,2806028,61,5832704,58.4
30.852,556912,2249116,0,2806028,2806028,61,5832704,58.4
30.952,556912,2249116,0,2806028,2806028,61,5832704,58.4
31.053,556912,2249116,0,2806028,2806028,61,5832704,58.4
31.153,556912,2249116,0,2806028,2806028,61,5832704,58.4
31.254,556912,2249116,0,2806028,2806028,61,5832704,58.4
31.354,556912,2249116,0,2806028,2806028,61,5832704,58.4
31.454,556912,2249116,0,2806028,2806028,61,5832704,58.4
31.555,556912,2249116,0,2806028,2806028,61,5832704,58.4
31.655,489336,2249116,0,2738452,2805340,61,5832704,64.85
31.756,556424,2249116,0,2805540,2805540,61,5832704,64.85
31.856,519412,2249116,0,2768528,2805340,61,5832704,64.85
31.957,489336,2249116,0,2738452,2805340,61,5832704,64.85
32.057,553532,2249116,0,2802648,2805340,61,5832704,64.85
32.157,543512,2249116,0,2792628,2805340,61,5832704,64.85
32.257,523976,2249116,0,2773092,2805340,61,5832704,64.85
32.358,489336,2249116,0,2738452,2805340,61,5832704,64.85
32.458,489336,2249116,0,2738452,2805340,61,5832704,64.85
32.559,558088,2249116,0,2807204,2807204,61,5832704,64.85
32.659,505108,2249116,0,2754224,2806612,61,5832704,64.85
32.760,523812,2249116,0,2772928,2806612,61,5832704,64.85
32.860,525524,2249116,0,2774640,2806612,61,5832704,64.85
32.960,489340,2249116,0,2738456,2806612,61,5832704,64.85
33.061,489340,2249116,0,2738456,2806760,61,5832704,64.85
33.161,489340,2249116,0,2738456,2806760,61,5832704,64.85
33.262,489340,2249116,0,2738456,2806760,61,5832704,64.85
33.362,550288,2249116,0,2799404,2806760,61,5832704,64.85
33.462,512080,2249116,0,2761196,2806760,61,5832704,64.85
33.563,489340,2249116,0,2738456,2807272,61,5832704,64.85
33.663,560628,2249116,0,2809744,2809744,61,5832704,62.7
33.764,568448,2249116,0,2817564,2817564,61,5832704,62.7
35.459,568448,2249116,0,2817564,2817564,61,5832704,62.7
35.572,568448,2249116,0,2817564,2817564,61,5832704,62.7
35.679,499208,2249116,0,2748324,2817140,61,5832704,68.37
35.780,499208,2249116,0,2748324,2817140,61,5832704,68.37
35.880,499208,2249116,0,2748324,2817140,61,5832704,68.37
35.981,569920,2249116,0,2819036,2819036,61,5832704,68.37
36.081,548348,2249116,0,2797464,2818560,61,5832704,68.37
36.181,544312,2249116,0,2793428,2818560,61,5832704,68.37
36.282,537592,2249116,0,2786708,2818560,61,5832704,68.37
36.382,499208,2273692,0,2772900,2841108,61,5832704,68.37
36.483,570756,2298268,0,2869024,2869024,61,5832704,68.37
36.583,520372,2343324,0,2863696,2913428,61,5832704,68.37
36.684,573068,2388380,0,2961448,2961448,61,5832704,68.37
36.784,545896,2417052,0,2962948,2989544,61,5832704,68.37
36.885,501212,2488732,0,2989944,3061992,61,5832704,68.37
36.985,570416,2488732,0,3059148,3061992,61,5832704,68.37
37.085,501212,2562460,0,3063672,3135464,61,5832704,68.37
37.186,573668,2593180,0,3166848,3166848,61,5832704,68.37
37.286,516540,2634140,0,3150680,3207272,61,5832704,68.37
37.387,575388,2685340,0,3260728,3260728,61,5832704,68.37
37.487,540484,2711964,0,3252448,3286752,61,5832704,68.37
37.588,501332,2791836,0,3293168,3365768,61,5832704,68.37
37.688,568576,2791836,0,3360412,3365768,61,5832704,63.41
37.789,575896,2793884,0,3369780,3369780,61,5832704,63.41
37.889,575896,2793884,0,3369780,3369780,61,5832704,63.41
37.990,575896,2793884,0,3369780,3369780,61,5832704,63.41
38.090,575896,2793884,0,3369780,3369780,61,5832704,63.41
38.191,575896,2793884,0,3369780,3369780,61,5832704,63.41
38.291,575896,2793884,0,3369780,3369780,61,5832704,63.41
38.392,575896,2793884,0,3369780,3369780,61,5832704,63.41
38.493,575896,2793884,0,3369780,3369780,61,5832704,63.41
38.593,575896,2793884,0,3369780,3369780,61,5832704,63.41
38.694,575896,2793884,0,3369780,3369780,61,5832704,63.41
38.794,575896,2793884,0,3369780,3369780,61,5832704,63.41
38.895,575896,2793884,0,3369780,3369780,61,5832704,63.41
38.995,575896,2791836,0,3367732,3367732,61,5832704,63.41
39.096,575896,2793884,0,3369780,3369780,61,5832704,63.41
39.196,575896,2793884,0,3369780,3369780,61,5832704,63.41
39.297,575896,2793884,0,3369780,3369780,61,5832704,63.41
39.398,575896,2793884,0,3369780,3369780,61,5832704,63.41
39.498,575896,2793884,0,3369780,3369780,61,5832704,63.41
39.599,575896,2793884,0,3369780,3369780,61,5832704,63.41
39.700,575896,2793884,0,3369780,3369780,61,5832704,69.13
39.800,510352,2874396,0,3384748,3449708,61,5832704,69.13
39.901,560648,2874396,0,3435044,3449708,61,5832704,69.13
40.001,575812,2874400,0,3450212,3450212,61,5832704,69.13
40.102,575812,2874400,0,3450212,3450212,61,5832704,69.13
40.202,575812,2874400,0,3450212,3450212,61,5832704,69.13
40.303,575812,2874400,0,3450212,3450212,61,5832704,69.13
40.403,575812,2874400,0,3450212,3450212,61,5832704,69.13
40.504,575812,2874400,0,3450212,3450212,61,5832704,69.13
40.605,575812,2874400,0,3450212,3450212,61,5832704,69.13
40.705,575812,2874400,0,3450212,3450212,61,5832704,69.13
40.806,535784,2874400,0,3410184,3449708,61,5832704,69.13
40.907,575800,2874400,0,3450200,3450200,61,5832704,69.13
41.007,557192,2874400,0,3431592,3449708,61,5832704,69.13
41.108,506040,2874400,0,3380440,3449708,61,5832704,69.13
41.208,573092,2874400,0,3447492,3449708,61,5832704,69.13
41.309,548852,2874400,0,3423252,3449708,61,5832704,69.13
41.409,504572,2874400,0,3378972,3449788,61,5832704,69.13
41.510,576368,2874400,0,3450768,3450768,61,5832704,69.13
41.610,548784,2874400,0,3423184,3450172,61,5832704,69.13
41.711,501332,2874400,0,3375732,3450428,61,5832704,65.48
41.812,577748,2874400,0,3452148,3452148,61,5832704,65.48
42.315,577748,2874400,0,3452148,3452148,61,5832704,65.48
42.423,577748,2874400,0,3452148,3452148,61,5832704,65.48
42.536,577748,2874400,0,3452148,3452148,61,5832704,65.48
42.643,577748,2874400,0,3452148,3452148,61,5832704,65.48
42.752,577748,2874400,0,3452148,3452148,61,5832704,65.48
42.863,577748,2874400,0,3452148,3452148,61,5832704,65.48
42.975,577748,2874400,0,3452148,3452148,61,5832704,65.48
43.084,577748,2874400,0,3452148,3452148,61,5832704,65.48
43.196,577748,2874400,0,3452148,3452148,61,5832704,65.48
43.308,577748,2874400,0,3452148,3452148,61,5832704,65.48
43.420,577748,2874400,0,3452148,3452148,61,5832704,65.48
43.528,577748,2874400,0,3452148,3452148,61,5832704,65.48
43.636,577748,2874400,0,3452148,3452148,61,5832704,65.48
43.744,577748,2874400,0,3452148,3452148,61,5832704,69.74
43.852,501332,2874400,0,3375732,3451624,61,5832704,69.74
43.953,572436,2874400,0,3446836,3451624,61,5832704,69.74
44.054,539912,2874400,0,3414312,3451624,61,5832704,69.74
44.155,501332,2874400,0,3375732,3451624,61,5832704,69.74
44.255,577656,2874400,0,3452056,3452056,61,5832704,69.74
44.356,531268,2874400,0,3405668,3451624,61,5832704,69.74
44.458,501332,2874400,0,3375732,3451624,61,5832704,69.74
44.559,575944,2874400,0,3450344,3451624,61,5832704,69.74
44.659,526640,2874400,0,3401040,3452376,61,5832704,69.74
44.760,578536,2874400,0,3452936,3452936,61,5832704,69.74
44.861,538628,2874400,0,3413028,3452376,61,5832704,69.74
44.961,502024,2874400,0,3376424,3452376,61,5832704,69.74
45.062,560712,2874400,0,3435112,3452376,61,5832704,69.74
45.163,511008,2874400,0,3385408,3452376,61,5832704,69.74
45.264,502024,2874400,0,3376424,3452376,61,5832704,69.74
45.364,565360,2874400,0,3439760,3452376,61,5832704,69.74
45.464,522080,2874400,0,3396480,3452932,61,5832704,69.74
45.565,502336,2874400,0,3376736,3453552,61,5832704,69.74
45.666,560180,2874400,0,3434580,3453552,61,5832704,65.08
45.766,514900,2874400,0,3389300,3454152,61,5832704,65.08
45.867,580816,2874400,0,3455216,3455216,61,5832704,65.08
45.968,580816,2874400,0,3455216,3455216,61,5832704,65.08
46.069,580816,2874400,0,3455216,3455216,61,5832704,65.08
46.169,580816,2874400,0,3455216,3455216,61,5832704,65.08
46.270,580816,2874400,0,3455216,3455216,61,5832704,65.08
46.371,580816,2874400,0,3455216,3455216,61,5832704,65.08
46.471,580816,2874400,0,3455216,3455216,61,5832704,65.08
46.572,580816,2874400,0,3455216,3455216,61,5832704,65.08
46.672,580816,2874400,0,3455216,3455216,61,5832704,65.08
46.773,580816,2874400,0,3455216,3455216,61,5832704,65.08
46.873,580816,2874400,0,3455216,3455216,61,5832704,65.08
46.974,580816,2874400,0,3455216,3455216,61,5832704,65.08
47.074,580816,2874400,0,3455216,3455216,61,5832704,65.08
47.175,580816,2874400,0,3455216,3455216,61,5832704,65.08
47.275,580816,2874400,0,3455216,3455216,61,5832704,65.08
47.375,580816,2874400,0,3455216,3455216,61,5832704,65.08
47.476,580816,2874400,0,3455216,3455216,61,5832704,65.08
47.576,580816,2874400,0,3455216,3455216,61,5832704,65.08
47.677,580816,2874400,0,3455216,3455216,61,5832704,65.08
47.777,580816,2874400,0,3455216,3455216,61,5832704,67.42
47.878,502024,2874400,0,3376424,3454536,61,5832704,67.42
47.978,561812,2874400,0,3436212,3454536,61,5832704,67.42
48.079,507712,2874400,0,3382112,3454536,61,5832704,67.42
48.179,579556,2874400,0,3453956,3454536,61,5832704,67.42
48.280,538104,2874400,0,3412504,3454536,61,5832704,67.42
48.381,580028,2874400,0,3454428,3454536,61,5832704,67.42
48.482,529824,2874400,0,3404224,3454536,61,5832704,67.42
48.583,502024,2874400,0,3376424,3454536,61,5832704,67.42
48.684,558316,2874400,0,3432716,3454536,61,5832704,67.42
48.784,502024,2874400,0,3376424,3455696,61,5832704,67.42
48.885,558236,2874400,0,3432636,3455696,61,5832704,67.42
48.985,502024,2874400,0,3376424,3455696,61,5832704,67.42
49.086,557532,2874400,0,3431932,3455696,61,5832704,67.42
49.187,577124,817696,0,1394820,3465236,62,5832704,67.42
49.287,538552,823328,0,1361880,3465236,62,5832704,67.42
49.388,583088,859168,0,1442256,3465236,62,5832704,67.42
49.489,502024,906272,0,1408296,3465236,62,5832704,67.42
49.589,565744,906272,0,1472016,3465236,62,5832704,67.42
49.690,583120,967712,0,1550832,3465236,62,5832704,67.42
49.791,502024,988192,0,1490216,3465236,62,5832704,67.7
49.891,569124,988192,0,1557316,3465236,62,5832704,67.7
49.992,584048,992288,0,1576336,3465236,62,5832704,67.7
50.712,584048,992288,0,1576336,3465236,62,5832704,67.7
50.827,584048,992288,0,1576336,3465236,62,5832704,67.7
50.935,584048,992288,0,1576336,3465236,62,5832704,67.7
51.051,584048,992288,0,1576336,3465236,62,5832704,67.7
51.160,584048,992288,0,1576336,3465236,62,5832704,67.7
51.271,584048,992288,0,1576336,3465236,62,5832704,67.7
51.387,584048,992288,0,1576336,3465236,62,5832704,67.7
51.507,584048,980560,0,1564608,3465236,62,5832704,67.7
51.624,584048,976768,0,1560816,3465236,62,5832704,67.7
51.731,584048,976768,0,1560816,3465236,62,5832704,68.48
51.852,584048,989056,0,1573104,3465236,62,5832704,68.48
51.952,516644,1064832,0,1581476,3465236,62,5832704,68.48
52.053,583916,1138592,0,1722508,3465236,62,5832704,68.48
52.153,543760,1152928,0,1696688,3465236,62,5832704,68.48
52.254,583376,3144848,0,3728224,3728224,62,5832704,68.48
52.354,583376,3251472,0,3834848,3834848,62,5832704,68.48
52.455,583376,3254868,0,3838244,3838244,62,5832704,68.48
52.556,583376,3256292,0,3839668,3839668,62,5832704,68.48
52.657,583376,3256804,0,3840180,3840180,62,5832704,68.48
52.757,583376,3259932,0,3843308,3843308,62,5832704,68.48
52.858,583376,3260268,0,3843644,3843644,62,5832704,68.48
52.958,583376,3260396,0,3843772,3843772,62,5832704,68.48
53.059,583376,3261356,0,3844732,3844732,62,5832704,68.48
53.159,583376,3262380,0,3845756,3845756,62,5832704,68.48
53.260,583376,3263408,0,3846784,3846784,62,5832704,68.48
53.360,548384,3263408,0,3811792,3846048,62,5832704,68.48
53.461,584784,3263408,0,3848192,3848192,62,5832704,68.48
53.562,542704,3263408,0,3806112,3847488,62,5832704,68.48
53.662,502024,3263408,0,3765432,3847488,62,5832704,68.48
53.763,563968,3263408,0,3827376,3847488,62,5832704,65.86
53.864,502024,3263408,0,3765432,3847488,62,5832704,65.86
53.964,565428,3263408,0,3828836,3847488,62,5832704,65.86
54.065,583696,3263408,0,3847104,3847488,62,5832704,65.86
54.166,583696,3263408,0,3847104,3847488,62,5832704,65.86
54.267,583696,3263408,0,3847104,3847488,62,5832704,65.86
54.367,583696,3263408,0,3847104,3847488,62,5832704,65.86
54.468,583696,3263408,0,3847104,3847488,62,5832704,65.86
54.569,583696,3263408,0,3847104,3847488,62,5832704,65.86
54.670,583696,3263408,0,3847104,3847488,62,5832704,65.86
54.771,583696,3263408,0,3847104,3847488,62,5832704,65.86
54.872,583696,3263408,0,3847104,3847488,62,5832704,65.86
54.972,583696,3263408,0,3847104,3847488,62,5832704,65.86
55.073,583696,3263408,0,3847104,3847488,62,5832704,65.86
55.173,583696,3263408,0,3847104,3847488,62,5832704,65.86
55.274,583696,3263408,0,3847104,3847488,62,5832704,65.86
55.374,583696,3263408,0,3847104,3847488,62,5832704,65.86
55.475,583696,3263408,0,3847104,3847488,62,5832704,65.86
55.575,583696,3261360,0,3845056,3847488,62,5832704,65.86
55.676,583696,3263408,0,3847104,3847488,62,5832704,65.86
55.776,583696,3263408,0,3847104,3847488,62,5832704,68.42
55.877,583696,3263408,0,3847104,3847488,62,5832704,68.42
55.977,502024,3263408,0,3765432,3847488,62,5832704,68.42
56.078,584916,3263408,0,3848324,3848324,62,5832704,68.42
56.179,537820,3263408,0,3801228,3847692,62,5832704,68.42
56.279,585904,3263408,0,3849312,3849312,62,5832704,68.42
56.380,521044,3263408,0,3784452,3848752,62,5832704,68.42
56.480,547104,3263408,0,3810512,3848752,62,5832704,68.42
56.580,552020,3263408,0,3815428,3848752,62,5832704,68.42
56.681,502024,3263408,0,3765432,3848752,62,5832704,68.42
56.781,572804,3263408,0,3836212,3848752,62,5832704,68.42
56.882,525932,3263408,0,3789340,3848752,62,5832704,68.42
56.982,512416,3263408,0,3775824,3848752,62,5832704,68.42
57.082,560112,3263408,0,3823520,3848752,62,5832704,68.42
57.183,503080,3263408,0,3766488,3848912,62,5832704,68.42
57.283,586568,3263408,0,3849976,3849976,62,5832704,68.42
57.384,542372,3263408,0,3805780,3849424,62,5832704,68.42
57.484,502024,3263408,0,3765432,3850448,62,5832704,68.42
57.584,571748,3263408,0,3835156,3850448,62,5832704,68.42
57.685,528704,3263408,0,3792112,3851088,62,5832704,68.42
57.785,502024,3263408,0,3765432,3851088,62,5832704,65.99
57.885,561136,3263408,0,3824544,3851088,62,5832704,65.99
57.986,586996,3263408,0,3850404,3851088,62,5832704,65.99
59.115,586996,3263408,0,3850404,3851088,62,5832704,65.99
59.223,586996,3263408,0,3850404,3851088,62,5832704,65.99
59.339,586996,3263408,0,3850404,3851088,62,5832704,65.99
59.447,586996,3263408,0,3850404,3851088,62,5832704,65.99
59.563,586996,3263408,0,3850404,3851088,62,5832704,65.99
59.679,586996,3263408,0,3850404,3851088,62,5832704,65.99
59.787,586996,3263408,0,3850404,3851088,62,5832704,67.98
59.907,586996,3261360,0,3848356,3851088,62,5832704,67.98
60.031,505628,3263408,0,3769036,3851088,62,5832704,67.98
60.132,587844,3263408,0,3851252,3851252,62,5832704,67.98
60.232,552384,3263408,0,3815792,3851088,62,5832704,67.98
60.333,502024,3263408,0,3765432,3851088,62,5832704,67.98
60.433,588576,3263408,0,3851984,3851984,62,5832704,67.98
60.533,546428,3263408,0,3809836,3851600,62,5832704,67.98
60.634,502024,3263408,0,3765432,3851600,62,5832704,67.98
60.734,585904,3263408,0,3849312,3851600,62,5832704,67.98
60.834,542668,3263408,0,3806076,3851600,62,5832704,67.98
60.935,502024,3263408,0,3765432,3851600,62,5832704,67.98
61.035,578068,3263408,0,3841476,3851600,62,5832704,67.98
61.136,540712,3263408,0,3804120,3851600,62,5832704,67.98
61.236,502024,3263408,0,3765432,3851600,62,5832704,67.98
61.336,502024,3263408,0,3765432,3851600,62,5832704,67.98
61.437,502024,3263408,0,3765432,3851600,62,5832704,67.98
61.537,502024,3263408,0,3765432,3851600,62,5832704,67.98
61.637,502024,3263408,0,3765432,3851600,62,5832704,67.98
61.738,502024,3263408,0,3765432,3851600,62,5832704,66.35
61.838,502024,2849376,0,3351400,3851600,62,5832704,66.35
61.939,502024,377184,0,879208,3851600,62,5832704,66.35
62.039,394376,454800,0,849176,3851600,64,5832704,66.35
62.139,394376,591468,0,985844,3851600,66,5832704,66.35
62.240,462564,629660,0,1092224,3851600,66,5840896,66.35
62.340,438048,659268,0,1097316,3851600,92,5844992,66.35
62.441,441184,683624,0,1124808,3851600,96,5844992,66.35
62.541,487728,714672,0,1202400,3851600,98,5844992,66.35
62.641,491452,682652,0,1174104,3851600,100,5853184,66.35
62.742,489392,748028,0,1237420,3851600,100,5853184,66.35
62.842,480072,682236,0,1162308,3851600,101,5861376,66.35
62.942,458320,725300,0,1183620,3851600,103,5861376,66.35
63.043,459300,787560,0,1246860,3851600,103,5861376,66.35
63.143,460328,854476,0,1314804,3851600,103,5861376,66.35
63.244,461360,882428,0,1343788,3851600,104,5861376,66.35
63.344,462392,940796,0,1403188,3851600,104,5861376,66.35
63.444,463424,729536,0,1192960,3851600,105,5873664,66.35
63.545,497540,779744,0,1277284,3851600,105,5873664,66.35
63.645,466520,878752,0,1345272,3851600,105,5873664,66.35
63.746,471680,916796,0,1388476,3851600,107,5873664,65.02
63.846,475808,913244,0,1389052,3851600,108,5873664,65.02
63.946,476840,968188,0,1445028,3851600,108,5873664,65.02
64.047,478900,1014476,0,1493376,3851600,108,5873664,65.02
64.147,478900,1014476,0,1493376,3851600,108,5873664,65.02
64.248,478900,1014476,0,1493376,3851600,108,5873664,65.02
64.349,478900,1014476,0,1493376,3851600,108,5873664,65.02
64.449,478900,1014476,0,1493376,3851600,108,5873664,65.02
64.550,478900,1014476,0,1493376,3851600,108,5873664,65.02
64.650,478900,1014476,0,1493376,3851600,108,5873664,65.02
64.750,478900,1014476,0,1493376,3851600,108,5873664,65.02
64.851,478900,1014476,0,1493376,3851600,108,5873664,65.02
64.951,478900,1014476,0,1493376,3851600,108,5873664,65.02
65.052,478900,1014476,0,1493376,3851600,108,5873664,65.02
65.152,478900,1014476,0,1493376,3851600,108,5873664,65.02
65.252,478900,1014476,0,1493376,3851600,108,5873664,65.02
65.353,478900,1014476,0,1493376,3851600,108,5873664,65.02
65.453,478900,1014476,0,1493376,3851600,108,5873664,65.02
65.553,478900,1014476,0,1493376,3851600,108,5873664,65.02
65.654,478900,1014476,0,1493376,3851600,108,5873664,66.28
65.754,478900,1014476,0,1493376,3851600,108,5873664,66.28
65.854,478900,1014476,0,1493376,3851600,108,5873664,66.28
65.955,478900,1014476,0,1493376,3851600,108,5873664,66.28
66.055,478900,1014476,0,1493376,3851600,108,5873664,66.28
66.156,479940,1098396,0,1578336,3851600,108,5873664,66.28
66.256,523544,1178140,0,1701684,3851600,108,5873664,66.28
66.356,534856,1192572,0,1727428,3851600,108,5873664,66.28
66.457,556232,2063872,0,2620104,3851600,116,5873664,66.28
66.557,556232,2587408,0,3143640,3851600,116,5873664,66.28
66.658,556232,2947664,0,3503896,3851600,116,5873664,66.28
66.758,556232,3123984,0,3680216,3851600,116,5873664,66.28
66.858,556232,3335116,0,3891348,3891348,116,5873664,66.28
66.959,556232,3480964,0,4037196,4037196,116,5873664,66.28
68.008,556232,3459080,0,4015312,4059856,128,80130048,65.69
68.108,556232,3443808,0,4000040,4059856,130,88227840,65.69
68.208,556232,3422444,0,3978676,4059856,139,129093632,65.69
68.309,556232,3436760,0,3992992,4059856,145,156651520,65.69
68.409,556232,3408152,0,3964384,4059856,145,190189568,65.69
68.510,556232,3424960,0,3981192,4059856,145,197791744,65.69
68.610,556232,3426132,0,3982364,4059856,145,207380480,65.69
68.711,556232,3434412,0,3990644,4059856,147,209199104,65.69
68.811,556232,3436160,0,3992392,4059856,165,227299328,65.69
68.912,556232,3387212,0,3943444,4059856,178,227315712,65.69
69.012,556232,3375692,0,3931924,4059856,181,241410048,65.69
69.112,556232,3376652,0,3932884,4059856,181,241410048,65.69
69.213,556232,3376688,0,3932920,4059856,181,241410048,65.69
69.313,556232,3379488,0,3935720,4059856,182,241434624,65.69
69.414,556232,3417364,0,3973596,4059856,185,252940288,65.69
69.514,556232,3414692,0,3970924,4059856,185,252940288,65.69
69.615,556232,3412828,0,3969060,4059856,185,261328896,65.69
69.715,556232,3420380,0,3976612,4059856,185,261328896,64.66
69.816,556232,3421816,0,3978048,4059856,185,261328896,64.66
69.916,556232,3421744,0,3977976,4059856,185,269717504,64.66
70.016,556232,3423224,0,3979456,4059856,185,277909504,64.66
70.117,556232,3423840,0,3980072,4059856,185,277909504,64.66
70.217,556232,3494480,0,4050712,4059856,185,277909504,64.66
70.318,556232,3510712,0,4066944,4076824,186,285184000,64.66
70.418,556232,3510712,0,4066944,4076824,186,285184000,64.66
70.519,556232,3510712,0,4066944,4076824,186,285184000,64.66
70.619,556232,3508508,0,4064740,4076824,188,294686720,64.66
70.720,556232,3490908,0,4047140,4076824,188,311463936,64.66
70.820,556232,3490196,0,4046428,4076824,188,319852544,64.66
70.921,556232,3486916,0,4043148,4076824,188,328241152,64.66
71.021,556232,3497328,0,4053560,4076824,188,328241152,64.66
71.121,556232,3494268,0,4050500,4076824,188,329486336,64.66
71.222,556232,3494268,0,4050500,4076824,188,329486336,64.66
71.322,556232,3494268,0,4050500,4076824,188,329486336,64.66
71.423,556232,3494268,0,4050500,4076824,188,329486336,64.66
71.523,556232,3514512,0,4070744,4076824,189,333680640,64.66
71.624,556232,3510852,0,4067084,4076824,190,342069248,64.66
71.724,556232,3506700,0,4062932,4076824,190,350457856,67.07
71.825,556232,3495532,0,4051764,4076824,191,369192960,67.07
71.925,556232,3448196,0,4004428,4076824,201,369524736,67.07
72.025,538780,3448196,0,3986976,4076824,201,369524736,67.07
72.126,498252,3448208,0,3946460,4076824,202,369537024,67.07
72.227,553188,3448208,0,4001396,4076824,202,369537024,67.07
72.683,553188,3448208,0,4001396,4076824,202,369537024,67.07
72.792,553188,3448208,0,4001396,4076824,202,369537024,67.07
72.899,553188,3448208,0,4001396,4076824,202,369537024,67.07
73.011,553188,3448208,0,4001396,4076824,202,369537024,67.07
73.119,553188,3448208,0,4001396,4076824,202,369537024,67.07
73.227,553188,3448208,0,4001396,4076824,202,369537024,67.07
73.335,553188,3448208,0,4001396,4076824,202,369537024,67.07
73.443,553188,3448208,0,4001396,4076824,202,369537024,67.07
73.551,553188,3448208,0,4001396,4076824,202,369537024,67.07
73.659,553188,3448208,0,4001396,4076824,202,369537024,67.07
73.767,553188,3448208,0,4001396,4076824,202,369537024,66.7
73.876,553188,3448208,0,4001396,4076824,202,369537024,66.7
73.983,553188,3448208,0,4001396,4076824,202,369537024,66.7
74.092,553188,3448208,0,4001396,4076824,202,369537024,66.7
74.200,553188,3448228,0,4001416,4076824,203,369553408,66.7
74.300,515244,3448228,0,3963472,4076824,203,369553408,66.7
74.401,498252,3448244,0,3946496,4076824,204,369569792,66.7
74.502,558064,3446196,0,4004260,4076824,204,369569792,66.7
74.602,552512,3446196,0,3998708,4076824,204,369569792,66.7
74.703,527972,3442164,0,3970136,4076824,205,369635328,66.7
74.804,512764,3442164,0,3954928,4076824,205,369635328,66.7
74.904,498252,3442228,0,3940480,4076824,206,369700864,66.7
75.005,561180,3442232,0,4003412,4076824,206,369700864,66.7
75.105,550872,3442232,0,3993104,4076824,206,369700864,66.7
75.206,502632,3442232,0,3944864,4076824,206,369700864,66.7
75.306,515448,3442232,0,3957680,4076824,206,369700864,66.7
75.407,500276,3442232,0,3942508,4076824,206,369700864,66.7
75.507,500276,3440184,0,3940460,4076824,206,369700864,66.7
75.608,500284,3440184,0,3940468,4076824,206,369700864,66.7
75.708,562624,3440184,0,4002808,4076824,206,369700864,65.3
75.809,541716,3428152,0,3969868,4076824,207,369700864,65.3
75.910,500284,3438136,0,3938420,4076824,207,369700864,65.3
76.010,562564,3427896,0,3990460,4076824,207,369700864,65.3
76.111,551932,3434040,0,3985972,4076824,207,369700864,65.3
76.211,500284,2387512,0,2887796,4076824,208,369770496,65.3
76.312,566300,2383416,0,2949716,4076824,208,369770496,65.3
76.871,566300,2383416,0,2949716,4076824,208,369770496,65.3
76.983,566300,2383416,0,2949716,4076824,208,369770496,65.3
77.091,566300,2383416,0,2949716,4076824,208,369770496,65.3
77.199,566300,2383416,0,2949716,4076824,208,369770496,65.3
77.307,566300,2383416,0,2949716,4076824,208,369770496,65.3
77.416,566300,2383416,0,2949716,4076824,208,369770496,65.3
77.523,566300,2383416,0,2949716,4076824,208,369770496,65.3
77.632,566300,2383416,0,2949716,4076824,208,369770496,65.3
77.755,566300,2383416,0,2949716,4076824,208,369770496,67.24
77.864,566300,2383416,0,2949716,4076824,208,369770496,67.24
77.971,566300,2383416,0,2949716,4076824,208,369770496,67.24
78.080,566300,2383416,0,2949716,4076824,208,369770496,67.24
78.192,566300,2383416,0,2949716,4076824,208,369770496,67.24
78.299,500284,2381368,0,2881652,4076824,208,369770496,67.24
78.400,565200,2383416,0,2948616,4076824,208,369770496,67.24
78.500,538008,2383416,0,2921424,4076824,208,369770496,67.24
78.601,500284,2381480,0,2881764,4076824,209,369876992,67.24
78.701,500284,2393224,0,2893508,4076824,210,369876992,67.24
78.802,539456,2399656,0,2939112,4076824,210,369876992,67.24
78.902,500284,2282736,0,2783020,4076824,211,369876992,67.24
79.003,552412,2244948,0,2797360,4076824,213,369876992,67.24
79.103,557904,2238804,0,2796708,4076824,213,369876992,67.24
79.204,527012,2246272,0,2773284,4076824,213,369876992,67.24
79.304,556220,2604860,0,3161080,4076824,224,461901824,67.24
79.404,556220,3224296,0,3780516,4076824,240,615251968,67.24
79.505,556220,3220696,0,3776916,4076824,242,705626112,67.24
79.606,556220,3306728,0,3862948,4076824,244,916406272,67.24
79.706,556220,3371308,0,3927528,4076824,244,1180942336,67.24
79.807,556220,3393700,0,3949920,4076824,244,1510539264,61.4
79.907,556220,3432380,0,3988600,4076824,245,1797578752,61.4
80.008,556220,3477744,0,4033964,4076824,252,1954955264,61.4
80.109,556220,3470728,0,4026948,4076824,255,1985314816,61.4
80.209,556220,3473220,0,4029440,4076824,257,1995235328,61.4
80.310,556220,3474164,0,4030384,4076824,258,2014765056,61.4
80.410,556220,3475648,0,4031868,4076824,264,2272022528,61.4
80.511,556220,3452640,0,4008860,4076824,266,2573991936,61.4
80.611,556220,3434632,0,3990852,4076824,266,2666266624,61.4
80.712,556220,3430172,0,3986392,4076824,267,2939817984,61.4
80.812,556220,3439692,0,3995912,4076824,267,3124367360,61.4
80.913,556220,3451464,0,4007684,4076824,267,3247460352,61.4
81.013,556220,3501780,0,4058000,4076824,271,3459211264,61.4
81.115,556220,3483428,0,4039648,4076824,273,3572068352,61.4
81.215,556220,3505020,0,4061240,4076824,273,3805147136,61.4
81.315,556220,3506424,0,4062644,4076824,273,3883814912,61.4
81.416,556220,3521148,0,4077368,4077368,273,3908980736,61.4
81.516,556220,3513432,0,4069652,4076824,273,4076752896,61.4
81.617,556220,3514616,0,4070836,4079164,273,4270018560,61.4
81.717,556220,3516696,0,4072916,4079164,276,4330835968,61.4
81.818,556220,3517500,0,4073720,4079164,276,4624437248,58.06
81.919,556220,3521868,0,4078088,4082656,276,4683157504,58.06
82.019,556220,3518468,0,4074688,4083976,276,4959981568,58.06
82.120,556220,3519972,0,4076192,4083976,276,5060644864,58.06
82.220,556220,3528220,0,4084440,4084440,276,5236805632,58.06
82.321,556220,3520572,0,4076792,4083976,276,5436035072,58.06
82.421,556220,3526156,0,4082376,4083976,276,5545086976,58.06
82.522,556220,3526844,0,4083064,4084792,276,5803036672,58.06
82.622,556220,3517868,0,4074088,4084792,277,6049976320,58.06
82.722,556220,3517868,0,4074088,4084792,277,6049976320,58.06
82.823,556220,3519340,0,4075560,4084792,278,6261788672,58.06
82.924,556220,3523116,0,4079336,4084792,278,6547001344,58.06
83.024,556220,3529260,0,4085480,4085480,278,6857379840,58.06
83.125,556220,3522248,0,4078468,4085016,278,6924488704,58.06
83.225,556220,3522248,0,4078468,4085016,278,6932877312,58.06
83.326,556220,3529396,0,4085616,4085616,278,6991597568,58.06
83.426,556220,3521832,0,4078052,4086028,278,7285198848,58.06
83.527,556220,3521832,0,4078052,4086028,278,7494914048,58.06
83.627,556220,3521832,0,4078052,4086028,278,7536857088,58.06
83.728,556220,3523880,0,4080100,4086028,278,7696240640,58.06
83.828,556220,3518696,0,4074916,4086028,279,7994036224,59.14
83.929,556220,3518824,0,4075044,4086028,279,8289062912,59.14
84.030,556220,3519848,0,4076068,4086028,279,8423280640,59.14
84.130,556220,3519848,0,4076068,4086028,279,8423280640,59.14
84.231,556220,3518184,0,4074404,4086028,279,8476495872,59.14
84.331,556220,3527656,0,4083876,4086028,281,8631709696,59.14
84.432,556220,3507520,0,4063740,4086028,285,8902217728,59.14
84.533,556220,3523904,0,4080124,4086028,285,9053212672,59.14
84.634,556220,3521856,0,4078076,4086028,285,9145487360,59.14
84.734,556220,3521972,0,4078192,4086028,285,9262927872,59.14
84.835,556220,3522756,0,4078976,4086028,285,9548140544,59.14
84.935,556220,3516932,0,4073152,4086028,286,9845936128,59.14
85.036,556220,3515240,0,4071460,4086028,286,10048348160,59.14
85.136,556220,3518088,0,4074308,4086028,286,10052280320,59.14
85.237,556220,3518088,0,4074308,4086028,286,10052280320,59.14
85.337,556220,3518088,0,4074308,4086028,286,10052280320,59.14
85.437,556220,3528352,0,4084572,4086028,287,10052280320,59.14
85.538,556220,3520596,0,4076816,4086028,289,10059816960,59.14
85.639,556220,3526572,0,4082792,4086028,290,10059857920,59.14
85.739,556220,3375512,0,3931732,4086028,327,10059866112,59.14
85.839,528692,3372176,0,3900868,4086028,328,10059866112,62.92
85.940,550688,3361936,0,3912624,4086028,328,10059866112,62.92
86.041,559688,3361936,0,3921624,4086028,328,10059866112,62.92
86.141,512376,3361936,0,3874312,4086028,328,10059866112,62.92
86.242,500284,3361936,0,3862220,4086028,328,10059866112,62.92
86.342,564480,3361936,0,3926416,4086028,328,10059866112,62.92
86.442,548020,3361936,0,3909956,4086028,328,10059866112,62.92
86.544,533488,3361936,0,3895424,4086028,328,10059866112,62.92
86.644,500284,3361936,0,3862220,4086028,328,10059866112,62.92
86.746,500284,3361936,0,3862220,4086028,328,10059866112,62.92
86.846,569036,3359888,0,3928924,4086028,328,10059866112,62.92
86.947,538900,3359888,0,3898788,4086028,328,10059866112,62.92
87.048,549340,3359888,0,3909228,4086028,328,10059866112,62.92
87.149,553800,3359888,0,3913688,4086028,328,10059866112,62.92
87.249,536020,3359888,0,3895908,4086028,328,10059866112,62.92
87.350,503600,3359888,0,3863488,4086028,328,10059866112,62.92
87.450,507596,3359888,0,3867484,4086028,328,10059866112,62.92
87.551,500284,3359888,0,3860172,4086028,328,10059866112,62.92
87.652,563872,3359888,0,3923760,4086028,328,10059866112,62.92
87.752,534880,3359888,0,3894768,4086028,328,10059866112,62.92
87.853,500284,3357840,0,3858124,4086028,328,10059866112,60.76
87.954,569524,3357840,0,3927364,4086028,328,10059866112,60.76
88.055,545640,3357840,0,3903480,4086028,328,10059866112,60.76
88.155,536604,3357840,0,3894444,4086028,328,10059866112,60.76
88.256,545000,3357840,0,3902840,4086028,328,10059866112,60.76
88.356,500704,3355792,0,3856496,4086028,328,10059866112,60.76
88.457,552108,3355792,0,3907900,4086028,328,10059866112,60.76
89.391,552108,3355792,0,3907900,4086028,328,10059866112,60.76
89.511,552108,3355792,0,3907900,4086028,328,10059866112,60.76
89.619,552108,3355792,0,3907900,4086028,328,10059866112,60.76
89.727,552108,3355792,0,3907900,4086028,328,10059866112,60.76
89.847,552108,3355792,0,3907900,4086028,328,10059866112,64.06
89.955,552108,3355792,0,3907900,4086028,328,10059866112,64.06
90.067,552108,3355792,0,3907900,4086028,328,10059866112,64.06
90.175,552108,3355792,0,3907900,4086028,328,10059866112,64.06
90.283,552108,3355792,0,3907900,4086028,328,10059866112,64.06
90.391,500284,3355792,0,3856076,4086028,328,10059866112,64.06
90.492,500284,3355792,0,3856076,4086028,328,10059866112,64.06
90.592,569140,3355792,0,3924932,4086028,328,10059866112,64.06
90.693,530620,3344784,0,3875404,4086028,329,10059866112,64.06
90.793,500284,3345552,0,3845836,4086028,329,10059866112,64.06
90.893,563248,3345552,0,3908800,4086028,329,10059866112,64.06
90.994,503048,3343504,0,3846552,4086028,329,10059866112,64.06
91.094,572892,3343504,0,3916396,4086028,329,10059866112,64.06
91.195,559088,3339408,0,3898496,4086028,329,10059866112,64.06
91.295,521324,3376272,0,3897596,4086028,329,10059866112,64.06
91.395,533908,3439760,0,3973668,4086028,329,10059866112,64.06
91.496,562960,3439760,0,4002720,4086028,329,10059866112,64.06
91.596,500284,3499932,0,4000216,4086028,330,10059866112,64.06
91.697,573484,3491264,0,4064748,4086028,330,10059866112,64.06
91.797,541020,3498496,0,4039516,4086028,330,10059866112,61.15
91.898,500284,3495752,0,3996036,4086028,331,10059866112,61.15
91.998,574764,3495752,0,4070516,4086028,331,10059866112,61.15
92.099,574764,3395392,0,3970156,4086028,347,10321993728,61.15
92.199,574764,3376452,0,3951216,4086028,348,10666209280,61.15
92.299,574764,3422512,0,3997276,4086028,349,10837352448,61.15
92.403,574764,3422512,0,3997276,4086028,349,10837352448,61.15
92.504,574764,3438772,0,4013536,4086028,364,10902216704,61.15
92.604,574764,3428384,0,4003148,4086028,368,10954014720,61.15
92.705,574764,3380260,0,3955024,4086028,381,11114082304,61.15
92.805,574764,3363660,0,3938424,4086028,399,11293863936,61.15
92.906,574764,3379372,0,3954136,4086028,410,11507822592,61.15
93.006,574764,3401616,0,3976380,4086028,414,11690528768,61.15
93.106,574764,3434552,0,4009316,4086028,418,11852050432,61.15
93.207,574764,3459036,0,4033800,4086028,425,12004855808,61.15
93.307,574764,3427780,0,4002544,4086028,447,12155846656,61.15
93.408,574764,3344376,0,3919140,4086028,473,12345421824,61.15
93.510,574764,3282980,0,3857744,4086028,497,12572459008,61.15
93.612,574764,3190876,0,3765640,4086028,529,12809740288,61.15
93.712,574764,3082788,0,3657552,4086028,573,13022556160,61.15
93.812,574764,3047300,0,3622064,4086028,596,13239345152,58.59
93.915,574764,2974696,0,3549460,4086028,624,13445607424,58.59
94.016,574764,2911428,0,3486192,4086028,641,13565841408,58.59
94.117,574764,2823192,0,3397956,4086028,661,13725159424,58.59
94.217,574764,2758976,0,3333740,4086028,686,13882912768,58.59
94.319,574764,2683524,0,3258288,4086028,705,14046109696,58.59
94.422,574764,2590952,0,3165716,4086028,732,14222913536,58.59
94.522,574764,2519712,0,3094476,4086028,751,14396354560,58.59
94.623,574764,2472120,0,3046884,4086028,763,14506602496,58.59
94.723,574764,2381932,0,2956696,4086028,777,14612090880,58.59
94.824,574764,2308788,0,2883552,4086028,797,14700777472,58.59
94.924,574764,2220968,0,2795732,4086028,822,14806855680,58.59
95.024,574764,2155512,0,2730276,4086028,839,14890991616,58.59
95.125,574764,2099404,0,2674168,4086028,857,14966116352,58.59
95.225,574764,2065488,0,2640252,4086028,883,15048101888,58.59
95.325,574764,2029776,0,2604540,4086028,904,15114645504,58.59
95.426,574764,2025904,0,2600668,4086028,939,15211155456,58.59
95.526,574764,2361028,0,2935792,4086028,965,15299002368,58.59
95.627,574764,2878492,0,3453256,4086028,971,15451783168,58.59
95.727,574764,3240564,0,3815328,4086028,971,15661486080,58.12
95.827,574764,3372392,0,3947156,4086028,974,15856877568,58.12
95.928,574764,3381920,0,3956684,4086028,974,15882043392,58.12
96.028,574764,3386296,0,3961060,4086028,975,15898898432,58.12
96.129,574764,3414784,0,3989548,4086028,992,16009281536,58.12
96.229,574764,3424488,0,3999252,4086028,1011,16127950848,58.12
96.329,574764,3406572,0,3981336,4086028,1030,16232316928,58.12
96.430,574764,3388080,0,3962844,4086028,1047,16323141632,58.12
96.530,574764,3379884,0,3954648,4086028,1063,16382500864,58.12
96.630,574764,3364572,0,3939336,4086028,1093,16536793088,58.12
96.731,574764,3365356,0,3940120,4086028,1120,16662945792,58.12
96.831,574764,3352132,0,3926896,4086028,1143,16777043968,58.12
96.931,574764,3367496,0,3942260,4086028,1165,16922603520,58.12
97.032,574764,3411172,0,3985936,4086028,1187,17094688768,58.12
97.132,574764,3422056,0,3996820,4086028,1211,17283571712,58.12
97.232,574764,3428488,0,4003252,4086028,1227,17510277120,58.12
97.333,574764,3396904,0,3971668,4086028,1260,17660456960,58.12
97.433,574764,3399256,0,3974020,4086028,1263,17666510848,58.12
97.534,574764,3399256,0,3974020,4086028,1263,17666510848,58.12
97.634,574764,3394680,0,3969444,4086028,1264,17669758976,58.12
97.734,574764,3391304,0,3966068,4086028,1304,17813696512,59.72
97.835,574764,3417796,0,3992560,4086028,1332,17994137600,59.72
97.935,574764,3404172,0,3978936,4086028,1351,18096848896,59.72
98.036,574764,3418448,0,3993212,4086028,1370,18217336832,59.72
98.136,574764,3449136,0,4023900,4086028,1372,18502582272,59.72
98.236,574764,3467224,0,4041988,4086028,1377,18766970880,59.72
98.337,574764,3459644,0,4034408,4086028,1378,19044192256,59.72
98.437,574764,3457628,0,4032392,4086028,1379,19102941184,59.72
98.538,574764,3459676,0,4034440,4086028,1379,19102941184,59.72
100.591,574764,3466832,0,4041596,4086028,1381,19287498752,59.23
100.692,574764,3482496,0,4057260,4086028,1384,19472871424,59.23
100.792,574764,3489988,0,4064752,4086028,1384,19514814464,59.23
100.893,574764,3490824,0,4065588,4086028,1385,19758092288,59.23
100.993,574764,3493824,0,4068588,4086028,1386,20039110656,59.23
101.094,574764,3493524,0,4068288,4086028,1386,20290768896,59.23
101.194,574764,3481600,0,4056364,4086028,1386,20458541056,59.23
101.294,574764,3481600,0,4056364,4086028,1386,20458541056,59.23
101.395,574764,3481600,0,4056364,4086028,1386,20458541056,59.23
101.495,574764,3486228,0,4060992,4086028,1388,20618035200,59.23
101.596,574764,3499004,0,4073768,4086028,1388,20827750400,59.23
101.696,574764,3501784,0,4076548,4086028,1388,20886470656,59.23
101.797,574764,3493336,0,4068100,4086028,1391,21176225792,56.47
101.897,574764,3492600,0,4067364,4086028,1391,21461438464,56.47
101.998,574764,3477472,0,4052236,4086028,1392,21750845440,56.47
102.098,574764,3477676,0,4052440,4086028,1392,21767622656,56.47
102.199,574764,3477676,0,4052440,4086028,1392,21767622656,56.47
102.299,574764,3496228,0,4070992,4086028,1392,21834731520,56.47
102.399,574764,3490904,0,4065668,4086028,1393,22096953344,56.47
102.500,574764,3500300,0,4075064,4086028,1393,22175006720,56.47
102.600,574764,3505444,0,4080208,4086028,1395,22447636480,56.47
102.701,574764,3491560,0,4066324,4086028,1396,22728654848,56.47
102.801,574764,3500836,0,4075600,4086028,1396,22997090304,56.47
102.902,574764,3495672,0,4070436,4086028,1396,23047421952,56.47
103.002,574764,3495672,0,4070436,4086028,1396,23047421952,56.47
103.103,574764,3506064,0,4080828,4086028,1398,23120121856,56.47
103.203,574764,3512512,0,4087276,4087276,1399,23401140224,56.47
103.304,574764,3512460,0,4087224,4093012,1399,23459860480,56.47
103.404,574764,3524228,0,4098992,4098992,1399,23659192320,56.47
103.505,574764,3526708,0,4101472,4102064,1399,23977959424,56.47
103.605,574764,3535084,0,4109848,4109848,1400,24263200768,56.47
103.706,574764,3533816,0,4108580,4108580,1401,24340668416,56.47
103.806,574764,3533816,0,4108580,4108580,1401,24340668416,59.83
103.907,574764,3532156,0,4106920,4106920,1403,24373063680,59.83
104.007,574764,3509852,0,4084616,4102064,1412,24455491584,59.83
104.107,529724,3504448,0,4034172,4102064,1412,24463863808,59.83
104.208,574752,3493780,0,4068532,4102064,1412,24489029632,59.83
104.308,537260,3493792,0,4031052,4102064,1412,24489029632,59.83
104.409,574752,3497028,0,4071780,4102064,1412,24497352704,59.83
104.509,560724,3497028,0,4057752,4102064,1412,24497352704,59.83
104.610,500284,3496164,0,3996448,4102064,1412,24514129920,59.83
104.710,574992,3498188,0,4073180,4102064,1412,24522518528,59.83
104.811,532652,3496172,0,4028824,4102064,1412,24522518528,59.83
104.911,575320,3494760,0,4070080,4102064,1412,24539295744,59.83
105.012,500284,3492756,0,3993040,4102064,1412,24539295744,59.83
105.112,564440,3492756,0,4057196,4102064,1412,24539295744,59.83
105.213,575660,3495632,0,4071292,4102064,1412,24547684352,59.83
105.314,517868,3495652,0,4013520,4102064,1412,24547684352,59.83
105.415,576700,3492860,0,4069560,4102064,1412,24564461568,59.83
105.516,504924,3490868,0,3995792,4102064,1412,24564461568,59.83
105.616,575364,3489372,0,4064736,4102064,1412,24581238784,59.83
105.717,542400,3489432,0,4031832,4102064,1412,24581238784,59.83
105.817,576380,3481792,0,4058172,4102064,1412,24598016000,57.32
105.918,558732,3481792,0,4040524,4102064,1412,24598016000,57.32
106.019,500284,3486428,0,3986712,4102064,1412,24606404608,57.32
106.119,571696,3486428,0,4058124,4102064,1412,24606404608,57.32
106.220,500284,3480840,0,3981124,4102064,1412,24623181824,57.32
106.320,576716,3471136,0,4047852,4102064,1412,24646299648,57.32
106.421,515280,3469088,0,3984368,4102064,1412,24646299648,57.32
106.521,576796,3467576,0,4044372,4102064,1412,24663076864,57.32
106.622,500284,3465528,0,3965812,4102064,1412,24663076864,57.32
106.723,561932,3465528,0,4027460,4102064,1412,24663076864,57.32
106.823,575356,3470156,0,4045512,4102064,1412,24671465472,57.32
106.924,513980,3470156,0,3984136,4102064,1412,24671465472,57.32
107.024,568168,3470156,0,4038324,4102064,1412,24671465472,57.32
107.125,500284,3468644,0,3968928,4102064,1412,24688242688,57.32
107.225,563532,3468644,0,4032176,4102064,1412,24688242688,57.32
107.326,520208,3460992,0,3981200,4102064,1412,24705019904,57.32
107.426,566372,3460992,0,4027364,4102064,1412,24705019904,57.32
107.527,577468,3459488,0,4036956,4102064,1412,24712978432,57.32
107.627,559532,3459488,0,4019020,4102064,1412,24712978432,57.32
107.728,578020,3456324,0,4034344,4102064,1412,24729755648,57.32
107.828,550288,3454276,0,4004564,4102064,1412,24729755648,56.9
107.929,578720,3465732,0,4044452,4102064,1412,24729755648,56.9
108.030,536644,3465732,0,4002376,4102064,1412,24729755648,56.9
108.130,579076,3462852,0,4041928,4102064,1412,24746532864,56.9
108.231,519132,3462852,0,3981984,4102064,1412,24746532864,56.9
108.331,570080,3475708,0,4045788,4102064,1412,24749940736,56.9
108.432,537188,3475708,0,4012896,4102064,1412,24749940736,56.9
108.532,577816,3473456,0,4051272,4102064,1412,24758329344,56.9
108.633,547744,3471408,0,4019152,4102064,1412,24758329344,56.9
108.733,500284,3476040,0,3976324,4102064,1412,24758329344,56.9
108.834,564444,3476040,0,4040484,4102064,1412,24758329344,56.9
108.934,516812,3482672,0,3999484,4102064,1412,24766717952,56.9
109.035,580092,3477064,0,4057156,4102064,1412,24766717952,56.9
109.135,542368,3475016,0,4017384,4102064,1412,24766717952,56.9
109.236,539608,3478156,0,4017764,4102064,1413,24772878336,56.9
109.336,561172,3478156,0,4039328,4102064,1413,24772878336,56.9
109.437,575384,1979896,0,2555280,4102064,1415,24786055168,56.9
109.537,531836,1366584,0,1898420,4102064,1416,24786055168,56.9
109.638,503924,1373836,0,1877760,4102064,1416,24786055168,56.9
109.738,565264,1373836,0,1939100,4102064,1416,24786055168,56.9
109.838,515264,1370840,0,1886104,4102064,1416,24794443776,52.39
109.939,582308,1372000,0,1954308,4102064,1417,24794443776,52.39
110.040,549664,1374036,0,1923700,4102064,1417,24794443776,52.39
110.140,500692,1371128,0,1871820,4102064,1417,24802832384,52.39
110.241,575728,1371128,0,1946856,4102064,1417,24802832384,52.39
110.341,582044,1792124,0,2374168,4102064,1431,25010343936,52.39
110.442,582044,1878372,0,2460416,4102064,1437,25198784512,52.39
110.542,582044,1936108,0,2518152,4102064,1456,25262579712,52.39
110.643,582044,2114964,0,2697008,4102064,1478,25388781568,52.39
110.743,582044,2295084,0,2877128,4102064,1490,25629552640,52.39
110.844,582044,2347604,0,2929648,4102064,1515,25896624128,52.39
110.945,582044,2351736,0,2933780,4102064,1532,26096545792,52.39
111.045,582044,2386444,0,2968488,4102064,1559,26315988992,52.39
111.146,582044,2435260,0,3017304,4102064,1572,26504101888,52.39
111.246,582044,2472464,0,3054508,4102064,1595,26750980096,52.39
111.347,582044,2487284,0,3069328,4102064,1609,26901876736,52.39
111.447,582044,2496208,0,3078252,4102064,1634,27132407808,52.39
111.548,582044,2497140,0,3079184,4102064,1648,27355705344,52.39
111.649,582044,2510228,0,3092272,4102064,1665,27503828992,52.39
111.749,582044,2489652,0,3071696,4102064,1681,27633610752,52.39
111.850,582044,2442764,0,3024808,4102064,1707,27827863552,49.96
111.950,582044,2397184,0,2979228,4102064,1730,28052090880,49.96
112.050,582044,2418828,0,3000872,4102064,2035,28177584128,49.96
112.151,582044,2453560,0,3035604,4102064,2536,28280516608,49.96
112.252,582044,2475176,0,3057220,4102064,2840,28319432704,49.96
112.352,582044,2478372,0,3060416,4102064,2951,28349255680,49.96
112.452,582044,2511948,0,3093992,4102064,3319,28411523072,49.96
112.553,582044,2533988,0,3116032,4102064,3852,28430553088,49.96
112.653,582044,2551336,0,3133380,4102064,4362,28453814272,49.96
112.754,582044,2575344,0,3157388,4102064,4950,28472942592,49.96
112.854,582044,2606380,0,3188424,4102064,5621,28484079616,49.96
112.955,582044,2595740,0,3177784,4102064,6216,28540841984,49.96
113.055,582044,2477888,0,3059932,4102064,6251,28741328896,49.96
113.156,582044,2389956,0,2972000,4102064,6285,28919083008,49.96
113.256,582044,2286524,0,2868568,4102064,6322,29103677440,49.96
113.357,582044,2186808,0,2768852,4102064,6360,29250322432,49.96
113.457,582044,2091852,0,2673896,4102064,6403,29418061824,49.96
113.558,582044,2028048,0,2610092,4102064,6450,29574717440,49.96
113.658,582044,2001232,0,2583276,4102064,6479,29653458944,49.96
113.759,582044,1968424,0,2550468,4102064,6528,29808193536,49.96
113.859,582044,2044292,0,2626336,4102064,6584,29971165184,51.42
113.960,582044,2237888,0,2819932,4102064,6632,30108397568,51.42
114.060,582044,2466804,0,3048848,4102064,6690,30234828800,51.42
114.160,582044,2665312,0,3247356,4102064,6734,30351241216,51.42
114.261,582044,2782112,0,3364156,4102064,6799,30464602112,51.42
114.361,582044,2907076,0,3489120,4102064,6845,30588424192,51.42
114.462,582044,3031728,0,3613772,4102064,6891,30727393280,51.42
114.562,582044,3142560,0,3724604,4102064,6953,30862585856,51.42
114.662,582044,3205932,0,3787976,4102064,6982,30942019584,51.42
114.763,582044,3213072,0,3795116,4102064,6983,30950408192,51.42
114.863,582044,3239144,0,3821188,4102064,7027,31016165376,51.42
114.964,582044,3206644,0,3788688,4102064,7107,31116128256,51.42
115.064,582044,3110796,0,3692840,4102064,7176,31247618048,51.42
115.165,582044,3022616,0,3604660,4102064,7244,31376343040,51.42
115.267,582044,3003356,0,3585400,4102064,7331,31505797120,51.42
115.368,582044,3155212,0,3737256,4102064,7366,31628787712,51.42
115.468,582044,3243008,0,3825052,4102064,7382,31760973824,51.42
115.568,582044,3312372,0,3894416,4102064,7387,31937486848,51.42
115.669,582044,3325432,0,3907476,4102064,7394,32061607936,51.42
115.772,582044,3332324,0,3914368,4102064,7407,32166166528,51.42
115.872,582044,3278396,0,3860440,4102064,7429,32257781760,53.51
115.973,582044,3222416,0,3804460,4102064,7454,32357089280,53.51
116.073,582044,3168424,0,3750468,4102064,7477,32446402560,53.51
116.174,582044,3103900,0,3685944,4102064,7497,32545378304,53.51
116.274,582044,3040400,0,3622444,4102064,7522,32642183168,53.51
116.374,582044,2984556,0,3566600,4102064,7548,32736653312,53.51
116.475,582044,2923584,0,3505628,4102064,7573,32835870720,53.51
116.576,582044,2880836,0,3462880,4102064,7600,32921518080,53.51
116.676,582044,2986500,0,3568544,4102064,7647,33007902720,53.51
116.776,582044,3141416,0,3723460,4102064,7704,33145565184,53.51
116.877,582044,3194872,0,3776916,4102064,7725,33238720512,53.51
116.980,582044,3208856,0,3790900,4102064,7768,33307901952,53.51
117.080,582044,3160092,0,3742136,4102064,7816,33412636672,53.51
117.181,582044,3158408,0,3740452,4102064,7869,33518788608,53.51
117.281,582044,3128792,0,3710836,4102064,7891,33582891008,53.51
117.382,582044,3152224,0,3734268,4102064,7947,33700347904,53.51
117.482,582044,3131696,0,3713740,4102064,7986,33803329536,53.51
117.583,582044,3099776,0,3681820,4102064,8020,33912000512,53.51
117.683,582044,3124752,0,3706796,4102064,8065,34004615168,53.51
117.784,582044,3094868,0,3676912,4102064,8100,34101538816,53.51
117.884,582044,3039200,0,3621244,4102064,8144,34196463616,54.33
117.985,582044,3008844,0,3590888,4102064,8173,34253938688,54.33
118.086,582044,3007956,0,3590000,4102064,8294,34346151936,54.33
118.186,582044,3061812,0,3643856,4102064,8623,34396385280,54.33
118.286,582044,3112188,0,3694232,4102064,9109,34440318976,54.33
118.387,582044,3148320,0,3730364,4102064,9655,34476109824,54.33
118.487,582044,3186812,0,3768856,4102064,10282,34504138752,54.33
118.588,582044,3211144,0,3793188,4102064,10842,34533695488,54.33
118.688,582044,3228668,0,3810712,4102064,11392,34563403776,54.33
118.788,582044,3247232,0,3829276,4102064,11898,34590662656,54.33
118.889,582044,3256732,0,3838776,4102064,12351,34618789888,54.33
118.989,582044,3259520,0,3841564,4102064,12825,34654285824,54.33
119.090,582044,3268968,0,3851012,4102064,13419,34673496064,54.33
119.190,582044,3280400,0,3862444,4102064,13897,34693283840,54.33
119.291,582044,3287364,0,3869408,4102064,14438,34712276992,54.33
119.391,582044,3302684,0,3884728,4102064,15034,34723356672,54.33
119.492,582044,3301444,0,3883488,4102064,15557,34744532992,54.33
119.592,582044,3304148,0,3886192,4102064,16136,34763681792,54.33
119.693,582044,3306528,0,3888572,4102064,16692,34778542080,54.33
119.793,582044,3312292,0,3894336,4102064,17301,34789654528,54.33
119.893,582044,3316572,0,3898616,4102064,17904,34803367936,55.9
119.994,582044,3324328,0,3906372,4102064,18443,34822356992,55.9
120.094,582044,3325232,0,3907276,4102064,19039,34842447872,55.9
120.195,582044,3325520,0,3907564,4102064,19626,34863415296,55.9
120.295,582044,3334916,0,3916960,4102064,20268,34874437632,55.9
120.395,582044,3333088,0,3915132,4102064,20782,34893316096,55.9
120.496,582044,3335828,0,3917872,4102064,21391,34905997312,55.9
120.596,582044,3341416,0,3923460,4102064,21970,34916757504,55.9
120.697,582044,3341316,0,3923360,4102064,22625,34936217600,55.9
120.797,582044,3346512,0,3928556,4102064,22844,34937114624,55.9
120.897,582044,3346464,0,3928508,4102064,22858,34937167872,55.9
120.998,582044,3340668,0,3922712,4102064,23398,34956161024,55.9
121.098,582044,3347688,0,3929732,4102064,23975,34966913024,55.9
121.198,582044,3352104,0,3934148,4102064,24584,34977796096,55.9
121.299,582044,3355228,0,3937272,4102064,25148,34989449216,55.9
121.399,582044,3354084,0,3936128,4102064,25616,34999881728,55.9
121.499,582044,3357200,0,3939244,4102064,26133,35018780672,55.9
121.600,582044,3355784,0,3937828,4102064,26677,35031171072,55.9
121.700,582044,3357896,0,3939940,4102064,27166,35041562624,55.9
121.800,582044,3355956,0,3938000,4102064,27672,35052023808,55.9
121.901,582044,3357256,0,3939300,4102064,28181,35064397824,55.73
122.001,582044,3353460,0,3935504,4102064,28702,35085111296,55.73
122.102,582044,3352568,0,3934612,4102064,29309,35107147776,55.73
122.202,582044,3360924,0,3942968,4102064,29934,35118096384,55.73
122.302,582044,3362208,0,3944252,4102064,30518,35137392640,55.73
122.403,582044,3365424,0,3947468,4102064,31187,35156910080,55.73
122.503,582044,3361116,0,3943160,4102064,31757,35179954176,55.73
122.603,582044,3363680,0,3945724,4102064,32454,35191193600,55.73
122.704,582044,3365536,0,3947580,4102064,33021,35204243456,55.73
122.804,582044,3364040,0,3946084,4102064,33632,35224006656,55.73
122.904,582044,3360636,0,3942680,4102064,34392,35246206976,55.73
123.005,582044,3369584,0,3951628,4102064,35129,35257720832,55.73
123.105,582044,3370168,0,3952212,4102064,35839,35277406208,55.73
123.206,582044,3364776,0,3946820,4102064,36577,35299794944,55.73
123.306,582044,3369572,0,3951616,4102064,37283,35311075328,55.73
123.406,582044,3367816,0,3949860,4102064,37901,35328331776,55.73
123.506,582044,3370452,0,3952496,4102064,38542,35348209664,55.73
123.607,582044,3367152,0,3949196,4102064,39201,35376074752,55.73
123.707,582044,3364992,0,3947036,4102064,39784,35397349376,55.73
123.808,582044,3357216,0,3939260,4102064,40446,35424309248,55.73
123.908,582044,3354728,0,3936772,4102064,41153,35450810368,60.13
124.008,582044,3354716,0,3936760,4102064,41885,35473969152,60.13
124.108,582044,3356976,0,3939020,4102064,42632,35494481920,60.13
124.209,582044,3358648,0,3940692,4102064,43338,35515936768,60.13
124.309,582044,3362352,0,3944396,4102064,44011,35535958016,60.13
124.410,582044,3364576,0,3946620,4102064,44742,35557216256,60.13
124.510,582044,3361344,0,3943388,4102064,45467,35577196544,60.13
124.610,582044,3367672,0,3949716,4102064,46207,35597004800,60.13
124.711,582044,3374036,0,3956080,4102064,46892,35624976384,60.13
124.811,582044,3381084,0,3963128,4102064,47608,35644690432,60.13
124.911,582044,3386688,0,3968732,4102064,48257,35664121856,60.13
125.011,582044,3392820,0,3974864,4102064,48926,35686100992,60.13
125.112,582044,3395584,0,3977628,4102064,49516,35705294848,60.13
125.212,582044,3396428,0,3978472,4102064,50154,35725869056,60.13
125.313,582044,3396172,0,3978216,4102064,50803,35745304576,60.13
125.413,582044,3396860,0,3978904,4102064,51413,35766472704,60.13
125.513,582044,3396196,0,3978240,4102064,52084,35785981952,60.13
125.614,582044,3399276,0,3981320,4102064,52764,35805548544,60.13
125.714,582044,3395252,0,3977296,4102064,53414,35825778688,60.13
125.814,582044,3402584,0,3984628,4102064,54034,35847647232,62.1
125.915,582044,3402832,0,3984876,4102064,54616,35868475392,62.1
126.015,582044,3402396,0,3984440,4102064,55272,35887939584,62.1
126.115,582044,3401344,0,3983388,4102064,55919,35910340608,62.1
126.216,582044,3408156,0,3990200,4102064,56592,35921485824,62.1
126.316,582044,3404756,0,3986800,4102064,57225,35938136064,62.1
126.417,582044,3406912,0,3988956,4102064,57872,35949170688,62.1
126.517,582044,3402440,0,3984484,4102064,58462,35970781184,62.1
126.617,582044,3410636,0,3992680,4102064,59183,35982123008,62.1
126.718,582044,3408916,0,3990960,4102064,59820,36001509376,62.1
126.818,582044,3407644,0,3989688,4102064,60137,36011196416,62.1
126.918,582044,3407644,0,3989688,4102064,60137,36011196416,62.1
127.019,582044,3412664,0,3994708,4102064,60539,36015431680,62.1
127.119,582044,3408168,0,3990212,4102064,61103,36034519040,62.1
127.220,582044,3399608,0,3981652,4102064,61627,36055248896,62.1
127.320,582044,3401524,0,3983568,4102064,62233,36066119680,62.1
127.420,582044,3401544,0,3983588,4102064,62767,36085084160,62.1
127.521,582044,3407452,0,3989496,4102064,63264,36095508480,62.1
127.621,582044,3410124,0,3992168,4102064,63865,36106358784,62.1
127.721,582044,3406064,0,3988108,4102064,64420,36126646272,62.1
127.822,582044,3399904,0,3981948,4102064,64915,36146458624,62.62
127.922,582044,3408868,0,3990912,4102064,65446,36157022208,62.62
128.022,582044,3404892,0,3986936,4102064,65942,36175831040,62.62
128.123,582044,3412980,0,3995024,4102064,66537,36187287552,62.62
128.223,582044,3413500,0,3995544,4102064,67125,36202270720,62.62
128.324,582044,3416992,0,3999036,4102064,67699,36221403136,62.62
128.424,582044,3419584,0,4001628,4102064,68209,36231880704,62.62
128.524,582044,3423328,0,4005372,4102064,68747,36242472960,62.62
128.625,582044,3424108,0,4006152,4102064,69293,36253097984,62.62
128.725,582044,3422668,0,4004712,4102064,69924,36264071168,62.62
128.825,582044,3374088,0,3956132,4102064,70267,36330209280,62.62
128.926,582044,3237304,0,3819348,4102064,70313,36476858368,62.62
129.026,582044,3107420,0,3689464,4102064,70372,36630339584,62.62
129.127,582044,2974688,0,3556732,4102064,70456,36785999872,62.62
129.227,582044,2957364,0,3539408,4102064,70568,36920877056,62.62
129.327,582044,3155464,0,3737508,4102064,70611,37081075712,62.62
129.428,582044,3279176,0,3861220,4102064,70624,37299691520,62.62
129.528,582044,3303384,0,3885428,4102064,70630,37333975040,62.62
129.629,582044,3321324,0,3903368,4102064,70650,37381971968,62.62
129.729,582044,3347368,0,3929412,4102064,70696,37531676672,62.62
129.829,582044,3367732,0,3949776,4102064,70806,37617328128,60.7
129.930,582044,3346320,0,3928364,4102064,70861,37658251264,60.7
130.030,582044,3288508,0,3870552,4102064,70941,37753622528,60.7
130.130,582044,3221256,0,3803300,4102064,71025,37854953472,60.7
130.231,582044,3192000,0,3774044,4102064,71129,37963202560,60.7
130.331,582044,3255492,0,3837536,4102064,71196,38109814784,60.7
130.432,582044,3318628,0,3900672,4102064,71217,38321242112,60.7
130.532,582044,3359036,0,3941080,4102064,71223,38518476800,60.7
130.632,582044,3359036,0,3941080,4102064,71223,38518476800,60.7
130.733,582044,3384892,0,3966936,4102064,71228,38661181440,60.7
130.833,582044,3394492,0,3976536,4102064,71229,38803628032,60.7
130.934,582044,3400212,0,3982256,4102064,71234,39067795456,60.7
131.034,582044,3408280,0,3990324,4102064,71237,39189536768,60.7
131.135,582044,3427964,0,4010008,4102064,71238,39290208256,60.7
131.235,582044,3431368,0,4013412,4102064,71240,39424438272,60.7
131.335,582044,3428964,0,4011008,4102064,71242,39697096704,60.7
131.436,582044,3424372,0,4006416,4102064,71242,39848091648,60.7
131.536,582044,3437536,0,4019580,4102064,71242,39957143552,60.7
131.637,582044,3435060,0,4017104,4102064,71242,40099749888,60.7
131.737,582044,3439396,0,4021440,4102064,71244,40384974848,60.7
131.838,582044,3442728,0,4024772,4102064,71244,40497061888,63.29
131.938,582044,3437080,0,4019124,4102064,71244,40589336576,63.29
132.039,582044,3441572,0,4023616,4102064,71245,40815042560,63.29
132.139,582044,3454860,0,4036904,4102064,71245,40936976384,63.29
132.240,582044,3460960,0,4043004,4102064,71247,41171857408,63.29
132.340,582044,3466108,0,4048152,4102064,71247,41247354880,63.29
132.440,582044,3472916,0,4054960,4102064,71247,41476882432,63.29
132.541,582044,3510416,0,4092460,4102064,71247,41619787776,63.29
132.641,582044,3520808,0,4102852,4102852,71247,41854693376,63.29
132.742,582044,3523784,0,4105828,4105828,71248,41938579456,63.29
132.842,582044,3525612,0,4107656,4107656,71249,42198708224,63.29
132.943,582044,3523696,0,4105740,4105740,71249,42215485440,63.29
133.043,582044,3521368,0,4103412,4111844,71254,42413703168,63.29
133.144,582044,3494712,0,4076756,4111844,71266,42547195904,63.29
133.244,582044,3489524,0,4071568,4111844,71275,42673000448,63.29
133.344,500692,3457020,0,3957712,4111844,71286,42734141440,63.29
133.445,583452,3455408,0,4038860,4111844,71286,42734141440,63.29
133.545,500692,3457056,0,3957748,4111844,71287,42754940928,63.29
133.646,582240,3453240,0,4035480,4111844,71287,42763329536,63.29
133.746,500692,3461176,0,3961868,4111844,71287,42771718144,63.29
133.847,547672,3461176,0,4008848,4111844,71287,42771718144,65.05
133.948,580548,3468608,0,4049156,4111844,71289,42784432128,65.05
134.048,500692,3469168,0,3969860,4111844,71290,42784468992,65.05
134.149,582364,3470812,0,4053176,4111844,71290,42784468992,65.05
134.249,500692,3462320,0,3963012,4111844,71290,42801750016,65.05
134.349,583584,3464380,0,4047964,4111844,71290,42810138624,65.05
134.450,502624,3464460,0,3967084,4111844,71290,42810138624,65.05
134.551,584572,3461304,0,4045876,4111844,71290,42826915840,65.05
134.651,522852,3459840,0,3982692,4111844,71290,42826915840,65.05
134.752,584484,3451708,0,4036192,4111844,71290,42843693056,65.05
134.852,500692,3451768,0,3952460,4111844,71290,42843693056,65.05
134.953,546744,3451768,0,3998512,4111844,71290,42843693056,65.05
135.053,583276,3448904,0,4032180,4111844,71290,42860470272,65.05
135.153,513840,3448852,0,3962692,4111844,71291,42863415296,65.05
135.254,581600,3460164,0,4041764,4111844,71292,42863468544,65.05
135.354,536732,3462316,0,3999048,4111844,71293,42864046080,65.05
135.455,583544,3459200,0,4042744,4111844,71293,42880823296,65.05
135.555,545508,3457020,0,4002528,4111844,71293,42880823296,65.05
135.656,584772,3458524,0,4043296,4111844,71293,42889211904,65.05
135.756,543396,3458568,0,4001964,4111844,71293,42889211904,65.05
135.856,585236,3438988,0,4024224,4111844,71294,42923065344,63.41
135.957,500692,3441288,0,3941980,4111844,71295,42923315200,63.41
136.057,562540,3441288,0,4003828,4111844,71295,42923315200,63.41
136.158,586196,3440204,0,4026400,4111844,71297,42941816832,63.41
136.258,500692,3445856,0,3946548,4111844,71299,42948763648,63.41
136.359,581080,3445856,0,4026936,4111844,71299,42948763648,63.41
136.459,500692,3438928,0,3939620,4111844,71301,42974597120,63.41
136.560,585960,3438956,0,4024916,4111844,71301,42974597120,63.41
136.660,500692,3443748,0,3944440,4111844,71301,42990317568,63.41
136.761,579136,3443748,0,4022884,4111844,71301,42990317568,63.41
136.861,543868,3442636,0,3986504,4111844,71302,43012521984,63.41
136.962,545968,3442636,0,3988604,4111844,71302,43012521984,63.41
137.062,586512,3443188,0,4029700,4111844,71302,43020910592,63.41
137.163,500692,3442124,0,3942816,4111844,71303,43021889536,63.41
137.263,554124,3442124,0,3996248,4111844,71303,43021889536,63.41
137.364,582436,3443084,0,4025520,4111844,71304,43046555648,63.41
137.464,500692,3437560,0,3938252,4111844,71307,43061202944,63.41
137.565,569676,3437560,0,4007236,4111844,71307,43061202944,63.41
137.665,587432,3444132,0,4031564,4111844,71310,43081617408,63.41
137.765,548912,3444132,0,3993044,4111844,71310,43081617408,63.41
137.866,583112,3454920,0,4038032,4111844,71310,43081617408,57.72
137.966,544048,3456988,0,4001036,4111844,71311,43087908864,57.72
138.067,584976,3455108,0,4040084,4111844,71314,43099619328,57.72
138.167,507552,3453976,0,3961528,4111844,71314,43099619328,57.72
138.268,538744,3453976,0,3992720,4111844,71314,43099619328,57.72
138.368,583708,3450984,0,4034692,4111844,71315,43103543296,57.72
138.469,583708,3459664,0,4043372,4111844,71317,43117072384,57.72
138.569,521164,3459508,0,3980672,4111844,71317,43117072384,57.72
138.670,578964,3459508,0,4038472,4111844,71317,43117072384,57.72
138.770,585112,3453688,0,4038800,4111844,71322,43144945664,57.72
138.871,544188,3453792,0,3997980,4111844,71322,43144945664,57.72
138.971,500692,3464332,0,3965024,4111844,71331,43224764416,57.72
139.072,500692,3382352,0,3883044,4111844,71356,43529371648,57.72
139.172,500692,3368228,0,3868920,4111844,71367,43840479232,57.72
139.273,500692,3339468,0,3840160,4111844,71375,43974983680,57.72
139.373,500692,3355976,0,3856668,4111844,71377,43990794240,57.72
139.474,500692,3358788,0,3859480,4111844,71377,44007571456,57.72
139.575,500692,3358788,0,3859480,4111844,71377,44007571456,57.72
139.675,500692,3375076,0,3875768,4111844,71380,44019142656,57.72
139.776,500692,3406604,0,3907296,4111844,71396,44125421568,57.72
139.876,500692,3351284,0,3851976,4111844,71408,44339539968,57.04
139.977,500692,3319404,0,3820096,4111844,71416,44570767360,57.04
140.077,500692,3335688,0,3836380,4111844,71418,44646289408,57.04
140.178,500692,3322116,0,3822808,4111844,71418,44763729920,57.04
140.278,500692,3331628,0,3832320,4111844,71419,44812029952,57.04
140.379,500692,3331628,0,3832320,4111844,71419,44812029952,57.04
140.479,500692,3334200,0,3834892,4111844,71420,44828774400,57.04
140.580,500692,3343380,0,3844072,4111844,71429,44927586304,57.04
140.681,500692,3287444,0,3788136,4111844,71437,45098516480,57.04
140.781,500692,3289340,0,3790032,4111844,71466,45292597248,57.04
140.882,500692,3279336,0,3780028,4111844,71484,45376774144,57.04
140.982,500692,3281392,0,3782084,4111844,71487,45418201088,57.04
141.083,500692,3296544,0,3797236,4111844,71488,45449588736,57.04
141.183,500692,3326996,0,3827688,4111844,71488,45499936768,57.04
141.284,500692,3289088,0,3789780,4111844,71520,45626089472,57.04
141.384,500692,3286124,0,3786816,4111844,71525,45711765504,57.04
141.485,500692,3239688,0,3740380,4111844,71562,45843922944,57.04
141.585,500692,3177104,0,3677796,4111844,71601,46032228352,57.04
141.686,500692,3139560,0,3640252,4111844,71633,46184837120,57.04
141.786,500692,3139432,0,3640124,4111844,71663,46297559040,57.04
141.887,500692,3111268,0,3611960,4111844,71680,46354989056,57.76
141.987,500692,3091432,0,3592124,4111844,71689,46397173760,57.76
142.088,500692,3067276,0,3567968,4111844,71709,46496317440,57.76
142.188,500692,3001568,0,3502260,4111844,71753,46607515648,57.76
142.289,500692,2948924,0,3449616,4111844,71802,46702354432,57.76
142.389,500692,2922140,0,3422832,4111844,71879,46779457536,57.76
142.489,500692,2905132,0,3405824,4111844,71953,46871961600,57.76
142.590,500692,2887032,0,3387724,4111844,72015,46948265984,57.76
142.690,500692,2856696,0,3357388,4111844,72062,47016890368,57.76
142.791,500692,2854012,0,3354704,4111844,72065,47020617728,57.76
142.891,500692,2824576,0,3325268,4111844,72104,47063126016,57.76
142.992,500692,2804528,0,3305220,4111844,72202,47165693952,57.76
143.092,500692,2828452,0,3329144,4111844,72279,47286484992,57.76
143.192,500692,2843908,0,3344600,4111844,72335,47381970944,57.76
143.293,500692,2827384,0,3328076,4111844,72388,47494565888,57.76
143.393,500692,2813744,0,3314436,4111844,72448,47600906240,57.76
143.494,500692,2815800,0,3316492,4111844,72501,47727443968,57.76
143.594,500692,2822340,0,3323032,4111844,72562,47855775744,57.76
143.695,500692,2851648,0,3352340,4111844,72623,47963353088,57.76
143.795,500692,2860628,0,3361320,4111844,72685,48032485376,57.76
143.896,500692,2839308,0,3340000,4111844,72740,48111878144,59.07
143.996,500692,2815380,0,3316072,4111844,72801,48199458816,59.07
144.097,500692,2800900,0,3301592,4111844,72867,48304349184,59.07
144.197,500692,2794208,0,3294900,4111844,72944,48408817664,59.07
144.298,500692,2796840,0,3297532,4111844,73003,48519114752,59.07
144.398,500692,2779916,0,3280608,4111844,73022,48567484416,59.07
144.499,500692,2779916,0,3280608,4111844,73022,48567484416,59.07
144.599,500692,2782268,0,3282960,4111844,73023,48569159680,59.07
144.700,500692,2782712,0,3283404,4111844,73024,48569159680,59.07
144.800,500692,2782712,0,3283404,4111844,73024,48569159680,59.07
144.900,500692,2771328,0,3272020,4111844,73045,48610299904,59.07
145.001,500692,2774068,0,3274760,4111844,73102,48765046784,59.07
145.101,500692,2834104,0,3334796,4111844,73198,48891682816,59.07
145.202,500692,2914944,0,3415636,4111844,73294,48997724160,59.07
145.303,500692,2914944,0,3415636,4111844,73294,48997724160,59.07
145.403,500692,2915300,0,3415992,4111844,73303,49008267264,59.07
145.504,500692,3011428,0,3512120,4111844,73377,49116975104,59.07
145.604,500692,3077760,0,3578452,4111844,73426,49307426816,59.07
145.705,500692,3144088,0,3644780,4111844,73455,49510379520,59.07
145.805,500692,3217632,0,3718324,4111844,73480,49714176000,59.07
145.906,500692,3252188,0,3752880,4111844,73486,49865342976,61.41
146.006,500692,3252188,0,3752880,4111844,73486,49865342976,61.41
146.107,500692,3252188,0,3752880,4111844,73486,49865342976,61.41
146.207,500692,3254220,0,3754912,4111844,73487,49877925888,61.41
146.308,500692,3254220,0,3754912,4111844,73487,49877925888,61.41
146.409,500692,3254220,0,3754912,4111844,73487,49877925888,61.41
146.509,500692,3286312,0,3787004,4111844,73493,50096107520,61.41
146.610,500692,3302252,0,3802944,4111844,73495,50272284672,61.41
146.710,500692,3302252,0,3802944,4111844,73495,50272284672,61.41
146.810,500692,3302252,0,3802944,4111844,73495,50272284672,61.41
146.911,500692,3324816,0,3825508,4111844,73498,50389839872,61.41
147.011,500692,3329844,0,3830536,4111844,73504,50663817216,61.41
147.112,500692,3347736,0,3848428,4111844,73509,50915762176,61.41
147.212,500692,3347984,0,3848676,4111844,73510,50950639616,61.41
147.313,500692,3347984,0,3848676,4111844,73510,50950639616,61.41
147.413,500692,3364480,0,3865172,4111844,73514,51135279104,61.41
147.514,500692,3372476,0,3873168,4111844,73516,51391197184,61.41
147.614,500692,3372476,0,3873168,4111844,73516,51391197184,61.41
147.715,500692,3371528,0,3872220,4111844,73518,51609366528,61.41
147.815,500692,3386496,0,3887188,4111844,73521,51863867392,61.41
147.916,500692,3390644,0,3891336,4111844,73521,52031639552,63.15
148.016,500692,3390644,0,3891336,4111844,73521,52031639552,63.15
148.171,500692,3392744,0,3893436,4111844,73522,52316860416,63.15
148.272,500692,3398216,0,3898908,4111844,73524,52539166720,63.15
148.372,500692,3398216,0,3898908,4111844,73524,52539166720,63.15
148.472,500692,3416380,0,3917072,4111844,73525,52786311168,63.15
148.573,500692,3420732,0,3921424,4111844,73527,53068812288,63.15
148.674,500692,3421236,0,3921928,4111844,73527,53093978112,63.15
148.774,500692,3423992,0,3924684,4111844,73528,53203034112,63.15
148.875,500692,3428900,0,3929592,4111844,73530,53492494336,63.15
148.975,500692,3432304,0,3932996,4111844,73530,53609934848,63.15
149.076,500692,3432304,0,3932996,4111844,73530,53609934848,63.15
149.176,500692,3441164,0,3941856,4111844,73530,53886758912,63.15
149.277,500692,3440840,0,3941532,4111844,73532,54138417152,63.15
149.378,500692,3440840,0,3941532,4111844,73532,54138417152,63.15
149.478,500692,3440840,0,3941532,4111844,73532,54138417152,63.15
149.579,500692,3441168,0,3941860,4111844,73533,54155313152,63.15
149.680,500692,3447352,0,3948044,4111844,73535,54369267712,63.15
149.781,500692,3437212,0,3937904,4111844,73535,54654480384,63.15
149.881,500692,3434768,0,3935460,4111844,73535,54746755072,63.15
149.981,500692,3434768,0,3935460,4111844,73535,54746755072,65.11
150.082,500692,3435096,0,3935788,4111844,73535,54755143680,65.11
150.182,500692,3435096,0,3935788,4111844,73535,54755143680,65.11
150.283,500692,3435096,0,3935788,4111844,73535,54755143680,65.11
150.384,500692,3449528,0,3950220,4111844,73536,54866968576,65.11
150.484,500692,3454024,0,3954716,4111844,73539,55135408128,65.11
150.584,500692,3453332,0,3954024,4111844,73539,55202516992,65.11
150.685,500692,3453332,0,3954024,4111844,73539,55202516992,65.11
150.785,500692,3459740,0,3960432,4111844,73539,55210905600,65.11
150.886,500692,3497716,0,3998408,4111844,73540,55469113344,65.11
150.986,500692,3559864,0,4060556,4111844,73541,55715602432,65.11
151.087,500692,3574308,0,4075000,4111844,73542,55799529472,65.11
151.187,500692,3577604,0,4078296,4111844,73543,55807922176,65.11
151.288,500692,3583512,0,4084204,4111844,73545,56021872640,65.11
151.388,500692,3587064,0,4087756,4111844,73545,56226312192,65.11
151.489,500692,3593372,0,4094064,4111844,73546,56234708992,65.11
151.589,500692,3605220,0,4105912,4111844,73553,56463339520,65.11
151.690,500692,3599280,0,4099972,4111844,73554,56631156736,65.11
151.790,500692,3607996,0,4108688,4111844,73554,56664711168,65.11
151.891,500692,3099264,0,3599956,4116604,73557,56804450304,65.11
151.991,500692,1273420,0,1774112,4116604,73557,56804450304,66.54
152.092,500692,1273420,0,1774112,4116604,73557,56804450304,66.54
152.192,394624,1138592,0,1533216,4116604,73557,56804560896,66.54
152.293,403408,1138592,0,1542000,4116604,73557,56804560896,66.54
152.393,416316,1138592,0,1554908,4116604,73557,56804560896,66.54
152.494,431008,1138592,0,1569600,4116604,73557,56804560896,66.54
152.595,445972,1138592,0,1584564,4116604,73557,56804560896,66.54
152.695,460904,1138592,0,1599496,4116604,73557,56804560896,66.54
152.795,498232,1138912,0,1637144,4116604,73557,56804560896,66.54
152.896,506072,1138912,0,1644984,4116604,73557,56804560896,66.54
152.996,513140,1138912,0,1652052,4116604,73557,56804560896,66.54
153.096,519508,1138912,0,1658420,4116604,73557,56804560896,66.54
153.197,526840,1138912,0,1665752,4116604,73557,56804560896,66.54
153.297,534676,1138912,0,1673588,4116604,73557,56804560896,66.54
153.398,538920,1138976,0,1677896,4116604,73557,56804560896,66.54
153.498,538920,1138976,0,1677896,4116604,73557,56804560896,66.54
153.598,538920,1138976,0,1677896,4116604,73557,56804560896,66.54
153.699,538920,1138976,0,1677896,4116604,73557,56804560896,66.54
153.799,539936,1138976,0,1678912,4116604,73557,56804560896,66.54
153.899,540016,1138976,0,1678992,4116604,73557,56804560896,66.54
154.000,541860,1138976,0,1680836,4116604,73557,56804560896,64.81
154.100,544228,1138976,0,1683204,4116604,73557,56804560896,64.81
154.200,545992,1138976,0,1684968,4116604,73557,56804560896,64.81
154.300,547860,1138976,0,1686836,4116604,73557,56804560896,64.81
154.401,550124,1138976,0,1689100,4116604,73557,56804560896,64.81
154.501,551396,1138976,0,1690372,4116604,73557,56804560896,64.81
154.602,553252,1138976,0,1692228,4116604,73557,56804560896,64.81
154.702,555088,1138976,0,1694064,4116604,73557,56804560896,64.81
154.802,556772,1138976,0,1695748,4116604,73557,56804560896,64.81
154.903,557488,1138976,0,1696464,4116604,73557,56804560896,64.81
155.003,559216,1138976,0,1698192,4116604,73557,56804560896,64.81
155.103,561176,1138976,0,1700152,4116604,73557,56804560896,64.81
155.204,562096,1138976,0,1701072,4116604,73557,56804560896,64.81
155.304,563080,1138976,0,1702056,4116604,73557,56804560896,64.81
155.404,563844,1138976,0,1702820,4116604,73557,56804560896,64.81
155.505,564116,1138976,0,1703092,4116604,73557,56804560896,64.81
155.605,564116,1138976,0,1703092,4116604,73557,56804560896,64.81
155.706,564116,1138976,0,1703092,4116604,73557,56804560896,64.81
155.806,564116,1138976,0,1703092,4116604,73557,56804560896,64.81
155.906,564116,1138976,0,1703092,4116604,73557,56804560896,66.29
156.007,564116,1138976,0,1703092,4116604,73557,56804560896,66.29
156.107,564116,1138976,0,1703092,4116604,73557,56804560896,66.29
156.208,564116,1138976,0,1703092,4116604,73557,56804560896,66.29
156.308,564116,1138976,0,1703092,4116604,73557,56804560896,66.29
156.408,564116,1138976,0,1703092,4116604,73557,56804560896,66.29
156.509,564124,1138976,0,1703100,4116604,73557,56804560896,66.29
156.609,564244,1138976,0,1703220,4116604,73557,56804560896,66.29
156.709,564416,1138976,0,1703392,4116604,73557,56804560896,66.29
156.810,564416,1138976,0,1703392,4116604,73557,56804560896,66.29
156.910,564888,1138976,0,1703864,4116604,73557,56804560896,66.29
157.010,565592,1138976,0,1704568,4116604,73557,56804560896,66.29
157.111,565868,1138976,0,1704844,4116604,73557,56804560896,66.29
157.211,566132,1138976,0,1705108,4116604,73557,56804560896,66.29
157.312,566176,1138976,0,1705152,4116604,73557,56804560896,66.29
157.412,566324,1138976,0,1705300,4116604,73557,56804560896,66.29
157.512,566496,1138976,0,1705472,4116604,73557,56804560896,66.29
157.613,567820,1138976,0,1706796,4116604,73557,56804560896,66.29
157.713,567820,1138976,0,1706796,4116604,73557,56804560896,66.29
157.814,567820,1138976,0,1706796,4116604,73557,56804560896,66.29
157.914,567820,1138976,0,1706796,4116604,73557,56804560896,65.15
158.014,567820,1138976,0,1706796,4116604,73557,56804560896,65.15
158.115,567820,1138976,0,1706796,4116604,73557,56804560896,65.15
158.215,567820,1138976,0,1706796,4116604,73557,56804560896,65.15
158.315,567820,1138976,0,1706796,4116604,73557,56804560896,65.15
158.416,567820,1138976,0,1706796,4116604,73557,56804560896,65.15
158.516,567820,1138976,0,1706796,4116604,73557,56804560896,65.15
158.617,567820,1138976,0,1706796,4116604,73557,56804560896,65.15
158.717,567820,1138976,0,1706796,4116604,73557,56804560896,65.15
158.818,567852,1138976,0,1706828,4116604,73557,56804560896,65.15
158.918,567852,1138976,0,1706828,4116604,73557,56804560896,65.15
159.018,568060,1138976,0,1707036,4116604,73557,56804560896,65.15
159.119,568408,1138976,0,1707384,4116604,73557,56804560896,65.15
159.219,568844,1138976,0,1707820,4116604,73557,56804560896,65.15
159.319,568844,1138976,0,1707820,4116604,73557,56804560896,65.15
159.420,568844,1138976,0,1707820,4116604,73557,56804560896,65.15
159.520,568880,1138976,0,1707856,4116604,73557,56804560896,65.15
159.621,568880,1138976,0,1707856,4116604,73557,56804560896,65.15
159.721,568888,1138976,0,1707864,4116604,73557,56804560896,65.15
159.821,568888,1138976,0,1707864,4116604,73557,56804560896,65.15
159.922,568888,1138976,0,1707864,4116604,73557,56804560896,65.67
160.022,568888,1138976,0,1707864,4116604,73557,56804560896,65.67
160.122,568888,1138976,0,1707864,4116604,73557,56804560896,65.67
160.223,568888,1138976,0,1707864,4116604,73557,56804560896,65.67
160.323,568888,1138976,0,1707864,4116604,73557,56804560896,65.67
160.424,568888,1138976,0,1707864,4116604,73557,56804560896,65.67
160.524,568888,1138976,0,1707864,4116604,73557,56804560896,65.67
160.624,568888,1138976,0,1707864,4116604,73557,56804560896,65.67
160.725,568888,1138976,0,1707864,4116604,73557,56804560896,65.67
160.825,568888,1138976,0,1707864,4116604,73557,56804560896,65.67
160.925,568888,1138976,0,1707864,4116604,73557,56804560896,65.67
161.026,568980,1138976,0,1707956,4116604,73557,56804560896,65.67
161.126,569004,1138976,0,1707980,4116604,73557,56804560896,65.67
161.226,569016,1138976,0,1707992,4116604,73557,56804560896,65.67
161.327,569016,1138976,0,1707992,4116604,73557,56804560896,65.67
161.427,569088,1138976,0,1708064,4116604,73557,56804560896,65.67
161.528,569088,1138976,0,1708064,4116604,73557,56804560896,65.67
161.628,569088,1138976,0,1708064,4116604,73557,56804560896,65.67
161.728,569088,1138976,0,1708064,4116604,73557,56804560896,65.67
161.829,569088,1138976,0,1708064,4116604,73557,56804560896,65.67
161.929,569088,1138976,0,1708064,4116604,73557,56804560896,64.46
162.030,569088,1138976,0,1708064,4116604,73557,56804560896,64.46
162.130,569088,1138976,0,1708064,4116604,73557,56804560896,64.46
162.230,569088,1138976,0,1708064,4116604,73557,56804560896,64.46
162.331,569088,1138976,0,1708064,4116604,73557,56804560896,64.46
162.431,569088,1138976,0,1708064,4116604,73557,56804560896,64.46
162.531,569088,1138976,0,1708064,4116604,73557,56804560896,64.46
162.632,569088,1138976,0,1708064,4116604,73557,56804560896,64.46
162.732,569088,1138976,0,1708064,4116604,73557,56804560896,64.46
162.833,569088,1138976,0,1708064,4116604,73557,56804560896,64.46
162.933,569088,1138976,0,1708064,4116604,73557,56804560896,64.46
163.033,569088,1138976,0,1708064,4116604,73557,56804560896,64.46
163.134,569088,1138976,0,1708064,4116604,73557,56804560896,64.46
163.234,569088,1138976,0,1708064,4116604,73557,56804560896,64.46
163.335,569088,1138976,0,1708064,4116604,73557,56804560896,64.46
163.435,569088,1138976,0,1708064,4116604,73557,56804560896,64.46
163.535,569088,1138976,0,1708064,4116604,73557,56804560896,64.46
163.636,569088,1138976,0,1708064,4116604,73557,56804560896,64.46
163.736,569088,1138976,0,1708064,4116604,73557,56804560896,64.46
163.837,569088,1138976,0,1708064,4116604,73557,56804560896,64.46
163.937,569100,1138976,0,1708076,4116604,73557,56804560896,61.66
164.037,569112,1138976,0,1708088,4116604,73557,56804560896,61.66
164.138,569112,1138976,0,1708088,4116604,73557,56804560896,61.66
164.238,569112,1138976,0,1708088,4116604,73557,56804560896,61.66
164.339,569112,1138976,0,1708088,4116604,73557,56804560896,61.66
164.439,569112,1138976,0,1708088,4116604,73557,56804560896,61.66
164.540,569112,1138976,0,1708088,4116604,73557,56804560896,61.66
164.640,569112,1138976,0,1708088,4116604,73557,56804560896,61.66
164.740,569112,1138976,0,1708088,4116604,73557,56804560896,61.66
164.841,569112,1138976,0,1708088,4116604,73557,56804560896,61.66
164.941,569112,1138976,0,1708088,4116604,73557,56804560896,61.66
165.042,569112,1138976,0,1708088,4116604,73557,56804560896,61.66
165.142,569112,1138976,0,1708088,4116604,73557,56804560896,61.66
165.243,569112,1138976,0,1708088,4116604,73557,56804560896,61.66
165.343,569112,1138976,0,1708088,4116604,73557,56804560896,61.66
165.444,569112,1138976,0,1708088,4116604,73557,56804560896,61.66
165.544,569112,1138976,0,1708088,4116604,73557,56804560896,61.66
165.645,569120,1138976,0,1708096,4116604,73557,56804560896,61.66
165.745,569168,1138976,0,1708144,4116604,73557,56804560896,61.66
165.846,569168,1138976,0,1708144,4116604,73557,56804560896,61.66
165.946,569168,1138976,0,1708144,4116604,73557,56804560896,60.63
166.046,569168,1138976,0,1708144,4116604,73557,56804560896,60.63
166.147,569168,1138544,0,1707712,4116604,73557,56804560896,60.63
166.248,569168,1138544,0,1707712,4116604,73557,56804560896,60.63
166.348,569168,1138544,0,1707712,4116604,73557,56804560896,60.63
166.449,569168,1138544,0,1707712,4116604,73557,56804560896,60.63
166.549,569168,1138544,0,1707712,4116604,73557,56804560896,60.63
166.650,569168,1138544,0,1707712,4116604,73557,56804560896,60.63
166.751,569168,1138544,0,1707712,4116604,73557,56804560896,60.63
166.852,569168,1138544,0,1707712,4116604,73557,56804560896,60.63
166.952,569168,1138544,0,1707712,4116604,73557,56804560896,60.63
167.053,569168,1138544,0,1707712,4116604,73557,56804560896,60.63
167.153,569168,1138544,0,1707712,4116604,73557,56804560896,60.63
167.254,569168,1138544,0,1707712,4116604,73557,56804560896,60.63
167.354,569168,1138544,0,1707712,4116604,73557,56804560896,60.63
167.455,569168,1138544,0,1707712,4116604,73557,56804560896,60.63
167.556,569168,1138544,0,1707712,4116604,73557,56804560896,60.63
167.656,569168,1138544,0,1707712,4116604,73557,56804560896,60.63
167.757,569168,1138544,0,1707712,4116604,73557,56804560896,60.63
167.857,569168,1138544,0,1707712,4116604,73557,56804560896,60.63
167.958,569168,1138544,0,1707712,4116604,73557,56804560896,61.42
168.059,569168,1138544,0,1707712,4116604,73557,56804560896,61.42
168.159,569168,1138544,0,1707712,4116604,73557,56804560896,61.42
168.260,569168,1138544,0,1707712,4116604,73557,56804560896,61.42
168.360,569168,1138544,0,1707712,4116604,73557,56804560896,61.42
168.461,569168,1138544,0,1707712,4116604,73557,56804560896,61.42
168.561,569168,1138544,0,1707712,4116604,73557,56804560896,61.42
168.662,569168,1138544,0,1707712,4116604,73557,56804560896,61.42
168.762,569168,1138544,0,1707712,4116604,73557,56804560896,61.42
168.863,569168,1138544,0,1707712,4116604,73557,56804560896,61.42
168.964,569168,1138544,0,1707712,4116604,73557,56804560896,61.42
169.064,569168,1138544,0,1707712,4116604,73557,56804560896,61.42
169.165,569168,1138544,0,1707712,4116604,73557,56804560896,61.42
169.265,569168,1138544,0,1707712,4116604,73557,56804560896,61.42
169.366,569168,1138544,0,1707712,4116604,73557,56804560896,61.42
169.466,569168,1138544,0,1707712,4116604,73557,56804560896,61.42
169.567,569168,1138544,0,1707712,4116604,73557,56804560896,61.42
169.667,569168,1138544,0,1707712,4116604,73557,56804560896,61.42
169.768,569168,1138544,0,1707712,4116604,73557,56804560896,61.42
169.869,569168,1138544,0,1707712,4116604,73557,56804560896,61.42
169.969,569168,1138544,0,1707712,4116604,73557,56804560896,61.71
170.070,569168,1138544,0,1707712,4116604,73557,56804560896,61.71
170.170,569168,1138544,0,1707712,4116604,73557,56804560896,61.71
170.271,569168,1138544,0,1707712,4116604,73557,56804560896,61.71
170.371,569168,1138544,0,1707712,4116604,73557,56804560896,61.71
170.472,569168,1138544,0,1707712,4116604,73557,56804560896,61.71
170.572,569168,1138544,0,1707712,4116604,73557,56804560896,61.71
170.673,569168,1138544,0,1707712,4116604,73557,56804560896,61.71
170.773,569168,1138544,0,1707712,4116604,73557,56804560896,61.71
170.874,569168,1138544,0,1707712,4116604,73557,56804560896,61.71
170.974,569168,1138544,0,1707712,4116604,73557,56804560896,61.71
171.075,569168,1138544,0,1707712,4116604,73557,56804560896,61.71
171.176,569168,1138544,0,1707712,4116604,73557,56804560896,61.71
171.276,569168,1138544,0,1707712,4116604,73557,56804560896,61.71
171.376,569168,1138544,0,1707712,4116604,73557,56804560896,61.71
171.477,569168,1138544,0,1707712,4116604,73557,56804560896,61.71
171.577,569168,1138544,0,1707712,4116604,73557,56804560896,61.71
171.678,569168,1138544,0,1707712,4116604,73557,56804560896,61.71
171.778,569168,1138544,0,1707712,4116604,73557,56804560896,61.71
171.879,569168,1138544,0,1707712,4116604,73557,56804560896,61.71
171.979,569168,1138544,0,1707712,4116604,73557,56804560896,63.57
172.080,569168,1138544,0,1707712,4116604,73557,56804560896,63.57
172.181,569168,1138544,0,1707712,4116604,73557,56804560896,63.57
172.281,569168,1138544,0,1707712,4116604,73557,56804560896,63.57
172.382,569168,1138544,0,1707712,4116604,73557,56804560896,63.57
172.482,569168,1138544,0,1707712,4116604,73557,56804560896,63.57
172.583,569168,1138544,0,1707712,4116604,73557,56804560896,63.57
172.683,569168,1138544,0,1707712,4116604,73557,56804560896,63.57
172.784,569168,1138544,0,1707712,4116604,73557,56804560896,63.57
172.884,569168,1138544,0,1707712,4116604,73557,56804560896,63.57
172.984,569168,1138544,0,1707712,4116604,73557,56804560896,63.57
173.085,569168,1138544,0,1707712,4116604,73557,56804560896,63.57
173.185,569168,1138544,0,1707712,4116604,73557,56804560896,63.57
173.286,569168,1138544,0,1707712,4116604,73557,56804560896,63.57
173.386,569168,1138544,0,1707712,4116604,73557,56804560896,63.57
173.487,569168,1138544,0,1707712,4116604,73557,56804560896,63.57
173.587,569168,1138544,0,1707712,4116604,73557,56804560896,63.57
173.688,569168,1138544,0,1707712,4116604,73557,56804560896,63.57
173.788,569168,1138544,0,1707712,4116604,73557,56804560896,63.57
173.889,569168,1138544,0,1707712,4116604,73557,56804560896,63.57
173.989,569168,1138544,0,1707712,4116604,73557,56804560896,61.47
174.090,569168,1138544,0,1707712,4116604,73557,56804560896,61.47
174.190,569168,1138544,0,1707712,4116604,73557,56804560896,61.47
174.291,569168,1138544,0,1707712,4116604,73557,56804560896,61.47
174.391,569168,1138544,0,1707712,4116604,73557,56804560896,61.47
174.492,569168,1138544,0,1707712,4116604,73557,56804560896,61.47
174.592,569168,1138544,0,1707712,4116604,73557,56804560896,61.47
174.693,569168,1138544,0,1707712,4116604,73557,56804560896,61.47
174.793,569168,1138544,0,1707712,4116604,73557,56804560896,61.47
174.894,569168,1138544,0,1707712,4116604,73557,56804560896,61.47
174.995,569168,1138544,0,1707712,4116604,73557,56804560896,61.47
175.095,569172,1138544,0,1707716,4116604,73557,56804560896,61.47
175.195,569396,1138544,0,1707940,4116604,73557,56804560896,61.47
175.296,569396,1138544,0,1707940,4116604,73557,56804560896,61.47
175.397,569396,1138544,0,1707940,4116604,73557,56804560896,61.47
175.498,569396,1138544,0,1707940,4116604,73557,56804560896,61.47
175.598,569396,1138544,0,1707940,4116604,73557,56804560896,61.47
175.698,569396,1138544,0,1707940,4116604,73557,56804560896,61.47
175.799,569396,1138544,0,1707940,4116604,73557,56804560896,61.47
175.899,569396,1138544,0,1707940,4116604,73557,56804560896,61.47
176.000,569396,1138544,0,1707940,4116604,73557,56804560896,61.21
176.101,569396,1138544,0,1707940,4116604,73557,56804560896,61.21
176.201,569396,1138544,0,1707940,4116604,73557,56804560896,61.21
176.301,569396,1138544,0,1707940,4116604,73557,56804560896,61.21
176.402,569396,1138544,0,1707940,4116604,73557,56804560896,61.21
176.503,569396,1138544,0,1707940,4116604,73557,56804560896,61.21
176.604,569396,1138544,0,1707940,4116604,73557,56804560896,61.21
176.704,569396,1138544,0,1707940,4116604,73557,56804560896,61.21
176.805,569396,1138544,0,1707940,4116604,73557,56804560896,61.21
176.905,569396,1138544,0,1707940,4116604,73557,56804560896,61.21
177.006,569396,1138544,0,1707940,4116604,73557,56804560896,61.21
177.107,569396,1138544,0,1707940,4116604,73557,56804560896,61.21
177.207,569396,1138544,0,1707940,4116604,73557,56804560896,61.21
177.308,569396,1138544,0,1707940,4116604,73557,56804560896,61.21
177.409,569396,1138544,0,1707940,4116604,73557,56804560896,61.21
177.509,569396,1138544,0,1707940,4116604,73557,56804560896,61.21
177.610,569396,1138544,0,1707940,4116604,73557,56804560896,61.21
177.710,569396,1138544,0,1707940,4116604,73557,56804560896,61.21
177.810,569396,1138544,0,1707940,4116604,73557,56804560896,61.21
177.911,569396,1138544,0,1707940,4116604,73557,56804560896,61.21
178.011,569396,1138544,0,1707940,4116604,73557,56804560896,63.16
178.112,569396,1138544,0,1707940,4116604,73557,56804560896,63.16
178.212,569396,1138544,0,1707940,4116604,73557,56804560896,63.16
178.313,569396,1138544,0,1707940,4116604,73557,56804560896,63.16
178.413,569396,1138544,0,1707940,4116604,73557,56804560896,63.16
178.514,569396,1138544,0,1707940,4116604,73557,56804560896,63.16
178.614,569396,1138544,0,1707940,4116604,73557,56804560896,63.16
178.715,569396,1138544,0,1707940,4116604,73557,56804560896,63.16
178.815,569396,1138544,0,1707940,4116604,73557,56804560896,63.16
178.916,569396,1138544,0,1707940,4116604,73557,56804560896,63.16
179.016,569396,1138544,0,1707940,4116604,73557,56804560896,63.16
179.117,569396,1138544,0,1707940,4116604,73557,56804560896,63.16
179.217,569396,1138544,0,1707940,4116604,73557,56804560896,63.16
179.318,569396,1138544,0,1707940,4116604,73557,56804560896,63.16
179.418,569396,1122032,0,1691428,4116604,73557,56804560896,63.16
179.519,569396,1122032,0,1691428,4116604,73557,56804560896,63.16
179.619,569396,1122032,0,1691428,4116604,73557,56804560896,63.16
179.720,569396,1122032,0,1691428,4116604,73557,56804560896,63.16
179.820,569396,1122032,0,1691428,4116604,73557,56804560896,63.16
179.921,569396,1122032,0,1691428,4116604,73557,56804560896,63.16
180.021,569396,1122032,0,1691428,4116604,73557,56804560896,61.68
180.122,569396,1122032,0,1691428,4116604,73557,56804560896,61.68
180.222,569396,1122032,0,1691428,4116604,73557,56804560896,61.68
180.323,569396,1122032,0,1691428,4116604,73557,56804560896,61.68
180.423,569396,1122032,0,1691428,4116604,73557,56804560896,61.68
180.524,569396,1122032,0,1691428,4116604,73557,56804560896,61.68
180.624,569396,1122032,0,1691428,4116604,73557,56804560896,61.68
180.725,569396,1122032,0,1691428,4116604,73557,56804560896,61.68
180.825,569396,1122032,0,1691428,4116604,73557,56804560896,61.68
180.926,569396,1122032,0,1691428,4116604,73557,56804560896,61.68
181.027,569396,1122032,0,1691428,4116604,73557,56804560896,61.68
181.127,569396,1122032,0,1691428,4116604,73557,56804560896,61.68
181.228,569396,1122032,0,1691428,4116604,73557,56804560896,61.68
181.328,569396,1122032,0,1691428,4116604,73557,56804560896,61.68
181.429,569396,1122032,0,1691428,4116604,73557,56804560896,61.68
181.529,569396,1122032,0,1691428,4116604,73557,56804560896,61.68
181.630,569396,1122032,0,1691428,4116604,73557,56804560896,61.68
181.730,569396,1122032,0,1691428,4116604,73557,56804560896,61.68
181.831,569396,1122032,0,1691428,4116604,73557,56804560896,61.68
181.931,569396,1122032,0,1691428,4116604,73557,56804560896,61.68
182.032,569396,1122032,0,1691428,4116604,73557,56804560896,63.73
182.132,569396,1122032,0,1691428,4116604,73557,56804560896,63.73
182.232,569396,1122032,0,1691428,4116604,73557,56804560896,63.73
182.333,569396,1122032,0,1691428,4116604,73557,56804560896,63.73
182.433,569396,1122032,0,1691428,4116604,73557,56804560896,63.73
182.534,569396,1122032,0,1691428,4116604,73557,56804560896,63.73
182.634,569396,1122032,0,1691428,4116604,73557,56804560896,63.73
182.735,569396,1122032,0,1691428,4116604,73557,56804560896,63.73
182.835,569396,1122032,0,1691428,4116604,73557,56804560896,63.73
182.936,569396,1122032,0,1691428,4116604,73557,56804560896,63.73
183.036,569396,1122032,0,1691428,4116604,73557,56804560896,63.73
183.137,569396,1122032,0,1691428,4116604,73557,56804560896,63.73
183.237,569396,1122032,0,1691428,4116604,73557,56804560896,63.73
183.338,569396,1122032,0,1691428,4116604,73557,56804560896,63.73
183.439,569396,1122032,0,1691428,4116604,73557,56804560896,63.73
183.539,569396,1122032,0,1691428,4116604,73557,56804560896,63.73
183.640,572276,1122032,0,1694308,4116604,73557,56804560896,63.73
183.740,573496,1115680,0,1689176,4116604,73557,56804560896,63.73
183.841,573496,1115680,0,1689176,4116604,73557,56804560896,63.73
183.946,573496,1109536,0,1683032,4116604,73557,56804560896,63.73
184.047,573496,1109536,0,1683032,4116604,73557,56804560896,59.07
184.148,573496,1109536,0,1683032,4116604,73557,56804560896,59.07
184.249,573496,1109536,0,1683032,4116604,73557,56804560896,59.07
184.349,573496,1109536,0,1683032,4116604,73557,56804560896,59.07
184.450,573496,1109536,0,1683032,4116604,73557,56804560896,59.07
184.550,573496,1109536,0,1683032,4116604,73557,56804560896,59.07
184.651,573496,1109536,0,1683032,4116604,73557,56804560896,59.07
184.752,573496,1109424,0,1682920,4116604,73557,56804560896,59.07
184.852,573496,1106896,0,1680392,4116604,73557,56804560896,59.07
184.953,573496,1106896,0,1680392,4116604,73557,56804560896,59.07
185.053,573496,1106896,0,1680392,4116604,73557,56804560896,59.07
185.154,573496,1106896,0,1680392,4116604,73557,56804560896,59.07
185.255,573496,1106896,0,1680392,4116604,73557,56804560896,59.07
185.355,573496,1106896,0,1680392,4116604,73557,56804560896,59.07
185.456,573496,1106896,0,1680392,4116604,73557,56804560896,59.07
185.556,573496,1106896,0,1680392,4116604,73557,56804560896,59.07
185.656,573496,1106896,0,1680392,4116604,73557,56804560896,59.07
185.757,573496,1106896,0,1680392,4116604,73557,56804560896,59.07
185.857,573496,1106896,0,1680392,4116604,73557,56804560896,59.07
185.957,573496,1106896,0,1680392,4116604,73557,56804560896,59.07
186.058,573496,1106896,0,1680392,4116604,73557,56804560896,60.69
186.158,573496,1106896,0,1680392,4116604,73557,56804560896,60.69
186.258,573496,1106896,0,1680392,4116604,73557,56804560896,60.69
186.359,573496,1106896,0,1680392,4116604,73557,56804560896,60.69
186.459,573496,1106896,0,1680392,4116604,73557,56804560896,60.69
186.559,573496,1106896,0,1680392,4116604,73557,56804560896,60.69
186.660,573496,1106896,0,1680392,4116604,73557,56804560896,60.69
186.760,573496,1106896,0,1680392,4116604,73557,56804560896,60.69
186.860,573496,1106896,0,1680392,4116604,73557,56804560896,60.69
186.961,573496,1106896,0,1680392,4116604,73557,56804560896,60.69
187.061,573496,1106896,0,1680392,4116604,73557,56804560896,60.69
187.162,573496,1106896,0,1680392,4116604,73557,56804560896,60.69
187.262,573496,1106896,0,1680392,4116604,73557,56804560896,60.69
187.362,573496,1106896,0,1680392,4116604,73557,56804560896,60.69
187.463,573496,1106896,0,1680392,4116604,73557,56804560896,60.69
187.563,573496,1106896,0,1680392,4116604,73557,56804560896,60.69
187.663,573496,1106896,0,1680392,4116604,73557,56804560896,60.69
187.764,573496,1106896,0,1680392,4116604,73557,56804560896,60.69
187.864,573496,1106896,0,1680392,4116604,73557,56804560896,60.69
187.964,573496,1106896,0,1680392,4116604,73557,56804560896,60.69
188.065,573496,1106896,0,1680392,4116604,73557,56804560896,60.56
188.165,573496,1106896,0,1680392,4116604,73557,56804560896,60.56
188.265,573496,1106896,0,1680392,4116604,73557,56804560896,60.56
188.366,573496,1106896,0,1680392,4116604,73557,56804560896,60.56
188.466,573496,1106896,0,1680392,4116604,73557,56804560896,60.56
188.566,573496,1106896,0,1680392,4116604,73557,56804560896,60.56
188.667,573496,1106896,0,1680392,4116604,73557,56804560896,60.56
188.767,573496,1106896,0,1680392,4116604,73557,56804560896,60.56
188.868,573496,1106896,0,1680392,4116604,73557,56804560896,60.56
188.968,573496,1106896,0,1680392,4116604,73557,56804560896,60.56
189.068,573496,1106896,0,1680392,4116604,73557,56804560896,60.56
189.168,573496,1106896,0,1680392,4116604,73557,56804560896,60.56
189.269,573496,1106896,0,1680392,4116604,73557,56804560896,60.56
189.369,573496,1106896,0,1680392,4116604,73557,56804560896,60.56
189.470,573496,1106896,0,1680392,4116604,73557,56804560896,60.56
189.570,573496,1106896,0,1680392,4116604,73557,56804560896,60.56
189.670,573496,1106896,0,1680392,4116604,73557,56804560896,60.56
189.771,573496,1106896,0,1680392,4116604,73557,56804560896,60.56
189.871,573496,1106896,0,1680392,4116604,73557,56804560896,60.56
189.971,573496,1106896,0,1680392,4116604,73557,56804560896,62.45
190.072,573496,1106896,0,1680392,4116604,73557,56804560896,62.45
190.172,573496,1106896,0,1680392,4116604,73557,56804560896,62.45
190.272,573496,1106896,0,1680392,4116604,73557,56804560896,62.45
190.373,573496,1106896,0,1680392,4116604,73557,56804560896,62.45
190.473,573496,1106896,0,1680392,4116604,73557,56804560896,62.45
190.573,573496,1106896,0,1680392,4116604,73557,56804560896,62.45
190.674,573496,1106896,0,1680392,4116604,73557,56804560896,62.45
190.774,573496,1106896,0,1680392,4116604,73557,56804560896,62.45
190.875,573496,1106896,0,1680392,4116604,73557,56804560896,62.45
190.975,573496,1106896,0,1680392,4116604,73557,56804560896,62.45
191.075,573496,1106896,0,1680392,4116604,73557,56804560896,62.45
191.176,573496,1106896,0,1680392,4116604,73557,56804560896,62.45
191.276,573496,1106896,0,1680392,4116604,73557,56804560896,62.45
191.376,573496,1106896,0,1680392,4116604,73557,56804560896,62.45
191.477,573496,1106896,0,1680392,4116604,73557,56804560896,62.45
191.577,573496,1106896,0,1680392,4116604,73557,56804560896,62.45
191.677,573496,1106896,0,1680392,4116604,73557,56804560896,62.45
191.778,573496,1106896,0,1680392,4116604,73557,56804560896,62.45
191.878,573496,1106880,0,1680376,4116604,73557,56804560896,62.45
191.979,573496,1106880,0,1680376,4116604,73557,56804560896,59.65
192.079,573496,1106880,0,1680376,4116604,73557,56804560896,59.65
192.179,573496,1106880,0,1680376,4116604,73557,56804560896,59.65
192.280,573496,1106880,0,1680376,4116604,73557,56804560896,59.65
192.380,573496,1106880,0,1680376,4116604,73557,56804560896,59.65
192.481,573496,1100736,0,1674232,4116604,73557,56804560896,59.65
192.581,573496,1100736,0,1674232,4116604,73557,56804560896,59.65
192.681,573496,1100736,0,1674232,4116604,73557,56804560896,59.65
192.782,573496,1100736,0,1674232,4116604,73557,56804560896,59.65
192.882,573496,1100736,0,1674232,4116604,73557,56804560896,59.65
192.982,573496,1100736,0,1674232,4116604,73557,56804560896,59.65
193.083,573496,1100736,0,1674232,4116604,73557,56804560896,59.65
193.183,573496,1100736,0,1674232,4116604,73557,56804560896,59.65
193.284,573496,1100736,0,1674232,4116604,73557,56804560896,59.65
193.384,573496,1100736,0,1674232,4116604,73557,56804560896,59.65
193.484,573496,1100736,0,1674232,4116604,73557,56804560896,59.65
193.585,573496,1100736,0,1674232,4116604,73557,56804560896,59.65
193.685,573496,1100736,0,1674232,4116604,73557,56804560896,59.65
193.785,573496,1100736,0,1674232,4116604,73557,56804560896,59.65
193.886,573496,1100736,0,1674232,4116604,73557,56804560896,59.65
193.986,573496,1100736,0,1674232,4116604,73557,56804560896,60.44
194.087,573496,1100736,0,1674232,4116604,73557,56804560896,60.44
194.187,573496,1100736,0,1674232,4116604,73557,56804560896,60.44
194.287,573496,1100736,0,1674232,4116604,73557,56804560896,60.44
194.388,573496,1100736,0,1674232,4116604,73557,56804560896,60.44
194.488,573496,1100736,0,1674232,4116604,73557,56804560896,60.44
194.589,573496,1100736,0,1674232,4116604,73557,56804560896,60.44
194.689,573496,1100736,0,1674232,4116604,73557,56804560896,60.44
194.789,573496,1100736,0,1674232,4116604,73557,56804560896,60.44
194.890,573496,1100736,0,1674232,4116604,73557,56804560896,60.44
194.990,573496,1100736,0,1674232,4116604,73557,56804560896,60.44
195.091,573496,1100736,0,1674232,4116604,73557,56804560896,60.44
195.191,573496,1100736,0,1674232,4116604,73557,56804560896,60.44
195.291,573496,1100736,0,1674232,4116604,73557,56804560896,60.44
195.392,573496,1100736,0,1674232,4116604,73557,56804560896,60.44
195.492,573496,1100736,0,1674232,4116604,73557,56804560896,60.44
195.593,573496,1100736,0,1674232,4116604,73557,56804560896,60.44
195.693,573496,1100736,0,1674232,4116604,73557,56804560896,60.44
195.794,573496,1100736,0,1674232,4116604,73557,56804560896,60.44
195.894,573496,1100736,0,1674232,4116604,73557,56804560896,58.18
195.995,573496,1100736,0,1674232,4116604,73557,56804560896,58.18
196.095,573496,1094592,0,1668088,4116604,73557,56804560896,58.18
196.195,573496,1094592,0,1668088,4116604,73557,56804560896,58.18
196.296,573496,1094592,0,1668088,4116604,73557,56804560896,58.18
196.396,573496,1094592,0,1668088,4116604,73557,56804560896,58.18
196.496,573496,1094592,0,1668088,4116604,73557,56804560896,58.18
196.597,573496,1094592,0,1668088,4116604,73557,56804560896,58.18
196.697,573496,1094592,0,1668088,4116604,73557,56804560896,58.18
196.798,573496,1094592,0,1668088,4116604,73557,56804560896,58.18
196.898,573496,1094592,0,1668088,4116604,73557,56804560896,58.18
196.998,573496,1094592,0,1668088,4116604,73557,56804560896,58.18
197.099,573496,1094592,0,1668088,4116604,73557,56804560896,58.18
197.199,573496,1094592,0,1668088,4116604,73557,56804560896,58.18
197.300,573496,1094592,0,1668088,4116604,73557,56804560896,58.18
197.400,573496,1094592,0,1668088,4116604,73557,56804560896,58.18
197.500,573496,1094592,0,1668088,4116604,73557,56804560896,58.18
197.601,573496,1094592,0,1668088,4116604,73557,56804560896,58.18
197.701,573496,1094592,0,1668088,4116604,73557,56804560896,58.18
197.802,573496,1094592,0,1668088,4116604,73557,56804560896,58.18
197.902,573496,1094592,0,1668088,4116604,73557,56804560896,60.32
198.003,573496,1094592,0,1668088,4116604,73557,56804560896,60.32
198.103,573496,1094592,0,1668088,4116604,73557,56804560896,60.32
198.204,573496,1094592,0,1668088,4116604,73557,56804560896,60.32
198.304,573496,1094592,0,1668088,4116604,73557,56804560896,60.32
198.405,573496,1094592,0,1668088,4116604,73557,56804560896,60.32
198.505,573496,1094592,0,1668088,4116604,73557,56804560896,60.32
198.605,573496,1094592,0,1668088,4116604,73557,56804560896,60.32
198.706,573496,1094592,0,1668088,4116604,73557,56804560896,60.32
198.806,573496,1094592,0,1668088,4116604,73557,56804560896,60.32
198.907,573496,1094592,0,1668088,4116604,73557,56804560896,60.32
199.007,573496,1094592,0,1668088,4116604,73557,56804560896,60.32
199.108,573496,1094592,0,1668088,4116604,73557,56804560896,60.32
199.208,573496,1094592,0,1668088,4116604,73557,56804560896,60.32
199.309,573496,1094592,0,1668088,4116604,73557,56804560896,60.32
199.409,573496,1094592,0,1668088,4116604,73557,56804560896,60.32
199.510,573496,1094592,0,1668088,4116604,73557,56804560896,60.32
199.610,573496,1094592,0,1668088,4116604,73557,56804560896,60.32
199.711,573496,1094592,0,1668088,4116604,73557,56804560896,60.32
199.811,573496,1094592,0,1668088,4116604,73557,56804560896,60.32
199.912,573496,1094592,0,1668088,4116604,73557,56804560896,61.17
200.012,573496,1094592,0,1668088,4116604,73557,56804560896,61.17
200.113,573496,1094592,0,1668088,4116604,73557,56804560896,61.17
200.213,573496,1094592,0,1668088,4116604,73557,56804560896,61.17
200.313,573496,1094592,0,1668088,4116604,73557,56804560896,61.17
200.414,573496,1094592,0,1668088,4116604,73557,56804560896,61.17
200.514,573496,1094592,0,1668088,4116604,73557,56804560896,61.17
200.615,573496,1094592,0,1668088,4116604,73557,56804560896,61.17
200.715,573496,1094592,0,1668088,4116604,73557,56804560896,61.17
200.816,573496,1094592,0,1668088,4116604,73557,56804560896,61.17
200.916,573496,1094592,0,1668088,4116604,73557,56804560896,61.17
201.017,573496,1094592,0,1668088,4116604,73557,56804560896,61.17
201.117,573496,1094592,0,1668088,4116604,73557,56804560896,61.17
201.217,573496,1094592,0,1668088,4116604,73557,56804560896,61.17
201.318,573496,1094592,0,1668088,4116604,73557,56804560896,61.17
201.419,573496,1094592,0,1668088,4116604,73557,56804560896,61.17
201.519,573496,1094592,0,1668088,4116604,73557,56804560896,61.17
201.620,573496,1094592,0,1668088,4116604,73557,56804560896,61.17
201.720,573496,1094592,0,1668088,4116604,73557,56804560896,61.17
201.820,573496,1094592,0,1668088,4116604,73557,56804560896,61.17
201.921,573496,1094020,0,1667516,4116604,73557,56804560896,57.88
202.021,573496,1093972,0,1667468,4116604,73557,56804560896,57.88
202.122,573496,1093940,0,1667436,4116604,73557,56804560896,57.88
202.222,573496,1081652,0,1655148,4116604,73557,56804560896,57.88
202.323,573496,1081652,0,1655148,4116604,73557,56804560896,57.88
202.423,573496,1081652,0,1655148,4116604,73557,56804560896,57.88
202.524,573496,1081652,0,1655148,4116604,73557,56804560896,57.88
202.624,573496,1081652,0,1655148,4116604,73557,56804560896,57.88
202.725,573496,1081652,0,1655148,4116604,73557,56804560896,57.88
202.825,573496,1081652,0,1655148,4116604,73557,56804560896,57.88
202.926,573496,1081652,0,1655148,4116604,73557,56804560896,57.88
203.026,573496,1081652,0,1655148,4116604,73557,56804560896,57.88
203.127,573496,1081652,0,1655148,4116604,73557,56804560896,57.88
203.227,573496,1081652,0,1655148,4116604,73557,56804560896,57.88
203.328,573496,1081652,0,1655148,4116604,73557,56804560896,57.88
203.429,573496,1081652,0,1655148,4116604,73557,56804560896,57.88
203.529,573496,1081652,0,1655148,4116604,73557,56804560896,57.88
203.630,573496,1081652,0,1655148,4116604,73557,56804560896,57.88
203.731,573496,1081652,0,1655148,4116604,73557,56804560896,57.88
203.831,573496,1081652,0,1655148,4116604,73557,56804560896,57.88
203.932,573496,1081652,0,1655148,4116604,73557,56804560896,57.88
204.032,573496,1081652,0,1655148,4116604,73557,56804560896,59.53
204.133,573496,1081652,0,1655148,4116604,73557,56804560896,59.53
204.233,573496,1081652,0,1655148,4116604,73557,56804560896,59.53
204.333,573496,1081652,0,1655148,4116604,73557,56804560896,59.53
204.434,573496,1081652,0,1655148,4116604,73557,56804560896,59.53
204.534,573496,1081652,0,1655148,4116604,73557,56804560896,59.53
204.635,573496,1081652,0,1655148,4116604,73557,56804560896,59.53
204.735,573496,1081652,0,1655148,4116604,73557,56804560896,59.53
204.836,573496,1081652,0,1655148,4116604,73557,56804560896,59.53
204.936,573496,1081652,0,1655148,4116604,73557,56804560896,59.53
205.036,573496,1081652,0,1655148,4116604,73557,56804560896,59.53
205.137,573496,1081652,0,1655148,4116604,73557,56804560896,59.53
205.237,573496,1081652,0,1655148,4116604,73557,56804560896,59.53
205.338,573496,1081652,0,1655148,4116604,73557,56804560896,59.53
205.439,573496,1081652,0,1655148,4116604,73557,56804560896,59.53
205.539,573496,1081652,0,1655148,4116604,73557,56804560896,59.53
205.639,573496,1081652,0,1655148,4116604,73557,56804560896,59.53
205.740,573496,1081652,0,1655148,4116604,73557,56804560896,59.53
205.840,573496,1081556,0,1655052,4116604,73557,56804560896,59.53
205.940,573496,1081556,0,1655052,4116604,73557,56804560896,59.53
206.041,573496,1081556,0,1655052,4116604,73557,56804560896,58.71
206.141,573496,1081556,0,1655052,4116604,73557,56804560896,58.71
206.242,573496,1081556,0,1655052,4116604,73557,56804560896,58.71
206.342,573496,1081556,0,1655052,4116604,73557,56804560896,58.71
206.443,573496,1081556,0,1655052,4116604,73557,56804560896,58.71
206.543,573496,1081556,0,1655052,4116604,73557,56804560896,58.71
206.644,573496,1081556,0,1655052,4116604,73557,56804560896,58.71
206.744,573496,1081556,0,1655052,4116604,73557,56804560896,58.71
206.844,573496,1081556,0,1655052,4116604,73557,56804560896,58.71
206.945,573496,1081556,0,1655052,4116604,73557,56804560896,58.71
207.045,573496,1081556,0,1655052,4116604,73557,56804560896,58.71
207.146,573496,1081556,0,1655052,4116604,73557,56804560896,58.71
207.246,573496,1081556,0,1655052,4116604,73557,56804560896,58.71
207.347,573496,1081556,0,1655052,4116604,73557,56804560896,58.71
207.447,573496,1081556,0,1655052,4116604,73557,56804560896,58.71
207.548,573496,1081556,0,1655052,4116604,73557,56804560896,58.71
207.648,573496,1081556,0,1655052,4116604,73557,56804560896,58.71
207.748,573496,1081556,0,1655052,4116604,73557,56804560896,58.71
207.849,573496,1081556,0,1655052,4116604,73557,56804560896,58.71
207.949,573496,1081556,0,1655052,4116604,73557,56804560896,58.71
208.050,573496,1081556,0,1655052,4116604,73557,56804560896,60.21
208.151,573496,1081556,0,1655052,4116604,73557,56804560896,60.21
208.251,573496,1081556,0,1655052,4116604,73557,56804560896,60.21
208.352,573496,1081556,0,1655052,4116604,73557,56804560896,60.21
208.452,573496,1081556,0,1655052,4116604,73557,56804560896,60.21
208.553,573496,1081556,0,1655052,4116604,73557,56804560896,60.21
208.653,573496,1081556,0,1655052,4116604,73557,56804560896,60.21
208.754,573496,1081556,0,1655052,4116604,73557,56804560896,60.21
208.854,573496,1081556,0,1655052,4116604,73557,56804560896,60.21
208.955,573496,1081556,0,1655052,4116604,73557,56804560896,60.21
209.055,573496,1081556,0,1655052,4116604,73557,56804560896,60.21
209.156,573496,1081556,0,1655052,4116604,73557,56804560896,60.21
209.256,573496,1081556,0,1655052,4116604,73557,56804560896,60.21
209.357,573496,1081556,0,1655052,4116604,73557,56804560896,60.21
209.457,573496,1081556,0,1655052,4116604,73557,56804560896,60.21
209.558,573496,1081556,0,1655052,4116604,73557,56804560896,60.21
209.658,573496,1081556,0,1655052,4116604,73557,56804560896,60.21
209.759,573496,1081556,0,1655052,4116604,73557,56804560896,60.21
209.859,573496,1081556,0,1655052,4116604,73557,56804560896,60.21
209.960,573496,1062516,0,1636012,4116604,73557,56804560896,60.21
210.060,573496,1062516,0,1636012,4116604,73557,56804560896,56.18
210.161,573496,1062516,0,1636012,4116604,73557,56804560896,56.18
210.261,573496,1062516,0,1636012,4116604,73557,56804560896,56.18
210.362,573496,1062516,0,1636012,4116604,73557,56804560896,56.18
210.462,573496,1062516,0,1636012,4116604,73557,56804560896,56.18
210.563,573496,1062516,0,1636012,4116604,73557,56804560896,56.18
210.663,573496,1062516,0,1636012,4116604,73557,56804560896,56.18
210.764,573496,1062516,0,1636012,4116604,73557,56804560896,56.18
210.864,573496,1062516,0,1636012,4116604,73557,56804560896,56.18
210.965,573496,1062516,0,1636012,4116604,73557,56804560896,56.18
211.065,573496,1062516,0,1636012,4116604,73557,56804560896,56.18
211.166,573496,1062516,0,1636012,4116604,73557,56804560896,56.18
211.266,573496,1062516,0,1636012,4116604,73557,56804560896,56.18
211.367,573496,1062516,0,1636012,4116604,73557,56804560896,56.18
211.468,573496,1062516,0,1636012,4116604,73557,56804560896,56.18
211.568,573496,1062516,0,1636012,4116604,73557,56804560896,56.18
211.669,573496,1062516,0,1636012,4116604,73557,56804560896,56.18
211.769,573496,1062516,0,1636012,4116604,73557,56804560896,56.18
211.870,573496,1062516,0,1636012,4116604,73557,56804560896,56.18
211.970,573496,1062516,0,1636012,4116604,73557,56804560896,56.18
212.070,573496,1062516,0,1636012,4116604,73557,56804560896,59.23
212.171,573496,1062516,0,1636012,4116604,73557,56804560896,59.23
212.272,573496,1062516,0,1636012,4116604,73557,56804560896,59.23
212.373,573496,1062516,0,1636012,4116604,73557,56804560896,59.23
212.473,573496,1062516,0,1636012,4116604,73557,56804560896,59.23
212.574,573496,1062516,0,1636012,4116604,73557,56804560896,59.23
212.674,573496,1062516,0,1636012,4116604,73557,56804560896,59.23
212.774,573496,1062516,0,1636012,4116604,73557,56804560896,59.23
212.875,573496,1062516,0,1636012,4116604,73557,56804560896,59.23
212.976,573496,1062516,0,1636012,4116604,73557,56804560896,59.23
213.076,573496,1062516,0,1636012,4116604,73557,56804560896,59.23
213.177,573496,1062516,0,1636012,4116604,73557,56804560896,59.23
213.277,573496,1062516,0,1636012,4116604,73557,56804560896,59.23
213.378,573496,1062516,0,1636012,4116604,73557,56804560896,59.23
213.478,573496,1062516,0,1636012,4116604,73557,56804560896,59.23
213.579,573496,1062516,0,1636012,4116604,73557,56804560896,59.23
213.679,573496,1062516,0,1636012,4116604,73557,56804560896,59.23
213.779,573496,1062516,0,1636012,4116604,73557,56804560896,59.23
213.880,573496,1062516,0,1636012,4116604,73557,56804560896,59.23
213.980,573496,1062516,0,1636012,4116604,73557,56804560896,59.23
214.081,573496,1062516,0,1636012,4116604,73557,56804560896,60.27
214.181,573496,1062516,0,1636012,4116604,73557,56804560896,60.27
214.282,573496,1062516,0,1636012,4116604,73557,56804560896,60.27
214.382,573496,1062516,0,1636012,4116604,73557,56804560896,60.27
214.482,573496,1062516,0,1636012,4116604,73557,56804560896,60.27
214.583,573496,1062516,0,1636012,4116604,73557,56804560896,60.27
214.684,573496,1062516,0,1636012,4116604,73557,56804560896,60.27
214.784,573496,1062516,0,1636012,4116604,73557,56804560896,60.27
214.885,573496,1062516,0,1636012,4116604,73557,56804560896,60.27
214.986,573496,1062516,0,1636012,4116604,73557,56804560896,60.27
215.086,573496,1062516,0,1636012,4116604,73557,56804560896,60.27
215.187,573496,1062516,0,1636012,4116604,73557,56804560896,60.27
215.287,573496,1062516,0,1636012,4116604,73557,56804560896,60.27
215.388,573496,1062516,0,1636012,4116604,73557,56804560896,60.27
215.490,573496,1062516,0,1636012,4116604,73557,56804560896,60.27
215.591,573496,1062516,0,1636012,4116604,73557,56804560896,60.27
215.692,573496,1062516,0,1636012,4116604,73557,56804560896,60.27
215.793,573496,1062516,0,1636012,4116604,73557,56804560896,60.27
215.894,573496,1062516,0,1636012,4116604,73557,56804560896,60.27
215.995,573496,1062516,0,1636012,4116604,73557,56804560896,60.27
216.097,573496,1062516,0,1636012,4116604,73557,56804560896,59.32
216.198,573496,1062516,0,1636012,4116604,73557,56804560896,59.32
216.299,573496,1062516,0,1636012,4116604,73557,56804560896,59.32
216.400,573496,1062516,0,1636012,4116604,73557,56804560896,59.32
216.501,573496,1062516,0,1636012,4116604,73557,56804560896,59.32
216.602,573496,1062516,0,1636012,4116604,73557,56804560896,59.32
216.704,573496,1062516,0,1636012,4116604,73557,56804560896,59.32
216.805,573496,1062516,0,1636012,4116604,73557,56804560896,59.32
216.906,573496,1062516,0,1636012,4116604,73557,56804560896,59.32
217.007,573496,1062516,0,1636012,4116604,73557,56804560896,59.32
217.109,573496,1062516,0,1636012,4116604,73557,56804560896,59.32
217.210,573496,1062516,0,1636012,4116604,73557,56804560896,59.32
217.310,573496,1062516,0,1636012,4116604,73557,56804560896,59.32
217.411,573496,1062516,0,1636012,4116604,73557,56804560896,59.32
217.512,573496,1062516,0,1636012,4116604,73557,56804560896,59.32
217.613,573496,1062516,0,1636012,4116604,73557,56804560896,59.32
217.713,573496,1062516,0,1636012,4116604,73557,56804560896,59.32
217.814,573496,1062516,0,1636012,4116604,73557,56804560896,59.32
217.914,573496,1062516,0,1636012,4116604,73557,56804560896,59.32
218.014,573496,1062516,0,1636012,4116604,73557,56804560896,59.32
218.115,573496,1062516,0,1636012,4116604,73557,56804560896,61.8
218.215,573496,1062516,0,1636012,4116604,73557,56804560896,61.8
218.316,573496,1056372,0,1629868,4116604,73557,56804560896,61.8
218.416,573496,1056372,0,1629868,4116604,73557,56804560896,61.8
218.516,573496,1056372,0,1629868,4116604,73557,56804560896,61.8
218.617,573496,1056372,0,1629868,4116604,73557,56804560896,61.8
218.717,573496,1056372,0,1629868,4116604,73557,56804560896,61.8
218.817,573496,1056372,0,1629868,4116604,73557,56804560896,61.8
218.918,573496,1056372,0,1629868,4116604,73557,56804560896,61.8
219.018,573496,1056372,0,1629868,4116604,73557,56804560896,61.8
219.119,573496,1056372,0,1629868,4116604,73557,56804560896,61.8
219.219,573496,1056372,0,1629868,4116604,73557,56804560896,61.8
219.319,573496,1056372,0,1629868,4116604,73557,56804560896,61.8
219.420,573496,1056372,0,1629868,4116604,73557,56804560896,61.8
219.520,573496,1056372,0,1629868,4116604,73557,56804560896,61.8
219.620,573496,1056372,0,1629868,4116604,73557,56804560896,61.8
219.721,573496,1049700,0,1623196,4116604,73557,56804560896,61.8
219.821,573496,1049700,0,1623196,4116604,73557,56804560896,61.8
219.922,573496,1049700,0,1623196,4116604,73557,56804560896,61.8
220.022,573496,1049700,0,1623196,4116604,73557,56804560896,61.8
220.122,573496,1049700,0,1623196,4116604,73557,56804560896,60.2
220.223,573496,1049700,0,1623196,4116604,73557,56804560896,60.2
220.323,573496,1049700,0,1623196,4116604,73557,56804560896,60.2
220.424,573496,1049700,0,1623196,4116604,73557,56804560896,60.2
220.524,573496,1049700,0,1623196,4116604,73557,56804560896,60.2
220.624,573496,1049700,0,1623196,4116604,73557,56804560896,60.2
220.724,573496,1049700,0,1623196,4116604,73557,56804560896,60.2
220.825,573496,1043556,0,1617052,4116604,73557,56804560896,60.2
220.925,573496,1043556,0,1617052,4116604,73557,56804560896,60.2
221.026,573496,1043556,0,1617052,4116604,73557,56804560896,60.2
221.126,573496,1043556,0,1617052,4116604,73557,56804560896,60.2
221.226,573496,1043556,0,1617052,4116604,73557,56804560896,60.2
221.327,573496,1043556,0,1617052,4116604,73557,56804560896,60.2
221.427,573496,1043556,0,1617052,4116604,73557,56804560896,60.2
221.527,573496,1043556,0,1617052,4116604,73557,56804560896,60.2
221.628,573496,1043556,0,1617052,4116604,73557,56804560896,60.2
221.728,573496,1043556,0,1617052,4116604,73557,56804560896,60.2
221.829,573496,1043556,0,1617052,4116604,73557,56804560896,60.2
221.929,573496,1043556,0,1617052,4116604,73557,56804560896,60.2
222.029,573496,1043556,0,1617052,4116604,73557,56804560896,60.53
222.130,573496,1043556,0,1617052,4116604,73557,56804560896,60.53
222.230,573496,1043556,0,1617052,4116604,73557,56804560896,60.53
222.330,573496,1043556,0,1617052,4116604,73557,56804560896,60.53
222.431,573496,1043556,0,1617052,4116604,73557,56804560896,60.53
222.531,573496,1043556,0,1617052,4116604,73557,56804560896,60.53
222.632,573496,1043556,0,1617052,4116604,73557,56804560896,60.53
222.732,573496,1043556,0,1617052,4116604,73557,56804560896,60.53
222.832,573496,1043556,0,1617052,4116604,73557,56804560896,60.53
222.933,573496,1043556,0,1617052,4116604,73557,56804560896,60.53
223.033,573496,1043556,0,1617052,4116604,73557,56804560896,60.53
223.133,573496,1043556,0,1617052,4116604,73557,56804560896,60.53
223.234,573496,1043556,0,1617052,4116604,73557,56804560896,60.53
223.334,573496,1043556,0,1617052,4116604,73557,56804560896,60.53
223.435,573496,1043556,0,1617052,4116604,73557,56804560896,60.53
223.535,573496,1043556,0,1617052,4116604,73557,56804560896,60.53
223.635,573496,1043556,0,1617052,4116604,73557,56804560896,60.53
223.736,573496,1043556,0,1617052,4116604,73557,56804560896,60.53
223.836,573496,1039460,0,1612956,4116604,73557,56804560896,60.53
223.936,573496,1039460,0,1612956,4116604,73557,56804560896,60.53
224.037,573496,1039460,0,1612956,4116604,73557,56804560896,59.89
224.137,573496,1039460,0,1612956,4116604,73557,56804560896,59.89
224.238,573496,1039460,0,1612956,4116604,73557,56804560896,59.89
224.338,573496,1039460,0,1612956,4116604,73557,56804560896,59.89
224.438,573496,1039460,0,1612956,4116604,73557,56804560896,59.89
224.539,573496,1039460,0,1612956,4116604,73557,56804560896,59.89
224.639,573496,1039460,0,1612956,4116604,73557,56804560896,59.89
224.739,573496,1039460,0,1612956,4116604,73557,56804560896,59.89
224.840,573496,1039460,0,1612956,4116604,73557,56804560896,59.89
224.940,573496,1039460,0,1612956,4116604,73557,56804560896,59.89
225.040,573496,1039460,0,1612956,4116604,73557,56804560896,59.89
225.141,573496,1039460,0,1612956,4116604,73557,56804560896,59.89
225.241,573496,1039460,0,1612956,4116604,73557,56804560896,59.89
225.342,573496,1039460,0,1612956,4116604,73557,56804560896,59.89
225.442,573496,1039460,0,1612956,4116604,73557,56804560896,59.89
225.542,573496,1039460,0,1612956,4116604,73557,56804560896,59.89
225.643,573496,1039460,0,1612956,4116604,73557,56804560896,59.89
225.743,573496,1039460,0,1612956,4116604,73557,56804560896,59.89
225.843,573496,1039460,0,1612956,4116604,73557,56804560896,59.89
225.944,573496,1039460,0,1612956,4116604,73557,56804560896,59.89
226.044,573496,1039460,0,1612956,4116604,73557,56804560896,62.26
226.145,573496,1039460,0,1612956,4116604,73557,56804560896,62.26
226.245,573496,1039460,0,1612956,4116604,73557,56804560896,62.26
226.345,573496,1039460,0,1612956,4116604,73557,56804560896,62.26
226.446,573496,1039460,0,1612956,4116604,73557,56804560896,62.26
226.546,573496,1039460,0,1612956,4116604,73557,56804560896,62.26
226.647,573496,1039460,0,1612956,4116604,73557,56804560896,62.26
226.747,573496,1039460,0,1612956,4116604,73557,56804560896,62.26
226.847,573496,1039460,0,1612956,4116604,73557,56804560896,62.26
226.948,573496,1039460,0,1612956,4116604,73557,56804560896,62.26
227.048,573496,1039460,0,1612956,4116604,73557,56804560896,62.26
227.149,573496,1039460,0,1612956,4116604,73557,56804560896,62.26
227.249,573496,1039460,0,1612956,4116604,73557,56804560896,62.26
227.349,573496,1039460,0,1612956,4116604,73557,56804560896,62.26
227.450,573496,1039460,0,1612956,4116604,73557,56804560896,62.26
227.550,573496,1039460,0,1612956,4116604,73557,56804560896,62.26
227.650,573496,1039460,0,1612956,4116604,73557,56804560896,62.26
227.751,573496,1039460,0,1612956,4116604,73557,56804560896,62.26
227.851,573496,1039460,0,1612956,4116604,73557,56804560896,62.26
227.952,573496,1029220,0,1602716,4116604,73557,56804560896,62.26
228.052,573496,1016804,0,1590300,4116604,73557,56804560896,62.39
228.152,573496,1016804,0,1590300,4116604,73557,56804560896,62.39
228.253,573496,1016804,0,1590300,4116604,73557,56804560896,62.39
228.353,573496,1016548,0,1590044,4116604,73557,56804560896,62.39
228.454,573496,1016548,0,1590044,4116604,73557,56804560896,62.39
228.554,573496,1012452,0,1585948,4116604,73557,56804560896,62.39
228.654,573496,1012452,0,1585948,4116604,73557,56804560896,62.39
228.755,573496,1012452,0,1585948,4116604,73557,56804560896,62.39
228.855,573496,1012452,0,1585948,4116604,73557,56804560896,62.39
228.956,573496,1012644,0,1586140,4116604,73557,56804560896,62.39
229.056,600216,1012644,0,1612860,4116604,73557,56804560896,62.39
229.157,600216,1012644,0,1612860,4116604,73557,56804560896,62.39
229.257,600216,1012644,0,1612860,4116604,73557,56804560896,62.39
229.357,600216,1012644,0,1612860,4116604,73557,56804560896,62.39
229.458,600216,1012644,0,1612860,4116604,73557,56804560896,62.39
229.558,600216,1012644,0,1612860,4116604,73557,56804560896,62.39
229.659,633852,1012644,0,1646496,4116604,73557,56804560896,62.39
229.759,638488,1012644,0,1651132,4116604,73557,56804560896,62.39
229.860,638488,1012644,0,1651132,4116604,73557,56804560896,62.39
229.960,638488,1012644,0,1651132,4116604,73557,56804560896,62.39
230.061,638488,1012644,0,1651132,4116604,73557,56804560896,61.05
230.161,638488,1012644,0,1651132,4116604,73557,56804560896,61.05
230.262,674024,1012644,0,1686668,4116604,73557,56804560896,61.05
230.362,674024,1012644,0,1686668,4116604,73557,56804560896,61.05
230.462,674024,1012644,0,1686668,4116604,73557,56804560896,61.05
230.563,674024,1012644,0,1686668,4116604,73557,56804560896,61.05
230.663,674024,1012644,0,1686668,4116604,73557,56804560896,61.05
230.764,674024,1012644,0,1686668,4116604,73557,56804560896,61.05
230.864,674024,1012644,0,1686668,4116604,73557,56804560896,61.05
230.965,674024,1012644,0,1686668,4116604,73557,56804560896,61.05
231.065,674024,1012644,0,1686668,4116604,73557,56804560896,61.05
231.165,674024,1012644,0,1686668,4116604,73557,56804560896,61.05
231.266,674024,1012644,0,1686668,4116604,73557,56804560896,61.05
231.366,674024,1012644,0,1686668,4116604,73557,56804560896,61.05
231.467,674024,1012644,0,1686668,4116604,73557,56804560896,61.05
231.567,674024,1012644,0,1686668,4116604,73557,56804560896,61.05
231.667,674024,1012644,0,1686668,4116604,73557,56804560896,61.05
231.768,674024,1012644,0,1686668,4116604,73557,56804560896,61.05
231.868,674024,1012644,0,1686668,4116604,73557,56804560896,61.05
231.969,674024,1012644,0,1686668,4116604,73557,56804560896,61.05
232.069,674024,1008548,0,1682572,4116604,73557,56804560896,60.5
232.170,674024,1008548,0,1682572,4116604,73557,56804560896,60.5
232.270,674024,1008548,0,1682572,4116604,73557,56804560896,60.5
232.371,674024,1004452,0,1678476,4116604,73557,56804560896,60.5
232.471,674024,1004452,0,1678476,4116604,73557,56804560896,60.5
232.572,674024,1004452,0,1678476,4116604,73557,56804560896,60.5
232.672,674024,1004452,0,1678476,4116604,73557,56804560896,60.5
232.773,674024,1004452,0,1678476,4116604,73557,56804560896,60.5
232.873,674024,1002404,0,1676428,4116604,73557,56804560896,60.5
232.974,674024,1002404,0,1676428,4116604,73557,56804560896,60.5
233.074,674024,1002388,0,1676412,4116604,73557,56804560896,60.5
233.175,674024,983700,0,1657724,4116604,73557,56804560896,60.5
233.275,674024,971412,0,1645436,4116604,73557,56804560896,60.5
233.376,674024,971412,0,1645436,4116604,73557,56804560896,60.5
233.476,674024,971412,0,1645436,4116604,73557,56804560896,60.5
233.576,674024,971412,0,1645436,4116604,73557,56804560896,60.5
233.677,674024,971412,0,1645436,4116604,73557,56804560896,60.5
233.778,674024,971412,0,1645436,4116604,73557,56804560896,60.5
233.878,674024,971412,0,1645436,4116604,73557,56804560896,60.5
233.979,674024,971412,0,1645436,4116604,73557,56804560896,60.5
234.079,674024,971412,0,1645436,4116604,73557,56804560896,59.14
234.180,674024,971412,0,1645436,4116604,73557,56804560896,59.14
234.280,674024,971412,0,1645436,4116604,73557,56804560896,59.14
234.381,674024,971412,0,1645436,4116604,73557,56804560896,59.14
234.482,674024,971412,0,1645436,4116604,73557,56804560896,59.14
234.582,674024,971412,0,1645436,4116604,73557,56804560896,59.14
234.683,674024,971412,0,1645436,4116604,73557,56804560896,59.14
234.784,674024,971412,0,1645436,4116604,73557,56804560896,59.14
234.884,675704,971412,0,1647116,4116604,73557,56804560896,59.14
234.985,675704,971412,0,1647116,4116604,73557,56804560896,59.14
235.086,675704,971412,0,1647116,4116604,73557,56804560896,59.14
235.186,675704,971412,0,1647116,4116604,73557,56804560896,59.14
235.287,675704,971412,0,1647116,4116604,73557,56804560896,59.14
235.388,675704,971412,0,1647116,4116604,73557,56804560896,59.14
235.489,675704,971412,0,1647116,4116604,73557,56804560896,59.14
235.589,675704,971412,0,1647116,4116604,73557,56804560896,59.14
235.690,675704,971412,0,1647116,4116604,73557,56804560896,59.14
235.791,675704,971412,0,1647116,4116604,73557,56804560896,59.14
235.891,675704,971412,0,1647116,4116604,73557,56804560896,59.14
235.992,675704,971412,0,1647116,4116604,73557,56804560896,59.14
236.093,675704,971412,0,1647116,4116604,73557,56804560896,61.47
236.193,675704,971412,0,1647116,4116604,73557,56804560896,61.47
236.294,675704,971412,0,1647116,4116604,73557,56804560896,61.47
236.395,675704,971412,0,1647116,4116604,73557,56804560896,61.47
236.496,675704,971412,0,1647116,4116604,73557,56804560896,61.47
236.596,675704,971412,0,1647116,4116604,73557,56804560896,61.47
236.697,675704,971412,0,1647116,4116604,73557,56804560896,61.47
236.798,675704,971412,0,1647116,4116604,73557,56804560896,61.47
236.898,675704,971412,0,1647116,4116604,73557,56804560896,61.47
236.999,675704,971412,0,1647116,4116604,73557,56804560896,61.47
237.099,675704,971412,0,1647116,4116604,73557,56804560896,61.47
237.200,675704,971412,0,1647116,4116604,73557,56804560896,61.47
237.301,675704,971412,0,1647116,4116604,73557,56804560896,61.47
237.401,675704,965268,0,1640972,4116604,73557,56804560896,61.47
237.502,675704,963220,0,1638924,4116604,73557,56804560896,61.47
237.602,675704,963220,0,1638924,4116604,73557,56804560896,61.47
237.703,675704,963172,0,1638876,4116604,73557,56804560896,61.47
237.803,675704,960980,0,1636684,4116604,73557,56804560896,61.47
237.904,675704,960980,0,1636684,4116604,73557,56804560896,61.47
238.004,675704,960980,0,1636684,4116604,73557,56804560896,61.47
238.105,675704,960980,0,1636684,4116604,73557,56804560896,58.3
238.205,675704,960980,0,1636684,4116604,73557,56804560896,58.3
238.306,675704,960980,0,1636684,4116604,73557,56804560896,58.3
238.406,675704,960980,0,1636684,4116604,73557,56804560896,58.3
238.507,675704,960980,0,1636684,4116604,73557,56804560896,58.3
238.607,675704,960980,0,1636684,4116604,73557,56804560896,58.3
238.708,675704,960980,0,1636684,4116604,73557,56804560896,58.3
238.808,675704,960980,0,1636684,4116604,73557,56804560896,58.3
238.909,675704,960980,0,1636684,4116604,73557,56804560896,58.3
239.009,675704,960980,0,1636684,4116604,73557,56804560896,58.3
239.110,675704,960980,0,1636684,4116604,73557,56804560896,58.3
239.210,675704,960980,0,1636684,4116604,73557,56804560896,58.3
239.311,675704,960980,0,1636684,4116604,73557,56804560896,58.3
239.411,675704,960980,0,1636684,4116604,73557,56804560896,58.3
239.512,675704,960980,0,1636684,4116604,73557,56804560896,58.3
239.612,675704,960980,0,1636684,4116604,73557,56804560896,58.3
239.713,675704,960980,0,1636684,4116604,73557,56804560896,58.3
239.814,675704,960980,0,1636684,4116604,73557,56804560896,58.3
239.914,675704,960980,0,1636684,4116604,73557,56804560896,58.3
240.015,675704,960980,0,1636684,4116604,73557,56804560896,58.3
240.115,675704,960980,0,1636684,4116604,73557,56804560896,58.25
240.216,675704,960980,0,1636684,4116604,73557,56804560896,58.25
240.320,675704,960980,0,1636684,4116604,73557,56804560896,58.25
240.420,675704,960980,0,1636684,4116604,73557,56804560896,58.25
240.521,675704,946644,0,1622348,4116604,73557,56804560896,58.25
240.621,675704,946644,0,1622348,4116604,73557,56804560896,58.25
240.722,675704,946596,0,1622300,4116604,73557,56804560896,58.25
240.823,675704,913700,0,1589404,4116604,73557,56804560896,58.25
240.923,675704,913700,0,1589404,4116604,73557,56804560896,58.25
241.024,675704,913700,0,1589404,4116604,73557,56804560896,58.25
241.125,675704,913700,0,1589404,4116604,73557,56804560896,58.25
241.225,675704,913700,0,1589404,4116604,73557,56804560896,58.25
241.327,675704,913700,0,1589404,4116604,73557,56804560896,58.25
241.428,675704,913700,0,1589404,4116604,73557,56804560896,58.25
241.528,675704,913700,0,1589404,4116604,73557,56804560896,58.25
241.629,675704,913700,0,1589404,4116604,73557,56804560896,58.25
241.729,675704,913700,0,1589404,4116604,73557,56804560896,58.25
241.830,675704,913700,0,1589404,4116604,73557,56804560896,58.25
241.930,675704,913700,0,1589404,4116604,73557,56804560896,58.25
242.031,675704,913700,0,1589404,4116604,73557,56804560896,58.25
242.131,675704,913700,0,1589404,4116604,73557,56804560896,57.66
242.232,675704,913700,0,1589404,4116604,73557,56804560896,57.66
242.332,675704,913700,0,1589404,4116604,73557,56804560896,57.66
242.433,675704,913700,0,1589404,4116604,73557,56804560896,57.66
242.533,675704,913700,0,1589404,4116604,73557,56804560896,57.66
242.634,675704,913700,0,1589404,4116604,73557,56804560896,57.66
242.734,675704,913700,0,1589404,4116604,73557,56804560896,57.66
242.835,675704,913700,0,1589404,4116604,73557,56804560896,57.66
242.936,675704,913700,0,1589404,4116604,73557,56804560896,57.66
243.036,675704,913700,0,1589404,4116604,73557,56804560896,57.66
243.136,675704,913700,0,1589404,4116604,73557,56804560896,57.66
243.237,675704,913700,0,1589404,4116604,73557,56804560896,57.66
243.337,675704,913700,0,1589404,4116604,73557,56804560896,57.66
243.438,675704,913700,0,1589404,4116604,73557,56804560896,57.66
243.538,675704,913700,0,1589404,4116604,73557,56804560896,57.66
243.639,675704,913700,0,1589404,4116604,73557,56804560896,57.66
243.740,675704,913700,0,1589404,4116604,73557,56804560896,57.66
243.840,675704,913700,0,1589404,4116604,73557,56804560896,57.66
243.941,675704,913700,0,1589404,4116604,73557,56804560896,57.66
244.041,675704,913700,0,1589404,4116604,73557,56804560896,57.66
244.142,675704,913700,0,1589404,4116604,73557,56804560896,58.08
244.242,675704,913700,0,1589404,4116604,73557,56804560896,58.08
244.343,675704,913700,0,1589404,4116604,73557,56804560896,58.08
244.444,675704,913700,0,1589404,4116604,73557,56804560896,58.08
244.544,675704,913700,0,1589404,4116604,73557,56804560896,58.08
244.645,675704,913700,0,1589404,4116604,73557,56804560896,58.08
244.746,675704,913700,0,1589404,4116604,73557,56804560896,58.08
244.846,675704,913700,0,1589404,4116604,73557,56804560896,58.08
244.947,675704,913700,0,1589404,4116604,73557,56804560896,58.08
245.047,675704,913700,0,1589404,4116604,73557,56804560896,58.08
245.148,675704,913700,0,1589404,4116604,73557,56804560896,58.08
245.248,675704,913700,0,1589404,4116604,73557,56804560896,58.08
245.348,675704,913700,0,1589404,4116604,73557,56804560896,58.08
245.449,675704,913700,0,1589404,4116604,73557,56804560896,58.08
245.550,675704,913700,0,1589404,4116604,73557,56804560896,58.08
245.650,675704,913700,0,1589404,4116604,73557,56804560896,58.08
245.751,675704,913700,0,1589404,4116604,73557,56804560896,58.08
245.851,531080,913764,0,1444844,4116604,73557,56804560896,58.08
245.952,543180,913764,0,1456944,4116604,73557,56804560896,58.08
246.053,597592,913764,0,1511356,4116604,73557,56804560896,58.08
246.153,597592,913764,0,1511356,4116604,73557,56804560896,60.6
246.254,628716,913764,0,1542480,4116604,73557,56804560896,60.6
246.354,671684,913764,0,1585448,4116604,73557,56804560896,60.6
246.455,671684,913764,0,1585448,4116604,73557,56804560896,60.6
246.555,671684,913764,0,1585448,4116604,73557,56804560896,60.6
246.656,671684,913764,0,1585448,4116604,73557,56804560896,60.6
246.757,671684,913764,0,1585448,4116604,73557,56804560896,60.6
246.858,671684,913764,0,1585448,4116604,73557,56804560896,60.6
246.959,671684,913764,0,1585448,4116604,73557,56804560896,60.6
247.059,671684,913764,0,1585448,4116604,73557,56804560896,60.6
247.160,671684,913764,0,1585448,4116604,73557,56804560896,60.6
247.260,671684,913764,0,1585448,4116604,73557,56804560896,60.6
247.361,671684,913764,0,1585448,4116604,73557,56804560896,60.6
247.462,671684,913764,0,1585448,4116604,73557,56804560896,60.6
247.562,671684,913764,0,1585448,4116604,73557,56804560896,60.6
247.663,671684,913764,0,1585448,4116604,73557,56804560896,60.6
247.763,671684,913764,0,1585448,4116604,73557,56804560896,60.6
247.864,671684,913764,0,1585448,4116604,73557,56804560896,60.6
247.965,671684,913764,0,1585448,4116604,73557,56804560896,60.6
248.066,671684,913764,0,1585448,4116604,73557,56804560896,60.6
248.166,671684,913764,0,1585448,4116604,73557,56804560896,59.59
248.267,674980,913764,0,1588744,4116604,73557,56804560896,59.59
248.368,674980,913764,0,1588744,4116604,73557,56804560896,59.59
248.468,674980,913764,0,1588744,4116604,73557,56804560896,59.59
248.569,674980,913764,0,1588744,4116604,73557,56804560896,59.59
248.669,674980,913764,0,1588744,4116604,73557,56804560896,59.59
248.770,674980,913764,0,1588744,4116604,73557,56804560896,59.59
248.870,674980,913764,0,1588744,4116604,73557,56804560896,59.59
248.971,674980,913764,0,1588744,4116604,73557,56804560896,59.59
249.072,674980,913764,0,1588744,4116604,73557,56804560896,59.59
249.173,674980,913764,0,1588744,4116604,73557,56804560896,59.59
249.273,674980,913764,0,1588744,4116604,73557,56804560896,59.59
249.374,674980,913764,0,1588744,4116604,73557,56804560896,59.59
249.475,674980,913764,0,1588744,4116604,73557,56804560896,59.59
249.576,674980,913764,0,1588744,4116604,73557,56804560896,59.59
249.676,674980,913764,0,1588744,4116604,73557,56804560896,59.59
249.777,674980,913764,0,1588744,4116604,73557,56804560896,59.59
249.877,674980,913764,0,1588744,4116604,73557,56804560896,59.59
249.977,674980,913764,0,1588744,4116604,73557,56804560896,59.59
250.078,674980,913764,0,1588744,4116604,73557,56804560896,59.59
250.178,674980,913764,0,1588744,4116604,73557,56804560896,58.03
250.278,674980,913764,0,1588744,4116604,73557,56804560896,58.03
250.379,674980,913764,0,1588744,4116604,73557,56804560896,58.03
250.479,674980,913764,0,1588744,4116604,73557,56804560896,58.03
250.580,674980,913764,0,1588744,4116604,73557,56804560896,58.03
250.680,674980,913764,0,1588744,4116604,73557,56804560896,58.03
250.780,674980,913764,0,1588744,4116604,73557,56804560896,58.03
250.881,674980,913764,0,1588744,4116604,73557,56804560896,58.03
250.981,674980,913764,0,1588744,4116604,73557,56804560896,58.03
251.081,674980,913764,0,1588744,4116604,73557,56804560896,58.03
251.182,674980,913764,0,1588744,4116604,73557,56804560896,58.03
251.282,674980,913764,0,1588744,4116604,73557,56804560896,58.03
251.382,674980,913764,0,1588744,4116604,73557,56804560896,58.03
251.483,674980,913764,0,1588744,4116604,73557,56804560896,58.03
251.583,674980,913764,0,1588744,4116604,73557,56804560896,58.03
251.684,674980,913764,0,1588744,4116604,73557,56804560896,58.03
251.784,674980,913764,0,1588744,4116604,73557,56804560896,58.03
251.884,674980,913764,0,1588744,4116604,73557,56804560896,58.03
251.985,674980,913764,0,1588744,4116604,73557,56804560896,58.03
252.085,674980,913764,0,1588744,4116604,73557,56804560896,58.93
252.186,674980,913764,0,1588744,4116604,73557,56804560896,58.93
252.286,674980,913764,0,1588744,4116604,73557,56804560896,58.93
252.386,674980,913764,0,1588744,4116604,73557,56804560896,58.93
252.487,674980,913764,0,1588744,4116604,73557,56804560896,58.93
252.587,674980,913764,0,1588744,4116604,73557,56804560896,58.93
252.687,674980,913764,0,1588744,4116604,73557,56804560896,58.93
252.788,674980,913764,0,1588744,4116604,73557,56804560896,58.93
252.888,674980,913764,0,1588744,4116604,73557,56804560896,58.93
252.988,558460,913828,0,1472288,4116604,73557,56804560896,58.93
253.089,580344,913828,0,1494172,4116604,73557,56804560896,58.93
253.189,617084,913828,0,1530912,4116604,73557,56804560896,58.93
253.289,617084,913828,0,1530912,4116604,73557,56804560896,58.93
253.390,617084,913828,0,1530912,4116604,73557,56804560896,58.93
253.490,617084,913828,0,1530912,4116604,73557,56804560896,58.93
253.590,631224,913828,0,1545052,4116604,73557,56804560896,58.93
253.691,658104,913828,0,1571932,4116604,73557,56804560896,58.93
253.791,658252,913828,0,1572080,4116604,73557,56804560896,58.93
253.892,683140,913828,0,1596968,4116604,73557,56804560896,58.93
253.992,698824,913828,0,1612652,4116604,73557,56804560896,58.93
254.092,727552,913828,0,1641380,4116604,73557,56804560896,60.03
254.193,744216,913828,0,1658044,4116604,73557,56804560896,60.03
254.293,760232,913828,0,1674060,4116604,73557,56804560896,60.03
254.393,760340,913828,0,1674168,4116604,73557,56804560896,60.03
254.494,779744,905636,0,1685380,4116604,73557,56804560896,60.03
254.594,808808,901540,0,1710348,4116604,73557,56804560896,60.03
254.695,823456,901540,0,1724996,4116604,73557,56804560896,60.03
254.795,837368,901540,0,1738908,4116604,73557,56804560896,60.03
254.895,861184,901540,0,1762724,4116604,73557,56804560896,60.03
254.996,861184,901540,0,1762724,4116604,73557,56804560896,60.03
255.096,876384,901540,0,1777924,4116604,73557,56804560896,60.03
255.197,917468,901540,0,1819008,4116604,73557,56804560896,60.03
255.297,917468,901540,0,1819008,4116604,73557,56804560896,60.03
255.397,935108,893348,0,1828456,4116604,73557,56804560896,60.03
255.498,952940,876964,0,1829904,4116604,73557,56804560896,60.03
255.598,976212,874916,0,1851128,4116604,73557,56804560896,60.03
255.699,1000112,874916,0,1875028,4116604,73557,56804560896,60.03
255.799,1013704,874916,0,1888620,4116604,73557,56804560896,60.03
255.899,1034512,874916,0,1909428,4116604,73557,56804560896,60.03
256.000,1057780,874916,0,1932696,4116604,73557,56804560896,60.03
256.100,1065996,874916,0,1940912,4116604,73557,56804560896,59.3
256.200,1093512,874916,0,1968428,4116604,73557,56804560896,59.3
256.301,1116400,874916,0,1991316,4116604,73557,56804560896,59.3
256.401,1140756,874916,0,2015672,4116604,73557,56804560896,59.3
256.502,1160512,874916,0,2035428,4116604,73557,56804560896,59.3
256.602,1197372,874916,0,2072288,4116604,73557,56804560896,59.3
256.702,1228764,874916,0,2103680,4116604,73557,56804560896,59.3
256.803,1309972,874916,0,2184888,4116604,73557,56804560896,59.3
256.903,1389752,874916,0,2264668,4116604,73557,56804560896,59.3
257.004,1524360,874916,0,2399276,4116604,73557,56804560896,59.3
257.104,1643612,868772,0,2512384,4116604,73557,56804560896,59.3
257.204,1710068,868772,0,2578840,4116604,73557,56804560896,59.3
257.305,1713468,868772,0,2582240,4116604,73557,56804560896,59.3
257.405,1713468,868772,0,2582240,4116604,73557,56804560896,59.3
257.506,1713468,866724,0,2580192,4116604,73557,56804560896,59.3
257.606,1713468,848228,0,2561696,4116604,73557,56804560896,59.3
257.706,1713468,848228,0,2561696,4116604,73557,56804560896,59.3
257.807,1713468,825700,0,2539168,4116604,73557,56804560896,59.3
257.907,1713468,735588,0,2449056,4116604,73557,56804560896,59.3
258.008,1713468,729444,0,2442912,4116604,73557,56804560896,59.3
258.108,1713468,673928,0,2387396,4116604,73557,56804560896,58.7
258.208,1713468,645256,0,2358724,4116604,73557,56804560896,58.7
258.309,1713468,650632,0,2364100,4116604,73557,56804560896,58.7
258.409,1713468,757832,0,2471300,4116604,73557,56804560896,58.7
258.510,1713468,852232,0,2565700,4116604,73557,56804560896,58.7
258.610,1713468,937352,0,2650820,4116604,73557,56804560896,58.7
258.710,1713468,1034952,0,2748420,4116604,73557,56804560896,58.7
258.811,1713468,1096776,0,2810244,4116604,73557,56804560896,58.7
258.911,1576240,1098144,0,2674384,4116604,73558,56805814272,58.7
259.011,1576240,1176336,0,2752576,4116604,73559,56885817344,58.7
259.112,1576240,1176384,0,2752624,4116604,73559,56885817344,58.7
259.215,1610084,1167936,0,2778020,4116604,73564,56952766464,58.7
259.316,1632248,1169612,0,2801860,4116604,73564,56952766464,58.7
259.416,1650768,1170444,0,2821212,4116604,73564,57054629888,58.7
259.517,1668364,1171580,0,2839944,4116604,73564,57054629888,58.7
259.617,1687752,1172284,0,2860036,4116604,73564,57071398912,58.7
259.717,1713648,1173244,0,2886892,4116604,73564,57120763904,58.7
259.818,1720772,1167484,0,2888256,4116604,73564,57158569984,58.7
259.918,1723324,1136636,0,2859960,4116604,73564,57229250560,58.7
260.019,1723544,1131228,0,2854772,4116604,73564,57304117248,58.7
260.119,1724328,1101292,0,2825620,4116604,73564,57338277888,51.87
260.219,1729796,1095868,0,2825664,4116604,73564,57378492416,51.87
260.320,1733512,1096572,0,2830084,4116604,73564,57402970112,51.87
260.420,1735996,1072508,0,2808504,4116604,73564,57459552256,51.87
260.523,1738696,1067100,0,2805796,4116604,73564,57493090304,51.87
260.624,1738944,1053504,0,2792448,4116604,73564,57520345088,51.87
260.724,1742248,1045884,0,2788132,4116604,73565,57541316608,51.87
260.824,1742756,1047164,0,2789920,4116604,73567,57573560320,51.87
260.925,1746200,1048476,0,2794676,4116604,73568,57607933952,51.87
261.025,1746800,1049500,0,2796300,4116604,73568,57620525056,51.87
261.125,1746864,1050512,0,2797376,4116604,73569,57636171776,51.87
261.226,1746864,1051220,0,2798084,4116604,73569,57663352832,51.87
261.326,1746892,1048336,0,2795228,4116604,73569,57694949376,51.87
261.427,1746892,1031184,0,2778076,4116604,73569,57737887744,51.87
261.527,1748752,1020048,0,2768800,4116604,73569,57754664960,51.87
261.631,1749088,1008976,0,2758064,4116604,73569,57792253952,51.87
261.732,1749680,1010272,0,2759952,4116604,73569,57792253952,51.87
261.832,1749692,986336,0,2736028,4116604,73569,57874345984,51.87
261.932,1749692,987104,0,2736796,4116604,73569,57904775168,51.87
262.033,1756564,988256,0,2744820,4116604,73569,57913163776,51.87
262.133,1757616,982944,0,2740560,4116604,73569,57964851200,42.47
262.233,1757616,983584,0,2741200,4116604,73569,57985826816,42.47
262.334,1757616,984352,0,2741968,4116604,73569,58009399296,42.47
262.434,1758740,979504,0,2738244,4116604,73569,58032373760,42.47
262.535,1760252,981056,0,2741308,4116604,73569,58057547776,42.47
262.635,1761444,982656,0,2744100,4116604,73569,58072354816,42.47
262.735,1761612,965760,0,2727372,4116604,73569,58102652928,42.47
262.836,1761612,967616,0,2729228,4116604,73569,58121666560,42.47
262.936,1761760,969152,0,2730912,4116604,73569,58153631744,42.47
263.038,1761760,971200,0,2732960,4116604,73569,58161795072,42.47
263.138,1765452,972672,0,2738124,4116604,73569,58211004416,42.47
263.238,1767240,973424,0,2740664,4116604,73569,58211004416,42.47
263.339,1769304,973936,0,2743240,4116604,73569,58211004416,42.47
263.439,1769304,973936,0,2743240,4116604,73569,58211004416,42.47
263.540,1769304,973936,0,2743240,4116604,73569,58211004416,42.47
263.640,1769304,973936,0,2743240,4116604,73569,58211004416,42.47
263.741,1769304,973936,0,2743240,4116604,73569,58211004416,42.47
263.841,1769304,973936,0,2743240,4116604,73569,58211004416,42.47
263.942,1769304,973936,0,2743240,4116604,73569,58211004416,42.47
264.042,1769304,973936,0,2743240,4116604,73569,58211004416,42.47
264.142,1769304,973936,0,2743240,4116604,73569,58211004416,40.03
264.243,1769304,973936,0,2743240,4116604,73569,58211004416,40.03
264.343,1769304,973936,0,2743240,4116604,73569,58211004416,40.03
264.444,1769304,973936,0,2743240,4116604,73569,58211004416,40.03
264.544,1769304,973936,0,2743240,4116604,73569,58211004416,40.03
264.645,1769304,973936,0,2743240,4116604,73569,58211004416,40.03
264.745,1769304,973936,0,2743240,4116604,73569,58211004416,40.03
264.846,1769304,973936,0,2743240,4116604,73569,58211004416,40.03
264.946,1769304,973936,0,2743240,4116604,73569,58211004416,40.03
265.047,1769304,973936,0,2743240,4116604,73569,58211004416,40.03
265.147,1769304,973936,0,2743240,4116604,73569,58211004416,40.03
265.248,1769304,973936,0,2743240,4116604,73569,58211004416,40.03
265.348,1769304,973936,0,2743240,4116604,73569,58211004416,40.03
265.448,1769304,973936,0,2743240,4116604,73569,58211004416,40.03
265.549,1769304,973872,0,2743176,4116604,73569,58211004416,40.03
265.649,1769304,973872,0,2743176,4116604,73569,58211004416,40.03
265.750,1769304,973872,0,2743176,4116604,73569,58211004416,40.03
265.850,1769304,973872,0,2743176,4116604,73569,58211004416,40.03
265.951,1769304,973872,0,2743176,4116604,73569,58211004416,40.03
266.051,1769304,973744,0,2743048,4116604,73569,58211004416,40.03
266.152,1769304,972208,0,2741512,4116604,73569,58211004416,42.74
266.252,1769304,972208,0,2741512,4116604,73569,58211004416,42.74
266.353,1769304,972208,0,2741512,4116604,73569,58211004416,42.74
266.453,1769304,972208,0,2741512,4116604,73569,58211004416,42.74
266.554,1769304,972208,0,2741512,4116604,73569,58211004416,42.74
266.654,1769304,972208,0,2741512,4116604,73569,58211004416,42.74
266.755,1769304,972208,0,2741512,4116604,73569,58211004416,42.74
266.855,1769304,972208,0,2741512,4116604,73569,58211004416,42.74
266.956,1769304,972208,0,2741512,4116604,73569,58211004416,42.74
267.056,1769304,972208,0,2741512,4116604,73569,58211004416,42.74
267.157,1769304,972208,0,2741512,4116604,73569,58211004416,42.74
267.257,1769304,972208,0,2741512,4116604,73569,58211004416,42.74
267.357,1769304,970160,0,2739464,4116604,73569,58211004416,42.74
267.458,1769304,968112,0,2737416,4116604,73569,58211004416,42.74
267.558,1769304,964016,0,2733320,4116604,73569,58211004416,42.74
267.659,1769304,959920,0,2729224,4116604,73569,58211004416,42.74
267.759,1769304,957872,0,2727176,4116604,73569,58211004416,42.74
267.860,1769304,953776,0,2723080,4116604,73569,58211004416,42.74
267.960,1769304,951728,0,2721032,4116604,73569,58211004416,42.74
268.061,1769304,947632,0,2716936,4116604,73569,58211004416,42.74
268.161,1769304,945584,0,2714888,4116604,73569,58211004416,44.78
268.261,1769304,941488,0,2710792,4116604,73569,58211004416,44.78
268.362,1769304,937392,0,2706696,4116604,73569,58211004416,44.78
268.462,1769304,933296,0,2702600,4116604,73569,58211004416,44.78
268.563,1769304,933296,0,2702600,4116604,73569,58211004416,44.78
268.663,1769304,933296,0,2702600,4116604,73569,58211004416,44.78
268.764,1769304,931248,0,2700552,4116604,73569,58211004416,44.78
268.864,1769304,929200,0,2698504,4116604,73569,58211004416,44.78
268.964,1769304,906704,0,2676008,4116604,73569,58211004416,44.78
269.065,1769304,904656,0,2673960,4116604,73569,58211004416,44.78
269.165,1769304,900560,0,2669864,4116604,73569,58211004416,44.78
269.266,1769304,898512,0,2667816,4116604,73569,58211004416,44.78
269.366,1769304,894416,0,2663720,4116604,73569,58211004416,44.78
269.466,1769304,890320,0,2659624,4116604,73569,58211004416,44.78
269.567,1769304,887688,0,2656992,4116604,73569,58211004416,44.78
269.667,1769304,883592,0,2652896,4116604,73569,58211004416,44.78
269.768,1769304,879496,0,2648800,4116604,73569,58211004416,44.78
269.868,1769304,877448,0,2646752,4116604,73569,58211004416,44.78
269.969,1769304,873352,0,2642656,4116604,73569,58211004416,44.78
270.069,1769304,871304,0,2640608,4116604,73569,58211004416,44.78
270.170,1769304,867208,0,2636512,4116604,73569,58211004416,44.64
270.270,1769304,863112,0,2632416,4116604,73569,58211004416,44.64
270.370,1769304,859016,0,2628320,4116604,73569,58211004416,44.64
270.471,1769304,859016,0,2628320,4116604,73569,58211004416,44.64
270.571,1769304,854920,0,2624224,4116604,73569,58211004416,44.64
270.672,1769304,852872,0,2622176,4116604,73569,58211004416,44.64
270.772,1769304,848776,0,2618080,4116604,73569,58211004416,44.64
270.872,1769304,846728,0,2616032,4116604,73569,58211004416,44.64
270.973,1769304,842632,0,2611936,4116604,73569,58211004416,44.64
271.073,1769304,838536,0,2607840,4116604,73569,58211004416,44.64
271.174,1769304,834440,0,2603744,4116604,73569,58211004416,44.64
271.274,1769304,834440,0,2603744,4116604,73569,58211004416,44.64
271.374,1769304,909148,0,2678452,4116604,73569,58211004416,44.64
271.475,1769304,1048472,0,2817776,4116604,73569,58211004416,44.64
271.575,1769304,817048,0,2586352,4116604,73569,58211012608,44.64
271.679,1769304,819396,0,2588700,4116604,73575,58289614848,44.64
271.780,1769304,822020,0,2591324,4116604,73575,58314137600,44.64
271.880,1769304,824004,0,2593308,4116604,73575,58373480448,44.64
271.981,1769304,826056,0,2595360,4116604,73575,58399641600,44.64
272.083,1769304,828360,0,2597664,4116604,73576,58464493568,44.64
272.184,1769304,830744,0,2600048,4116604,73576,58552102912,44.88
272.284,1769304,832952,0,2602256,4116604,73577,58624921600,44.88
272.385,1769304,835972,0,2605276,4116604,73578,58683748352,44.88
272.485,1769304,838536,0,2607840,4116604,73578,58719371264,44.88
272.585,1769304,840904,0,2610208,4116604,73579,58744696832,44.88
272.686,1769304,842952,0,2612256,4116604,73579,58856116224,44.88
272.786,1769304,845316,0,2614620,4116604,73579,58889670656,44.88
272.886,1769304,847256,0,2616560,4116604,73579,58917650432,44.88
272.991,1769304,849816,0,2619120,4116604,73579,58936205312,44.88
273.093,1769304,852628,0,2621932,4116604,73579,58975977472,44.88
273.193,1769304,855060,0,2624364,4116604,73579,59019665408,44.88
273.293,1769304,857416,0,2626720,4116604,73579,59050053632,44.88
273.395,1769304,859848,0,2629152,4116604,73579,59056615424,44.88
273.496,1769304,860360,0,2629664,4116604,73579,59056615424,44.88
273.596,1769304,860808,0,2630112,4116604,73579,59056615424,44.88
273.697,1769304,860808,0,2630112,4116604,73579,59056615424,44.88
273.797,1769304,860808,0,2630112,4116604,73579,59056615424,44.88
273.898,1769304,860808,0,2630112,4116604,73579,59056615424,44.88
273.998,1769304,860808,0,2630112,4116604,73579,59056615424,44.88
274.099,1769304,860808,0,2630112,4116604,73579,59056615424,44.88
274.199,1769304,860808,0,2630112,4116604,73579,59056615424,40.74
274.300,1769304,860808,0,2630112,4116604,73579,59056615424,40.74
274.400,1769304,860808,0,2630112,4116604,73579,59056615424,40.74
274.501,1769304,860808,0,2630112,4116604,73579,59056615424,40.74
274.601,1769304,860808,0,2630112,4116604,73579,59056615424,40.74
274.701,1769304,860808,0,2630112,4116604,73579,59056615424,40.74
274.802,1769304,860808,0,2630112,4116604,73579,59056615424,40.74
274.902,1769304,860808,0,2630112,4116604,73579,59056615424,40.74
275.003,1769304,860808,0,2630112,4116604,73579,59056615424,40.74
275.103,1769304,860808,0,2630112,4116604,73579,59056615424,40.74
275.203,1769304,860808,0,2630112,4116604,73579,59056615424,40.74
275.304,1769304,860808,0,2630112,4116604,73579,59056615424,40.74
275.404,1769304,860808,0,2630112,4116604,73579,59056615424,40.74
275.505,1769304,860808,0,2630112,4116604,73579,59056615424,40.74
275.605,1769304,860480,0,2629784,4116604,73579,59056615424,40.74
275.706,1769304,860480,0,2629784,4116604,73579,59056615424,40.74
275.806,1769304,859720,0,2629024,4116604,73579,59056615424,40.74
275.906,1769304,859720,0,2629024,4116604,73579,59056615424,40.74
276.007,1769304,859304,0,2628608,4116604,73579,59056615424,40.74
276.107,1769304,858600,0,2627904,4116604,73579,59056615424,40.74
276.208,1769304,858600,0,2627904,4116604,73579,59056615424,44.41
276.308,1769304,855688,0,2624992,4116604,73579,59056615424,44.41
276.409,1769304,854536,0,2623840,4116604,73579,59056615424,44.41
276.509,1769304,865148,0,2634452,4116604,73579,59056615424,44.41
276.610,1769304,733168,0,2502472,4116604,73580,59111952384,44.41
276.715,1769304,733672,0,2502976,4116604,73580,59111952384,44.41
276.816,1769304,733736,0,2503040,4116604,73580,59175960576,44.41
276.916,1769304,733184,0,2502488,4116604,73581,59185696768,44.41
277.017,1769304,733168,0,2502472,4116604,73581,59225542656,44.41
277.117,1769304,732536,0,2501840,4116604,73581,59242254336,44.41
277.218,1769304,731864,0,2501168,4116604,73581,59313152000,44.41
277.318,1769304,730928,0,2500232,4116604,73581,59348357120,44.41
277.419,1770672,730448,0,2501120,4116604,73581,59390586880,44.41
277.519,1776200,695032,0,2471232,4116604,73581,59453014016,44.41
277.620,1778344,676832,0,2455176,4116604,73581,59486568448,44.41
277.720,1781096,644760,0,2425856,4116604,73581,59535351808,44.41
277.820,1784772,605664,0,2390436,4116604,73581,59578146816,44.41
277.923,1784772,581648,0,2366420,4116604,73581,59613249536,44.41
278.024,1784772,552796,0,2337568,4116604,73581,59663581184,44.41
278.124,1784772,513116,0,2297888,4116604,73581,59713912832,44.41
278.225,1784772,511212,0,2295984,4116604,73581,59730690048,37.45
278.325,1786036,500396,0,2286432,4116604,73581,59764244480,37.45
278.425,1788460,486940,0,2275400,4116604,73581,59781021696,37.45
278.526,1789956,486532,0,2276488,4116604,73581,59781021696,37.45
278.626,1790836,486532,0,2277368,4116604,73581,59781021696,37.45
278.727,1790904,442068,0,2232972,4116604,73581,59862810624,37.45
278.831,1790904,417636,0,2208540,4116604,73581,59896365056,37.45
278.932,1790904,403748,0,2194652,4116604,73581,59929919488,37.45
279.032,1790904,403132,0,2194036,4116604,73581,59946696704,37.45
279.133,1790904,398244,0,2189148,4116604,73581,59963473920,37.45
279.233,1790940,398244,0,2189184,4116604,73581,59963473920,37.45
279.334,1790956,393564,0,2184520,4116604,73581,59980251136,37.45
279.434,1790956,390628,0,2181584,4116604,73581,59997028352,37.45
279.535,1790956,359924,0,2150880,4116604,73581,60030582784,37.45
279.635,1790984,332124,0,2123108,4116604,73581,60080910336,37.45
279.735,1790984,320404,0,2111388,4116604,73581,60097687552,37.45
279.836,1790984,299660,0,2090644,4116604,73581,60131241984,37.45
279.936,1790984,290124,0,2081108,4116604,73581,60148019200,37.45
280.037,1790988,290124,0,2081112,4116604,73581,60149325824,37.45
280.137,1790992,283276,0,2074268,4116604,73581,60182880256,37.45
280.238,1790992,269964,0,2060956,4116604,73581,60199657472,30.66
280.339,1790992,257740,0,2048732,4116604,73581,60226129920,30.66
280.439,1790992,251596,0,2042588,4116604,73581,60242907136,30.66
280.540,1791060,243356,0,2034416,4116604,73581,60291129344,30.66
280.643,1791060,243356,0,2034416,4116604,73581,60324683776,30.66
280.744,1791060,243420,0,2034480,4116604,73581,60352495616,30.66
280.844,1791060,243420,0,2034480,4116604,73581,60352495616,30.66
280.945,1791448,231204,0,2022652,4116604,73581,60412248064,30.66
281.045,1791452,231204,0,2022656,4116604,73581,60412248064,30.66
281.145,1791452,231204,0,2022656,4116604,73581,60412248064,30.66
281.246,1791452,231156,0,2022608,4116604,73581,60466778112,30.66
281.346,1791452,231156,0,2022608,4116604,73581,60466778112,30.66
281.447,1793332,231060,0,2024392,4116604,73581,60508725248,30.66
281.547,1793868,231060,0,2024928,4116604,73581,60525502464,30.66
281.648,1793868,231060,0,2024928,4116604,73581,60559056896,30.66
281.751,1793868,231124,0,2024992,4116604,73581,60592611328,30.66
281.852,1793868,231188,0,2025056,4116604,73581,60629454848,30.66
281.952,1793868,231188,0,2025056,4116604,73581,60629454848,30.66
282.053,1793868,231252,0,2025120,4116604,73581,60646232064,30.66
282.155,1793868,230708,0,2024576,4116604,73581,60679786496,30.66
282.256,1793872,230704,0,2024576,4116604,73581,60696563712,25.11
282.356,1793872,230704,0,2024576,4116604,73581,60713340928,25.11
282.456,1793872,230832,0,2024704,4116604,73581,60780449792,25.11
282.557,1794320,219044,0,2013364,4116604,73581,60830781440,25.11
282.657,1794320,219060,0,2013380,4116604,73581,60830781440,25.11
282.757,1794472,219060,0,2013532,4116604,73581,60847558656,25.11
282.858,1794476,213204,0,2007680,4116604,73581,60864335872,25.11
282.958,1794476,213284,0,2007760,4116604,73581,60897890304,25.11
283.058,1794480,213284,0,2007764,4116604,73581,60931444736,25.11
283.159,1794484,213284,0,2007768,4116604,73581,60964999168,25.11
283.259,1794484,213348,0,2007832,4116604,73581,60998553600,25.11
283.361,1794484,213412,0,2007896,4116604,73581,61015330816,25.11
283.462,1794484,213412,0,2007896,4116604,73581,61032108032,25.11
283.563,1794484,213412,0,2007896,4116604,73581,61048885248,25.11
283.663,1794484,210756,0,2005240,4116604,73581,61082439680,25.11
283.764,1794484,207700,0,2002184,4116604,73581,61082439680,25.11
283.864,1795420,200308,0,1995728,4116604,73581,61132771328,25.11
283.965,1795964,196540,0,1992504,4116604,73581,61183102976,25.11
284.065,1795964,196540,0,1992504,4116604,73581,61216657408,25.11
284.167,1795964,196604,0,1992568,4116604,73581,61216657408,20.56
284.268,1795964,196668,0,1992632,4116604,73581,61233434624,20.56
284.368,1795964,196668,0,1992632,4116604,73581,61250211840,20.56
284.468,1795964,196668,0,1992632,4116604,73581,61283766272,20.56
284.569,1795968,196668,0,1992636,4116604,73581,61283766272,20.56
284.669,1795968,191184,0,1987152,4116604,73582,61334458368,20.56
284.769,1795968,189976,0,1985944,4116604,73582,61368012800,20.56
284.871,1795968,189976,0,1985944,4116604,73582,61401567232,20.56
284.972,1796140,189976,0,1986116,4116604,73582,61401567232,20.56
285.072,1796140,190040,0,1986180,4116604,73582,61401567232,20.56
285.172,1796140,187572,0,1983712,4116604,73582,61451898880,20.56
285.273,1796144,187572,0,1983716,4116604,73582,61468676096,20.56
285.373,1796760,187572,0,1984332,4116604,73582,61468676096,20.56
285.474,1796760,187548,0,1984308,4116604,73582,61502230528,20.56
285.575,1796764,187612,0,1984376,4116604,73582,61552562176,20.56
285.676,1798420,187272,0,1985692,4116604,73582,61569339392,20.56
285.776,1798424,185892,0,1984316,4116604,73582,61586116608,20.56
285.877,1798428,186020,0,1984448,4116604,73582,61599748096,20.56
285.979,1798428,186020,0,1984448,4116604,73582,61599748096,20.56
286.080,1798428,178324,0,1976752,4116604,73582,61650079744,20.56
286.180,1798436,170780,0,1969216,4116604,73582,61666856960,16.83
286.281,1799640,163584,0,1963224,4116604,73582,61683634176,16.83
286.381,1799640,158744,0,1958384,4116604,73582,61700411392,16.83
286.482,1799640,158744,0,1958384,4116604,73582,61700411392,16.83
286.583,1799644,147536,0,1947180,4116604,73582,61784297472,16.83
286.684,1799644,147584,0,1947228,4116604,73582,61788495872,16.83
286.784,1800140,147584,0,1947724,4116604,73582,61788495872,16.83
286.885,1800140,147648,0,1947788,4116604,73582,61813665792,16.83
286.987,1800140,147664,0,1947804,4116604,73582,61813665792,16.83
287.088,1800140,145380,0,1945520,4116604,73582,61863997440,16.83
287.188,1800144,145380,0,1945524,4116604,73582,61863997440,16.83
287.288,1802060,145380,0,1947440,4116604,73582,61880774656,16.83
287.389,1802060,141848,0,1943908,4116604,73582,61931106304,16.83
287.489,1802060,141848,0,1943908,4116604,73582,61931106304,16.83
287.590,1802060,141848,0,1943908,4116604,73582,61950218240,16.83
287.692,1802064,141848,0,1943912,4116604,73582,61970456576,16.83
287.792,1802068,141848,0,1943916,4116604,73582,61997297664,16.83
287.895,1802068,141864,0,1943932,4116604,73582,62022246400,16.83
287.996,1802956,141856,0,1944812,4116604,73582,62067613696,16.83
288.096,1802956,141856,0,1944812,4116604,73582,62113832960,16.83
288.196,1802956,141456,0,1944412,4116604,73582,62140207104,13.78
288.297,1802960,140864,0,1943824,4116604,73582,62171971584,13.78
288.397,1803320,128064,0,1931384,4116604,73583,62238404608,13.78
288.498,1803320,128064,0,1931384,4116604,73583,62259380224,13.78
288.598,1803324,128128,0,1931452,4116604,73583,62267772928,13.78
288.698,1803324,113316,0,1916640,4116604,73583,62336462848,13.78
288.799,1803324,95788,0,1899112,4116604,73583,62392197120,13.78
288.899,1803332,95308,0,1898640,4116604,73583,62404775936,13.78
289.003,1803332,91384,0,1894716,4116604,73584,62437015552,13.78
289.104,1803340,89388,0,1892728,4116604,73584,62474719232,13.78
289.204,1803472,87648,0,1891120,4116604,73584,62514475008,13.78
289.304,1803472,86848,0,1890320,4116604,73585,62523076608,13.78
289.405,1803480,86960,0,1890440,4116604,73585,62539005952,13.78
289.505,1803480,84648,0,1888128,4116604,73586,62561587200,13.78
289.606,1803484,68456,0,1871940,4116604,73586,62652076032,13.78
289.706,1803484,65424,0,1868908,4116604,73586,62660468736,13.78
289.806,1803484,65424,0,1868908,4116604,73586,62677323776,13.78
289.907,1803484,50324,0,1853808,4116604,73586,62725812224,13.78
290.007,1803484,48108,0,1851592,4116604,73586,62759362560,13.78
290.107,1803484,48264,0,1851748,4116604,73586,62767071232,11.28
290.208,1803484,48380,0,1851864,4116604,73586,62783840256,11.28
290.308,1803484,29904,0,1833388,4116604,73586,62826459136,11.28
290.411,1803488,30200,0,1833688,4116604,73589,62876311552,11.28
290.512,1803488,30464,0,1833952,4116604,73591,62883291136,11.28
290.612,1803488,30700,0,1834188,4116604,73592,62901637120,11.28
290.712,1803488,30820,0,1834308,4116604,73592,62956163072,11.28
290.815,1803488,31228,0,1834716,4116604,73592,62985519104,11.28
290.919,1803488,31292,0,1834780,4116604,73592,63006490624,11.28
291.023,1803488,31484,0,1834972,4116604,73592,63006490624,11.28
291.127,1803488,31668,0,1835156,4116604,73592,63052627968,11.28
291.228,1803500,31796,0,1835296,4116604,73592,63069405184,11.28
291.331,1803504,31964,0,1835468,4116604,73592,63069405184,11.28
291.435,1803556,32156,0,1835712,4116604,73592,63090372608,11.28
291.536,1803556,32476,0,1836032,4116604,73592,63111344128,11.28
291.639,1803556,32732,0,1836288,4116604,73592,63136509952,11.28
291.740,1803556,32796,0,1836352,4116604,73592,63174258688,11.28
291.843,1803556,33252,0,1836808,4116604,73592,63191171072,11.28
291.944,1803556,33564,0,1837120,4116604,73593,63223205888,11.28
292.047,1804124,33648,0,1837772,4116604,73593,63223205888,11.28
292.148,1804128,33896,0,1838024,4116604,73593,63231598592,9.24
292.251,1804128,33888,0,1838016,4116604,73593,63285334016,9.24
292.352,1804696,34076,0,1838772,4116604,73593,63343104000,9.24
292.452,1804696,34444,0,1839140,4116604,73593,63355949056,9.24
292.552,1804696,34700,0,1839396,4116604,73593,63394705408,9.24
292.653,1804696,34956,0,1839652,4116604,73593,63470366720,9.24
292.753,1804756,35228,0,1839984,4116604,73594,63475007488,9.24
292.854,1804756,35416,0,1840172,4116604,73594,63483400192,9.24
292.954,1804756,35672,0,1840428,4116604,73594,63508570112,9.24
293.054,1804756,35992,0,1840748,4116604,73594,63542124544,9.24
293.155,1804756,36028,0,1840784,4116604,73594,63583592448,9.24
293.255,1804756,36220,0,1840976,4116604,73594,63632850944,9.24
293.356,1804756,35424,0,1840180,4116604,73594,63692353536,9.24
293.459,1804756,35312,0,1840068,4116604,73594,63709130752,9.24
293.560,1804756,35376,0,1840132,4116604,73594,63715913728,9.24
293.660,1804760,35432,0,1840192,4116604,73594,63715913728,9.24
293.761,1804764,35336,0,1840100,4116604,73594,63762051072,9.24
293.861,1804764,35532,0,1840296,4116604,73594,63795605504,9.24
293.962,1804776,35452,0,1840228,4116604,73594,63822376960,9.24
294.062,1804776,35236,0,1840012,4116604,73594,63839154176,9.24
294.163,1804784,35360,0,1840144,4116604,73594,63889469440,7.56
294.264,1804784,35472,0,1840256,4116604,73594,63899955200,7.56
294.364,1804784,35664,0,1840448,4116604,73594,63899955200,7.56
294.464,1804784,35792,0,1840576,4116604,73594,63916732416,7.56
294.565,1804784,35920,0,1840704,4116604,73594,63933509632,7.56
294.665,1805412,36228,0,1841640,4116604,73594,63971262464,7.56
294.767,1805412,36260,0,1841672,4116604,73594,64004816896,7.56
294.868,1805412,36372,0,1841784,4116604,73594,64063533056,7.56
294.968,1805412,36560,0,1841972,4116604,73594,64063537152,7.56
295.069,1805416,36672,0,1842088,4116604,73594,64080314368,7.56
295.169,1805420,36912,0,1842332,4116604,73594,64093175808,7.56
295.269,1805420,36976,0,1842396,4116604,73594,64109953024,7.56
295.371,1805424,37104,0,1842528,4116604,73594,64151109632,7.56
295.472,1805424,37296,0,1842720,4116604,73594,64170262528,7.56
295.572,1805512,37400,0,1842912,4116604,73594,64181796864,7.56
295.672,1805512,37400,0,1842912,4116604,73594,64215351296,7.56
295.773,1805512,37656,0,1843168,4116604,73594,64241348608,7.56
295.875,1805516,37720,0,1843236,4116604,73594,64274903040,7.56
295.976,1805516,37784,0,1843300,4116604,73594,64295563264,7.56
296.076,1805520,37912,0,1843432,4116604,73594,64299728896,7.56
296.176,1806540,38104,0,1844644,4116604,73594,64316506112,6.19
296.277,1806540,38328,0,1844868,4116604,73595,64372772864,6.19
296.377,1806540,38288,0,1844828,4116604,73595,64402141184,6.19
296.478,1806540,38108,0,1844648,4116604,73595,64438075392,6.19
296.579,1806540,38428,0,1844968,4116604,73596,64492290048,6.19
296.680,1806540,38668,0,1845208,4116604,73597,64526282752,6.19
296.780,1806544,38716,0,1845260,4116604,73597,64559763456,6.19
296.881,1806544,38844,0,1845388,4116604,73597,64563961856,6.19
296.981,1806548,39160,0,1845708,4116604,73597,64619585536,6.19
297.083,1806548,39288,0,1845836,4116604,73597,64660873216,6.19
297.184,1806548,39296,0,1845844,4116604,73597,64692846592,6.19
297.284,1806548,39808,0,1846356,4116604,73597,64733495296,6.19
297.384,1806548,39936,0,1846484,4116604,73598,64734572544,6.19
297.485,1806548,39992,0,1846540,4116604,73598,64791719936,6.19
297.585,1806548,40132,0,1846680,4116604,73598,64808497152,6.19
297.686,1806580,40424,0,1847004,4116604,73599,64813080576,6.19
297.786,1806968,39944,0,1846912,4116604,73599,64867610624,6.19
297.886,1806968,40196,0,1847164,4116604,73599,64892735488,6.19
297.987,1806968,40376,0,1847344,4116604,73599,64922193920,6.19
298.087,1806968,40512,0,1847480,4116604,73600,64972558336,6.19
298.191,1807212,40704,0,1847916,4116604,73600,64997724160,5.07
298.292,1807212,40960,0,1848172,4116604,73600,65046908928,5.07
298.392,1807212,41184,0,1848396,4116604,73600,65080463360,5.07
298.492,1807212,41424,0,1848636,4116604,73600,65110544384,5.07
298.593,1807212,40804,0,1848016,4116604,73600,65156792320,5.07
298.693,1807212,41144,0,1848356,4116604,73600,65172516864,5.07
298.794,1807216,41356,0,1848572,4116604,73601,65237245952,5.07
298.894,1807216,41464,0,1848680,4116604,73602,65237774336,5.07
298.994,1807216,41784,0,1849000,4116604,73602,65254551552,5.07
299.095,1807668,41916,0,1849584,4116604,73602,65254551552,5.07
299.195,1807668,42172,0,1849840,4116604,73602,65288105984,5.07
299.296,1807876,42376,0,1850252,4116604,73602,65338437632,5.07
299.396,1807876,42568,0,1850444,4116604,73602,65338437632,5.07
299.497,1807876,42824,0,1850700,4116604,73602,65371992064,5.07
299.599,1807880,43144,0,1851024,4116604,73603,65413533696,5.07
299.700,1807880,43272,0,1851152,4116604,73603,65438703616,5.07
299.800,1807880,43720,0,1851600,4116604,73603,65455480832,5.07
299.900,1807880,43912,0,1851792,4116604,73603,65472258048,5.07
300.001,1807884,44152,0,1852036,4116604,73603,65505812480,5.07
300.101,1807884,44344,0,1852228,4116604,73603,65535913984,5.07
300.202,1807884,44728,0,1852612,4116604,73603,65569468416,4.15
300.302,1808328,44852,0,1853180,4116604,73603,65603026944,4.15
300.402,1808332,45044,0,1853376,4116604,73603,65619804160,4.15
300.503,1808332,45204,0,1853536,4116604,73603,65636581376,4.15
300.607,1808332,45348,0,1853680,4116604,73603,65670135808,4.15
300.708,1808332,45628,0,1853960,4116604,73603,65686913024,4.15
300.808,1808332,45884,0,1854216,4116604,73603,65720467456,4.15
300.908,1808332,46076,0,1854408,4116604,73603,65737244672,4.15
301.009,1808336,46156,0,1854492,4116604,73604,65737318400,4.15
301.109,1808336,46512,0,1854848,4116604,73604,65787629568,4.15
301.210,1808336,46736,0,1855072,4116604,73604,65804406784,4.15
301.310,1808336,45704,0,1854040,4116604,73604,65854738432,4.15
301.410,1808364,45504,0,1853868,4116604,73604,65871515648,4.15
301.511,1808364,45568,0,1853932,4116604,73604,65888292864,4.15
301.611,1808364,45984,0,1854348,4116604,73604,65890693120,4.15
301.712,1808364,45388,0,1853752,4116604,73604,65941024768,4.15
301.812,1808364,45580,0,1853944,4116604,73605,65943588864,4.15
301.912,1808364,45768,0,1854132,4116604,73605,65979219968,4.15
302.013,1808364,45340,0,1853704,4116604,73605,66029551616,4.15
302.113,1808364,45660,0,1854024,4116604,73605,66075697152,4.15
302.214,1808364,45788,0,1854152,4116604,73605,66092474368,3.4
302.314,1808464,46044,0,1854508,4116604,73605,66100867072,3.4
302.415,1810692,46428,0,1857120,4116604,73605,66126012416,3.4
302.515,1810692,46556,0,1857248,4116604,73605,66142789632,3.4
302.619,1810692,46812,0,1857504,4116604,73605,66159566848,3.4
302.720,1810692,47068,0,1857760,4116604,73605,66172743680,3.4
302.820,1810692,47132,0,1857824,4116604,73605,66222956544,3.4
302.923,1810692,47364,0,1858056,4116604,73605,66272964608,3.4
303.024,1810692,47576,0,1858268,4116604,73606,66306732032,3.4
303.124,1810692,47768,0,1858460,4116604,73606,66340286464,3.4
303.225,1810692,48088,0,1858780,4116604,73606,66340286464,3.4
303.325,1810692,48408,0,1859100,4116604,73606,66360107008,3.4
303.425,1810692,48904,0,1859596,4116604,73606,66376884224,3.4
303.526,1810692,49096,0,1859788,4116604,73606,66410438656,3.4
303.626,1810696,49272,0,1859968,4116604,73606,66460770304,3.4
303.727,1811352,49480,0,1860832,4116604,73607,66486677504,3.4
303.827,1811352,49928,0,1861280,4116604,73607,66503454720,3.4
303.928,1811352,50184,0,1861536,4116604,73607,66537000960,3.4
304.028,1811352,50392,0,1861744,4116604,73608,66570850304,3.4
304.128,1811352,50712,0,1862064,4116604,73608,66581778432,3.4
304.229,1811396,50968,0,1862364,4116604,73608,66598555648,2.78
304.329,1811396,51352,0,1862748,4116604,73608,66615332864,2.78
304.431,1811400,51448,0,1862848,4116604,73608,66673815552,2.78
304.532,1811400,51576,0,1862976,4116604,73608,66703417344,2.78
304.632,1811400,51724,0,1863124,4116604,73608,66720194560,2.78
304.732,1811400,51848,0,1863248,4116604,73608,66774712320,2.78
304.833,1811400,52128,0,1863528,4116604,73610,66793803776,2.78
304.933,1811404,52348,0,1863752,4116604,73610,66793914368,2.78
305.035,1811404,52716,0,1864120,4116604,73610,66810691584,2.78
305.136,1811404,52780,0,1864184,4116604,73610,66858876928,2.78
305.236,1811412,53036,0,1864448,4116604,73611,66861408256,2.78
305.336,1811412,53292,0,1864704,4116604,73611,66928513024,2.78
305.437,1811412,53484,0,1864896,4116604,73611,66966265856,2.78
305.537,1811412,53668,0,1865080,4116604,73611,66997133312,2.78
305.639,1811412,53732,0,1865144,4116604,73611,67013910528,2.78
305.743,1811412,53780,0,1865192,4116604,73611,67045355520,2.78
305.846,1812368,54164,0,1866532,4116604,73611,67045355520,2.78
305.946,1812368,54356,0,1866724,4116604,73611,67045355520,2.78
306.050,1812368,54804,0,1867172,4116604,73611,67078905856,2.78
306.150,1812368,54728,0,1867096,4116604,73612,67146133504,2.78
306.251,1812368,54920,0,1867288,4116604,73612,67154518016,2.28
306.351,1812368,55112,0,1867480,4116604,73612,67165581312,2.28
306.452,1812368,55304,0,1867672,4116604,73612,67186835456,2.28
306.555,1812368,55688,0,1868056,4116604,73613,67205382144,2.28
306.659,1812372,55816,0,1868188,4116604,73613,67220647936,2.28
306.760,1812372,56120,0,1868492,4116604,73613,67220647936,2.28
306.860,1812372,56180,0,1868552,4116604,73613,67262595072,2.28
306.960,1812372,56308,0,1868680,4116604,73613,67319545856,2.28
307.061,1812428,56756,0,1869184,4116604,73613,67319545856,2.28
307.161,1812428,57076,0,1869504,4116604,73613,67340529664,2.28
307.262,1812428,57332,0,1869760,4116604,73613,67370172416,2.28
307.362,1812428,55924,0,1868352,4116604,73613,67407925248,2.28
307.463,1812428,55640,0,1868068,4116604,73613,67440766976,2.28
307.563,1812428,55960,0,1868388,4116604,73613,67444965376,2.28
307.663,1812428,56264,0,1868692,4116604,73613,67510312960,2.28
307.764,1812428,55744,0,1868172,4116604,73613,67568214016,2.28
307.864,1812428,56128,0,1868556,4116604,73614,67569123328,2.28
307.965,1812428,56464,0,1868892,4116604,73614,67595337728,2.28
308.065,1812428,55520,0,1867948,4116604,73614,67639914496,2.28
308.165,1812428,55712,0,1868140,4116604,73614,67679420416,2.28
308.266,1812428,56096,0,1868524,4116604,73614,67717177344,1.86
308.366,1812428,56224,0,1868652,4116604,73614,67757285376,1.86
308.467,1812428,56416,0,1868844,4116604,73614,67765678080,1.86
308.567,1812428,56608,0,1869036,4116604,73614,67799232512,1.86
308.671,1813320,56420,0,1869740,4116604,73614,67832786944,1.86
308.772,1813320,56676,0,1869996,4116604,73614,67879383040,1.86
308.872,1813320,56932,0,1870252,4116604,73614,67904552960,1.86
308.972,1813320,57188,0,1870508,4116604,73614,67907813376,1.86
309.073,1813320,57252,0,1870572,4116604,73614,67941367808,1.86
309.174,1813320,57252,0,1870572,4116604,73614,67974914048,1.86
309.274,1813320,57568,0,1870888,4116604,73614,68015534080,1.86
309.375,1813320,57788,0,1871108,4116604,73614,68032311296,1.86
309.479,1813320,57792,0,1871112,4116604,73615,68098514944,1.86
309.579,1813320,57920,0,1871240,4116604,73615,68102713344,1.86
309.683,1813320,58112,0,1871432,4116604,73615,68122185728,1.86
309.787,1813320,58304,0,1871624,4116604,73615,68166606848,1.86
309.891,1813320,58496,0,1871816,4116604,73615,68166606848,1.86
309.992,1813320,58644,0,1871964,4116604,73615,68225069056,1.86
310.095,1813352,58708,0,1872060,4116604,73615,68271218688,1.86
310.197,1813352,58836,0,1872188,4116604,73615,68275412992,1.86
310.299,1813352,59220,0,1872572,4116604,73615,68332785664,1.52
310.400,1813352,59476,0,1872828,4116604,73615,68382195712,1.52
310.500,1813352,59540,0,1872892,4116604,73615,68386394112,1.52
310.600,1813352,59188,0,1872540,4116604,73615,68431683584,1.52
310.701,1813352,59508,0,1872860,4116604,73615,68435877888,1.52
310.801,1813352,59756,0,1873108,4116604,73615,68473315328,1.52
310.902,1813352,59884,0,1873236,4116604,73615,68498485248,1.52
311.002,1813352,60012,0,1873364,4116604,73616,68527726592,1.52
311.102,1813356,60332,0,1873688,4116604,73616,68531924992,1.52
311.203,1813356,60588,0,1873944,4116604,73616,68563374080,1.52
311.303,1813356,60716,0,1874072,4116604,73616,68628316160,1.52
311.407,1813356,60844,0,1874200,4116604,73616,68636708864,1.52
311.508,1813356,61164,0,1874520,4116604,73616,68658499584,1.52
311.608,1813356,61292,0,1874648,4116604,73616,68716052480,1.52
311.708,1813356,61376,0,1874732,4116604,73616,68732829696,1.52
311.809,1813356,61632,0,1874988,4116604,73616,68761141248,1.52
311.909,1813356,61824,0,1875180,4116604,73616,68791898112,1.52
312.010,1813356,62048,0,1875404,4116604,73616,68812873728,1.52
312.110,1813356,62236,0,1875592,4116604,73616,68824408064,1.52
312.210,1813356,62364,0,1875720,4116604,73616,68836986880,1.52
312.311,1813356,62680,0,1876036,4116604,73616,68853764096,1.25
312.411,1813356,62992,0,1876348,4116604,73616,68922978304,1.25
312.512,1813356,63032,0,1876388,4116604,73616,68990083072,1.25
312.612,1813356,62916,0,1876272,4116604,73616,69015252992,1.25
312.712,1813356,63028,0,1876384,4116604,73617,69032034304,1.25
312.819,1813356,63220,0,1876576,4116604,73617,69048811520,1.25
312.920,1813356,63348,0,1876704,4116604,73617,69069598720,1.25
313.020,1813356,63588,0,1876944,4116604,73617,69097357312,1.25
313.120,1813356,63716,0,1877072,4116604,73617,69130911744,1.25
313.221,1813356,60172,0,1873528,4116604,73617,69193826304,1.25
313.321,1813356,58628,0,1871984,4116604,73617,69210464256,1.25
313.422,1813356,58820,0,1872176,4116604,73617,69227229184,1.25
313.522,1813356,59140,0,1872496,4116604,73617,69227229184,1.25
313.623,1813356,59332,0,1872688,4116604,73617,69277560832,1.25
313.723,1813356,57496,0,1870852,4116604,73617,69294338048,1.25
313.824,1813356,57560,0,1870916,4116604,73617,69294338048,1.25
313.924,1813360,54700,0,1868060,4116604,73617,69344649216,1.25
314.025,1813360,50652,0,1864012,4116604,73617,69361426432,1.25
314.125,1813360,50600,0,1863960,4116604,73617,69388685312,1.25
314.226,1813360,50776,0,1864136,4116604,73617,69388685312,1.25
314.326,1813364,50684,0,1864048,4116604,73617,69405454336,2.11
314.426,1813364,50688,0,1864052,4116604,73618,69456072704,2.11
314.527,1813364,51008,0,1864372,4116604,73618,69456072704,2.11
314.627,1813364,51136,0,1864500,4116604,73618,69470228480,2.11
314.731,1814980,51328,0,1866308,4116604,73619,69500735488,2.11
314.832,1815004,51456,0,1866460,4116604,73619,69500735488,2.11
314.932,1815004,51712,0,1866716,4116604,73619,69517512704,2.11
315.032,1815004,52032,0,1867036,4116604,73619,69532712960,2.11
315.133,1815004,52160,0,1867164,4116604,73619,69576208384,2.11
315.233,1815004,52288,0,1867292,4116604,73619,69576208384,2.11
315.334,1815004,52480,0,1867484,4116604,73619,69576208384,2.11
315.434,1815004,50488,0,1865492,4116604,73619,69592969216,2.11
315.534,1815156,50628,0,1865784,4116604,73619,69609734144,2.11
315.634,1815156,50620,0,1865776,4116604,73619,69609734144,2.11
315.735,1815156,50812,0,1865968,4116604,73619,69609734144,2.11
315.835,1815156,50812,0,1865968,4116604,73619,69626363904,2.11
315.936,1815156,50876,0,1866032,4116604,73619,69626363904,2.11
316.036,1815156,50876,0,1866032,4116604,73619,69642977280,2.11
316.136,1815156,50876,0,1866032,4116604,73619,69653458944,2.11
316.237,1815156,50876,0,1866032,4116604,73619,69653458944,2.11
316.337,1815156,50940,0,1866096,4116604,73619,69653491712,5.89
316.437,1815156,45132,0,1860288,4116604,73619,69723656192,5.89
316.538,1815156,44588,0,1859744,4116604,73619,69851254784,5.89
316.638,1815156,44588,0,1859744,4116604,73619,69919436800,5.89
316.738,1815156,44588,0,1859744,4116604,73619,69919436800,5.89
316.839,1815156,44588,0,1859744,4116604,73619,69919436800,5.89
316.939,1815156,44588,0,1859744,4116604,73619,69919436800,5.89
317.039,1815156,44588,0,1859744,4116604,73619,69919436800,5.89
317.140,1815156,44588,0,1859744,4116604,73619,69919436800,5.89
317.240,1815156,44588,0,1859744,4116604,73619,69919436800,5.89
317.341,1815156,44588,0,1859744,4116604,73619,69919436800,5.89
317.441,1815156,44588,0,1859744,4116604,73619,69919436800,5.89
317.541,1815156,44588,0,1859744,4116604,73619,69919436800,5.89
317.642,1815156,44588,0,1859744,4116604,73619,69919436800,5.89
317.742,1815156,44588,0,1859744,4116604,73619,69919436800,5.89
317.842,1815156,44588,0,1859744,4116604,73619,69919436800,5.89
317.943,1815156,44588,0,1859744,4116604,73619,69919436800,5.89
318.043,1815156,44588,0,1859744,4116604,73619,69919436800,5.89
318.143,1815156,44588,0,1859744,4116604,73619,69919436800,5.89
318.244,1815156,44588,0,1859744,4116604,73619,69919436800,16.6
318.344,1815156,44588,0,1859744,4116604,73619,69919436800,16.6
318.444,1815156,44588,0,1859744,4116604,73619,69919436800,16.6
318.545,1815156,44588,0,1859744,4116604,73619,69919436800,16.6
318.645,1815156,44588,0,1859744,4116604,73619,69919436800,16.6
318.746,1815156,44588,0,1859744,4116604,73619,69919436800,16.6
318.846,1815156,44588,0,1859744,4116604,73619,69919436800,16.6
318.946,1815156,44588,0,1859744,4116604,73619,69919436800,16.6
319.047,1815156,44588,0,1859744,4116604,73619,69919436800,16.6
319.147,1815156,44588,0,1859744,4116604,73619,69919436800,16.6
319.247,1815156,44588,0,1859744,4116604,73619,69919436800,16.6
319.348,1815156,44588,0,1859744,4116604,73619,69919436800,16.6
319.448,1815156,44256,0,1859412,4116604,73619,69919436800,16.6
319.549,1815156,43172,0,1858328,4116604,73619,69919436800,16.6
319.649,1815156,43172,0,1858328,4116604,73619,69919436800,16.6
319.749,1815156,43124,0,1858280,4116604,73619,69919436800,16.6
319.850,1815156,43124,0,1858280,4116604,73619,69919436800,16.6
319.950,1815156,43124,0,1858280,4116604,73619,69919436800,16.6
320.050,1815156,43124,0,1858280,4116604,73619,69919436800,16.6
320.151,1815156,43124,0,1858280,4116604,73619,69919436800,16.6
320.251,1815156,43124,0,1858280,4116604,73619,69919436800,25.55
320.351,1815156,41184,0,1856340,4116604,73619,69919436800,25.55
320.452,1815156,40788,0,1855944,4116604,73619,69919436800,25.55
320.552,1815156,40788,0,1855944,4116604,73619,69919436800,25.55
320.653,1815156,39536,0,1854692,4116604,73619,69919436800,25.55
320.753,1815156,38568,0,1853724,4116604,73619,69919436800,25.55
320.853,1815156,38568,0,1853724,4116604,73619,69919436800,25.55
320.954,1815156,38568,0,1853724,4116604,73619,69919436800,25.55
321.054,1815156,38568,0,1853724,4116604,73619,69919436800,25.55
321.154,1815156,38568,0,1853724,4116604,73619,69919436800,25.55
321.255,1815156,38536,0,1853692,4116604,73619,69919436800,25.55
321.355,1815156,38536,0,1853692,4116604,73619,69919436800,25.55
321.456,1815156,38536,0,1853692,4116604,73619,69919436800,25.55
321.556,1815156,38536,0,1853692,4116604,73619,69919436800,25.55
321.656,1815156,38536,0,1853692,4116604,73619,69919436800,25.55
321.757,1815156,38536,0,1853692,4116604,73619,69919436800,25.55
321.857,1815156,38536,0,1853692,4116604,73619,69919436800,25.55
321.958,1815156,38536,0,1853692,4116604,73619,69919436800,25.55
322.058,1815156,38536,0,1853692,4116604,73619,69919436800,25.55
322.158,1815156,38536,0,1853692,4116604,73619,69919436800,25.55
322.259,1815156,38536,0,1853692,4116604,73619,69919436800,31.24
322.359,1815156,38536,0,1853692,4116604,73619,69919436800,31.24
322.459,1815156,38536,0,1853692,4116604,73619,69919436800,31.24
322.560,1815156,38536,0,1853692,4116604,73619,69919436800,31.24
322.660,1815156,38536,0,1853692,4116604,73619,69919436800,31.24
322.761,1815156,38536,0,1853692,4116604,73619,69919436800,31.24
322.861,1815156,38536,0,1853692,4116604,73619,69919436800,31.24
322.962,1815156,38536,0,1853692,4116604,73619,69919436800,31.24
323.062,1815156,38480,0,1853636,4116604,73619,69919436800,31.24
323.162,1815156,38480,0,1853636,4116604,73619,69919436800,31.24
323.263,1815156,38480,0,1853636,4116604,73619,69919436800,31.24
323.363,1815156,38480,0,1853636,4116604,73619,69919436800,31.24
323.463,1815156,38480,0,1853636,4116604,73619,69919436800,31.24
323.564,1815156,38480,0,1853636,4116604,73619,69919436800,31.24
323.664,1815156,38480,0,1853636,4116604,73619,69919436800,31.24
323.764,1815156,38480,0,1853636,4116604,73619,69919436800,31.24
323.865,1815156,38464,0,1853620,4116604,73619,69919436800,31.24
323.965,1815156,38464,0,1853620,4116604,73619,69919436800,31.24
324.066,1815156,38464,0,1853620,4116604,73619,69919436800,31.24
324.166,1815156,38464,0,1853620,4116604,73619,69919436800,38.63
324.266,1815156,38464,0,1853620,4116604,73619,69919436800,38.63
324.367,1815156,38464,0,1853620,4116604,73619,69919436800,38.63
324.467,1815156,38464,0,1853620,4116604,73619,69919436800,38.63
324.568,1815156,38464,0,1853620,4116604,73619,69919436800,38.63
324.668,1815156,38464,0,1853620,4116604,73619,69919440896,38.63
324.768,1815156,38464,0,1853620,4116604,73619,70038118400,38.63
324.869,1815156,38464,0,1853620,4116604,73619,70159458304,38.63
324.969,1815156,38464,0,1853620,4116604,73619,70192398336,38.63
325.069,1815156,38464,0,1853620,4116604,73619,70192398336,38.63
325.170,1815156,38464,0,1853620,4116604,73619,70192398336,38.63
325.270,1815156,38464,0,1853620,4116604,73619,70192398336,38.63
325.371,1815156,38464,0,1853620,4116604,73619,70192398336,38.63
325.471,1815156,38464,0,1853620,4116604,73619,70192398336,38.63
325.572,1815156,38464,0,1853620,4116604,73619,70192398336,38.63
325.672,1815156,38464,0,1853620,4116604,73619,70192398336,38.63
325.772,1815156,38464,0,1853620,4116604,73619,70192398336,38.63
325.873,1815156,38464,0,1853620,4116604,73619,70192398336,38.63
325.973,1815156,38464,0,1853620,4116604,73619,70192398336,38.63
326.074,1815156,38464,0,1853620,4116604,73619,70192398336,38.63
326.174,1815156,38464,0,1853620,4116604,73619,70192398336,42.32
326.274,1815156,38464,0,1853620,4116604,73619,70192398336,42.32
326.375,1815156,38464,0,1853620,4116604,73619,70192398336,42.32
326.475,1815156,38440,0,1853596,4116604,73619,70192398336,42.32
326.576,1815156,38440,0,1853596,4116604,73619,70192398336,42.32
326.676,1815156,38440,0,1853596,4116604,73619,70192398336,42.32
326.776,1815156,38440,0,1853596,4116604,73619,70192398336,42.32
326.877,1815156,38276,0,1853432,4116604,73619,70192398336,42.32
326.977,1815156,38276,0,1853432,4116604,73619,70192398336,42.32
327.078,1815156,38276,0,1853432,4116604,73619,70192398336,42.32
327.178,1815156,38276,0,1853432,4116604,73619,70192398336,42.32
327.278,1815156,38276,0,1853432,4116604,73619,70192398336,42.32
327.379,1815156,38276,0,1853432,4116604,73619,70192398336,42.32
327.479,1815156,38276,0,1853432,4116604,73619,70192398336,42.32
327.580,1815156,38276,0,1853432,4116604,73619,70192398336,42.32
327.680,1815156,38276,0,1853432,4116604,73619,70192398336,42.32
327.780,1815156,38276,0,1853432,4116604,73619,70192398336,42.32
327.881,1815156,38276,0,1853432,4116604,73619,70192398336,42.32
327.981,1815156,38276,0,1853432,4116604,73619,70192398336,42.32
328.082,1815156,38276,0,1853432,4116604,73619,70192398336,42.32
328.182,1815156,38276,0,1853432,4116604,73619,70192398336,45.7
328.282,1815156,38276,0,1853432,4116604,73619,70192398336,45.7
328.383,1815156,38276,0,1853432,4116604,73619,70192398336,45.7
328.483,1815156,38276,0,1853432,4116604,73619,70192398336,45.7
328.584,1815156,38276,0,1853432,4116604,73619,70192398336,45.7
328.684,1815156,38276,0,1853432,4116604,73619,70192398336,45.7
328.785,1815156,38276,0,1853432,4116604,73619,70192398336,45.7
328.885,1815156,38276,0,1853432,4116604,73619,70192398336,45.7
328.985,1815156,38260,0,1853416,4116604,73619,70192398336,45.7
329.086,1815156,38260,0,1853416,4116604,73619,70192398336,45.7
329.186,1815156,38260,0,1853416,4116604,73619,70192398336,45.7
329.287,1815156,38260,0,1853416,4116604,73619,70192398336,45.7
329.387,1815156,38260,0,1853416,4116604,73619,70192398336,45.7
329.488,1815156,38260,0,1853416,4116604,73619,70192398336,45.7
329.588,1815156,38260,0,1853416,4116604,73619,70192398336,45.7
329.688,1815156,38260,0,1853416,4116604,73619,70192398336,45.7
329.789,1815156,38260,0,1853416,4116604,73619,70192398336,45.7
329.889,1815156,38260,0,1853416,4116604,73619,70192398336,45.7
329.990,1815156,38260,0,1853416,4116604,73619,70192398336,45.7
330.090,1815156,38260,0,1853416,4116604,73619,70192398336,45.7
330.190,1815156,38260,0,1853416,4116604,73619,70192398336,49.74
330.291,1815156,38260,0,1853416,4116604,73619,70192398336,49.74
330.391,1815156,38260,0,1853416,4116604,73619,70192398336,49.74
330.492,1815156,38260,0,1853416,4116604,73619,70192398336,49.74
330.593,1815156,38260,0,1853416,4116604,73619,70192398336,49.74
330.693,1815156,38260,0,1853416,4116604,73619,70192398336,49.74
330.793,1815156,38260,0,1853416,4116604,73619,70192398336,49.74
330.894,1815156,38260,0,1853416,4116604,73619,70192398336,49.74
330.995,1815156,38260,0,1853416,4116604,73619,70192398336,49.74
331.095,1815156,38260,0,1853416,4116604,73619,70192398336,49.74
331.196,1815156,38260,0,1853416,4116604,73619,70192398336,49.74
331.296,1815156,38260,0,1853416,4116604,73619,70192398336,49.74
331.397,1815156,38260,0,1853416,4116604,73619,70192398336,49.74
331.497,1815156,38260,0,1853416,4116604,73619,70192398336,49.74
331.598,1815156,38260,0,1853416,4116604,73619,70192398336,49.74
331.699,1815156,38260,0,1853416,4116604,73619,70192398336,49.74
331.799,1815156,38260,0,1853416,4116604,73619,70192398336,49.74
331.900,1815156,38260,0,1853416,4116604,73619,70192398336,49.74
332.000,1815156,38260,0,1853416,4116604,73619,70192398336,49.74
332.100,1815156,38260,0,1853416,4116604,73619,70192398336,49.74
332.201,1815156,38260,0,1853416,4116604,73619,70192398336,51.6
332.301,1815156,38260,0,1853416,4116604,73619,70192398336,51.6
332.402,1815156,38260,0,1853416,4116604,73619,70192398336,51.6
332.502,1815156,38260,0,1853416,4116604,73619,70192398336,51.6
332.603,1815156,38260,0,1853416,4116604,73619,70192398336,51.6
332.703,1815156,38260,0,1853416,4116604,73619,70192398336,51.6
332.804,1815156,38260,0,1853416,4116604,73619,70192398336,51.6
332.905,1815156,38260,0,1853416,4116604,73619,70192398336,51.6
333.006,1815156,38260,0,1853416,4116604,73619,70192398336,51.6
333.106,1815156,38260,0,1853416,4116604,73619,70192398336,51.6
333.207,1815156,38260,0,1853416,4116604,73619,70279823360,51.6
333.307,1815156,38260,0,1853416,4116604,73619,70403051520,51.6
333.408,1815156,38260,0,1853416,4116604,73619,70425419776,51.6
333.508,1815156,38260,0,1853416,4116604,73619,70425419776,51.6
333.609,1815156,38260,0,1853416,4116604,73619,70425419776,51.6
333.709,1815156,38260,0,1853416,4116604,73619,70425419776,51.6
333.810,1815156,38260,0,1853416,4116604,73619,70425419776,51.6
333.910,1815156,38260,0,1853416,4116604,73619,70425419776,51.6
334.011,1815156,38260,0,1853416,4116604,73619,70425419776,51.6
334.111,1815156,38260,0,1853416,4116604,73619,70425419776,51.6
334.211,1815156,38260,0,1853416,4116604,73619,70425419776,54.02
334.312,1815156,38260,0,1853416,4116604,73619,70425419776,54.02
334.412,1815156,38260,0,1853416,4116604,73619,70425419776,54.02
334.513,1815156,38260,0,1853416,4116604,73619,70425419776,54.02
334.613,1815156,38260,0,1853416,4116604,73619,70425419776,54.02
334.714,1815156,38260,0,1853416,4116604,73619,70425419776,54.02
334.814,1815156,38260,0,1853416,4116604,73619,70425419776,54.02
334.915,1815156,38260,0,1853416,4116604,73619,70425419776,54.02
335.015,1815156,38260,0,1853416,4116604,73619,70425419776,54.02
335.116,1815156,38260,0,1853416,4116604,73619,70425419776,54.02
335.216,1815156,38260,0,1853416,4116604,73619,70425419776,54.02
335.317,1815156,38196,0,1853352,4116604,73619,70425419776,54.02
335.417,1815156,38196,0,1853352,4116604,73619,70425419776,54.02
335.518,1815156,38196,0,1853352,4116604,73619,70425419776,54.02
335.618,1815156,38196,0,1853352,4116604,73619,70425419776,54.02
335.718,1815156,38196,0,1853352,4116604,73619,70425419776,54.02
335.819,1815156,38196,0,1853352,4116604,73619,70425419776,54.02
335.919,1815156,38196,0,1853352,4116604,73619,70425419776,54.02
336.020,1815156,38196,0,1853352,4116604,73619,70425419776,54.02
336.120,1815156,38196,0,1853352,4116604,73619,70425419776,54.02
336.221,1815156,38196,0,1853352,4116604,73619,70425419776,53.11
336.321,1815156,38196,0,1853352,4116604,73619,70425419776,53.11
336.421,1815156,38196,0,1853352,4116604,73619,70425419776,53.11
336.522,1815156,38196,0,1853352,4116604,73619,70425419776,53.11
336.622,1815156,38196,0,1853352,4116604,73619,70425419776,53.11
336.723,1815156,38172,0,1853328,4116604,73619,70425419776,53.11
336.824,1815156,38172,0,1853328,4116604,73619,70425419776,53.11
336.924,1815156,38172,0,1853328,4116604,73619,70425419776,53.11
337.025,1815156,38172,0,1853328,4116604,73619,70425419776,53.11
337.125,1815156,38084,0,1853240,4116604,73619,70425419776,53.11
337.226,1815156,38084,0,1853240,4116604,73619,70425419776,53.11
337.327,1815156,38084,0,1853240,4116604,73619,70425419776,53.11
337.427,1815156,38084,0,1853240,4116604,73619,70425419776,53.11
337.528,1815156,38084,0,1853240,4116604,73619,70425419776,53.11
337.629,1815156,38084,0,1853240,4116604,73619,70425419776,53.11
337.729,1815156,38084,0,1853240,4116604,73619,70425419776,53.11
337.830,1815156,38084,0,1853240,4116604,73619,70425419776,53.11
337.931,1815156,38084,0,1853240,4116604,73619,70425419776,53.11
338.031,1815156,38084,0,1853240,4116604,73619,70425419776,53.11
338.132,1815156,38084,0,1853240,4116604,73619,70425419776,53.11
338.232,1815156,38084,0,1853240,4116604,73619,70425419776,53.11
338.333,1815156,38084,0,1853240,4116604,73619,70425419776,55.81
338.433,1815156,38084,0,1853240,4116604,73619,70425419776,55.81
338.534,1815156,38084,0,1853240,4116604,73619,70425419776,55.81
338.634,1815156,38084,0,1853240,4116604,73619,70425419776,55.81
338.734,1815156,38084,0,1853240,4116604,73619,70425419776,55.81
338.835,1815156,38084,0,1853240,4116604,73619,70425419776,55.81
338.935,1815156,38084,0,1853240,4116604,73619,70425419776,55.81
339.036,1815156,38084,0,1853240,4116604,73619,70425419776,55.81
339.136,1815156,38084,0,1853240,4116604,73619,70425419776,55.81
339.237,1815156,38084,0,1853240,4116604,73619,70425419776,55.81
339.337,1815156,38084,0,1853240,4116604,73619,70425419776,55.81
339.438,1815156,38084,0,1853240,4116604,73619,70425419776,55.81
339.538,1815156,38084,0,1853240,4116604,73619,70425419776,55.81
339.639,1815156,38084,0,1853240,4116604,73619,70425419776,55.81
339.739,1815156,38084,0,1853240,4116604,73619,70425419776,55.81
339.840,1815156,38084,0,1853240,4116604,73619,70425419776,55.81
339.940,1815156,38084,0,1853240,4116604,73619,70425419776,55.81
340.040,1815156,38084,0,1853240,4116604,73619,70425419776,55.81
340.141,1815156,38084,0,1853240,4116604,73619,70425419776,55.81
340.241,1815156,38084,0,1853240,4116604,73619,70425419776,55.81
340.342,1815156,38084,0,1853240,4116604,73619,70425419776,57.65
340.442,1815156,38084,0,1853240,4116604,73619,70425419776,57.65
340.542,1815156,38084,0,1853240,4116604,73619,70425419776,57.65
340.643,1815156,38084,0,1853240,4116604,73619,70425419776,57.65
340.743,1815156,38084,0,1853240,4116604,73619,70425419776,57.65
340.844,1815156,38084,0,1853240,4116604,73619,70425419776,57.65
340.944,1815156,38084,0,1853240,4116604,73619,70425419776,57.65
341.045,1815156,38084,0,1853240,4116604,73619,70425419776,57.65
341.145,1815156,38084,0,1853240,4116604,73619,70425419776,57.65
341.246,1815156,38084,0,1853240,4116604,73619,70425419776,57.65
341.346,1815156,38084,0,1853240,4116604,73619,70425419776,57.65
341.447,1815156,38084,0,1853240,4116604,73619,70425419776,57.65
341.547,1815156,38084,0,1853240,4116604,73619,70519529472,57.65
341.648,1815156,38084,0,1853240,4116604,73619,70620942336,57.65
341.748,1815156,38084,0,1853240,4116604,73619,70620942336,57.65
341.849,1815156,38084,0,1853240,4116604,73619,70620942336,57.65
341.949,1815156,38084,0,1853240,4116604,73619,70620942336,57.65
342.050,1815156,38084,0,1853240,4116604,73619,70620942336,57.65
342.150,1815156,38084,0,1853240,4116604,73619,70620942336,57.65
342.251,1815156,38084,0,1853240,4116604,73619,70620942336,57.65
342.351,1815156,38084,0,1853240,4116604,73619,70620942336,59.17
342.452,1815156,38084,0,1853240,4116604,73619,70620942336,59.17
342.552,1815156,38084,0,1853240,4116604,73619,70620942336,59.17
342.653,1815156,38084,0,1853240,4116604,73619,70620942336,59.17
342.753,1815156,38084,0,1853240,4116604,73619,70620942336,59.17
342.854,1815156,38084,0,1853240,4116604,73619,70620942336,59.17
342.954,1815156,38084,0,1853240,4116604,73619,70620942336,59.17
343.054,1815156,38084,0,1853240,4116604,73619,70620942336,59.17
343.155,1815156,38084,0,1853240,4116604,73619,70620942336,59.17
343.255,1815156,38084,0,1853240,4116604,73619,70620942336,59.17
343.356,1815156,38084,0,1853240,4116604,73619,70620942336,59.17
343.456,1815156,38084,0,1853240,4116604,73619,70620942336,59.17
343.557,1815156,38084,0,1853240,4116604,73619,70620942336,59.17
343.657,1815156,38084,0,1853240,4116604,73619,70620942336,59.17
343.758,1815156,38084,0,1853240,4116604,73619,70620942336,59.17
343.858,1815156,38084,0,1853240,4116604,73619,70620942336,59.17
343.959,1815156,38084,0,1853240,4116604,73619,70620942336,59.17
344.059,1815156,38084,0,1853240,4116604,73619,70620942336,59.17
344.160,1815156,38084,0,1853240,4116604,73619,70620942336,59.17
344.260,1815156,38084,0,1853240,4116604,73619,70620942336,59.17
344.361,1815156,38084,0,1853240,4116604,73619,70620942336,57.69
344.461,1815156,38084,0,1853240,4116604,73619,70620942336,57.69
344.562,1815156,38084,0,1853240,4116604,73619,70620942336,57.69
344.662,1815156,38084,0,1853240,4116604,73619,70620942336,57.69
344.763,1815156,38084,0,1853240,4116604,73619,70620942336,57.69
344.863,1815156,38084,0,1853240,4116604,73619,70620942336,57.69
344.963,1815156,38084,0,1853240,4116604,73619,70620942336,57.69
345.064,1815156,38040,0,1853196,4116604,73619,70620942336,57.69
345.164,1815156,38040,0,1853196,4116604,73619,70620942336,57.69
345.265,1815156,38040,0,1853196,4116604,73619,70620942336,57.69
345.365,1815156,38040,0,1853196,4116604,73619,70620942336,57.69
345.465,1815156,38040,0,1853196,4116604,73619,70620942336,57.69
345.566,1815156,38040,0,1853196,4116604,73619,70620942336,57.69
345.667,1815156,38000,0,1853156,4116604,73619,70620942336,57.69
345.767,1815156,38000,0,1853156,4116604,73619,70620942336,57.69
345.868,1815156,38000,0,1853156,4116604,73619,70620942336,57.69
345.968,1815156,38000,0,1853156,4116604,73619,70620942336,57.69
346.069,1815156,38000,0,1853156,4116604,73619,70620942336,57.69
346.169,1815156,38000,0,1853156,4116604,73619,70620942336,57.69
346.270,1815156,38000,0,1853156,4116604,73619,70620942336,57.69
346.370,1815156,38000,0,1853156,4116604,73619,70620942336,57.74
346.471,1815156,38000,0,1853156,4116604,73619,70620942336,57.74
346.572,1815156,38000,0,1853156,4116604,73619,70620942336,57.74
346.672,1815156,38000,0,1853156,4116604,73619,70620942336,57.74
346.772,1815156,38000,0,1853156,4116604,73619,70620942336,57.74
346.873,1815156,38000,0,1853156,4116604,73619,70620942336,57.74
346.973,1815156,38000,0,1853156,4116604,73619,70620942336,57.74
347.073,1815156,38000,0,1853156,4116604,73619,70620942336,57.74
347.174,1815156,38000,0,1853156,4116604,73619,70620942336,57.74
347.274,1815156,38000,0,1853156,4116604,73619,70620942336,57.74
347.374,1815156,38000,0,1853156,4116604,73619,70620942336,57.74
347.475,1815156,38000,0,1853156,4116604,73619,70620942336,57.74
347.575,1815156,38000,0,1853156,4116604,73619,70620942336,57.74
347.676,1815156,38000,0,1853156,4116604,73619,70620942336,57.74
347.776,1815156,38000,0,1853156,4116604,73619,70620942336,57.74
347.876,1815156,38000,0,1853156,4116604,73619,70620942336,57.74
347.977,1815156,38000,0,1853156,4116604,73619,70620942336,57.74
348.077,1815156,38000,0,1853156,4116604,73619,70620942336,57.74
348.177,1815156,38000,0,1853156,4116604,73619,70620942336,57.74
348.278,1815156,38000,0,1853156,4116604,73619,70620942336,57.74
348.378,1815156,38000,0,1853156,4116604,73619,70620942336,60.14
348.478,1815156,38000,0,1853156,4116604,73619,70620942336,60.14
348.579,1815156,38000,0,1853156,4116604,73619,70620942336,60.14
348.679,1815156,38000,0,1853156,4116604,73619,70620942336,60.14
348.779,1815156,38000,0,1853156,4116604,73619,70620942336,60.14
348.880,1815156,38000,0,1853156,4116604,73619,70620942336,60.14
348.980,1815156,38000,0,1853156,4116604,73619,70620942336,60.14
349.081,1815156,38000,0,1853156,4116604,73619,70620942336,60.14
349.181,1815156,38000,0,1853156,4116604,73619,70620942336,60.14
349.281,1815156,38000,0,1853156,4116604,73619,70620942336,60.14
349.382,1815156,37984,0,1853140,4116604,73619,70620942336,60.14
349.482,1815156,37972,0,1853128,4116604,73619,70620942336,60.14
349.582,1815156,37972,0,1853128,4116604,73619,70620942336,60.14
349.683,1815156,37972,0,1853128,4116604,73619,70620942336,60.14
349.783,1815156,37972,0,1853128,4116604,73619,70620942336,60.14
349.883,1815156,37972,0,1853128,4116604,73619,70620942336,60.14
349.984,1815156,37972,0,1853128,4116604,73619,70620942336,60.14
350.084,1815156,37972,0,1853128,4116604,73619,70620942336,60.14
350.184,1815156,37972,0,1853128,4116604,73619,70620942336,60.14
350.285,1815156,37972,0,1853128,4116604,73619,70623182848,58.67
350.385,1815156,37972,0,1853128,4116604,73619,70698041344,58.67
350.486,1815156,37972,0,1853128,4116604,73619,70698041344,58.67
350.586,1815156,37972,0,1853128,4116604,73619,70698041344,58.67
350.686,1815156,37972,0,1853128,4116604,73619,70698041344,58.67
350.787,1815156,37972,0,1853128,4116604,73619,70698041344,58.67
350.887,1815156,37972,0,1853128,4116604,73619,70698041344,58.67
350.988,1815156,37972,0,1853128,4116604,73619,70698041344,58.67
351.088,1815156,37972,0,1853128,4116604,73619,70698041344,58.67
351.188,1815156,37972,0,1853128,4116604,73619,70698041344,58.67
351.289,1815156,37972,0,1853128,4116604,73619,70698041344,58.67
351.389,1815156,37972,0,1853128,4116604,73619,70698041344,58.67
351.489,1815156,37972,0,1853128,4116604,73619,70698041344,58.67
351.590,1815156,37972,0,1853128,4116604,73619,70698041344,58.67
351.690,1815156,37972,0,1853128,4116604,73619,70698041344,58.67
351.790,1815156,37972,0,1853128,4116604,73619,70698041344,58.67
351.891,1815156,37972,0,1853128,4116604,73619,70698041344,58.67
351.991,1815156,37972,0,1853128,4116604,73619,70698041344,58.67
352.092,1815156,37972,0,1853128,4116604,73619,70698041344,58.67
352.192,1815156,37972,0,1853128,4116604,73619,70698041344,58.67
352.292,1815156,37972,0,1853128,4116604,73619,70698041344,60.54
352.393,1815156,37972,0,1853128,4116604,73619,70698045440,60.54
352.493,1815156,37972,0,1853128,4116604,73619,70698045440,60.54
352.593,1815156,37972,0,1853128,4116604,73619,70698045440,60.54
352.694,1815156,37972,0,1853128,4116604,73619,70698045440,60.54
352.794,1815156,37972,0,1853128,4116604,73619,70698045440,60.54
352.894,1815156,37972,0,1853128,4116604,73619,70698045440,60.54
352.995,1815156,37972,0,1853128,4116604,73619,70698045440,60.54
353.095,1815156,37972,0,1853128,4116604,73619,70698045440,60.54
353.196,1815156,37972,0,1853128,4116604,73619,70698045440,60.54
353.296,1815156,37972,0,1853128,4116604,73619,70698045440,60.54
353.396,1815156,37972,0,1853128,4116604,73619,70698045440,60.54
353.497,1815156,37972,0,1853128,4116604,73619,70698045440,60.54
353.597,1815156,37972,0,1853128,4116604,73619,70698045440,60.54
353.698,1815156,37972,0,1853128,4116604,73619,70698045440,60.54
353.798,1815156,37972,0,1853128,4116604,73619,70698045440,60.54
353.898,1815156,37972,0,1853128,4116604,73619,70698045440,60.54
353.999,1815156,37972,0,1853128,4116604,73619,70698045440,60.54
354.099,1815156,37972,0,1853128,4116604,73619,70698045440,60.54
354.199,1815156,37972,0,1853128,4116604,73619,70698045440,60.54
354.300,1815156,37972,0,1853128,4116604,73619,70698045440,58.08
354.400,1815156,37972,0,1853128,4116604,73619,70698045440,58.08
354.501,1815156,37972,0,1853128,4116604,73619,70698045440,58.08
354.601,1815156,37972,0,1853128,4116604,73619,70698045440,58.08
354.701,1815156,37972,0,1853128,4116604,73619,70698045440,58.08
354.802,1815156,37972,0,1853128,4116604,73619,70698045440,58.08
354.902,1815156,37972,0,1853128,4116604,73619,70698045440,58.08
355.002,1815156,37972,0,1853128,4116604,73619,70698045440,58.08
355.103,1815156,37972,0,1853128,4116604,73619,70698045440,58.08
355.203,1815156,37972,0,1853128,4116604,73619,70698045440,58.08
355.303,1815156,37972,0,1853128,4116604,73619,70698045440,58.08
355.404,1815156,37972,0,1853128,4116604,73619,70698045440,58.08
355.504,1815156,37972,0,1853128,4116604,73619,70698045440,58.08
355.604,1815156,37972,0,1853128,4116604,73619,70698045440,58.08
355.705,1815156,37972,0,1853128,4116604,73619,70698045440,58.08
355.805,1815156,37972,0,1853128,4116604,73619,70698045440,58.08
355.906,1815156,37972,0,1853128,4116604,73619,70698045440,58.08
356.006,1815156,37972,0,1853128,4116604,73619,70698045440,58.08
356.106,1815156,37972,0,1853128,4116604,73619,70698045440,58.08
356.207,1815156,37972,0,1853128,4116604,73619,70698045440,58.08
356.307,1815156,37972,0,1853128,4116604,73619,70698045440,56.98
356.408,1815156,37972,0,1853128,4116604,73619,70698045440,56.98
356.508,1815156,37972,0,1853128,4116604,73619,70698045440,56.98
356.608,1815156,37972,0,1853128,4116604,73619,70698045440,56.98
356.709,1815156,37972,0,1853128,4116604,73619,70698045440,56.98
356.809,1815156,37972,0,1853128,4116604,73619,70698045440,56.98
356.909,1815156,37972,0,1853128,4116604,73619,70698045440,56.98
357.010,1815156,37972,0,1853128,4116604,73619,70698045440,56.98
357.110,1815156,37972,0,1853128,4116604,73619,70698045440,56.98
357.211,1815156,37972,0,1853128,4116604,73619,70698045440,56.98
357.311,1815156,37972,0,1853128,4116604,73619,70698045440,56.98
357.412,1815156,37972,0,1853128,4116604,73619,70698045440,56.98
357.512,1815156,37972,0,1853128,4116604,73619,70698045440,56.98
357.612,1815156,37968,0,1853124,4116604,73619,70698045440,56.98
357.713,1815156,37968,0,1853124,4116604,73619,70698045440,56.98
357.813,1815156,37968,0,1853124,4116604,73619,70698045440,56.98
357.913,1815156,37964,0,1853120,4116604,73619,70698045440,56.98
358.014,1815156,37964,0,1853120,4116604,73619,70698045440,56.98
358.114,1815156,37964,0,1853120,4116604,73619,70698045440,56.98
358.215,1815156,37964,0,1853120,4116604,73619,70698045440,56.98
358.315,1815156,37964,0,1853120,4116604,73619,70698045440,54.81
358.415,1815156,37964,0,1853120,4116604,73619,70698045440,54.81
358.516,1815156,37964,0,1853120,4116604,73619,70698045440,54.81
358.616,1815156,37964,0,1853120,4116604,73619,70698045440,54.81
358.716,1815156,37464,0,1852620,4116604,73619,70698045440,54.81
358.817,1815156,35716,0,1850872,4116604,73619,70698045440,54.81
358.917,1815156,35716,0,1850872,4116604,73619,70698045440,54.81
359.017,1815156,35380,0,1850536,4116604,73619,70698045440,54.81
359.118,1815156,35380,0,1850536,4116604,73619,70698045440,54.81
359.218,1815156,35380,0,1850536,4116604,73619,70698045440,54.81
359.319,1815156,35380,0,1850536,4116604,73619,70698045440,54.81
359.419,1815156,35380,0,1850536,4116604,73619,70698045440,54.81
359.519,1815156,35380,0,1850536,4116604,73619,70698045440,54.81
359.620,1815156,35380,0,1850536,4116604,73619,70698045440,54.81
359.720,1815156,35380,0,1850536,4116604,73619,70698045440,54.81
359.820,1815156,35380,0,1850536,4116604,73619,70698045440,54.81
359.921,1815156,35380,0,1850536,4116604,73619,70698045440,54.81
360.021,1815156,35380,0,1850536,4116604,73619,70698045440,54.81
360.122,1815156,35380,0,1850536,4116604,73619,70698045440,54.81
360.222,1815156,35380,0,1850536,4116604,73619,70698045440,54.81
360.322,1815156,35380,0,1850536,4116604,73619,70698045440,57.92
360.423,1815156,33504,0,1848660,4116604,73619,70698045440,57.92
360.523,1815156,31832,0,1846988,4116604,73619,70706425856,57.92
360.624,1815156,31832,0,1846988,4116604,73619,70706425856,57.92
360.724,1815156,31832,0,1846988,4116604,73619,70706425856,57.92
360.824,1815156,30728,0,1845884,4116604,73619,70706425856,57.92
360.925,1815156,30052,0,1845208,4116604,73619,70706425856,57.92
361.025,1815156,28644,0,1843800,4116604,73619,70713233408,57.92
361.125,1815156,28644,0,1843800,4116604,73619,70713233408,57.92
361.226,1815156,28548,0,1843704,4116604,73619,70713233408,57.92
361.326,1815156,28548,0,1843704,4116604,73619,70713233408,57.92
361.427,1815156,28548,0,1843704,4116604,73619,70713233408,57.92
361.527,1815156,28548,0,1843704,4116604,73619,70721601536,57.92
361.627,1815156,28548,0,1843704,4116604,73619,70721601536,57.92
361.728,1815156,28548,0,1843704,4116604,73619,70721601536,57.92
361.828,1815156,28548,0,1843704,4116604,73619,70721601536,57.92
361.929,1815156,28548,0,1843704,4116604,73619,70721601536,57.92
362.029,1815156,28532,0,1843688,4116604,73619,70721601536,57.92
362.129,1815156,28532,0,1843688,4116604,73619,70721601536,57.92
362.230,1815156,28532,0,1843688,4116604,73619,70721601536,57.92
362.330,1815156,28532,0,1843688,4116604,73619,70721601536,57.21
362.431,1815156,28532,0,1843688,4116604,73619,70725791744,57.21
362.531,1815156,28404,0,1843560,4116604,73619,70729981952,57.21
362.631,1815156,28404,0,1843560,4116604,73619,70729981952,57.21
362.732,1815156,28404,0,1843560,4116604,73619,70729981952,57.21
362.832,1815156,28404,0,1843560,4116604,73619,70729981952,57.21
362.933,1815156,28404,0,1843560,4116604,73619,70729981952,57.21
363.033,1815156,28404,0,1843560,4116604,73619,70729981952,57.21
363.134,1815156,28404,0,1843560,4116604,73619,70729981952,57.21
363.234,1815156,28348,0,1843504,4116604,73619,70729981952,57.21
363.334,1815156,28348,0,1843504,4116604,73619,70729981952,57.21
363.435,1815156,28244,0,1843400,4116604,73619,70737321984,57.21
363.535,1815156,28244,0,1843400,4116604,73619,70737321984,57.21
363.636,1815156,28244,0,1843400,4116604,73619,70737321984,57.21
363.736,1815156,28244,0,1843400,4116604,73619,70737321984,57.21
363.836,1815156,28244,0,1843400,4116604,73619,70737321984,57.21
363.937,1815156,28244,0,1843400,4116604,73619,70737321984,57.21
364.037,1815156,28244,0,1843400,4116604,73619,70737321984,57.21
364.138,1815156,28244,0,1843400,4116604,73619,70737321984,57.21
364.238,1815156,28244,0,1843400,4116604,73619,70737321984,57.21
364.338,1815156,28240,0,1843396,4116604,73619,70737321984,57.72
364.439,1815156,28240,0,1843396,4116604,73619,70745710592,57.72
364.540,1815156,28240,0,1843396,4116604,73619,70745710592,57.72
364.640,1815156,28240,0,1843396,4116604,73619,70753443840,57.72
364.740,1815156,28240,0,1843396,4116604,73619,70753443840,57.72
364.841,1815156,28240,0,1843396,4116604,73619,70753443840,57.72
364.941,1815156,28240,0,1843396,4116604,73619,70753443840,57.72
365.042,1815156,28240,0,1843396,4116604,73619,70759669760,57.72
365.142,1815156,28240,0,1843396,4116604,73619,70759669760,57.72
365.243,1815156,28240,0,1843396,4116604,73619,70768041984,57.72
365.343,1815156,28240,0,1843396,4116604,73619,70768041984,57.72
365.443,1815156,28240,0,1843396,4116604,73619,70768041984,57.72
365.544,1815156,28240,0,1843396,4116604,73619,70774726656,57.72
365.644,1815156,28240,0,1843396,4116604,73619,70774726656,57.72
365.744,1815156,28240,0,1843396,4116604,73619,70774726656,57.72
365.845,1815156,28240,0,1843396,4116604,73619,70774726656,57.72
365.945,1815156,28240,0,1843396,4116604,73619,70774726656,57.72
366.046,1815156,28240,0,1843396,4116604,73619,70774726656,57.72
366.146,1815156,28240,0,1843396,4116604,73619,70781509632,57.72
366.247,1815156,28240,0,1843396,4116604,73619,70781509632,57.72
366.347,1815156,28112,0,1843268,4116604,73619,70781509632,57.58
366.448,1815156,28112,0,1843268,4116604,73619,70781509632,57.58
366.548,1815156,27980,0,1843136,4116604,73619,70789832704,57.58
366.649,1815156,27980,0,1843136,4116604,73619,70789832704,57.58
366.749,1815156,27980,0,1843136,4116604,73619,70789832704,57.58
366.850,1815156,27980,0,1843136,4116604,73619,70789832704,57.58
366.950,1815156,27980,0,1843136,4116604,73619,70789832704,57.58
367.050,1815156,27972,0,1843128,4116604,73619,70789832704,57.58
367.151,1815156,27968,0,1843124,4116604,73619,70796648448,57.58
367.251,1815156,27968,0,1843124,4116604,73619,70796648448,57.58
367.352,1815156,27968,0,1843124,4116604,73619,70796648448,57.58
367.452,1815156,27968,0,1843124,4116604,73619,70796648448,57.58
367.553,1815156,27904,0,1843060,4116604,73619,70802546688,57.58
367.653,1815156,27904,0,1843060,4116604,73619,70802546688,57.58
367.754,1815156,27652,0,1842808,4116604,73619,70802546688,57.58
367.855,1815156,27652,0,1842808,4116604,73619,70802546688,57.58
367.955,1815156,27652,0,1842808,4116604,73619,70802546688,57.58
368.056,1815156,27652,0,1842808,4116604,73619,70818668544,57.58
368.156,1815156,27644,0,1842800,4116604,73619,70818668544,57.58
368.256,1815156,27644,0,1842800,4116604,73619,70818668544,57.58
368.357,1815156,27644,0,1842800,4116604,73619,70818668544,58.2
368.457,1815156,27644,0,1842800,4116604,73619,70818668544,58.2
368.558,1815156,27644,0,1842800,4116604,73619,70837411840,58.2
368.658,1815156,27644,0,1842800,4116604,73619,70837411840,58.2
368.758,1815156,27644,0,1842800,4116604,73619,70837411840,58.2
368.859,1815156,27644,0,1842800,4116604,73619,70837411840,58.2
368.959,1815156,27644,0,1842800,4116604,73619,70845014016,58.2
369.060,1815156,27644,0,1842800,4116604,73619,70853402624,58.2
369.160,1815156,27644,0,1842800,4116604,73619,70853402624,58.2
369.260,1815156,27644,0,1842800,4116604,73619,70853402624,58.2
369.361,1815156,27644,0,1842800,4116604,73619,70853402624,58.2
369.462,1815156,27644,0,1842800,4116604,73619,70861725696,58.2
369.562,1815156,27644,0,1842800,4116604,73619,70861725696,58.2
369.663,1815156,25820,0,1840976,4116604,73619,70861725696,58.2
369.763,1815156,25820,0,1840976,4116604,73619,70861725696,58.2
369.864,1815156,25820,0,1840976,4116604,73619,70861725696,58.2
369.964,1815156,25820,0,1840976,4116604,73619,70876766208,58.2
370.065,1815156,25820,0,1840976,4116604,73619,70876766208,58.2
370.165,1815156,25820,0,1840976,4116604,73619,70876766208,58.2
370.266,1815156,25820,0,1840976,4116604,73619,70876766208,58.2
370.366,1815156,25820,0,1840976,4116604,73619,70884958208,59.8
370.467,1815156,25820,0,1840976,4116604,73619,70884958208,59.8
370.567,1815156,25820,0,1840976,4116604,73619,70893084672,59.8
370.668,1815156,25820,0,1840976,4116604,73619,70893084672,59.8
370.768,1815156,25820,0,1840976,4116604,73619,70893084672,59.8
370.869,1815156,25820,0,1840976,4116604,73619,70893084672,59.8
370.969,1815156,25820,0,1840976,4116604,73619,70900326400,59.8
371.070,1815156,25820,0,1840976,4116604,73619,70908452864,59.8
371.170,1815156,25820,0,1840976,4116604,73619,70908452864,59.8
371.270,1815156,25820,0,1840976,4116604,73619,70908452864,59.8
371.371,1815156,25820,0,1840976,4116604,73619,70908452864,59.8
371.471,1815156,25820,0,1840976,4116604,73619,70925221888,59.8
371.571,1815156,25820,0,1840976,4116604,73619,70925221888,59.8
371.672,1815156,25820,0,1840976,4116604,73619,70925221888,59.8
371.772,1815156,25820,0,1840976,4116604,73619,70925221888,59.8
371.873,1815156,25820,0,1840976,4116604,73619,70925221888,59.8
371.973,1815156,25820,0,1840976,4116604,73619,70942126080,59.8
372.074,1815156,25820,0,1840976,4116604,73619,70942126080,59.8
372.174,1815156,25820,0,1840976,4116604,73619,70942126080,59.8
372.274,1815156,25820,0,1840976,4116604,73619,70942126080,59.8
372.375,1815156,25820,0,1840976,4116604,73619,70942126080,58.56
372.475,1815156,25820,0,1840976,4116604,73619,70950383616,58.56
372.576,1815156,25820,0,1840976,4116604,73619,70958772224,58.56
372.676,1815156,25820,0,1840976,4116604,73619,70958772224,58.56
372.776,1815156,25820,0,1840976,4116604,73619,70958772224,58.56
372.877,1815156,25820,0,1840976,4116604,73619,70958772224,58.56
372.977,1815156,25820,0,1840976,4116604,73619,70975549440,58.56
373.078,1815156,25820,0,1840976,4116604,73619,70975549440,58.56
373.178,1815156,25820,0,1840976,4116604,73619,70975549440,58.56
373.278,1815156,25820,0,1840976,4116604,73619,70975549440,58.56
373.379,1815156,25812,0,1840968,4116604,73619,70983933952,58.56
373.479,1815156,25796,0,1840952,4116604,73619,70992318464,58.56
373.580,1815156,25756,0,1840912,4116604,73619,71009095680,58.56
373.680,1815156,25756,0,1840912,4116604,73619,71009095680,58.56
373.781,1815156,25756,0,1840912,4116604,73619,71009095680,58.56
373.881,1815156,25756,0,1840912,4116604,73619,71025872896,58.56
373.981,1815156,25756,0,1840912,4116604,73619,71025872896,58.56
374.082,1815156,25756,0,1840912,4116604,73619,71025872896,58.56
374.182,1815156,25756,0,1840912,4116604,73619,71025872896,58.56
374.283,1815156,25756,0,1840912,4116604,73619,71025872896,58.56
374.383,1815156,25756,0,1840912,4116604,73619,71025872896,58.46
374.483,1815156,25756,0,1840912,4116604,73619,71033278464,58.46
374.584,1815156,25756,0,1840912,4116604,73619,71041667072,58.46
374.684,1815156,25756,0,1840912,4116604,73619,71041667072,58.46
374.785,1815156,25756,0,1840912,4116604,73619,71049760768,58.46
374.885,1815156,25756,0,1840912,4116604,73619,71049760768,58.46
374.986,1815156,25756,0,1840912,4116604,73619,71058153472,58.46
375.086,1815156,25756,0,1840912,4116604,73619,71058153472,58.46
375.186,1815156,25696,0,1840852,4116604,73619,71064109056,58.46
375.287,1815156,25696,0,1840852,4116604,73619,71064109056,58.46
375.387,1815156,25696,0,1840852,4116604,73619,71064109056,58.46
375.488,1815156,25696,0,1840852,4116604,73619,71073480704,58.46
375.588,1815156,25696,0,1840852,4116604,73619,71081345024,58.46
375.689,1815156,25696,0,1840852,4116604,73619,71081345024,58.46
375.789,1815156,25696,0,1840852,4116604,73619,71085834240,58.46
375.889,1815156,25696,0,1840852,4116604,73619,71094222848,58.46
375.990,1815156,25696,0,1840852,4116604,73619,71094222848,58.46
376.090,1815156,25696,0,1840852,4116604,73619,71094222848,58.46
376.191,1815156,25696,0,1840852,4116604,73619,71094222848,58.46
376.291,1815156,25696,0,1840852,4116604,73619,71094222848,58.46
376.392,1815156,25696,0,1840852,4116604,73619,71102611456,59.28
376.492,1815156,25696,0,1840852,4116604,73619,71107854336,59.28
376.592,1815156,25696,0,1840852,4116604,73619,71116242944,59.28
376.693,1815156,25696,0,1840852,4116604,73619,71116242944,59.28
376.793,1815156,25696,0,1840852,4116604,73619,71124631552,59.28
376.894,1815156,25696,0,1840852,4116604,73619,71124631552,59.28
376.994,1815156,25696,0,1840852,4116604,73619,71124631552,59.28
377.095,1815156,25696,0,1840852,4116604,73619,71133020160,59.28
377.195,1815156,25696,0,1840852,4116604,73619,71133020160,59.28
377.295,1815156,25696,0,1840852,4116604,73619,71133020160,59.28
377.396,1815156,25696,0,1840852,4116604,73619,71138770944,59.28
377.496,1815156,25696,0,1840852,4116604,73619,71142703104,59.28
377.597,1815156,25696,0,1840852,4116604,73619,71142703104,59.28
377.697,1815156,25696,0,1840852,4116604,73619,71142703104,59.28
377.798,1815156,25696,0,1840852,4116604,73619,71144357888,59.28
377.898,1815156,25696,0,1840852,4116604,73619,71144357888,59.28
377.998,1815156,25696,0,1840852,4116604,73619,71145033728,59.28
378.099,1815156,25696,0,1840852,4116604,73619,71145033728,59.28
378.199,1815156,25696,0,1840852,4116604,73619,71145033728,59.28
378.300,1815156,25696,0,1840852,4116604,73619,71145033728,59.28
378.400,1815156,25696,0,1840852,4116604,73619,71145033728,56.51
378.501,1815156,25696,0,1840852,4116604,73619,71145033728,56.51
378.601,1815156,25696,0,1840852,4116604,73619,71145033728,56.51
378.701,1815156,25696,0,1840852,4116604,73619,71145033728,56.51
378.802,1815156,25696,0,1840852,4116604,73619,71145033728,56.51
378.902,1815156,25696,0,1840852,4116604,73619,71145033728,56.51
379.002,1815156,71136,0,1886292,4116604,73627,71202562048,56.51
379.103,1815156,178784,0,1993940,4116604,73642,71303782400,56.51
379.203,1815156,291216,0,2106372,4116604,73656,71419564032,56.51
379.304,1815156,410516,0,2225672,4116604,73674,71536840704,56.51
379.404,1815156,514660,0,2329816,4116604,73687,71645892608,56.51
379.504,1815156,575940,0,2391096,4116604,73695,71721390080,56.51
379.605,1815156,627140,0,2442296,4116604,73702,71771721728,56.51
379.705,1815156,727340,0,2542496,4116604,73714,71872385024,56.51
379.805,1815156,776452,0,2591608,4116604,73720,71922716672,56.51
379.906,1815156,792836,0,2607992,4116604,73722,71939493888,56.51
380.006,1815156,848132,0,2663288,4116604,73729,72006602752,56.51
380.106,1815156,909572,0,2724728,4116604,73737,72065323008,56.51
380.207,1815156,887044,0,2702200,4116604,73753,72199540736,56.51
380.307,1815156,891140,0,2706296,4116604,73767,72316981248,56.51
380.408,1815156,940292,0,2755448,4116604,73779,72417644544,57.87
380.508,1815156,25188,0,1840344,4116604,73785,72456736768,57.87
380.608,1815156,125072,0,1940228,4116604,73788,72583819264,57.87
380.709,1815156,257800,0,2072956,4116604,73788,72694931456,57.87
380.809,1815156,257800,0,2072956,4116604,73788,72694931456,57.87
380.910,1815156,257800,0,2072956,4116604,73788,72694931456,57.87
381.010,1815156,257800,0,2072956,4116604,73788,72694931456,57.87
381.110,1815156,257800,0,2072956,4116604,73788,72694931456,57.87
381.211,1815156,257800,0,2072956,4116604,73788,72694931456,57.87
381.311,1815156,257800,0,2072956,4116604,73788,72694931456,57.87
381.412,1815156,257800,0,2072956,4116604,73788,72694931456,57.87
381.512,1815156,257800,0,2072956,4116604,73788,72694931456,57.87
381.612,1815156,257800,0,2072956,4116604,73788,72694931456,57.87
381.713,1815156,257800,0,2072956,4116604,73788,72694931456,57.87
381.813,1815156,257800,0,2072956,4116604,73788,72694931456,57.87
381.914,1815156,257800,0,2072956,4116604,73788,72694931456,57.87
382.014,1815156,257800,0,2072956,4116604,73788,72694931456,57.87
382.114,1815156,257800,0,2072956,4116604,73788,72694931456,57.87
382.215,1815156,257800,0,2072956,4116604,73788,72694931456,57.87
382.315,1815156,257800,0,2072956,4116604,73788,72694931456,57.87
382.415,1815156,257800,0,2072956,4116604,73788,72694931456,59.88
382.516,1815156,257800,0,2072956,4116604,73788,72694931456,59.88
382.616,1815156,257800,0,2072956,4116604,73788,72694931456,59.88
382.717,1815156,257800,0,2072956,4116604,73788,72694931456,59.88
382.817,1815156,257800,0,2072956,4116604,73788,72694931456,59.88
382.917,1815156,257800,0,2072956,4116604,73788,72694931456,59.88
383.018,1815156,257800,0,2072956,4116604,73788,72694931456,59.88
383.118,1815156,257800,0,2072956,4116604,73788,72694931456,59.88
383.218,1815156,257800,0,2072956,4116604,73788,72694931456,59.88
383.319,1815156,257800,0,2072956,4116604,73788,72694931456,59.88
383.419,1815156,257800,0,2072956,4116604,73788,72694931456,59.88
383.519,1815156,257800,0,2072956,4116604,73788,72694931456,59.88
383.620,1815156,257800,0,2072956,4116604,73788,72694931456,59.88
383.720,1815156,257800,0,2072956,4116604,73788,72694931456,59.88
383.820,1815156,257800,0,2072956,4116604,73788,72694931456,59.88
383.921,1815156,257800,0,2072956,4116604,73788,72694931456,59.88
384.021,1815156,257800,0,2072956,4116604,73788,72694931456,59.88
384.121,1815156,257800,0,2072956,4116604,73788,72694931456,59.88
384.222,1815156,257800,0,2072956,4116604,73788,72694931456,59.88
384.322,1815156,257800,0,2072956,4116604,73788,72694931456,58.09
384.423,1815156,257800,0,2072956,4116604,73788,72694931456,58.09
384.523,1815156,257800,0,2072956,4116604,73788,72694931456,58.09
384.623,1815156,257800,0,2072956,4116604,73788,72694931456,58.09
384.724,1815156,257800,0,2072956,4116604,73788,72694931456,58.09
384.824,1815156,257800,0,2072956,4116604,73788,72694931456,58.09
384.925,1815156,257800,0,2072956,4116604,73788,72694931456,58.09
385.025,1815156,257800,0,2072956,4116604,73788,72694931456,58.09
385.125,1815156,257800,0,2072956,4116604,73788,72694931456,58.09
385.226,1815156,257800,0,2072956,4116604,73788,72694931456,58.09
385.326,1815156,257800,0,2072956,4116604,73788,72694931456,58.09
385.426,1815156,257800,0,2072956,4116604,73788,72694931456,58.09
385.527,1815156,257800,0,2072956,4116604,73788,72694931456,58.09
385.627,1815156,257800,0,2072956,4116604,73788,72694931456,58.09
385.728,1815156,257800,0,2072956,4116604,73788,72694931456,58.09
385.828,1815156,257800,0,2072956,4116604,73788,72694931456,58.09
385.928,1815156,257800,0,2072956,4116604,73788,72694931456,58.09
386.029,1815156,257800,0,2072956,4116604,73788,72694931456,58.09
386.129,1815156,257800,0,2072956,4116604,73788,72694931456,58.09
386.229,1815156,257800,0,2072956,4116604,73788,72694931456,58.09
386.330,1815156,257800,0,2072956,4116604,73788,72694931456,55.9
386.431,1815156,257800,0,2072956,4116604,73788,72694931456,55.9
386.532,1815156,257800,0,2072956,4116604,73788,72694931456,55.9
386.632,1815156,257800,0,2072956,4116604,73788,72694931456,55.9
386.732,1815156,257800,0,2072956,4116604,73788,72694931456,55.9
386.833,1815156,257800,0,2072956,4116604,73788,72694931456,55.9
386.933,1815156,257800,0,2072956,4116604,73788,72694931456,55.9
387.033,1815156,257800,0,2072956,4116604,73788,72694931456,55.9
387.134,1815156,257800,0,2072956,4116604,73788,72694931456,55.9
387.234,1815156,257800,0,2072956,4116604,73788,72694931456,55.9
387.334,1815156,257800,0,2072956,4116604,73788,72694931456,55.9
387.435,1815156,257800,0,2072956,4116604,73788,72694931456,55.9
387.535,1815156,257800,0,2072956,4116604,73788,72694931456,55.9
387.635,1815156,257800,0,2072956,4116604,73788,72694931456,55.9
387.736,1815156,257800,0,2072956,4116604,73788,72694931456,55.9
387.836,1815156,257800,0,2072956,4116604,73788,72694931456,55.9
387.936,1815156,257800,0,2072956,4116604,73788,72694931456,55.9
388.037,1815156,257800,0,2072956,4116604,73788,72694931456,55.9
388.137,1815156,257800,0,2072956,4116604,73788,72694931456,55.9
388.238,1815156,257800,0,2072956,4116604,73788,72694931456,55.9
388.338,1815156,257800,0,2072956,4116604,73788,72694931456,56.1
388.438,1815156,257800,0,2072956,4116604,73788,72694931456,56.1
388.539,1815156,257800,0,2072956,4116604,73788,72694931456,56.1
388.639,1815156,257800,0,2072956,4116604,73788,72694931456,56.1
388.740,1815156,257800,0,2072956,4116604,73788,72694931456,56.1
388.840,1815156,257800,0,2072956,4116604,73788,72694931456,56.1
388.940,1815156,257800,0,2072956,4116604,73788,72694931456,56.1
389.041,1815156,257800,0,2072956,4116604,73788,72694931456,56.1
389.141,1815156,257800,0,2072956,4116604,73788,72694931456,56.1
389.241,1815156,257800,0,2072956,4116604,73788,72694931456,56.1
389.342,1815156,257800,0,2072956,4116604,73788,72694931456,56.1
389.442,1815156,257800,0,2072956,4116604,73788,72694931456,56.1
389.542,1815156,257800,0,2072956,4116604,73788,72694931456,56.1
389.643,1815156,257800,0,2072956,4116604,73788,72694931456,56.1
389.743,1815156,257800,0,2072956,4116604,73788,72694931456,56.1
389.844,1815156,257800,0,2072956,4116604,73788,72694931456,56.1
389.944,1815156,257800,0,2072956,4116604,73788,72694931456,56.1
390.044,1815156,257800,0,2072956,4116604,73788,72694931456,56.1
390.145,1815156,257800,0,2072956,4116604,73788,72694931456,56.1
390.245,1815156,257800,0,2072956,4116604,73788,72694931456,56.1
390.346,1815156,257800,0,2072956,4116604,73788,72694931456,57.17
390.446,1815156,257800,0,2072956,4116604,73788,72694931456,57.17
390.546,1815156,257800,0,2072956,4116604,73788,72694931456,57.17
390.647,1815156,257800,0,2072956,4116604,73788,72694931456,57.17
390.748,1815156,257800,0,2072956,4116604,73788,72694931456,57.17
390.848,1815156,257800,0,2072956,4116604,73788,72694931456,57.17
390.948,1815156,257800,0,2072956,4116604,73788,72694931456,57.17
391.049,1815156,257800,0,2072956,4116604,73788,72694931456,57.17
391.149,1815156,257800,0,2072956,4116604,73788,72694931456,57.17
391.250,1815156,257800,0,2072956,4116604,73788,72694931456,57.17
391.350,1815156,257800,0,2072956,4116604,73788,72694931456,57.17
391.450,1815156,257800,0,2072956,4116604,73788,72694931456,57.17
391.551,1815156,257800,0,2072956,4116604,73788,72694931456,57.17
391.651,1815156,257800,0,2072956,4116604,73788,72694931456,57.17
391.752,1815156,257800,0,2072956,4116604,73788,72694931456,57.17
391.852,1815156,257800,0,2072956,4116604,73788,72694931456,57.17
391.952,1815156,257800,0,2072956,4116604,73788,72694931456,57.17
392.053,1815156,257800,0,2072956,4116604,73788,72694931456,57.17
392.153,1815156,257800,0,2072956,4116604,73788,72694931456,57.17
392.254,1815156,257800,0,2072956,4116604,73788,72694931456,57.17
392.354,1815156,257800,0,2072956,4116604,73788,72694931456,56.05
392.454,1815156,257800,0,2072956,4116604,73788,72694931456,56.05
392.555,1815156,257800,0,2072956,4116604,73788,72694931456,56.05
392.655,1815156,257800,0,2072956,4116604,73788,72694931456,56.05
392.756,1815156,257800,0,2072956,4116604,73788,72694931456,56.05
392.856,1815156,257800,0,2072956,4116604,73788,72694931456,56.05
392.956,1815156,257800,0,2072956,4116604,73788,72694931456,56.05
393.057,1815156,257800,0,2072956,4116604,73788,72694931456,56.05
393.157,1815156,257800,0,2072956,4116604,73788,72694931456,56.05
393.258,1815156,257800,0,2072956,4116604,73788,72694931456,56.05
393.358,1815156,257800,0,2072956,4116604,73788,72694931456,56.05
393.458,1815156,257800,0,2072956,4116604,73788,72694931456,56.05
393.559,1815156,257800,0,2072956,4116604,73788,72694931456,56.05
393.659,1815156,257800,0,2072956,4116604,73788,72694931456,56.05
393.760,1815156,257800,0,2072956,4116604,73788,72694931456,56.05
393.860,1815156,257800,0,2072956,4116604,73788,72694931456,56.05
393.960,1815156,257800,0,2072956,4116604,73788,72694931456,56.05
394.061,1815156,257800,0,2072956,4116604,73788,72694931456,56.05
394.161,1815156,257800,0,2072956,4116604,73788,72694931456,56.05
394.262,1815156,257800,0,2072956,4116604,73788,72694931456,56.05
394.362,1815156,257800,0,2072956,4116604,73788,72694931456,58.76
394.462,1815156,257800,0,2072956,4116604,73788,72694931456,58.76
394.563,1815156,257800,0,2072956,4116604,73788,72694931456,58.76
394.663,1815156,257800,0,2072956,4116604,73788,72694931456,58.76
394.764,1815156,257800,0,2072956,4116604,73788,72694931456,58.76
394.864,1815156,257800,0,2072956,4116604,73788,72694931456,58.76
394.965,1815156,257800,0,2072956,4116604,73788,72694931456,58.76
395.065,1815156,257800,0,2072956,4116604,73788,72694931456,58.76
395.165,1815156,257800,0,2072956,4116604,73788,72694931456,58.76
395.266,1815156,257800,0,2072956,4116604,73788,72694931456,58.76
395.366,1815156,257800,0,2072956,4116604,73788,72694931456,58.76
395.467,1815156,257800,0,2072956,4116604,73788,72694931456,58.76
395.567,1815156,257800,0,2072956,4116604,73788,72694931456,58.76
395.667,1815156,257800,0,2072956,4116604,73788,72694931456,58.76
395.768,1815156,257800,0,2072956,4116604,73788,72694931456,58.76
395.868,1815156,257800,0,2072956,4116604,73788,72694931456,58.76
395.969,1815156,257800,0,2072956,4116604,73788,72694931456,58.76
396.069,1815156,257800,0,2072956,4116604,73788,72694931456,58.76
396.170,1815156,257800,0,2072956,4116604,73788,72694931456,58.76
396.270,1815156,257800,0,2072956,4116604,73788,72694931456,58.76
396.371,1815156,257800,0,2072956,4116604,73788,72694931456,57.17
396.471,1815156,257800,0,2072956,4116604,73788,72694931456,57.17
396.572,1815156,257800,0,2072956,4116604,73788,72694931456,57.17
396.672,1815156,257800,0,2072956,4116604,73788,72694931456,57.17
396.773,1815156,257800,0,2072956,4116604,73788,72694931456,57.17
396.873,1815156,257800,0,2072956,4116604,73788,72694931456,57.17
396.974,1815156,257800,0,2072956,4116604,73788,72694931456,57.17
397.074,1815156,257800,0,2072956,4116604,73788,72694931456,57.17
397.175,1815156,257800,0,2072956,4116604,73788,72694931456,57.17
397.275,1815156,257800,0,2072956,4116604,73788,72694931456,57.17
397.376,1815156,257800,0,2072956,4116604,73788,72694931456,57.17
397.476,1815156,257800,0,2072956,4116604,73788,72694931456,57.17
397.577,1815156,257800,0,2072956,4116604,73788,72694931456,57.17
397.677,1815156,257800,0,2072956,4116604,73788,72694931456,57.17
397.778,1815156,257800,0,2072956,4116604,73788,72694931456,57.17
397.878,1815156,257800,0,2072956,4116604,73788,72694931456,57.17
397.978,1815156,257800,0,2072956,4116604,73788,72694931456,57.17
398.079,1815156,257800,0,2072956,4116604,73788,72694931456,57.17
398.179,1815156,257800,0,2072956,4116604,73788,72694931456,57.17
398.280,1815156,257800,0,2072956,4116604,73788,72694931456,57.17
398.380,1815156,257800,0,2072956,4116604,73788,72694931456,58.59
398.481,1815156,257800,0,2072956,4116604,73788,72694931456,58.59
398.581,1815156,257800,0,2072956,4116604,73788,72694931456,58.59
398.681,1815156,257800,0,2072956,4116604,73788,72694931456,58.59
398.782,1815156,257800,0,2072956,4116604,73788,72694931456,58.59
398.882,1815156,257800,0,2072956,4116604,73788,72694931456,58.59
398.983,1815156,257800,0,2072956,4116604,73788,72694931456,58.59
399.083,1815156,257800,0,2072956,4116604,73788,72694931456,58.59
399.184,1815156,257800,0,2072956,4116604,73788,72694931456,58.59
399.284,1815156,257800,0,2072956,4116604,73788,72694931456,58.59
399.384,1815156,257800,0,2072956,4116604,73788,72694931456,58.59
399.485,1815156,257800,0,2072956,4116604,73788,72694931456,58.59
399.585,1815156,257800,0,2072956,4116604,73788,72694931456,58.59
399.686,1815156,257800,0,2072956,4116604,73788,72694931456,58.59
399.786,1815156,257800,0,2072956,4116604,73788,72694931456,58.59
399.887,1815156,257800,0,2072956,4116604,73788,72694931456,58.59
399.987,1815156,257800,0,2072956,4116604,73788,72694931456,58.59
400.088,1815156,257800,0,2072956,4116604,73788,72694931456,58.59
400.188,1815156,257800,0,2072956,4116604,73788,72694931456,58.59
400.288,1815156,257800,0,2072956,4116604,73788,72694931456,58.59
400.389,1815156,257544,0,2072700,4116604,73788,72694931456,55.58
400.489,1815156,257544,0,2072700,4116604,73788,72694931456,55.58
400.590,1815156,257544,0,2072700,4116604,73788,72694931456,55.58
400.691,1815156,257544,0,2072700,4116604,73788,72694931456,55.58
400.791,1815156,257544,0,2072700,4116604,73788,72694931456,55.58
400.891,1815156,257544,0,2072700,4116604,73788,72694931456,55.58
400.992,1815156,257544,0,2072700,4116604,73788,72694931456,55.58
401.092,1815156,257544,0,2072700,4116604,73788,72694931456,55.58
401.193,1815156,257544,0,2072700,4116604,73788,72694931456,55.58
401.293,1815156,257544,0,2072700,4116604,73788,72694931456,55.58
401.394,1815156,257544,0,2072700,4116604,73788,72694931456,55.58
401.494,1815156,257544,0,2072700,4116604,73788,72694931456,55.58
401.595,1815156,257544,0,2072700,4116604,73788,72694931456,55.58
401.695,1815156,257544,0,2072700,4116604,73788,72694931456,55.58
401.796,1815156,257544,0,2072700,4116604,73788,72694931456,55.58
401.897,1815156,257544,0,2072700,4116604,73788,72694931456,55.58
401.997,1815156,257544,0,2072700,4116604,73788,72694931456,55.58
402.098,1815156,257544,0,2072700,4116604,73788,72694931456,55.58
402.198,1815156,257544,0,2072700,4116604,73788,72694931456,55.58
402.299,1815156,257544,0,2072700,4116604,73788,72694931456,55.58
402.399,1815156,257544,0,2072700,4116604,73788,72694931456,58.19
402.500,1815156,257544,0,2072700,4116604,73788,72694931456,58.19
402.600,1815156,257544,0,2072700,4116604,73788,72694931456,58.19
402.701,1815156,257544,0,2072700,4116604,73788,72694931456,58.19
402.802,1815156,257544,0,2072700,4116604,73788,72694931456,58.19
402.902,1815156,257544,0,2072700,4116604,73788,72694931456,58.19
403.003,1815156,257544,0,2072700,4116604,73788,72694931456,58.19
403.104,1815156,257544,0,2072700,4116604,73788,72694931456,58.19
403.204,1815156,257608,0,2072764,4116604,73789,72704573440,58.19
403.305,1815156,269000,0,2084156,4116604,73797,72773361664,58.19
403.405,1815156,286856,0,2102012,4116604,73797,72806916096,58.19
403.506,1815156,304712,0,2119868,4116604,73797,72823693312,58.19
403.607,1815156,322056,0,2137212,4116604,73797,72840470528,58.19
403.707,1815156,340680,0,2155836,4116604,73797,72840470528,58.19
403.808,1815156,360072,0,2175228,4116604,73797,72857247744,58.19
403.909,1815156,380296,0,2195452,4116604,73797,72890802176,58.19
404.009,1815156,397384,0,2212540,4116604,73797,72907579392,58.19
404.110,1815156,414728,0,2229884,4116604,73797,72924356608,58.19
404.210,1815156,429768,0,2244924,4116604,73797,72957911040,58.19
404.311,1815156,446664,0,2261820,4116604,73797,72974688256,58.19
404.412,1815156,463496,0,2278652,4116604,73797,73008242688,57.25
404.512,1815156,480456,0,2295612,4116604,73797,73025019904,57.25
404.612,1815156,497800,0,2312956,4116604,73797,73025019904,57.25
404.713,1815156,517000,0,2332156,4116604,73797,73041797120,57.25
404.814,1815156,533768,0,2348924,4116604,73797,73058574336,57.25
404.914,1815156,550728,0,2365884,4116604,73797,73092128768,57.25
405.015,1815156,569672,0,2384828,4116604,73797,73108905984,57.25
405.116,1815156,586888,0,2402044,4116604,73797,73125683200,57.25
405.216,1815156,605128,0,2420284,4116604,73797,73142460416,57.25
405.317,1815156,622472,0,2437628,4116604,73797,73176014848,57.25
405.417,1815156,641736,0,2456892,4116604,73797,73192792064,57.25
405.518,1815156,660936,0,2476092,4116604,73797,73209569280,57.25
405.619,1815156,678536,0,2493692,4116604,73797,73226346496,57.25
405.719,1815156,697736,0,2512892,4116604,73797,73243123712,57.25
405.820,1815156,714824,0,2529980,4116604,73797,73259900928,57.25
405.920,1815156,732104,0,2547260,4116604,73797,73259900928,57.25
406.021,1815156,751496,0,2566652,4116604,73797,73276678144,57.25
406.121,1815156,770504,0,2585660,4116604,73797,73293455360,57.25
406.222,1815156,789704,0,2604860,4116604,73797,73310232576,57.25
406.323,1815156,808776,0,2623932,4116604,73797,73327009792,57.25
406.423,1815156,825544,0,2640700,4116604,73797,73377341440,58.29
406.523,1815156,840008,0,2655164,4116604,73797,73394118656,58.29
406.624,1815156,859272,0,2674428,4116604,73797,73410895872,58.29
406.724,1815156,866952,0,2682108,4116604,73797,73410895872,58.29
406.825,1815156,885768,0,2700924,4116604,73797,73427673088,58.29
406.926,1815156,884296,0,2699452,4116604,73797,73427673088,58.29
407.026,1815156,903432,0,2718588,4116604,73797,73444450304,58.29
407.127,1815156,915488,0,2730644,4116604,73797,73461227520,58.29
407.227,1815156,932320,0,2747476,4116604,73797,73478004736,58.29
407.327,1815156,949728,0,2764884,4116604,73797,73494781952,58.29
407.428,1815156,967072,0,2782228,4116604,73797,73511559168,58.29
407.528,1815156,983840,0,2798996,4116604,73797,73528336384,58.29
407.628,1815156,1001824,0,2816980,4116604,73797,73545113600,58.29
407.729,1815156,1016160,0,2831316,4116604,73797,73561890816,58.29
407.829,1815156,1026208,0,2841364,4116604,73797,73578668032,58.29
407.930,1815156,1045920,0,2861076,4116604,73797,73595445248,58.29
408.030,1815156,1062816,0,2877972,4116604,73797,73612222464,58.29
408.131,1815156,1079392,0,2894548,4116604,73797,73628999680,58.29
408.231,1815156,1094112,0,2909268,4116604,73797,73645776896,58.29
408.332,1815156,1113952,0,2929108,4116604,73797,73662554112,58.29
408.432,1815156,1130784,0,2945940,4116604,73797,73679331328,57.51
408.532,1815156,1146528,0,2961684,4116604,73797,73696108544,57.51
408.633,1815156,1160800,0,2975956,4116604,73797,73712885760,57.51
408.807,1815156,1170016,0,2985172,4116604,73800,73725394944,57.51
408.907,1815156,1186912,0,3002068,4116604,73801,73743335424,57.51
409.008,1815156,1206112,0,3021268,4116604,73801,73760112640,57.51
409.108,1815156,1224352,0,3039508,4116604,73801,73793667072,57.51
409.209,1815156,1240088,0,3055244,4116604,73802,73811419136,57.51
409.309,1815156,1259736,0,3074892,4116604,73802,73828196352,57.51
409.409,1815156,1277080,0,3092236,4116604,73802,73844973568,57.51
409.510,1815156,1290404,0,3105560,4116604,73803,73865420800,57.51
409.610,1815156,1308100,0,3123256,4116604,73803,73882198016,57.51
409.711,1815156,1325572,0,3140728,4116604,73803,73898975232,57.51
409.811,1815156,1344968,0,3160124,4116604,73804,73916436480,57.51
409.911,1815156,1363272,0,3178428,4116604,73804,73921155072,57.51
410.012,1815156,1378824,0,3193980,4116604,73804,73937932288,57.51
410.113,1815156,1384104,0,3199260,4116604,73806,73963098112,57.51
410.213,1815156,1378336,0,3193492,4116604,73806,73979875328,57.51
410.314,1815156,1369888,0,3185044,4116604,73806,73996652544,57.51
410.415,1815156,1360480,0,3175636,4116604,73806,74017624064,57.51
410.515,1815156,1357536,0,3172692,4116604,73806,74034401280,54.88
410.616,1815156,1352800,0,3167956,4116604,73806,74051178496,54.88
410.716,1815156,1349904,0,3165060,4116604,73806,74067955712,54.88
410.817,1815156,1359520,0,3174676,4116604,73807,74069794816,54.88
410.917,1815156,1354592,0,3169748,4116604,73807,74086572032,54.88
411.018,1815156,1332484,0,3147640,4116604,73807,74128494592,54.88
411.118,1815156,1345992,0,3161148,4116604,73808,74149466112,54.88
411.218,1815156,1340680,0,3155836,4116604,73808,74166243328,54.88
411.319,1815156,1337404,0,3152560,4116604,73808,74183020544,54.88
411.419,1815156,1332600,0,3147756,4116604,73808,74199797760,54.88
411.519,1815156,1328056,0,3143212,4116604,73808,74216050688,54.88
411.620,1815156,1322424,0,3137580,4116604,73808,74232827904,54.88
411.720,1815156,1318328,0,3133484,4116604,73808,74249605120,54.88
411.820,1815156,1305992,0,3121148,4116604,73809,74274770944,54.88
411.921,1815156,1301176,0,3116332,4116604,73809,74291548160,54.88
412.021,1815156,1288632,0,3103788,4116604,73810,74316713984,54.88
412.122,1815156,1267704,0,3082860,4116604,73810,74350268416,54.88
412.222,1815156,1262936,0,3078092,4116604,73810,74367045632,54.88
412.322,1815156,1259608,0,3074764,4116604,73810,74383822848,54.88
412.423,1815156,1251224,0,3066380,4116604,73813,74437689344,57.98
412.523,1815156,1250012,0,3065168,4116604,73814,74454593536,57.98
412.623,1815156,1243036,0,3058192,4116604,73814,74471370752,57.98
412.724,1815156,1243804,0,3058960,4116604,73814,74488147968,57.98
412.824,1815156,1224028,0,3039184,4116604,73814,74521702400,57.98
412.924,1815156,1222876,0,3038032,4116604,73814,74538479616,57.98
413.025,1815156,1221532,0,3036688,4116604,73814,74555256832,57.98
413.125,1815156,1218076,0,3033232,4116604,73814,74572034048,57.98
413.226,1815156,1219164,0,3034320,4116604,73814,74588811264,57.98
413.326,1815156,1218204,0,3033360,4116604,73814,74605588480,57.98
413.426,1815156,1201308,0,3016464,4116604,73814,74639142912,57.98
413.527,1815156,1198428,0,3013584,4116604,73814,74655920128,57.98
413.627,1815156,1194908,0,3010064,4116604,73814,74672697344,57.98
413.727,1815156,1192892,0,3008048,4116604,73814,74689474560,57.98
413.828,1815156,1193148,0,3008304,4116604,73814,74706251776,57.98
413.928,1815156,1189484,0,3004640,4116604,73814,74723028992,57.98
414.028,1815156,1190452,0,3005608,4116604,73814,74739806208,57.98
414.129,1815156,1187028,0,3002184,4116604,73814,74756583424,57.98
414.229,1815156,1175636,0,2990792,4116604,73814,74790137856,57.98
414.329,1815156,1172388,0,2987544,4116604,73814,74806915072,57.98
414.430,1815156,1154340,0,2969496,4116604,73814,74840469504,57.62
414.530,1815156,1148200,0,2963356,4116604,73814,74865635328,57.62
414.630,1815156,1144376,0,2959532,4116604,73814,74882412544,57.62
414.731,1815156,1148252,0,2963408,4116604,73814,74899189760,57.62
414.831,1815156,1163980,0,2979136,4116604,73814,74915966976,57.62
414.931,1815156,1183052,0,2998208,4116604,73814,74932744192,57.62
415.032,1815156,1200716,0,3015872,4116604,73814,74932744192,57.62
415.132,1815156,1210828,0,3025984,4116604,73817,74961973248,57.62
415.232,1815156,1205196,0,3020352,4116604,73817,74978750464,57.62
415.333,1815156,1206220,0,3021376,4116604,73817,74995527680,57.62
415.433,1815156,1209868,0,3025024,4116604,73817,75029082112,57.62
415.533,1815156,1226316,0,3041472,4116604,73817,75045859328,57.62
415.634,1815156,1242956,0,3058112,4116604,73817,75062636544,57.62
415.734,1815156,1234556,0,3049712,4116604,73817,75095666688,57.62
415.834,1815156,1230524,0,3045680,4116604,73817,75112443904,57.62
415.935,1815156,1235836,0,3050992,4116604,73817,75129221120,57.62
416.035,1815156,1242620,0,3057776,4116604,73817,75145998336,57.62
416.135,1815156,1250172,0,3065328,4116604,73817,75162775552,57.62
416.236,1815156,1260860,0,3076016,4116604,73817,75179552768,57.62
416.336,1815156,1272508,0,3087664,4116604,73817,75196329984,57.62
416.436,1815156,1283132,0,3098288,4116604,73817,75213107200,60.05
416.537,1815156,1291964,0,3107120,4116604,73817,75225690112,60.05
416.637,1815156,1299324,0,3114480,4116604,73817,75242467328,60.05
416.738,1815156,1311032,0,3126188,4116604,73817,75259244544,60.05
416.838,1815156,1317048,0,3132204,4116604,73817,75276021760,60.05
416.938,1815156,1319928,0,3135084,4116604,73817,75292798976,60.05
417.039,1815156,1310612,0,3125768,4116604,73818,75331497984,60.05
417.139,1815156,1322132,0,3137288,4116604,73818,75348275200,60.05
417.239,1815156,1319700,0,3134856,4116604,73818,75381829632,60.05
417.340,1815156,1317052,0,3132208,4116604,73818,75398606848,60.05
417.440,1815156,1314344,0,3129500,4116604,73818,75415384064,60.05
417.540,1815156,1314780,0,3129936,4116604,73818,75432161280,60.05
417.641,1815156,1297756,0,3112912,4116604,73818,75465715712,60.05
417.741,1815156,1297224,0,3112380,4116604,73819,75482714112,60.05
417.841,1815156,1297260,0,3112416,4116604,73819,75499491328,60.05
417.942,1815156,1302764,0,3117920,4116604,73819,75516268544,60.05
418.042,1815156,1300844,0,3116000,4116604,73819,75533045760,60.05
418.143,1815156,1295084,0,3110240,4116604,73819,75549822976,60.05
418.243,1815156,1308588,0,3123744,4116604,73819,75549822976,60.05
418.343,1815156,1306012,0,3121168,4116604,73819,75566600192,60.05
418.443,1815156,1301460,0,3116616,4116604,73819,75583377408,59.13
418.544,1815156,1282324,0,3097480,4116604,73819,75616931840,59.13
418.644,1815156,1284076,0,3099232,4116604,73819,75633709056,59.13
418.744,1815156,1263484,0,3078640,4116604,73819,75667263488,59.13
418.845,1815156,1236620,0,3051776,4116604,73819,75709067264,59.13
418.945,1815156,1233548,0,3048704,4116604,73819,75725844480,59.13
419.046,1815156,1246028,0,3061184,4116604,73819,75725844480,59.13
419.146,1815156,1244252,0,3059408,4116604,73819,75742621696,59.13
419.246,1815156,1247324,0,3062480,4116604,73819,75759398912,59.13
419.347,1815156,1240712,0,3055868,4116604,73819,75776176128,59.13
419.447,1815156,1224520,0,3039676,4116604,73819,75809730560,59.13
419.548,1815156,1224584,0,3039740,4116604,73819,75826507776,59.13
419.648,1815156,1227720,0,3042876,4116604,73819,75843284992,59.13
419.748,1815156,1231040,0,3046196,4116604,73819,75860062208,59.13
419.849,1815156,1234496,0,3049652,4116604,73819,75876839424,59.13
419.949,1815156,1231616,0,3046772,4116604,73819,75893616640,59.13
420.049,1815156,1232896,0,3048052,4116604,73819,75910393856,59.13
420.150,1815156,1214848,0,3030004,4116604,73819,75943948288,59.13
420.250,1815156,1216448,0,3031604,4116604,73819,75960725504,59.13
420.350,1815156,1213888,0,3029044,4116604,73819,75977502720,59.11
420.451,1815156,1203392,0,3018548,4116604,73819,76011057152,59.11
420.551,1815156,1215616,0,3030772,4116604,73819,76011057152,59.11
420.651,1815156,1213184,0,3028340,4116604,73819,76027834368,59.11
420.752,1815156,1217856,0,3033012,4116604,73819,76044611584,59.11
420.852,1815156,1214656,0,3029812,4116604,73819,76061388800,59.11
420.953,1815156,1211840,0,3026996,4116604,73819,76078166016,59.11
421.053,1815156,1215104,0,3030260,4116604,73819,76094943232,59.11
421.154,1815156,1212352,0,3027508,4116604,73819,76111720448,59.11
421.254,1815156,1209344,0,3024500,4116604,73819,76128497664,59.11
421.354,1815156,1220736,0,3035892,4116604,73819,76145274880,59.11
421.455,1815156,1228224,0,3043380,4116604,73819,76162052096,59.11
421.555,1815156,1229632,0,3044788,4116604,73819,76178829312,59.11
421.656,1815156,1216448,0,3031604,4116604,73820,76216578048,59.11
421.756,1815156,1209028,0,3024184,4116604,73820,76250132480,59.11
421.856,1815156,1212228,0,3027384,4116604,73820,76266909696,59.11
421.957,1815156,1221380,0,3036536,4116604,73820,76283686912,59.11
422.057,1815156,1226880,0,3042036,4116604,73820,76300464128,59.11
422.158,1815156,1232128,0,3047284,4116604,73820,76317241344,59.11
422.258,1815156,1243776,0,3058932,4116604,73820,76334018560,59.11
422.358,1815156,1258816,0,3073972,4116604,73820,76350795776,58.18
422.459,1815156,1261248,0,3076404,4116604,73820,76367572992,58.18
422.559,1815156,1262400,0,3077556,4116604,73820,76384350208,58.18
422.660,1815156,1274752,0,3089908,4116604,73820,76384350208,58.18
422.760,1815156,1273472,0,3088628,4116604,73820,76417904640,58.18
422.860,1815156,1283876,0,3099032,4116604,73820,76434681856,58.18
422.961,1815156,1292388,0,3107544,4116604,73820,76451459072,58.18
423.061,1815156,1279076,0,3094232,4116604,73820,76488851456,58.18
423.161,1815156,1288036,0,3103192,4116604,73820,76505628672,58.18
423.262,1815156,1291556,0,3106712,4116604,73820,76522405888,58.18
423.362,1815156,1292964,0,3108120,4116604,73820,76539183104,58.18
423.463,1815156,1290340,0,3105496,4116604,73820,76572737536,58.18
423.563,1815156,1295652,0,3110808,4116604,73820,76589514752,58.18
423.664,1815156,1297060,0,3112216,4116604,73820,76606291968,58.18
423.764,1815156,1306660,0,3121816,4116604,73820,76623069184,58.18
423.864,1815156,1310116,0,3125272,4116604,73820,76639846400,58.18
423.965,1815156,1313012,0,3128168,4116604,73820,76656623616,58.18
424.065,1815156,1312804,0,3127960,4116604,73820,76673400832,58.18
424.166,1815156,1330788,0,3145944,4116604,73820,76673400832,58.18
424.266,1815156,1328100,0,3143256,4116604,73820,76690178048,58.18
424.367,1815156,1330532,0,3145688,4116604,73820,76706955264,60.86
424.467,1815156,1306340,0,3121496,4116604,73820,76753092608,60.86
424.567,1815156,1296664,0,3111820,4116604,73820,76778213376,60.86
424.668,1815156,1297048,0,3112204,4116604,73820,76794990592,60.86
424.768,1815156,1297096,0,3112252,4116604,73820,76811767808,60.86
424.869,1815156,1303608,0,3118764,4116604,73820,76828545024,60.86
424.969,1815156,1293944,0,3109100,4116604,73820,76862099456,60.86
425.070,1815156,1294328,0,3109484,4116604,73820,76878876672,60.86
425.170,1815156,1292856,0,3108012,4116604,73821,76898324480,60.86
425.270,1815156,1291960,0,3107116,4116604,73821,76915101696,60.86
425.371,1815156,1285752,0,3100908,4116604,73821,76931878912,60.86
425.471,1815156,1287736,0,3102892,4116604,73821,76948656128,60.86
425.572,1815156,1284408,0,3099564,4116604,73821,76965433344,60.86
425.672,1815156,1286712,0,3101868,4116604,73822,76986404864,60.86
425.773,1815156,1287352,0,3102508,4116604,73822,77003182080,60.86
425.873,1815156,1288376,0,3103532,4116604,73822,77019959296,60.86
425.974,1815156,1274792,0,3089948,4116604,73822,77057495040,60.86
426.074,1815156,1289768,0,3104924,4116604,73823,77057716224,60.86
426.174,1815156,1288104,0,3103260,4116604,73823,77074493440,60.86
426.275,1815156,1286248,0,3101404,4116604,73823,77091270656,60.86
426.375,1815156,1284584,0,3099740,4116604,73823,77108047872,58.17
426.476,1815156,1282856,0,3098012,4116604,73823,77124825088,58.17
426.576,1815156,1270760,0,3085916,4116604,73823,77158379520,58.17
426.677,1815156,1269096,0,3084252,4116604,73823,77175156736,58.17
426.777,1815156,1282792,0,3097948,4116604,73823,77175156736,58.17
426.877,1815156,1268072,0,3083228,4116604,73823,77208711168,58.17
426.978,1815156,1264360,0,3079516,4116604,73823,77225488384,58.17
427.078,1815156,1262696,0,3077852,4116604,73823,77244755968,58.17
427.179,1815156,1260840,0,3075996,4116604,73823,77261533184,58.17
427.279,1815156,1265128,0,3080284,4116604,73823,77278310400,58.17
427.380,1815156,1263464,0,3078620,4116604,73823,77295087616,58.17
427.480,1815156,1263848,0,3079004,4116604,73823,77311864832,58.17
427.581,1815156,1268136,0,3083292,4116604,73823,77328642048,58.17
427.681,1815156,1266408,0,3081564,4116604,73823,77349810176,58.17
427.782,1815156,1268840,0,3083996,4116604,73823,77366587392,58.17
427.882,1815156,1273788,0,3088944,4116604,73823,77383364608,58.17
427.983,1815156,1263932,0,3079088,4116604,73823,77416919040,58.17
428.083,1815156,1258172,0,3073328,4116604,73823,77450473472,58.17
428.184,1815156,1258584,0,3073740,4116604,73823,77467250688,58.17
428.284,1815156,1248728,0,3063884,4116604,73823,77484027904,58.17
428.384,1815156,1259028,0,3074184,4116604,73823,77500805120,58.17
428.485,1815156,1267604,0,3082760,4116604,73823,77517582336,58.5
428.586,1815156,1280084,0,3095240,4116604,73823,77517582336,58.5
428.686,1815156,1288468,0,3103624,4116604,73823,77534359552,58.5
428.786,1815156,1292948,0,3108104,4116604,73823,77551136768,58.5
428.887,1815156,1303380,0,3118536,4116604,73823,77567913984,58.5
428.988,1815156,1303764,0,3118920,4116604,73823,77593079808,58.5
429.088,1815156,1291732,0,3106888,4116604,73823,77626634240,58.5
429.189,1815156,1296212,0,3111368,4116604,73823,77643411456,58.5
429.290,1815156,1292080,0,3107236,4116604,73823,77660188672,58.5
429.391,1815156,1290288,0,3105444,4116604,73824,77679210496,58.5
429.491,1815156,1294720,0,3109876,4116604,73824,77695987712,58.5
429.592,1815156,1301104,0,3116260,4116604,73825,77714829312,58.5
429.693,1815156,1306996,0,3122152,4116604,73825,77748383744,58.5
429.793,1815156,1310804,0,3125960,4116604,73825,77765160960,58.5
429.894,1815156,1310992,0,3126148,4116604,73825,77781938176,58.5
429.995,1815156,1315524,0,3130680,4116604,73825,77798715392,58.5
430.095,1815156,1320004,0,3135160,4116604,73825,77815492608,58.5
430.196,1815156,1308100,0,3123256,4116604,73825,77848522752,58.5
430.296,1815156,1308996,0,3124152,4116604,73825,77865299968,58.5
430.396,1815156,1312772,0,3127928,4116604,73826,77886271488,58.5
430.497,1815156,1315204,0,3130360,4116604,73826,77903048704,60.95
430.597,1815156,1319492,0,3134648,4116604,73826,77919825920,60.95
430.698,1815156,1315780,0,3130936,4116604,73826,77944795136,60.95
430.798,1815156,1324356,0,3139512,4116604,73826,77960523776,60.95
430.898,1815156,1322692,0,3137848,4116604,73826,77977300992,60.95
430.999,1815156,1324932,0,3140088,4116604,73826,77994078208,60.95
431.099,1815156,1327364,0,3142520,4116604,73826,78010855424,60.95
431.200,1815156,1309124,0,3124280,4116604,73826,78044409856,60.95
431.300,1815156,1297220,0,3112376,4116604,73826,78077964288,60.95
431.401,1815156,1301700,0,3116856,4116604,73827,78090534912,60.95
431.502,1815156,1310084,0,3125240,4116604,73827,78107312128,60.95
431.602,1815156,1310468,0,3125624,4116604,73827,78123040768,60.95
431.703,1815156,1309316,0,3124472,4116604,73827,78139817984,60.95
431.803,1815156,1319220,0,3134376,4116604,73827,78156595200,60.95
431.904,1815156,1323684,0,3138840,4116604,73827,78173372416,60.95
432.004,1815156,1321828,0,3136984,4116604,73827,78189101056,60.95
432.105,1815156,1321700,0,3136856,4116604,73827,78205878272,60.95
432.205,1815156,1322596,0,3137752,4116604,73827,78222655488,60.95
432.306,1815156,1320932,0,3136088,4116604,73827,78244282368,60.95
432.406,1815156,1310884,0,3126040,4116604,73827,78277836800,60.95
432.507,1815156,1311268,0,3126424,4116604,73827,78294614016,59.32
432.608,1815156,1313948,0,3129104,4116604,73828,78311596032,59.32
432.708,1815156,1318428,0,3133584,4116604,73828,78328373248,59.32
432.809,1815156,1316568,0,3131724,4116604,73828,78345150464,59.32
432.909,1815156,1306712,0,3121868,4116604,73828,78378704896,59.32
433.010,1815156,1309208,0,3124364,4116604,73828,78395482112,59.32
433.110,1815156,1313688,0,3128844,4116604,73828,78412259328,59.32
433.211,1815156,1323032,0,3138188,4116604,73828,78415728640,59.32
433.311,1815156,1314792,0,3129948,4116604,73828,78440878080,59.32
433.412,1815156,1303072,0,3118228,4116604,73828,78474432512,59.32
433.513,1815156,1303712,0,3118868,4116604,73828,78491209728,59.32
433.613,1815156,1304992,0,3120148,4116604,73828,78507986944,59.32
433.713,1815156,1307424,0,3122580,4116604,73828,78524764160,59.32
433.814,1815156,1311712,0,3126868,4116604,73828,78541541376,59.32
433.914,1815156,1303904,0,3119060,4116604,73828,78566707200,59.32
434.015,1815156,1306336,0,3121492,4116604,73828,78583484416,59.32
434.115,1815156,1316768,0,3131924,4116604,73828,78600261632,59.32
434.216,1815156,1306912,0,3122068,4116604,73828,78633816064,59.32
434.316,1815156,1309152,0,3124308,4116604,73828,78650593280,59.32
434.416,1815156,1301344,0,3116500,4116604,73828,78684147712,59.32
434.517,1815156,1301728,0,3116884,4116604,73828,78700924928,61.26
434.617,1815156,1301920,0,3117076,4116604,73828,78717702144,61.26
434.717,1815156,1300064,0,3115220,4116604,73828,78734479360,61.26
434.818,1815156,1300640,0,3115796,4116604,73828,78757576704,61.26
434.919,1815156,1303072,0,3118228,4116604,73828,78774353920,61.26
435.019,1815156,1305504,0,3120660,4116604,73828,78791131136,61.26
435.120,1815156,1305888,0,3121044,4116604,73828,78807908352,61.26
435.220,1815156,1308320,0,3123476,4116604,73828,78824685568,61.26
435.320,1815156,1314656,0,3129812,4116604,73828,78841462784,61.26
435.421,1815156,1323424,0,3138580,4116604,73828,78858235904,61.26
435.521,1815156,1319712,0,3134868,4116604,73829,78875865088,61.26
435.622,1815156,1305760,0,3120916,4116604,73829,78909419520,61.26
435.722,1815156,1308192,0,3123348,4116604,73829,78926196736,61.26
435.823,1815156,1308576,0,3123732,4116604,73829,78942973952,61.26
435.923,1815156,1311008,0,3126164,4116604,73829,78959751168,61.26
436.023,1815156,1315488,0,3130644,4116604,73829,78976528384,61.26
436.124,1815156,1311776,0,3126932,4116604,73829,78993305600,61.26
436.224,1815156,1308048,0,3123204,4116604,73829,79010082816,61.26
436.325,1815156,1310476,0,3125632,4116604,73829,79021617152,61.26
436.425,1815156,1312972,0,3128128,4116604,73829,79042588672,61.26
436.526,1815156,1308940,0,3124096,4116604,73830,79063535616,60.3
436.626,1815156,1319884,0,3135040,4116604,73830,79080312832,60.3
436.727,1815156,1320772,0,3135928,4116604,73830,79097090048,60.3
436.827,1815156,1319172,0,3134328,4116604,73830,79113867264,60.3
436.927,1815156,1325892,0,3141048,4116604,73830,79130644480,60.3
437.028,1815156,1328324,0,3143480,4116604,73830,79147421696,60.3
437.128,1815156,1333060,0,3148216,4116604,73830,79164198912,60.3
437.228,1815156,1335108,0,3150264,4116604,73830,79180976128,60.3
437.329,1815156,1336964,0,3152120,4116604,73830,79197753344,60.3
437.429,1815156,1322512,0,3137668,4116604,73830,79230259200,60.3
437.530,1815156,1329040,0,3144196,4116604,73830,79245922304,60.3
437.631,1815156,1323600,0,3138756,4116604,73830,79262633984,60.3
437.731,1815156,1321808,0,3136964,4116604,73830,79279411200,60.3
437.832,1815156,1323856,0,3139012,4116604,73830,79296188416,60.3
437.932,1815156,1324240,0,3139396,4116604,73830,79312965632,60.3
438.033,1815156,1328912,0,3144068,4116604,73830,79329742848,60.3
438.133,1815156,1341776,0,3156932,4116604,73830,79331577856,60.3
438.234,1815156,1344592,0,3159748,4116604,73830,79348355072,60.3
438.334,1815156,1334384,0,3149540,4116604,73831,79382441984,60.3
438.434,1815156,1328816,0,3143972,4116604,73831,79415996416,60.3
438.535,1815156,1328976,0,3144132,4116604,73831,79432773632,58.98
438.635,1815156,1341972,0,3157128,4116604,73831,79432773632,58.98
438.736,1815156,1341852,0,3157008,4116604,73831,79449550848,58.98
438.837,1815156,1338780,0,3153936,4116604,73831,79466328064,58.98
438.937,1815156,1340640,0,3155796,4116604,73831,79483105280,58.98
439.037,1815156,1330656,0,3145812,4116604,73831,79516659712,58.98
439.138,1815156,1316704,0,3131860,4116604,73831,79547899904,58.98
439.239,1815156,1318624,0,3133780,4116604,73831,79562579968,58.98
439.339,1815156,1331616,0,3146772,4116604,73831,79573065728,58.98
439.440,1815156,1336352,0,3151508,4116604,73831,79587221504,58.98
439.541,1815156,1340576,0,3155732,4116604,73831,79603724288,58.98
439.641,1815156,1342240,0,3157396,4116604,73831,79620464640,58.98
439.742,1815156,1340128,0,3155284,4116604,73831,79637176320,58.98
439.842,1815156,1341232,0,3156388,4116604,73831,79653953536,58.98
439.943,1815156,1333232,0,3148388,4116604,73831,79685410816,58.98
440.044,1815156,1333172,0,3148328,4116604,73831,79702188032,58.98
440.144,1815156,1351980,0,3167136,4116604,73831,79702188032,58.98
440.245,1815156,1364460,0,3179616,4116604,73831,79702188032,58.98
440.345,1815156,1335148,0,3150304,4116604,73832,79760896000,58.98
440.447,1815156,1336172,0,3151328,4116604,73832,79777673216,58.98
440.547,1815156,1343340,0,3158496,4116604,73832,79788158976,61.52
440.648,1815156,1349804,0,3164960,4116604,73832,79792353280,61.52
440.749,1815156,1364716,0,3179872,4116604,73832,79796547584,61.52
440.850,1815156,1360620,0,3175776,4116604,73832,79813033984,61.52
440.951,1815156,1375532,0,3190688,4116604,73832,79813033984,61.52
441.051,1815156,1366252,0,3181408,4116604,73833,79840296960,61.52
441.152,1815156,1385516,0,3200672,4116604,73833,79840296960,61.52
441.253,1815156,1386600,0,3201756,4116604,73834,79850782720,61.52
441.353,1815156,1386924,0,3202080,4116604,73834,79869640704,61.52
441.453,1815156,1383020,0,3198176,4116604,73834,79896899584,61.52
441.554,1815156,1384556,0,3199712,4116604,73834,79911575552,61.52
441.654,1815156,1370092,0,3185248,4116604,73834,79951421440,61.52
441.755,1815156,1371500,0,3186656,4116604,73834,79968198656,61.52
441.855,1815156,1371692,0,3186848,4116604,73834,79984975872,61.52
441.956,1815156,1372268,0,3187424,4116604,73834,80001753088,61.52
442.056,1815156,1372652,0,3187808,4116604,73834,80018530304,61.52
442.157,1815156,1385132,0,3200288,4116604,73834,80035307520,61.52
442.257,1815156,1387564,0,3202720,4116604,73834,80052084736,61.52
442.358,1815156,1392024,0,3207180,4116604,73834,80068861952,61.52
442.458,1815156,1396504,0,3211660,4116604,73834,80077250560,61.52
442.558,1815156,1396952,0,3212108,4116604,73834,80094027776,60.7
442.659,1815156,1385048,0,3200204,4116604,73834,80127582208,60.7
442.759,1815156,1393432,0,3208588,4116604,73834,80140165120,60.7
442.860,1815156,1402072,0,3217228,4116604,73834,80148553728,60.7
442.960,1815156,1416088,0,3231244,4116604,73834,80148553728,60.7
443.060,1815156,1417176,0,3232332,4116604,73835,80161136640,60.7
443.161,1815156,1423704,0,3238860,4116604,73835,80175620096,60.7
443.261,1815156,1429208,0,3244364,4116604,73835,80190291968,60.7
443.362,1815156,1423896,0,3239052,4116604,73835,80217550848,60.7
443.462,1815156,1433048,0,3248204,4116604,73835,80223842304,60.7
443.563,1815156,1434448,0,3249604,4116604,73835,80238497792,60.7
443.663,1815156,1442064,0,3257220,4116604,73835,80246886400,60.7
443.763,1815156,1442128,0,3257284,4116604,73835,80259469312,60.7
443.864,1815156,1440020,0,3255176,4116604,73835,80288821248,60.7
443.964,1815156,1448916,0,3264072,4116604,73835,80297209856,60.7
444.064,1815156,1448016,0,3263172,4116604,73835,80316829696,60.7
444.165,1815156,1443984,0,3259140,4116604,73835,80333475840,60.7
444.265,1815156,1452816,0,3267972,4116604,73835,80341864448,60.7
444.365,1815156,1454992,0,3270148,4116604,73835,80358379520,60.7
444.466,1815156,1460624,0,3275780,4116604,73835,80374108160,60.7
444.566,1815156,1471504,0,3286660,4116604,73835,80382496768,59.3
444.667,1815156,1482768,0,3297924,4116604,73835,80392978432,59.3
444.767,1815156,1486992,0,3302148,4116604,73835,80407650304,59.3
444.867,1815156,1495120,0,3310276,4116604,73835,80416038912,59.3
444.968,1815156,1492048,0,3307204,4116604,73835,80441204736,59.3
445.068,1815156,1495960,0,3311116,4116604,73835,80457981952,59.3
445.168,1815156,1504212,0,3319368,4116604,73835,80466370560,59.3
445.269,1815156,1501076,0,3316232,4116604,73835,80476852224,59.3
445.369,1815156,1509812,0,3324968,4116604,73835,80491524096,59.3
445.469,1815156,1516404,0,3331560,4116604,73835,80507252736,59.3
445.570,1815156,1532924,0,3348080,4116604,73835,80507252736,59.3
445.670,1815156,1519168,0,3334324,4116604,73835,80540807168,59.3
445.771,1815156,1525888,0,3341044,4116604,73835,80553381888,59.3
445.871,1815156,1521408,0,3336564,4116604,73836,80574078976,59.3
445.971,1815156,1525188,0,3340344,4116604,73836,80590839808,59.3
446.072,1815156,1529732,0,3344888,4116604,73836,80600276992,59.3
446.172,1815156,1530892,0,3346048,4116604,73836,80625442816,59.3
446.272,1815156,1537296,0,3352452,4116604,73836,80633831424,59.3
446.373,1815156,1541396,0,3356552,4116604,73836,80650346496,59.3
446.473,1815156,1550356,0,3365512,4116604,73836,80658735104,59.79
446.573,1815156,1558164,0,3373320,4116604,73836,80671309824,59.79
446.674,1815156,1558704,0,3373860,4116604,73837,80692146176,59.79
446.774,1815156,1554160,0,3369316,4116604,73837,80708120576,59.79
446.875,1815156,1554940,0,3370096,4116604,73837,80741412864,59.79
446.975,1815156,1564476,0,3379632,4116604,73837,80752947200,59.79
447.075,1815156,1575996,0,3391152,4116604,73837,80752947200,59.79
447.176,1815156,1582220,0,3397376,4116604,73838,80765530112,59.79
447.276,1815156,1580628,0,3395784,4116604,73838,80782299136,59.79
447.376,1815156,1587516,0,3402672,4116604,73838,80794357760,59.79
447.477,1815156,1594560,0,3409716,4116604,73839,80806096896,59.79
447.577,1815156,1601280,0,3416436,4116604,73839,80814485504,59.79
447.678,1815156,1613456,0,3428612,4116604,73840,80818679808,59.79
447.778,1815156,1586896,0,3402052,4116604,73840,80871108608,59.79
447.878,1815156,1587972,0,3403128,4116604,73840,80887877632,59.79
447.979,1815156,1603772,0,3418928,4116604,73840,80902295552,59.79
448.079,1815156,1609008,0,3424164,4116604,73840,80912781312,59.79
448.179,1815156,1614408,0,3429564,4116604,73840,80921169920,59.79
448.280,1815156,1618632,0,3433788,4116604,73840,80931655680,59.79
448.380,1815156,1621128,0,3436284,4116604,73840,80944238592,59.79
448.481,1815156,1632008,0,3447164,4116604,73840,80952627200,61.82
448.581,1815156,1631080,0,3446236,4116604,73840,80969388032,61.82
448.681,1815156,1635980,0,3451136,4116604,73840,80984088576,61.82
448.782,1815156,1639480,0,3454636,4116604,73840,81005191168,61.82
448.882,1815156,1651192,0,3466348,4116604,73840,81005191168,61.82
448.982,1815156,1650204,0,3465360,4116604,73841,81026162688,61.82
449.083,1815156,1661616,0,3476772,4116604,73841,81026162688,61.82
449.183,1815156,1654704,0,3469860,4116604,73841,81053425664,61.82
449.284,1815156,1654124,0,3469280,4116604,73841,81070202880,61.82
449.384,1815156,1654508,0,3469664,4116604,73841,81093271552,61.82
449.484,1815156,1657200,0,3472356,4116604,73841,81110048768,61.82
449.585,1815156,1657968,0,3473124,4116604,73841,81126563840,61.82
449.685,1815156,1656496,0,3471652,4116604,73841,81143341056,61.82
449.785,1815156,1661096,0,3476252,4116604,73841,81160118272,61.82
449.886,1815156,1663784,0,3478940,4116604,73841,81176895488,61.82
449.986,1815156,1668456,0,3483612,4116604,73841,81192624128,61.82
450.086,1815156,1667944,0,3483100,4116604,73841,81209401344,61.82
450.187,1815156,1671464,0,3486620,4116604,73841,81226178560,61.82
450.287,1815156,1671680,0,3486836,4116604,73841,81242693632,61.82
450.388,1815156,1676544,0,3491700,4116604,73841,81259470848,61.82
450.488,1815156,1670080,0,3485236,4116604,73841,81293025280,60.76
450.588,1815156,1669248,0,3484404,4116604,73841,81309802496,60.76
450.689,1815156,1684608,0,3499764,4116604,73841,81309802496,60.76
450.789,1815156,1686724,0,3501880,4116604,73841,81322385408,60.76
450.889,1815156,1696400,0,3511556,4116604,73841,81330774016,60.76
450.990,1815156,1703384,0,3518540,4116604,73841,81347551232,60.76
451.090,1815156,1701980,0,3517136,4116604,73841,81360125952,60.76
451.190,1815156,1695832,0,3510988,4116604,73841,81393672192,60.76
451.291,1815156,1703000,0,3518156,4116604,73841,81393672192,60.76
451.391,1815156,1710304,0,3525460,4116604,73841,81410449408,60.76
451.492,1815156,1714776,0,3529932,4116604,73841,81426964480,60.76
451.592,1815156,1702160,0,3517316,4116604,73841,81452130304,60.76
451.692,1815156,1717028,0,3532184,4116604,73841,81452130304,60.76
451.793,1815156,1721980,0,3537136,4116604,73842,81458417664,60.76
451.893,1815156,1716604,0,3531760,4116604,73842,81489874944,60.76
451.993,1815156,1722968,0,3538124,4116604,73842,81502326784,60.76
452.094,1815156,1739240,0,3554396,4116604,73842,81502326784,60.76
452.194,1815156,1746708,0,3561864,4116604,73843,81510584320,60.76
452.295,1815156,1757200,0,3572356,4116604,73843,81518972928,60.76
452.395,1815156,1755760,0,3570916,4116604,73844,81542025216,60.76
452.495,1815156,1762844,0,3578000,4116604,73844,81552510976,60.99
452.596,1815156,1763632,0,3578788,4116604,73844,81567191040,60.99
452.696,1815156,1761012,0,3576168,4116604,73845,81602179072,60.99
452.796,1815156,1760744,0,3575900,4116604,73845,81620410368,60.99
452.897,1815156,1763300,0,3578456,4116604,73845,81630892032,60.99
452.997,1815156,1764644,0,3579800,4116604,73846,81651863552,60.99
453.098,1815156,1771392,0,3586548,4116604,73846,81668640768,60.99
453.198,1815156,1773956,0,3589112,4116604,73846,81685417984,60.99
453.298,1815156,1779024,0,3594180,4116604,73846,81702195200,60.99
453.399,1815156,1779792,0,3594948,4116604,73846,81718972416,60.99
453.499,1815156,1781380,0,3596536,4116604,73846,81735749632,60.99
453.599,1815156,1777196,0,3592352,4116604,73847,81756721152,60.99
453.700,1815156,1785172,0,3600328,4116604,73847,81767206912,60.99
453.800,1815156,1786060,0,3601216,4116604,73848,81779752960,60.99
453.901,1815156,1795280,0,3610436,4116604,73848,81779752960,60.99
454.001,1815156,1810560,0,3625716,4116604,73848,81779752960,60.99
454.101,1815156,1813840,0,3628996,4116604,73849,81785913344,60.99
454.202,1815156,1800628,0,3615784,4116604,73849,81818419200,60.99
454.302,1815156,1790272,0,3605428,4116604,73849,81843290112,60.99
454.402,1815156,1782608,0,3597764,4116604,73849,81857957888,60.99
454.503,1815156,1797620,0,3612776,4116604,73849,81863393280,57.91
454.603,1815156,1804684,0,3619840,4116604,73850,81871773696,57.91
454.704,1815156,1802004,0,3617160,4116604,73850,81894830080,57.91
454.804,1815156,1813072,0,3628228,4116604,73850,81894830080,57.91
454.904,1815156,1823056,0,3638212,4116604,73851,81901117440,57.91
455.005,1815156,1814584,0,3629740,4116604,73852,81929945088,57.91
455.105,1815156,1824116,0,3639272,4116604,73852,81938333696,57.91
455.206,1815156,1824036,0,3639192,4116604,73852,81955110912,57.91
455.306,1815156,1826980,0,3642136,4116604,73853,81965666304,57.91
455.406,1815156,1841268,0,3656424,4116604,73853,81965666304,57.91
455.507,1815156,1835584,0,3650740,4116604,73854,81998417920,57.91
455.607,1815156,1847860,0,3663016,4116604,73854,81998417920,57.91
455.707,1815156,1857052,0,3672208,4116604,73855,82004447232,57.91
455.808,1815156,1842920,0,3658076,4116604,73856,82033799168,57.91
455.908,1815156,1854120,0,3669276,4116604,73856,82033799168,57.91
456.009,1815156,1868968,0,3684124,4116604,73856,82039615488,57.91
456.109,1815156,1859760,0,3674916,4116604,73857,82065674240,57.91
456.210,1815156,1855400,0,3670556,4116604,73857,82099658752,57.91
456.310,1815156,1865960,0,3681116,4116604,73857,82099658752,57.91
456.410,1815156,1870120,0,3685276,4116604,73858,82116698112,57.91
456.511,1815156,1874136,0,3689292,4116604,73858,82131378176,59.37
456.611,1815156,1879340,0,3694496,4116604,73858,82143961088,59.37
456.712,1815156,1868268,0,3683424,4116604,73858,82177515520,59.37
456.812,1815156,1875644,0,3690800,4116604,73858,82194292736,59.37
456.912,1815156,1874096,0,3689252,4116604,73858,82211069952,59.37
457.013,1815156,1875376,0,3690532,4116604,73858,82227847168,59.37
457.113,1815156,1865264,0,3680420,4116604,73858,82261401600,59.37
457.214,1815156,1863964,0,3679120,4116604,73858,82278178816,59.37
457.314,1815156,1868188,0,3683344,4116604,73858,82294956032,59.37
457.415,1815156,1872540,0,3687696,4116604,73858,82306490368,59.37
457.515,1815156,1886364,0,3701520,4116604,73858,82306490368,59.37
457.616,1815156,1890844,0,3706000,4116604,73859,82313814016,59.37
457.716,1815156,1886136,0,3701292,4116604,73859,82346008576,59.37
457.817,1815156,1898348,0,3713504,4116604,73859,82354397184,59.37
457.917,1815156,1915628,0,3730784,4116604,73859,82354397184,59.37
458.017,1815156,1907352,0,3722508,4116604,73860,82377449472,59.37
458.118,1815156,1908440,0,3723596,4116604,73860,82391605248,59.37
458.218,1815156,1908952,0,3724108,4116604,73860,82402091008,59.37
458.318,1815156,1909360,0,3724516,4116604,73860,82427256832,59.37
458.419,1815156,1913136,0,3728292,4116604,73860,82434596864,59.37
458.519,1815156,1921064,0,3736220,4116604,73860,82442985472,61.12
458.620,1815156,1934548,0,3749704,4116604,73860,82455568384,61.12
458.720,1815156,1939796,0,3754952,4116604,73861,82468306944,61.12
458.820,1815156,1940584,0,3755740,4116604,73861,82484822016,61.12
458.921,1815156,1950208,0,3765364,4116604,73861,82493210624,61.12
459.021,1815156,1961600,0,3776756,4116604,73861,82501599232,61.12
459.122,1815156,1964032,0,3779188,4116604,73861,82509987840,61.12
459.222,1815156,1974264,0,3789420,4116604,73862,82514182144,61.12
459.323,1815156,1964536,0,3779692,4116604,73862,82547720192,61.12
459.423,1815156,1965812,0,3780968,4116604,73862,82564333568,61.12
459.523,1815156,1965940,0,3781096,4116604,73862,82576326656,61.12
459.624,1815156,1970356,0,3785512,4116604,73862,82584715264,61.12
459.724,1815156,1985828,0,3800984,4116604,73862,82584715264,61.12
459.825,1815156,1996908,0,3812064,4116604,73863,82597302272,61.12
459.925,1815156,2001512,0,3816668,4116604,73863,82609881088,61.12
460.026,1815156,2011752,0,3826908,4116604,73863,82626658304,61.12
460.126,1815156,2011036,0,3826192,4116604,73863,82642386944,61.12
460.227,1815156,1998448,0,3813604,4116604,73863,82673844224,61.12
460.328,1815156,1998424,0,3813580,4116604,73863,82690621440,61.12
460.428,1815156,1998972,0,3814128,4116604,73863,82707398656,61.12
460.529,1815156,1996116,0,3811272,4116604,73863,82724175872,61.28
460.629,1815156,1994784,0,3809940,4116604,73863,82738380800,61.28
460.730,1815156,2005152,0,3820308,4116604,73863,82741526528,61.28
460.830,1815156,1999148,0,3814304,4116604,73863,82757255168,61.28
460.931,1815156,2001088,0,3816244,4116604,73863,82774032384,61.28
461.031,1815156,2000084,0,3815240,4116604,73863,82790809600,61.28
461.132,1815156,2004436,0,3819592,4116604,73863,82807586816,61.28
461.232,1815156,2004692,0,3819848,4116604,73863,82824364032,61.28
461.332,1815156,1992708,0,3807864,4116604,73863,82857918464,61.28
461.433,1815156,1992836,0,3807992,4116604,73863,82874695680,61.28
461.534,1815156,1995140,0,3810296,4116604,73863,82891472896,61.28
461.635,1815156,2001584,0,3816740,4116604,73863,82908250112,61.28
461.735,1815156,2001348,0,3816504,4116604,73863,82925027328,61.28
461.836,1815156,2011972,0,3827128,4116604,73863,82943127552,61.28
461.936,1815156,2010500,0,3825656,4116604,73863,82959904768,61.28
462.036,1815156,2011820,0,3826976,4116604,73863,82976681984,61.28
462.137,1815156,2012776,0,3827932,4116604,73863,82993459200,61.28
462.237,1815156,2017428,0,3832584,4116604,73863,83010236416,61.28
462.338,1815156,2021256,0,3836412,4116604,73863,83027013632,61.28
462.438,1815156,2015600,0,3830756,4116604,73863,83032813568,61.28
462.539,1815156,2023628,0,3838784,4116604,73863,83049590784,61.95
462.639,1815156,2030588,0,3845744,4116604,73863,83066368000,61.95
462.740,1815156,2032156,0,3847312,4116604,73863,83083145216,61.95
462.840,1815156,2036264,0,3851420,4116604,73863,83099922432,61.95
462.940,1815156,2040872,0,3856028,4116604,73863,83112505344,61.95
463.041,1815156,2043492,0,3858648,4116604,73863,83122991104,61.95
463.141,1815156,2052392,0,3867548,4116604,73863,83133476864,61.95
463.242,1815156,2061688,0,3876844,4116604,73863,83141865472,61.95
463.342,1815156,2071864,0,3887020,4116604,73863,83141865472,61.95
463.442,1815156,2074236,0,3889392,4116604,73864,83164913664,61.95
463.543,1815156,2092388,0,3907544,4116604,73864,83164913664,61.95
463.643,1815156,2082124,0,3897280,4116604,73865,83192176640,61.95
463.744,1815156,2093268,0,3908424,4116604,73865,83195301888,61.95
463.844,1815156,2106632,0,3921788,4116604,73865,83195301888,61.95
463.945,1815156,959744,0,2774900,4116604,73867,83203706880,61.95
464.045,1815156,17748,0,1832904,4116604,73870,83220533248,61.95
464.146,1815156,112256,0,1927412,4116604,73881,83254087680,61.95
464.247,1815156,173872,0,1989028,4116604,73881,83283759104,61.95
464.347,1815172,173872,0,1989044,4116604,73881,83283759104,61.95
464.448,1815172,211760,0,2026932,4116604,73882,83283759104,61.95
464.548,1815172,173872,0,1989044,4116604,73882,83283759104,59.97
464.649,1815176,174392,0,1989568,4116604,73888,83308044288,59.97
464.749,1815176,247104,0,2062280,4116604,73896,83365015552,59.97
464.850,1815176,332576,0,2147752,4116604,73896,83365015552,59.97
464.950,1815176,331352,0,2146528,4116604,73896,83365015552,59.97
465.050,1815176,175096,0,1990272,4116604,73896,83365015552,59.97
465.151,1815180,270548,0,2085728,4116604,73898,83390050304,59.97
465.252,1815180,276500,0,2091680,4116604,73898,83398438912,59.97
465.352,1815180,283412,0,2098592,4116604,73898,83406827520,59.97
465.453,1815180,290068,0,2105248,4116604,73898,83415216128,59.97
465.553,1815180,296852,0,2112032,4116604,73898,83423604736,59.97
465.654,1815180,304532,0,2119712,4116604,73898,83431993344,59.97
465.755,1815180,312724,0,2127904,4116604,73898,83440381952,59.97
465.855,1815180,320916,0,2136096,4116604,73898,83448770560,59.97
465.956,1815180,329108,0,2144288,4116604,73898,83457159168,59.97
466.056,1815180,339348,0,2154528,4116604,73898,83465547776,59.97
466.157,1815180,343444,0,2158624,4116604,73898,83465547776,59.97
466.257,1815180,351636,0,2166816,4116604,73898,83473936384,59.97
466.358,1815180,359828,0,2175008,4116604,73898,83482324992,59.97
466.458,1815180,365972,0,2181152,4116604,73898,83490713600,59.97
466.559,1815180,372116,0,2187296,4116604,73898,83499102208,60.33
466.659,1815180,378260,0,2193440,4116604,73898,83507490816,60.33
466.760,1815180,386452,0,2201632,4116604,73898,83515879424,60.33
466.860,1815180,390548,0,2205728,4116604,73898,83515879424,60.33
466.961,1815180,396692,0,2211872,4116604,73898,83524268032,60.33
467.061,1815180,404884,0,2220064,4116604,73898,83532656640,60.33
467.162,1815180,413076,0,2228256,4116604,73898,83541045248,60.33
467.262,1815180,421268,0,2236448,4116604,73898,83549433856,60.33
467.363,1815180,429460,0,2244640,4116604,73898,83557822464,60.33
467.464,1815180,439700,0,2254880,4116604,73898,83566211072,60.33
467.564,1815180,443796,0,2258976,4116604,73898,83574599680,60.33
467.664,1815180,449940,0,2265120,4116604,73898,83574599680,60.33
467.765,1815180,456084,0,2271264,4116604,73898,83582988288,60.33
467.865,1815180,462228,0,2277408,4116604,73898,83591376896,60.33
467.966,1815180,474516,0,2289696,4116604,73898,83599765504,60.33
468.067,1815180,480660,0,2295840,4116604,73898,83608154112,60.33
468.167,1815180,486804,0,2301984,4116604,73898,83616542720,60.33
468.267,1815180,494996,0,2310176,4116604,73898,83624931328,60.33
468.368,1815180,503188,0,2318368,4116604,73898,83633319936,60.33
468.468,1815180,509332,0,2324512,4116604,73898,83641708544,60.33
468.569,1815180,517524,0,2332704,4116604,73898,83650097152,60.45
468.669,1815180,523668,0,2338848,4116604,73898,83650097152,60.45
468.770,1815180,533908,0,2349088,4116604,73898,83666874368,60.45
468.870,1815180,540052,0,2355232,4116604,73898,83666874368,60.45
468.971,1815180,548244,0,2363424,4116604,73898,83675262976,60.45
469.072,1815180,554388,0,2369568,4116604,73898,83683651584,60.45
469.172,1815180,560532,0,2375712,4116604,73898,83692040192,60.45
469.273,1815180,566676,0,2381856,4116604,73898,83700428800,60.45
469.373,1815180,572820,0,2388000,4116604,73898,83700428800,60.45
469.473,1815180,581012,0,2396192,4116604,73898,83708817408,60.45
469.574,1815180,589204,0,2404384,4116604,73898,83717206016,60.45
469.675,1815180,597396,0,2412576,4116604,73898,83725594624,60.45
469.775,1815180,605588,0,2420768,4116604,73898,83733983232,60.45
469.875,1815180,615828,0,2431008,4116604,73898,83750760448,60.45
469.976,1815180,621972,0,2437152,4116604,73898,83750760448,60.45
470.076,1815180,630164,0,2445344,4116604,73898,83759149056,60.45
470.177,1815180,638356,0,2453536,4116604,73898,83767537664,60.45
470.277,1815180,644500,0,2459680,4116604,73898,83775926272,60.45
470.378,1815180,650644,0,2465824,4116604,73898,83784314880,60.45
470.478,1815180,656788,0,2471968,4116604,73898,83792703488,60.45
470.579,1815180,664980,0,2480160,4116604,73898,83801092096,61.64
470.679,1815180,671124,0,2486304,4116604,73898,83801092096,61.64
470.780,1815180,677268,0,2492448,4116604,73898,83809480704,61.64
470.880,1815180,683412,0,2498592,4116604,73898,83817869312,61.64
470.981,1815180,691604,0,2506784,4116604,73898,83826257920,61.64
471.081,1815180,697748,0,2512928,4116604,73898,83834646528,61.64
471.182,1815180,705940,0,2521120,4116604,73898,83843035136,61.64
471.283,1815180,714132,0,2529312,4116604,73898,83851423744,61.64
471.383,1815180,720276,0,2535456,4116604,73898,83851423744,61.64
471.483,1815180,726420,0,2541600,4116604,73898,83859812352,61.64
471.584,1815180,734612,0,2549792,4116604,73898,83868200960,61.64
471.685,1815180,740756,0,2555936,4116604,73898,83876589568,61.64
471.785,1815180,746900,0,2562080,4116604,73898,83884978176,61.64
471.885,1815180,753044,0,2568224,4116604,73898,83884978176,61.64
471.986,1815180,759188,0,2574368,4116604,73898,83893366784,61.64
472.086,1815180,765332,0,2580512,4116604,73898,83901755392,61.64
472.187,1815180,769428,0,2584608,4116604,73898,83901755392,61.64
472.288,1815180,777620,0,2592800,4116604,73898,83908902912,61.64
472.388,1815180,781716,0,2596896,4116604,73898,83908902912,61.64
472.489,1815180,784600,0,2599780,4116604,73898,83908902912,61.64
472.590,1815180,784600,0,2599780,4116604,73898,83908902912,61.34
472.690,1815180,784600,0,2599780,4116604,73898,83908902912,61.34
472.791,1815180,784600,0,2599780,4116604,73898,83908902912,61.34
472.891,1815180,784600,0,2599780,4116604,73898,83908902912,61.34
472.992,1815180,784600,0,2599780,4116604,73898,83908902912,61.34
473.092,1815180,784600,0,2599780,4116604,73898,83908902912,61.34
473.193,1815180,784600,0,2599780,4116604,73898,83908902912,61.34
473.293,1815180,784600,0,2599780,4116604,73898,83908902912,61.34
473.394,1815180,784600,0,2599780,4116604,73898,83908902912,61.34
473.494,1815180,784600,0,2599780,4116604,73898,83908902912,61.34
473.595,1815180,784600,0,2599780,4116604,73898,83908902912,61.34
473.696,1815180,784600,0,2599780,4116604,73898,83908902912,61.34
473.797,1815180,784600,0,2599780,4116604,73898,83908902912,61.34
473.897,1815180,784600,0,2599780,4116604,73898,83908902912,61.34
473.998,1815180,784600,0,2599780,4116604,73898,83908902912,61.34
474.098,1815180,784600,0,2599780,4116604,73898,83908902912,61.34
474.199,1815180,784600,0,2599780,4116604,73898,83908902912,61.34
474.299,1815180,784600,0,2599780,4116604,73898,83908902912,61.34
474.400,1815180,784600,0,2599780,4116604,73898,83908902912,61.34
474.500,1815180,784600,0,2599780,4116604,73898,83908902912,61.34
474.601,1815180,784600,0,2599780,4116604,73898,83908902912,59.65
474.701,1815180,784600,0,2599780,4116604,73898,83908902912,59.65
474.802,1815180,784600,0,2599780,4116604,73898,83908902912,59.65
474.902,1815180,784600,0,2599780,4116604,73898,83908902912,59.65
475.002,1815180,784600,0,2599780,4116604,73898,83908902912,59.65
475.103,1815180,784600,0,2599780,4116604,73898,83908902912,59.65
475.203,1815180,784600,0,2599780,4116604,73898,83908902912,59.65
475.304,1815180,784600,0,2599780,4116604,73898,83908902912,59.65
475.405,1815180,784600,0,2599780,4116604,73898,83908902912,59.65
475.505,1815180,784600,0,2599780,4116604,73898,83908902912,59.65
475.606,1815180,784600,0,2599780,4116604,73898,83908902912,59.65
475.706,1815180,784600,0,2599780,4116604,73898,83908902912,59.65
475.807,1815180,784600,0,2599780,4116604,73898,83908902912,59.65
475.907,1815180,784600,0,2599780,4116604,73898,83908902912,59.65
476.008,1815180,784600,0,2599780,4116604,73898,83908902912,59.65
476.108,1815180,784600,0,2599780,4116604,73898,83908902912,59.65
476.208,1815180,784600,0,2599780,4116604,73898,83908902912,59.65
476.309,1815180,784600,0,2599780,4116604,73898,83908902912,59.65
476.409,1815180,784600,0,2599780,4116604,73898,83908902912,59.65
476.509,1815180,784600,0,2599780,4116604,73898,83908902912,59.65
476.610,1815180,784600,0,2599780,4116604,73898,83908902912,61.7
476.710,1815180,784600,0,2599780,4116604,73898,83908902912,61.7
476.810,1815180,784600,0,2599780,4116604,73898,83908902912,61.7
476.911,1815180,784600,0,2599780,4116604,73898,83908902912,61.7
477.011,1815180,784600,0,2599780,4116604,73898,83908902912,61.7
477.112,1815180,784600,0,2599780,4116604,73898,83908902912,61.7
477.212,1815180,784600,0,2599780,4116604,73898,83908902912,61.7
477.312,1815180,784600,0,2599780,4116604,73898,83908902912,61.7
477.413,1815180,784600,0,2599780,4116604,73898,83908902912,61.7
477.513,1815180,784600,0,2599780,4116604,73898,83908902912,61.7
477.613,1815180,784600,0,2599780,4116604,73898,83908902912,61.7
477.714,1815180,784600,0,2599780,4116604,73898,83908902912,61.7
477.814,1815180,784600,0,2599780,4116604,73898,83908902912,61.7
477.915,1815180,784600,0,2599780,4116604,73898,83908902912,61.7
478.015,1815180,784600,0,2599780,4116604,73898,83908902912,61.7
478.115,1815180,784600,0,2599780,4116604,73898,83908902912,61.7
478.216,1815180,784600,0,2599780,4116604,73898,83908902912,61.7
478.316,1815180,784600,0,2599780,4116604,73898,83908902912,61.7
478.417,1815180,784600,0,2599780,4116604,73898,83908902912,61.7
478.517,1815180,784600,0,2599780,4116604,73898,83908902912,61.7
478.617,1815180,784600,0,2599780,4116604,73898,83908902912,63.02
478.718,1815180,784600,0,2599780,4116604,73898,83908902912,63.02
478.818,1815180,784600,0,2599780,4116604,73898,83908902912,63.02
478.918,1815180,784600,0,2599780,4116604,73898,83908902912,63.02
479.019,1815180,784600,0,2599780,4116604,73898,83908902912,63.02
479.119,1815180,784600,0,2599780,4116604,73898,83908902912,63.02
479.220,1815180,784600,0,2599780,4116604,73898,83908902912,63.02
479.320,1815180,784600,0,2599780,4116604,73898,83908902912,63.02
479.421,1815180,784600,0,2599780,4116604,73898,83908902912,63.02
479.521,1815180,784600,0,2599780,4116604,73898,83908902912,63.02
479.621,1815180,784600,0,2599780,4116604,73898,83908902912,63.02
479.722,1815180,784600,0,2599780,4116604,73898,83908902912,63.02
479.822,1815180,784600,0,2599780,4116604,73898,83908902912,63.02
479.922,1815180,784600,0,2599780,4116604,73898,83908902912,63.02
480.023,1815180,784600,0,2599780,4116604,73898,83908902912,63.02
480.123,1815180,784600,0,2599780,4116604,73898,83908902912,63.02
480.224,1815180,784600,0,2599780,4116604,73898,83908902912,63.02
480.324,1815180,784600,0,2599780,4116604,73898,83908902912,63.02
480.424,1815180,784600,0,2599780,4116604,73898,83908902912,63.02
480.525,1815180,784600,0,2599780,4116604,73898,83908902912,62.48
480.625,1815180,784600,0,2599780,4116604,73898,83908902912,62.48
480.725,1815180,784600,0,2599780,4116604,73898,83908902912,62.48
480.826,1815180,784600,0,2599780,4116604,73898,83908902912,62.48
480.926,1815180,784600,0,2599780,4116604,73898,83908902912,62.48
481.027,1815180,784600,0,2599780,4116604,73898,83908902912,62.48
481.127,1815180,784600,0,2599780,4116604,73898,83908902912,62.48
481.227,1815180,784600,0,2599780,4116604,73898,83908902912,62.48
481.328,1815180,784600,0,2599780,4116604,73898,83908902912,62.48
481.428,1815180,784600,0,2599780,4116604,73898,83908902912,62.48
481.529,1815180,784600,0,2599780,4116604,73898,83908902912,62.48
481.629,1815180,784600,0,2599780,4116604,73898,83908902912,62.48
481.729,1815180,784600,0,2599780,4116604,73898,83908902912,62.48
481.830,1815180,784600,0,2599780,4116604,73898,83908902912,62.48
481.930,1815180,784600,0,2599780,4116604,73898,83908902912,62.48
482.030,1815180,784600,0,2599780,4116604,73898,83908902912,62.48
482.131,1815180,784600,0,2599780,4116604,73898,83908902912,62.48
482.231,1815180,784600,0,2599780,4116604,73898,83908902912,62.48
482.332,1815180,784600,0,2599780,4116604,73898,83908902912,62.48
482.432,1815180,784600,0,2599780,4116604,73898,83908902912,62.48
482.532,1815180,784600,0,2599780,4116604,73898,83908902912,61.66
482.633,1815180,784600,0,2599780,4116604,73898,83908902912,61.66
482.733,1815180,784600,0,2599780,4116604,73898,83908902912,61.66
482.833,1815180,784600,0,2599780,4116604,73898,83908902912,61.66
482.934,1815180,784600,0,2599780,4116604,73898,83908902912,61.66
483.034,1815180,784600,0,2599780,4116604,73898,83908902912,61.66
483.134,1815180,784600,0,2599780,4116604,73898,83908902912,61.66
483.235,1815180,784600,0,2599780,4116604,73898,83908902912,61.66
483.335,1815180,784600,0,2599780,4116604,73898,83908902912,61.66
483.436,1815180,784600,0,2599780,4116604,73898,83908902912,61.66
483.536,1815180,784600,0,2599780,4116604,73898,83908902912,61.66
483.636,1815180,784600,0,2599780,4116604,73898,83908902912,61.66
483.737,1815180,784600,0,2599780,4116604,73898,83908902912,61.66
483.837,1985160,784600,0,2769760,4116604,73898,83908902912,61.66
483.937,2128744,784600,0,2913344,4116604,73898,83908902912,61.66
484.038,2275976,784600,0,3060576,4116604,73898,83908902912,61.66
484.140,2423768,784600,0,3208368,4116604,73898,83908902912,61.66
484.241,2589164,784600,0,3373764,4116604,73898,83908902912,61.66
484.341,2755016,784600,0,3539616,4116604,73898,83908902912,61.66
484.442,2756088,784600,0,3540688,4116604,73898,83908902912,61.66
484.542,2756088,784600,0,3540688,4116604,73898,83908902912,61.36
484.642,2756088,784600,0,3540688,4116604,73898,83908902912,61.36
484.743,2756088,784600,0,3540688,4116604,73898,83908902912,61.36
484.843,2756088,784600,0,3540688,4116604,73898,83908902912,61.36
484.944,2756088,784600,0,3540688,4116604,73898,83908902912,61.36
485.044,2756088,784600,0,3540688,4116604,73898,83908902912,61.36
485.144,2756088,784600,0,3540688,4116604,73898,83908902912,61.36
485.245,2756088,784600,0,3540688,4116604,73898,83908902912,61.36
485.345,2756088,784600,0,3540688,4116604,73898,83908902912,61.36
485.445,2756088,784600,0,3540688,4116604,73898,83908902912,61.36
485.546,2756088,784600,0,3540688,4116604,73898,83908902912,61.36
485.646,2756088,784600,0,3540688,4116604,73898,83908902912,61.36
485.747,2756088,784600,0,3540688,4116604,73898,83908902912,61.36
485.847,2756088,784600,0,3540688,4116604,73898,83908902912,61.36
485.948,2756088,784600,0,3540688,4116604,73898,83908902912,61.36
486.048,2756088,784600,0,3540688,4116604,73898,83908902912,61.36
486.148,2756088,784600,0,3540688,4116604,73898,83908902912,61.36
486.249,2756088,784600,0,3540688,4116604,73898,83908902912,61.36
486.349,2756088,784600,0,3540688,4116604,73898,83908902912,61.36
486.450,2756088,784600,0,3540688,4116604,73898,83908902912,61.36
486.550,2756088,784600,0,3540688,4116604,73898,83908902912,59.85
486.651,2756088,783064,0,3539152,4116604,73898,83908902912,59.85
486.751,2756088,783000,0,3539088,4116604,73898,83908902912,59.85
486.851,2756088,783000,0,3539088,4116604,73898,83908902912,59.85
486.952,2756088,783000,0,3539088,4116604,73898,83908902912,59.85
487.052,2756088,783000,0,3539088,4116604,73898,83908902912,59.85
487.153,2756088,783000,0,3539088,4116604,73898,83908902912,59.85
487.253,2756088,783000,0,3539088,4116604,73898,83908902912,59.85
487.354,2756088,783000,0,3539088,4116604,73898,83908902912,59.85
487.454,2756088,783000,0,3539088,4116604,73898,83908902912,59.85
487.554,2756088,783000,0,3539088,4116604,73898,83908902912,59.85
487.655,2756088,783000,0,3539088,4116604,73898,83908902912,59.85
487.755,2756088,783000,0,3539088,4116604,73898,83908902912,59.85
487.856,2756088,783000,0,3539088,4116604,73898,83908902912,59.85
487.956,2756088,783000,0,3539088,4116604,73898,83908902912,59.85
488.057,2756088,783000,0,3539088,4116604,73898,83908902912,59.85
488.157,2756088,783000,0,3539088,4116604,73898,83908902912,59.85
488.258,2756088,783000,0,3539088,4116604,73898,83908902912,59.85
488.358,2756088,783000,0,3539088,4116604,73898,83908902912,59.85
488.459,2756088,783000,0,3539088,4116604,73898,83908902912,59.85
488.559,2756088,783000,0,3539088,4116604,73898,83908902912,61.14
488.660,2756088,783000,0,3539088,4116604,73898,83908902912,61.14
488.760,2756088,783000,0,3539088,4116604,73898,83908902912,61.14
488.860,2756088,783000,0,3539088,4116604,73898,83908902912,61.14
488.961,2756088,783000,0,3539088,4116604,73898,83908902912,61.14
489.061,2756088,783000,0,3539088,4116604,73898,83908902912,61.14
489.162,2756088,783000,0,3539088,4116604,73898,83908902912,61.14
489.262,2756088,783000,0,3539088,4116604,73898,83908902912,61.14
489.363,2756088,783000,0,3539088,4116604,73898,83908902912,61.14
489.463,2756088,783000,0,3539088,4116604,73898,83908902912,61.14
489.564,2756088,783000,0,3539088,4116604,73898,83908902912,61.14
489.664,2756088,783000,0,3539088,4116604,73898,83908902912,61.14
489.764,2756088,783000,0,3539088,4116604,73898,83908902912,61.14
489.865,2756088,783000,0,3539088,4116604,73898,83908902912,61.14
489.965,2756088,783000,0,3539088,4116604,73898,83908902912,61.14
490.066,2756088,783000,0,3539088,4116604,73898,83908902912,61.14
490.166,2756088,783000,0,3539088,4116604,73898,83908902912,61.14
490.267,2756088,783000,0,3539088,4116604,73898,83908902912,61.14
490.367,2756088,783000,0,3539088,4116604,73898,83908902912,61.14
490.468,2756088,783000,0,3539088,4116604,73898,83908902912,61.14
490.568,2756088,783000,0,3539088,4116604,73898,83908902912,57.13
490.669,2756088,783000,0,3539088,4116604,73898,83908902912,57.13
490.770,2756088,783000,0,3539088,4116604,73898,83908902912,57.13
490.870,2756088,783000,0,3539088,4116604,73898,83908902912,57.13
490.971,2756088,783000,0,3539088,4116604,73898,83908902912,57.13
491.072,2756088,783000,0,3539088,4116604,73898,83908902912,57.13
491.172,2756088,783000,0,3539088,4116604,73898,83908902912,57.13
491.272,2756088,783000,0,3539088,4116604,73898,83908902912,57.13
491.373,2756088,783000,0,3539088,4116604,73898,83908902912,57.13
491.473,2756088,783000,0,3539088,4116604,73898,83908902912,57.13
491.574,2756088,783000,0,3539088,4116604,73898,83908902912,57.13
491.675,2756088,783000,0,3539088,4116604,73898,83908902912,57.13
491.775,2756088,783000,0,3539088,4116604,73898,83908902912,57.13
491.876,2756088,783000,0,3539088,4116604,73898,83908902912,57.13
491.976,2756088,783000,0,3539088,4116604,73898,83908902912,57.13
492.076,2756088,783000,0,3539088,4116604,73898,83908902912,57.13
492.177,2756088,783000,0,3539088,4116604,73898,83908902912,57.13
492.277,2756088,783000,0,3539088,4116604,73898,83908902912,57.13
492.378,2756088,783000,0,3539088,4116604,73898,83908902912,57.13
492.478,2756088,783000,0,3539088,4116604,73898,83908902912,57.13
492.579,2756088,783000,0,3539088,4116604,73898,83908902912,58.01
492.679,2756088,783000,0,3539088,4116604,73898,83908902912,58.01
492.780,2756088,783000,0,3539088,4116604,73898,83908902912,58.01
492.880,2756088,783000,0,3539088,4116604,73898,83908902912,58.01
492.981,2756088,783000,0,3539088,4116604,73898,83908902912,58.01
493.081,2756088,783000,0,3539088,4116604,73898,83908902912,58.01
493.182,2756088,783000,0,3539088,4116604,73898,83908902912,58.01
493.282,2756088,783000,0,3539088,4116604,73898,83908902912,58.01
493.383,2756088,783000,0,3539088,4116604,73898,83908902912,58.01
493.483,2756088,783000,0,3539088,4116604,73898,83908902912,58.01
493.584,2756088,783000,0,3539088,4116604,73898,83908902912,58.01
493.684,2756088,783000,0,3539088,4116604,73898,83908902912,58.01
493.785,2756088,783000,0,3539088,4116604,73898,83908902912,58.01
493.885,2756088,783000,0,3539088,4116604,73898,83908902912,58.01
493.986,2756088,781912,0,3538000,4116604,73898,83908902912,58.01
494.086,2756088,779544,0,3535632,4116604,73898,83908902912,58.01
494.187,2756088,779544,0,3535632,4116604,73898,83908902912,58.01
494.287,2756088,779544,0,3535632,4116604,73898,83908902912,58.01
494.388,2756088,779544,0,3535632,4116604,73898,83908902912,58.01
494.488,2756088,779544,0,3535632,4116604,73898,83908902912,58.01
494.589,2756088,779544,0,3535632,4116604,73898,83908902912,54.38
494.689,2756088,779544,0,3535632,4116604,73898,83908902912,54.38
494.790,2756088,779544,0,3535632,4116604,73898,83908902912,54.38
494.890,2756088,779544,0,3535632,4116604,73898,83908902912,54.38
494.991,2756088,779544,0,3535632,4116604,73898,83908902912,54.38
495.091,2756088,779544,0,3535632,4116604,73898,83908902912,54.38
495.192,2756088,779544,0,3535632,4116604,73898,83908902912,54.38
495.292,2756088,779544,0,3535632,4116604,73898,83908902912,54.38
495.392,2756088,779544,0,3535632,4116604,73898,83908902912,54.38
495.493,2756088,779544,0,3535632,4116604,73898,83908902912,54.38
495.594,2756088,779544,0,3535632,4116604,73898,83908902912,54.38
495.694,2756088,779544,0,3535632,4116604,73898,83908902912,54.38
495.795,2756088,779544,0,3535632,4116604,73898,83908902912,54.38
495.896,2756088,779544,0,3535632,4116604,73898,83908902912,54.38
495.996,2756088,779544,0,3535632,4116604,73898,83908902912,54.38
496.096,2756088,779544,0,3535632,4116604,73898,83908902912,54.38
496.197,2756088,779544,0,3535632,4116604,73898,83908902912,54.38
496.297,2756088,779544,0,3535632,4116604,73898,83908902912,54.38
496.398,2756088,779544,0,3535632,4116604,73898,83908902912,54.38
496.499,2756088,779544,0,3535632,4116604,73898,83908902912,54.38
496.599,2756088,779544,0,3535632,4116604,73898,83908902912,55.4
496.700,2756088,779544,0,3535632,4116604,73898,83908902912,55.4
496.801,2756088,779544,0,3535632,4116604,73898,83908902912,55.4
496.901,2756088,779544,0,3535632,4116604,73898,83908902912,55.4
497.002,2756088,779544,0,3535632,4116604,73898,83908902912,55.4
497.103,2756088,779544,0,3535632,4116604,73898,83908902912,55.4
497.203,2756088,779544,0,3535632,4116604,73898,83908902912,55.4
497.304,2756088,779544,0,3535632,4116604,73898,83908902912,55.4
497.404,2756088,779544,0,3535632,4116604,73898,83908902912,55.4
497.505,2756088,779544,0,3535632,4116604,73898,83908902912,55.4
497.605,2756088,779544,0,3535632,4116604,73898,83908902912,55.4
497.706,2756088,779544,0,3535632,4116604,73898,83908902912,55.4
497.806,2756088,779544,0,3535632,4116604,73898,83908902912,55.4
497.907,2756088,779544,0,3535632,4116604,73898,83908902912,55.4
498.007,2756088,779544,0,3535632,4116604,73898,83908902912,55.4
498.108,2756088,779544,0,3535632,4116604,73898,83908902912,55.4
498.208,2756088,779544,0,3535632,4116604,73898,83908902912,55.4
498.308,2756088,779544,0,3535632,4116604,73898,83908902912,55.4
498.409,2756088,779544,0,3535632,4116604,73898,83908902912,55.4
498.509,2756088,779544,0,3535632,4116604,73898,83908902912,55.4
498.610,2756088,779544,0,3535632,4116604,73898,83908902912,56.41
498.711,2756088,779544,0,3535632,4116604,73898,83908902912,56.41
498.811,2756088,779544,0,3535632,4116604,73898,83908902912,56.41
498.912,2756088,779544,0,3535632,4116604,73898,83908902912,56.41
499.013,2756088,779544,0,3535632,4116604,73898,83908902912,56.41
499.113,2756088,779544,0,3535632,4116604,73898,83908902912,56.41
499.213,2756088,779544,0,3535632,4116604,73898,83908902912,56.41
499.314,2756088,779544,0,3535632,4116604,73898,83908902912,56.41
499.415,2756088,779544,0,3535632,4116604,73898,83908902912,56.41
499.515,2756088,779544,0,3535632,4116604,73898,83908902912,56.41
499.615,2756088,779544,0,3535632,4116604,73898,83908902912,56.41
499.716,2756088,779544,0,3535632,4116604,73898,83908902912,56.41
499.816,2756088,779544,0,3535632,4116604,73898,83908902912,56.41
499.917,2756088,779544,0,3535632,4116604,73898,83908902912,56.41
500.017,2756088,779544,0,3535632,4116604,73898,83908902912,56.41
500.117,2756088,779544,0,3535632,4116604,73898,83908902912,56.41
500.218,2756088,779544,0,3535632,4116604,73898,83908902912,56.41
500.318,2756088,779544,0,3535632,4116604,73898,83908902912,56.41
500.419,2756088,779544,0,3535632,4116604,73898,83908902912,56.41
500.519,2756088,779544,0,3535632,4116604,73898,83908902912,56.41
500.620,2756088,779544,0,3535632,4116604,73898,83908902912,55.07
500.720,2756088,779544,0,3535632,4116604,73898,83908902912,55.07
500.821,2756088,779544,0,3535632,4116604,73898,83908902912,55.07
500.921,2756088,779544,0,3535632,4116604,73898,83908902912,55.07
501.022,2756088,779544,0,3535632,4116604,73898,83908902912,55.07
501.122,2756088,779544,0,3535632,4116604,73898,83908902912,55.07
501.223,2756088,779544,0,3535632,4116604,73898,83908902912,55.07
501.323,2756088,779544,0,3535632,4116604,73898,83908902912,55.07
501.424,2756088,779544,0,3535632,4116604,73898,83908902912,55.07
501.524,2756088,779544,0,3535632,4116604,73898,83908902912,55.07
501.625,2756088,779544,0,3535632,4116604,73898,83908902912,55.07
501.725,2756088,779544,0,3535632,4116604,73898,83908902912,55.07
501.825,2756088,779544,0,3535632,4116604,73898,83908902912,55.07
501.926,2756088,779544,0,3535632,4116604,73898,83908902912,55.07
502.026,2756088,779544,0,3535632,4116604,73898,83908902912,55.07
502.127,2756088,779544,0,3535632,4116604,73898,83908902912,55.07
502.227,2756088,779544,0,3535632,4116604,73898,83908902912,55.07
502.328,2756088,779544,0,3535632,4116604,73898,83908902912,55.07
502.428,2756088,779544,0,3535632,4116604,73898,83908902912,55.07
502.529,2756088,779544,0,3535632,4116604,73898,83908902912,55.07
502.629,2756088,779544,0,3535632,4116604,73898,83908902912,55.42
502.730,2756088,779512,0,3535600,4116604,73898,83908902912,55.42
502.830,2756088,779496,0,3535584,4116604,73898,83908902912,55.42
502.931,2756088,779496,0,3535584,4116604,73898,83908902912,55.42
503.031,2756088,779496,0,3535584,4116604,73898,83908902912,55.42
503.132,2756088,779496,0,3535584,4116604,73898,83908902912,55.42
503.232,2756088,779496,0,3535584,4116604,73898,83908902912,55.42
503.333,2756088,779496,0,3535584,4116604,73898,83908902912,55.42
503.433,2756088,779496,0,3535584,4116604,73898,83908902912,55.42
503.534,2756088,779496,0,3535584,4116604,73898,83908902912,55.42
503.635,2756088,779496,0,3535584,4116604,73898,83908902912,55.42
503.735,2756088,779496,0,3535584,4116604,73898,83908902912,55.42
503.836,2756088,779496,0,3535584,4116604,73898,83908902912,55.42
503.936,2756088,779496,0,3535584,4116604,73898,83908902912,55.42
504.036,2756088,779496,0,3535584,4116604,73898,83908902912,55.42
504.137,2756088,779496,0,3535584,4116604,73898,83908902912,55.42
504.238,2756088,779496,0,3535584,4116604,73898,83908902912,55.42
504.338,2756088,779496,0,3535584,4116604,73898,83908902912,55.42
504.439,2756088,779496,0,3535584,4116604,73898,83908902912,55.42
504.539,2756088,779496,0,3535584,4116604,73898,83908902912,55.42
504.640,2756088,779496,0,3535584,4116604,73898,83908902912,55.7
504.740,2756088,779496,0,3535584,4116604,73898,83908902912,55.7
504.841,2756088,778408,0,3534496,4116604,73898,83908902912,55.7
504.941,2756088,778664,0,3534752,4116604,73898,83908902912,55.7
505.042,2756088,778664,0,3534752,4116604,73898,83908902912,55.7
505.142,2756088,740272,0,3496360,4116604,73898,83908902912,55.7
505.243,2756088,679256,0,3435344,4116604,73898,83908902912,55.7
505.343,2756088,679256,0,3435344,4116604,73898,83908902912,55.7
505.444,2485104,679256,0,3164360,4116604,73898,83908902912,55.7
505.544,1776116,625852,0,2401968,4116604,73899,84066455552,55.7
505.644,1776116,625852,0,2401968,4116604,73899,84354633728,55.7
505.745,1776116,625852,0,2401968,4116604,73899,84718338048,55.7
505.846,1776116,625852,0,2401968,4116604,73899,85046534144,55.7
505.946,1776116,553132,0,2329248,4116604,73899,85340770304,55.7
506.046,1776116,546908,0,2323024,4116604,73899,85636317184,55.7
506.147,1776116,546908,0,2323024,4116604,73899,85924425728,55.7
506.247,1776116,546908,0,2323024,4116604,73899,86259494912,55.7
506.348,1776116,546908,0,2323024,4116604,73899,86578262016,55.7
506.448,1776116,546524,0,2322640,4116604,73899,86905417728,55.7
506.549,1776116,546524,0,2322640,4116604,73899,87232573440,55.7
506.649,1776116,546496,0,2322612,4116604,73899,87559729152,55.58
506.750,1776116,546496,0,2322612,4116604,73899,87860518912,55.58
506.850,1776116,546496,0,2322612,4116604,73899,88170893312,55.58
506.951,1776116,546496,0,2322612,4116604,73899,88498049024,55.58
507.051,1776116,546496,0,2322612,4116604,73899,88771887104,55.58
507.151,1776116,546496,0,2322612,4116604,73899,88956436480,55.58
507.252,1776116,546496,0,2322612,4116604,73899,89140985856,55.58
507.352,1776116,546496,0,2322612,4116604,73899,89325535232,55.58
507.453,1776116,546496,0,2322612,4116604,73899,89510084608,55.58
507.553,1776116,546496,0,2322612,4116604,73899,89703022592,55.58
507.654,1776116,546496,0,2322612,4116604,73899,89887571968,55.58
507.754,1776116,546496,0,2322612,4116604,73899,90080509952,55.58
507.854,1776116,546496,0,2322612,4116604,73899,90273447936,55.58
507.955,1776116,546496,0,2322612,4116604,73899,90466385920,55.58
508.055,1776116,546496,0,2322612,4116604,73899,90659323904,55.58
508.155,1776116,546496,0,2322612,4116604,73899,90852261888,55.58
508.256,1654784,546560,0,2201344,4116604,73899,91003133952,55.58
