t,RssAnon,RssFile,RssShmem,VmRSS,VmHWM,majflt,read_bytes,psi_io_full
0.001,208,1136,0,1344,1344,0,0,0.04
0.102,8328,12524,0,20852,21784,0,66387968,0.04
0.202,9356,12524,0,21880,21880,0,135475200,0.04
0.302,8832,12524,0,21356,21784,0,189652992,0.04
0.403,9096,12524,0,21620,21804,0,265097216,0.04
0.504,84064,13280,0,97344,151252,0,265097216,0.04
0.604,85284,13408,0,98692,175236,0,265097216,0.04
0.704,104612,13472,0,118084,175236,0,265097216,0.04
0.805,112892,13472,0,126364,175236,0,273485824,0.04
0.905,112892,13472,0,126364,175236,0,273485824,0.03
1.006,112892,13472,0,126364,175236,0,273485824,0.03
1.106,112892,13472,0,126364,175236,0,281874432,0.03
1.207,112892,13472,0,126364,175236,0,281874432,0.03
1.307,112892,13472,0,126364,175236,0,281874432,0.03
1.407,113216,13472,0,126688,175236,0,281874432,0.03
1.508,113392,13472,0,126864,175236,0,281874432,0.03
1.608,114216,13472,0,127688,175236,0,290263040,0.03
1.709,117588,13472,0,131060,175236,0,290263040,0.03
1.809,117588,13472,0,131060,175236,0,290263040,0.03
1.910,117588,13472,0,131060,175236,0,290263040,0.03
2.010,117588,13472,0,131060,175236,0,298651648,0.03
2.111,117588,13472,0,131060,175236,0,298651648,0.03
2.211,117588,13472,0,131060,175236,0,298651648,0.03
2.312,117588,13472,0,131060,175236,0,298651648,0.03
2.412,117588,13472,0,131060,175236,0,305991680,0.03
2.513,117588,13472,0,131060,175236,0,305991680,0.03
2.613,117588,13472,0,131060,175236,0,305991680,0.03
2.714,117588,13472,0,131060,175236,0,305991680,0.03
2.814,118000,13472,0,131472,175236,0,307040256,0.03
2.915,118000,13472,0,131472,175236,0,307040256,0.02
3.016,118000,13472,0,131472,175236,0,307040256,0.02
3.116,118000,13472,0,131472,175236,0,307040256,0.02
3.217,118000,13472,0,131472,175236,0,313331712,0.02
3.317,118000,13472,0,131472,175236,0,313331712,0.02
3.418,118000,13472,0,131472,175236,0,313331712,0.02
3.518,118000,13472,0,131472,175236,0,313331712,0.02
3.619,118000,13472,0,131472,175236,0,318574592,0.02
3.719,118000,13472,0,131472,175236,0,318574592,0.02
3.820,118000,13472,0,131472,175236,0,318574592,0.02
3.920,118000,13472,0,131472,175236,0,318574592,0.02
4.022,118000,13472,0,131472,175236,0,324866048,0.02
4.122,118000,13472,0,131472,175236,0,324866048,0.02
4.223,118000,13472,0,131472,175236,0,324866048,0.02
4.324,130876,13600,0,144476,175236,0,324866048,0.02
4.425,154060,13600,0,167660,175236,0,324866048,0.02
4.525,174848,13600,0,188448,188448,0,324866048,0.02
4.626,194680,13600,0,208280,208280,0,324866048,0.02
4.726,213384,13600,0,226984,226984,0,324866048,0.02
4.827,230444,13600,0,244044,244044,0,324866048,0.02
4.927,251316,13600,0,264916,264916,0,324866048,0.02
5.028,273344,13600,0,286944,286944,0,324866048,0.02
5.129,294948,13600,0,308548,308548,0,324866048,0.02
5.230,316984,13600,0,330584,330584,0,324866048,0.02
5.331,341336,13600,0,354936,354936,0,324866048,0.02
5.431,363292,13600,0,376892,376892,0,324866048,0.02
5.532,385088,13600,0,398688,398688,0,324866048,0.02
5.633,405884,13600,0,419484,419484,0,324866048,0.02
5.733,426704,13600,0,440304,440304,0,324866048,0.02
5.833,448368,13600,0,461968,461968,0,324866048,0.02
5.934,472664,13600,0,486264,486264,0,324866048,0.02
6.035,492680,13600,0,506280,506280,0,324866048,0.02
6.135,513492,13600,0,527092,527092,0,324866048,0.02
6.236,533548,13600,0,547148,547148,0,324866048,0.02
6.337,553856,13600,0,567456,567456,0,324866048,0.02
6.437,573372,13600,0,586972,586972,0,324866048,0.02
6.538,592904,13600,0,606504,606504,0,324866048,0.02
6.639,613200,13600,0,626800,626800,0,324866048,0.02
6.740,633868,13600,0,647468,647468,0,324866048,0.02
6.841,652700,13600,0,666300,666300,0,324866048,0.02
6.941,671864,13600,0,685464,685464,0,324866048,0.02
7.042,691476,13600,0,705076,705076,0,324866048,0.01
7.143,712616,13600,0,726216,726216,0,324866048,0.01
7.244,729964,13600,0,743564,743564,0,324866048,0.01
7.345,747976,13600,0,761576,761576,0,324866048,0.01
7.446,768620,13600,0,782220,782220,0,324866048,0.01
7.547,786424,13600,0,800024,800024,0,324866048,0.01
7.647,805632,13600,0,819232,819232,0,324866048,0.01
7.748,825460,13600,0,839060,839060,0,324866048,0.01
7.849,838760,13600,0,852360,852360,0,324866048,0.01
7.949,838760,13600,0,852360,852360,0,324866048,0.01
8.050,838760,13600,0,852360,852360,0,324866048,0.01
8.150,127952,13712,0,141664,851728,0,325058560,0.01
8.250,149056,13712,0,162768,851728,0,325058560,0.01
8.350,170160,13712,0,183872,851728,0,325058560,0.01
8.451,191592,13712,0,205304,851728,0,325058560,0.01
8.551,215604,13712,0,229316,851728,0,325058560,0.01
8.652,234856,13712,0,248568,851728,0,325058560,0.01
8.752,258556,13712,0,272268,851728,0,325058560,0.01
8.853,278524,13712,0,292236,851728,0,325058560,0.01
8.953,300396,13712,0,314108,851728,0,325058560,0.01
9.053,322528,13712,0,336240,851728,0,325058560,0.01
9.154,344800,13712,0,358512,851728,0,325058560,0.01
9.254,364700,13712,0,378412,851728,0,325058560,0.01
9.354,385192,13712,0,398904,851728,0,325058560,0.01
9.455,405900,13712,0,419612,851728,0,325058560,0.01
9.555,426328,13712,0,440040,851728,0,325058560,0.01
9.656,443408,13712,0,457120,851728,0,325058560,0.01
9.756,463288,13712,0,477000,851728,0,325058560,0.01
9.857,483484,13712,0,497196,851728,0,325058560,0.01
9.957,502816,13712,0,516528,851728,0,325058560,0.01
10.057,519852,13712,0,533564,851728,0,325058560,0.01
10.158,538332,13712,0,552044,851728,0,325058560,0.01
10.258,557992,13712,0,571704,851728,0,325058560,0.01
10.358,577396,13712,0,591108,851728,0,325058560,0.01
10.459,595484,13712,0,609196,851728,0,325058560,0.01
10.559,613216,13712,0,626928,851728,0,325058560,0.01
10.660,632976,13712,0,646688,851728,0,325058560,0.01
10.760,652716,13712,0,666428,851728,0,325058560,0.01
10.860,671880,13712,0,685592,851728,0,325058560,0.01
10.961,687724,13712,0,701436,851728,0,325058560,0.01
11.061,699304,13712,0,713016,851728,0,325058560,0.01
11.162,712632,13712,0,726344,851728,0,325058560,0.01
11.262,725524,13712,0,739236,851728,0,325058560,0.01
11.362,735300,13712,0,749012,851728,0,325058560,0.01
11.463,747992,13712,0,761704,851728,0,325058560,0.01
11.563,761008,13712,0,774720,851728,0,325058560,0.01
11.663,771296,13712,0,785008,851728,0,325058560,0.01
11.764,782608,13712,0,796320,851728,0,325058560,0.01
11.864,794548,13712,0,808260,851728,0,325058560,0.01
11.964,808608,13712,0,822320,851728,0,325058560,0.01
12.065,825476,13712,0,839188,851728,0,325058560,0.01
12.165,847692,13712,0,861404,861404,0,325058560,0.01
12.265,942772,13712,0,956484,956484,0,325058560,0.01
12.366,1033856,13712,0,1047568,1047568,0,325058560,0.01
12.466,1127436,13712,0,1141148,1141148,0,325058560,0.01
12.566,1225280,13712,0,1238992,1238992,0,325058560,0.01
12.667,1323700,13712,0,1337412,1337412,0,325058560,0.01
12.767,1420172,13712,0,1433884,1433884,0,325058560,0.01
12.867,1516788,13712,0,1530500,1530500,0,325058560,0.01
12.968,1557816,13712,0,1571528,1571528,0,325058560,0.01
13.069,1557816,13712,0,1571528,1571528,0,325058560,0.01
13.173,1557844,13712,0,1571556,1571556,0,325058560,0.01
13.273,1557920,13712,0,1571632,1571632,0,325058560,0.01
13.374,1594680,13712,0,1608392,1608392,0,325058560,0.01
13.474,1613964,13712,0,1627676,1627676,0,325058560,0.01
13.574,1671096,13712,0,1684808,1684808,0,325058560,0.01
13.675,1728376,13712,0,1742088,1742088,0,325058560,0.01
13.775,1785932,13712,0,1799644,1799644,0,325058560,0.01
13.876,1849100,13712,0,1862812,1862812,0,325058560,0.01
13.976,1939356,13712,0,1953068,1953068,0,325058560,0.01
14.076,535792,13712,0,549504,1969320,0,325058560,0.01
14.177,679852,13712,0,693564,1969320,0,325058560,0.01
14.283,858708,13712,0,872420,1969320,0,325058560,0.01
14.384,736120,30832,0,766952,1969320,2,325058560,0.01
14.484,610368,142016,0,752384,1969320,4,325058560,0.01
14.593,610376,170096,0,780472,1969320,4,325058560,0.01
14.694,610376,170096,0,780472,1969320,4,325058560,0.01
14.794,687548,170096,0,857644,1969320,4,325058560,0.01
14.894,777936,170096,0,948032,1969320,4,325058560,0.0
15.001,805692,170096,0,975788,1969320,4,325058560,0.0
15.101,914912,170096,0,1085008,1969320,4,325058560,0.0
15.202,1034772,170096,0,1204868,1969320,4,325058560,0.0
15.302,1084412,170096,0,1254508,1969320,4,325058560,0.0
15.403,1129024,170096,0,1299120,1969320,4,325058560,0.0
15.503,1161984,170096,0,1332080,1969320,4,325058560,0.0
15.604,1097216,170096,0,1267312,1969320,4,325058560,0.0
15.704,1007880,170096,0,1177976,1969320,4,325058560,0.0
15.804,1007880,170096,0,1177976,1969320,4,325058560,0.0
15.905,1007880,170096,0,1177976,1969320,4,325058560,0.0
16.005,1007880,170096,0,1177976,1969320,4,325058560,0.0
16.106,898232,170160,0,1068392,1969320,4,325058560,0.0
16.206,901524,170160,0,1071684,1969320,4,325058560,0.0
16.306,901640,170160,0,1071800,1969320,4,325058560,0.0
16.406,901664,170160,0,1071824,1969320,4,325058560,0.0
16.507,901668,170160,0,1071828,1969320,4,325058560,0.0
16.607,901708,170160,0,1071868,1969320,4,325058560,0.0
16.708,901724,170160,0,1071884,1969320,4,325058560,0.0
16.808,901772,170160,0,1071932,1969320,4,325058560,0.0
16.908,901788,170160,0,1071948,1969320,4,325058560,0.0
17.009,901816,170160,0,1071976,1969320,4,325058560,0.0
17.109,901864,170160,0,1072024,1969320,4,325058560,0.0
17.210,901884,170160,0,1072044,1969320,4,325058560,0.0
17.310,901884,170160,0,1072044,1969320,4,325058560,0.0
17.410,901888,170160,0,1072048,1969320,4,325058560,0.0
17.511,901896,170160,0,1072056,1969320,4,325058560,0.0
17.611,901896,170160,0,1072056,1969320,4,325058560,0.0
17.711,901896,170160,0,1072056,1969320,4,325058560,0.0
17.812,901896,170160,0,1072056,1969320,4,325058560,0.0
17.912,901896,170160,0,1072056,1969320,4,325058560,0.0
18.012,901896,170160,0,1072056,1969320,4,325058560,0.0
18.113,901896,170160,0,1072056,1969320,4,325058560,0.0
18.213,901896,170160,0,1072056,1969320,4,325058560,0.0
18.313,901896,170160,0,1072056,1969320,4,325058560,0.0
18.414,901896,170160,0,1072056,1969320,4,325058560,0.0
18.514,901896,170160,0,1072056,1969320,4,325058560,0.0
18.614,901896,170160,0,1072056,1969320,4,325058560,0.0
18.715,901904,170160,0,1072064,1969320,4,325058560,0.0
18.815,901912,170160,0,1072072,1969320,4,325058560,0.0
18.916,902112,170160,0,1072272,1969320,4,325058560,0.0
19.016,902180,170160,0,1072340,1969320,4,325058560,0.0
19.116,902180,170160,0,1072340,1969320,4,325058560,0.0
19.217,474592,170160,0,644752,1969320,4,325058560,0.0
19.317,347352,92032,0,439384,1969320,4,325058560,0.0
19.418,366048,92416,0,458464,1969320,4,325058560,0.0
19.518,391840,92416,0,484256,1969320,4,325058560,0.0
19.618,415756,92416,0,508172,1969320,4,325058560,0.0
19.719,439048,92416,0,531464,1969320,4,325058560,0.0
19.819,462032,92416,0,554448,1969320,4,325058560,0.0
19.920,485256,92416,0,577672,1969320,4,325058560,0.0
20.020,509212,92416,0,601628,1969320,4,325058560,0.0
20.121,529176,92480,0,621656,1969320,4,325058560,0.0
20.221,529972,93056,0,623028,1969320,4,325058560,0.0
20.322,529972,93056,0,623028,1969320,4,325058560,0.0
20.422,529972,93056,0,623028,1969320,4,325058560,0.0
20.523,529972,93056,0,623028,1969320,4,325058560,0.0
20.623,529972,93056,0,623028,1969320,4,325058560,0.0
20.723,365944,93184,0,459128,1969320,4,347074560,0.0
20.824,377684,113580,0,491264,1969320,28,371273728,0.0
20.924,366684,123832,0,490516,1969320,32,400568320,0.18
21.025,404652,112524,0,517176,1969320,36,417345536,0.18
21.125,393316,172548,0,565864,1969320,38,446705664,0.18
21.226,443992,129668,0,573660,1969320,40,471871488,0.18
21.326,439016,149296,0,588312,1969320,40,505425920,0.18
21.427,400944,215192,0,616136,1969320,40,522203136,0.18
21.527,454332,265808,0,720140,1969320,40,547368960,0.18
21.628,433328,149920,0,583248,1969320,41,564146176,0.18
21.728,402992,193504,0,596496,1969320,43,592375808,0.18
21.829,452628,233524,0,686152,1969320,43,617541632,0.18
21.929,444880,256284,0,701164,1969320,43,634318848,0.18
22.030,405040,323720,0,728760,1969320,43,658505728,0.18
22.130,452760,343936,0,796696,1969320,44,683671552,0.18
22.230,452208,359288,0,811496,1969320,44,708837376,0.18
22.331,438584,411080,0,849664,1969320,44,725614592,0.18
22.431,431616,200340,0,631956,1969320,45,742391808,0.18
22.532,431808,251068,0,682876,1969320,45,754737152,0.18
22.632,411264,298660,0,709924,1969320,45,794480640,0.18
22.733,415820,351116,0,766936,1969320,45,809684992,0.18
22.833,419916,379188,0,799104,1969320,47,833671168,0.18
22.934,424012,365688,0,789700,1969320,48,850448384,0.15
23.034,455844,390288,0,846132,1969320,48,881766400,0.15
23.135,434248,445752,0,880000,1969320,48,916217856,0.15
23.235,452732,488736,0,941468,1969320,48,932995072,0.15
23.336,454120,538120,0,992240,1969320,48,949772288,0.15
23.436,457704,609672,0,1067376,1969320,48,966549504,0.15
23.537,472724,647968,0,1120692,1969320,48,980828160,0.15
23.637,448252,672736,0,1120988,1969320,48,1019396096,0.15
23.737,505280,672736,0,1178016,1969320,48,1038270464,0.15
23.838,509124,1451340,0,1960464,1969320,79,1038270464,0.15
23.938,509124,1590616,0,2099740,2099740,84,1038270464,0.15
24.039,509124,1640700,0,2149824,2166860,87,1038270464,0.15
24.139,509124,1654316,0,2163440,2285052,89,1038270464,0.15
24.240,509124,1784576,0,2293700,2293700,90,1038270464,0.15
24.340,509124,1886436,0,2395560,2399028,91,1038270464,0.15
24.441,509124,2031720,0,2540844,2540844,91,1038270464,0.15
24.542,509124,1860440,0,2369564,2593352,92,1038270464,0.15
24.643,509124,1953360,0,2462484,2593352,92,1038270464,0.15
24.743,509124,2023836,0,2532960,2593352,92,1038270464,0.15
24.844,509124,2114064,0,2623188,2623188,92,1038270464,0.15
24.944,509124,2202284,0,2711408,2711408,92,1038270464,0.12
25.044,509124,2284420,0,2793544,2793544,92,1038270464,0.12
25.145,496408,2284420,0,2780828,2792400,92,1063436288,0.12
25.245,451144,2284420,0,2735564,2792400,92,1097138176,0.12
25.346,506080,2284420,0,2790500,2792400,92,1113915392,0.12
25.446,502944,2284420,0,2787364,2792400,92,1141030912,0.12
25.547,490344,2284420,0,2774764,2792400,92,1174585344,0.12
25.648,451152,2284420,0,2735572,2794368,92,1208139776,0.12
25.748,517004,2284420,0,2801424,2801424,92,1233305600,0.12
25.849,474524,2284420,0,2758944,2800412,92,1263714304,0.12
25.949,443848,2284420,0,2728268,2800412,92,1292025856,0.12
26.050,495396,2284420,0,2779816,2800412,92,1308803072,0.12
26.151,454480,2284420,0,2738900,2800412,92,1333968896,0.12
26.251,454804,2284420,0,2739224,2801304,92,1367523328,0.12
26.352,508148,2284420,0,2792568,2801304,92,1392689152,0.12
26.452,456528,2284420,0,2740948,2801304,92,1434632192,0.12
26.553,456528,2284420,0,2740948,2801304,92,1451409408,0.12
26.653,513440,2284420,0,2797860,2801304,92,1484963840,0.12
26.754,493220,2284420,0,2777640,2803424,92,1501761536,0.12
26.855,468588,2284420,0,2753008,2803552,92,1535315968,0.12
26.955,520076,2284420,0,2804496,2804496,92,1560481792,0.1
27.056,511660,2284420,0,2796080,2803552,92,1579446272,0.1
27.156,464720,2300804,0,2765524,2818808,92,1621233664,0.1
27.257,456528,2354052,0,2810580,2863096,92,1627525120,0.1
27.358,507132,2354052,0,2861184,2863096,92,1668567040,0.1
27.459,456528,2415492,0,2872020,2933368,92,1692446720,0.1
27.559,517728,2431876,0,2949604,2949604,92,1717612544,0.1
27.660,456528,1432452,0,1888980,2948728,93,1742778368,0.1
27.760,522544,1448836,0,1971380,2948728,93,1767944192,0.1
27.861,474840,1497988,0,1972828,2948728,93,1786007552,0.1
27.962,521444,1540996,0,2062440,2948728,93,1802784768,0.1
28.062,456528,1563524,0,2020052,2948728,93,1836339200,0.1
28.163,520060,1590148,0,2110208,2948728,93,1853116416,0.1
28.263,456528,1629076,0,2085604,2948728,93,1869893632,0.1
28.364,468760,1641396,0,2110156,2948728,93,1894019072,0.1
28.464,456528,1684404,0,2140932,2948728,93,1910796288,0.1
28.565,456528,1587644,0,2044172,2948728,94,1935962112,0.1
28.666,508656,1641684,0,2150340,2948728,94,1952739328,0.1
28.766,512168,1647828,0,2159996,2948728,94,1973272576,0.1
28.867,456528,1718660,0,2175188,2948728,94,1994268672,0.1
28.968,512464,1718660,0,2231124,2948728,94,2032775168,0.08
29.068,512464,2907616,0,3420080,3463364,96,2032775168,0.08
29.169,512464,2533128,0,3045592,3568844,96,2032775168,0.08
29.269,512464,2639644,0,3152108,3568844,97,2032775168,0.08
29.370,512464,2646124,0,3158588,3568844,98,2032775168,0.08
29.470,512464,2747756,0,3260220,3568844,98,2032775168,0.08
29.571,512464,2852748,0,3365212,3568844,98,2032775168,0.08
29.672,512464,2969532,0,3481996,3568844,98,2032775168,0.08
29.773,512464,3094460,0,3606924,3606924,98,2032775168,0.08
29.873,512464,3192844,0,3705308,3705308,98,2032775168,0.08
29.974,512464,3278860,0,3791324,3791324,98,2032775168,0.08
30.075,512464,3373068,0,3885532,3885532,98,2032775168,0.08
30.175,512464,3463180,0,3975644,3975644,98,2032775168,0.08
30.276,512464,3547148,0,4059612,4059612,98,2032775168,0.08
30.377,512464,3635212,0,4147676,4147676,98,2032775168,0.08
30.478,512464,2668556,0,3181020,4228960,98,2032775168,0.08
30.578,512464,2742284,0,3254748,4228960,99,2032775168,0.08
30.679,512464,2816012,0,3328476,4228960,99,2032775168,0.08
30.780,512464,2904076,0,3416540,4228960,99,2032775168,0.08
30.880,456528,2949580,0,3406108,4228960,99,2041163776,0.08
30.981,509228,2949580,0,3458808,4228960,99,2074718208,0.06
31.081,458896,2949580,0,3408476,4228960,99,2091495424,0.06
31.182,518376,2949580,0,3467956,4228960,99,2126753792,0.06
31.283,458896,2949580,0,3408476,4228960,99,2143531008,0.06
31.383,519544,2949580,0,3469124,4228960,99,2168696832,0.06
31.484,483980,2949580,0,3433560,4228960,99,2185474048,0.06
31.585,523092,2949580,0,3472672,4228960,99,2202251264,0.06
31.686,492980,2949580,0,3442560,4228960,99,2235805696,0.06
31.787,458896,2949580,0,3408476,4228960,99,2256138240,0.06
31.887,509108,2949580,0,3458688,4228960,99,2281304064,0.06
31.987,458896,2949580,0,3408476,4228960,99,2311303168,0.06
32.088,520920,2949580,0,3470500,4228960,99,2344857600,0.06
32.189,477520,2949580,0,3427100,4228960,99,2370023424,0.06
32.289,527648,2949580,0,3477228,4228960,99,2395189248,0.06
32.390,458896,2949580,0,3408476,4228960,99,2411966464,0.06
32.490,458896,2949580,0,3408476,4228960,99,2437132288,0.06
32.591,458896,2949580,0,3408476,4228960,99,2462298112,0.06
32.692,512412,2949580,0,3461992,4228960,99,2488791040,0.06
32.792,458896,2949580,0,3408476,4228960,99,2513956864,0.06
32.893,527760,2949580,0,3477340,4228960,99,2539122688,0.06
32.993,470048,2949580,0,3419628,4228960,99,2556280832,0.05
33.094,480856,2949580,0,3430436,4228960,99,2573058048,0.05
33.194,526392,2949580,0,3475972,4228960,99,2606612480,0.05
33.295,502464,2949580,0,3452044,4228960,99,2628820992,0.05
33.395,414564,2949580,0,3364144,4228960,99,2657808384,0.05
33.496,471472,2949580,0,3421052,4228960,99,2687299584,0.05
33.597,430580,2949580,0,3380160,4228960,99,2704429056,0.05
33.698,479984,2949580,0,3429564,4228960,99,2721206272,0.05
33.798,512816,2947532,0,3460348,4228960,99,2746372096,0.05
33.899,446748,2949580,0,3396328,4228960,99,2768850944,0.05
33.999,489532,2949580,0,3439112,4228960,99,2794016768,0.05
34.100,454276,2949580,0,3403856,4228960,99,2810793984,0.05
34.200,442688,2949580,0,3392268,4228960,99,2835959808,0.05
34.301,495600,2949580,0,3445180,4228960,99,2869514240,0.05
34.401,459056,2949580,0,3408636,4228960,99,2886291456,0.05
34.502,443968,2949580,0,3393548,4228960,99,2919845888,0.05
34.602,483552,2949580,0,3433132,4228960,99,2945011712,0.05
34.703,443968,2949580,0,3393548,4228960,99,2961788928,0.05
34.803,505332,2949580,0,3454912,4228960,99,2986954752,0.05
34.904,453196,2974156,0,3427352,4228960,99,3012120576,0.05
35.004,517740,2974156,0,3491896,4228960,99,3037286400,0.04
35.105,453196,3043788,0,3496984,4228960,99,3051835392,0.04
35.205,513928,3043788,0,3557716,4228960,99,3085389824,0.04
35.306,525052,3113420,0,3638472,4228960,99,3093778432,0.04
35.407,500928,3117516,0,3618444,4228960,99,3127332864,0.04
35.507,525804,3170764,0,3696568,4228960,99,3135721472,0.04
35.608,497148,3189196,0,3686344,4228960,99,3160887296,0.04
35.708,525552,3228108,0,3753660,4228960,99,3177664512,0.04
35.809,481588,3262924,0,3744512,4228960,99,3199246336,0.04
35.910,525532,3277260,0,3802792,4228960,99,3224412160,0.04
36.011,470872,3334604,0,3805476,4228960,99,3241189376,0.04
36.111,527176,3334604,0,3861780,4228960,99,3266355200,0.04
36.212,453196,3412428,0,3865624,4228960,99,3283132416,0.04
36.312,520048,3412428,0,3932476,4228960,99,3308298240,0.04
36.413,453196,3492300,0,3945496,4228960,99,3316686848,0.04
36.513,512208,3492300,0,4004508,4228960,99,3342012416,0.04
36.614,453196,3574860,0,4028056,4228960,99,3342012416,0.04
36.715,472304,3574860,0,4047164,4228960,99,3395985408,0.04
36.815,508160,3578956,0,4087116,4228960,99,3416956928,0.04
36.916,508160,3552656,0,4060816,4228960,101,3416956928,0.04
37.016,508160,3676524,0,4184684,4228960,101,3416956928,0.03
37.117,508160,3808844,0,4317004,4317004,101,3416956928,0.03
37.218,508160,3923936,0,4432096,4432096,101,3416956928,0.03
37.318,508160,4062752,0,4570912,4570912,101,3416956928,0.03
37.419,508160,4156448,0,4664608,4664608,101,3416956928,0.03
37.519,508160,4009304,0,4517464,4754780,102,3416956928,0.03
37.620,508160,4106528,0,4614688,4754780,102,3416956928,0.03
37.720,508160,4206624,0,4714784,4754780,102,3416956928,0.03
37.821,508160,4294688,0,4802848,4802848,102,3416956928,0.03
37.922,508160,4382752,0,4890912,4890912,102,3416956928,0.03
38.022,508160,4481056,0,4989216,4989216,102,3416956928,0.03
38.123,508160,4571168,0,5079328,5079328,102,3416956928,0.03
38.223,508160,4669472,0,5177632,5177632,102,3416956928,0.03
38.324,508160,4759584,0,5267744,5267744,102,3416956928,0.03
38.424,508160,4849696,0,5357856,5357856,102,3416956928,0.03
38.525,508160,4941856,0,5450016,5450016,102,3416956928,0.03
38.626,508160,5027872,0,5536032,5536032,102,3416956928,0.03
38.727,508160,5103648,0,5611808,5611808,102,3416956928,0.03
38.827,508160,5103648,0,5611808,5611808,102,3416956928,0.03
38.927,508160,5103648,0,5611808,5611808,102,3416956928,0.03
39.028,508160,5103648,0,5611808,5611808,102,3416956928,0.02
39.129,508160,5144608,0,5652768,5652768,102,3416956928,0.02
39.229,508160,5234720,0,5742880,5742880,102,3416956928,0.02
39.330,508160,5341216,0,5849376,5849376,102,3416956928,0.02
39.430,508160,3320988,0,3829148,5848412,103,3416956928,0.02
39.531,508160,3418144,0,3926304,5848412,103,3416956928,0.02
39.631,508160,3508256,0,4016416,5848412,103,3416956928,0.02
39.732,461008,3508256,0,3969264,5848412,103,3442122752,0.02
39.832,516444,3508256,0,4024700,5848412,103,3475677184,0.02
39.933,474792,3508256,0,3983048,5848412,103,3497631744,0.02
40.033,516964,3508256,0,4025220,5848412,103,3522797568,0.02
40.134,482244,3508256,0,3990500,5848412,103,3547963392,0.02
40.234,518864,3508256,0,4027120,5848412,103,3573129216,0.02
40.334,474856,3508256,0,3983112,5848412,103,3581517824,0.02
40.435,448348,3508256,0,3956604,5848412,103,3615072256,0.02
40.535,448348,3508256,0,3956604,5848412,103,3640238080,0.02
40.635,448348,3508256,0,3956604,5848412,103,3640238080,0.02
40.736,501956,3508256,0,4010212,5848412,103,3648626688,0.02
40.836,448432,3508256,0,3956688,5848412,103,3690569728,0.02
40.937,527312,3508256,0,4035568,5848412,103,3715735552,0.02
41.037,508144,3508256,0,4016400,5848412,103,3749289984,1.29
41.137,463316,3508256,0,3971572,5848412,103,3766067200,1.29
41.238,458096,3508256,0,3966352,5848412,103,3789631488,1.29
41.338,458096,3508256,0,3966352,5848412,103,3789631488,1.29
41.438,533176,3508256,0,4041432,5848412,103,3814797312,1.29
41.539,508644,3508256,0,4016900,5848412,103,3856740352,1.29
41.639,458112,3508256,0,3966368,5848412,103,3881906176,1.29
41.740,534436,3508256,0,4042692,5848412,103,3915460608,1.29
41.840,493936,3508256,0,4002192,5848412,103,3940626432,1.29
41.940,458112,3508256,0,3966368,5848412,103,3965792256,1.29
42.041,521280,3508000,0,4029280,5848412,103,4004712448,1.29
42.141,458628,3508000,0,3966628,5848412,103,4029878272,1.29
42.241,534644,3508000,0,4042644,5848412,103,4055044096,1.29
42.342,502960,3508000,0,4010960,5848412,103,4088598528,1.29
42.442,458132,3508000,0,3966132,5848412,103,4105375744,1.29
42.543,521116,3508000,0,4029116,5848412,103,4131557376,1.29
42.643,458184,3508000,0,3966184,5848412,103,4154630144,1.29
42.743,522568,3508000,0,4030568,5848412,103,4200505344,1.29
42.844,483728,3508000,0,3991728,5848412,103,4234059776,1.29
42.944,458184,3508000,0,3966184,5848412,103,4267614208,1.78
43.044,521648,3508000,0,4029648,5848412,103,4304183296,1.78
43.145,458184,3508000,0,3966184,5848412,103,4329349120,1.78
43.245,526156,3508000,0,4034156,5848412,103,4354514944,1.78
43.346,482600,3508000,0,3990600,5848412,103,4379680768,1.78
43.446,515868,3508000,0,4023868,5848412,103,4413235200,1.78
43.547,477868,3507412,0,3985280,5848412,103,4438401024,1.78
43.647,459180,3507412,0,3966592,5848412,103,4463566848,1.78
43.747,520200,3507412,0,4027612,5848412,103,4497121280,1.78
43.848,466060,3507412,0,3973472,5848412,103,4537417728,1.78
43.948,537184,3507412,0,4044596,5848412,103,4562583552,1.78
44.049,497008,3507412,0,4004420,5848412,103,4587749376,1.78
44.149,459180,3507412,0,3966592,5848412,103,4622950400,1.78
44.249,534572,3507412,0,4041984,5848412,103,4648116224,1.78
44.350,481956,3507412,0,3989368,5848412,103,4673282048,1.78
44.450,537216,3507412,0,4044628,5848412,103,4706836480,1.78
44.550,494360,3507412,0,4001772,5848412,103,4732002304,1.78
44.651,534280,1455316,0,1989596,5848412,104,4748779520,1.78
44.751,506436,1456340,0,1962776,5848412,104,4784914432,1.78
44.852,540244,1528376,0,2068620,5848412,104,4810080256,1.78
44.952,505636,1539284,0,2044920,5848412,104,4836200448,1.64
45.053,540276,1600724,0,2141000,5848412,104,4852977664,1.64
45.153,505472,1620940,0,2126412,5848412,104,4878143488,1.64
45.254,541204,1686740,0,2227944,5848412,104,4903309312,1.64
45.354,505652,1713364,0,2219016,5848412,104,4928475136,1.64
45.454,541072,1778900,0,2319972,5848412,104,4936704000,1.64
45.555,486744,1801428,0,2288172,5848412,104,4998537216,1.64
45.655,540612,3708432,0,4249044,5848412,104,5019508736,1.64
45.756,540612,4040664,0,4581276,5848412,104,5019508736,1.64
45.856,540612,4215644,0,4756256,5848412,104,5019508736,1.64
45.959,540612,4361756,0,4902368,5848412,104,5019508736,1.64
46.059,540612,4500188,0,5040800,5848412,104,5019508736,1.64
46.160,540612,4650268,0,5190880,5848412,104,5019508736,1.64
46.260,540612,4827168,0,5367780,5848412,105,5019508736,1.64
46.361,540612,4979432,0,5520044,5848412,107,5019508736,1.64
46.461,540612,5137256,0,5677868,5848412,107,5019508736,1.64
46.562,540612,5229384,0,5769996,5848412,108,5019508736,1.64
46.662,540612,5341420,0,5882032,5882032,108,5019508736,1.64
46.763,540612,5476652,0,6017264,6017264,108,5019508736,1.64
46.863,540612,5607852,0,6148464,6148464,108,5019508736,1.64
46.964,540612,5751340,0,6291952,6291952,108,5019508736,1.52
47.064,540612,5907052,0,6447664,6447664,108,5019508736,1.52
47.165,540612,6058668,0,6599280,6599280,108,5019508736,1.52
47.265,540612,6210284,0,6750896,6750896,108,5019508736,1.52
47.365,540612,6363180,0,6903792,6903792,108,5019508736,1.52
47.466,540612,6543852,0,7084464,7084464,108,5019508736,1.52
47.566,540612,6707692,0,7248304,7248304,108,5019508736,1.52
47.667,459260,6730224,0,7189484,7269968,108,5028003840,1.52
47.767,528824,6730224,0,7259048,7269968,108,5069946880,1.52
47.867,459260,6730224,0,7189484,7271328,108,5078335488,1.52
47.968,539420,6730224,0,7269644,7271328,108,5120278528,1.52
48.068,473300,6730224,0,7203524,7271328,108,5155700736,1.52
48.168,539116,6730224,0,7269340,7271328,108,5180866560,1.52
48.269,508572,6730224,0,7238796,7271328,108,5214568448,1.52
48.369,459260,6730224,0,7189484,7271328,108,5244649472,1.52
48.470,542012,6730224,0,7272236,7272236,108,5286592512,1.52
48.570,507812,6730224,0,7238036,7271520,108,5318049792,1.52
48.670,459260,6730224,0,7189484,7272544,108,5345312768,1.52
48.771,531624,6730224,0,7261848,7272544,108,5387255808,1.52
48.871,496028,6730224,0,7226252,7272544,108,5425070080,1.52
48.971,459260,6730224,0,7189484,7272544,108,5458624512,1.24
49.072,533876,6730224,0,7264100,7272544,108,5500567552,1.24
49.172,500144,6730224,0,7230368,7272544,108,5534121984,1.24
49.272,459260,6730224,0,7189484,7272544,108,5569409024,1.24
49.373,538656,6730224,0,7268880,7272544,108,5611352064,1.24
49.473,499396,6730224,0,7229620,7272672,108,5644906496,1.24
49.573,543804,6730224,0,7274028,7274028,108,5670072320,1.24
49.674,518264,6730224,0,7248488,7273236,108,5703626752,1.24
49.774,459260,6730224,0,7189484,7274208,108,5729230848,1.24
49.875,545404,6730224,0,7275628,7275628,108,5762785280,1.24
49.975,506600,6730224,0,7236824,7274904,108,5787951104,1.24
50.075,459260,6730224,0,7189484,7274904,108,5834272768,1.24
50.176,529992,6730224,0,7260216,7274904,108,5871955968,1.24
50.277,459880,6730224,0,7190104,7274904,108,5901316096,1.24
50.377,533464,6730224,0,7263688,7274904,108,5926481920,1.24
50.477,486532,6730224,0,7216756,7275140,108,5960568832,1.24
50.578,459880,6730224,0,7190104,7275140,108,6002511872,1.24
50.678,531656,6730224,0,7261880,7275140,108,6036066304,1.24
50.779,459880,6730224,0,7190104,7276044,108,6061232128,1.24
50.879,538072,6730224,0,7268296,7276044,108,6094786560,1.24
50.980,499180,6730224,0,7229404,7276044,108,6128418816,1.02
51.080,459880,6730224,0,7190104,7276044,108,6153822208,1.02
51.181,519028,6730224,0,7249252,7276044,108,6187376640,1.02
51.281,475272,6730224,0,7205496,7276044,108,6220931072,1.02
51.382,516288,6730224,0,7246512,7276044,108,6246096896,1.02
51.482,459880,6730224,0,7190104,7276044,108,6262411264,1.02
51.583,459880,6524108,0,6983988,7280524,110,6262411264,1.02
51.684,459880,6637648,0,7097528,7280524,110,6262411264,1.02
51.784,459880,6816064,0,7275944,7280524,110,6262411264,1.02
51.885,459880,6985776,0,7445656,7445656,110,6262411264,1.02
51.985,459884,7145712,0,7605596,7605596,110,6262411264,1.02
52.086,459884,7309552,0,7769436,7769436,110,6262411264,1.02
52.186,459884,7469296,0,7929180,7929180,110,6262411264,1.02
52.286,459884,7635184,0,8095068,8095068,110,6262411264,1.02
52.387,459884,7799024,0,8258908,8258908,110,6262411264,1.02
52.488,459884,7958768,0,8418652,8418652,110,6262411264,1.02
52.588,459884,8110320,0,8570204,8570204,110,6262411264,1.02
52.689,459884,4006128,0,4466012,8602252,111,6262411264,1.02
52.789,459884,4163824,0,4623708,8602252,111,6262411264,1.02
52.889,459884,4335856,0,4795740,8602252,111,6262411264,1.02
52.990,459884,4503792,0,4963676,8602252,111,6262411264,0.83
53.090,459884,1650336,0,2110220,8602252,111,6262411264,0.83
53.191,410732,1600928,0,2011660,8602252,111,6275006464,0.83
53.291,410732,1600928,0,2011660,8602252,111,6287589376,0.83
53.391,410732,1600928,0,2011660,8602252,111,6295977984,0.83
53.492,415032,1600928,0,2015960,8602252,111,6304366592,0.83
53.592,429380,1600928,0,2030308,8602252,111,6308179968,0.83
53.693,450196,1600928,0,2051124,8602252,111,6309191680,0.83
53.793,479640,1601120,0,2080760,8602252,111,6316183552,0.83
53.894,488352,1601120,0,2089472,8602252,111,6324047872,0.83
53.994,496508,1601120,0,2097628,8602252,111,6324047872,0.83
54.094,504388,1601120,0,2105508,8602252,111,6324047872,0.83
54.195,510712,1601120,0,2111832,8602252,111,6330339328,0.83
54.295,518268,1601120,0,2119388,8602252,111,6330339328,0.83
54.396,525436,1601120,0,2126556,8602252,111,6330339328,0.83
54.496,532612,1601120,0,2133732,8602252,111,6330339328,0.83
54.596,539736,1601120,0,2140856,8602252,111,6330339328,0.83
54.697,544504,1601120,0,2145624,8602252,111,6330339328,0.83
54.797,551776,1601120,0,2152896,8602252,111,6330339328,0.83
54.898,559360,1601120,0,2160480,8602252,111,6330339328,0.83
54.998,566008,1601120,0,2167128,8602252,111,6334533632,0.68
55.099,573132,1601120,0,2174252,8602252,111,6334533632,0.68
55.199,581520,1601120,0,2182640,8602252,111,6334533632,0.68
55.300,588244,1601120,0,2189364,8602252,111,6334533632,0.68
55.400,594944,1601120,0,2196064,8602252,111,6334533632,0.68
55.501,601216,1601120,0,2202336,8602252,111,6342922240,0.68
55.601,608360,1601120,0,2209480,8602252,111,6342922240,0.68
55.702,615060,1601120,0,2216180,8602252,111,6342922240,0.68
55.802,628360,1601120,0,2229480,8602252,111,6351310848,0.68
55.903,633952,1601120,0,2235072,8602252,111,6351310848,0.68
56.003,640136,1601120,0,2241256,8602252,111,6351310848,0.68
56.104,646772,1601120,0,2247892,8602252,111,6351310848,0.68
56.204,652344,1601120,0,2253464,8602252,111,6351310848,0.68
56.305,658868,1601120,0,2259988,8602252,111,6351310848,0.68
56.405,664764,1601120,0,2265884,8602252,111,6351310848,0.68
56.506,670036,1601120,0,2271156,8602252,111,6359699456,0.68
56.606,680808,1601120,0,2281928,8602252,111,6359699456,0.68
56.707,685984,1601120,0,2287104,8602252,111,6359699456,0.68
56.807,691856,1601120,0,2292976,8602252,111,6359699456,0.68
56.908,698300,1601120,0,2299420,8602252,111,6359699456,0.68
57.008,705120,1601120,0,2306240,8602252,111,6359699456,0.56
57.109,711408,1601120,0,2312528,8602252,111,6359699456,0.56
57.209,717492,1601120,0,2318612,8602252,111,6359699456,0.56
57.310,723260,1601120,0,2324380,8602252,111,6368088064,0.56
57.410,729364,1601120,0,2330484,8602252,111,6368088064,0.56
57.511,736680,1601120,0,2337800,8602252,111,6368088064,0.56
57.611,742176,1601120,0,2343296,8602252,111,6368088064,0.56
57.712,750052,1601120,0,2351172,8602252,111,6368088064,0.56
57.812,758672,1601120,0,2359792,8602252,111,6368088064,0.56
57.913,766688,1601120,0,2367808,8602252,111,6376476672,0.56
58.013,778340,1601120,0,2379460,8602252,111,6376476672,0.56
58.114,789248,1601120,0,2390368,8602252,111,6376476672,0.56
58.214,792240,1601120,0,2393360,8602252,111,6376476672,0.56
58.315,800072,1601120,0,2401192,8602252,111,6376476672,0.56
58.416,806560,1601120,0,2407680,8602252,111,6376476672,0.56
58.516,812628,1601120,0,2413748,8602252,111,6376476672,0.56
58.617,818448,1601120,0,2419568,8602252,111,6384865280,0.56
58.717,824396,1601120,0,2425516,8602252,111,6384865280,0.56
58.817,830596,1601120,0,2431716,8602252,111,6384865280,0.56
58.918,837824,1601120,0,2438944,8602252,111,6384865280,0.56
59.019,844288,1601120,0,2445408,8602252,111,6384865280,0.45
59.119,852028,1601120,0,2453148,8602252,111,6384865280,0.45
59.219,857988,1601120,0,2459108,8602252,111,6384865280,0.45
59.320,864688,1601120,0,2465808,8602252,111,6393253888,0.45
59.421,884108,1601120,0,2485228,8602252,111,6393253888,0.45
59.521,886584,1601120,0,2487704,8602252,111,6393253888,0.45
59.622,893660,1601120,0,2494780,8602252,111,6393253888,0.45
59.723,899232,1601120,0,2500352,8602252,111,6393253888,0.45
59.823,904168,1601120,0,2505288,8602252,111,6393253888,0.45
59.924,909924,1601120,0,2511044,8602252,111,6393253888,0.45
60.024,916220,1601120,0,2517340,8602252,111,6393253888,0.45
60.125,920988,1601120,0,2522108,8602252,111,6401642496,0.45
60.225,929044,1601120,0,2530164,8602252,111,6401642496,0.45
60.326,933128,1601120,0,2534248,8602252,111,6401642496,0.45
60.427,939364,1601120,0,2540484,8602252,111,6401642496,0.45
60.527,944556,1601120,0,2545676,8602252,111,6401642496,0.45
60.628,950736,1601120,0,2551856,8602252,111,6401642496,0.45
60.728,958004,1601120,0,2559124,8602252,111,6401642496,0.45
60.829,961880,1601120,0,2563000,8602252,111,6401642496,0.45
60.929,967044,1601120,0,2568164,8602252,111,6410031104,0.45
61.030,973352,1601120,0,2574472,8602252,111,6410031104,0.37
61.131,977376,1601120,0,2578496,8602252,111,6410031104,0.37
61.231,984340,1601120,0,2585460,8602252,111,6410031104,0.37
61.331,990804,1601120,0,2591924,8602252,111,6410031104,0.37
61.432,998564,1601120,0,2599684,8602252,111,6410031104,0.37
61.533,1005364,1601120,0,2606484,8602252,111,6410031104,0.37
61.634,1008268,1601120,0,2609388,8602252,111,6410031104,0.37
61.734,1013144,1601120,0,2614264,8602252,111,6418419712,0.37
61.835,1023968,1601120,0,2625088,8602252,111,6418419712,0.37
61.935,1027200,1601184,0,2628384,8602252,111,6418419712,0.37
62.035,1027200,1601184,0,2628384,8602252,111,6418419712,0.37
62.136,1027200,1601184,0,2628384,8602252,111,6418419712,0.37
62.236,1027200,1601184,0,2628384,8602252,111,6418419712,0.37
62.337,800660,1601184,0,2401844,8602252,111,6418419712,0.37
62.437,800660,1601184,0,2401844,8602252,111,6418419712,0.37
62.538,800660,1601184,0,2401844,8602252,111,6418419712,0.37
62.639,800780,1601184,0,2401964,8602252,111,6418419712,0.37
62.739,801808,1601184,0,2402992,8602252,111,6418419712,0.37
62.840,801828,1601184,0,2403012,8602252,111,6426808320,0.37
62.940,801852,1601184,0,2403036,8602252,111,6426808320,0.37
63.041,801872,1601184,0,2403056,8602252,111,6426808320,0.3
63.141,801900,1601184,0,2403084,8602252,111,6426808320,0.3
63.242,801904,1601184,0,2403088,8602252,111,6426808320,0.3
63.342,801904,1601184,0,2403088,8602252,111,6426808320,0.3
63.443,801904,1601184,0,2403088,8602252,111,6426808320,0.3
63.543,801904,1601184,0,2403088,8602252,111,6435196928,0.3
63.644,801904,1601184,0,2403088,8602252,111,6435196928,0.3
63.745,801904,1601184,0,2403088,8602252,111,6435196928,0.3
63.845,801904,1601184,0,2403088,8602252,111,6435196928,0.3
63.945,803212,1601184,0,2404396,8602252,111,6435196928,0.3
64.046,806176,1601184,0,2407360,8602252,111,6435196928,0.3
64.146,807564,1601184,0,2408748,8602252,111,6443585536,0.3
64.247,808856,1601184,0,2410040,8602252,111,6443585536,0.3
64.347,810456,1601184,0,2411640,8602252,111,6443585536,0.3
64.448,810584,1601184,0,2411768,8602252,111,6443585536,0.3
64.548,810728,1601184,0,2411912,8602252,111,6443585536,0.3
64.648,810912,1601184,0,2412096,8602252,111,6443585536,0.3
64.749,811072,1601184,0,2412256,8602252,111,6451974144,0.3
64.850,811332,1601184,0,2412516,8602252,111,6451974144,0.3
64.950,811748,1601184,0,2412932,8602252,111,6451974144,0.3
65.051,812148,1601184,0,2413332,8602252,111,6451974144,0.25
65.151,812336,1601184,0,2413520,8602252,111,6451974144,0.25
65.252,812472,1601184,0,2413656,8602252,111,6451974144,0.25
65.352,812600,1601184,0,2413784,8602252,111,6451974144,0.25
65.453,812752,1601184,0,2413936,8602252,111,6451974144,0.25
65.554,812872,1601184,0,2414056,8602252,111,6460362752,0.25
65.654,812992,1601184,0,2414176,8602252,111,6460362752,0.25
65.755,813084,1601184,0,2414268,8602252,111,6460362752,0.25
65.855,813220,1601184,0,2414404,8602252,111,6460362752,0.25
65.956,813308,1601184,0,2414492,8602252,111,6460362752,0.25
66.056,813380,1601184,0,2414564,8602252,111,6460362752,0.25
66.157,813436,1601184,0,2414620,8602252,111,6460362752,0.25
66.257,813480,1601184,0,2414664,8602252,111,6460362752,0.25
66.358,813504,1601184,0,2414688,8602252,111,6468751360,0.25
66.458,813516,1601184,0,2414700,8602252,111,6468751360,0.25
66.559,813528,1601184,0,2414712,8602252,111,6468751360,0.25
66.660,813532,1601184,0,2414716,8602252,111,6468751360,0.25
66.760,813536,1601184,0,2414720,8602252,111,6468751360,0.25
66.861,813540,1601184,0,2414724,8602252,111,6468751360,0.25
66.961,813540,1601184,0,2414724,8602252,111,6477139968,0.25
67.062,813540,1601184,0,2414724,8602252,111,6477139968,0.2
67.163,813540,1601184,0,2414724,8602252,111,6477139968,0.2
67.263,813540,1601184,0,2414724,8602252,111,6477139968,0.2
67.364,813544,1601184,0,2414728,8602252,111,6477139968,0.2
67.464,813556,1601184,0,2414740,8602252,111,6477139968,0.2
67.565,813556,1601184,0,2414740,8602252,111,6477139968,0.2
67.665,822252,1601184,0,2423436,8602252,111,6477139968,0.2
67.766,830720,1601184,0,2431904,8602252,111,6485528576,0.2
67.866,831916,1601184,0,2433100,8602252,111,6485528576,0.2
67.967,836768,1601184,0,2437952,8602252,111,6485528576,0.2
68.068,840656,1601184,0,2441840,8602252,111,6485528576,0.2
68.168,845380,1601184,0,2446564,8602252,111,6485528576,0.2
68.269,848064,1601184,0,2449248,8602252,111,6485528576,0.2
68.370,853108,1601184,0,2454292,8602252,111,6485528576,0.2
68.471,856780,1601184,0,2457964,8602252,111,6493917184,0.2
68.572,860584,1601184,0,2461768,8602252,111,6493917184,0.2
68.673,864528,1601184,0,2465712,8602252,111,6493917184,0.2
68.774,868316,1601184,0,2469500,8602252,111,6493917184,0.2
68.875,871904,1601184,0,2473088,8602252,111,6493917184,0.2
68.975,877088,1601184,0,2478272,8602252,111,6493917184,0.2
69.076,879976,1601184,0,2481160,8602252,111,6493917184,0.16
69.177,883288,1601184,0,2484472,8602252,111,6502305792,0.16
69.278,886848,1601184,0,2488032,8602252,111,6502305792,0.16
69.379,890992,1601184,0,2492176,8602252,111,6502305792,0.16
69.480,895820,1601184,0,2497004,8602252,111,6502305792,0.16
69.581,899776,1601184,0,2500960,8602252,111,6502305792,0.16
69.681,907212,1601184,0,2508396,8602252,111,6502305792,0.16
69.782,909236,1601184,0,2510420,8602252,111,6502305792,0.16
69.882,919924,1601184,0,2521108,8602252,111,6502305792,0.16
69.983,921180,1601184,0,2522364,8602252,111,6510694400,0.16
70.083,924908,1601184,0,2526092,8602252,111,6510694400,0.16
70.184,930124,1601184,0,2531308,8602252,111,6510694400,0.16
70.284,934332,1601184,0,2535516,8602252,111,6510694400,0.16
70.385,944948,1601184,0,2546132,8602252,111,6510694400,0.16
70.485,946436,1601184,0,2547620,8602252,111,6510694400,0.16
70.586,956120,1601184,0,2557304,8602252,111,6510694400,0.16
70.687,958352,1601184,0,2559536,8602252,111,6519083008,0.16
70.788,967612,1601184,0,2568796,8602252,111,6519083008,0.16
70.889,985536,1601184,0,2586720,8602252,111,6519083008,0.16
70.989,987400,1601184,0,2588584,8602252,111,6519083008,0.16
71.090,997364,1601184,0,2598548,8602252,111,6519083008,0.13
71.191,1003820,1601184,0,2605004,8602252,111,6519083008,0.13
71.292,1007444,1601184,0,2608628,8602252,111,6519083008,0.13
71.392,1016024,1601184,0,2617208,8602252,111,6519083008,0.13
71.493,1017368,1601184,0,2618552,8602252,111,6527471616,0.13
71.594,1023416,1601184,0,2624600,8602252,111,6527471616,0.13
71.694,1026928,1601184,0,2628112,8602252,111,6527471616,0.13
71.795,1029384,1601184,0,2630568,8602252,111,6527471616,0.13
71.895,1035504,1601184,0,2636688,8602252,111,6527471616,0.13
71.995,1035836,1601184,0,2637020,8602252,111,6527471616,0.13
72.096,1035836,1601184,0,2637020,8602252,111,6527471616,0.13
72.196,1035836,1601184,0,2637020,8602252,111,6527471616,0.13
72.296,1035836,1601184,0,2637020,8602252,111,6527471616,0.13
72.397,1035836,1601184,0,2637020,8602252,111,6527471616,0.13
72.497,780400,1601184,0,2381584,8602252,111,6527471616,0.13
72.597,780400,1601184,0,2381584,8602252,111,6527471616,0.13
72.698,780400,1601184,0,2381584,8602252,111,6527471616,0.13
72.798,780400,1601184,0,2381584,8602252,111,6535860224,0.13
72.898,780400,1601184,0,2381584,8602252,111,6535860224,0.13
72.999,780400,1601184,0,2381584,8602252,111,6535860224,0.13
73.099,780400,1601184,0,2381584,8602252,111,6535860224,0.29
73.199,780400,1601184,0,2381584,8602252,111,6535860224,0.29
73.300,780400,1601184,0,2381584,8602252,111,6535860224,0.29
73.400,780400,1601184,0,2381584,8602252,111,6535860224,0.29
73.501,780400,1601184,0,2381584,8602252,111,6544248832,0.29
73.601,780400,1601184,0,2381584,8602252,111,6544248832,0.29
73.701,780400,1601184,0,2381584,8602252,111,6544248832,0.29
73.802,780400,1601184,0,2381584,8602252,111,6544248832,0.29
73.902,780400,1601184,0,2381584,8602252,111,6544248832,0.29
74.003,780400,1601184,0,2381584,8602252,111,6544248832,0.29
74.103,780400,1601184,0,2381584,8602252,111,6552637440,0.29
74.203,780400,1601184,0,2381584,8602252,111,6552637440,0.29
74.304,780400,1601184,0,2381584,8602252,111,6552637440,0.29
74.404,780400,1601184,0,2381584,8602252,111,6552637440,0.29
74.505,780400,1601184,0,2381584,8602252,111,6552637440,0.29
74.605,780400,1601184,0,2381584,8602252,111,6552637440,0.29
74.706,780400,1601184,0,2381584,8602252,111,6552637440,0.29
74.806,780400,1601184,0,2381584,8602252,111,6552637440,0.29
74.906,780400,1601184,0,2381584,8602252,111,6561026048,0.29
75.007,780400,1601184,0,2381584,8602252,111,6561026048,0.24
75.107,780400,1601184,0,2381584,8602252,111,6561026048,0.24
75.208,780400,1601184,0,2381584,8602252,111,6561026048,0.24
75.308,780400,1601184,0,2381584,8602252,111,6561026048,0.24
75.409,780400,1601184,0,2381584,8602252,111,6561026048,0.24
75.509,780400,1601184,0,2381584,8602252,111,6561026048,0.24
75.609,780400,1601184,0,2381584,8602252,111,6561026048,0.24
75.710,780400,1601184,0,2381584,8602252,111,6561026048,0.24
75.810,780400,1601184,0,2381584,8602252,111,6569414656,0.24
75.911,780400,1601184,0,2381584,8602252,111,6569414656,0.24
76.011,780400,1601184,0,2381584,8602252,111,6569414656,0.24
76.112,780400,1601184,0,2381584,8602252,111,6569414656,0.24
76.212,780400,1601184,0,2381584,8602252,111,6569414656,0.24
76.312,780400,1601184,0,2381584,8602252,111,6569414656,0.24
76.413,780400,1601184,0,2381584,8602252,111,6569414656,0.24
76.513,780400,1601184,0,2381584,8602252,111,6569414656,0.24
76.614,780400,1601184,0,2381584,8602252,111,6577803264,0.24
76.714,780400,1601184,0,2381584,8602252,111,6577803264,0.24
76.814,780400,1601184,0,2381584,8602252,111,6577803264,0.24
76.915,780400,1601184,0,2381584,8602252,111,6577803264,0.24
77.015,780400,1601184,0,2381584,8602252,111,6577803264,0.19
77.116,780400,1601184,0,2381584,8602252,111,6577803264,0.19
77.216,780400,1601184,0,2381584,8602252,111,6577803264,0.19
77.317,780400,1601184,0,2381584,8602252,111,6577803264,0.19
77.417,780400,1601184,0,2381584,8602252,111,6577803264,0.19
77.517,780400,1601184,0,2381584,8602252,111,6586191872,0.19
77.618,780400,1601184,0,2381584,8602252,111,6586191872,0.19
77.718,780400,1601184,0,2381584,8602252,111,6586191872,0.19
77.818,780400,1601184,0,2381584,8602252,111,6586191872,0.19
77.919,780400,1601184,0,2381584,8602252,111,6586191872,0.19
78.019,780400,1601184,0,2381584,8602252,111,6586191872,0.19
78.120,786480,1601184,0,2387664,8602252,111,6586191872,0.19
78.220,794896,1601184,0,2396080,8602252,111,6586191872,0.19
78.320,796244,1601184,0,2397428,8602252,111,6594580480,0.19
78.421,799324,1601184,0,2400508,8602252,111,6594580480,0.19
78.521,801948,1601184,0,2403132,8602252,111,6594580480,0.19
78.621,807000,1601184,0,2408184,8602252,111,6594580480,0.19
78.722,812856,1601184,0,2414040,8602252,111,6594580480,0.19
78.822,816460,1601184,0,2417644,8602252,111,6594580480,0.19
78.922,820028,1601184,0,2421212,8602252,111,6602969088,0.19
79.023,825852,1601184,0,2427036,8602252,111,6602969088,0.16
79.123,829548,1601184,0,2430732,8602252,111,6602969088,0.16
79.224,837264,1601184,0,2438448,8602252,111,6602969088,0.16
79.324,851016,1601184,0,2452200,8602252,111,6602969088,0.16
79.424,856120,1601184,0,2457304,8602252,111,6602969088,0.16
79.525,859732,1601184,0,2460916,8602252,111,6602969088,0.16
79.625,865220,1601184,0,2466404,8602252,111,6602969088,0.16
79.726,868240,1601184,0,2469424,8602252,111,6611357696,0.16
79.826,871976,1601184,0,2473160,8602252,111,6611357696,0.16
79.926,877400,1601184,0,2478584,8602252,111,6611357696,0.16
80.027,882912,1601184,0,2484096,8602252,111,6611357696,0.16
80.127,887904,1601184,0,2489088,8602252,111,6611357696,0.16
80.227,892232,1601184,0,2493416,8602252,111,6611357696,0.16
80.328,895072,1601184,0,2496256,8602252,111,6611357696,0.16
80.428,902496,1601184,0,2503680,8602252,111,6619746304,0.16
80.528,905916,1601184,0,2507100,8602252,111,6619746304,0.16
80.629,912156,1601184,0,2513340,8602252,111,6619746304,0.16
80.729,917652,1601184,0,2518836,8602252,111,6619746304,0.16
80.830,924436,1601184,0,2525620,8602252,111,6619746304,0.16
80.930,926776,1601184,0,2527960,8602252,111,6619746304,0.16
81.030,930428,1601184,0,2531612,8602252,111,6619746304,0.13
81.131,936116,1601184,0,2537300,8602252,111,6619746304,0.13
81.231,943632,1601184,0,2544816,8602252,111,6628134912,0.13
81.331,947048,1601184,0,2548232,8602252,111,6628134912,0.13
81.432,951776,1601184,0,2552960,8602252,111,6628134912,0.13
81.532,956908,1601184,0,2558092,8602252,111,6628134912,0.13
81.632,965304,1601184,0,2566488,8602252,111,6628134912,0.13
81.733,970224,1601184,0,2571408,8602252,111,6628134912,0.13
81.833,975004,1601184,0,2576188,8602252,111,6628134912,0.13
81.934,981468,1601184,0,2582652,8602252,111,6636523520,0.13
82.034,986008,1601184,0,2587192,8602252,111,6636523520,0.13
82.134,1001236,1601184,0,2602420,8602252,111,6636523520,0.13
82.235,1011832,1601184,0,2613016,8602252,111,6636523520,0.13
82.335,1014004,1601184,0,2615188,8602252,111,6636523520,0.13
82.435,1017092,1601184,0,2618276,8602252,111,6636523520,0.13
82.536,1035124,1601184,0,2636308,8602252,111,6636523520,0.13
82.636,1035504,1601184,0,2636688,8602252,111,6636523520,0.13
82.737,1035504,1601184,0,2636688,8602252,111,6636523520,0.13
82.837,1035504,1601184,0,2636688,8602252,111,6636523520,0.13
82.937,1035504,1601184,0,2636688,8602252,111,6636523520,0.13
83.038,1035504,1601184,0,2636688,8602252,111,6636523520,0.47
83.138,497372,1601184,0,2098556,8602252,111,6636523520,0.47
83.239,497372,1601184,0,2098556,8602252,111,6636523520,0.47
83.339,497372,1601184,0,2098556,8602252,111,6644912128,0.47
83.439,497372,1601184,0,2098556,8602252,111,6644912128,0.47
83.540,497372,1601184,0,2098556,8602252,111,6644912128,0.47
83.640,497372,1601184,0,2098556,8602252,111,6644912128,0.47
83.741,497372,1601184,0,2098556,8602252,111,6644912128,0.47
83.841,497372,1601184,0,2098556,8602252,111,6644912128,0.47
83.941,497372,1601184,0,2098556,8602252,111,6653300736,0.47
84.042,497372,1601184,0,2098556,8602252,111,6653300736,0.47
84.142,497372,1601184,0,2098556,8602252,111,6653300736,0.47
84.243,497372,1601184,0,2098556,8602252,111,6653300736,0.47
84.343,497372,1601184,0,2098556,8602252,111,6653300736,0.47
84.443,497372,1601184,0,2098556,8602252,111,6653300736,0.47
84.544,497556,1601184,0,2098740,8602252,111,6653300736,0.47
84.644,501804,1601184,0,2102988,8602252,111,6661689344,0.47
84.745,506696,1601184,0,2107880,8602252,111,6661689344,0.47
84.845,511912,1601184,0,2113096,8602252,111,6661689344,0.47
84.946,517580,1601184,0,2118764,8602252,111,6661689344,0.47
85.046,525324,1601184,0,2126508,8602252,111,6661689344,0.74
85.146,535420,1601184,0,2136604,8602252,111,6670077952,0.74
85.247,538392,1601184,0,2139576,8602252,111,6670077952,0.74
85.347,543600,1601184,0,2144784,8602252,111,6670077952,0.74
85.448,548828,1601184,0,2150012,8602252,111,6670077952,0.74
85.548,558548,1601184,0,2159732,8602252,111,6670077952,0.74
85.649,566036,1601184,0,2167220,8602252,111,6670077952,0.74
85.750,570452,1601184,0,2171636,8602252,111,6670077952,0.74
85.850,576704,1601184,0,2177888,8602252,111,6670077952,0.74
85.950,581972,1601184,0,2183156,8602252,111,6678466560,0.74
86.051,589340,1601184,0,2190524,8602252,111,6678466560,0.74
86.151,594292,1601184,0,2195476,8602252,111,6678466560,0.74
86.252,601896,1601184,0,2203080,8602252,111,6678466560,0.74
86.352,606928,1601184,0,2208112,8602252,111,6678466560,0.74
86.453,614064,1601184,0,2215248,8602252,111,6678466560,0.74
86.553,618700,1601184,0,2219884,8602252,111,6678466560,0.74
86.654,624444,1601184,0,2225628,8602252,111,6678466560,0.74
86.755,630220,1601184,0,2231404,8602252,111,6686855168,0.74
86.855,635196,1601184,0,2236380,8602252,111,6686855168,0.74
86.956,641372,1601184,0,2242556,8602252,111,6686855168,0.74
87.056,648584,1601184,0,2249768,8602252,111,6686855168,0.61
87.157,652620,1601184,0,2253804,8602252,111,6686855168,0.61
87.257,659160,1601184,0,2260344,8602252,111,6686855168,0.61
87.358,665068,1601184,0,2266252,8602252,111,6695243776,0.61
87.459,670772,1601184,0,2271956,8602252,111,6695243776,0.61
87.559,677136,1601184,0,2278320,8602252,111,6695243776,0.61
87.660,685028,1601184,0,2286212,8602252,111,6695243776,0.61
87.760,691340,1601184,0,2292524,8602252,111,6695243776,0.61
87.861,699624,1601184,0,2300808,8602252,111,6695243776,0.61
87.961,702840,1601184,0,2304024,8602252,111,6695243776,0.61
88.062,714088,1601184,0,2315272,8602252,111,6695243776,0.61
88.162,726508,1601184,0,2327692,8602252,111,6703632384,0.61
88.263,728916,1601184,0,2330100,8602252,111,6703632384,0.61
88.363,732928,1601184,0,2334112,8602252,111,6703632384,0.61
88.464,738640,1601184,0,2339824,8602252,111,6703632384,0.61
88.564,744800,1601184,0,2345984,8602252,111,6703632384,0.61
88.665,749020,1601184,0,2350204,8602252,111,6703632384,0.61
88.765,753788,1601184,0,2354972,8602252,111,6703632384,0.61
88.866,758672,1601184,0,2359856,8602252,111,6712020992,0.61
88.966,764540,1601184,0,2365724,8602252,111,6712020992,0.61
89.067,771720,1601184,0,2372904,8602252,111,6712020992,0.5
89.167,789548,1601184,0,2390732,8602252,111,6712020992,0.5
89.268,792976,1601184,0,2394160,8602252,111,6712020992,0.5
89.368,801332,1601184,0,2402516,8602252,111,6712020992,0.5
89.469,807688,1601184,0,2408872,8602252,111,6712020992,0.5
89.570,810588,1601184,0,2411772,8602252,111,6712020992,0.5
89.670,818116,1601184,0,2419300,8602252,111,6712020992,0.5
89.771,823464,1601184,0,2424648,8602252,111,6720409600,0.5
89.872,827440,1601184,0,2428624,8602252,111,6720409600,0.5
89.972,833748,1601184,0,2434932,8602252,111,6720409600,0.5
90.073,839260,1601184,0,2440444,8602252,111,6720409600,0.5
90.173,846008,1601184,0,2447192,8602252,111,6720409600,0.5
90.274,850080,1601184,0,2451264,8602252,111,6720409600,0.5
90.374,855296,1601184,0,2456480,8602252,111,6720409600,0.5
90.475,859780,1601184,0,2460964,8602252,111,6728798208,0.5
90.575,865708,1601184,0,2466892,8602252,111,6728798208,0.5
90.676,869864,1601184,0,2471048,8602252,111,6728798208,0.5
90.777,877388,1601184,0,2478572,8602252,111,6728798208,0.5
90.877,887708,1601184,0,2488892,8602252,111,6728798208,0.5
90.978,890108,1601184,0,2491292,8602252,111,6728798208,0.5
91.078,894512,1601184,0,2495696,8602252,111,6728798208,0.41
91.179,900180,1601184,0,2501364,8602252,111,6728798208,0.41
91.279,906548,1601184,0,2507732,8602252,111,6737186816,0.41
91.380,910332,1601184,0,2511516,8602252,111,6737186816,0.41
91.481,914552,1601184,0,2515736,8602252,111,6737186816,0.41
91.581,920192,1601184,0,2521376,8602252,111,6737186816,0.41
91.682,924376,1601184,0,2525560,8602252,111,6737186816,0.41
91.783,929300,1601184,0,2530484,8602252,111,6737186816,0.41
91.883,934396,1601184,0,2535580,8602252,111,6737186816,0.41
91.984,940560,1601184,0,2541744,8602252,111,6737186816,0.41
92.085,947240,1601184,0,2548424,8602252,111,6745575424,0.41
92.185,951700,1601184,0,2552884,8602252,111,6745575424,0.41
92.286,956572,1601184,0,2557756,8602252,111,6745575424,0.41
92.387,965976,1601184,0,2567160,8602252,111,6745575424,0.41
92.487,972416,1601184,0,2573600,8602252,111,6745575424,0.41
92.588,974652,1601184,0,2575836,8602252,111,6745575424,0.41
92.688,979244,1601184,0,2580428,8602252,111,6745575424,0.41
92.789,984940,1601184,0,2586124,8602252,111,6753964032,0.41
92.889,990224,1601184,0,2591408,8602252,111,6753964032,0.41
92.990,995320,1601184,0,2596504,8602252,111,6753964032,0.41
93.090,999644,1601184,0,2600828,8602252,111,6753964032,0.33
93.191,1006320,1601184,0,2607504,8602252,111,6753964032,0.33
93.291,1011488,1601184,0,2612672,8602252,111,6753964032,0.33
93.392,1011488,1601184,0,2612672,8602252,111,6753964032,0.33
93.492,1011488,1601184,0,2612672,8602252,111,6753964032,0.33
93.593,1011488,1601184,0,2612672,8602252,111,6753964032,0.33
93.693,737296,1601184,0,2338480,8602252,111,6753964032,0.33
93.794,539612,1601184,0,2140796,8602252,111,6753964032,0.33
93.895,539612,1601184,0,2140796,8602252,111,6753964032,0.33
93.995,539612,1601184,0,2140796,8602252,111,6762352640,0.33
94.096,539612,1601184,0,2140796,8602252,111,6762352640,0.33
94.197,539612,1601184,0,2140796,8602252,111,6762352640,0.33
94.297,539612,1601184,0,2140796,8602252,111,6762352640,0.33
94.398,539612,1601184,0,2140796,8602252,111,6762352640,0.33
94.498,539612,1601184,0,2140796,8602252,111,6762352640,0.33
94.599,539612,1601184,0,2140796,8602252,111,6762352640,0.33
94.700,539612,1601184,0,2140796,8602252,111,6770741248,0.33
94.801,539612,1601184,0,2140796,8602252,111,6770741248,0.33
94.901,539612,1601184,0,2140796,8602252,111,6770741248,0.33
95.002,539612,1601184,0,2140796,8602252,111,6770741248,0.33
95.102,539612,1601184,0,2140796,8602252,111,6770741248,0.45
95.203,539612,1601184,0,2140796,8602252,111,6770741248,0.45
95.304,539612,1601184,0,2140796,8602252,111,6770741248,0.45
95.404,539612,1601184,0,2140796,8602252,111,6779129856,0.45
95.505,539612,1601184,0,2140796,8602252,111,6779129856,0.45
95.606,539612,1601184,0,2140796,8602252,111,6779129856,0.45
95.706,539612,1601184,0,2140796,8602252,111,6779129856,0.45
95.807,539616,1601184,0,2140800,8602252,111,6779129856,0.45
95.908,544204,1601184,0,2145388,8602252,111,6779129856,0.45
96.008,548600,1601184,0,2149784,8602252,111,6787518464,0.45
96.109,553412,1601184,0,2154596,8602252,111,6787518464,0.45
96.210,560328,1601184,0,2161512,8602252,111,6787518464,0.45
96.310,565016,1601184,0,2166200,8602252,111,6787518464,0.45
96.411,573052,1601184,0,2174236,8602252,111,6787518464,0.45
96.512,579108,1601184,0,2180292,8602252,111,6787518464,0.45
96.613,583772,1601184,0,2184956,8602252,111,6787518464,0.45
96.713,588452,1601184,0,2189636,8602252,111,6787518464,0.45
96.814,601708,1601184,0,2202892,8602252,111,6795907072,0.45
96.914,603980,1601184,0,2205164,8602252,111,6795907072,0.45
97.015,609128,1601184,0,2210312,8602252,111,6795907072,0.45
97.116,614684,1601184,0,2215868,8602252,111,6795907072,0.37
97.216,620196,1601184,0,2221380,8602252,111,6795907072,0.37
97.317,626788,1601184,0,2227972,8602252,111,6795907072,0.37
97.417,631352,1601184,0,2232536,8602252,111,6795907072,0.37
97.518,635936,1601184,0,2237120,8602252,111,6795907072,0.37
97.619,640964,1601184,0,2242148,8602252,111,6804295680,0.37
97.719,646632,1601184,0,2247816,8602252,111,6804295680,0.37
97.820,652620,1601184,0,2253804,8602252,111,6804295680,0.37
97.920,657040,1601184,0,2258224,8602252,111,6804295680,0.37
98.021,663460,1601184,0,2264644,8602252,111,6804295680,0.37
98.122,670176,1601184,0,2271360,8602252,111,6804295680,0.37
98.223,675960,1601184,0,2277144,8602252,111,6804295680,0.37
98.323,682008,1601184,0,2283192,8602252,111,6812684288,0.37
98.424,687048,1601184,0,2288232,8602252,111,6812684288,0.37
98.524,692060,1601184,0,2293244,8602252,111,6812684288,0.37
98.625,698696,1601184,0,2299880,8602252,111,6812684288,0.37
98.726,703684,1601184,0,2304868,8602252,111,6812684288,0.37
98.826,708420,1601184,0,2309604,8602252,111,6812684288,0.37
98.927,717944,1601184,0,2319128,8602252,111,6812684288,0.37
99.028,724308,1601184,0,2325492,8602252,111,6812684288,0.37
99.128,731808,1601184,0,2332992,8602252,111,6821072896,0.3
99.228,736436,1601184,0,2337620,8602252,111,6821072896,0.3
99.329,750204,1601184,0,2351388,8602252,111,6821072896,0.3
99.429,762620,1601184,0,2363804,8602252,111,6821072896,0.3
99.530,764928,1601184,0,2366112,8602252,111,6821072896,0.3
99.630,768928,1601184,0,2370112,8602252,111,6821072896,0.3
99.731,773832,1601184,0,2375016,8602252,111,6821072896,0.3
99.831,778764,1601184,0,2379948,8602252,111,6829461504,0.3
99.932,784604,1601184,0,2385788,8602252,111,6829461504,0.3
100.032,790088,1601184,0,2391272,8602252,111,6829461504,0.3
100.133,795736,1601184,0,2396920,8602252,111,6829461504,0.3
100.234,803148,1601184,0,2404332,8602252,111,6829461504,0.3
100.334,815028,1601184,0,2416212,8602252,111,6829461504,0.3
100.435,825332,1601184,0,2426516,8602252,111,6829461504,0.3
100.535,827724,1601184,0,2428908,8602252,111,6829461504,0.3
100.636,832520,1601184,0,2433704,8602252,111,6829461504,0.3
100.736,838352,1601184,0,2439536,8602252,111,6837850112,0.3
100.837,842868,1601184,0,2444052,8602252,111,6837850112,0.3
100.937,847904,1601184,0,2449088,8602252,111,6837850112,0.3
101.038,853968,1601184,0,2455152,8602252,111,6837850112,0.3
101.138,858152,1601184,0,2459336,8602252,111,6837850112,0.24
101.239,863628,1601184,0,2464812,8602252,111,6837850112,0.24
101.339,871860,1601184,0,2473044,8602252,111,6846238720,0.24
101.440,876104,1601184,0,2477288,8602252,111,6846238720,0.24
101.540,882112,1601184,0,2483296,8602252,111,6846238720,0.24
101.641,886700,1601184,0,2487884,8602252,111,6846238720,0.24
101.741,891108,1601184,0,2492292,8602252,111,6846238720,0.24
101.842,895920,1601184,0,2497104,8602252,111,6846238720,0.24
101.942,902952,1601184,0,2504136,8602252,111,6846238720,0.24
102.042,907616,1601184,0,2508800,8602252,111,6846238720,0.24
102.143,913948,1601184,0,2515132,8602252,111,6854627328,0.24
102.243,917184,1601184,0,2518368,8602252,111,6854627328,0.24
102.344,923428,1601184,0,2524612,8602252,111,6854627328,0.24
102.444,929152,1601184,0,2530336,8602252,111,6854627328,0.24
102.544,933860,1601184,0,2535044,8602252,111,6854627328,0.24
102.645,938660,1601184,0,2539844,8602252,111,6854627328,0.24
102.745,942816,1601184,0,2544000,8602252,111,6854627328,0.24
102.846,947512,1601184,0,2548696,8602252,111,6863015936,0.24
102.946,955620,1601184,0,2556804,8602252,111,6863015936,0.24
103.046,961952,1601184,0,2563136,8602252,111,6863015936,0.24
103.147,966348,1601184,0,2567532,8602252,111,6863015936,0.2
103.247,973164,1601184,0,2574348,8602252,111,6863015936,0.2
103.348,976464,1601184,0,2577648,8602252,111,6863015936,0.2
103.448,982180,1601184,0,2583364,8602252,111,6863015936,0.2
103.548,988756,1601184,0,2589940,8602252,111,6863015936,0.2
103.649,995068,1601184,0,2596252,8602252,111,6863015936,0.2
103.749,997844,1601184,0,2599028,8602252,111,6871404544,0.2
103.850,1005124,1601184,0,2606308,8602252,111,6871404544,0.2
103.950,1012600,1601184,0,2613784,8602252,111,6871404544,0.2
104.050,1012600,1601184,0,2613784,8602252,111,6871404544,0.2
104.151,1012600,1601184,0,2613784,8602252,111,6871404544,0.2
104.251,1012600,1601184,0,2613784,8602252,111,6871404544,0.2
104.351,1012600,1601184,0,2613784,8602252,111,6871404544,0.2
104.452,751240,1601184,0,2352424,8602252,111,6871404544,0.2
104.552,751240,1601184,0,2352424,8602252,111,6871404544,0.2
104.652,751240,1601184,0,2352424,8602252,111,6871404544,0.2
104.753,751240,1601184,0,2352424,8602252,111,6871404544,0.2
104.853,751240,1601184,0,2352424,8602252,111,6871404544,0.2
104.953,751240,1601184,0,2352424,8602252,111,6879793152,0.2
105.054,751240,1601184,0,2352424,8602252,111,6879793152,0.2
105.154,751240,1601184,0,2352424,8602252,111,6879793152,0.34
105.255,751240,1601184,0,2352424,8602252,111,6879793152,0.34
105.355,751240,1601184,0,2352424,8602252,111,6879793152,0.34
105.455,751240,1601184,0,2352424,8602252,111,6879793152,0.34
105.556,751240,1601184,0,2352424,8602252,111,6879793152,0.34
105.656,751240,1601184,0,2352424,8602252,111,6888181760,0.34
105.757,751240,1601184,0,2352424,8602252,111,6888181760,0.34
105.857,557384,1601184,0,2158568,8602252,111,6888181760,0.34
105.957,557384,1601184,0,2158568,8602252,111,6888181760,0.34
106.058,557384,1601184,0,2158568,8602252,111,6888181760,0.34
106.158,557384,1601184,0,2158568,8602252,111,6888181760,0.34
106.258,557384,1601184,0,2158568,8602252,111,6888181760,0.34
106.359,557384,1601184,0,2158568,8602252,111,6888181760,0.34
106.459,557384,1601184,0,2158568,8602252,111,6896570368,0.34
106.559,557384,1601184,0,2158568,8602252,111,6896570368,0.34
106.660,557384,1601184,0,2158568,8602252,111,6896570368,0.34
106.760,557384,1601184,0,2158568,8602252,111,6896570368,0.34
106.861,557384,1601184,0,2158568,8602252,111,6896570368,0.34
106.961,559072,1601184,0,2160256,8602252,111,6896570368,0.34
107.061,564360,1601184,0,2165544,8602252,111,6896570368,0.34
107.162,568888,1601184,0,2170072,8602252,111,6904958976,0.28
107.262,576252,1601184,0,2177436,8602252,111,6904958976,0.28
107.362,582552,1601184,0,2183736,8602252,111,6904958976,0.28
107.463,587748,1601184,0,2188932,8602252,111,6904958976,0.28
107.563,592684,1601184,0,2193868,8602252,111,6904958976,0.28
107.663,605352,1601184,0,2206536,8602252,111,6904958976,0.28
107.764,607104,1601184,0,2208288,8602252,111,6913347584,0.28
107.864,612356,1601184,0,2213540,8602252,111,6913347584,0.28
107.965,616780,1601184,0,2217964,8602252,111,6913347584,0.28
108.065,621348,1601184,0,2222532,8602252,111,6913347584,0.28
108.165,627304,1601184,0,2228488,8602252,111,6913347584,0.28
108.266,632396,1601184,0,2233580,8602252,111,6913347584,0.28
108.366,636292,1601184,0,2237476,8602252,111,6913347584,0.28
108.466,641532,1601184,0,2242716,8602252,111,6913347584,0.28
108.567,646236,1601184,0,2247420,8602252,111,6921736192,0.28
108.667,651436,1601184,0,2252620,8602252,111,6921736192,0.28
108.767,655720,1601184,0,2256904,8602252,111,6921736192,0.28
108.868,660816,1601184,0,2262000,8602252,111,6921736192,0.28
108.968,666896,1601184,0,2268080,8602252,111,6921736192,0.28
109.068,671664,1601184,0,2272848,8602252,111,6921736192,0.23
109.169,676244,1601184,0,2277428,8602252,111,6921736192,0.23
109.269,683740,1601184,0,2284924,8602252,111,6921736192,0.23
109.370,688140,1601184,0,2289324,8602252,111,6930124800,0.23
109.470,692940,1601184,0,2294124,8602252,111,6930124800,0.23
109.570,699244,1601184,0,2300428,8602252,111,6930124800,0.23
109.671,709388,1601184,0,2310572,8602252,111,6930124800,0.23
109.771,715852,1601184,0,2317036,8602252,111,6930124800,0.23
109.872,719952,1601184,0,2321136,8602252,111,6930124800,0.23
109.972,728552,1601184,0,2329736,8602252,111,6930124800,0.23
110.072,732424,1601184,0,2333608,8602252,111,6930124800,0.23
110.173,745552,1601184,0,2346736,8602252,111,6938513408,0.23
110.273,758096,1601184,0,2359280,8602252,111,6938513408,0.23
110.373,759968,1601184,0,2361152,8602252,111,6938513408,0.23
110.474,763724,1601184,0,2364908,8602252,111,6938513408,0.23
110.574,771628,1601184,0,2372812,8602252,111,6938513408,0.23
110.674,774836,1601184,0,2376020,8602252,111,6938513408,0.23
110.775,779872,1601184,0,2381056,8602252,111,6938513408,0.23
110.875,786940,1601184,0,2388124,8602252,111,6938513408,0.23
110.975,792896,1601184,0,2394080,8602252,111,6946902016,0.23
111.076,807708,1601184,0,2408892,8602252,111,6946902016,0.19
111.176,818140,1601184,0,2419324,8602252,111,6946902016,0.19
111.277,820328,1601184,0,2421512,8602252,111,6946902016,0.19
111.377,821992,1601184,0,2423176,8602252,111,6946902016,0.19
111.477,825812,1601184,0,2426996,8602252,111,6946902016,0.19
111.578,830308,1601184,0,2431492,8602252,111,6946902016,0.19
111.678,836844,1601184,0,2438028,8602252,111,6955290624,0.19
111.778,841328,1601184,0,2442512,8602252,111,6955290624,0.19
111.879,847456,1601184,0,2448640,8602252,111,6955290624,0.19
111.979,852644,1601184,0,2453828,8602252,111,6955290624,0.19
112.079,857048,1601184,0,2458232,8602252,111,6955290624,0.19
112.180,863164,1601184,0,2464348,8602252,111,6955290624,0.19
112.280,873480,1601184,0,2474664,8602252,111,6955290624,0.19
112.381,876628,1601184,0,2477812,8602252,111,6955290624,0.19
112.481,882008,1601184,0,2483192,8602252,111,6955290624,0.19
112.581,886688,1601184,0,2487872,8602252,111,6963679232,0.19
112.682,893288,1601184,0,2494472,8602252,111,6963679232,0.19
112.782,897840,1601184,0,2499024,8602252,111,6963679232,0.19
112.882,903620,1601184,0,2504804,8602252,111,6963679232,0.19
112.983,909608,1601184,0,2510792,8602252,111,6963679232,0.19
113.083,915368,1601184,0,2516552,8602252,111,6963679232,0.15
113.184,922360,1601184,0,2523544,8602252,111,6963679232,0.15
113.284,926048,1601184,0,2527232,8602252,111,6972067840,0.15
113.384,929740,1601184,0,2530924,8602252,111,6972067840,0.15
113.485,934676,1601184,0,2535860,8602252,111,6972067840,0.15
113.585,943876,1601184,0,2545060,8602252,111,6972067840,0.15
113.686,948320,1601184,0,2549504,8602252,111,6972067840,0.15
113.786,954308,1601184,0,2555492,8602252,111,6972067840,0.15
113.886,958792,1601184,0,2559976,8602252,111,6972067840,0.15
113.987,964888,1601184,0,2566072,8602252,111,6972067840,0.15
114.087,970928,1601184,0,2572112,8602252,111,6980456448,0.15
114.187,974104,1601184,0,2575288,8602252,111,6980456448,0.15
114.288,981848,1601184,0,2583032,8602252,111,6980456448,0.15
114.388,987620,1601184,0,2588804,8602252,111,6980456448,0.15
114.489,993732,1601184,0,2594916,8602252,111,6980456448,0.15
114.589,997736,1601184,0,2598920,8602252,111,6980456448,0.15
114.689,1001524,1601184,0,2602708,8602252,111,6980456448,0.15
114.790,1008356,1601184,0,2609540,8602252,111,6988845056,0.15
114.890,1013404,1601184,0,2614588,8602252,111,6988845056,0.15
114.990,1013404,1601184,0,2614588,8602252,111,6988845056,0.15
115.091,1013404,1601184,0,2614588,8602252,111,6988845056,0.12
115.191,1013404,1601184,0,2614588,8602252,111,6988845056,0.12
115.292,738480,1601184,0,2339664,8602252,111,6988845056,0.12
115.392,738480,1601184,0,2339664,8602252,111,6988845056,0.12
115.493,738480,1601184,0,2339664,8602252,111,6988845056,0.12
115.593,738480,1601184,0,2339664,8602252,111,6988845056,0.12
115.693,738480,1601184,0,2339664,8602252,111,6988845056,0.12
115.794,738480,1601184,0,2339664,8602252,111,6988845056,0.12
115.894,738480,1601184,0,2339664,8602252,111,6997233664,0.12
115.995,738480,1601184,0,2339664,8602252,111,6997233664,0.12
116.095,738480,1601184,0,2339664,8602252,111,6997233664,0.12
116.196,738480,1601184,0,2339664,8602252,111,6997233664,0.12
116.296,738480,1601184,0,2339664,8602252,111,6997233664,0.12
116.397,738480,1601184,0,2339664,8602252,111,6997233664,0.12
116.497,738480,1601184,0,2339664,8602252,111,6997233664,0.12
116.598,738480,1601184,0,2339664,8602252,111,7005622272,0.12
116.698,738480,1601184,0,2339664,8602252,111,7005622272,0.12
116.799,738480,1601184,0,2339664,8602252,111,7005622272,0.12
116.899,738480,1601184,0,2339664,8602252,111,7005622272,0.12
117.000,738480,1601184,0,2339664,8602252,111,7005622272,0.12
117.100,738480,1601184,0,2339664,8602252,111,7005622272,0.28
117.201,738480,1601184,0,2339664,8602252,111,7005622272,0.28
117.301,738480,1601184,0,2339664,8602252,111,7014010880,0.28
117.402,738480,1601184,0,2339664,8602252,111,7014010880,0.28
117.502,738480,1601184,0,2339664,8602252,111,7014010880,0.28
117.602,738480,1601184,0,2339664,8602252,111,7014010880,0.28
117.703,738480,1601184,0,2339664,8602252,111,7014010880,0.28
117.803,738480,1601184,0,2339664,8602252,111,7014010880,0.28
117.904,738480,1601184,0,2339664,8602252,111,7022399488,0.28
118.004,738480,1601184,0,2339664,8602252,111,7022399488,0.28
118.105,738480,1601184,0,2339664,8602252,111,7022399488,0.28
118.205,738480,1601184,0,2339664,8602252,111,7022399488,0.28
118.306,738480,1601184,0,2339664,8602252,111,7022399488,0.28
118.406,738480,1601184,0,2339664,8602252,111,7022399488,0.28
118.507,738480,1601184,0,2339664,8602252,111,7022399488,0.28
118.607,738480,1601184,0,2339664,8602252,111,7030788096,0.28
118.708,738480,1601184,0,2339664,8602252,111,7030788096,0.28
118.808,738480,1601184,0,2339664,8602252,111,7030788096,0.28
118.909,738480,1601184,0,2339664,8602252,111,7030788096,0.28
119.009,738480,1601184,0,2339664,8602252,111,7030788096,0.28
119.110,738480,1601184,0,2339664,8602252,111,7030788096,0.23
119.210,738480,1601184,0,2339664,8602252,111,7030788096,0.23
119.311,738480,1601184,0,2339664,8602252,111,7039176704,0.23
119.411,738480,1601184,0,2339664,8602252,111,7039176704,0.23
119.512,738480,1601184,0,2339664,8602252,111,7039176704,0.23
119.612,738480,1601184,0,2339664,8602252,111,7039176704,0.23
119.713,738496,1601184,0,2339680,8602252,111,7039176704,0.23
119.814,742676,1601184,0,2343860,8602252,111,7039176704,0.23
119.914,752292,1601184,0,2353476,8602252,111,7047565312,0.23
120.015,754936,1601184,0,2356120,8602252,111,7047565312,0.23
120.115,764488,1601184,0,2365672,8602252,111,7047565312,0.23
120.216,773268,1601184,0,2374452,8602252,111,7047565312,0.23
120.316,775444,1601184,0,2376628,8602252,111,7047565312,0.23
120.417,780640,1601184,0,2381824,8602252,111,7047565312,0.23
120.517,783544,1601184,0,2384728,8602252,111,7047565312,0.23
120.618,786728,1601184,0,2387912,8602252,111,7047565312,0.23
120.719,802228,1601184,0,2403412,8602252,111,7055953920,0.23
120.819,807520,1601184,0,2408704,8602252,111,7055953920,0.23
120.920,808748,1601184,0,2409932,8602252,111,7055953920,0.23
121.020,815396,1601184,0,2416580,8602252,111,7055953920,0.23
121.121,818836,1601184,0,2420020,8602252,111,7055953920,0.19
121.222,822692,1601184,0,2423876,8602252,111,7055953920,0.19
121.322,827320,1601184,0,2428504,8602252,111,7055953920,0.19
121.423,831524,1601184,0,2432708,8602252,111,7064342528,0.19
121.523,837688,1601184,0,2438872,8602252,111,7064342528,0.19
121.624,841256,1601184,0,2442440,8602252,111,7064342528,0.19
121.724,845916,1601184,0,2447100,8602252,111,7064342528,0.19
121.824,849576,1601184,0,2450760,8602252,111,7064342528,0.19
121.925,855064,1601184,0,2456248,8602252,111,7064342528,0.19
122.025,859916,1601184,0,2461100,8602252,111,7064342528,0.19
122.126,864568,1601184,0,2465752,8602252,111,7064342528,0.19
122.226,868048,1601184,0,2469232,8602252,111,7072731136,0.19
122.327,871696,1601184,0,2472880,8602252,111,7072731136,0.19
122.427,877556,1601184,0,2478740,8602252,111,7072731136,0.19
122.528,885684,1601184,0,2486868,8602252,111,7072731136,0.19
122.628,889932,1601184,0,2491116,8602252,111,7072731136,0.19
122.729,895016,1601184,0,2496200,8602252,111,7072731136,0.19
122.829,902476,1601184,0,2503660,8602252,111,7081119744,0.19
122.930,908768,1601184,0,2509952,8602252,111,7081119744,0.19
123.030,912836,1601184,0,2514020,8602252,111,7081119744,0.19
123.131,919172,1601184,0,2520356,8602252,111,7081119744,0.15
123.231,923264,1601184,0,2524448,8602252,111,7081119744,0.15
123.332,926988,1601184,0,2528172,8602252,111,7081119744,0.15
123.433,933220,1601184,0,2534404,8602252,111,7081119744,0.15
123.533,936636,1601184,0,2537820,8602252,111,7081119744,0.15
123.634,943140,1601184,0,2544324,8602252,111,7081119744,0.15
123.734,945752,1601184,0,2546936,8602252,111,7088844800,0.15
123.835,949980,1601184,0,2551164,8602252,111,7088844800,0.15
123.935,956324,1601184,0,2557508,8602252,111,7088844800,0.15
124.036,965652,1601184,0,2566836,8602252,111,7088844800,0.15
124.136,967792,1601184,0,2568976,8602252,111,7088844800,0.15
124.237,973424,1601184,0,2574608,8602252,111,7088844800,0.15
124.337,985720,1601184,0,2586904,8602252,111,7088844800,0.15
124.438,992012,1601184,0,2593196,8602252,111,7088844800,0.15
124.538,994356,1601184,0,2595540,8602252,111,7088844800,0.15
124.639,998232,1601184,0,2599416,8602252,111,7088844800,0.15
124.740,1008624,1601184,0,2609808,8602252,111,7088844800,0.15
124.840,1011996,1601184,0,2613180,8602252,111,7088844800,0.15
124.941,1038372,1601184,0,2639556,8602252,111,7088844800,0.15
125.041,1038372,1601184,0,2639556,8602252,111,7088844800,0.15
125.142,1038372,1601184,0,2639556,8602252,111,7088844800,0.12
125.242,1038372,1601184,0,2639556,8602252,111,7088844800,0.12
125.343,1038372,1601184,0,2639556,8602252,111,7088844800,0.12
125.443,985892,1601184,0,2587076,8602252,111,7088844800,0.12
125.544,985892,1601184,0,2587076,8602252,111,7088844800,0.12
125.644,985892,1601184,0,2587076,8602252,111,7088844800,0.12
125.745,985892,1601184,0,2587076,8602252,111,7088844800,0.12
125.845,497372,1601376,0,2098748,8602252,111,7088844800,0.12
125.946,497372,1601376,0,2098748,8602252,111,7088844800,0.12
126.046,497372,1601376,0,2098748,8602252,111,7088844800,0.12
126.146,497372,1601376,0,2098748,8602252,111,7088844800,0.12
126.247,497372,1601376,0,2098748,8602252,111,7088844800,0.12
126.348,497372,1601376,0,2098748,8602252,111,7088844800,0.12
126.448,497372,1601376,0,2098748,8602252,111,7088844800,0.12
126.549,497372,1601376,0,2098748,8602252,111,7088844800,0.12
126.649,497372,1601376,0,2098748,8602252,111,7088844800,0.12
126.750,497372,1601376,0,2098748,8602252,111,7088844800,0.12
126.850,497372,1601376,0,2098748,8602252,111,7088844800,0.12
126.951,497372,1601376,0,2098748,8602252,111,7088844800,0.12
127.051,554792,1601376,0,2156168,8602252,111,7088844800,0.12
127.152,554792,1601376,0,2156168,8602252,111,7088844800,0.28
127.252,554792,1601376,0,2156168,8602252,111,7088844800,0.28
127.353,554792,1601376,0,2156168,8602252,111,7088844800,0.28
127.453,554792,1601376,0,2156168,8602252,111,7088844800,0.28
127.554,554792,1601376,0,2156168,8602252,111,7088844800,0.28
127.654,554792,1601376,0,2156168,8602252,111,7088844800,0.28
127.755,554792,1601376,0,2156168,8602252,111,7088844800,0.28
127.855,554792,1601376,0,2156168,8602252,111,7088844800,0.28
127.956,554792,1601376,0,2156168,8602252,111,7088844800,0.28
128.056,554792,1601376,0,2156168,8602252,111,7088844800,0.28
128.157,554792,1601376,0,2156168,8602252,111,7088844800,0.28
128.257,554792,1601376,0,2156168,8602252,111,7088844800,0.28
128.357,554792,1601376,0,2156168,8602252,111,7088844800,0.28
128.458,554792,1601376,0,2156168,8602252,111,7088844800,0.28
128.558,554792,1601376,0,2156168,8602252,111,7088844800,0.28
128.659,554792,1601376,0,2156168,8602252,111,7088844800,0.28
128.759,554792,1601376,0,2156168,8602252,111,7088844800,0.28
128.860,554792,1601376,0,2156168,8602252,111,7088844800,0.28
128.960,554792,1601376,0,2156168,8602252,111,7088844800,0.28
129.062,554792,1601376,0,2156168,8602252,111,7088844800,0.28
129.162,554792,1601376,0,2156168,8602252,111,7088844800,0.23
129.263,554792,1601376,0,2156168,8602252,111,7088844800,0.23
129.363,554792,1601376,0,2156168,8602252,111,7088844800,0.23
129.464,554792,1601376,0,2156168,8602252,111,7088844800,0.23
129.565,554792,1601376,0,2156168,8602252,111,7088844800,0.23
129.665,554792,1601376,0,2156168,8602252,111,7088844800,0.23
129.766,554792,1601376,0,2156168,8602252,111,7088844800,0.23
129.866,554792,1601376,0,2156168,8602252,111,7088844800,0.23
129.967,554792,1601376,0,2156168,8602252,111,7088844800,0.23
130.067,554792,1601376,0,2156168,8602252,111,7088844800,0.23
130.168,554792,1601376,0,2156168,8602252,111,7088844800,0.23
130.268,554792,1601376,0,2156168,8602252,111,7088844800,0.23
130.369,554792,1601376,0,2156168,8602252,111,7088844800,0.23
130.470,554792,1601376,0,2156168,8602252,111,7088844800,0.23
130.570,554792,1601376,0,2156168,8602252,111,7088844800,0.23
130.670,554792,1601376,0,2156168,8602252,111,7088844800,0.23
130.771,554792,1601376,0,2156168,8602252,111,7088844800,0.23
130.871,554792,1601376,0,2156168,8602252,111,7088844800,0.23
130.972,554792,1601376,0,2156168,8602252,111,7088844800,0.23
131.072,554792,1601376,0,2156168,8602252,111,7088844800,0.23
131.173,554792,1601376,0,2156168,8602252,111,7088844800,0.19
131.274,554792,1601376,0,2156168,8602252,111,7088844800,0.19
131.374,554792,1601376,0,2156168,8602252,111,7088844800,0.19
131.475,554792,1601376,0,2156168,8602252,111,7088844800,0.19
131.576,556472,1601376,0,2157848,8602252,111,7088844800,0.19
131.676,556472,1601376,0,2157848,8602252,111,7088844800,0.19
131.776,556472,1601376,0,2157848,8602252,111,7088844800,0.19
131.877,556472,1601376,0,2157848,8602252,111,7088844800,0.19
131.977,556472,1601376,0,2157848,8602252,111,7088844800,0.19
132.078,556472,1601376,0,2157848,8602252,111,7088844800,0.19
132.178,556472,1601376,0,2157848,8602252,111,7088844800,0.19
132.279,556472,1601376,0,2157848,8602252,111,7088844800,0.19
132.380,556472,1601376,0,2157848,8602252,111,7088844800,0.19
132.480,556472,1601376,0,2157848,8602252,111,7088844800,0.19
132.581,556472,1601376,0,2157848,8602252,111,7088844800,0.19
132.682,556472,1601376,0,2157848,8602252,111,7088844800,0.19
132.782,556472,1601376,0,2157848,8602252,111,7088844800,0.19
132.883,556472,1601376,0,2157848,8602252,111,7088844800,0.19
132.983,556472,1601376,0,2157848,8602252,111,7088844800,0.19
133.084,556472,1601376,0,2157848,8602252,111,7088844800,0.19
133.185,556472,1601376,0,2157848,8602252,111,7088844800,0.15
133.285,556472,1601376,0,2157848,8602252,111,7088844800,0.15
133.386,556472,1601376,0,2157848,8602252,111,7088844800,0.15
133.487,556472,1601376,0,2157848,8602252,111,7088844800,0.15
133.588,556472,1601376,0,2157848,8602252,111,7088844800,0.15
133.688,556472,1601376,0,2157848,8602252,111,7088844800,0.15
133.789,556472,1601376,0,2157848,8602252,111,7088844800,0.15
133.890,556472,1601376,0,2157848,8602252,111,7088844800,0.15
133.990,556472,1601376,0,2157848,8602252,111,7088844800,0.15
134.091,556472,1601376,0,2157848,8602252,111,7088844800,0.15
134.191,556472,1601376,0,2157848,8602252,111,7088844800,0.15
134.292,556472,1601376,0,2157848,8602252,111,7088844800,0.15
134.393,556472,1601376,0,2157848,8602252,111,7088844800,0.15
134.494,556472,1601376,0,2157848,8602252,111,7088844800,0.15
134.594,556472,1601376,0,2157848,8602252,111,7088844800,0.15
134.695,556472,1601376,0,2157848,8602252,111,7088844800,0.15
134.796,556472,1601376,0,2157848,8602252,111,7088844800,0.15
134.897,556472,1601376,0,2157848,8602252,111,7088844800,0.15
134.998,556472,1601376,0,2157848,8602252,111,7088844800,0.15
135.098,556472,1601376,0,2157848,8602252,111,7088844800,0.15
135.198,556472,1601376,0,2157848,8602252,111,7088844800,0.12
135.299,556472,1601376,0,2157848,8602252,111,7088844800,0.12
135.401,556472,1601376,0,2157848,8602252,111,7088844800,0.12
135.502,556472,1601376,0,2157848,8602252,111,7088844800,0.12
135.602,556472,1601376,0,2157848,8602252,111,7088844800,0.12
135.703,556472,1601376,0,2157848,8602252,111,7088844800,0.12
135.803,556472,1601376,0,2157848,8602252,111,7088844800,0.12
135.903,556472,1601376,0,2157848,8602252,111,7088844800,0.12
136.004,556472,1601376,0,2157848,8602252,111,7088844800,0.12
136.104,556472,1601376,0,2157848,8602252,111,7088844800,0.12
136.205,556472,1601376,0,2157848,8602252,111,7088844800,0.12
136.305,556472,1601376,0,2157848,8602252,111,7088844800,0.12
136.406,556472,1601376,0,2157848,8602252,111,7088844800,0.12
136.506,556472,1601376,0,2157848,8602252,111,7088844800,0.12
136.607,556472,1601376,0,2157848,8602252,111,7088844800,0.12
136.707,556472,1601376,0,2157848,8602252,111,7088844800,0.12
136.807,556472,1601376,0,2157848,8602252,111,7088844800,0.12
136.908,556472,1601376,0,2157848,8602252,111,7088844800,0.12
137.008,556472,1601376,0,2157848,8602252,111,7088844800,0.12
137.108,556472,1601376,0,2157848,8602252,111,7088844800,0.12
137.209,556472,1601376,0,2157848,8602252,111,7088844800,0.1
137.309,556472,1601376,0,2157848,8602252,111,7088844800,0.1
137.409,556472,1601376,0,2157848,8602252,111,7088844800,0.1
137.510,556472,1601376,0,2157848,8602252,111,7088844800,0.1
137.610,556472,1601376,0,2157848,8602252,111,7088844800,0.1
137.710,556472,1601376,0,2157848,8602252,111,7088844800,0.1
137.811,556472,1601376,0,2157848,8602252,111,7088844800,0.1
137.911,556472,1601376,0,2157848,8602252,111,7088844800,0.1
138.012,556472,1601376,0,2157848,8602252,111,7088844800,0.1
138.112,556472,1601376,0,2157848,8602252,111,7088844800,0.1
138.212,556472,1601376,0,2157848,8602252,111,7088844800,0.1
138.313,556472,1601376,0,2157848,8602252,111,7088844800,0.1
138.413,556472,1601376,0,2157848,8602252,111,7088844800,0.1
138.513,556472,1601376,0,2157848,8602252,111,7088844800,0.1
138.614,556472,1601376,0,2157848,8602252,111,7088844800,0.1
138.714,556472,1601376,0,2157848,8602252,111,7088844800,0.1
138.814,556472,1601376,0,2157848,8602252,111,7088844800,0.1
138.915,556472,1601376,0,2157848,8602252,111,7088844800,0.1
139.015,556472,1601376,0,2157848,8602252,111,7088844800,0.1
139.115,556472,1601376,0,2157848,8602252,111,7088844800,0.1
139.216,556472,1601376,0,2157848,8602252,111,7088844800,0.08
139.316,556472,1601376,0,2157848,8602252,111,7088844800,0.08
139.416,556472,1601376,0,2157848,8602252,111,7088844800,0.08
139.517,556472,1601376,0,2157848,8602252,111,7088844800,0.08
139.617,556472,1601376,0,2157848,8602252,111,7088844800,0.08
139.718,556472,1601376,0,2157848,8602252,111,7088844800,0.08
139.818,556472,1601376,0,2157848,8602252,111,7088844800,0.08
139.918,556472,1601376,0,2157848,8602252,111,7088844800,0.08
140.019,556472,1601376,0,2157848,8602252,111,7088844800,0.08
140.119,556472,1601376,0,2157848,8602252,111,7088844800,0.08
140.219,556472,1601376,0,2157848,8602252,111,7088844800,0.08
140.320,556472,1601376,0,2157848,8602252,111,7088844800,0.08
140.420,556472,1601376,0,2157848,8602252,111,7088844800,0.08
140.520,556472,1601376,0,2157848,8602252,111,7088844800,0.08
140.621,556472,1601376,0,2157848,8602252,111,7088844800,0.08
140.721,556472,1601376,0,2157848,8602252,111,7088844800,0.08
140.822,556472,1601376,0,2157848,8602252,111,7088844800,0.08
140.922,556472,1601376,0,2157848,8602252,111,7088844800,0.08
141.022,556472,1601376,0,2157848,8602252,111,7088844800,0.08
141.123,556472,1601376,0,2157848,8602252,111,7088844800,0.06
141.223,556472,1601376,0,2157848,8602252,111,7088844800,0.06
141.324,556472,1601376,0,2157848,8602252,111,7088844800,0.06
141.424,556472,1601376,0,2157848,8602252,111,7088844800,0.06
141.524,556472,1601376,0,2157848,8602252,111,7088844800,0.06
141.625,556472,1601376,0,2157848,8602252,111,7088844800,0.06
141.725,556472,1601376,0,2157848,8602252,111,7088844800,0.06
141.825,556472,1601376,0,2157848,8602252,111,7088844800,0.06
141.926,556472,1601376,0,2157848,8602252,111,7088844800,0.06
142.026,556472,1601376,0,2157848,8602252,111,7088844800,0.06
142.127,497372,1601376,0,2098748,8602252,111,7088844800,0.06
142.227,497372,1601376,0,2098748,8602252,111,7088844800,0.06
142.327,497828,1601376,0,2099204,8602252,111,7088844800,0.06
142.428,513300,1601376,0,2114676,8602252,111,7088844800,0.06
142.528,519712,1601376,0,2121088,8602252,111,7088844800,0.06
142.628,524744,1601376,0,2126120,8602252,111,7088844800,0.06
142.729,609480,1601376,0,2210856,8602252,111,7088844800,0.06
142.829,611052,1601376,0,2212428,8602252,111,7088844800,0.06
142.930,611052,1601376,0,2212428,8602252,111,7088844800,0.06
143.030,611052,1601376,0,2212428,8602252,111,7088844800,0.06
143.130,611052,1601376,0,2212428,8602252,111,7088844800,0.23
143.231,611052,1601376,0,2212428,8602252,111,7088844800,0.23
143.331,611052,1601376,0,2212428,8602252,111,7088844800,0.23
143.431,611052,1601376,0,2212428,8602252,111,7088844800,0.23
143.532,611052,1601376,0,2212428,8602252,111,7088844800,0.23
143.632,611052,1601376,0,2212428,8602252,111,7088844800,0.23
143.733,611052,1601376,0,2212428,8602252,111,7088844800,0.23
143.833,611052,1601376,0,2212428,8602252,111,7088844800,0.23
143.933,611052,1601376,0,2212428,8602252,111,7088844800,0.23
144.034,611052,1601376,0,2212428,8602252,111,7088844800,0.23
144.134,611052,1601376,0,2212428,8602252,111,7088844800,0.23
144.234,611052,1601376,0,2212428,8602252,111,7088844800,0.23
144.335,611052,1601376,0,2212428,8602252,111,7088844800,0.23
144.435,611052,1601376,0,2212428,8602252,111,7088844800,0.23
144.536,611052,1601376,0,2212428,8602252,111,7088844800,0.23
144.636,614348,1601376,0,2215724,8602252,111,7088844800,0.23
144.736,614348,1601376,0,2215724,8602252,111,7088844800,0.23
144.837,614348,1601376,0,2215724,8602252,111,7088844800,0.23
144.937,614348,1601376,0,2215724,8602252,111,7088844800,0.23
145.037,614348,1601376,0,2215724,8602252,111,7088844800,0.23
145.138,614348,1601376,0,2215724,8602252,111,7088844800,0.19
145.238,614348,1601376,0,2215724,8602252,111,7088844800,0.19
145.339,614348,1601376,0,2215724,8602252,111,7088844800,0.19
145.439,614348,1601376,0,2215724,8602252,111,7088844800,0.19
145.539,614348,1601376,0,2215724,8602252,111,7088844800,0.19
145.640,614348,1601376,0,2215724,8602252,111,7088844800,0.19
145.740,614348,1601376,0,2215724,8602252,111,7088844800,0.19
145.840,614348,1601376,0,2215724,8602252,111,7088844800,0.19
145.941,614348,1601376,0,2215724,8602252,111,7088844800,0.19
146.041,614348,1601376,0,2215724,8602252,111,7088844800,0.19
146.142,614348,1601376,0,2215724,8602252,111,7088844800,0.19
146.242,614348,1601376,0,2215724,8602252,111,7088844800,0.19
146.342,614348,1601376,0,2215724,8602252,111,7088844800,0.19
146.443,614348,1601376,0,2215724,8602252,111,7088844800,0.19
146.543,614348,1601376,0,2215724,8602252,111,7088844800,0.19
146.644,614348,1601376,0,2215724,8602252,111,7088844800,0.19
146.744,614348,1601376,0,2215724,8602252,111,7088844800,0.19
146.844,614348,1601376,0,2215724,8602252,111,7088844800,0.19
146.945,614348,1601376,0,2215724,8602252,111,7088844800,0.19
147.045,614348,1601376,0,2215724,8602252,111,7088844800,0.19
147.145,614348,1601376,0,2215724,8602252,111,7088844800,0.15
147.246,614348,1601376,0,2215724,8602252,111,7088844800,0.15
147.346,614348,1601376,0,2215724,8602252,111,7088844800,0.15
147.447,614348,1601376,0,2215724,8602252,111,7088844800,0.15
147.547,614348,1601376,0,2215724,8602252,111,7088844800,0.15
147.648,614348,1601376,0,2215724,8602252,111,7088844800,0.15
147.748,614348,1601376,0,2215724,8602252,111,7088844800,0.15
147.848,614348,1601376,0,2215724,8602252,111,7088844800,0.15
147.949,614348,1601376,0,2215724,8602252,111,7088844800,0.15
148.049,614348,1601376,0,2215724,8602252,111,7088844800,0.15
148.150,614348,1601376,0,2215724,8602252,111,7088844800,0.15
148.250,614348,1601376,0,2215724,8602252,111,7088844800,0.15
148.351,614348,1601376,0,2215724,8602252,111,7088844800,0.15
148.451,614348,1601376,0,2215724,8602252,111,7088844800,0.15
148.552,614348,1601376,0,2215724,8602252,111,7088844800,0.15
148.652,614348,1601376,0,2215724,8602252,111,7088844800,0.15
148.752,614348,1601376,0,2215724,8602252,111,7088844800,0.15
148.853,614348,1601376,0,2215724,8602252,111,7088844800,0.15
148.953,614348,1601376,0,2215724,8602252,111,7088844800,0.15
149.054,614348,1601376,0,2215724,8602252,111,7088844800,0.15
149.154,614348,1601376,0,2215724,8602252,111,7088844800,0.13
149.254,497828,1601376,0,2099204,8602252,111,7088844800,0.13
149.355,497828,1601376,0,2099204,8602252,111,7088844800,0.13
149.456,529244,1601376,0,2130620,8602252,111,7088844800,0.13
149.556,555248,1601376,0,2156624,8602252,111,7088844800,0.13
149.657,555248,1601376,0,2156624,8602252,111,7088844800,0.13
149.757,559376,1601376,0,2160752,8602252,111,7088844800,0.13
149.858,593208,1601376,0,2194584,8602252,111,7088844800,0.13
149.958,593208,1601376,0,2194584,8602252,111,7088844800,0.13
150.058,620236,1601376,0,2221612,8602252,111,7088844800,0.13
150.159,640140,1601376,0,2241516,8602252,111,7088844800,0.13
150.259,654420,1601376,0,2255796,8602252,111,7088844800,0.13
150.360,677684,1601376,0,2279060,8602252,111,7088844800,0.13
150.460,691020,1601376,0,2292396,8602252,111,7088844800,0.13
150.561,695348,1601376,0,2296724,8602252,111,7088844800,0.13
150.662,722188,1601376,0,2323564,8602252,111,7088844800,0.13
150.762,736468,1601376,0,2337844,8602252,111,7088844800,0.13
150.863,770796,1601376,0,2372172,8602252,111,7088844800,0.13
150.963,785440,1601376,0,2386816,8602252,111,7088844800,0.13
151.064,793024,1601376,0,2394400,8602252,111,7088844800,0.13
151.164,823168,1601376,0,2424544,8602252,111,7088844800,0.1
151.265,823168,1601376,0,2424544,8602252,111,7088844800,0.1
151.365,838368,1601376,0,2439744,8602252,111,7088844800,0.1
151.466,852184,1601376,0,2453560,8602252,111,7088844800,0.1
151.566,879456,1601376,0,2480832,8602252,111,7088844800,0.1
151.666,879456,1601376,0,2480832,8602252,111,7088844800,0.1
151.767,881124,1601376,0,2482500,8602252,111,7088844800,0.1
151.867,894184,1601376,0,2495560,8602252,111,7088844800,0.1
151.968,914936,1601376,0,2516312,8602252,111,7088844800,0.1
152.068,939556,1601376,0,2540932,8602252,111,7088844800,0.1
152.169,962096,1601376,0,2563472,8602252,111,7088844800,0.1
152.269,980064,1601376,0,2581440,8602252,111,7088844800,0.1
152.370,1019764,1601376,0,2621140,8602252,111,7088844800,0.1
152.470,1021620,1601376,0,2622996,8602252,111,7088844800,0.1
152.571,1036180,1601376,0,2637556,8602252,111,7088844800,0.1
152.671,1061408,1601376,0,2662784,8602252,111,7088844800,0.1
152.772,1085272,1601376,0,2686648,8602252,111,7088844800,0.1
152.872,1110472,1601376,0,2711848,8602252,111,7088844800,0.1
152.973,1130740,1601376,0,2732116,8602252,111,7088844800,0.1
153.073,1159540,1601376,0,2760916,8602252,111,7088844800,0.1
153.174,1309876,1601376,0,2911252,8602252,111,7088844800,0.08
153.274,1486056,1601376,0,3087432,8602252,111,7088844800,0.08
153.375,1659684,1601376,0,3261060,8602252,111,7088844800,0.08
153.476,1675452,1601376,0,3276828,8602252,111,7088844800,0.08
153.576,1675452,1601376,0,3276828,8602252,111,7088844800,0.08
153.677,1675452,1601376,0,3276828,8602252,111,7088844800,0.08
153.778,1675452,1617632,0,3293084,8602252,111,7088844800,0.08
153.878,1675452,1617632,0,3293084,8602252,111,7088844800,0.08
153.979,1675452,1617632,0,3293084,8602252,111,7088844800,0.08
154.079,1675452,1617632,0,3293084,8602252,111,7088844800,0.08
154.180,1675452,1617632,0,3293084,8602252,111,7088844800,0.08
154.281,1675452,1617632,0,3293084,8602252,111,7088844800,0.08
154.381,1675452,1733664,0,3409116,8602252,111,7088844800,0.08
154.482,1675452,1828448,0,3503900,8602252,111,7088844800,0.08
154.582,1675452,1918048,0,3593500,8602252,111,7088844800,0.08
154.683,1675452,2037920,0,3713372,8602252,111,7088844800,0.08
154.783,1675452,2131680,0,3807132,8602252,111,7088844800,0.08
154.884,1538224,2132948,0,3671172,8602252,111,7088844800,0.08
154.984,1538224,2132948,0,3671172,8602252,111,7088844800,0.08
155.085,1538224,2133012,0,3671236,8602252,111,7088844800,0.08
155.189,1586672,1674468,0,3261140,8602252,111,7117099008,0.61
155.289,1614084,1674468,0,3288552,8602252,111,7129661440,0.61
155.390,1635980,1674468,0,3310448,8602252,111,7145209856,0.61
155.490,1657088,1674468,0,3331556,8602252,111,7161995264,0.61
155.593,1684128,1674468,0,3358596,8602252,111,7184863232,0.61
155.693,1692316,1674468,0,3366784,8602252,111,7204777984,0.61
155.794,1701128,1674468,0,3375596,8602252,111,7215263744,0.61
155.894,1701452,1674788,0,3376240,8602252,112,7262359552,0.61
155.995,1701976,1674788,0,3376764,8602252,112,7279136768,0.61
156.097,1708268,1674788,0,3383056,8602252,112,7310348288,0.61
156.197,1714248,1674788,0,3389036,8602252,112,7349919744,0.61
156.298,1716688,1674788,0,3391476,8602252,112,7349919744,0.61
156.398,1719800,1674788,0,3394588,8602252,112,7356211200,0.61
156.499,1727740,1674788,0,3402528,8602252,112,7400005632,0.61
156.601,1728864,1674788,0,3403652,8602252,112,7418961920,0.61
156.701,1730064,1674788,0,3404852,8602252,112,7427354624,0.61
156.802,1730168,1674924,0,3405092,8602252,112,7429865472,0.61
156.902,1735616,1674924,0,3410540,8602252,112,7450894336,0.61
157.005,1735616,1674924,0,3410540,8602252,112,7450894336,0.61
157.106,1735628,1674924,0,3410552,8602252,112,7455092736,0.61
157.206,1736916,1674924,0,3411840,8602252,112,7491444736,0.5
157.309,1736916,1674924,0,3411840,8602252,112,7494770688,0.5
157.410,1737828,1675004,0,3412832,8602252,112,7533289472,0.5
157.510,1743280,1675004,0,3418284,8602252,112,7533289472,0.5
157.610,1744320,1675004,0,3419324,8602252,112,7533289472,0.5
157.713,1745004,1675004,0,3420008,8602252,112,7533289472,0.5
157.813,1745312,1675004,0,3420316,8602252,112,7539683328,0.5
157.914,1745312,1675324,0,3420636,8602252,112,7554322432,0.5
158.014,1745312,1675684,0,3420996,8602252,112,7554322432,0.5
158.115,1745312,1675684,0,3420996,8602252,112,7557062656,0.5
158.215,1745312,1675684,0,3420996,8602252,112,7561261056,0.5
158.317,1750460,1675684,0,3426144,8602252,112,7571709952,0.5
158.417,1753624,1675684,0,3429308,8602252,112,7582158848,0.5
158.518,1753624,1675684,0,3429308,8602252,112,7615614976,0.5
158.621,1753708,1675684,0,3429392,8602252,112,7615614976,0.5
158.722,1755572,1675684,0,3431256,8602252,112,7615614976,0.5
158.822,1755572,1675684,0,3431256,8602252,112,7615614976,0.5
158.925,1755572,1675684,0,3431256,8602252,112,7615614976,0.5
159.026,1756388,1675684,0,3432072,8602252,112,7615614976,0.5
159.126,1757160,1675684,0,3432844,8602252,112,7615614976,0.5
159.227,1757160,1675684,0,3432844,8602252,112,7615614976,0.41
159.329,1757420,1675684,0,3433104,8602252,112,7615614976,0.41
159.430,1757420,1675684,0,3433104,8602252,112,7615614976,0.41
159.530,1758276,1675684,0,3433960,8602252,112,7615614976,0.41
159.633,1758276,1675684,0,3433960,8602252,112,7615614976,0.41
159.734,1758276,1675684,0,3433960,8602252,112,7615614976,0.41
159.834,1760488,1675868,0,3436356,8602252,112,7615614976,0.41
159.935,1760872,1675868,0,3436740,8602252,112,7615614976,0.41
160.035,1760872,1675868,0,3436740,8602252,112,7615614976,0.41
160.136,1760872,1675868,0,3436740,8602252,112,7615614976,0.41
160.237,1761660,1675868,0,3437528,8602252,112,7615614976,0.41
160.337,1762328,1675868,0,3438196,8602252,112,7615614976,0.41
160.438,1762328,1675868,0,3438196,8602252,112,7615614976,0.41
160.539,1762328,1675868,0,3438196,8602252,112,7615614976,0.41
160.640,1762328,1675868,0,3438196,8602252,112,7615614976,0.41
160.741,1762328,1675868,0,3438196,8602252,112,7615614976,0.41
160.841,1762328,1675868,0,3438196,8602252,112,7615614976,0.41
160.942,1762328,1675868,0,3438196,8602252,112,7615614976,0.41
161.042,1762328,1675868,0,3438196,8602252,112,7615614976,0.41
161.143,1762328,1675868,0,3438196,8602252,112,7615614976,0.41
161.243,1762328,1675868,0,3438196,8602252,112,7615614976,0.33
161.344,1762328,1675868,0,3438196,8602252,112,7615614976,0.33
161.444,1762328,1675868,0,3438196,8602252,112,7615614976,0.33
161.545,1762328,1675868,0,3438196,8602252,112,7615614976,0.33
161.645,1762328,1675868,0,3438196,8602252,112,7615614976,0.33
161.746,1762328,1675868,0,3438196,8602252,112,7615614976,0.33
161.847,1762328,1675868,0,3438196,8602252,112,7615614976,0.33
161.947,1762328,1675868,0,3438196,8602252,112,7615614976,0.33
162.048,1762328,1675868,0,3438196,8602252,112,7615614976,0.33
162.149,1762328,1675868,0,3438196,8602252,112,7615614976,0.33
162.250,1762328,1675868,0,3438196,8602252,112,7615614976,0.33
162.350,1762328,1675868,0,3438196,8602252,112,7615614976,0.33
162.451,1762328,1675868,0,3438196,8602252,112,7615614976,0.33
162.552,1762328,1675868,0,3438196,8602252,112,7615614976,0.33
162.653,1762328,1675868,0,3438196,8602252,112,7615614976,0.33
162.753,1762328,1675868,0,3438196,8602252,112,7615614976,0.33
162.854,1762328,1675868,0,3438196,8602252,112,7615614976,0.33
162.955,1762328,1675868,0,3438196,8602252,112,7615614976,0.33
163.056,1762328,1675868,0,3438196,8602252,112,7615614976,0.33
163.157,1762328,1675868,0,3438196,8602252,112,7615614976,0.33
163.257,1762328,1675868,0,3438196,8602252,112,7615614976,0.27
163.358,1762328,1675868,0,3438196,8602252,112,7615614976,0.27
163.458,1762328,1675868,0,3438196,8602252,112,7615614976,0.27
163.559,1762328,1675868,0,3438196,8602252,112,7615614976,0.27
163.660,1762328,1675868,0,3438196,8602252,112,7615614976,0.27
163.760,1762328,1675868,0,3438196,8602252,112,7615614976,0.27
163.861,1762328,1675868,0,3438196,8602252,112,7615614976,0.27
163.961,1762328,1675868,0,3438196,8602252,112,7615614976,0.27
164.062,1762328,1675868,0,3438196,8602252,112,7615614976,0.27
164.162,1762328,1675868,0,3438196,8602252,112,7615614976,0.27
164.263,1762328,1675868,0,3438196,8602252,112,7615614976,0.27
164.364,1762328,1675868,0,3438196,8602252,112,7615614976,0.27
164.465,1762328,1675868,0,3438196,8602252,112,7615614976,0.27
164.565,1762328,1675868,0,3438196,8602252,112,7615614976,0.27
164.667,1762328,1675868,0,3438196,8602252,112,7615614976,0.27
164.768,1762328,1675868,0,3438196,8602252,112,7615614976,0.27
164.868,1762328,1675868,0,3438196,8602252,112,7615614976,0.27
164.969,1762328,1675868,0,3438196,8602252,112,7615614976,0.27
165.069,1762328,1675868,0,3438196,8602252,112,7615614976,0.27
165.170,1762328,1675868,0,3438196,8602252,112,7615614976,0.27
165.270,1762328,1675868,0,3438196,8602252,112,7615614976,0.22
165.371,1762328,1675868,0,3438196,8602252,112,7615614976,0.22
165.472,1762328,1675868,0,3438196,8602252,112,7615614976,0.22
165.572,1762328,1675868,0,3438196,8602252,112,7615614976,0.22
165.673,1762328,1675868,0,3438196,8602252,112,7615614976,0.22
165.773,1762328,1675868,0,3438196,8602252,112,7615614976,0.22
165.874,1762328,1675868,0,3438196,8602252,112,7615614976,0.22
165.975,1762328,1675868,0,3438196,8602252,112,7615614976,0.22
166.075,1762328,1675868,0,3438196,8602252,112,7615614976,0.22
166.176,1762328,1675868,0,3438196,8602252,112,7615614976,0.22
166.277,1762328,1675868,0,3438196,8602252,112,7615614976,0.22
166.377,1762328,1675868,0,3438196,8602252,112,7615614976,0.22
166.478,1762328,1675868,0,3438196,8602252,112,7615614976,0.22
166.579,1762328,1675868,0,3438196,8602252,112,7615614976,0.22
166.679,1762328,1675868,0,3438196,8602252,112,7615614976,0.22
166.780,1762328,1675868,0,3438196,8602252,112,7615614976,0.22
166.881,1762328,1675868,0,3438196,8602252,112,7615614976,0.22
166.982,1762328,1675868,0,3438196,8602252,112,7615614976,0.22
167.083,1762328,1675868,0,3438196,8602252,112,7615614976,0.22
167.183,1762328,1675868,0,3438196,8602252,112,7615614976,0.22
167.284,1762328,1675868,0,3438196,8602252,112,7615614976,0.18
167.384,1762328,1675868,0,3438196,8602252,112,7615614976,0.18
167.486,1762328,1675868,0,3438196,8602252,112,7615614976,0.18
167.586,1762328,1675868,0,3438196,8602252,112,7615614976,0.18
167.687,1762328,1675868,0,3438196,8602252,112,7615614976,0.18
167.788,1762328,1675868,0,3438196,8602252,112,7615614976,0.18
167.888,1762328,1675868,0,3438196,8602252,112,7615614976,0.18
167.989,1762328,1675868,0,3438196,8602252,112,7615614976,0.18
168.090,1762328,1675868,0,3438196,8602252,112,7615614976,0.18
168.191,1762328,1675868,0,3438196,8602252,112,7615614976,0.18
168.291,1762328,1675868,0,3438196,8602252,112,7615614976,0.18
168.393,1762328,1675868,0,3438196,8602252,112,7615614976,0.18
168.494,1762328,1675868,0,3438196,8602252,112,7615614976,0.18
168.595,1762328,1675868,0,3438196,8602252,112,7615614976,0.18
168.697,1762328,1675868,0,3438196,8602252,112,7615614976,0.18
168.797,1762328,1675868,0,3438196,8602252,112,7615614976,0.18
168.898,1762328,1675868,0,3438196,8602252,112,7615614976,0.18
168.998,1762328,1675868,0,3438196,8602252,112,7615614976,0.18
169.098,1762328,1675868,0,3438196,8602252,112,7615614976,0.18
169.198,1762328,1708828,0,3471156,8602252,112,7615614976,0.18
169.299,1762328,1816412,0,3578740,8602252,112,7615614976,0.15
169.399,1762328,1675868,0,3438196,8602252,112,7615614976,0.15
169.499,1762328,1675868,0,3438196,8602252,112,7615614976,0.15
169.600,1762328,1626716,0,3389044,8602252,112,7656607744,0.15
169.700,1762328,1626716,0,3389044,8602252,112,7694950400,0.15
169.800,1762328,1626716,0,3389044,8602252,112,7738019840,0.15
169.901,1762328,1626716,0,3389044,8602252,112,7777517568,0.15
170.005,1762328,1626716,0,3389044,8602252,112,7785893888,0.15
170.105,1762328,1626716,0,3389044,8602252,112,7793479680,0.15
170.206,1762328,1626716,0,3389044,8602252,112,7814537216,0.15
170.306,1762328,1626716,0,3389044,8602252,112,7872839680,0.15
170.406,1762328,1626716,0,3389044,8602252,112,7890440192,0.15
170.507,1762328,1626716,0,3389044,8602252,112,7890440192,0.15
170.607,1762328,1626716,0,3389044,8602252,112,7892078592,0.15
170.707,1762328,1626716,0,3389044,8602252,112,7892078592,0.15
170.808,1762328,1626716,0,3389044,8602252,112,7913381888,0.15
170.908,1762328,1626716,0,3389044,8602252,112,7944798208,0.15
171.008,1762328,1626716,0,3389044,8602252,112,7955234816,0.15
171.108,1762328,1626716,0,3389044,8602252,112,7971094528,0.15
171.209,1762328,1626716,0,3389044,8602252,112,7985889280,0.15
171.310,1762328,1626716,0,3389044,8602252,112,7985889280,0.3
171.411,1762328,1626716,0,3389044,8602252,112,7985889280,0.3
171.511,1762328,1626716,0,3389044,8602252,112,7985889280,0.3
171.611,1762328,1626716,0,3389044,8602252,112,7985889280,0.3
171.712,1762328,1626716,0,3389044,8602252,112,7985889280,0.3
171.812,1762328,1626716,0,3389044,8602252,112,7985889280,0.3
171.912,1762328,1626716,0,3389044,8602252,112,7985889280,0.3
172.013,1762328,1626716,0,3389044,8602252,112,7985889280,0.3
172.113,1762328,1626716,0,3389044,8602252,112,7985889280,0.3
172.213,1762328,1626716,0,3389044,8602252,112,7985889280,0.3
172.314,1762328,1626716,0,3389044,8602252,112,7985889280,0.3
172.414,1762328,1626716,0,3389044,8602252,112,7985889280,0.3
172.514,1762328,1626716,0,3389044,8602252,112,7985889280,0.3
172.615,1762328,1626716,0,3389044,8602252,112,7985889280,0.3
172.715,1762328,1626716,0,3389044,8602252,112,7985889280,0.3
172.815,1762328,1626716,0,3389044,8602252,112,7985889280,0.3
172.915,1762328,1626716,0,3389044,8602252,112,7985889280,0.3
173.016,1762328,1626716,0,3389044,8602252,112,7985889280,0.3
173.116,1762328,1626716,0,3389044,8602252,112,7985889280,0.3
173.217,1762328,1626716,0,3389044,8602252,112,7985889280,0.24
173.317,1762328,1626716,0,3389044,8602252,112,7985889280,0.24
173.417,1762328,1626716,0,3389044,8602252,112,7985889280,0.24
173.518,1762328,1626716,0,3389044,8602252,112,7985889280,0.24
173.618,1762328,1626716,0,3389044,8602252,112,7985889280,0.24
173.719,1762328,1626716,0,3389044,8602252,112,7985889280,0.24
173.819,1762328,1626716,0,3389044,8602252,112,7985889280,0.24
173.919,1762328,1626716,0,3389044,8602252,112,7985889280,0.24
174.020,1762328,1626716,0,3389044,8602252,112,7985889280,0.24
174.120,1762328,1626716,0,3389044,8602252,112,7985889280,0.24
174.220,1762328,1626716,0,3389044,8602252,112,7985889280,0.24
174.321,1762328,1626716,0,3389044,8602252,112,7985889280,0.24
174.421,1762328,1626716,0,3389044,8602252,112,7985889280,0.24
174.521,1762328,1701212,0,3463540,8602252,112,7985889280,0.24
174.622,1762328,1036892,0,2799220,8602252,112,8015253504,0.24
174.725,1762328,1036892,0,2799220,8602252,112,8015253504,0.24
174.825,1762328,1036892,0,2799220,8602252,112,8065585152,0.24
174.926,1762328,1036892,0,2799220,8602252,112,8065585152,0.24
175.026,1762328,1036892,0,2799220,8602252,112,8073977856,0.24
175.127,1762328,1036892,0,2799220,8602252,112,8090689536,0.24
175.227,1762328,1036892,0,2799220,8602252,112,8168198144,0.2
175.328,1762328,1036892,0,2799220,8602252,112,8168198144,0.2
175.428,1765308,1036892,0,2802200,8602252,112,8197558272,0.2
175.528,1767448,1036892,0,2804340,8602252,112,8205946880,0.2
175.629,1773680,1036892,0,2810572,8602252,112,8253202432,0.2
175.733,1780748,1037172,0,2817920,8602252,112,8253202432,0.2
175.833,1793872,1037172,0,2831044,8602252,112,8269979648,0.2
175.934,1802356,1037172,0,2839528,8602252,112,8286756864,0.2
176.034,1810324,1037172,0,2847496,8602252,112,8301436928,0.2
176.135,1819940,1037172,0,2857112,8602252,112,8332894208,0.2
176.235,1830744,1037172,0,2867916,8602252,112,8349671424,0.2
176.335,1847596,1037172,0,2884768,8602252,112,8366448640,0.2
176.436,1868512,1037172,0,2905684,8602252,112,8366448640,0.2
176.537,1878252,1037172,0,2915424,8602252,112,8366448640,0.2
176.637,1907904,1037172,0,2945076,8602252,112,8366448640,0.2
176.738,1916408,1037172,0,2953580,8602252,112,8366448640,0.2
176.839,1935836,1037172,0,2973008,8602252,112,8398954496,0.2
176.941,1945108,1037172,0,2982280,8602252,112,8415731712,0.2
177.041,1954444,1037172,0,2991616,8602252,112,8432508928,0.2
177.142,1964172,1037172,0,3001344,8602252,112,8466063360,0.2
177.242,1985120,1037172,0,3022292,8602252,112,8466063360,0.16
177.345,2004204,1037172,0,3041376,8602252,112,8466063360,0.16
177.445,2013328,1037172,0,3050500,8602252,112,8466063360,0.16
177.546,2032588,1037172,0,3069760,8602252,112,8466063360,0.16
177.646,2040716,1037172,0,3077888,8602252,112,8482828288,0.16
177.747,2048584,1037172,0,3085756,8602252,112,8482828288,0.16
177.847,2058380,1037172,0,3095552,8602252,112,8516382720,0.16
177.948,2087712,1037172,0,3124884,8602252,112,8548888576,0.16
178.048,2095392,1037172,0,3132564,8602252,112,8565665792,0.16
178.149,2103896,1037172,0,3141068,8602252,112,8565665792,0.16
178.253,2112372,1037172,0,3149544,8602252,112,8565665792,0.16
178.353,2123168,1037172,0,3160340,8602252,112,8565665792,0.16
178.454,2141284,1037172,0,3178456,8602252,112,8576147456,0.16
178.554,2158800,1037172,0,3195972,8602252,112,8576147456,0.16
178.654,2165636,1037172,0,3202808,8602252,112,8592924672,0.16
178.755,2173240,1037172,0,3210412,8602252,112,8626479104,0.16
178.855,2182388,1037172,0,3219560,8602252,112,8626479104,0.16
178.956,2188264,1037172,0,3225436,8602252,112,8626479104,0.16
179.061,2198508,1037236,0,3235744,8602252,112,8643256320,0.16
179.161,2200436,1037236,0,3237672,8602252,112,8660033536,0.13
179.262,2206708,1037236,0,3243944,8602252,112,8660033536,0.13
179.362,2210724,1037236,0,3247960,8602252,112,8676810752,0.13
179.462,2215800,1037236,0,3253036,8602252,112,8676810752,0.13
179.563,2219652,1037236,0,3256888,8602252,112,8676810752,0.13
179.665,2219108,1037236,0,3256344,8602252,112,8693587968,0.13
179.765,2217076,1037236,0,3254312,8602252,112,8710365184,0.13
179.866,2220004,1037236,0,3257240,8602252,112,8727142400,0.13
179.966,2222504,1037236,0,3259740,8602252,112,8743919616,0.13
180.066,2227084,1037236,0,3264320,8602252,112,8743919616,0.13
180.167,2228676,1037236,0,3265912,8602252,112,8743919616,0.13
180.269,2232236,1037236,0,3269472,8602252,112,8743919616,0.13
180.373,2232784,1037236,0,3270020,8602252,112,8760696832,0.13
180.473,2232812,1037236,0,3270048,8602252,112,8777474048,0.13
180.578,2219416,1037236,0,3256652,8602252,112,8806834176,0.13
180.678,2208284,1037236,0,3245520,8602252,112,8806834176,0.13
180.778,2208312,1037236,0,3245548,8602252,112,8806834176,0.13
180.879,2208328,1037236,0,3245564,8602252,112,8806834176,0.13
180.979,2208360,1037236,0,3245596,8602252,112,8823611392,0.13
181.080,2208380,1037236,0,3245616,8602252,112,8823611392,0.13
181.180,2208420,1037236,0,3245656,8602252,112,8823611392,0.11
181.280,2208464,1037236,0,3245700,8602252,112,8840388608,0.11
181.381,2208540,1037236,0,3245776,8602252,112,8840388608,0.11
181.481,2209040,1037236,0,3246276,8602252,112,8873943040,0.11
181.584,2211740,1037236,0,3248976,8602252,112,8890720256,0.11
181.685,2211928,1037236,0,3249164,8602252,112,8890720256,0.11
181.785,2212292,1037236,0,3249528,8602252,112,8907497472,0.11
181.889,2214764,1037236,0,3252000,8602252,112,8907497472,0.11
181.989,2215052,1037236,0,3252288,8602252,112,8924266496,0.11
182.090,2215432,1037236,0,3252668,8602252,112,8924266496,0.11
182.190,2216088,1037236,0,3253324,8602252,112,8924266496,0.11
182.290,2219020,1037236,0,3256256,8602252,112,8941043712,0.11
182.391,2219476,1037236,0,3256712,8602252,112,8957820928,0.11
182.491,2219920,1037236,0,3257156,8602252,112,8972500992,0.11
182.591,2220984,1037292,0,3258276,8602252,112,8972500992,0.11
182.692,2225356,1037292,0,3262648,8602252,112,8972500992,0.11
182.792,2225600,1037292,0,3262892,8602252,112,8988741632,0.11
182.892,2226308,1037292,0,3263600,8602252,112,9005518848,0.11
182.993,2226748,1037292,0,3264040,8602252,112,9005518848,0.11
183.093,2227600,1037292,0,3264892,8602252,112,9022296064,0.11
183.194,2230388,1037292,0,3267680,8602252,112,9039073280,0.09
183.294,2234824,1037292,0,3272116,8602252,112,9039073280,0.09
183.395,2237312,1037292,0,3274604,8602252,112,9055850496,0.09
183.495,2240952,1037292,0,3278244,8602252,112,9055850496,0.09
183.596,2241920,1037292,0,3279212,8602252,112,9055850496,0.09
183.696,2245272,1037292,0,3282564,8602252,112,9072627712,0.09
183.801,2246936,1037292,0,3284228,8602252,112,9072627712,0.09
183.901,2243988,1037292,0,3281280,8602252,112,9072627712,0.09
184.002,2248444,1037292,0,3285736,8602252,112,9089404928,0.09
184.102,2249352,1037292,0,3286644,8602252,112,9089404928,0.09
184.202,2254636,1037292,0,3291928,8602252,112,9089404928,0.09
184.303,2256768,1037292,0,3294060,8602252,112,9106182144,0.09
184.403,2259908,1037292,0,3297200,8602252,112,9139736576,0.09
184.504,2262528,1037292,0,3299820,8602252,112,9139736576,0.09
184.604,2259228,1037292,0,3296520,8602252,112,9139736576,0.09
184.705,2264540,1037292,0,3301832,8602252,112,9139736576,0.09
184.805,2265668,1037292,0,3302960,8602252,112,9156513792,0.09
184.905,2267636,1037292,0,3304928,8602252,112,9156513792,0.09
185.006,2260124,1037292,0,3297416,8602252,112,9156513792,0.09
185.106,2262756,1037292,0,3300048,8602252,112,9173291008,0.09
185.208,2265892,1037292,0,3303184,8602252,112,9190068224,0.07
185.308,2270472,1037292,0,3307764,8602252,112,9206837248,0.07
185.412,2272696,1037292,0,3309988,8602252,112,9206837248,0.07
185.513,2261648,1037292,0,3298940,8602252,112,9206837248,0.07
185.613,2266784,1037292,0,3304076,8602252,112,9206837248,0.07
185.713,2267888,1037292,0,3305180,8602252,112,9206837248,0.07
185.814,2271680,1037292,0,3308972,8602252,112,9223614464,0.07
185.914,2258552,1037292,0,3295844,8602252,112,9223614464,0.07
186.014,2251456,1037292,0,3288748,8602252,112,9240391680,0.07
186.115,2252164,1037292,0,3289456,8602252,112,9269743616,0.07
186.215,2252948,1037292,0,3290240,8602252,112,9269743616,0.07
186.316,2253776,1037292,0,3291068,8602252,112,9269743616,0.07
186.416,2254416,1037292,0,3291708,8602252,112,9269743616,0.07
186.516,2255068,1037292,0,3292360,8602252,112,9269743616,0.07
186.617,2257936,1037292,0,3295228,8602252,112,9286520832,0.07
186.718,2258164,1037292,0,3295456,8602252,112,9286520832,0.07
186.818,2250288,1037292,0,3287580,8602252,112,9286520832,0.07
186.921,2250368,1037292,0,3287660,8602252,112,9320075264,0.07
187.021,2250376,1037292,0,3287668,8602252,112,9320075264,0.07
187.122,2250376,1037292,0,3287668,8602252,112,9320075264,0.07
187.222,2250376,1037292,0,3287668,8602252,112,9320075264,0.06
187.322,2250376,1037292,0,3287668,8602252,112,9320075264,0.06
187.423,2250400,1037292,0,3287692,8602252,112,9336852480,0.06
187.523,2250424,1037292,0,3287716,8602252,112,9336852480,0.06
187.624,2250712,1037292,0,3288004,8602252,112,9353629696,0.06
187.724,2250960,1037292,0,3288252,8602252,112,9370406912,0.06
187.824,2251244,1037292,0,3288536,8602252,112,9370406912,0.06
187.925,2251420,1037292,0,3288712,8602252,112,9370406912,0.06
188.029,2251448,1037292,0,3288740,8602252,112,9370406912,0.06
188.129,2251932,1037292,0,3289224,8602252,112,9370406912,0.06
188.230,2253112,1037292,0,3290404,8602252,112,9370406912,0.06
188.330,2254236,1037292,0,3291528,8602252,112,9387184128,0.06
188.431,2257272,1037292,0,3294564,8602252,112,9387184128,0.06
188.531,2257336,1037292,0,3294628,8602252,112,9403961344,0.06
188.631,2252156,1037292,0,3289448,8602252,112,9420738560,0.06
188.732,2252420,1037292,0,3289712,8602252,112,9420738560,0.06
188.832,2252500,1037292,0,3289792,8602252,112,9420738560,0.06
188.932,2253256,1037292,0,3290548,8602252,112,9420738560,0.06
189.033,2254424,1037292,0,3291716,8602252,112,9420738560,0.06
189.133,2255804,1037292,0,3293096,8602252,112,9420738560,0.06
189.234,2257260,1037292,0,3294552,8602252,112,9420738560,0.04
189.335,2260688,1037292,0,3297980,8602252,112,9437515776,0.04
189.435,2258224,1037292,0,3295516,8602252,112,9454292992,0.04
189.535,2259904,1037292,0,3297196,8602252,112,9454292992,0.04
189.636,2261892,1037292,0,3299184,8602252,112,9471070208,0.04
189.736,2263020,1037292,0,3300312,8602252,112,9471070208,0.04
189.837,2266892,1037292,0,3304184,8602252,112,9471070208,0.04
189.937,2267580,1037292,0,3304872,8602252,112,9471070208,0.04
190.041,2258924,1037292,0,3296216,8602252,112,9471070208,0.04
190.141,2262488,1037292,0,3299780,8602252,112,9487847424,0.04
190.242,2263132,1037292,0,3300424,8602252,112,9487847424,0.04
190.342,2264060,1037292,0,3301352,8602252,112,9504624640,0.04
190.443,2257604,1037292,0,3294896,8602252,112,9504624640,0.04
190.543,2258688,1037292,0,3295980,8602252,112,9504624640,0.04
190.643,2260096,1037292,0,3297388,8602252,112,9521401856,0.04
190.753,2262128,1037292,0,3299420,8602252,112,9521401856,0.04
190.853,2263396,1037292,0,3300688,8602252,112,9538179072,0.04
190.954,2265164,1037292,0,3302456,8602252,112,9538179072,0.04
191.054,2266828,1037292,0,3304120,8602252,112,9538179072,0.04
191.155,2269744,1037292,0,3307036,8602252,112,9554956288,0.04
191.255,2273716,1037292,0,3311008,8602252,112,9554956288,0.04
191.355,2276912,1037292,0,3314204,8602252,112,9554956288,0.04
191.456,2281780,1037292,0,3319072,8602252,112,9554956288,0.04
191.556,2284348,1037292,0,3321640,8602252,112,9571733504,0.04
191.661,2291040,1037292,0,3328332,8602252,112,9571733504,0.04
191.761,2292060,1037292,0,3329352,8602252,112,9571733504,0.04
191.862,2295676,1037292,0,3332968,8602252,112,9571733504,0.04
191.962,2284996,1037292,0,3322288,8602252,112,9571733504,0.04
192.063,2280832,1037292,0,3318124,8602252,112,9588510720,0.04
192.165,2282576,1037292,0,3319868,8602252,112,9588510720,0.04
192.265,2284496,1037292,0,3321788,8602252,112,9588510720,0.04
192.366,2286156,1037292,0,3323448,8602252,112,9622065152,0.04
192.466,2287672,1037292,0,3324964,8602252,112,9622065152,0.04
192.567,2289304,1037292,0,3326596,8602252,112,9622065152,0.04
192.669,2295208,1037292,0,3332500,8602252,112,9622065152,0.04
192.770,2295392,1037292,0,3332684,8602252,112,9622065152,0.04
192.870,2278500,1037292,0,3315792,8602252,112,9622065152,0.04
192.970,2279296,1037292,0,3316588,8602252,112,9638842368,0.04
193.071,2280124,1037292,0,3317416,8602252,112,9655619584,0.04
193.173,2280728,1037292,0,3318020,8602252,112,9672396800,0.04
193.273,2281328,1037292,0,3318620,8602252,112,9672396800,0.03
193.374,2282600,1037292,0,3319892,8602252,112,9672396800,0.03
193.474,2283028,1037292,0,3320320,8602252,112,9672396800,0.03
193.577,2284100,1037292,0,3321392,8602252,112,9672396800,0.03
193.677,2284596,1037292,0,3321888,8602252,112,9672396800,0.03
193.778,2287720,1037292,0,3325012,8602252,112,9689174016,0.03
193.881,2287720,1037292,0,3325012,8602252,112,9705951232,0.03
193.982,2287828,1037292,0,3325120,8602252,112,9722728448,0.03
194.082,2279296,1037292,0,3316588,8602252,112,9722728448,0.03
194.182,2280032,1037292,0,3317324,8602252,112,9722728448,0.03
194.283,2281700,1037292,0,3318992,8602252,112,9722728448,0.03
194.383,2283200,1037292,0,3320492,8602252,112,9722728448,0.03
194.484,2285128,1037292,0,3322420,8602252,112,9722728448,0.03
194.585,2289408,1037292,0,3326700,8602252,112,9739493376,0.03
194.686,2290168,1037292,0,3327460,8602252,112,9739493376,0.03
194.789,2291104,1037292,0,3328396,8602252,112,9756270592,0.03
194.889,2285416,1037292,0,3322708,8602252,112,9756270592,0.03
194.990,2286692,1037292,0,3323984,8602252,112,9773047808,0.03
195.093,2290504,1037292,0,3327796,8602252,112,9773047808,0.03
195.198,2291428,1037292,0,3328720,8602252,112,9773047808,0.03
195.298,2285372,1037292,0,3322664,8602252,112,9773047808,0.02
195.399,2286460,1037292,0,3323752,8602252,112,9773047808,0.02
195.499,2287740,1037292,0,3325032,8602252,112,9788575744,0.02
195.600,2288880,1037292,0,3326172,8602252,112,9788575744,0.02
195.700,2289976,1037292,0,3327268,8602252,112,9805352960,0.02
195.805,2292828,1037292,0,3330120,8602252,112,9822130176,0.02
195.906,2292988,1037292,0,3330280,8602252,112,9822130176,0.02
196.006,2283492,1037292,0,3320784,8602252,112,9822130176,0.02
196.106,2284136,1037292,0,3321428,8602252,112,9822130176,0.02
196.207,2285152,1037292,0,3322444,8602252,112,9822130176,0.02
196.307,2286552,1037292,0,3323844,8602252,112,9822130176,0.02
196.409,2287968,1037292,0,3325260,8602252,112,9822130176,0.02
196.510,2288672,1037292,0,3325964,8602252,112,9822130176,0.02
196.613,2289420,1037292,0,3326712,8602252,112,9855684608,0.02
196.715,2290380,1037292,0,3327672,8602252,112,9855684608,0.02
196.816,2294216,1037292,0,3331508,8602252,112,9855684608,0.02
196.921,2295132,1037292,0,3332424,8602252,112,9855684608,0.02
197.022,2295836,1037292,0,3333128,8602252,112,9855684608,0.02
197.122,2287208,1037292,0,3324500,8602252,112,9855684608,0.02
197.222,2288164,1037292,0,3325456,8602252,112,9855684608,0.02
197.323,2289932,1037292,0,3327224,8602252,112,9855684608,0.02
197.425,2293464,1037292,0,3330756,8602252,112,9889239040,0.02
197.525,2296176,1037292,0,3333468,8602252,112,9889239040,0.02
197.626,2297104,1037292,0,3334396,8602252,112,9889239040,0.02
197.726,2281052,1037292,0,3318344,8602252,112,9889239040,0.02
197.829,2282776,1037292,0,3320068,8602252,112,9889239040,0.02
197.929,2285952,1037292,0,3323244,8602252,112,9889239040,0.02
198.030,2286444,1037292,0,3323736,8602252,112,9889239040,0.02
198.130,2283480,1037292,0,3320772,8602252,112,9889239040,0.02
198.231,2283508,1037292,0,3320800,8602252,112,9914404864,0.02
198.333,2276324,1037292,0,3313616,8602252,112,9914404864,0.02
198.433,2276336,1037292,0,3313628,8602252,112,9914404864,0.02
198.534,2276664,1037292,0,3313956,8602252,112,9914404864,0.02
198.634,2277320,1037292,0,3314612,8602252,112,9914404864,0.02
198.737,2277808,1037292,0,3315100,8602252,112,9914404864,0.02
198.837,2278500,1037292,0,3315792,8602252,112,9914404864,0.02
198.941,2279188,1037292,0,3316480,8602252,112,9914404864,0.02
199.041,2279744,1037292,0,3317036,8602252,112,9931182080,0.02
199.142,2281492,1037292,0,3318784,8602252,112,9931182080,0.02
199.242,2282948,1037292,0,3320240,8602252,112,9931182080,0.02
199.345,2286948,1037292,0,3324240,8602252,112,9931182080,0.01
199.445,2287668,1037292,0,3324960,8602252,112,9931182080,0.01
199.546,2284184,1037292,0,3321476,8602252,112,9931182080,0.01
199.646,2287436,1037292,0,3324728,8602252,112,9931182080,0.01
199.749,2288224,1037292,0,3325516,8602252,112,9931182080,0.01
199.849,2278468,1037292,0,3315760,8602252,112,9931182080,0.01
199.950,2279868,1037292,0,3317160,8602252,112,9931182080,0.01
200.050,2281508,1037292,0,3318800,8602252,112,9931182080,0.01
200.151,2283536,1037292,0,3320828,8602252,112,9947959296,0.01
200.253,2285524,1037292,0,3322816,8602252,112,9947959296,0.01
200.353,2287804,1037292,0,3325096,8602252,112,9947959296,0.01
200.454,2292120,1037292,0,3329412,8602252,112,9947959296,0.01
200.554,2294036,1037292,0,3331328,8602252,112,9947959296,0.01
200.657,2290732,1037292,0,3328024,8602252,112,9947959296,0.01
200.758,2291952,1037292,0,3329244,8602252,112,9947959296,0.01
200.858,2293856,1037292,0,3331148,8602252,112,9947959296,0.01
200.958,2287716,1037292,0,3325008,8602252,112,9964736512,0.01
201.061,2288584,1037292,0,3325876,8602252,112,9964736512,0.01
201.161,2286296,1037292,0,3323588,8602252,112,9964736512,0.01
201.262,2287120,1037292,0,3324412,8602252,112,9964736512,0.01
201.362,2281580,1037292,0,3318872,8602252,112,9968934912,0.01
201.463,2282292,1037292,0,3319584,8602252,112,9968934912,0.01
201.565,2283004,1037292,0,3320296,8602252,112,9977327616,0.01
201.665,2283764,1037292,0,3321056,8602252,112,9977327616,0.01
201.766,2284804,1037292,0,3322096,8602252,112,9994104832,0.01
201.866,2285560,1037292,0,3322852,8602252,112,9994104832,0.01
201.966,2286464,1037292,0,3323756,8602252,112,10019188736,0.01
202.069,2287476,1037292,0,3324768,8602252,112,10019188736,0.01
202.169,2290368,1037292,0,3327660,8602252,112,10035965952,0.01
202.270,2292044,1037292,0,3329336,8602252,112,10035965952,0.01
202.370,2282684,1037292,0,3319976,8602252,112,10035965952,0.01
202.473,2284056,1037292,0,3321348,8602252,112,10052743168,0.01
202.573,2286344,1037292,0,3323636,8602252,112,10052743168,0.01
202.674,2289456,1037292,0,3326748,8602252,112,10052743168,0.01
202.774,2294956,1037292,0,3332248,8602252,112,10052743168,0.01
202.874,2290624,1037292,0,3327916,8602252,112,10067427328,0.01
202.975,2284864,1037292,0,3322156,8602252,112,10067427328,0.01
203.077,2287616,1037292,0,3324908,8602252,112,10075820032,0.01
203.177,2287616,1037292,0,3324908,8602252,112,10075820032,0.01
203.278,2287636,1037292,0,3324928,8602252,112,10092580864,0.01
203.378,2287636,1037292,0,3324928,8602252,112,10117496832,0.01
203.479,2287640,1037292,0,3324932,8602252,112,10117496832,0.01
203.585,2287816,1037292,0,3325108,8602252,112,10117496832,0.01
203.685,2288052,1037292,0,3325344,8602252,112,10151051264,0.01
203.786,2288744,1037292,0,3326036,8602252,112,10151051264,0.01
203.886,2290056,1037292,0,3327348,8602252,112,10151051264,0.01
203.986,2291248,1037292,0,3328540,8602252,112,10151051264,0.01
204.087,2292800,1037292,0,3330092,8602252,112,10167173120,0.01
204.187,2296380,1037292,0,3333672,8602252,112,10167173120,0.01
204.289,2297132,1037292,0,3334424,8602252,112,10167173120,0.01
204.392,2296500,1037292,0,3333792,8602252,112,10188148736,0.01
204.492,2296516,1037292,0,3333808,8602252,112,10204925952,0.01
204.593,2287964,1037292,0,3325256,8602252,112,10213318656,0.01
204.693,2287972,1037292,0,3325264,8602252,112,10213318656,0.01
204.797,2288028,1037292,0,3325320,8602252,112,10213318656,0.01
204.897,2288736,1037292,0,3326028,8602252,112,10213318656,0.01
204.998,2289208,1037292,0,3326500,8602252,112,10246811648,0.01
205.098,2289908,1037292,0,3327200,8602252,112,10246811648,0.01
205.199,2290484,1037292,0,3327776,8602252,112,10263588864,0.01
205.301,2291372,1037292,0,3328664,8602252,112,10280366080,0.0
205.401,2292396,1037292,0,3329688,8602252,112,10280366080,0.0
205.502,2293244,1037292,0,3330536,8602252,112,10280366080,0.0
205.602,2294192,1037292,0,3331484,8602252,112,10295832576,0.0
205.705,2295264,1037292,0,3332556,8602252,112,10295832576,0.0
205.805,2296784,1037292,0,3334076,8602252,112,10295832576,0.0
205.906,2301280,1037292,0,3338572,8602252,112,10295832576,0.0
206.006,2300144,1037292,0,3337436,8602252,112,10295832576,0.0
206.107,2303804,1037292,0,3341096,8602252,112,10312605696,0.0
206.207,2304664,1037292,0,3341956,8602252,112,10329382912,0.0
206.307,2303436,1037292,0,3340728,8602252,112,10329382912,0.0
206.408,2303436,1037292,0,3340728,8602252,112,10329382912,0.0
206.513,2303688,1037292,0,3340980,8602252,112,10346160128,0.0
206.613,2289992,1037292,0,3327284,8602252,112,10346160128,0.0
206.714,2290496,1037292,0,3327788,8602252,112,10346160128,0.0
206.814,2291496,1037292,0,3328788,8602252,112,10346160128,0.0
206.915,2292736,1037292,0,3330028,8602252,112,10362908672,0.0
207.015,2294196,1037292,0,3331488,8602252,112,10362908672,0.0
207.117,2295648,1037292,0,3332940,8602252,112,10379685888,0.0
207.217,2299736,1037292,0,3337028,8602252,112,10379685888,0.0
207.318,2301780,1037292,0,3339072,8602252,112,10396463104,0.0
207.421,2297984,1037292,0,3335276,8602252,112,10396463104,0.0
207.521,2289972,1037292,0,3327264,8602252,112,10396463104,0.0
207.622,2293788,1037292,0,3331080,8602252,112,10396463104,0.0
207.722,2294416,1037292,0,3331708,8602252,112,10396463104,0.0
207.823,2285184,1037292,0,3322476,8602252,112,10396463104,0.0
207.923,2285184,1037292,0,3322476,8602252,112,10413240320,0.0
208.023,2281036,1037292,0,3318328,8602252,112,10424487936,0.0
208.124,2281036,1037292,0,3318328,8602252,112,10427920384,0.0
208.227,2281036,1037292,0,3318328,8602252,112,10427920384,0.0
208.327,2281036,1037292,0,3318328,8602252,112,10427920384,0.0
208.428,2281036,1037292,0,3318328,8602252,112,10430607360,0.0
208.528,2281336,1037292,0,3318628,8602252,112,10430607360,0.0
208.633,2282348,1037292,0,3319640,8602252,112,10445746176,0.0
208.733,2286168,1037292,0,3323460,8602252,112,10462523392,0.0
208.834,2286472,1037292,0,3323764,8602252,112,10462523392,0.0
208.934,2282200,1037292,0,3319492,8602252,112,10462523392,0.0
209.035,2283524,1037292,0,3320816,8602252,112,10474057728,0.0
209.137,2284060,1037292,0,3321352,8602252,112,10474057728,0.0
209.237,2284824,1037292,0,3322116,8602252,112,10474057728,0.0
209.338,2285616,1037292,0,3322908,8602252,112,10474057728,0.0
209.438,2288724,1037292,0,3326016,8602252,112,10490834944,0.0
209.541,2288724,1037292,0,3326016,8602252,112,10507612160,0.0
209.641,2281064,1037292,0,3318356,8602252,112,10507612160,0.0
209.742,2281064,1037292,0,3318356,8602252,112,10507612160,0.0
209.842,2281064,1037292,0,3318356,8602252,112,10524389376,0.0
209.943,2281064,1037292,0,3318356,8602252,112,10541166592,0.0
210.045,2281064,1037292,0,3318356,8602252,112,10541166592,0.0
210.145,2281220,1037292,0,3318512,8602252,112,10541166592,0.0
210.246,2281392,1037292,0,3318684,8602252,112,10541166592,0.0
210.346,2281980,1037292,0,3319272,8602252,112,10541166592,0.0
210.447,2282696,1037292,0,3319988,8602252,112,10541166592,0.0
210.549,2283228,1037292,0,3320520,8602252,112,10541166592,0.0
210.649,2284356,1037292,0,3321648,8602252,112,10557943808,0.0
210.750,2285600,1037292,0,3322892,8602252,112,10574712832,0.0
210.850,2286936,1037292,0,3324228,8602252,112,10574712832,0.0
210.953,2289060,1037292,0,3326352,8602252,112,10574712832,0.0
211.053,2290104,1037292,0,3327396,8602252,112,10574712832,0.0
211.154,2291444,1037292,0,3328736,8602252,112,10574712832,0.0
211.254,2293160,1037292,0,3330452,8602252,112,10574712832,0.0
211.355,2294916,1037292,0,3332208,8602252,112,10574712832,0.0
211.457,2298860,1037292,0,3336152,8602252,112,10591490048,0.0
211.558,2299816,1037292,0,3337108,8602252,112,10605113344,0.0
211.661,2290148,1037292,0,3327440,8602252,112,10605113344,0.0
211.761,2295020,1037292,0,3332312,8602252,112,10605113344,0.0
211.862,2295836,1037292,0,3333128,8602252,112,10605113344,0.0
211.962,2297212,1037292,0,3334504,8602252,112,10605113344,0.0
212.065,2299792,1037292,0,3337084,8602252,112,10605113344,0.0
212.165,2304900,1037292,0,3342192,8602252,112,10605113344,0.0
212.266,2307080,1037292,0,3344372,8602252,112,10621886464,0.0
212.366,2304940,1037292,0,3342232,8602252,112,10621886464,0.0
212.467,2307676,1037292,0,3344968,8602252,112,10621886464,0.0
212.569,2311672,1037292,0,3348964,8602252,112,10621886464,0.0
212.669,2313908,1037292,0,3351200,8602252,112,10621886464,0.0
212.770,2316716,1037292,0,3354008,8602252,112,10621886464,0.0
212.873,2319848,1037292,0,3357140,8602252,112,10621886464,0.0
212.974,2324316,1037292,0,3361608,8602252,112,10638585856,0.0
213.075,2329072,1037292,0,3366364,8602252,112,10638585856,0.0
213.175,2330408,1037292,0,3367700,8602252,112,10638585856,0.0
213.276,2333788,1037292,0,3371080,8602252,112,10638585856,0.0
213.376,2318216,1037292,0,3355508,8602252,112,10638585856,0.0
213.477,2304784,1037292,0,3342076,8602252,112,10638585856,0.0
213.577,2306232,1037292,0,3343524,8602252,112,10638585856,0.0
213.677,2309900,1037292,0,3347192,8602252,112,10638585856,0.0
213.778,2310528,1037292,0,3347820,8602252,112,10638585856,0.0
213.878,2307500,1037292,0,3344792,8602252,112,10638585856,0.0
213.979,2308264,1037292,0,3345556,8602252,112,10638585856,0.0
214.079,2309472,1037292,0,3346764,8602252,112,10638585856,0.0
214.179,2310412,1037292,0,3347704,8602252,112,10638585856,0.0
214.280,2311436,1037292,0,3348728,8602252,112,10638585856,0.0
214.380,2312244,1037292,0,3349536,8602252,112,10638585856,0.0
214.481,2315848,1037292,0,3353140,8602252,112,10638585856,0.0
214.581,2316952,1037292,0,3354244,8602252,112,10638585856,0.0
214.682,2308100,1037292,0,3345392,8602252,112,10638585856,0.0
214.782,2310088,1037292,0,3347380,8602252,112,10638585856,0.0
214.883,2311220,1037292,0,3348512,8602252,112,10638585856,0.0
214.983,2312840,1037292,0,3350132,8602252,112,10638585856,0.0
215.083,2314340,1037292,0,3351632,8602252,112,10638585856,0.0
215.184,2319248,1037292,0,3356540,8602252,112,10638585856,0.0
215.284,2320276,1037292,0,3357568,8602252,112,10638585856,0.0
215.385,2321100,1037292,0,3358392,8602252,112,10638585856,0.0
215.485,2311600,1037292,0,3348892,8602252,112,10638585856,0.0
215.586,2313008,1037292,0,3350300,8602252,112,10638585856,0.0
215.686,2317608,1037356,0,3354964,8602252,112,10638585856,0.0
215.787,2319020,1037356,0,3356376,8602252,112,10638585856,0.0
215.887,2309600,1037356,0,3346956,8602252,112,10638585856,0.0
215.988,2310960,1037356,0,3348316,8602252,112,10638585856,0.0
216.088,2312884,1037356,0,3350240,8602252,112,10638585856,0.0
216.189,2316796,1037356,0,3354152,8602252,112,10638585856,0.0
216.289,2318216,1037356,0,3355572,8602252,112,10638585856,0.0
216.390,2310792,1037356,0,3348148,8602252,112,10638585856,0.0
216.490,2311892,1037356,0,3349248,8602252,112,10638585856,0.0
216.590,2312928,1037356,0,3350284,8602252,112,10638585856,0.0
216.691,2316412,1037356,0,3353768,8602252,112,10638585856,0.0
216.791,2316412,1037356,0,3353768,8602252,112,10638585856,0.0
216.892,2304720,1037356,0,3342076,8602252,112,10638585856,0.0
216.992,2304720,1037356,0,3342076,8602252,112,10638585856,0.0
217.093,2304720,1037356,0,3342076,8602252,112,10638585856,0.0
217.193,2304720,1037356,0,3342076,8602252,112,10638585856,0.0
217.294,2304720,1037356,0,3342076,8602252,112,10638585856,0.0
217.394,2304720,1037356,0,3342076,8602252,112,10638585856,0.0
217.495,2304720,1037356,0,3342076,8602252,112,10638585856,0.0
217.595,2304720,1037356,0,3342076,8602252,112,10638585856,0.0
217.696,2304720,1037356,0,3342076,8602252,112,10638585856,0.0
217.796,2304720,1037356,0,3342076,8602252,112,10638585856,0.0
217.897,2304720,1037356,0,3342076,8602252,112,10638585856,0.0
217.997,2304720,1037356,0,3342076,8602252,112,10638585856,0.0
218.098,2304720,1037356,0,3342076,8602252,112,10638585856,0.0
218.198,2304720,1037356,0,3342076,8602252,112,10638585856,0.0
218.299,2304720,1037356,0,3342076,8602252,112,10638585856,0.0
218.399,2304720,1037356,0,3342076,8602252,112,10638585856,0.0
218.500,2304720,1037356,0,3342076,8602252,112,10638585856,0.0
218.600,2304720,1037356,0,3342076,8602252,112,10638585856,0.0
218.701,2304720,1037356,0,3342076,8602252,112,10638585856,0.0
218.801,2304720,1037356,0,3342076,8602252,112,10638585856,0.0
218.902,2304720,1037356,0,3342076,8602252,112,10638585856,0.0
219.002,2304720,1037356,0,3342076,8602252,112,10638585856,0.0
219.103,2304720,1037356,0,3342076,8602252,112,10638585856,0.0
219.203,2304720,1037356,0,3342076,8602252,112,10638585856,0.0
219.305,2304720,1037356,0,3342076,8602252,112,10638585856,0.0
219.405,2304720,1037356,0,3342076,8602252,112,10638585856,0.0
219.506,2304720,1037356,0,3342076,8602252,112,10638585856,0.0
219.606,2304720,1037356,0,3342076,8602252,112,10638585856,0.0
219.707,2304720,1037356,0,3342076,8602252,112,10638585856,0.0
219.808,2304720,1037356,0,3342076,8602252,112,10638585856,0.0
219.909,2304720,1037356,0,3342076,8602252,112,10638585856,0.0
220.009,2304720,1037356,0,3342076,8602252,112,10638585856,0.0
220.110,2304720,1037356,0,3342076,8602252,112,10638585856,0.0
220.211,2304720,1037356,0,3342076,8602252,112,10638585856,0.0
220.311,2304720,1037356,0,3342076,8602252,112,10638585856,0.0
220.411,2304720,1037356,0,3342076,8602252,112,10638585856,0.0
220.512,2304720,1037356,0,3342076,8602252,112,10638585856,0.0
220.613,2304720,1037356,0,3342076,8602252,112,10638585856,0.0
220.713,2304720,1037356,0,3342076,8602252,112,10638585856,0.0
220.814,2304720,1037356,0,3342076,8602252,112,10638585856,0.0
220.915,2304720,1037356,0,3342076,8602252,112,10638585856,0.0
221.015,2304720,1037356,0,3342076,8602252,112,10638585856,0.0
221.116,2304720,1037356,0,3342076,8602252,112,10638585856,0.0
221.217,2304720,1037356,0,3342076,8602252,112,10638585856,0.0
221.317,2304720,1037356,0,3342076,8602252,112,10638585856,0.0
221.418,2304720,1037356,0,3342076,8602252,112,10638585856,0.0
221.519,2304720,1037356,0,3342076,8602252,112,10638585856,0.0
221.619,2304720,1037356,0,3342076,8602252,112,10638585856,0.0
221.720,2304720,1037356,0,3342076,8602252,112,10638585856,0.0
221.821,2304720,1037356,0,3342076,8602252,112,10638585856,0.0
221.922,2304720,1037356,0,3342076,8602252,112,10638585856,0.0
222.022,2304720,1037356,0,3342076,8602252,112,10638585856,0.0
222.123,2304720,1037356,0,3342076,8602252,112,10638585856,0.0
222.224,2304720,1037356,0,3342076,8602252,112,10638585856,0.0
222.324,2304720,1037356,0,3342076,8602252,112,10638585856,0.0
222.425,2304720,1037356,0,3342076,8602252,112,10638585856,0.0
222.526,2304720,1037356,0,3342076,8602252,112,10638585856,0.0
222.627,2304720,1037356,0,3342076,8602252,112,10638585856,0.0
222.728,2304720,1037356,0,3342076,8602252,112,10638585856,0.0
222.828,2304720,1037356,0,3342076,8602252,112,10638585856,0.0
222.929,2304720,1037356,0,3342076,8602252,112,10638585856,0.0
223.029,2304720,1037356,0,3342076,8602252,112,10638585856,0.0
223.130,2304720,1037356,0,3342076,8602252,112,10638585856,0.0
223.231,2304720,1037356,0,3342076,8602252,112,10638585856,0.0
223.331,2304720,1037356,0,3342076,8602252,112,10638585856,0.0
223.432,2304720,1037356,0,3342076,8602252,112,10638585856,0.0
223.533,2304720,1037356,0,3342076,8602252,112,10638585856,0.0
223.634,2304720,1037356,0,3342076,8602252,112,10638585856,0.0
223.735,2304720,1037356,0,3342076,8602252,112,10638585856,0.0
223.835,2304720,1037356,0,3342076,8602252,112,10638585856,0.0
223.936,2304720,1037356,0,3342076,8602252,112,10638585856,0.0
224.036,2304720,1037356,0,3342076,8602252,112,10638585856,0.0
224.137,2304720,1037356,0,3342076,8602252,112,10638585856,0.0
224.238,2304720,1037356,0,3342076,8602252,112,10638585856,0.0
224.338,2304720,1037356,0,3342076,8602252,112,10638585856,0.0
224.439,2304720,1037356,0,3342076,8602252,112,10638585856,0.0
224.540,2304720,1037356,0,3342076,8602252,112,10638585856,0.0
224.641,2304720,1037356,0,3342076,8602252,112,10638585856,0.0
224.742,2304720,1037356,0,3342076,8602252,112,10638585856,0.0
224.843,2304720,1037356,0,3342076,8602252,112,10638585856,0.0
224.943,2304720,1037356,0,3342076,8602252,112,10638585856,0.0
225.043,2304720,1037356,0,3342076,8602252,112,10638585856,0.0
225.144,2304720,1037356,0,3342076,8602252,112,10638585856,0.0
225.245,2304720,1037356,0,3342076,8602252,112,10638585856,0.0
225.345,2304720,1037356,0,3342076,8602252,112,10638585856,0.0
225.446,2304720,1037356,0,3342076,8602252,112,10638585856,0.0
225.547,2304720,1037356,0,3342076,8602252,112,10638585856,0.0
225.648,2304720,1037356,0,3342076,8602252,112,10638585856,0.0
225.748,2304720,1037356,0,3342076,8602252,112,10638585856,0.0
225.849,2304720,1037356,0,3342076,8602252,112,10638585856,0.0
225.950,2304720,1037356,0,3342076,8602252,112,10638585856,0.0
226.050,2304720,1037356,0,3342076,8602252,112,10638585856,0.0
226.151,2304720,1037356,0,3342076,8602252,112,10638585856,0.0
226.251,2304720,1037356,0,3342076,8602252,112,10638585856,0.0
226.352,2304720,1037356,0,3342076,8602252,112,10638585856,0.0
226.453,2304720,1037356,0,3342076,8602252,112,10638585856,0.0
226.553,2304720,1037356,0,3342076,8602252,112,10638585856,0.0
226.654,2304720,1037356,0,3342076,8602252,112,10638585856,0.0
226.754,2304720,1037356,0,3342076,8602252,112,10638585856,0.0
226.855,2304720,1037356,0,3342076,8602252,112,10638585856,0.0
226.956,2304720,1037356,0,3342076,8602252,112,10638585856,0.0
227.056,2304720,1037356,0,3342076,8602252,112,10638585856,0.0
227.157,2304720,1037356,0,3342076,8602252,112,10638585856,0.0
227.258,2304720,1037356,0,3342076,8602252,112,10638585856,0.0
227.359,2304720,1037356,0,3342076,8602252,112,10638585856,0.0
227.460,2304720,1037356,0,3342076,8602252,112,10638585856,0.0
227.561,2304720,1037356,0,3342076,8602252,112,10638585856,0.0
227.662,2304720,1037356,0,3342076,8602252,112,10638585856,0.0
227.762,2304720,1037356,0,3342076,8602252,112,10638585856,0.0
227.863,2304720,1037356,0,3342076,8602252,112,10638585856,0.0
227.964,2304720,1037356,0,3342076,8602252,112,10638585856,0.0
228.065,2304720,1037356,0,3342076,8602252,112,10638585856,0.0
228.165,2304720,1037356,0,3342076,8602252,112,10638585856,0.0
228.266,2304720,1037356,0,3342076,8602252,112,10638585856,0.0
228.367,2304720,1037356,0,3342076,8602252,112,10638585856,0.0
228.468,2304720,1037356,0,3342076,8602252,112,10638585856,0.0
228.569,2304720,1037356,0,3342076,8602252,112,10638585856,0.0
228.670,2304720,1037356,0,3342076,8602252,112,10638585856,0.0
228.771,2304720,1037356,0,3342076,8602252,112,10638585856,0.0
228.872,2304720,1037356,0,3342076,8602252,112,10638585856,0.0
228.972,2304720,1037356,0,3342076,8602252,112,10638585856,0.0
229.073,2304720,1037356,0,3342076,8602252,112,10638585856,0.0
229.174,2304720,1037356,0,3342076,8602252,112,10638585856,0.0
229.275,2304720,1037356,0,3342076,8602252,112,10638585856,0.0
229.375,2304720,1037356,0,3342076,8602252,112,10638585856,0.0
229.476,2304720,1037356,0,3342076,8602252,112,10638585856,0.0
229.577,2304720,1037356,0,3342076,8602252,112,10638585856,0.0
229.677,2304720,1037356,0,3342076,8602252,112,10638585856,0.0
229.778,2304720,1037356,0,3342076,8602252,112,10638585856,0.0
229.879,2304720,1037356,0,3342076,8602252,112,10638585856,0.0
229.979,2304720,1037356,0,3342076,8602252,112,10638585856,0.0
230.080,2304720,1037356,0,3342076,8602252,112,10638585856,0.0
230.181,2304720,1037356,0,3342076,8602252,112,10638585856,0.0
230.282,2304720,1037356,0,3342076,8602252,112,10638585856,0.0
230.382,2304720,1037356,0,3342076,8602252,112,10638585856,0.0
230.483,2304720,1037356,0,3342076,8602252,112,10638585856,0.0
230.584,2304720,1037356,0,3342076,8602252,112,10638585856,0.0
230.685,2304720,1037356,0,3342076,8602252,112,10638585856,0.0
230.785,2304720,1037356,0,3342076,8602252,112,10638585856,0.0
230.886,2304720,1037356,0,3342076,8602252,112,10638585856,0.0
230.987,2304720,1037356,0,3342076,8602252,112,10638585856,0.0
231.088,2304720,1037356,0,3342076,8602252,112,10638585856,0.0
231.188,2304720,1037356,0,3342076,8602252,112,10638585856,0.0
231.289,2304720,1037356,0,3342076,8602252,112,10638585856,0.0
231.389,2304720,1037356,0,3342076,8602252,112,10638585856,0.0
231.490,2304720,1037356,0,3342076,8602252,112,10638585856,0.0
231.591,2304720,1037356,0,3342076,8602252,112,10638585856,0.0
231.692,2304720,1037356,0,3342076,8602252,112,10638585856,0.0
231.792,2304720,1037356,0,3342076,8602252,112,10638585856,0.0
231.893,2304720,1037356,0,3342076,8602252,112,10638585856,0.0
231.994,2304720,1037356,0,3342076,8602252,112,10638585856,0.0
232.095,2304720,1037356,0,3342076,8602252,112,10638585856,0.0
232.195,2304720,1037356,0,3342076,8602252,112,10638585856,0.0
232.296,2304720,1037356,0,3342076,8602252,112,10638585856,0.0
232.397,2304720,1037356,0,3342076,8602252,112,10638585856,0.0
232.498,2304720,1037356,0,3342076,8602252,112,10638585856,0.0
232.598,2304720,1037356,0,3342076,8602252,112,10638585856,0.0
232.699,2304720,1037356,0,3342076,8602252,112,10638585856,0.0
232.800,2304720,1037356,0,3342076,8602252,112,10638585856,0.0
232.900,2304720,1037356,0,3342076,8602252,112,10638585856,0.0
233.000,2304720,1037356,0,3342076,8602252,112,10638585856,0.0
233.101,2304720,1037356,0,3342076,8602252,112,10638585856,0.0
233.201,2304720,1037356,0,3342076,8602252,112,10638585856,0.0
233.301,2304720,1037356,0,3342076,8602252,112,10638585856,0.0
233.402,2304720,1037356,0,3342076,8602252,112,10638585856,0.0
233.502,2304720,1037356,0,3342076,8602252,112,10638585856,0.0
233.602,2304720,1037356,0,3342076,8602252,112,10638585856,0.0
233.703,2304720,1037356,0,3342076,8602252,112,10638585856,0.0
233.803,2304720,1037356,0,3342076,8602252,112,10638585856,0.0
233.903,2304720,1037356,0,3342076,8602252,112,10638585856,0.0
234.004,2304720,1037356,0,3342076,8602252,112,10638585856,0.0
234.104,2304720,1037356,0,3342076,8602252,112,10638585856,0.0
234.205,2304720,1037356,0,3342076,8602252,112,10638585856,0.0
234.305,2304720,1037356,0,3342076,8602252,112,10638585856,0.0
234.405,2304720,1037356,0,3342076,8602252,112,10638585856,0.0
234.506,2304720,1037356,0,3342076,8602252,112,10638585856,0.0
234.606,2304720,1037356,0,3342076,8602252,112,10638585856,0.0
234.706,2304720,1037356,0,3342076,8602252,112,10638585856,0.0
234.807,2304720,1037356,0,3342076,8602252,112,10638585856,0.0
234.907,2304720,1037356,0,3342076,8602252,112,10638585856,0.0
235.007,2304720,1037356,0,3342076,8602252,112,10638585856,0.0
235.108,2304720,1037356,0,3342076,8602252,112,10638585856,0.0
235.208,2304720,1037356,0,3342076,8602252,112,10638585856,0.0
235.308,2304720,1037356,0,3342076,8602252,112,10638585856,0.0
235.409,2304720,1037356,0,3342076,8602252,112,10638585856,0.0
235.509,2304720,1037356,0,3342076,8602252,112,10638585856,0.0
235.610,2304720,1037356,0,3342076,8602252,112,10638585856,0.0
235.710,2304720,1037356,0,3342076,8602252,112,10638585856,0.0
235.810,2304720,1037356,0,3342076,8602252,112,10638585856,0.0
235.911,2304720,1037356,0,3342076,8602252,112,10638585856,0.0
236.011,2304720,1037356,0,3342076,8602252,112,10638585856,0.0
236.111,2304720,1037356,0,3342076,8602252,112,10638585856,0.0
236.212,2304720,1037356,0,3342076,8602252,112,10638585856,0.0
236.312,2304720,1037356,0,3342076,8602252,112,10638585856,0.0
236.412,2304720,1037356,0,3342076,8602252,112,10638585856,0.0
236.513,2304720,1037356,0,3342076,8602252,112,10638585856,0.0
236.613,2304720,1037356,0,3342076,8602252,112,10638585856,0.0
236.713,2304720,1037356,0,3342076,8602252,112,10638585856,0.0
236.814,2304720,1037356,0,3342076,8602252,112,10638585856,0.0
236.914,2304720,1037356,0,3342076,8602252,112,10638585856,0.0
237.014,2304720,1037356,0,3342076,8602252,112,10638585856,0.0
237.115,2304720,1037356,0,3342076,8602252,112,10638585856,0.0
237.215,2304720,1037356,0,3342076,8602252,112,10638585856,0.0
237.316,2304720,1037356,0,3342076,8602252,112,10638585856,0.0
237.416,2304720,1037356,0,3342076,8602252,112,10638585856,0.0
237.516,2304720,1037356,0,3342076,8602252,112,10638585856,0.0
237.617,2304720,1037356,0,3342076,8602252,112,10638585856,0.0
237.717,2304720,1037356,0,3342076,8602252,112,10638585856,0.0
237.817,2304720,1037356,0,3342076,8602252,112,10638585856,0.0
237.918,2304720,1037356,0,3342076,8602252,112,10638585856,0.0
238.018,2304720,1037356,0,3342076,8602252,112,10638585856,0.0
238.119,2304720,1037356,0,3342076,8602252,112,10638585856,0.0
238.219,2304720,1037356,0,3342076,8602252,112,10638585856,0.0
238.319,2304720,1037356,0,3342076,8602252,112,10638585856,0.0
238.420,2304720,1037356,0,3342076,8602252,112,10638585856,0.0
238.520,2304720,1037356,0,3342076,8602252,112,10638585856,0.0
238.620,2304720,1037356,0,3342076,8602252,112,10638585856,0.0
238.721,2304720,1037356,0,3342076,8602252,112,10638585856,0.0
238.821,2304720,1037356,0,3342076,8602252,112,10638585856,0.0
238.921,2304720,1037356,0,3342076,8602252,112,10638585856,0.0
239.022,2304720,1037356,0,3342076,8602252,112,10638585856,0.0
239.122,2304720,1037356,0,3342076,8602252,112,10638585856,0.0
239.222,2304720,1037356,0,3342076,8602252,112,10638585856,0.0
239.323,2304720,1037356,0,3342076,8602252,112,10638585856,0.0
239.423,2304720,1037356,0,3342076,8602252,112,10638585856,0.0
239.524,2304720,1037356,0,3342076,8602252,112,10638585856,0.0
239.624,2304720,1037356,0,3342076,8602252,112,10638585856,0.0
239.724,2304720,1037356,0,3342076,8602252,112,10638585856,0.0
239.825,2304720,1037356,0,3342076,8602252,112,10638585856,0.0
239.925,2304720,1037356,0,3342076,8602252,112,10638585856,0.0
240.025,2304720,1037356,0,3342076,8602252,112,10638585856,0.0
240.126,2304720,1037356,0,3342076,8602252,112,10638585856,0.0
240.226,2304720,1037356,0,3342076,8602252,112,10638585856,0.0
240.326,2304720,1037356,0,3342076,8602252,112,10638585856,0.0
240.427,2304720,1037356,0,3342076,8602252,112,10638585856,0.0
240.527,2304720,1037356,0,3342076,8602252,112,10638585856,0.0
240.628,2304720,1037356,0,3342076,8602252,112,10638585856,0.0
240.728,2304720,1037356,0,3342076,8602252,112,10638585856,0.0
240.828,2304720,1037356,0,3342076,8602252,112,10638585856,0.0
240.929,2304720,1037356,0,3342076,8602252,112,10638585856,0.0
241.029,2304720,1037356,0,3342076,8602252,112,10638585856,0.0
241.129,2304720,1037356,0,3342076,8602252,112,10638585856,0.0
241.230,2304720,1037356,0,3342076,8602252,112,10638585856,0.0
241.330,2304720,1037356,0,3342076,8602252,112,10638585856,0.0
241.430,2304720,1037356,0,3342076,8602252,112,10638585856,0.0
241.531,2304720,1037356,0,3342076,8602252,112,10638585856,0.0
241.631,2304720,1037356,0,3342076,8602252,112,10638585856,0.0
241.732,2304720,1037356,0,3342076,8602252,112,10638585856,0.0
241.832,2304720,1037356,0,3342076,8602252,112,10638585856,0.0
241.932,2304720,1037356,0,3342076,8602252,112,10638585856,0.0
242.033,2304720,1037356,0,3342076,8602252,112,10638585856,0.0
242.133,2304720,1037356,0,3342076,8602252,112,10638585856,0.0
242.234,2304720,1037356,0,3342076,8602252,112,10638585856,0.0
242.334,2304720,1037356,0,3342076,8602252,112,10638585856,0.0
242.434,2304720,1037356,0,3342076,8602252,112,10638585856,0.0
242.535,2304720,1037356,0,3342076,8602252,112,10638585856,0.0
242.635,2304720,1037356,0,3342076,8602252,112,10638585856,0.0
242.735,2304720,1037356,0,3342076,8602252,112,10638585856,0.0
242.836,2304720,1037356,0,3342076,8602252,112,10638585856,0.0
242.936,2304720,1037356,0,3342076,8602252,112,10638585856,0.0
243.036,2304720,1037356,0,3342076,8602252,112,10638585856,0.0
243.137,2304720,1037356,0,3342076,8602252,112,10638585856,0.0
243.237,2304720,1037356,0,3342076,8602252,112,10638585856,0.0
243.337,2304720,1037356,0,3342076,8602252,112,10638585856,0.0
243.438,2304720,1037356,0,3342076,8602252,112,10638585856,0.0
243.538,2304720,1037356,0,3342076,8602252,112,10638585856,0.0
243.639,2304720,1037356,0,3342076,8602252,112,10638585856,0.0
243.739,2304720,1037356,0,3342076,8602252,112,10638585856,0.0
243.839,2304720,1037356,0,3342076,8602252,112,10638585856,0.0
243.940,2304720,1037356,0,3342076,8602252,112,10638585856,0.0
244.040,2304720,1037356,0,3342076,8602252,112,10638585856,0.0
244.141,2304720,1037356,0,3342076,8602252,112,10638585856,0.0
244.241,2304720,1037356,0,3342076,8602252,112,10638585856,0.0
244.341,2304720,1037356,0,3342076,8602252,112,10638585856,0.0
244.442,2304720,1037356,0,3342076,8602252,112,10638585856,0.0
244.542,2304720,1037356,0,3342076,8602252,112,10638585856,0.0
244.643,2304720,1037356,0,3342076,8602252,112,10638585856,0.0
244.743,2304720,1037356,0,3342076,8602252,112,10638585856,0.0
244.844,2304720,1037356,0,3342076,8602252,112,10638585856,0.0
244.944,2304720,1037356,0,3342076,8602252,112,10638585856,0.0
245.044,2304720,1037356,0,3342076,8602252,112,10638585856,0.0
245.145,2304720,1037356,0,3342076,8602252,112,10638585856,0.0
245.245,2304720,1037356,0,3342076,8602252,112,10638585856,0.0
245.346,2304720,1037356,0,3342076,8602252,112,10638585856,0.0
245.446,2304720,1037356,0,3342076,8602252,112,10638585856,0.0
245.547,2304720,1037356,0,3342076,8602252,112,10638585856,0.0
245.647,2304720,1037356,0,3342076,8602252,112,10638585856,0.0
245.748,2304720,1037356,0,3342076,8602252,112,10638585856,0.0
245.848,2304720,1037356,0,3342076,8602252,112,10638585856,0.0
245.948,2304720,1037356,0,3342076,8602252,112,10638585856,0.0
246.049,2304720,1037356,0,3342076,8602252,112,10638585856,0.0
246.149,2304720,1037356,0,3342076,8602252,112,10638585856,0.0
246.250,2304720,1037356,0,3342076,8602252,112,10638585856,0.0
246.350,2304720,1037356,0,3342076,8602252,112,10638585856,0.0
246.451,2304720,1037356,0,3342076,8602252,112,10638585856,0.0
246.551,2304720,1037356,0,3342076,8602252,112,10638585856,0.0
246.652,2304720,1037356,0,3342076,8602252,112,10638585856,0.0
246.752,2304720,1037356,0,3342076,8602252,112,10638585856,0.0
246.853,2304720,1037356,0,3342076,8602252,112,10638585856,0.0
246.953,2304720,1037356,0,3342076,8602252,112,10638585856,0.0
247.054,2304720,1037356,0,3342076,8602252,112,10638585856,0.0
247.154,2304720,1037356,0,3342076,8602252,112,10638585856,0.0
247.255,2304720,1037356,0,3342076,8602252,112,10638585856,0.0
247.355,2304720,1037356,0,3342076,8602252,112,10638585856,0.0
247.456,2304720,1037356,0,3342076,8602252,112,10638585856,0.0
247.556,2304720,1037356,0,3342076,8602252,112,10638585856,0.0
247.656,2304720,1037356,0,3342076,8602252,112,10638585856,0.0
247.757,2304720,1037356,0,3342076,8602252,112,10638585856,0.0
247.858,2304720,1037356,0,3342076,8602252,112,10638585856,0.0
247.958,2304720,1037356,0,3342076,8602252,112,10638585856,0.0
248.059,2304720,1037356,0,3342076,8602252,112,10638585856,0.0
248.159,2304720,1037356,0,3342076,8602252,112,10638585856,0.0
248.260,2304720,1037356,0,3342076,8602252,112,10638585856,0.0
248.360,2304720,1037356,0,3342076,8602252,112,10638585856,0.0
248.461,2304720,1037356,0,3342076,8602252,112,10638585856,0.0
248.561,2304720,1037356,0,3342076,8602252,112,10638585856,0.0
248.662,2304720,1037356,0,3342076,8602252,112,10638585856,0.0
248.762,2304720,1037356,0,3342076,8602252,112,10638585856,0.0
248.863,2304720,1037356,0,3342076,8602252,112,10638585856,0.0
248.963,2304720,1037356,0,3342076,8602252,112,10638585856,0.0
249.063,2304720,1037356,0,3342076,8602252,112,10638585856,0.0
249.164,2304720,1037356,0,3342076,8602252,112,10638585856,0.0
249.265,2304720,1037356,0,3342076,8602252,112,10638585856,0.0
249.366,2304720,1037356,0,3342076,8602252,112,10638585856,0.0
249.466,2304720,1037356,0,3342076,8602252,112,10638585856,0.0
249.567,2304720,1037356,0,3342076,8602252,112,10638585856,0.0
249.667,2304720,1037356,0,3342076,8602252,112,10638585856,0.0
249.768,2304720,1037356,0,3342076,8602252,112,10638585856,0.0
249.869,2304720,1037356,0,3342076,8602252,112,10638585856,0.0
249.969,2304720,1037356,0,3342076,8602252,112,10638585856,0.0
250.070,2304720,1037356,0,3342076,8602252,112,10638585856,0.0
250.170,2304720,1037356,0,3342076,8602252,112,10638585856,0.0
250.271,2304720,1037356,0,3342076,8602252,112,10638585856,0.0
250.372,2304720,1037356,0,3342076,8602252,112,10638585856,0.0
250.472,2304720,1037356,0,3342076,8602252,112,10638585856,0.0
250.573,2304720,1037356,0,3342076,8602252,112,10638585856,0.0
250.674,2304720,1037356,0,3342076,8602252,112,10638585856,0.0
250.774,2304720,1037356,0,3342076,8602252,112,10638585856,0.0
250.875,2304720,1037356,0,3342076,8602252,112,10638585856,0.0
250.976,2304720,1037356,0,3342076,8602252,112,10638585856,0.0
251.077,2304720,1037356,0,3342076,8602252,112,10638585856,0.0
251.177,2304720,1037356,0,3342076,8602252,112,10638585856,0.0
251.278,2304720,1037356,0,3342076,8602252,112,10638585856,0.0
251.379,2304720,1037356,0,3342076,8602252,112,10638585856,0.0
251.479,2304720,1037356,0,3342076,8602252,112,10638585856,0.0
251.580,2304720,1037356,0,3342076,8602252,112,10638585856,0.0
251.681,2304720,1037356,0,3342076,8602252,112,10638585856,0.0
251.781,2304720,1037356,0,3342076,8602252,112,10638585856,0.0
251.882,2304720,1037356,0,3342076,8602252,112,10638585856,0.0
251.983,2304720,1037356,0,3342076,8602252,112,10638585856,0.0
252.083,2304720,1037356,0,3342076,8602252,112,10638585856,0.0
252.184,2304720,1037356,0,3342076,8602252,112,10638585856,0.0
252.285,2304720,1037356,0,3342076,8602252,112,10638585856,0.0
252.386,2304720,1037356,0,3342076,8602252,112,10638585856,0.0
252.486,2304720,1037356,0,3342076,8602252,112,10638585856,0.0
252.587,2304720,1037356,0,3342076,8602252,112,10638585856,0.0
252.687,2304720,1037356,0,3342076,8602252,112,10638585856,0.0
252.788,2304720,1037356,0,3342076,8602252,112,10638585856,0.0
252.889,2304720,1037356,0,3342076,8602252,112,10638585856,0.0
252.989,2304720,1037356,0,3342076,8602252,112,10638585856,0.0
253.090,2304720,1037356,0,3342076,8602252,112,10638585856,0.0
253.191,2304720,1037356,0,3342076,8602252,112,10638585856,0.0
253.291,2304720,1037356,0,3342076,8602252,112,10638585856,0.0
253.391,2304720,1037356,0,3342076,8602252,112,10638585856,0.0
253.492,2304720,1037356,0,3342076,8602252,112,10638585856,0.0
253.593,2304720,1037356,0,3342076,8602252,112,10638585856,0.0
253.694,2304720,1037356,0,3342076,8602252,112,10638585856,0.0
253.794,2304720,1037356,0,3342076,8602252,112,10638585856,0.0
253.895,2304720,1037356,0,3342076,8602252,112,10638585856,0.0
253.995,2304720,1037356,0,3342076,8602252,112,10638585856,0.0
254.096,2304720,1037356,0,3342076,8602252,112,10638585856,0.0
254.197,2304720,1037356,0,3342076,8602252,112,10638585856,0.0
254.297,2304720,1037356,0,3342076,8602252,112,10638585856,0.0
254.398,2304720,1037356,0,3342076,8602252,112,10638585856,0.0
254.499,2304720,1037356,0,3342076,8602252,112,10638585856,0.0
254.600,2304720,1037356,0,3342076,8602252,112,10638585856,0.0
254.700,2304720,1037356,0,3342076,8602252,112,10638585856,0.0
254.801,2304720,1037356,0,3342076,8602252,112,10638585856,0.0
254.902,2304720,1037356,0,3342076,8602252,112,10638585856,0.0
255.003,2304720,1037356,0,3342076,8602252,112,10638585856,0.0
255.103,2304720,1037356,0,3342076,8602252,112,10638585856,0.0
255.204,2304720,1037356,0,3342076,8602252,112,10638585856,0.0
255.305,2304720,1037356,0,3342076,8602252,112,10638585856,0.0
255.406,2304720,1037356,0,3342076,8602252,112,10638585856,0.0
255.506,2304720,1037356,0,3342076,8602252,112,10638585856,0.0
255.607,2304720,1037356,0,3342076,8602252,112,10638585856,0.0
255.708,2304720,1037356,0,3342076,8602252,112,10638585856,0.0
255.809,2304720,1037356,0,3342076,8602252,112,10638585856,0.0
255.910,2304720,1037356,0,3342076,8602252,112,10638585856,0.0
256.010,2304720,1037356,0,3342076,8602252,112,10638585856,0.0
256.110,2304720,1037356,0,3342076,8602252,112,10638585856,0.0
256.211,2304720,1037356,0,3342076,8602252,112,10638585856,0.0
256.312,2304720,1037356,0,3342076,8602252,112,10638585856,0.0
256.412,2304720,1037356,0,3342076,8602252,112,10638585856,0.0
256.513,2304720,1037356,0,3342076,8602252,112,10638585856,0.0
256.614,2304720,1037356,0,3342076,8602252,112,10638585856,0.0
256.715,2304720,1037356,0,3342076,8602252,112,10638585856,0.0
256.816,2304720,1037356,0,3342076,8602252,112,10638585856,0.0
256.916,2304720,1037356,0,3342076,8602252,112,10638585856,0.0
257.016,2304720,1037356,0,3342076,8602252,112,10638585856,0.0
257.117,2304720,1037356,0,3342076,8602252,112,10638585856,0.0
257.217,2304720,1037356,0,3342076,8602252,112,10638585856,0.0
257.318,2304720,1037356,0,3342076,8602252,112,10638585856,0.0
257.418,2304720,1207340,0,3512060,8602252,112,10638585856,0.18
257.519,2304720,1384940,0,3689660,8602252,112,10638585856,0.18
257.619,2304720,1570732,0,3875452,8602252,112,10638585856,0.18
257.720,2304720,1758572,0,4063292,8602252,112,10638585856,0.18
257.821,2304720,1942188,0,4246908,8602252,112,10638585856,0.18
257.922,2304720,2134060,0,4438780,8602252,112,10638585856,0.18
258.022,2304720,2323756,0,4628476,8602252,112,10638585856,0.18
258.123,2304720,1037356,0,3342076,8602252,112,10638585856,0.18
258.223,2304720,1037356,0,3342076,8602252,112,10638585856,0.18
258.323,2304720,1037356,0,3342076,8602252,112,10638585856,0.18
258.424,2304720,1037356,0,3342076,8602252,112,10638585856,0.18
258.525,2304720,1037356,0,3342076,8602252,112,10638585856,0.18
258.626,2292044,1047980,0,3340024,8602252,115,10661502976,0.18
258.726,2292044,1101228,0,3393272,8602252,115,10703429632,0.18
258.827,2292044,1166380,0,3458424,8602252,115,10704556032,0.18
258.928,2292044,1166444,0,3458488,8602252,115,10704556032,0.18
259.028,2292044,1166444,0,3458488,8602252,115,10704556032,0.18
259.129,2292044,1166444,0,3458488,8602252,115,10704556032,0.18
259.229,2292044,1166444,0,3458488,8602252,115,10704556032,0.18
259.330,2292044,1166444,0,3458488,8602252,115,10704556032,0.18
259.431,2292044,1166444,0,3458488,8602252,115,10704556032,1.41
259.532,2292044,1166444,0,3458488,8602252,115,10704556032,1.41
259.633,2292044,1166444,0,3458488,8602252,115,10704556032,1.41
259.734,2292044,1166444,0,3458488,8602252,115,10704556032,1.41
259.835,2292044,1166444,0,3458488,8602252,115,10704556032,1.41
259.936,2292044,1166444,0,3458488,8602252,115,10704556032,1.41
260.036,2292044,1166444,0,3458488,8602252,115,10704556032,1.41
260.137,2292044,1166444,0,3458488,8602252,115,10704556032,1.41
260.237,2292044,1166444,0,3458488,8602252,115,10704556032,1.41
260.338,2292044,1166444,0,3458488,8602252,115,10704556032,1.41
260.439,2292044,1166444,0,3458488,8602252,115,10704556032,1.41
260.539,2292044,1166444,0,3458488,8602252,115,10704556032,1.41
260.640,2292044,1166444,0,3458488,8602252,115,10704556032,1.41
260.741,2292044,1166444,0,3458488,8602252,115,10704556032,1.41
260.841,2292044,1166444,0,3458488,8602252,115,10704556032,1.41
260.942,2292044,1166444,0,3458488,8602252,115,10704556032,1.41
261.042,2292044,1166444,0,3458488,8602252,115,10704556032,1.41
261.143,2292044,1166444,0,3458488,8602252,115,10704556032,1.41
261.244,2292044,1166444,0,3458488,8602252,115,10704556032,1.41
261.345,2292044,1166444,0,3458488,8602252,115,10704556032,1.41
261.445,2292044,1166444,0,3458488,8602252,115,10704556032,1.15
261.547,2292044,1166444,0,3458488,8602252,115,10704556032,1.15
261.648,2292044,1166444,0,3458488,8602252,115,10704556032,1.15
261.748,2292044,1166444,0,3458488,8602252,115,10704556032,1.15
261.849,2292044,1166444,0,3458488,8602252,115,10704556032,1.15
261.950,2292044,1166444,0,3458488,8602252,115,10704556032,1.15
262.050,2292044,1166444,0,3458488,8602252,115,10704556032,1.15
262.151,2292044,1166444,0,3458488,8602252,115,10704556032,1.15
262.252,2292044,1166444,0,3458488,8602252,115,10704556032,1.15
262.353,2292044,1166444,0,3458488,8602252,115,10704556032,1.15
262.453,2292044,1166444,0,3458488,8602252,115,10704556032,1.15
262.553,2292044,1166444,0,3458488,8602252,115,10704556032,1.15
262.654,2292044,1166444,0,3458488,8602252,115,10704556032,1.15
262.754,2292044,1166444,0,3458488,8602252,115,10704556032,1.15
262.855,2292044,1166444,0,3458488,8602252,115,10704556032,1.15
262.955,2292044,1166444,0,3458488,8602252,115,10704556032,1.15
263.056,2292044,1166444,0,3458488,8602252,115,10704556032,1.15
263.157,2292044,1166444,0,3458488,8602252,115,10704556032,1.15
263.257,2292044,1166444,0,3458488,8602252,115,10704556032,1.15
263.358,2292044,1166444,0,3458488,8602252,115,10704556032,1.15
263.458,2292044,1166444,0,3458488,8602252,115,10704556032,0.94
263.559,2292044,1166444,0,3458488,8602252,115,10704556032,0.94
263.660,2292044,1166444,0,3458488,8602252,115,10704556032,0.94
263.760,2292044,1166444,0,3458488,8602252,115,10704556032,0.94
263.860,2292044,1166444,0,3458488,8602252,115,10704556032,0.94
263.961,2292044,1166444,0,3458488,8602252,115,10704556032,0.94
264.062,2292044,1166444,0,3458488,8602252,115,10704556032,0.94
264.162,2292044,1166444,0,3458488,8602252,115,10704556032,0.94
264.263,2292044,1166444,0,3458488,8602252,115,10704556032,0.94
264.364,2292044,1166444,0,3458488,8602252,115,10704556032,0.94
264.465,2292044,1166444,0,3458488,8602252,115,10704556032,0.94
264.565,2292044,1166444,0,3458488,8602252,115,10704556032,0.94
264.666,2292044,1166444,0,3458488,8602252,115,10704556032,0.94
264.766,2292044,1166444,0,3458488,8602252,115,10704556032,0.94
264.867,2292044,1166444,0,3458488,8602252,115,10704556032,0.94
264.967,2292044,1166444,0,3458488,8602252,115,10704556032,0.94
265.068,2292044,1166444,0,3458488,8602252,115,10704556032,0.94
265.169,2292044,1166444,0,3458488,8602252,115,10704556032,0.94
265.269,2292044,1166444,0,3458488,8602252,115,10704556032,0.94
265.370,2292044,1166444,0,3458488,8602252,115,10704556032,0.94
265.470,2292044,1166444,0,3458488,8602252,115,10704556032,0.94
265.571,2292044,1166444,0,3458488,8602252,115,10704556032,0.77
265.671,2292044,1166444,0,3458488,8602252,115,10704556032,0.77
265.772,2292044,1166444,0,3458488,8602252,115,10704556032,0.77
265.872,2292044,1166444,0,3458488,8602252,115,10704556032,0.77
265.973,2292044,1166444,0,3458488,8602252,115,10704556032,0.77
266.073,2292044,1166444,0,3458488,8602252,115,10704556032,0.77
266.173,2292044,1166444,0,3458488,8602252,115,10704556032,0.77
266.274,2292044,1166444,0,3458488,8602252,115,10704556032,0.77
266.374,2292044,1166444,0,3458488,8602252,115,10704556032,0.77
266.474,2292044,1166444,0,3458488,8602252,115,10704556032,0.77
266.575,2292044,1166444,0,3458488,8602252,115,10704556032,0.77
266.675,2292044,1166444,0,3458488,8602252,115,10704556032,0.77
266.775,2292044,1166444,0,3458488,8602252,115,10704556032,0.77
266.876,2292044,1166444,0,3458488,8602252,115,10704556032,0.77
266.976,2292044,1166444,0,3458488,8602252,115,10704556032,0.77
267.077,2292044,1166444,0,3458488,8602252,115,10704556032,0.77
267.177,2292044,1166444,0,3458488,8602252,115,10704556032,0.77
267.278,2292044,1166444,0,3458488,8602252,115,10704556032,0.77
267.378,2292044,1166444,0,3458488,8602252,115,10704556032,0.77
267.478,2292044,1166444,0,3458488,8602252,115,10704556032,0.63
267.579,2292044,1166444,0,3458488,8602252,115,10704556032,0.63
267.679,2292044,1166444,0,3458488,8602252,115,10704556032,0.63
267.779,2292044,1166444,0,3458488,8602252,115,10704556032,0.63
267.880,2292044,1166444,0,3458488,8602252,115,10704556032,0.63
267.980,2292044,1166444,0,3458488,8602252,115,10704556032,0.63
268.081,2292044,1166444,0,3458488,8602252,115,10704556032,0.63
268.181,2292044,1166444,0,3458488,8602252,115,10704556032,0.63
268.281,2292044,1166444,0,3458488,8602252,115,10704556032,0.63
268.382,2292044,1166444,0,3458488,8602252,115,10704556032,0.63
268.482,2292044,1166444,0,3458488,8602252,115,10704556032,0.63
268.582,2292044,1166444,0,3458488,8602252,115,10704556032,0.63
268.683,2292044,1166444,0,3458488,8602252,115,10704556032,0.63
268.783,2292044,1166444,0,3458488,8602252,115,10704556032,0.63
268.883,2292044,1166444,0,3458488,8602252,115,10704556032,0.63
268.984,2292044,1166444,0,3458488,8602252,115,10704556032,0.63
269.084,2292044,1166444,0,3458488,8602252,115,10704556032,0.63
269.184,2292044,1166444,0,3458488,8602252,115,10704556032,0.63
269.285,2292044,1166444,0,3458488,8602252,115,10704556032,0.63
269.385,2292044,1166444,0,3458488,8602252,115,10704556032,0.63
269.486,2292044,1166444,0,3458488,8602252,115,10704556032,0.52
269.586,2292044,1166444,0,3458488,8602252,115,10704556032,0.52
269.686,2292044,1166444,0,3458488,8602252,115,10704556032,0.52
269.787,2292044,1166444,0,3458488,8602252,115,10704556032,0.52
269.887,2292044,1166444,0,3458488,8602252,115,10704556032,0.52
269.987,2292044,1166444,0,3458488,8602252,115,10704556032,0.52
270.088,2292044,1166444,0,3458488,8602252,115,10704556032,0.52
270.188,2292044,1166444,0,3458488,8602252,115,10704556032,0.52
270.288,2292044,1166444,0,3458488,8602252,115,10704556032,0.52
270.389,2292044,1166444,0,3458488,8602252,115,10704556032,0.52
270.489,2292044,1166444,0,3458488,8602252,115,10704556032,0.52
270.590,2292044,1166444,0,3458488,8602252,115,10704556032,0.52
270.690,2292044,1166444,0,3458488,8602252,115,10704556032,0.52
270.790,2292044,1166444,0,3458488,8602252,115,10704556032,0.52
270.891,2292044,1166444,0,3458488,8602252,115,10704556032,0.52
270.991,2292044,1166444,0,3458488,8602252,115,10704556032,0.52
271.091,2292044,1166444,0,3458488,8602252,115,10704556032,0.52
271.192,2292044,1166444,0,3458488,8602252,115,10704556032,0.52
271.292,2292044,1166444,0,3458488,8602252,115,10704556032,0.52
271.392,2292044,1166444,0,3458488,8602252,115,10704556032,0.42
271.493,2292044,1166444,0,3458488,8602252,115,10704556032,0.42
271.593,2292044,1166444,0,3458488,8602252,115,10704556032,0.42
271.694,2292044,1166444,0,3458488,8602252,115,10704556032,0.42
271.794,2292044,1166444,0,3458488,8602252,115,10704556032,0.42
271.894,2292044,1166444,0,3458488,8602252,115,10704556032,0.42
271.995,2292044,1166444,0,3458488,8602252,115,10704556032,0.42
272.095,2292044,1166444,0,3458488,8602252,115,10704556032,0.42
272.195,2292044,1166444,0,3458488,8602252,115,10704556032,0.42
272.296,2292044,1166444,0,3458488,8602252,115,10704556032,0.42
272.396,2292044,1166444,0,3458488,8602252,115,10704556032,0.42
272.497,2292044,1166444,0,3458488,8602252,115,10704556032,0.42
272.597,2292044,1166444,0,3458488,8602252,115,10704556032,0.42
272.697,2292044,1166444,0,3458488,8602252,115,10704556032,0.42
272.798,2292044,1166444,0,3458488,8602252,115,10704556032,0.42
272.898,2292044,1166444,0,3458488,8602252,115,10704556032,0.42
272.998,2292044,1166444,0,3458488,8602252,115,10704556032,0.42
273.099,2292044,1166444,0,3458488,8602252,115,10704556032,0.42
273.199,2292044,1166444,0,3458488,8602252,115,10704556032,0.42
273.299,2292044,1166444,0,3458488,8602252,115,10704556032,0.42
273.400,2292044,1166444,0,3458488,8602252,115,10704556032,0.34
273.500,2292044,1166444,0,3458488,8602252,115,10704556032,0.34
273.601,2292044,1166444,0,3458488,8602252,115,10704556032,0.34
273.701,2292044,1166444,0,3458488,8602252,115,10704556032,0.34
273.801,2292044,1166444,0,3458488,8602252,115,10704556032,0.34
273.902,2292044,1166444,0,3458488,8602252,115,10704556032,0.34
274.002,2292044,1166444,0,3458488,8602252,115,10704556032,0.34
274.102,2292044,1166444,0,3458488,8602252,115,10704556032,0.34
274.203,2292044,1166444,0,3458488,8602252,115,10704556032,0.34
274.303,2292044,1166444,0,3458488,8602252,115,10704556032,0.34
274.403,2292044,1166444,0,3458488,8602252,115,10704556032,0.34
274.504,2292044,1166444,0,3458488,8602252,115,10704556032,0.34
274.604,2292044,1166444,0,3458488,8602252,115,10704556032,0.34
274.704,2292044,1166444,0,3458488,8602252,115,10704556032,0.34
274.805,2292044,1166444,0,3458488,8602252,115,10704556032,0.34
274.905,2292044,1166444,0,3458488,8602252,115,10704556032,0.34
275.006,2292044,1166444,0,3458488,8602252,115,10704556032,0.34
275.106,2292044,1166444,0,3458488,8602252,115,10704556032,0.34
275.206,2292044,1166444,0,3458488,8602252,115,10704556032,0.34
275.307,2292044,1166444,0,3458488,8602252,115,10704556032,0.34
275.407,2292044,1166444,0,3458488,8602252,115,10704556032,0.28
275.507,2292044,1166444,0,3458488,8602252,115,10704556032,0.28
275.608,2292044,1166444,0,3458488,8602252,115,10704556032,0.28
275.708,2292044,1166444,0,3458488,8602252,115,10704556032,0.28
275.808,2292044,1166444,0,3458488,8602252,115,10704556032,0.28
275.909,2292044,1166444,0,3458488,8602252,115,10704556032,0.28
276.009,2292044,1166444,0,3458488,8602252,115,10704556032,0.28
276.110,2292044,1166444,0,3458488,8602252,115,10704556032,0.28
276.210,2292044,1166444,0,3458488,8602252,115,10704556032,0.28
276.310,2292044,1166444,0,3458488,8602252,115,10704556032,0.28
276.411,2292044,1166444,0,3458488,8602252,115,10704556032,0.28
276.511,2292044,1166444,0,3458488,8602252,115,10704556032,0.28
276.611,2292044,1166444,0,3458488,8602252,115,10704556032,0.28
276.712,2292044,1166444,0,3458488,8602252,115,10704556032,0.28
276.812,2292044,1166444,0,3458488,8602252,115,10704556032,0.28
276.912,2292044,1166444,0,3458488,8602252,115,10704556032,0.28
277.013,2292044,1166444,0,3458488,8602252,115,10704556032,0.28
277.113,2292044,1166444,0,3458488,8602252,115,10704556032,0.28
277.214,2292044,1166444,0,3458488,8602252,115,10704556032,0.28
277.314,2292044,1166444,0,3458488,8602252,115,10704556032,0.28
277.414,2292044,1166444,0,3458488,8602252,115,10704556032,0.23
277.515,2292044,1166444,0,3458488,8602252,115,10704556032,0.23
277.615,2292044,1166444,0,3458488,8602252,115,10704556032,0.23
277.716,2292044,1166444,0,3458488,8602252,115,10704556032,0.23
277.816,2292044,1166444,0,3458488,8602252,115,10704556032,0.23
277.917,2292044,1166444,0,3458488,8602252,115,10704556032,0.23
278.017,2292044,1166444,0,3458488,8602252,115,10704556032,0.23
278.117,2292044,1166444,0,3458488,8602252,115,10704556032,0.23
278.218,2292044,1166444,0,3458488,8602252,115,10704556032,0.23
278.318,2292044,1166444,0,3458488,8602252,115,10704556032,0.23
278.419,2292044,1166444,0,3458488,8602252,115,10704556032,0.23
278.519,2292044,1166444,0,3458488,8602252,115,10704556032,0.23
278.620,2292044,1166444,0,3458488,8602252,115,10704556032,0.23
278.720,2292044,1166444,0,3458488,8602252,115,10704556032,0.23
278.821,2292044,1166444,0,3458488,8602252,115,10704556032,0.23
278.921,2292044,1166444,0,3458488,8602252,115,10704556032,0.23
279.022,2292044,1166444,0,3458488,8602252,115,10704556032,0.23
279.122,2292044,1166444,0,3458488,8602252,115,10704556032,0.23
279.223,2292044,1166444,0,3458488,8602252,115,10704556032,0.23
279.323,2292044,1166444,0,3458488,8602252,115,10704556032,0.23
279.424,2292044,1166444,0,3458488,8602252,115,10704556032,0.19
279.524,2292044,1166444,0,3458488,8602252,115,10704556032,0.19
279.625,2292044,1166444,0,3458488,8602252,115,10704556032,0.19
279.725,2292044,1166444,0,3458488,8602252,115,10704556032,0.19
279.826,2292044,1166444,0,3458488,8602252,115,10704556032,0.19
279.926,2292044,1166444,0,3458488,8602252,115,10704556032,0.19
280.026,2292044,1166444,0,3458488,8602252,115,10704556032,0.19
280.127,2292044,1166444,0,3458488,8602252,115,10704556032,0.19
280.227,2292044,1166444,0,3458488,8602252,115,10704556032,0.19
280.328,2292044,1166444,0,3458488,8602252,115,10704556032,0.19
280.428,2292044,1166444,0,3458488,8602252,115,10704556032,0.19
280.529,2292044,1166444,0,3458488,8602252,115,10704556032,0.19
280.630,2292044,1166444,0,3458488,8602252,115,10704556032,0.19
280.730,2292044,1166444,0,3458488,8602252,115,10704556032,0.19
280.831,2292044,1166444,0,3458488,8602252,115,10704556032,0.19
280.931,2292044,1166444,0,3458488,8602252,115,10704556032,0.19
281.032,2292044,1166444,0,3458488,8602252,115,10704556032,0.19
281.132,2292044,1166444,0,3458488,8602252,115,10704556032,0.19
281.233,2292044,1166444,0,3458488,8602252,115,10704556032,0.19
281.333,2292044,1166444,0,3458488,8602252,115,10704556032,0.19
281.434,2292044,1166444,0,3458488,8602252,115,10704556032,0.15
281.535,2292044,1166444,0,3458488,8602252,115,10704556032,0.15
281.635,2292044,1166444,0,3458488,8602252,115,10704556032,0.15
281.736,2292044,1166444,0,3458488,8602252,115,10704556032,0.15
281.836,2292044,1166444,0,3458488,8602252,115,10704556032,0.15
281.937,2292044,1166444,0,3458488,8602252,115,10704556032,0.15
282.038,2292044,1166444,0,3458488,8602252,115,10704556032,0.15
282.138,2292044,1166444,0,3458488,8602252,115,10704556032,0.15
282.239,2292044,1166444,0,3458488,8602252,115,10704556032,0.15
282.339,2292044,1166444,0,3458488,8602252,115,10704556032,0.15
282.440,2292044,1166444,0,3458488,8602252,115,10704556032,0.15
282.541,2292044,1166444,0,3458488,8602252,115,10704556032,0.15
282.641,2292044,1166444,0,3458488,8602252,115,10704556032,0.15
282.742,2292044,1166444,0,3458488,8602252,115,10704556032,0.15
282.843,2292044,1166444,0,3458488,8602252,115,10704556032,0.15
282.943,2292044,1166444,0,3458488,8602252,115,10704556032,0.15
283.044,2292044,1166444,0,3458488,8602252,115,10704556032,0.15
283.144,2292044,1170668,0,3462712,8602252,117,10733064192,0.15
283.245,2292044,1189804,0,3481848,8602252,127,10841231360,0.15
283.346,2292044,1198444,0,3490488,8602252,128,10860093440,0.15
283.447,2292044,1209132,0,3501176,8602252,128,10868457472,0.49
283.547,2292044,1224108,0,3516152,8602252,128,10885050368,0.49
283.648,2292044,1241900,0,3533944,8602252,128,10900189184,0.49
283.749,2292044,1256556,0,3548600,8602252,129,10925305856,0.49
283.850,2292044,1275244,0,3567288,8602252,129,10933694464,0.49
283.950,2292044,1292396,0,3584440,8602252,129,10933694464,0.49
284.051,2292044,1308844,0,3600888,8602252,130,10950471680,0.49
284.151,2292044,1325676,0,3617720,8602252,130,10958860288,0.49
284.252,2292044,1342252,0,3634296,8602252,130,10958860288,0.49
284.352,2292044,1357228,0,3649272,8602252,131,10979815424,0.49
284.453,2292044,1376364,0,3668408,8602252,131,11004981248,0.49
284.554,2292044,1391852,0,3683896,8602252,131,11015462912,0.49
284.654,2292044,1411244,0,3703288,8602252,131,11024818176,0.49
284.755,2292044,1425452,0,3717496,8602252,131,11032793088,0.49
284.856,2292044,1440940,0,3732984,8602252,131,11039084544,0.49
284.957,2292044,1459884,0,3751928,8602252,131,11043278848,0.49
285.057,2292044,1477164,0,3769208,8602252,131,11047473152,0.49
285.157,2292044,1492588,0,3784632,8602252,131,11068755968,0.49
285.258,2292044,1511596,0,3803640,8602252,131,11077144576,0.49
285.358,2292044,1528748,0,3820792,8602252,131,11077292032,0.49
285.459,2292044,1544108,0,3836152,8602252,131,11102236672,0.4
285.559,2292044,1560812,0,3852856,8602252,131,11127402496,0.4
285.660,2292044,1576684,0,3868728,8602252,131,11127402496,0.4
285.760,2292044,1592044,0,3884088,8602252,131,11127402496,0.4
285.861,2292044,1609388,0,3901432,8602252,131,11127402496,0.4
285.961,2292044,1625772,0,3917816,8602252,131,11165143040,0.4
286.062,2292044,1641644,0,3933688,8602252,131,11173531648,0.4
286.163,2292044,1659500,0,3951544,8602252,131,11173531648,0.4
286.264,2292044,1674732,0,3966776,8602252,131,11173531648,0.4
286.365,2292044,1693612,0,3985656,8602252,131,11190308864,0.4
286.466,2292044,1708396,0,4000440,8602252,131,11198697472,0.4
286.567,2292044,1726380,0,4018424,8602252,131,11198697472,0.4
286.667,2292044,1742252,0,4034296,8602252,131,11207086080,0.4
286.768,2292044,1757868,0,4049912,8602252,132,11215470592,0.4
286.868,2292044,1775852,0,4067896,8602252,133,11237588992,0.4
286.969,2292044,1794540,0,4086584,8602252,133,11245977600,0.4
287.070,2292044,1808172,0,4100216,8602252,133,11254366208,0.4
287.171,2292044,1826860,0,4118904,8602252,133,11254366208,0.4
287.272,2292044,1844588,0,4136632,8602252,133,11262754816,0.4
287.372,2292044,1863532,0,4155576,8602252,133,11262754816,0.4
287.473,2292044,1880108,0,4172152,8602252,134,11275337728,0.32
287.574,2292044,1895980,0,4188024,8602252,134,11304787968,0.32
287.674,2292044,1919596,0,4211640,8602252,134,11313176576,0.32
287.775,2292044,1937260,0,4229304,8602252,134,11321565184,0.32
287.875,2292044,1955052,0,4247096,8602252,134,11321565184,0.32
287.976,2292044,1978732,0,4270776,8602252,134,11329953792,0.32
288.076,2292044,1991468,0,4283512,8602252,135,11342536704,0.32
288.177,2292044,2009452,0,4301496,8602252,136,11363508224,0.32
288.278,2292044,2029224,0,4321268,8602252,136,11371896832,0.32
288.378,2292044,2045420,0,4337464,8602252,136,11371896832,0.32
288.479,2292044,2062444,0,4354488,8602252,136,11371896832,0.32
288.579,2292044,2084268,0,4376312,8602252,136,11388674048,0.32
288.680,2292044,2105196,0,4397240,8602252,136,11388674048,0.32
288.780,2292044,2120556,0,4412600,8602252,137,11401256960,0.32
288.881,2292044,2140204,0,4432248,8602252,137,11401256960,0.32
288.982,2292044,2161388,0,4453432,8602252,137,11409645568,0.32
289.082,2292044,2178540,0,4470584,8602252,137,11434811392,0.32
289.183,2292044,2198700,0,4490744,8602252,137,11443200000,0.32
289.283,2292044,2216428,0,4508472,8602252,137,11459977216,0.32
289.384,2292044,2233068,0,4525112,8602252,137,11476754432,0.32
289.485,2292044,2250924,0,4542968,8602252,137,11485143040,0.26
289.586,2292044,2270188,0,4562232,8602252,137,11501920256,0.26
289.686,2292044,2287980,0,4580024,8602252,137,11501920256,0.26
289.787,2292044,2305324,0,4597368,8602252,137,11510308864,0.26
289.888,2292044,2325740,0,4617784,8602252,137,11510308864,0.26
289.988,2292044,2348332,0,4640376,8602252,137,11527086080,0.26
290.089,2292044,2362604,0,4654648,8602252,137,11543863296,0.26
290.189,2292044,2378988,0,4671032,8602252,137,11543863296,0.26
290.290,2292044,2398188,0,4690232,8602252,137,11543863296,0.26
290.391,2292044,2413868,0,4705912,8602252,137,11552251904,0.26
290.491,2292044,2432428,0,4724472,8602252,137,11577417728,0.26
290.592,2292044,2447980,0,4740024,8602252,137,11603562496,0.26
290.693,2292044,2468780,0,4760824,8602252,137,11606093824,0.26
290.794,2292044,2487852,0,4779896,8602252,137,11629162496,0.26
290.894,2292044,2506732,0,4798776,8602252,137,11645939712,0.26
290.995,2292044,2525100,0,4817144,8602252,137,11645939712,0.26
291.095,2292044,2541676,0,4833720,8602252,138,11652022272,0.26
291.196,2292044,2565740,0,4857784,8602252,138,11677188096,0.26
291.297,2292044,2580652,0,4872696,8602252,138,11685576704,0.26
291.397,2292044,2597228,0,4889272,8602252,138,11693965312,0.26
291.498,2292044,2617836,0,4909880,8602252,138,11693965312,0.22
291.598,2292044,2630508,0,4922552,8602252,138,11718594560,0.22
291.699,2292044,2651500,0,4943544,8602252,138,11726983168,0.22
291.799,2292044,2671212,0,4963256,8602252,138,11735371776,0.22
291.900,2292044,2686508,0,4978552,8602252,138,11743760384,0.22
292.000,2292044,2706860,0,4998904,8602252,138,11752148992,0.22
292.101,2292044,2725604,0,5017648,8602252,138,11752148992,0.22
292.202,2292044,2743404,0,5035448,8602252,138,11761135616,0.22
292.303,2292044,2763180,0,5055224,8602252,138,11767427072,0.22
292.403,2292044,2780204,0,5072248,8602252,138,11767427072,0.22
292.504,2292044,2799404,0,5091448,8602252,138,11775815680,0.22
292.605,2292044,2816876,0,5108920,8602252,138,11775815680,0.22
292.705,2292044,2833900,0,5125944,8602252,138,11792592896,0.22
292.806,2292044,2851116,0,5143160,8602252,138,11818536960,0.22
292.906,2292044,2866220,0,5158264,8602252,139,11822731264,0.22
293.007,2292044,2886252,0,5178296,8602252,139,11822731264,0.22
293.107,2292044,2899244,0,5191288,8602252,139,11831119872,0.22
293.208,2292044,2919212,0,5211256,8602252,139,11839508480,0.22
293.308,2292044,2935916,0,5227960,8602252,139,11847897088,0.22
293.409,2292044,2953580,0,5245624,8602252,139,11847897088,0.22
293.510,2292044,2974892,0,5266936,8602252,139,11847897088,0.18
293.610,2292044,2993644,0,5285688,8602252,139,11873062912,0.18
293.711,2292044,3012524,0,5304568,8602252,139,11881451520,0.18
293.811,2292044,3034092,0,5326136,8602252,139,11881451520,0.18
293.912,2292044,3049068,0,5341112,8602252,140,11885645824,0.18
294.012,2292044,3066156,0,5358200,8602252,140,11894034432,0.18
294.113,2292044,3090476,0,5382520,8602252,140,11910811648,0.18
294.213,2292044,3104172,0,5396216,8602252,140,11935977472,0.18
294.314,2292044,3120108,0,5412152,8602252,140,11935977472,0.18
294.415,2292044,3137132,0,5429176,8602252,140,11952754688,0.18
294.515,2292044,3155564,0,5447608,8602252,140,11952754688,0.18
294.616,2292044,3173420,0,5465464,8602252,140,11967422464,0.18
294.717,2292044,3193644,0,5485688,8602252,140,11967422464,0.18
294.817,2292044,3213356,0,5505400,8602252,140,11967422464,0.18
294.918,2292044,3230636,0,5522680,8602252,140,11975811072,0.18
295.018,2292044,3246252,0,5538296,8602252,140,11998879744,0.18
295.119,2292044,3262636,0,5554680,8602252,140,11998879744,0.18
295.220,2292044,3279404,0,5571448,8602252,141,12003074048,0.18
295.320,2292044,3303596,0,5595640,8602252,141,12026142720,0.18
295.421,2292044,3322988,0,5615032,8602252,141,12034531328,0.18
295.521,2292044,3340140,0,5632184,8602252,141,12051308544,0.14
295.622,2292044,3358252,0,5650296,8602252,141,12051308544,0.14
295.723,2292044,3374892,0,5666936,8602252,141,12063891456,0.14
295.824,2292044,3392108,0,5684152,8602252,141,12086960128,0.14
295.925,2292044,3411820,0,5703864,8602252,141,12086960128,0.14
296.026,2292044,3430572,0,5722616,8602252,141,12112125952,0.14
296.127,2292044,3448684,0,5740728,8602252,141,12112125952,0.14
296.227,2292044,3465708,0,5757752,8602252,142,12128894976,0.14
296.328,2292044,3484204,0,5776248,8602252,142,12128894976,0.14
296.429,2292044,3505580,0,5797624,8602252,142,12161490944,0.14
296.530,2292044,3522988,0,5815032,8602252,142,12179140608,0.14
296.631,2292044,3542764,0,5834808,8602252,142,12191723520,0.14
296.732,2292044,3560364,0,5852408,8602252,142,12195917824,0.14
296.833,2292044,3579372,0,5871416,8602252,142,12210597888,0.14
296.934,2292044,3601644,0,5893688,8602252,142,12218986496,0.14
297.035,2292044,3617900,0,5909944,8602252,143,12231569408,0.14
297.136,2292044,3638124,0,5930168,8602252,143,12248346624,0.14
297.237,2292044,3655788,0,5947832,8602252,143,12248346624,0.14
297.338,2292044,3677164,0,5969208,8602252,143,12248346624,0.14
297.439,2292044,3693420,0,5985464,8602252,143,12265123840,0.14
297.540,2292044,3710828,0,6002872,8602252,143,12275683328,0.12
297.640,2292044,3734060,0,6026104,8602252,143,12292460544,0.12
297.741,2292044,3746220,0,6038264,8602252,143,12292460544,0.12
297.842,2292044,3766956,0,6059000,8602252,143,12302716928,0.12
297.942,2292044,3784492,0,6076536,8602252,143,12302716928,0.12
298.042,2292044,3804140,0,6096184,8602252,143,12311105536,0.12
298.143,2292044,3820076,0,6112120,8602252,143,12327882752,0.12
298.243,2292044,3838508,0,6130552,8602252,143,12327882752,0.12
298.343,2292044,3861804,0,6153848,8602252,143,12327882752,0.12
298.444,2292044,3877036,0,6169080,8602252,143,12344659968,0.12
298.544,2292044,3895404,0,6187448,8602252,143,12353048576,0.12
298.644,2292044,3915244,0,6207288,8602252,143,12366417920,0.12
298.745,2292044,3933740,0,6225784,8602252,143,12374806528,0.12
298.845,2292044,3951788,0,6243832,8602252,143,12374806528,0.12
298.945,2292044,3972012,0,6264056,8602252,143,12383195136,0.12
299.046,2292044,3989292,0,6281336,8602252,143,12397580288,0.12
299.146,2292044,4010860,0,6302904,8602252,143,12415406080,0.12
299.246,2292044,4025516,0,6317560,8602252,144,12434280448,0.12
299.347,2292044,4044396,0,6336440,8602252,144,12436377600,0.12
299.447,2292044,4064812,0,6356856,8602252,144,12436377600,0.12
299.548,2292044,4080812,0,6372856,8602252,144,12444766208,0.09
299.648,2292044,4098156,0,6390200,8602252,144,12461543424,0.09
299.748,2292044,4120044,0,6412088,8602252,144,12478320640,0.09
299.849,2292044,4139820,0,6431864,8602252,144,12486709248,0.09
299.949,2292044,4159276,0,6451320,8602252,144,12495097856,0.09
300.049,2292044,4175212,0,6467256,8602252,144,12495097856,0.09
300.150,2292044,4196140,0,6488184,8602252,144,12511875072,0.09
300.250,2292044,4217260,0,6509304,8602252,144,12511875072,0.09
300.350,2292044,4236844,0,6528888,8602252,144,12528652288,0.09
300.451,2292044,4258156,0,6550200,8602252,144,12537040896,0.09
300.553,2292044,4274604,0,6566648,8602252,144,12537040896,0.09
300.653,2292044,4295276,0,6587320,8602252,144,12561158144,0.09
300.754,2292044,4310508,0,6602552,8602252,144,12577935360,0.09
300.854,2292044,4330924,0,6622968,8602252,144,12577935360,0.09
300.954,2292044,4345068,0,6637112,8602252,144,12577935360,0.09
301.055,2292044,4362796,0,6654840,8602252,144,12603101184,0.09
301.155,2292044,4382636,0,6674680,8602252,144,12603101184,0.09
301.255,2292044,4398764,0,6690808,8602252,144,12611489792,0.09
301.356,2292044,4418732,0,6710776,8602252,144,12619878400,0.09
301.456,2292044,4438828,0,6730872,8602252,144,12636655616,0.08
301.556,2292044,4454956,0,6747000,8602252,144,12646133760,0.08
301.657,2292044,4471340,0,6763384,8602252,144,12646133760,0.08
301.757,2292044,4489132,0,6781176,8602252,144,12652425216,0.08
301.858,2292044,4504556,0,6796600,8602252,144,12671299584,0.08
301.958,2292044,4522476,0,6814520,8602252,144,12679688192,0.08
302.058,2292044,4541740,0,6833784,8602252,144,12679688192,0.08
302.159,2292044,4557356,0,6849400,8602252,144,12688076800,0.08
302.259,2292044,4574892,0,6866936,8602252,144,12688076800,0.08
302.359,2292044,4595244,0,6887288,8602252,144,12688076800,0.08
302.460,2292044,4614508,0,6906552,8602252,144,12696465408,0.08
302.560,2292044,4629548,0,6921592,8602252,144,12721483776,0.08
302.660,2292044,4644716,0,6936760,8602252,144,12745781248,0.08
302.760,2292044,4663852,0,6955896,8602252,144,12754169856,0.08
302.861,2292044,4684140,0,6976184,8602252,144,12754169856,0.08
302.961,2292044,4699436,0,6991480,8602252,144,12754169856,0.08
303.062,2292044,4720556,0,7012600,8602252,144,12773306368,0.08
303.162,2292044,4737068,0,7029112,8602252,144,12781694976,0.08
303.262,2292044,4758188,0,7050232,8602252,144,12781694976,0.08
303.363,2292044,4775788,0,7067832,8602252,145,12791132160,0.08
303.463,2292044,4798508,0,7090552,8602252,145,12807909376,0.06
303.563,2292044,4812716,0,7104760,8602252,145,12816297984,0.06
303.664,2292044,4834604,0,7126648,8602252,146,12820492288,0.06
303.764,2292044,4847852,0,7139896,8602252,146,12828880896,0.06
303.864,2292044,4865452,0,7157496,8602252,146,12845658112,0.06
303.965,2292044,4879532,0,7171576,8602252,147,12849852416,0.06
304.065,2292044,4897964,0,7190008,8602252,147,12849852416,0.06
304.165,2292044,4914156,0,7206200,8602252,147,12866629632,0.06
304.266,2292044,4927788,0,7219832,8602252,147,12875018240,0.06
304.366,2292044,4945772,0,7237816,8602252,147,12895977472,0.06
304.467,2292044,4958316,0,7250360,8602252,147,12895977472,0.06
304.567,2292044,4978348,0,7270392,8602252,147,12912672768,0.06
304.667,2292044,4989292,0,7281336,8602252,147,12916867072,0.06
304.768,2292044,5006956,0,7299000,8602252,148,12916867072,0.06
304.868,2292044,5026028,0,7318072,8602252,148,12949880832,0.06
304.969,2292044,5043948,0,7335992,8602252,148,12958269440,0.06
305.069,2292044,5053996,0,7346040,8602252,148,12966658048,0.06
305.169,2292044,5070188,0,7362232,8602252,148,12975046656,0.06
305.270,2292044,5082796,0,7374840,8602252,148,12975046656,0.06
305.370,2292044,5096684,0,7388728,8602252,148,12975046656,0.06
305.470,2292044,5112364,0,7404408,8602252,148,12989554688,0.05
305.571,2292044,5127084,0,7419128,8602252,148,12989554688,0.05
305.671,2292044,5138476,0,7430520,8602252,148,13006331904,0.05
305.772,2292044,5157484,0,7449528,8602252,148,13006331904,0.05
305.872,2292044,5175916,0,7467960,8602252,148,13006331904,0.05
305.972,2292044,5191724,0,7483768,8602252,148,13033590784,0.05
306.073,2292044,5204972,0,7497016,8602252,149,13037785088,0.05
306.173,2292044,5224620,0,7516664,8602252,149,13046173696,0.05
306.273,2292044,5240172,0,7532216,8602252,149,13054562304,0.05
306.374,2292044,5254892,0,7546936,8602252,149,13054562304,0.05
306.474,2292044,5272108,0,7564152,8602252,150,13075533824,0.05
306.575,2292044,5287212,0,7579256,8602252,150,13075533824,0.05
306.675,2292044,5304108,0,7596152,8602252,150,13083922432,0.05
306.775,2292044,5324588,0,7616632,8602252,150,13092311040,0.05
306.876,2292044,5338220,0,7630264,8602252,150,13092311040,0.05
306.976,2292044,5358188,0,7650232,8602252,150,13100699648,0.05
307.076,2292044,5374956,0,7667000,8602252,150,13103038464,0.05
307.177,2292044,5388908,0,7680952,8602252,150,13119815680,0.05
307.277,2292044,5403692,0,7695736,8602252,150,13128204288,0.05
307.378,2292044,5417324,0,7709368,8602252,150,13136592896,0.05
307.478,2292044,5436076,0,7728120,8602252,150,13136592896,0.04
307.578,2292044,5451820,0,7743864,8602252,150,13153370112,0.04
307.679,2292044,5464940,0,7756984,8602252,150,13161902080,0.04
307.779,2292044,5480428,0,7772472,8602252,150,13161902080,0.04
307.880,2292044,5494636,0,7786680,8602252,150,13186215936,0.04
307.980,2292044,5514220,0,7806264,8602252,150,13194604544,0.04
308.080,2292044,5531244,0,7823288,8602252,150,13202993152,0.04
308.181,2292044,5545900,0,7837944,8602252,150,13202993152,0.04
308.281,2292044,5562668,0,7854712,8602252,150,13219770368,0.04
308.381,2292044,5580460,0,7872504,8602252,150,13228158976,0.04
308.482,2292044,5595244,0,7887288,8602252,150,13231480832,0.04
308.582,2292044,5619692,0,7911736,8602252,150,13231480832,0.04
308.682,2292044,5634284,0,7926328,8602252,150,13241962496,0.04
308.783,2292044,5647980,0,7940024,8602252,150,13250351104,0.04
308.883,2292044,5667116,0,7959160,8602252,150,13250351104,0.04
308.984,2292044,5684140,0,7976184,8602252,151,13269217280,0.04
309.084,2292044,5698732,0,7990776,8602252,151,13292285952,0.04
309.184,2292044,5716332,0,8008376,8602252,151,13302771712,0.04
309.285,2292044,5733164,0,8025208,8602252,151,13311160320,0.04
309.385,2292044,5750252,0,8042296,8602252,151,13319548928,0.04
309.486,2292044,5767788,0,8059832,8602252,151,13327937536,0.03
309.586,2292044,5783148,0,8075192,8602252,151,13327937536,0.03
309.686,2292044,5799340,0,8091384,8602252,152,13332131840,0.03
309.787,2292044,5817644,0,8109688,8602252,152,13340520448,0.03
309.887,2292044,5833964,0,8126008,8602252,152,13340520448,0.03
309.987,2292044,5849708,0,8141752,8602252,153,13354151936,0.03
310.088,2292044,5863596,0,8155640,8602252,154,13376172032,0.03
310.188,2292044,5881644,0,8173688,8602252,154,13376172032,0.03
310.289,2292044,5897644,0,8189688,8602252,154,13396398080,0.03
310.389,2292044,5910572,0,8202616,8602252,154,13404786688,0.03
310.490,2292044,5930604,0,8222648,8602252,154,13404786688,0.03
310.590,2292044,5945580,0,8237624,8602252,154,13413175296,0.03
310.691,2292044,5960556,0,8252600,8602252,155,13417369600,0.03
310.791,2292044,5978668,0,8270712,8602252,155,13434146816,0.03
310.891,2292044,5990188,0,8282232,8602252,155,13450924032,0.03
310.992,2292044,6011884,0,8303928,8602252,155,13450924032,0.03
311.092,2292044,6026028,0,8318072,8602252,155,13459312640,0.03
311.192,2292044,6041628,0,8333672,8602252,155,13461409792,0.03
311.293,2292044,6056620,0,8348664,8602252,155,13476089856,0.03
311.393,2292044,6073836,0,8365880,8602252,155,13492752384,0.03
311.493,2292044,6089644,0,8381688,8602252,155,13492752384,0.02
311.594,2292044,6107820,0,8399864,8602252,155,13492752384,0.02
311.694,2292044,6122028,0,8414072,8602252,155,13501140992,0.02
311.795,2292044,6141420,0,8433464,8602252,156,13505335296,0.02
311.895,2292044,6156460,0,8448504,8602252,156,13513723904,0.02
311.995,2292044,6174828,0,8466872,8602252,156,13536399360,0.02
312.096,2292044,6193836,0,8485880,8602252,156,13544787968,0.02
312.196,2292044,6208620,0,8500664,8602252,156,13563658240,0.02
312.297,2292044,6222764,0,8514808,8602252,156,13569949696,0.02
312.397,2292044,6236396,0,8528440,8602252,156,13578338304,0.02
312.498,2292044,6252140,0,8544184,8602252,156,13586726912,0.02
312.598,2292044,6265644,0,8557688,8602252,156,13586726912,0.02
312.698,2292044,6284396,0,8576440,8602252,156,13586726912,0.02
312.799,2292044,6298028,0,8590072,8602252,156,13595115520,0.02
312.899,2292044,6320556,0,8612600,8612600,158,13603504128,0.02
313.000,2292044,6333164,0,8625208,8625208,158,13603504128,0.02
313.100,2292044,6353900,0,8645944,8645944,158,13628669952,0.02
313.200,2292044,6367596,0,8659640,8659640,158,13628669952,0.02
313.301,2292044,6380332,0,8672376,8672376,158,13643350016,0.02
313.402,2292044,6393260,0,8685304,8685304,158,13645447168,0.02
313.502,2292044,6410092,0,8702136,8702136,158,13658030080,0.02
313.603,2292044,6419628,0,8711672,8711672,158,13658030080,0.02
313.703,2292044,6433324,0,8725368,8725368,158,13658030080,0.02
313.804,2292044,6454380,0,8746424,8746424,158,13666418688,0.02
313.904,2292044,6464748,0,8756792,8756792,158,13674807296,0.02
314.005,2292044,6482796,0,8774840,8774840,158,13688033280,0.02
314.105,2292044,6497260,0,8789304,8789304,158,13689344000,0.02
314.205,2292044,6511596,0,8803640,8803640,158,13706121216,0.02
314.306,2292044,6530668,0,8822712,8822712,159,13710315520,0.02
314.406,2292044,6546668,0,8838712,8838712,159,13718704128,0.02
314.507,2292044,6564076,0,8856120,8856120,159,13727092736,0.02
314.607,2292044,6580140,0,8872184,8872184,159,13747802112,0.02
314.708,2292044,6591980,0,8884024,8884024,159,13764575232,0.02
314.808,2292044,6607852,0,8899896,8899896,159,13764575232,0.02
314.908,2292044,6626092,0,8918136,8918136,159,13772963840,0.02
315.009,2292044,6642540,0,8934584,8934584,159,13779255296,0.02
315.109,2292044,6660716,0,8952760,8952760,159,13779255296,0.02
315.210,2292044,6677036,0,8969080,8969080,159,13787643904,0.02
315.310,2292044,6691564,0,8983608,8983608,159,13804421120,0.02
315.411,2292044,6713068,0,9005112,9005112,159,13819101184,0.02
315.511,2292044,6727916,0,9019960,9019960,159,13819101184,0.01
315.612,2292044,6746028,0,9038072,9038072,159,13827489792,0.01
315.712,2292044,6758188,0,9050232,9050232,159,13835878400,0.01
315.812,2292044,6772972,0,9065016,9065016,159,13844267008,0.01
315.913,2292044,6790508,0,9082552,9082552,159,13852655616,0.01
316.013,2292044,6807596,0,9099640,9099640,159,13861044224,0.01
316.114,2292044,6820140,0,9112184,9112184,159,13869432832,0.01
316.214,2292044,6835500,0,9127544,9127544,159,13877821440,0.01
316.314,2292044,6855916,0,9147960,9147960,159,13877821440,0.01
316.415,2292044,6870316,0,9162360,9162360,159,13886210048,0.01
316.515,2292044,6887596,0,9179640,9179640,159,13892501504,0.01
316.616,2292044,6900524,0,9192568,9192568,159,13900890112,0.01
316.716,2292044,6916972,0,9209016,9209016,159,13917667328,0.01
316.816,2292044,6931628,0,9223672,9223672,159,13917667328,0.01
316.917,2292044,6949164,0,9241208,9241208,159,13926055936,0.01
317.017,2292044,6963372,0,9255416,9255416,159,13942833152,0.01
317.118,2292044,6980460,0,9272504,9272504,159,13960597504,0.01
317.218,2292044,6996204,0,9288248,9288248,159,13968986112,0.01
317.319,2292044,7006444,0,9298488,9298488,159,13968986112,0.01
317.419,2292044,7025836,0,9317880,9317880,159,13968986112,0.01
317.520,2292044,7043948,0,9335992,9335992,159,13971443712,0.01
317.620,2292044,7057324,0,9349368,9349368,159,13988220928,0.01
317.721,2292044,7071916,0,9363960,9363960,159,13996609536,0.01
317.822,2292044,7086444,0,9378488,9378488,159,13996609536,0.01
317.922,2292044,7105388,0,9397432,9397432,159,14004998144,0.01
318.022,2292044,7122092,0,9414136,9414136,159,14004998144,0.01
318.123,2292044,7136300,0,9428344,9428344,159,14013386752,0.01
318.223,2292044,7158060,0,9450104,9450104,159,14021775360,0.01
318.324,2292044,7173036,0,9465080,9465080,159,14030163968,0.01
318.424,2292044,7191404,0,9483448,9483448,159,14038552576,0.01
318.524,2292044,7202796,0,9494840,9494840,159,14038552576,0.01
318.625,2292044,7219116,0,9511160,9511160,159,14038552576,0.01
318.725,2292044,7235116,0,9527160,9527160,159,14046941184,0.01
318.826,2292044,7249836,0,9541880,9541880,159,14063718400,0.01
318.926,2292044,7264620,0,9556664,9556664,159,14072107008,0.01
319.026,2292044,7281452,0,9573496,9573496,159,14080495616,0.01
319.127,2292044,7293484,0,9585528,9585528,159,14080495616,0.01
319.228,2292044,7312556,0,9604600,9604600,159,14080495616,0.01
319.329,2292044,7329388,0,9621432,9621432,159,14095175680,0.01
319.429,2292044,7342636,0,9634680,9634680,159,14095175680,0.01
319.529,2292044,7361452,0,9653496,9653496,159,14111952896,0.01
319.630,2292044,7379244,0,9671288,9671288,159,14111952896,0.01
319.730,2292044,7391276,0,9683320,9683320,159,14128685056,0.01
319.830,2292044,7402924,0,9694968,9694968,160,14149656576,0.01
319.931,2292044,7424108,0,9716152,9716152,160,14149656576,0.01
320.031,2292044,7436652,0,9728696,9728696,160,14158045184,0.01
320.132,2292044,7451500,0,9743544,9743544,160,14158045184,0.01
320.232,2292044,7469996,0,9762040,9762040,160,14174822400,0.01
320.332,2292044,7485612,0,9777656,9777656,160,14183211008,0.01
320.433,2292044,7501292,0,9793336,9793336,160,14191599616,0.01
320.533,2292044,7516268,0,9808312,9808312,160,14199988224,0.01
320.634,2292044,7532652,0,9824696,9824696,160,14199988224,0.01
320.734,2292044,7549036,0,9841080,9841080,160,14208376832,0.01
320.835,2292044,7565932,0,9857976,9857976,160,14208376832,0.01
320.935,2292044,7583212,0,9875256,9875256,160,14216765440,0.01
321.036,2292044,7600172,0,9892216,9892216,160,14225154048,0.01
321.136,2292044,7615660,0,9907704,9907704,160,14241931264,0.01
321.237,2292044,7630380,0,9922424,9922424,160,14241931264,0.01
321.337,2292044,7649900,0,9941944,9941944,160,14250319872,0.01
321.437,2292044,7665004,0,9957048,9957048,160,14270230528,0.01
321.538,2292044,7678700,0,9970744,9970744,160,14270230528,0.0
321.638,2292044,7700396,0,9992440,9992440,160,14287007744,0.0
321.739,2292044,7714348,0,10006392,10006392,160,14303784960,0.0
321.839,2292044,7725996,0,10018040,10018040,160,14303784960,0.0
321.939,2292044,7749036,0,10041080,10041080,160,14303784960,0.0
322.040,2292044,7764012,0,10056056,10056056,160,14318448640,0.0
322.140,2292044,7778988,0,10071032,10071032,160,14318448640,0.0
322.241,2292044,7794540,0,10086584,10086584,160,14339420160,0.0
322.341,2292044,7812204,0,10104248,10104248,160,14343614464,0.0
322.442,2292044,7822572,0,10114616,10114616,160,14343614464,0.0
322.542,2292044,7840108,0,10132152,10132152,161,14347808768,0.0
322.643,2292044,7859308,0,10151352,10151352,161,14364585984,0.0
322.743,2292044,7873516,0,10165560,10165560,161,14372974592,0.0
322.843,2292044,7888940,0,10180984,10180984,161,14372974592,0.0
322.944,2292044,7904172,0,10196216,10196216,161,14389751808,0.0
323.044,2292044,7919660,0,10211704,10211704,161,14406529024,0.0
323.145,2292044,7934188,0,10226232,10226232,161,14423306240,0.0
323.245,2292044,7955628,0,10247672,10247672,162,14427500544,0.0
323.345,2292044,7970924,0,10262968,10262968,162,14435889152,0.0
323.446,2292044,7985068,0,10277112,10277112,162,14435889152,0.0
323.546,2292044,8001836,0,10293880,10293880,162,14452666368,0.0
323.647,2292044,8015916,0,10307960,10307960,163,14463143936,0.0
323.747,2292044,8034220,0,10326264,10326264,163,14481997824,0.0
323.848,2292044,8051052,0,10343096,10343096,163,14481997824,0.0
323.949,2292044,8068460,0,10360504,10360504,163,14481997824,0.0
324.049,2292044,8082860,0,10374904,10374904,163,14490386432,0.0
324.149,2292044,8098924,0,10390968,10390968,163,14498775040,0.0
324.250,2292044,8114668,0,10406712,10406712,163,14498775040,0.0
324.350,2292044,8132780,0,10424824,10424824,163,14498775040,0.0
324.451,2292044,8145452,0,10437496,10437496,163,14513455104,0.0
324.551,2292044,8163308,0,10455352,10455352,164,14536523776,0.0
324.652,2292044,8182380,0,10474424,10474424,164,14536523776,0.0
324.752,2292044,8197484,0,10489528,10489528,164,14544912384,0.0
324.852,2292044,8209004,0,10501048,10501048,164,14553300992,0.0
324.953,2292044,8225900,0,10517944,10517944,164,14570078208,0.0
325.053,2292044,8241580,0,10533624,10533624,164,14570078208,0.0
325.154,2292044,8258540,0,10550584,10550584,164,14578466816,0.0
325.254,2292044,8276012,0,10568056,10568056,164,14586855424,0.0
325.355,2292044,8289900,0,10581944,10581944,164,14607822848,0.0
325.455,2292044,8305324,0,10597368,10597368,164,14607822848,0.0
325.556,2292044,8321772,0,10613816,10613816,164,14630891520,0.0
325.656,2292044,8339116,0,10631160,10631160,164,14630891520,0.0
325.757,2292044,8353580,0,10645624,10645624,164,14630891520,0.0
325.857,2292044,8369388,0,10661432,10661432,164,14639280128,0.0
325.958,2292044,8384620,0,10676664,10676664,165,14660251648,0.0
326.058,2292044,8404268,0,10696312,10696312,165,14660251648,0.0
326.159,2292044,8422380,0,10714424,10714424,165,14668640256,0.0
326.259,2292044,8439468,0,10731512,10731512,165,14677028864,0.0
326.360,2292044,8452396,0,10744440,10744440,165,14677028864,0.0
326.460,2292044,8470572,0,10762616,10762616,165,14677028864,0.0
326.561,2292044,8490028,0,10782072,10782072,165,14685417472,0.0
326.661,2292044,8504812,0,10796856,10796856,166,14698000384,0.0
326.761,2292044,8521580,0,10813624,10813624,166,14706388992,0.0
326.862,2292044,8535660,0,10827704,10827704,166,14723166208,0.0
326.962,2292044,8550828,0,10842872,10842872,166,14723166208,0.0
327.063,2292044,8564588,0,10856632,10856632,166,14735724544,0.0
327.163,2292044,8583212,0,10875256,10875256,166,14744113152,0.0
327.264,2292044,8599404,0,10891448,10891448,166,14760890368,0.0
327.364,2292044,8613420,0,10905464,10905464,166,14764965888,0.0
327.465,2292044,8629612,0,10921656,10921656,166,14764965888,0.0
327.565,2292044,8645996,0,10938040,10938040,166,14781743104,0.0
327.665,2292044,8666348,0,10958392,10958392,166,14781743104,0.0
327.766,2292044,8686060,0,10978104,10978104,166,14788034560,0.0
327.866,2292044,8701420,0,10993464,10993464,166,14796423168,0.0
327.967,2292044,8711404,0,11003448,11003448,166,14804811776,0.0
328.067,2292044,8729068,0,11021112,11021112,166,14804811776,0.0
328.167,2292044,8746092,0,11038136,11038136,166,14821588992,0.0
328.268,2292044,8762732,0,11054776,11054776,166,14823686144,0.0
328.368,2292044,8782444,0,11074488,11074488,166,14829977600,0.0
328.469,2292044,8793324,0,11085368,11085368,166,14838366208,0.0
328.569,2292044,8812524,0,11104568,11104568,166,14855143424,0.0
328.670,2292044,8824684,0,11116728,11116728,166,14863532032,0.0
328.770,2292044,8845356,0,11137400,11137400,166,14863532032,0.0
328.871,2292044,8857068,0,11149112,11149112,166,14871920640,0.0
328.971,2292044,8875372,0,11167416,11167416,166,14880309248,0.0
329.071,2292044,8885804,0,11177848,11177848,166,14897086464,0.0
329.172,2292044,8905516,0,11197560,11197560,166,14897086464,0.0
329.272,2292044,8921772,0,11213816,11213816,166,14897086464,0.0
329.373,2292044,8935020,0,11227064,11227064,166,14905475072,0.0
329.473,2292044,8956524,0,11248568,11248568,166,14913863680,0.0
329.574,2292044,8972588,0,11264632,11264632,166,14913863680,0.0
329.674,2292044,8991852,0,11283896,11283896,166,14930640896,0.0
329.774,2292044,9007916,0,11299960,11299960,166,14939029504,0.0
329.875,2292044,9022700,0,11314744,11314744,166,14939029504,0.0
329.975,2292044,9035244,0,11327288,11327288,166,14947418112,0.0
330.075,2292044,9058860,0,11350904,11350904,166,14955806720,0.0
330.176,2292044,9072748,0,11364792,11364792,167,14962147328,0.0
330.276,2292044,9090796,0,11382840,11382840,167,14970535936,0.0
330.376,2292044,9102828,0,11394872,11394872,168,14983118848,0.0
330.477,2292044,9119596,0,11411640,11411640,168,14983118848,0.0
330.577,2292044,9134956,0,11427000,11427000,168,14999896064,0.0
330.677,2292044,9152812,0,11444856,11444856,168,15002939392,0.0
330.778,2292044,9169324,0,11461368,11461368,168,15011328000,0.0
330.878,2292044,9183212,0,11475256,11475256,168,15011328000,0.0
330.978,2292044,9198956,0,11491000,11491000,168,15019716608,0.0
331.079,2292044,9213356,0,11505400,11505400,168,15019716608,0.0
331.179,2292044,9236716,0,11528760,11528760,168,15023648768,0.0
331.279,2292044,9253868,0,11545912,11545912,168,15023648768,0.0
331.380,2292044,9269036,0,11561080,11561080,168,15032037376,0.0
331.480,2292044,9281708,0,11573752,11573752,169,15036231680,0.0
331.581,2292044,9299564,0,11591608,11591608,169,15044620288,0.0
331.681,2292044,9314604,0,11606648,11606648,170,15057203200,0.0
331.781,2292044,9330540,0,11622584,11622584,170,15065591808,0.0
331.882,2292044,9343148,0,11635192,11635192,170,15073980416,0.0
331.982,2292044,9364012,0,11656056,11656056,170,15082369024,0.0
332.082,2292044,9377708,0,11669752,11669752,171,15086563328,0.0
332.183,2292044,9396012,0,11688056,11688056,171,15094951936,0.0
332.283,2292044,9412204,0,11704248,11704248,171,15109632000,0.0
332.383,2292044,9426604,0,11718648,11718648,171,15111729152,0.0
332.484,2292044,9442796,0,11734840,11734840,171,15124000768,0.0
332.584,2292044,9459756,0,11751800,11751800,171,15134486528,0.0
332.684,2292044,9477996,0,11770040,11770040,171,15134486528,0.0
332.785,2292044,9496164,0,11788208,11788208,171,15134486528,0.0
332.885,2292044,9512364,0,11804408,11804408,171,15142875136,0.0
332.986,2292044,9526956,0,11819000,11819000,171,15149166592,0.0
333.086,2292044,9539948,0,11831992,11831992,171,15149166592,0.0
333.186,2292044,9557036,0,11849080,11849080,172,15157473280,0.0
333.287,2292044,9574764,0,11866808,11866808,172,15174250496,0.0
333.387,2292044,9590636,0,11882680,11882680,172,15174250496,0.0
333.487,2292044,9607084,0,11899128,11899128,172,15182639104,0.0
333.588,2292044,9627884,0,11919928,11919928,172,15191027712,0.0
333.688,2292044,9641964,0,11934008,11934008,172,15199416320,0.0
333.789,2292044,9657644,0,11949688,11949688,172,15207804928,0.0
333.889,2292044,9675436,0,11967480,11967480,172,15221895168,0.0
333.989,2292044,9690988,0,11983032,11983032,172,15221895168,0.0
334.090,2292044,9709036,0,12001080,12001080,172,15234457600,0.0
334.190,2292044,9726124,0,12018168,12018168,172,15242846208,0.0
334.290,2292044,9743340,0,12035384,12035384,172,15242846208,0.0
334.391,2292044,9757868,0,12049912,12049912,174,15251234816,0.0
334.491,2292044,9778284,0,12070328,12070328,174,15259623424,0.0
334.592,2292044,9793132,0,12085176,12085176,175,15284707328,0.0
334.692,2292044,9809964,0,12102008,12102008,175,15299846144,0.0
334.792,2292044,9826220,0,12118264,12118264,175,15309283328,0.0
334.893,2292044,9844012,0,12136056,12136056,175,15317671936,0.0
334.993,2292044,9857964,0,12150008,12150008,176,15321866240,0.0
335.093,2292044,9875116,0,12167160,12167160,176,15338643456,0.0
335.194,2292044,9897004,0,12189048,12189048,176,15338643456,0.0
335.294,2292044,9914028,0,12206072,12206072,176,15338643456,0.0
335.394,2292044,9929896,0,12221940,12221940,176,15347032064,0.0
335.495,2292044,9947052,0,12239096,12239096,176,15363809280,0.0
335.595,2292044,9963244,0,12255288,12255288,176,15363809280,0.0
335.696,2292044,9979308,0,12271352,12271352,176,15363809280,0.0
335.796,2292044,9995372,0,12287416,12287416,177,15376392192,0.0
335.896,2292044,10016236,0,12308280,12308280,177,15384780800,0.0
335.997,2292044,10029676,0,12321720,12321720,177,15393169408,0.0
336.097,2292044,10045864,0,12337908,12337908,177,15401558016,0.0
336.198,2292044,10063340,0,12355384,12355384,177,15401558016,0.0
336.298,2292044,10078892,0,12370936,12370936,177,15401558016,0.0
336.398,2292044,10088364,0,12380408,12380408,177,15409082368,0.0
336.499,2292044,10105004,0,12397048,12397048,178,15421665280,0.0
336.599,2292044,10119392,0,12411436,12411436,180,15438434304,0.0
336.699,2292044,10138592,0,12430636,12430636,180,15448915968,0.0
336.800,2292044,10155168,0,12447212,12447212,180,15459397632,0.0
336.900,2292044,10175200,0,12467244,12467244,181,15463591936,0.0
337.000,2292044,10192096,0,12484140,12484140,181,15488757760,0.0
337.101,2292044,10209952,0,12501996,12501996,181,15488757760,0.0
337.201,2292044,10228576,0,12520620,12520620,181,15495049216,0.0
337.302,2292044,10241504,0,12533548,12533548,181,15520206848,0.0
337.402,2292044,10259552,0,12551596,12551596,181,15520206848,0.0
337.502,2292044,10274272,0,12566316,12566316,181,15520206848,0.0
337.603,2292044,10295776,0,12587820,12587820,181,15536984064,0.0
337.703,2292044,10311968,0,12604012,12604012,181,15536984064,0.0
337.803,2292044,10326368,0,12618412,12618412,181,15551664128,0.0
337.904,2292044,10345440,0,12637484,12637484,181,15557955584,0.0
338.004,2292044,10360352,0,12652396,12652396,181,15557955584,0.0
338.104,2292044,10380064,0,12672108,12672108,181,15566344192,0.0
338.205,2292044,10397472,0,12689516,12689516,181,15576825856,0.0
338.305,2292044,10412256,0,12704300,12704300,181,15591493632,0.0
338.406,2292044,10431904,0,12723948,12723948,181,15608270848,0.0
338.506,2292044,10446624,0,12738668,12738668,181,15608270848,0.0
338.606,2292044,10468512,0,12760556,12760556,181,15624945664,0.0
338.707,2292044,10481888,0,12773932,12773932,181,15624945664,0.0
338.807,2292044,10499168,0,12791212,12791212,181,15648473088,0.0
338.907,2292044,10516000,0,12808044,12808044,181,15661047808,0.0
339.008,2292044,10530912,0,12822956,12822956,181,15670484992,0.0
339.108,2292044,10546080,0,12838124,12838124,181,15678873600,0.0
339.208,2292044,10562976,0,12855020,12855020,182,15692505088,0.0
339.309,2292044,10582432,0,12874476,12874476,182,15692505088,0.0
339.413,2292044,10596704,0,12888748,12888748,182,15709282304,0.0
339.513,2292044,10608544,0,12900588,12900588,182,15709282304,0.0
339.614,2292044,10626080,0,12918124,12918124,182,15711379456,0.0
339.717,2292044,10640800,0,12932844,12932844,182,15726059520,0.0
339.817,2292044,10652448,0,12944492,12944492,182,15726059520,0.0
339.918,2292044,10667616,0,12959660,12959660,182,15734448128,0.0
340.021,2292044,10680288,0,12972332,12972332,182,15734448128,0.0
340.121,2292044,10693536,0,12985580,12985580,182,15751225344,0.0
340.222,2292044,10706016,0,12998060,12998060,182,15759613952,0.0
340.322,2292044,10720096,0,13012140,13012140,183,15763808256,0.0
340.423,2292044,10730592,0,13022636,13022636,183,15772196864,0.0
340.523,2292044,10745312,0,13037356,13037356,183,15780585472,0.0
340.624,2292044,10759968,0,13052012,13052012,183,15788974080,0.0
340.724,2292044,10774368,0,13066412,13066412,183,15788974080,0.0
340.824,2292044,10789856,0,13081900,13081900,183,15797362688,0.0
340.925,2292044,10802720,0,13094764,13094764,183,15805751296,0.0
341.025,2292044,10819104,0,13111148,13111148,183,15805751296,0.0
341.126,2292044,10835616,0,13127660,13127660,183,15805751296,0.0
341.226,2292044,10849952,0,13141996,13141996,183,15805751296,0.0
341.327,2292044,10866400,0,13158444,13158444,184,15818334208,0.0
341.427,2292044,10876576,0,13168620,13168620,184,15826722816,0.0
341.528,2292044,10888416,0,13180460,13180460,184,15835111424,0.0
341.628,2292044,10900512,0,13192556,13192556,184,15835111424,0.0
341.728,2292044,10912928,0,13204972,13204972,184,15851888640,0.0
341.829,2292044,10923040,0,13215084,13215084,184,15851888640,0.0
341.933,2292044,10934752,0,13226796,13226796,184,15851888640,0.0
342.034,2292044,10948512,0,13240556,13240556,184,15860277248,0.0
342.137,2292044,10967520,0,13259564,13259564,184,15860277248,0.0
342.237,2292044,10978464,0,13270508,13270508,184,15877054464,0.0
342.338,2292044,10988000,0,13280044,13280044,184,15877054464,0.0
342.438,2292044,10999264,0,13291308,13291308,184,15877054464,0.0
342.539,2292044,11008096,0,13300140,13300140,185,15887540224,0.0
342.639,2292044,11019616,0,13311660,13311660,185,15887540224,0.0
342.740,2292044,11029792,0,13321836,13321836,186,15900123136,0.0
342.840,2292044,11042208,0,13334252,13334252,186,15900123136,0.0
342.941,2292044,11054176,0,13346220,13346220,186,15900123136,0.0
343.042,2292044,11068128,0,13360172,13360172,186,15900123136,0.0
343.143,2292044,11076832,0,13368876,13368876,187,15914803200,0.0
343.243,2292044,11086240,0,13378284,13378284,187,15914803200,0.0
343.344,2292044,11098016,0,13390060,13390060,189,15923191808,0.0
343.444,2292044,11112992,0,13405036,13405036,189,15939969024,0.0
343.545,2292044,11126112,0,13418156,13418156,189,15969320960,0.0
343.645,2292044,11138656,0,13430700,13430700,189,15969320960,0.0
343.746,2292044,11151200,0,13443244,13443244,189,15980011520,0.0
343.846,2292044,11167264,0,13459308,13459308,189,15988400128,0.0
343.947,2292044,11178016,0,13470060,13470060,189,15996788736,0.0
344.048,2292044,11191776,0,13483820,13483820,189,15996788736,0.0
344.148,2292044,11204768,0,13496812,13496812,189,16005177344,0.0
344.249,2292044,11220640,0,13512684,13512684,189,16007274496,0.0
344.349,2292044,11236704,0,13528748,13528748,189,16015663104,0.0
344.450,2292044,11247904,0,13539948,13539948,189,16015663104,0.0
344.551,2292044,11264032,0,13556076,13556076,189,16015663104,0.0
344.651,2292044,11272096,0,13564140,13564140,189,16015663104,0.0
344.752,2292044,11282272,0,13574316,13574316,189,16026144768,0.0
344.853,2292044,11292256,0,13584300,13584300,190,16030339072,0.0
344.953,2292044,11301856,0,13593900,13593900,191,16042921984,0.0
345.054,2292044,11314720,0,13606764,13606764,191,16068087808,0.0
345.154,2292044,11329952,0,13621996,13621996,191,16068087808,0.0
345.255,2292044,11343264,0,13635308,13635308,191,16068087808,0.0
345.355,2292044,11356896,0,13648940,13648940,191,16076476416,0.0
345.456,2292044,11373856,0,13665900,13665900,191,16076476416,0.0
345.557,2292044,11384480,0,13676524,13676524,191,16093253632,0.0
345.658,2292044,11396512,0,13688556,13688556,191,16093253632,0.0
345.759,2292044,11407712,0,13699756,13699756,191,16093253632,0.0
345.859,2292044,11420704,0,13712748,13712748,191,16101642240,0.0
345.960,2292044,11433760,0,13725804,13725804,191,16110030848,0.0
346.060,2292044,11451168,0,13743212,13743212,191,16110030848,0.0
346.161,2292044,11464096,0,13756140,13756140,191,16110030848,0.0
346.262,2292044,11477024,0,13769068,13769068,191,16116322304,0.0
346.362,2292044,11491360,0,13783404,13783404,192,16128905216,0.0
346.463,2292044,11507744,0,13799788,13799788,192,16137293824,0.0
346.564,2292044,11526368,0,13818412,13818412,192,16139390976,0.0
346.665,2292044,11542304,0,13834348,13834348,192,16145682432,0.0
346.765,2292044,11558304,0,13850348,13850348,192,16145682432,0.0
346.866,2292044,11572512,0,13864556,13864556,192,16154071040,0.0
346.966,2292044,11587360,0,13879404,13879404,193,16166653952,0.0
347.067,2292044,11605024,0,13897068,13897068,193,16178458624,0.0
347.168,2292044,11619680,0,13911724,13911724,193,16178458624,0.0
347.268,2292044,11640224,0,13932268,13932268,193,16186847232,0.0
347.369,2292044,11654048,0,13946092,13946092,193,16186847232,0.0
347.469,2292044,11668960,0,13961004,13961004,193,16188944384,0.0
347.570,2292044,11683872,0,13975916,13975916,193,16188944384,0.0
347.671,2292044,11695392,0,13987436,13987436,193,16188944384,0.0
347.774,2292044,11695392,0,13987436,13987436,193,16188944384,0.0
347.875,2292044,10636272,0,12928316,13986892,193,16188944384,0.0
347.975,2292044,9654584,0,11946628,13986892,193,16188944384,0.0
348.075,2292044,940344,0,3232388,13986892,193,16188944384,0.0
348.176,2292044,940344,0,3232388,13986892,193,16188944384,0.0
348.276,2292044,940344,0,3232388,13986892,193,16188944384,0.0
348.377,2292044,940344,0,3232388,13986892,193,16188944384,0.0
348.477,2292044,940344,0,3232388,13986892,193,16188944384,0.0
348.577,2292044,726124,0,3018168,13986892,205,16188944384,0.0
348.678,2292044,784544,0,3076588,13986892,205,16188944384,0.0
348.778,2292044,784552,0,3076596,13986892,205,16188944384,0.0
348.885,2266148,784552,0,3050700,13986892,205,16188944384,0.0
348.985,2266148,823724,0,3089872,13986892,206,16188944384,0.0
349.086,2266148,784552,0,3050700,13986892,206,16188944384,0.0
349.186,2266160,799960,0,3066120,13986892,208,16188944384,0.0
349.287,2266160,853164,0,3119324,13986892,208,16188944384,0.0
349.387,2266160,862680,0,3128840,13986892,208,16188944384,0.0
349.488,2266160,784552,0,3050712,13986892,208,16188944384,0.0
349.588,2266160,784916,0,3051076,13986892,208,16188944384,1.08
349.689,2266160,785108,0,3051268,13986892,208,16188944384,1.08
349.789,2266160,785108,0,3051268,13986892,208,16188944384,1.08
349.890,2266160,785108,0,3051268,13986892,208,16188944384,1.08
349.990,2266160,785108,0,3051268,13986892,208,16188944384,1.08
350.091,2266160,785108,0,3051268,13986892,208,16188944384,1.08
350.192,2266160,785108,0,3051268,13986892,208,16188944384,1.08
350.292,2266160,785108,0,3051268,13986892,208,16188944384,1.08
350.393,2266160,785108,0,3051268,13986892,208,16188944384,1.08
350.494,2266160,785108,0,3051268,13986892,208,16188944384,1.08
350.594,2266160,785108,0,3051268,13986892,208,16188944384,1.08
350.695,2266160,785108,0,3051268,13986892,208,16188944384,1.08
350.795,2266160,785108,0,3051268,13986892,208,16188944384,1.08
350.896,2266160,785108,0,3051268,13986892,208,16188944384,1.08
350.996,2266160,785108,0,3051268,13986892,208,16188944384,1.08
351.097,2266160,785108,0,3051268,13986892,208,16188944384,1.08
351.197,2266160,785108,0,3051268,13986892,208,16188944384,1.08
351.297,2266160,785108,0,3051268,13986892,208,16188944384,1.08
351.398,2266160,785108,0,3051268,13986892,208,16188944384,1.08
351.498,2266160,785108,0,3051268,13986892,208,16188944384,1.08
351.599,2266160,785108,0,3051268,13986892,208,16188944384,0.88
351.699,2266160,785108,0,3051268,13986892,208,16188944384,0.88
351.800,2266160,785108,0,3051268,13986892,208,16188944384,0.88
351.900,2266160,785108,0,3051268,13986892,208,16188944384,0.88
352.001,2266160,785108,0,3051268,13986892,208,16188944384,0.88
352.101,2266160,785108,0,3051268,13986892,208,16188944384,0.88
352.202,2266160,785108,0,3051268,13986892,208,16188944384,0.88
352.302,2266160,785108,0,3051268,13986892,208,16188944384,0.88
352.402,2266160,785108,0,3051268,13986892,208,16188944384,0.88
352.503,2266160,785108,0,3051268,13986892,208,16188944384,0.88
352.603,2266160,785108,0,3051268,13986892,208,16188944384,0.88
352.704,2266160,785108,0,3051268,13986892,208,16188944384,0.88
352.805,2266160,785108,0,3051268,13986892,208,16188944384,0.88
352.906,2266160,785108,0,3051268,13986892,208,16188944384,0.88
353.006,2266160,785108,0,3051268,13986892,208,16188944384,0.88
353.107,2266160,785108,0,3051268,13986892,208,16188944384,0.88
353.208,2266160,785108,0,3051268,13986892,208,16188944384,0.88
353.309,2266160,785108,0,3051268,13986892,208,16188944384,0.88
353.409,2266160,785108,0,3051268,13986892,208,16188944384,0.88
353.510,2266160,785108,0,3051268,13986892,208,16188944384,0.88
353.610,2266160,785108,0,3051268,13986892,208,16188944384,0.72
353.711,2266160,785108,0,3051268,13986892,208,16188944384,0.72
353.812,2266160,785108,0,3051268,13986892,208,16188944384,0.72
353.913,2266160,785108,0,3051268,13986892,208,16188944384,0.72
354.013,2266160,785108,0,3051268,13986892,208,16188944384,0.72
354.114,2266160,785108,0,3051268,13986892,208,16188944384,0.72
354.214,2266160,785108,0,3051268,13986892,208,16188944384,0.72
354.315,2266160,785108,0,3051268,13986892,208,16188944384,0.72
354.415,2266160,785108,0,3051268,13986892,208,16188944384,0.72
354.516,2266160,785108,0,3051268,13986892,208,16188944384,0.72
354.616,2266160,785108,0,3051268,13986892,208,16188944384,0.72
354.717,2266160,785108,0,3051268,13986892,208,16188944384,0.72
354.817,2266160,785108,0,3051268,13986892,208,16188944384,0.72
354.918,2266160,785108,0,3051268,13986892,208,16188944384,0.72
355.019,2266160,785108,0,3051268,13986892,208,16188944384,0.72
355.120,2266160,785108,0,3051268,13986892,208,16188944384,0.72
355.220,2266160,785108,0,3051268,13986892,208,16188944384,0.72
355.321,2266160,785108,0,3051268,13986892,208,16188944384,0.72
355.422,2266160,785108,0,3051268,13986892,208,16188944384,0.72
355.523,2266160,785108,0,3051268,13986892,208,16188944384,0.72
355.624,2266160,785108,0,3051268,13986892,208,16188944384,0.59
355.724,2266160,785108,0,3051268,13986892,208,16188944384,0.59
355.825,2266160,785108,0,3051268,13986892,208,16188944384,0.59
355.926,2266160,785108,0,3051268,13986892,208,16188944384,0.59
356.027,2266160,785108,0,3051268,13986892,208,16188944384,0.59
356.127,2266160,785108,0,3051268,13986892,208,16188944384,0.59
356.228,2266160,785108,0,3051268,13986892,208,16188944384,0.59
356.328,2266160,785108,0,3051268,13986892,208,16188944384,0.59
356.429,2266160,785108,0,3051268,13986892,208,16188944384,0.59
356.529,2266160,785108,0,3051268,13986892,208,16188944384,0.59
356.630,2266160,785108,0,3051268,13986892,208,16188944384,0.59
356.731,2266160,785108,0,3051268,13986892,208,16188944384,0.59
356.832,2266160,785108,0,3051268,13986892,208,16188944384,0.59
356.933,2266160,785108,0,3051268,13986892,208,16188944384,0.59
357.033,2266160,785108,0,3051268,13986892,208,16188944384,0.59
357.134,2266160,785108,0,3051268,13986892,208,16188944384,0.59
357.235,2266160,785108,0,3051268,13986892,208,16188944384,0.59
357.336,2266160,785108,0,3051268,13986892,208,16188944384,0.59
357.437,2266160,785108,0,3051268,13986892,208,16188944384,0.59
357.538,2266160,785108,0,3051268,13986892,208,16188944384,0.59
357.638,2266160,785108,0,3051268,13986892,208,16188944384,0.48
357.739,2266160,785108,0,3051268,13986892,208,16188944384,0.48
357.840,2266160,785108,0,3051268,13986892,208,16188944384,0.48
357.941,2266160,785108,0,3051268,13986892,208,16188944384,0.48
358.042,2266160,785108,0,3051268,13986892,208,16188944384,0.48
358.143,2266160,785108,0,3051268,13986892,208,16188944384,0.48
358.243,2266160,785108,0,3051268,13986892,208,16188944384,0.48
358.344,2266160,785108,0,3051268,13986892,208,16188944384,0.48
358.445,2266160,785108,0,3051268,13986892,208,16188944384,0.48
358.546,2266160,785108,0,3051268,13986892,208,16188944384,0.48
358.647,2266160,785108,0,3051268,13986892,208,16188944384,0.48
358.747,2266160,785108,0,3051268,13986892,208,16188944384,0.48
358.848,2266160,785108,0,3051268,13986892,208,16188944384,0.48
358.949,2266160,785108,0,3051268,13986892,208,16188944384,0.48
359.050,2266160,785108,0,3051268,13986892,208,16188944384,0.48
359.151,2266160,785108,0,3051268,13986892,208,16188944384,0.48
359.251,2266160,785108,0,3051268,13986892,208,16188944384,0.48
359.352,2266160,785108,0,3051268,13986892,208,16188944384,0.48
359.453,2266160,785108,0,3051268,13986892,208,16188944384,0.48
359.553,2266160,785108,0,3051268,13986892,208,16188944384,0.48
359.654,2266160,785108,0,3051268,13986892,208,16188944384,0.39
359.755,2266160,785108,0,3051268,13986892,208,16188944384,0.39
359.856,2266160,785108,0,3051268,13986892,208,16188944384,0.39
359.956,2266160,785108,0,3051268,13986892,208,16188944384,0.39
360.057,2266160,785108,0,3051268,13986892,208,16188944384,0.39
360.157,2266160,785108,0,3051268,13986892,208,16188944384,0.39
360.258,2266160,785108,0,3051268,13986892,208,16188944384,0.39
360.358,2266160,785108,0,3051268,13986892,208,16188944384,0.39
360.459,2266160,785108,0,3051268,13986892,208,16188944384,0.39
360.559,2266160,785108,0,3051268,13986892,208,16188944384,0.39
360.660,2266160,785108,0,3051268,13986892,208,16188944384,0.39
360.760,2266160,785108,0,3051268,13986892,208,16188944384,0.39
360.861,2266160,785108,0,3051268,13986892,208,16188944384,0.39
360.961,2266160,785108,0,3051268,13986892,208,16188944384,0.39
361.062,2266160,785108,0,3051268,13986892,208,16188944384,0.39
361.162,2266160,785108,0,3051268,13986892,208,16188944384,0.39
361.263,2266160,785108,0,3051268,13986892,208,16188944384,0.39
361.364,2266160,785108,0,3051268,13986892,208,16188944384,0.39
361.464,2266160,785108,0,3051268,13986892,208,16188944384,0.39
361.565,2266160,785108,0,3051268,13986892,208,16188944384,0.39
361.665,2266160,785108,0,3051268,13986892,208,16188944384,0.32
361.766,2266160,785108,0,3051268,13986892,208,16188944384,0.32
361.866,2266160,785108,0,3051268,13986892,208,16188944384,0.32
361.967,2266160,785108,0,3051268,13986892,208,16188944384,0.32
362.067,2266160,785108,0,3051268,13986892,208,16188944384,0.32
362.167,2266160,785108,0,3051268,13986892,208,16188944384,0.32
362.268,2266160,785108,0,3051268,13986892,208,16188944384,0.32
362.368,2266160,785108,0,3051268,13986892,208,16188944384,0.32
362.468,2266160,785108,0,3051268,13986892,208,16188944384,0.32
362.569,2266160,785108,0,3051268,13986892,208,16188944384,0.32
362.669,2266160,785108,0,3051268,13986892,208,16188944384,0.32
362.769,2266160,785108,0,3051268,13986892,208,16188944384,0.32
362.870,2266160,785108,0,3051268,13986892,208,16188944384,0.32
362.970,2266160,785108,0,3051268,13986892,208,16188944384,0.32
363.070,2266160,785108,0,3051268,13986892,208,16188944384,0.32
363.171,2266160,785108,0,3051268,13986892,208,16188944384,0.32
363.271,2266160,785108,0,3051268,13986892,208,16188944384,0.32
363.372,2266160,785108,0,3051268,13986892,208,16188944384,0.32
363.472,2266160,785108,0,3051268,13986892,208,16188944384,0.32
363.572,2266160,785108,0,3051268,13986892,208,16188944384,0.32
363.673,2266160,785108,0,3051268,13986892,208,16188944384,0.26
363.773,2266160,785108,0,3051268,13986892,208,16188944384,0.26
363.873,2266160,785108,0,3051268,13986892,208,16188944384,0.26
363.974,2266160,785108,0,3051268,13986892,208,16188944384,0.26
364.074,2266160,785108,0,3051268,13986892,208,16188944384,0.26
364.174,2266160,785108,0,3051268,13986892,208,16188944384,0.26
364.275,2266160,785108,0,3051268,13986892,208,16188944384,0.26
364.375,2266160,785108,0,3051268,13986892,208,16188944384,0.26
364.476,2266160,785108,0,3051268,13986892,208,16188944384,0.26
364.576,2266160,785108,0,3051268,13986892,208,16188944384,0.26
364.676,2266160,785108,0,3051268,13986892,208,16188944384,0.26
364.777,2266160,785108,0,3051268,13986892,208,16188944384,0.26
364.877,2266160,785108,0,3051268,13986892,208,16188944384,0.26
364.977,2266160,785108,0,3051268,13986892,208,16188944384,0.26
365.078,2266160,785108,0,3051268,13986892,208,16188944384,0.26
365.178,2266160,785108,0,3051268,13986892,208,16188944384,0.26
365.278,2266160,785108,0,3051268,13986892,208,16188944384,0.26
365.379,2266160,785108,0,3051268,13986892,208,16188944384,0.26
365.479,2266160,785108,0,3051268,13986892,208,16188944384,0.26
365.580,2266160,785108,0,3051268,13986892,208,16188944384,0.21
365.680,2266160,785108,0,3051268,13986892,208,16188944384,0.21
365.780,2266160,785108,0,3051268,13986892,208,16188944384,0.21
365.881,2266160,785108,0,3051268,13986892,208,16188944384,0.21
365.981,2266160,785108,0,3051268,13986892,208,16188944384,0.21
366.081,2266160,785108,0,3051268,13986892,208,16188944384,0.21
366.182,2266160,785108,0,3051268,13986892,208,16188944384,0.21
366.282,2266160,785108,0,3051268,13986892,208,16188944384,0.21
366.383,2266160,785108,0,3051268,13986892,208,16188944384,0.21
366.483,2266160,785108,0,3051268,13986892,208,16188944384,0.21
366.583,2266160,785108,0,3051268,13986892,208,16188944384,0.21
366.684,2266160,785108,0,3051268,13986892,208,16188944384,0.21
366.784,2266160,785108,0,3051268,13986892,208,16188944384,0.21
366.884,2266160,785108,0,3051268,13986892,208,16188944384,0.21
366.985,2266160,785108,0,3051268,13986892,208,16188944384,0.21
367.085,2266160,785108,0,3051268,13986892,208,16188944384,0.21
367.186,2266160,785108,0,3051268,13986892,208,16188944384,0.21
367.286,2266160,785108,0,3051268,13986892,208,16188944384,0.21
367.386,2266160,785108,0,3051268,13986892,208,16188944384,0.21
367.487,2266160,785108,0,3051268,13986892,208,16188944384,0.21
367.587,2266160,785108,0,3051268,13986892,208,16188944384,0.17
367.688,2266160,785108,0,3051268,13986892,208,16188944384,0.17
367.788,2266160,785108,0,3051268,13986892,208,16188944384,0.17
367.888,2266160,785108,0,3051268,13986892,208,16188944384,0.17
367.989,2266160,785108,0,3051268,13986892,208,16188944384,0.17
368.089,2266160,785108,0,3051268,13986892,208,16188944384,0.17
368.189,2266160,785108,0,3051268,13986892,208,16188944384,0.17
368.290,2266160,785108,0,3051268,13986892,208,16188944384,0.17
368.390,2266160,785108,0,3051268,13986892,208,16188944384,0.17
368.491,2266160,785108,0,3051268,13986892,208,16188944384,0.17
368.591,2266160,785108,0,3051268,13986892,208,16188944384,0.17
368.691,2266160,785108,0,3051268,13986892,208,16188944384,0.17
368.792,2266160,785108,0,3051268,13986892,208,16188944384,0.17
368.892,2266160,785108,0,3051268,13986892,208,16188944384,0.17
368.993,2266160,785108,0,3051268,13986892,208,16188944384,0.17
369.093,2266160,785108,0,3051268,13986892,208,16188944384,0.17
369.193,2266160,785108,0,3051268,13986892,208,16188944384,0.17
369.294,2266160,785108,0,3051268,13986892,208,16188944384,0.17
369.394,2266160,785108,0,3051268,13986892,208,16188944384,0.17
369.494,2266160,785108,0,3051268,13986892,208,16188944384,0.17
369.595,2317604,785108,0,3102712,13986892,208,16188944384,0.14
369.695,2480384,785108,0,3265492,13986892,208,16188944384,0.14
369.795,2643200,785108,0,3428308,13986892,208,16188944384,0.14
369.896,2808832,785108,0,3593940,13986892,208,16188944384,0.14
369.996,2976044,785108,0,3761152,13986892,208,16188944384,0.14
370.097,3139132,785108,0,3924240,13986892,208,16188944384,0.14
370.197,3207068,785108,0,3992176,13986892,208,16188944384,0.14
370.297,3207068,785108,0,3992176,13986892,208,16188944384,0.14
370.398,3207068,785108,0,3992176,13986892,208,16188944384,0.14
370.498,3207068,785108,0,3992176,13986892,208,16188944384,0.14
370.599,3207068,785108,0,3992176,13986892,208,16188944384,0.14
370.699,3207068,785108,0,3992176,13986892,208,16188944384,0.14
370.799,3207068,785108,0,3992176,13986892,208,16188944384,0.14
370.900,3207068,785108,0,3992176,13986892,208,16188944384,0.14
371.000,3207068,785108,0,3992176,13986892,208,16188944384,0.14
371.100,3207068,785108,0,3992176,13986892,208,16188944384,0.14
371.200,3207068,785108,0,3992176,13986892,208,16188944384,0.14
371.301,3207068,785108,0,3992176,13986892,208,16188944384,0.14
371.401,3207068,785108,0,3992176,13986892,208,16188944384,0.14
371.502,3207068,785108,0,3992176,13986892,208,16188944384,0.14
371.602,3207068,785108,0,3992176,13986892,208,16188944384,0.11
371.702,3207068,785108,0,3992176,13986892,208,16188944384,0.11
371.803,3207068,785108,0,3992176,13986892,208,16188944384,0.11
371.903,3207068,785108,0,3992176,13986892,208,16188944384,0.11
372.003,3207068,785108,0,3992176,13986892,208,16188944384,0.11
372.104,3207068,785108,0,3992176,13986892,208,16188944384,0.11
372.204,3207068,785108,0,3992176,13986892,208,16188944384,0.11
372.305,3207068,785108,0,3992176,13986892,208,16188944384,0.11
372.405,3207068,785108,0,3992176,13986892,208,16188944384,0.11
372.505,3207068,785108,0,3992176,13986892,208,16188944384,0.11
372.606,3207068,785108,0,3992176,13986892,208,16188944384,0.11
372.706,3207068,785108,0,3992176,13986892,208,16188944384,0.11
372.807,3207068,785108,0,3992176,13986892,208,16188944384,0.11
372.907,3207068,785108,0,3992176,13986892,208,16188944384,0.11
373.007,3207068,785108,0,3992176,13986892,208,16188944384,0.11
373.108,3207068,785108,0,3992176,13986892,208,16188944384,0.11
373.208,3207068,785108,0,3992176,13986892,208,16188944384,0.11
373.309,3207068,785108,0,3992176,13986892,208,16188944384,0.11
373.409,3207068,785108,0,3992176,13986892,208,16188944384,0.11
373.510,3207068,785108,0,3992176,13986892,208,16188944384,0.11
373.610,3207068,785108,0,3992176,13986892,208,16188944384,0.09
373.711,3207068,785108,0,3992176,13986892,208,16188944384,0.09
373.811,3207068,785108,0,3992176,13986892,208,16188944384,0.09
373.912,3207068,785108,0,3992176,13986892,208,16188944384,0.09
374.012,3207068,785108,0,3992176,13986892,208,16188944384,0.09
374.113,3207068,785108,0,3992176,13986892,208,16188944384,0.09
374.213,3207068,785108,0,3992176,13986892,208,16188944384,0.09
374.314,3207068,785108,0,3992176,13986892,208,16188944384,0.09
374.415,3207068,785108,0,3992176,13986892,208,16188944384,0.09
374.515,3207068,785108,0,3992176,13986892,208,16188944384,0.09
374.616,3207068,785108,0,3992176,13986892,208,16188944384,0.09
374.716,3207068,785108,0,3992176,13986892,208,16188944384,0.09
374.817,3207068,785108,0,3992176,13986892,208,16188944384,0.09
374.917,3207068,785108,0,3992176,13986892,208,16188944384,0.09
375.018,3207068,785108,0,3992176,13986892,208,16188944384,0.09
375.118,3207068,785108,0,3992176,13986892,208,16188944384,0.09
375.218,3207068,785108,0,3992176,13986892,208,16188944384,0.09
375.319,3207068,785108,0,3992176,13986892,208,16188944384,0.09
375.419,3207068,785108,0,3992176,13986892,208,16188944384,0.09
375.520,3207068,785108,0,3992176,13986892,208,16188944384,0.09
375.620,3207068,785108,0,3992176,13986892,208,16188944384,0.07
375.720,3207068,785108,0,3992176,13986892,208,16188944384,0.07
375.821,3207068,785108,0,3992176,13986892,208,16188944384,0.07
375.921,3207068,785108,0,3992176,13986892,208,16188944384,0.07
376.022,3207068,785108,0,3992176,13986892,208,16188944384,0.07
376.122,3207068,785108,0,3992176,13986892,208,16188944384,0.07
376.222,3207068,785108,0,3992176,13986892,208,16188944384,0.07
376.323,3207068,785108,0,3992176,13986892,208,16188944384,0.07
376.423,3207068,785108,0,3992176,13986892,208,16188944384,0.07
376.524,3207068,785108,0,3992176,13986892,208,16188944384,0.07
376.624,3207068,785108,0,3992176,13986892,208,16188944384,0.07
376.724,3207068,785108,0,3992176,13986892,208,16188944384,0.07
376.825,3207068,785108,0,3992176,13986892,208,16188944384,0.07
376.925,3207068,785108,0,3992176,13986892,208,16188944384,0.07
377.026,3207068,785108,0,3992176,13986892,208,16188944384,0.07
377.126,3207068,785108,0,3992176,13986892,208,16188944384,0.07
377.226,3207068,785108,0,3992176,13986892,208,16188944384,0.07
377.327,3207068,785108,0,3992176,13986892,208,16188944384,0.07
377.427,3207068,785108,0,3992176,13986892,208,16188944384,0.07
377.528,3207068,785108,0,3992176,13986892,208,16188944384,0.07
377.628,3207068,785108,0,3992176,13986892,208,16188944384,0.06
377.729,3207068,785108,0,3992176,13986892,208,16188944384,0.06
377.829,3207068,785108,0,3992176,13986892,208,16188944384,0.06
377.929,3207068,785108,0,3992176,13986892,208,16188944384,0.06
378.030,3207068,785108,0,3992176,13986892,208,16188944384,0.06
378.130,3207068,785108,0,3992176,13986892,208,16188944384,0.06
378.231,3207068,785108,0,3992176,13986892,208,16188944384,0.06
378.331,3207068,785108,0,3992176,13986892,208,16188944384,0.06
378.432,3207068,785108,0,3992176,13986892,208,16188944384,0.06
378.532,3207068,785108,0,3992176,13986892,208,16188944384,0.06
378.632,3207068,785108,0,3992176,13986892,208,16188944384,0.06
378.733,3207068,785108,0,3992176,13986892,208,16188944384,0.06
378.833,3207068,785108,0,3992176,13986892,208,16188944384,0.06
378.934,3207068,785108,0,3992176,13986892,208,16188944384,0.06
379.034,3207068,785108,0,3992176,13986892,208,16188944384,0.06
379.135,3207068,785108,0,3992176,13986892,208,16188944384,0.06
379.235,3207068,785108,0,3992176,13986892,208,16188944384,0.06
379.335,3207068,785108,0,3992176,13986892,208,16188944384,0.06
379.436,3207068,785108,0,3992176,13986892,208,16188944384,0.06
379.536,3207068,785108,0,3992176,13986892,208,16188944384,0.06
379.637,3207068,785108,0,3992176,13986892,208,16188944384,0.05
379.737,3207068,785108,0,3992176,13986892,208,16188944384,0.05
379.838,3207068,785108,0,3992176,13986892,208,16188944384,0.05
379.938,3207068,785108,0,3992176,13986892,208,16188944384,0.05
380.039,3207068,785108,0,3992176,13986892,208,16188944384,0.05
380.139,3207068,785108,0,3992176,13986892,208,16188944384,0.05
380.239,3207068,785108,0,3992176,13986892,208,16188944384,0.05
380.340,3207068,785108,0,3992176,13986892,208,16188944384,0.05
380.441,3207068,785108,0,3992176,13986892,208,16188944384,0.05
380.541,3207068,785108,0,3992176,13986892,208,16188944384,0.05
380.641,3207068,785108,0,3992176,13986892,208,16188944384,0.05
380.742,3207068,785108,0,3992176,13986892,208,16188944384,0.05
380.842,3207068,785108,0,3992176,13986892,208,16188944384,0.05
380.943,3207068,785108,0,3992176,13986892,208,16188944384,0.05
381.043,3207068,785108,0,3992176,13986892,208,16188944384,0.05
381.144,3207068,785108,0,3992176,13986892,208,16188944384,0.05
381.244,3207068,785108,0,3992176,13986892,208,16188944384,0.05
381.345,3207068,785108,0,3992176,13986892,208,16188944384,0.05
381.445,3207068,785108,0,3992176,13986892,208,16188944384,0.05
381.546,3207068,785108,0,3992176,13986892,208,16188944384,0.05
381.646,3207068,785108,0,3992176,13986892,208,16188944384,0.04
381.747,3207068,785108,0,3992176,13986892,208,16188944384,0.04
381.848,3207068,785108,0,3992176,13986892,208,16188944384,0.04
381.949,3207068,785108,0,3992176,13986892,208,16188944384,0.04
382.049,3207068,785108,0,3992176,13986892,208,16188944384,0.04
382.150,3207068,785108,0,3992176,13986892,208,16188944384,0.04
382.250,3207068,785108,0,3992176,13986892,208,16188944384,0.04
382.352,3207068,785108,0,3992176,13986892,208,16188944384,0.04
382.453,3207068,785108,0,3992176,13986892,208,16188944384,0.04
382.554,3207068,785108,0,3992176,13986892,208,16188944384,0.04
382.655,3207068,785108,0,3992176,13986892,208,16188944384,0.04
382.756,3207068,785108,0,3992176,13986892,208,16188944384,0.04
382.857,3207068,785108,0,3992176,13986892,208,16188944384,0.04
382.957,3207068,785108,0,3992176,13986892,208,16188944384,0.04
383.057,3207068,785108,0,3992176,13986892,208,16188944384,0.04
383.158,3207068,785108,0,3992176,13986892,208,16188944384,0.04
383.259,3207068,785108,0,3992176,13986892,208,16188944384,0.04
383.359,3207068,785108,0,3992176,13986892,208,16188944384,0.04
383.460,3207068,785108,0,3992176,13986892,208,16188944384,0.04
383.560,3207068,785108,0,3992176,13986892,208,16188944384,0.04
383.661,3207068,785108,0,3992176,13986892,208,16188944384,0.03
383.761,3207068,785108,0,3992176,13986892,208,16188944384,0.03
383.862,3207068,785108,0,3992176,13986892,208,16188944384,0.03
383.962,3207068,785108,0,3992176,13986892,208,16188944384,0.03
384.063,3207068,785108,0,3992176,13986892,208,16188944384,0.03
384.163,3207068,785108,0,3992176,13986892,208,16188944384,0.03
384.264,3207068,785108,0,3992176,13986892,208,16188944384,0.03
384.365,3207068,785108,0,3992176,13986892,208,16188944384,0.03
384.465,3207068,785108,0,3992176,13986892,208,16188944384,0.03
384.566,3207068,785108,0,3992176,13986892,208,16188944384,0.03
384.666,3207068,785108,0,3992176,13986892,208,16188944384,0.03
384.767,3207068,785108,0,3992176,13986892,208,16188944384,0.03
384.868,3207068,785108,0,3992176,13986892,208,16188944384,0.03
384.968,3207068,785108,0,3992176,13986892,208,16188944384,0.03
385.069,3207068,785108,0,3992176,13986892,208,16188944384,0.03
385.170,3207068,785108,0,3992176,13986892,208,16188944384,0.03
385.270,3207068,785108,0,3992176,13986892,208,16188944384,0.03
385.371,3207068,785108,0,3992176,13986892,208,16188944384,0.03
385.471,3207068,785108,0,3992176,13986892,208,16188944384,0.03
385.572,3207068,785108,0,3992176,13986892,208,16188944384,0.03
385.672,3207068,785108,0,3992176,13986892,208,16188944384,0.02
385.773,3207068,785108,0,3992176,13986892,208,16188944384,0.02
385.874,3207068,785108,0,3992176,13986892,208,16188944384,0.02
385.974,3207068,785108,0,3992176,13986892,208,16188944384,0.02
386.075,3207068,785108,0,3992176,13986892,208,16188944384,0.02
386.175,3207068,785108,0,3992176,13986892,208,16188944384,0.02
386.275,3207068,785108,0,3992176,13986892,208,16188944384,0.02
386.376,3207068,785108,0,3992176,13986892,208,16188944384,0.02
386.476,3207068,785108,0,3992176,13986892,208,16188944384,0.02
386.577,3207068,785108,0,3992176,13986892,208,16188944384,0.02
386.678,3207068,785108,0,3992176,13986892,208,16188944384,0.02
386.778,3207068,785108,0,3992176,13986892,208,16188944384,0.02
386.878,3207068,785108,0,3992176,13986892,208,16188944384,0.02
386.979,3207068,785108,0,3992176,13986892,208,16188944384,0.02
387.079,3207068,785108,0,3992176,13986892,208,16188944384,0.02
387.180,3207068,785108,0,3992176,13986892,208,16188944384,0.02
387.281,3207068,785108,0,3992176,13986892,208,16188944384,0.02
387.381,3207068,785108,0,3992176,13986892,208,16188944384,0.02
387.482,3207068,785108,0,3992176,13986892,208,16188944384,0.02
387.582,3207068,785108,0,3992176,13986892,208,16188944384,0.02
387.683,3207068,785108,0,3992176,13986892,208,16188944384,0.02
387.783,3207068,785108,0,3992176,13986892,208,16188944384,0.02
387.884,3207068,785108,0,3992176,13986892,208,16188944384,0.02
387.984,3207068,785108,0,3992176,13986892,208,16188944384,0.02
388.085,3207068,785108,0,3992176,13986892,208,16188944384,0.02
388.185,3207068,785108,0,3992176,13986892,208,16188944384,0.02
388.286,3207068,785108,0,3992176,13986892,208,16188944384,0.02
388.386,3207068,785108,0,3992176,13986892,208,16188944384,0.02
388.487,3207068,785108,0,3992176,13986892,208,16188944384,0.02
388.587,3207068,785108,0,3992176,13986892,208,16188944384,0.02
388.688,3207068,785108,0,3992176,13986892,208,16188944384,0.02
388.788,3207068,785108,0,3992176,13986892,208,16188944384,0.02
388.889,3207068,785108,0,3992176,13986892,208,16188944384,0.02
388.989,3207068,785108,0,3992176,13986892,208,16188944384,0.02
389.090,3207068,785108,0,3992176,13986892,208,16188944384,0.02
389.190,3207068,785108,0,3992176,13986892,208,16188944384,0.02
389.291,3207068,785108,0,3992176,13986892,208,16188944384,0.02
389.391,3207068,785108,0,3992176,13986892,208,16188944384,0.02
389.492,3207068,785108,0,3992176,13986892,208,16188944384,0.02
389.592,3207068,785108,0,3992176,13986892,208,16188944384,0.02
389.693,3207068,785108,0,3992176,13986892,208,16188944384,0.01
389.793,3207068,785108,0,3992176,13986892,208,16188944384,0.01
389.894,3207068,785108,0,3992176,13986892,208,16188944384,0.01
389.994,3207068,785108,0,3992176,13986892,208,16188944384,0.01
390.095,3207068,785108,0,3992176,13986892,208,16188944384,0.01
390.195,3207068,785108,0,3992176,13986892,208,16188944384,0.01
390.296,3207068,785108,0,3992176,13986892,208,16188944384,0.01
390.396,3207068,785108,0,3992176,13986892,208,16188944384,0.01
390.497,3207068,785108,0,3992176,13986892,208,16188944384,0.01
390.597,3207068,785108,0,3992176,13986892,208,16188944384,0.01
390.698,3207068,785108,0,3992176,13986892,208,16188944384,0.01
390.798,3207068,785108,0,3992176,13986892,208,16188944384,0.01
390.900,3207068,785108,0,3992176,13986892,208,16188944384,0.01
391.000,3207068,785108,0,3992176,13986892,208,16188944384,0.01
391.101,3207068,785108,0,3992176,13986892,208,16188944384,0.01
391.201,3207068,785108,0,3992176,13986892,208,16188944384,0.01
391.301,3207068,785108,0,3992176,13986892,208,16188944384,0.01
391.402,3207068,785108,0,3992176,13986892,208,16188944384,0.01
391.502,3207068,785108,0,3992176,13986892,208,16188944384,0.01
391.603,3207068,785108,0,3992176,13986892,208,16188944384,0.01
391.703,3207068,785108,0,3992176,13986892,208,16188944384,0.01
391.804,3207068,785108,0,3992176,13986892,208,16188944384,0.01
391.904,3207068,785108,0,3992176,13986892,208,16188944384,0.01
392.005,3207068,785108,0,3992176,13986892,208,16188944384,0.01
392.106,3207068,785108,0,3992176,13986892,208,16188944384,0.01
392.207,3207068,785108,0,3992176,13986892,208,16188944384,0.01
392.308,3207068,785108,0,3992176,13986892,208,16188944384,0.01
392.410,3207068,785108,0,3992176,13986892,208,16188944384,0.01
392.510,3207068,785108,0,3992176,13986892,208,16188944384,0.01
392.612,3207068,785108,0,3992176,13986892,208,16188944384,0.01
392.712,3207068,785108,0,3992176,13986892,208,16188944384,0.01
392.813,3207068,785108,0,3992176,13986892,208,16188944384,0.01
392.913,3207068,785108,0,3992176,13986892,208,16188944384,0.01
393.013,2587676,785108,0,3372784,13986892,208,16188944384,0.01
393.117,2227096,628616,0,2855712,13986892,209,16258752512,0.01
393.218,2227096,628616,0,2855712,13986892,209,16413618176,0.01
393.318,2227096,628616,0,2855712,13986892,209,16413618176,0.01
393.419,2227096,628616,0,2855712,13986892,209,16413618176,0.01
393.520,2227096,628616,0,2855712,13986892,209,16413618176,0.01
393.621,2227096,628616,0,2855712,13986892,209,16413618176,0.01
393.721,2227096,628616,0,2855712,13986892,209,16413618176,2.36
393.821,2227096,628616,0,2855712,13986892,209,16413618176,2.36
393.922,2227096,628616,0,2855712,13986892,209,16413618176,2.36
394.023,2227096,628616,0,2855712,13986892,209,16413618176,2.36
394.124,2227096,628616,0,2855712,13986892,209,16413618176,2.36
394.225,2227096,628616,0,2855712,13986892,209,16413618176,2.36
394.325,2227096,628616,0,2855712,13986892,209,16413618176,2.36
394.426,2227096,628616,0,2855712,13986892,209,16413618176,2.36
394.527,2227096,628616,0,2855712,13986892,209,16413618176,2.36
394.628,2227096,628616,0,2855712,13986892,209,16413618176,2.36
394.728,2227096,628616,0,2855712,13986892,209,16413618176,2.36
394.829,2227096,628616,0,2855712,13986892,209,16413618176,2.36
394.929,2227096,628616,0,2855712,13986892,209,16413618176,2.36
395.029,2227096,628616,0,2855712,13986892,209,16413618176,2.36
