t,RssAnon,RssFile,RssShmem,VmRSS,VmHWM,majflt,read_bytes,psi_io_full
0.001,12,0,0,12,12,0,1818624,2.36
0.101,8832,12224,0,21056,21544,1,6578176,2.36
0.202,8828,12224,0,21052,21544,1,6578176,2.36
0.302,73336,12656,0,85992,85992,1,6578176,2.36
0.402,88012,12912,0,100924,146884,1,6578176,2.36
0.503,103968,13096,0,117064,174380,1,6578176,1.93
0.603,111776,13096,0,124872,174380,1,6578176,1.93
0.703,112452,13096,0,125548,174380,1,6578176,1.93
0.804,112452,13096,0,125548,174380,1,6578176,1.93
0.904,112452,13096,0,125548,174380,1,6578176,1.93
1.004,112452,13096,0,125548,174380,1,6578176,1.93
1.105,112776,13096,0,125872,174380,1,6578176,1.93
1.205,113152,13096,0,126248,174380,1,6578176,1.93
1.305,117148,13096,0,130244,174380,1,6578176,1.93
1.406,117148,13096,0,130244,174380,1,6578176,1.93
1.506,117148,13096,0,130244,174380,1,6578176,1.93
1.607,117148,13096,0,130244,174380,1,6578176,1.93
1.707,117148,13096,0,130244,174380,1,6578176,1.93
1.807,117148,13096,0,130244,174380,1,6578176,1.93
1.908,117148,13096,0,130244,174380,1,6578176,1.93
2.008,117148,13096,0,130244,174380,1,6578176,1.93
2.108,117148,13096,0,130244,174380,1,6578176,1.93
2.209,117148,13096,0,130244,174380,1,6578176,1.93
2.309,117560,13096,0,130656,174380,1,6578176,1.93
2.409,117560,13096,0,130656,174380,1,6578176,1.93
2.510,117560,13096,0,130656,174380,1,6578176,1.58
2.610,117560,13096,0,130656,174380,1,6578176,1.58
2.710,117560,13096,0,130656,174380,1,6578176,1.58
2.811,117560,13096,0,130656,174380,1,6578176,1.58
2.911,117560,13096,0,130656,174380,1,6578176,1.58
3.012,117560,13096,0,130656,174380,1,6578176,1.58
3.112,117560,13096,0,130656,174380,1,6578176,1.58
3.212,117560,13096,0,130656,174380,1,6578176,1.58
3.313,117560,13096,0,130656,174380,1,6578176,1.58
3.413,117932,13224,0,131156,174380,1,6578176,1.58
3.514,148600,13224,0,161824,174380,1,6578176,1.58
3.614,169704,13224,0,182928,182928,1,6578176,1.58
3.714,191016,13224,0,204240,204240,1,6578176,1.58
3.815,215148,13224,0,228372,228372,1,6578176,1.58
3.915,234400,13224,0,247624,247624,1,6578176,1.58
4.016,258100,13224,0,271324,271324,1,6578176,1.58
4.116,278068,13224,0,291292,291292,1,6578176,1.58
4.216,301580,13224,0,314804,314804,1,6578176,1.58
4.317,322512,13224,0,335736,335736,1,6578176,1.58
4.417,346712,13224,0,359936,359936,1,6578176,1.29
4.517,368208,13224,0,381432,381432,1,6578176,1.29
4.618,390124,13224,0,403348,403348,1,6578176,1.29
4.718,412992,13224,0,426216,426216,1,6578176,1.29
4.818,432188,13224,0,445412,445412,1,6578176,1.29
4.919,453708,13224,0,466932,466932,1,6578176,1.29
5.019,477516,13224,0,490740,490740,1,6578176,1.29
5.120,497456,13224,0,510680,510680,1,6578176,1.29
5.220,521392,13224,0,534616,534616,1,6578176,1.29
5.320,542544,13224,0,555768,555768,1,6578176,1.29
5.421,565476,13224,0,578700,578700,1,6578176,1.29
5.521,587328,13224,0,600552,600552,1,6578176,1.29
5.622,608020,13224,0,621244,621244,1,6578176,1.29
5.722,632520,13224,0,645744,645744,1,6578176,1.29
5.822,652260,13224,0,665484,665484,1,6578176,1.29
5.923,675988,13224,0,689212,689212,1,6578176,1.29
6.023,695956,13224,0,709180,709180,1,6578176,1.29
6.124,717296,13224,0,730520,730520,1,6578176,1.29
6.224,738440,13224,0,751664,751664,1,6578176,1.29
6.324,760720,13224,0,773944,773944,1,6578176,1.29
6.425,781960,13224,0,795184,795184,1,6578176,1.06
6.525,804936,13224,0,818160,818160,1,6578176,1.06
6.625,825020,13224,0,838244,838244,1,6578176,1.06
6.726,838324,13224,0,851548,851548,1,6578176,1.06
6.826,838324,13224,0,851548,851548,1,6578176,1.06
6.926,838324,13224,0,851548,851548,1,6578176,1.06
7.027,124260,13288,0,137548,850892,1,6578176,1.06
7.127,143512,13288,0,156800,850892,1,6578176,1.06
7.228,164504,13288,0,177792,850892,1,6578176,1.06
7.328,185584,13288,0,198872,850892,1,6578176,1.06
7.428,208496,13288,0,221784,850892,1,6578176,1.06
7.529,230024,13288,0,243312,850892,1,6578176,1.06
7.629,248976,13288,0,262264,850892,1,6578176,1.06
7.729,271700,13288,0,284988,850892,1,6578176,1.06
7.830,292548,13288,0,305836,850892,1,6578176,1.06
7.930,312732,13288,0,326020,850892,1,6578176,1.06
8.031,333736,13288,0,347024,850892,1,6578176,1.06
8.131,355028,13288,0,368316,850892,1,6578176,1.06
8.231,375496,13288,0,388784,850892,1,6578176,1.06
8.332,397512,13288,0,410800,850892,1,6578176,1.06
8.432,417516,13288,0,430804,850892,1,6578176,0.87
8.533,436456,13288,0,449744,850892,1,6578176,0.87
8.633,457948,13288,0,471236,850892,1,6578176,0.87
8.733,478564,13288,0,491852,850892,1,6578176,0.87
8.834,502396,13288,0,515684,850892,1,6578176,0.87
8.934,522892,13288,0,536180,850892,1,6578176,0.87
9.035,542564,13288,0,555852,850892,1,6578176,0.87
9.135,561400,13288,0,574688,850892,1,6578176,0.87
9.235,582108,13288,0,595396,850892,1,6578176,0.87
9.336,602936,13288,0,616224,850892,1,6578176,0.87
9.436,623992,13288,0,637280,850892,1,6578176,0.87
9.537,645084,13288,0,658372,850892,1,6578176,0.87
9.637,666756,13288,0,680044,850892,1,6578176,0.87
9.737,685140,13288,0,698428,850892,1,6578176,0.87
9.838,704164,13288,0,717452,850892,1,6578176,0.87
9.938,725152,13288,0,738440,850892,1,6578176,0.87
10.038,745256,13288,0,758544,850892,1,6578176,0.87
10.139,765100,13288,0,778388,850892,1,6578176,0.87
10.239,786004,13288,0,799292,850892,1,6578176,0.87
10.339,804956,13288,0,818244,850892,1,6578176,0.87
10.440,825040,13288,0,838328,850892,1,6578176,0.71
10.540,850480,13288,0,863768,863768,1,6578176,0.71
10.641,1020328,13288,0,1033616,1033616,1,6578176,0.71
10.741,1188320,13288,0,1201608,1201608,1,6578176,0.71
10.842,1357044,13288,0,1370332,1370332,1,6578176,0.71
10.942,1514572,13288,0,1527860,1527860,1,6578176,0.71
11.043,1557440,13288,0,1570728,1570728,1,6578176,0.71
11.144,1557440,13288,0,1570728,1570728,1,6578176,0.71
11.248,1557464,13288,0,1570752,1570752,1,6578176,0.71
11.348,1557496,13288,0,1570784,1570784,1,6578176,0.71
11.448,1596544,13288,0,1609832,1609832,1,6578176,0.71
11.549,1738248,13288,0,1751536,1751536,1,6578176,0.71
11.649,1880340,13288,0,1893628,1893628,1,6578176,0.71
11.750,1259252,13288,0,1272540,1968520,1,6578176,0.71
11.850,623144,13288,0,636432,1968520,1,6578176,0.71
11.950,715328,13288,0,728616,1968520,1,6578176,0.71
12.051,882836,13288,0,896124,1968520,1,6578176,0.71
12.152,746012,52200,0,798212,1968520,3,6578176,0.71
12.252,609392,140824,0,750216,1968520,5,6578176,0.71
12.356,609408,169672,0,779080,1968520,5,6578176,0.71
12.456,609420,169672,0,779092,1968520,5,6578176,0.58
12.557,694060,169672,0,863732,1968520,5,6578176,0.58
12.657,783696,169672,0,953368,1968520,5,6578176,0.58
12.759,804736,169672,0,974408,1968520,5,6578176,0.58
12.860,948864,169672,0,1118536,1968520,5,6578176,0.58
12.960,1062300,169672,0,1231972,1968520,5,6578176,0.58
13.061,1126352,169672,0,1296024,1968520,5,6578176,0.58
13.161,1160280,169672,0,1329952,1968520,5,6578176,0.58
13.262,1188512,169672,0,1358184,1968520,5,6578176,0.58
13.362,1116652,169672,0,1286324,1968520,5,6578176,0.58
13.463,1027316,169672,0,1196988,1968520,5,6578176,0.58
13.563,1027316,169672,0,1196988,1968520,5,6578176,0.58
13.664,1027316,169672,0,1196988,1968520,5,6578176,0.58
13.764,897168,169736,0,1066904,1968520,5,6578176,0.58
13.865,918916,169736,0,1088652,1968520,5,6578176,0.58
13.965,921056,169736,0,1090792,1968520,5,6578176,0.58
14.066,921076,169736,0,1090812,1968520,5,6578176,0.58
14.166,921100,169736,0,1090836,1968520,5,6578176,0.58
14.267,921104,169736,0,1090840,1968520,5,6578176,0.58
14.367,921108,169736,0,1090844,1968520,5,6578176,0.58
14.467,921144,169736,0,1090880,1968520,5,6578176,0.47
14.568,921160,169736,0,1090896,1968520,5,6578176,0.47
14.668,921196,169736,0,1090932,1968520,5,6578176,0.47
14.769,921224,169736,0,1090960,1968520,5,6578176,0.47
14.869,921232,169736,0,1090968,1968520,5,6578176,0.47
14.970,921252,169736,0,1090988,1968520,5,6578176,0.47
15.070,921300,169736,0,1091036,1968520,5,6578176,0.47
15.171,921316,169736,0,1091052,1968520,5,6578176,0.47
15.271,921320,169736,0,1091056,1968520,5,6578176,0.47
15.372,921324,169736,0,1091060,1968520,5,6578176,0.47
15.472,921328,169736,0,1091064,1968520,5,6578176,0.47
15.573,921332,169736,0,1091068,1968520,5,6578176,0.47
15.674,921332,169736,0,1091068,1968520,5,6578176,0.47
15.774,921332,169736,0,1091068,1968520,5,6578176,0.47
15.875,921332,169736,0,1091068,1968520,5,6578176,0.47
15.975,921332,169736,0,1091068,1968520,5,6578176,0.47
16.076,921332,169736,0,1091068,1968520,5,6578176,0.47
16.176,921332,169736,0,1091068,1968520,5,6578176,0.47
16.277,921332,169736,0,1091068,1968520,5,6578176,0.47
16.378,921332,169736,0,1091068,1968520,5,6578176,0.47
16.478,921332,169736,0,1091068,1968520,5,6578176,0.39
16.579,921332,169736,0,1091068,1968520,5,6578176,0.39
16.679,921332,169736,0,1091068,1968520,5,6578176,0.39
16.780,921332,169736,0,1091068,1968520,5,6578176,0.39
16.880,921332,169736,0,1091068,1968520,5,6578176,0.39
16.981,921332,169736,0,1091068,1968520,5,6578176,0.39
17.082,921344,169736,0,1091080,1968520,5,6578176,0.39
17.182,921352,169736,0,1091088,1968520,5,6578176,0.39
17.282,921548,169736,0,1091284,1968520,5,6578176,0.39
17.383,921616,169736,0,1091352,1968520,5,6578176,0.39
17.483,921616,169736,0,1091352,1968520,5,6578176,0.39
17.584,921616,169736,0,1091352,1968520,5,6578176,0.39
17.684,366788,91672,0,458460,1968520,5,6578176,0.39
17.785,374100,91992,0,466092,1968520,5,6578176,0.39
17.885,399684,91992,0,491676,1968520,5,6578176,0.39
17.986,426028,91992,0,518020,1968520,5,6578176,0.39
18.086,452272,91992,0,544264,1968520,5,6578176,0.39
18.187,478560,91992,0,570552,1968520,5,6578176,0.39
18.288,504492,91992,0,596484,1968520,5,6578176,0.39
18.388,530564,91992,0,622556,1968520,5,6578176,0.39
18.489,550276,92312,0,642588,1968520,5,6578176,0.86
18.589,550276,92560,0,642836,1968520,5,6578176,0.86
18.690,550276,92560,0,642836,1968520,5,6578176,0.86
18.790,550276,92560,0,642836,1968520,5,6578176,0.86
18.891,550276,92560,0,642836,1968520,5,6578176,0.86
18.991,550276,92560,0,642836,1968520,5,6578176,0.86
19.092,400900,92752,0,493652,1968520,5,34525184,0.86
19.192,410056,116080,0,526136,1968520,29,57962496,0.86
19.292,405980,112092,0,518072,1968520,37,82309120,0.86
19.393,429132,170012,0,599144,1968520,39,103198720,0.86
19.493,464540,119872,0,584412,1968520,41,126267392,0.86
19.594,463728,148864,0,612592,1968520,41,155627520,0.86
19.695,421492,214760,0,636252,1968520,41,176599040,0.86
19.796,436168,149488,0,585656,1968520,42,191279104,0.86
19.896,472980,155304,0,628284,1968520,42,214347776,0.86
19.997,431060,193072,0,624132,1968520,44,237416448,0.86
20.097,429312,255852,0,685164,1968520,44,237416448,0.86
20.198,483676,296412,0,780088,1968520,44,268873728,0.86
20.299,467440,323288,0,790728,1968520,44,291942400,0.86
20.399,445108,351760,0,796868,1968520,45,304525312,0.86
20.500,432660,410648,0,843308,1968520,45,319205376,0.7
20.600,433684,199908,0,633592,1968520,46,342274048,0.7
20.701,434712,250636,0,685348,1968520,46,361091072,0.7
20.801,435736,298228,0,733964,1968520,46,381280256,0.7
20.902,438196,350684,0,788880,1968520,46,417918976,0.7
21.003,443316,391328,0,834644,1968520,48,429887488,0.7
21.103,447412,389856,0,837268,1968520,49,449228800,0.7
21.204,448440,445320,0,893760,1968520,49,472297472,0.7
21.304,449472,488304,0,937776,1968520,49,491171840,0.7
21.405,451540,558332,0,1009872,1968520,49,510046208,0.7
21.505,452576,617544,0,1070120,1968520,49,547815424,0.7
21.606,453604,672304,0,1125908,1968520,49,579256320,0.7
21.706,511584,1335152,0,1846736,1968520,59,598786048,0.7
21.806,511584,1476332,0,1987916,1987916,59,598786048,0.7
21.907,511584,1539496,0,2051080,2051080,59,598786048,0.7
22.007,511584,1576212,0,2087796,2087796,59,598786048,0.7
22.108,511584,1616188,0,2127772,2127772,59,598786048,0.7
22.209,511584,1637924,0,2149508,2149508,59,598786048,0.7
22.309,464264,1637924,0,2102188,2148356,59,623575040,0.7
22.410,458192,1637924,0,2096116,2151436,59,638648320,0.7
22.510,513128,1637924,0,2151052,2151436,59,670105600,0.57
22.610,489400,1637924,0,2127324,2151436,59,692846592,0.57
22.711,464156,1637924,0,2102080,2151436,59,715915264,0.57
22.811,458192,1637924,0,2096116,2154864,59,738983936,0.57
22.912,518292,1637924,0,2156216,2156216,59,776208384,0.57
23.012,491208,1637924,0,2129132,2158816,59,792985600,0.57
23.112,462748,1637924,0,2100672,2158816,59,820248576,0.57
23.213,458192,1637924,0,2096116,2158816,59,830734336,0.57
23.313,512320,1637924,0,2150244,2158816,59,868483072,0.57
23.414,482416,1637924,0,2120340,2158816,59,891551744,0.57
23.514,458440,1637924,0,2096364,2158816,59,919863296,0.57
23.615,459212,1637924,0,2097136,2158816,59,947126272,0.57
23.715,520360,1637924,0,2158284,2158816,59,978583552,0.57
23.815,502872,1637924,0,2140796,2159452,59,1001652224,0.57
23.916,477752,1637924,0,2115676,2159512,59,1026838528,0.57
24.016,459212,1637924,0,2097136,2159580,59,1042247680,0.57
24.117,521552,1652260,0,2173812,2173812,59,1069371392,0.57
24.217,509644,1654308,0,2163952,2174812,59,1114198016,0.57
24.318,459356,1707556,0,2166912,2219212,59,1126842368,0.57
24.419,521636,1760804,0,2282440,2282440,59,1149911040,0.57
24.519,514040,1768996,0,2283036,2289628,59,1185562624,0.65
24.620,459356,785956,0,1245312,2304996,60,1191854080,0.65
24.720,525372,796196,0,1321568,2304996,60,1223311360,0.65
24.821,473724,851492,0,1325216,2304996,60,1241137152,0.65
24.921,524272,902692,0,1426964,2304996,60,1243234304,0.65
25.022,494428,917028,0,1411456,2304996,60,1280983040,0.65
25.122,459356,980532,0,1439888,2304996,60,1285177344,0.65
25.223,459356,982612,0,1441968,2304996,60,1293107200,0.65
25.324,459356,994900,0,1454256,2304996,60,1316175872,0.65
25.425,459356,1037908,0,1497264,2304996,60,1320370176,0.65
25.525,459356,941148,0,1400504,2304996,61,1335050240,0.65
25.625,511484,986996,0,1498480,2304996,61,1366507520,0.65
25.726,510584,1001332,0,1511916,2304996,61,1388040192,0.65
25.826,460168,1072164,0,1532332,2304996,61,1424760832,0.65
25.927,515292,2219132,0,2734424,2734424,61,1440227328,0.65
26.027,515292,2245964,0,2761256,2761256,61,1440227328,0.65
26.128,515292,2247696,0,2762988,2762988,61,1440227328,0.65
26.228,515292,2247884,0,2763176,2763176,61,1440227328,0.65
26.329,515292,2247884,0,2763176,2763176,61,1440227328,0.65
26.429,459356,2249272,0,2708628,2763436,61,1441665024,0.65
26.529,526932,2249272,0,2776204,2776204,61,1465782272,0.53
26.630,459360,2249272,0,2708632,2774956,61,1501138944,0.53
26.730,527912,2249272,0,2777184,2777184,61,1515819008,0.53
26.831,503176,2249272,0,2752448,2775980,61,1545375744,0.53
26.931,460824,2249272,0,2710096,2776296,61,1578930176,0.53
27.032,525020,2249272,0,2774292,2776296,61,1593610240,0.53
27.132,508560,2249272,0,2757832,2776296,61,1622970368,0.53
27.233,488836,2249272,0,2738108,2776296,61,1648136192,0.53
27.333,460824,2249272,0,2710096,2776296,61,1667010560,0.53
27.434,526684,2249272,0,2775956,2776296,61,1706856448,0.53
27.534,513992,2249272,0,2763264,2776296,61,1738313728,0.53
27.635,460824,2249272,0,2710096,2777728,61,1746702336,0.53
27.735,466852,2249272,0,2716124,2777728,61,1778159616,0.53
27.836,460824,2249272,0,2710096,2777728,61,1809616896,0.53
27.936,460824,2249272,0,2710096,2777728,61,1836879872,0.53
28.036,529688,2249272,0,2778960,2778960,61,1868337152,0.53
28.137,501160,2249272,0,2750432,2777876,61,1891405824,0.53
28.238,507700,2249272,0,2756972,2777876,61,1921134592,0.53
28.338,463968,2249272,0,2713240,2777876,61,1952591872,0.53
28.439,460824,2249272,0,2710096,2777876,61,1973821440,0.53
28.539,530212,2249272,0,2779484,2779484,61,2010451968,0.62
28.640,512092,2249272,0,2761364,2778388,61,2045210624,0.62
28.740,438612,2249272,0,2687884,2783380,61,2064306176,0.62
28.841,431876,2249272,0,2681148,2783380,61,2099826688,0.62
28.941,437856,2249272,0,2687128,2783380,61,2130890752,0.62
29.042,507904,2249272,0,2757176,2783380,61,2170736640,0.62
29.143,482608,2249272,0,2731880,2783380,61,2193805312,0.62
29.243,482156,2249272,0,2731428,2783380,61,2218651648,0.62
29.344,476172,2249272,0,2725444,2783380,61,2248011776,0.62
29.444,449920,2273848,0,2723768,2791464,61,2271080448,0.62
29.545,511556,2273848,0,2785404,2791464,61,2302537728,0.62
29.646,450060,2343480,0,2793540,2862056,61,2315120640,0.62
29.747,521916,2347576,0,2869492,2869492,61,2346577920,0.62
29.847,457664,2417208,0,2874872,2938100,61,2354966528,0.62
29.948,522668,2439736,0,2962404,2962404,61,2386423808,0.62
30.049,481508,2488888,0,2970396,3010648,61,2415783936,0.62
30.149,522416,2552376,0,3074792,3074792,61,2430464000,0.62
30.250,495748,2562616,0,3058364,3084120,61,2461921280,0.62
30.350,450060,2634296,0,3084356,3155800,61,2474504192,0.62
30.451,514072,2634296,0,3148368,3155800,61,2514350080,0.62
30.551,450060,2712120,0,3162180,3235340,61,2526752768,0.5
30.652,523260,2716216,0,3239476,3239476,61,2558210048,0.5
30.752,469216,2791992,0,3261208,3314316,61,2577682432,0.5
30.853,524624,2839736,0,3364360,3364360,61,2594619392,0.5
30.954,485784,2874552,0,3360336,3398284,61,2635059200,0.5
31.054,527716,2874556,0,3402272,3402272,61,2657669120,0.5
31.155,527716,2874556,0,3402272,3402272,61,2657669120,0.5
31.255,527716,2874556,0,3402272,3402272,61,2657669120,0.5
31.356,527716,2874556,0,3402272,3402272,61,2657669120,0.5
31.456,527716,2874556,0,3402272,3402272,61,2657669120,0.5
31.557,527716,2874556,0,3402272,3402272,61,2657669120,0.5
31.657,527716,2874556,0,3402272,3402272,61,2657669120,0.5
31.757,453364,2874556,0,3327920,3401356,61,2657669120,0.5
31.858,510528,2874556,0,3385084,3401356,61,2657669120,0.5
31.958,453364,2874556,0,3327920,3401440,61,2657669120,0.5
32.058,527832,2874556,0,3402388,3402388,61,2657669120,0.5
32.159,485824,2874556,0,3360380,3401460,61,2659766272,0.5
32.259,453368,2874556,0,3327924,3401460,61,2663632896,0.5
32.360,493424,2874556,0,3367980,3405812,61,2663632896,0.5
32.460,519904,2874556,0,3394460,3405812,61,2663632896,0.5
32.560,477388,2874556,0,3351944,3406164,61,2663632896,0.41
32.661,457428,2874556,0,3331984,3406420,61,2663632896,0.41
32.761,528376,2874556,0,3402932,3406420,61,2663632896,0.41
32.861,491380,2874556,0,3365936,3407572,61,2663632896,0.41
32.962,457428,2874556,0,3331984,3407572,61,2663632896,0.41
33.062,501312,2874556,0,3375868,3407572,61,2663632896,0.41
33.163,524228,2874556,0,3398784,3407572,61,2663632896,0.41
33.263,503100,2874556,0,3377656,3407572,61,2663632896,0.41
33.363,465028,2874556,0,3339584,3407572,61,2663632896,0.41
33.464,457428,2874556,0,3331984,3407572,61,2663632896,0.41
33.564,533940,2874556,0,3408496,3408496,61,2663632896,0.41
33.664,509044,2874556,0,3383600,3407572,61,2663632896,0.41
33.765,457428,2874556,0,3331984,3407572,61,2663632896,0.41
33.865,457428,2874556,0,3331984,3407572,61,2667827200,0.41
33.966,524224,2874556,0,3398780,3407572,61,2667827200,0.41
34.066,502608,2874556,0,3377164,3407572,61,2667827200,0.41
34.166,457712,2874556,0,3332268,3408340,61,2667827200,0.41
34.267,457428,2874556,0,3331984,3408852,61,2667827200,0.41
34.367,532760,2874556,0,3407316,3408852,61,2667827200,0.41
34.468,509628,2874556,0,3384184,3409492,61,2667827200,0.41
34.568,478240,2874556,0,3352796,3409876,61,2667827200,0.33
34.668,457428,2874556,0,3331984,3409876,61,2667827200,0.33
34.769,534960,2874556,0,3409516,3409876,61,2667827200,0.33
34.869,515868,2874556,0,3390424,3409876,61,2667827200,0.33
34.970,485580,2874556,0,3360136,3409876,61,2667827200,0.33
35.070,457428,2874556,0,3331984,3409876,61,2667827200,0.33
35.170,537236,2874556,0,3411792,3411792,61,2667827200,0.33
35.271,501864,2874556,0,3376420,3410900,61,2667827200,0.33
35.371,457428,2874556,0,3331984,3410900,61,2667827200,0.33
35.471,532528,2880700,0,3413228,3413228,61,2667827200,0.33
35.572,459796,823484,0,1283280,3420500,62,2667827200,0.33
35.672,538492,832700,0,1371192,3420500,62,2667827200,0.33
35.773,459764,906428,0,1366192,3420500,62,2667827200,0.33
35.873,538524,935100,0,1473624,3420500,62,2667827200,0.33
35.973,488584,988348,0,1476932,3420500,62,2667827200,0.33
36.074,539452,1041596,0,1581048,3420500,62,2667827200,0.33
36.174,497392,1080508,0,1577900,3420500,62,2667827200,0.33
36.274,539320,1148092,0,1687412,3420500,62,2667827200,0.33
36.375,508176,1168572,0,1676748,3420500,62,2668023808,0.33
36.475,540176,3239484,0,3779660,3779660,62,2668023808,0.27
36.576,540176,3259328,0,3799504,3799504,62,2668023808,0.27
36.676,540176,3261120,0,3801296,3801296,62,2668023808,0.27
36.776,540176,3261376,0,3801552,3801552,62,2668023808,0.27
36.877,540176,3261704,0,3801880,3801880,62,2668023808,0.27
36.977,540176,3261832,0,3802008,3802008,62,2668023808,0.27
37.077,540176,3263240,0,3803416,3803416,62,2668023808,0.27
37.178,540176,3263692,0,3803868,3803868,62,2668023808,0.27
37.278,462840,3263692,0,3726532,3802992,62,2668023808,0.27
37.378,539332,3263692,0,3803024,3803024,62,2668023808,0.27
37.479,458824,3263692,0,3722516,3804392,62,2668023808,0.27
37.579,521572,3263692,0,3785264,3804392,62,2668023808,0.27
37.680,458824,3263692,0,3722516,3804392,62,2668023808,0.27
37.780,518564,3263692,0,3782256,3804392,62,2668023808,0.27
37.880,495248,3263692,0,3758940,3804392,62,2668023808,0.27
37.981,495432,3263692,0,3759124,3804392,62,2668023808,0.27
38.081,458824,3263692,0,3722516,3804392,62,2668023808,0.27
38.181,505104,3263692,0,3768796,3804392,62,2668023808,0.27
38.282,540260,3263692,0,3803952,3804392,62,2668023808,0.27
38.382,477436,3263692,0,3741128,3804520,62,2668023808,0.27
38.482,510232,3263692,0,3773924,3804520,62,2668023808,0.22
38.583,542704,3263692,0,3806396,3806396,62,2668023808,0.22
38.683,458824,3263692,0,3722516,3805544,62,2668023808,0.22
38.784,502336,3263692,0,3766028,3805544,62,2668023808,0.22
38.884,539168,3263692,0,3802860,3805544,62,2668023808,0.22
38.984,458824,3263692,0,3722516,3805544,62,2668023808,0.22
39.085,509908,3263692,0,3773600,3805544,62,2668023808,0.22
39.185,541408,3263692,0,3805100,3805544,62,2668023808,0.22
39.285,490508,3263692,0,3754200,3805544,62,2668023808,0.22
39.386,533440,3263692,0,3797132,3805544,62,2668023808,0.22
39.486,458824,3263692,0,3722516,3805544,62,2668023808,0.22
39.586,506680,3263692,0,3770372,3805544,62,2668023808,0.22
39.687,541676,3263692,0,3805368,3805544,62,2668023808,0.22
39.787,467312,3263692,0,3731004,3805544,62,2668023808,0.22
39.887,515564,3263692,0,3779256,3805544,62,2668023808,0.22
39.988,458824,3263692,0,3722516,3805672,62,2668023808,0.22
40.088,486120,3263692,0,3749812,3805672,62,2668023808,0.22
40.188,526736,3263692,0,3790428,3805672,62,2668023808,0.22
40.289,458824,3263692,0,3722516,3806184,62,2668023808,0.22
40.389,500852,3263692,0,3764544,3806184,62,2668023808,0.22
40.490,540884,3263692,0,3804576,3806184,62,2668023808,0.18
40.590,458824,3263692,0,3722516,3807208,62,2668023808,0.18
40.690,509620,3263692,0,3773312,3807208,62,2668023808,0.18
40.791,544968,3263692,0,3808660,3808660,62,2668023808,0.18
40.891,460084,3263692,0,3723776,3807848,62,2668023808,0.18
40.991,524200,3263692,0,3787892,3807848,62,2668023808,0.18
41.092,458824,3263692,0,3722516,3807848,62,2668023808,0.18
41.192,526744,3263692,0,3790436,3807848,62,2668023808,0.18
41.293,458824,3263692,0,3722516,3807848,62,2668023808,0.18
41.393,500264,3263692,0,3763956,3807848,62,2668023808,0.18
41.493,536448,3263692,0,3800140,3807848,62,2668023808,0.18
41.594,458824,3263692,0,3722516,3807848,62,2668023808,0.18
41.694,540400,3263692,0,3804092,3807848,62,2668023808,0.18
41.794,509588,3263692,0,3773280,3807848,62,2668023808,0.18
41.895,458824,3263692,0,3722516,3808360,62,2668023808,0.18
41.995,541244,3263692,0,3804936,3808360,62,2668023808,0.18
42.096,510816,3263692,0,3774508,3808360,62,2668023808,0.18
42.196,458824,3263692,0,3722516,3808360,62,2668023808,0.18
42.296,519880,3263692,0,3783572,3808360,62,2668023808,0.18
42.397,458824,3263692,0,3722516,3808360,62,2668023808,0.18
42.497,525112,3263692,0,3788804,3808360,62,2668023808,0.15
42.598,458824,3263692,0,3722516,3808360,62,2668023808,0.15
42.698,458824,3263692,0,3722516,3808360,62,2668023808,0.15
42.798,458824,3263692,0,3722516,3808360,62,2668023808,0.15
42.899,458824,3263692,0,3722516,3808360,62,2668023808,0.15
42.999,458824,3263692,0,3722516,3808360,62,2668023808,0.15
43.100,458824,3263692,0,3722516,3808360,62,2668023808,0.15
43.200,458824,3263692,0,3722516,3808360,62,2668023808,0.15
43.301,458824,3263692,0,3722516,3808360,62,2668023808,0.15
43.401,458824,377468,0,836292,3808360,62,2668023808,0.15
43.501,426052,473636,0,899688,3808360,64,2668023808,0.15
43.602,426052,627592,0,1053644,3808360,66,2668023808,0.15
43.702,476776,646348,0,1123124,3808360,88,2668023808,0.15
43.803,447276,647724,0,1095000,3808360,96,2668023808,0.15
43.903,448724,706708,0,1155432,3808360,98,2668023808,0.15
44.003,452940,682936,0,1135876,3808360,100,2668023808,0.15
44.104,452940,748312,0,1201252,3808360,100,2668023808,0.15
44.204,452940,682520,0,1135460,3808360,101,2668023808,0.15
44.305,452940,725584,0,1178524,3808360,103,2668023808,0.15
44.405,452940,787844,0,1240784,3808360,103,2668023808,0.15
44.506,457804,854760,0,1312564,3808360,103,2668023808,0.12
44.606,457804,882712,0,1340516,3808360,104,2668023808,0.12
44.706,457804,941080,0,1398884,3808360,104,2668023808,0.12
44.807,457804,729820,0,1187624,3808360,105,2668023808,0.12
44.907,465260,780028,0,1245288,3808360,105,2668023808,0.12
45.008,492996,827100,0,1320096,3808360,105,2668023808,0.12
45.108,457804,905028,0,1362832,3808360,107,2668023808,0.12
45.209,457804,913528,0,1371332,3808360,108,2668023808,0.12
45.309,457804,968472,0,1426276,3808360,108,2668023808,0.12
45.410,492412,1013272,0,1505684,3808360,108,2668023808,0.12
45.510,480992,1098680,0,1579672,3808360,108,2668023808,0.12
45.611,459768,1192856,0,1652624,3808360,108,2668023808,0.12
45.712,515784,1192856,0,1708640,3808360,108,2668023808,0.12
45.813,515784,2212684,0,2728468,3808360,116,2668023808,0.12
45.913,515784,2745900,0,3261684,3808360,116,2668023808,0.12
46.014,515784,3253548,0,3769332,3808360,116,2668023808,0.12
46.114,515784,3575084,0,4090868,4090868,116,2668023808,0.12
46.215,515784,3898732,0,4414516,4414516,116,2668023808,0.12
46.315,515784,4231156,0,4746940,4746940,117,2668023808,0.12
46.416,515784,4529396,0,5045180,5045180,120,2668023808,0.12
46.516,515784,4746484,0,5262268,5262268,120,2668023808,0.1
46.617,515784,4971764,0,5487548,5487548,120,2668023808,0.1
46.718,515784,5182080,0,5697864,5697864,120,2668023808,0.1
46.818,515784,5360256,0,5876040,5876040,120,2668023808,0.1
46.919,515784,5563008,0,6078792,6078792,120,2668023808,0.1
47.019,515784,5743868,0,6259652,6259652,147,2668023808,0.1
47.120,515784,5883132,0,6398916,6398916,147,2668023808,0.1
47.220,515784,6055164,0,6570948,6570948,147,2668023808,0.1
47.321,515784,6229244,0,6745028,6745028,147,2668023808,0.1
47.421,515784,6391036,0,6906820,6906820,147,2668023808,0.1
47.521,515784,6554876,0,7070660,7070660,147,2668023808,0.1
47.622,515784,6720764,0,7236548,7236548,147,2668023808,0.1
47.722,515784,6882556,0,7398340,7398340,147,2668023808,0.1
47.823,515784,7054588,0,7570372,7570372,147,2668023808,0.1
47.923,515784,7218428,0,7734212,7734212,147,2668023808,0.1
48.023,515784,7398652,0,7914436,7914436,147,2668023808,0.1
48.124,515784,7562492,0,8078276,8078276,147,2668023808,0.1
48.224,515784,7734524,0,8250308,8250308,147,2668023808,0.1
48.325,515784,7946652,0,8462436,8462436,147,2668023808,0.1
48.425,515784,8171772,0,8687556,8687556,147,2668023808,0.1
48.525,515784,8394924,0,8910708,8910708,147,2668023808,0.08
48.626,515784,8621628,0,9137412,9137412,147,2668023808,0.08
48.726,515784,8850652,0,9366436,9366436,147,2668023808,0.08
48.827,515784,9086780,0,9602564,9602564,147,2668023808,0.08
48.928,515784,9314700,0,9830484,9830484,147,2668023808,0.08
49.029,515784,9543724,0,10059508,10059508,147,2668023808,0.08
49.129,515784,9772188,0,10287972,10287972,147,2668023808,0.08
49.230,515784,9976908,0,10492692,10492692,147,2668023808,0.08
49.330,515784,10216364,0,10732148,10732148,147,2668023808,0.08
49.431,515784,10443340,0,10959124,10959124,147,2668023808,0.08
49.531,515784,10680764,0,11196548,11196548,147,2668023808,0.08
49.632,515784,10909996,0,11425780,11425780,147,2668023808,0.08
49.733,457804,10962948,0,11420752,11477900,154,2668023808,0.08
49.833,514284,10962036,0,11476320,11477900,154,2668023808,0.08
49.934,479076,10962100,0,11441176,11477900,154,2668023808,0.08
50.034,457804,10961444,0,11419248,11477900,154,2668023808,0.08
50.135,457804,10961460,0,11419264,11477900,154,2668023808,0.08
50.235,519892,10961476,0,11481368,11481368,154,2668023808,0.08
50.336,508140,10961476,0,11469616,11480456,154,2668023808,0.08
50.437,489296,10961556,0,11450852,11485412,154,2668023808,0.08
50.537,446568,10961572,0,11408140,11485412,154,2668023808,0.06
50.637,441292,10961636,0,11402928,11485412,154,2668023808,0.06
50.738,510080,10961652,0,11471732,11485412,154,2668023808,0.06
50.838,501012,10961652,0,11462664,11485412,154,2668023808,0.06
50.939,461488,10961780,0,11423268,11485412,154,2668023808,0.06
51.039,483848,10961844,0,11445692,11485412,154,2668023808,0.06
51.140,456944,10961876,0,11418820,11485412,154,2668023808,0.06
51.241,456940,10962212,0,11419152,11485412,154,2668023808,0.06
51.341,456940,10962848,0,11419788,11485412,154,2668023808,0.06
51.442,519280,10962980,0,11482260,11485412,154,2668023808,0.06
51.542,510408,10979364,0,11489772,11497968,154,2668023808,0.06
51.643,499984,11032660,0,11532644,11542320,154,2668023808,0.06
51.744,479016,11094100,0,11573116,11612592,154,2668023808,0.06
51.844,518140,10106996,0,10625136,11627952,155,2668023808,0.06
51.945,515216,10111092,0,10626308,11627952,155,2668023808,0.06
52.046,478584,10176756,0,10655340,11627952,155,2668023808,0.06
52.146,456940,10242292,0,10699232,11627952,155,2668023808,0.06
52.247,520472,10260756,0,10781228,11627952,155,2668023808,0.06
52.348,456940,10308264,0,10765204,11627952,155,2668023808,0.06
52.448,475052,10320660,0,10795712,11627952,155,2668023808,0.06
52.549,471872,10363668,0,10835540,11627952,155,2668023808,0.05
52.649,501412,10266908,0,10768320,11627952,156,2668023808,0.05
52.750,486556,10327124,0,10813680,11627952,156,2668023808,0.05
52.850,456940,10397956,0,10854896,11627952,156,2668023808,0.05
52.951,512876,11401004,0,11913880,11913880,156,2668023808,0.05
53.051,512876,11564352,0,12077228,12077228,156,2668023808,0.05
53.152,512876,11581248,0,12094124,12094124,156,2668023808,0.05
53.252,512876,11581408,0,12094284,12094284,156,2668023808,0.05
53.353,512876,11586656,0,12099532,12099532,156,2668023808,0.05
53.453,512876,11585248,0,12098124,12098124,156,2668023808,0.05
53.554,512876,11601008,0,12113884,12113884,156,2668023808,0.05
53.654,512876,11601264,0,12114140,12114140,156,2668023808,0.05
53.755,512876,11601840,0,12114716,12114716,156,2668023808,0.05
53.856,512876,11612400,0,12125276,12125276,156,2668023808,0.05
53.956,512876,11703420,0,12216296,12216296,156,2668023808,0.05
54.057,512876,11703420,0,12216296,12216296,156,2668023808,0.05
54.158,512876,11703420,0,12216296,12216296,156,2668023808,0.05
54.259,512876,11703420,0,12216296,12216296,156,2668023808,0.05
54.359,512876,11703420,0,12216296,12216296,156,2668023808,0.05
54.460,512876,11703420,0,12216296,12216296,156,2668023808,0.05
54.560,512876,11703420,0,12216296,12216296,156,2668023808,6.02
54.661,512876,11703420,0,12216296,12216296,156,2668023808,6.02
54.761,512876,11703420,0,12216296,12216296,156,2668023808,6.02
54.862,512876,11703420,0,12216296,12216296,156,2668023808,6.02
54.963,512876,11703420,0,12216296,12216296,156,2668023808,6.02
55.064,512876,11703420,0,12216296,12216296,156,2668023808,6.02
55.164,512876,11703420,0,12216296,12216296,156,2668023808,6.02
55.265,512876,11703420,0,12216296,12216296,156,2668023808,6.02
55.366,512876,11738464,0,12251340,12251340,163,2668023808,6.02
55.466,512876,11791416,0,12304292,12304292,182,2668023808,6.02
56.111,512876,11877860,0,12390736,12390736,192,2668023808,6.02
56.212,512876,12043748,0,12556624,12556624,192,2668023808,6.02
56.313,512876,12043748,0,12556624,12556624,192,2668023808,6.02
56.413,512876,12049892,0,12562768,12562768,192,2668023808,6.02
56.514,512876,12159684,0,12672560,12672560,208,2668023808,6.02
56.615,512876,12171252,0,12684128,12684128,241,2668023808,15.43
56.715,512876,12199856,0,12712732,12712732,264,2668023808,15.43
56.816,512876,12214656,0,12727532,12727532,297,2668023808,15.43
56.916,512876,12221732,0,12734608,12734608,329,2668023808,15.43
57.017,512876,12240568,0,12753444,12753444,358,2668023808,15.43
57.117,489724,12241188,0,12730912,12753240,359,2668023808,15.43
57.218,456940,12241188,0,12698128,12764760,359,2668023808,15.43
57.318,525564,12241188,0,12766752,12766752,359,2668023808,15.43
57.419,499464,12241188,0,12740652,12765912,359,2668023808,15.43
57.520,484092,12241188,0,12725280,12766168,359,2668023808,15.43
57.620,458476,12241188,0,12699664,12766168,359,2668023808,15.43
57.721,520552,12241188,0,12761740,12766168,359,2668023808,15.43
57.822,512812,12241188,0,12754000,12766168,359,2668023808,15.43
57.922,498980,12241188,0,12740168,12768052,359,2668023808,15.43
58.023,490136,12241188,0,12731324,12768052,359,2668023808,15.43
58.124,460352,12241188,0,12701540,12769488,359,2668023808,15.43
58.225,464000,12241188,0,12705188,12769488,359,2668023808,15.43
58.325,475348,12241188,0,12716536,12769488,359,2668023808,15.43
58.426,461864,12241188,0,12703052,12769616,359,2668023808,15.43
58.526,461864,12241188,0,12703052,12771128,359,2668023808,15.43
58.627,461864,12241188,0,12703052,12771128,359,2668023808,12.64
58.728,461864,12241188,0,12703052,12771128,359,2668023808,12.64
58.828,461864,12241188,0,12703052,12771128,359,2668023808,12.64
58.929,505796,12241188,0,12746984,12771128,359,2668023808,12.64
59.029,438228,12241188,0,12679416,12771640,359,2668023808,12.64
59.130,519156,12241188,0,12760344,12771640,359,2668023808,12.64
59.231,450304,12241188,0,12691492,12771640,359,2668023808,12.64
59.331,438488,12241188,0,12679676,12771640,359,2668023808,12.64
59.432,452352,12241188,0,12693540,12771640,359,2668023808,12.64
59.533,448220,12241188,0,12689408,12771640,359,2668023808,12.64
59.633,449140,12241188,0,12690328,12771640,359,2668023808,12.64
59.734,450720,12241188,0,12691908,12771640,359,2668023808,12.64
59.834,528648,12249380,0,12778028,12778028,359,2668023808,12.64
59.935,519980,12265764,0,12785744,12793520,359,2668023808,12.64
60.035,459792,12335396,0,12795188,12863904,359,2668023808,12.64
60.136,531648,12364068,0,12895716,12895716,359,2668023808,12.64
60.236,499860,12409124,0,12908984,12939936,359,2668023808,12.64
60.337,532400,12480804,0,13013204,13013204,359,2668023808,12.64
60.437,523196,12480804,0,13004000,13012384,359,2668023808,12.64
60.538,459792,12554532,0,13014324,13085812,359,2668023808,12.64
60.639,532128,12554532,0,13086660,13086660,359,2668023808,10.53
61.190,484544,12626212,0,13110756,13157560,359,2668023808,10.53
61.291,533848,12681508,0,13215356,13215356,359,2668023808,10.53
61.391,514140,12704036,0,13218176,13237048,359,2668023808,10.53
61.492,459792,12783908,0,13243700,13316024,359,2668023808,10.53
61.593,534356,12805028,0,13339384,13339384,359,2668023808,10.53
61.694,459792,12866468,0,13326260,13400020,359,2668023808,10.53
61.794,534272,12867728,0,13402000,13402000,359,2668023808,10.53
61.895,534272,12868796,0,13403068,13403068,359,2668023808,10.53
61.996,534272,12868796,0,13403068,13403068,359,2668023808,10.53
62.097,534272,12866748,0,13401020,13401020,359,2668023808,10.53
62.197,534272,12868796,0,13403068,13403068,359,2668023808,10.53
62.298,534272,12868796,0,13403068,13403068,359,2668023808,10.53
62.398,534272,12868796,0,13403068,13403068,359,2668023808,10.53
62.499,534272,12868884,0,13403156,13403156,359,2668023808,10.53
62.599,534272,12869204,0,13403476,13403476,359,2668023808,15.5
62.700,534272,12869204,0,13403476,13403476,359,2668023808,15.5
62.800,534272,12869204,0,13403476,13403476,359,2668023808,15.5
62.901,534272,12869204,0,13403476,13403476,359,2668023808,15.5
63.001,534272,12869204,0,13403476,13403476,359,2668023808,15.5
63.102,534272,12869204,0,13403476,13403476,359,2668023808,15.5
63.202,534272,12869204,0,13403476,13403476,359,2668023808,15.5
63.303,534272,12869204,0,13403476,13403476,359,2668023808,15.5
63.404,534272,12868308,0,13402580,13402580,359,2668023808,15.5
63.505,534272,12894932,0,13429204,13429204,359,2668023808,15.5
63.605,534272,12908504,0,13442776,13442776,359,2668023808,15.5
63.705,534272,12913088,0,13447360,13447360,359,2668023808,15.5
63.806,534272,12913088,0,13447360,13447360,359,2668023808,15.5
63.906,534272,12913088,0,13447360,13447360,359,2668023808,15.5
64.007,534272,12913088,0,13447360,13447360,359,2668023808,15.5
64.107,534272,12913088,0,13447360,13447360,359,2668023808,15.5
64.208,534272,12913088,0,13447360,13447360,359,2668023808,15.5
64.308,534272,12913088,0,13447360,13447360,359,2668023808,15.5
64.409,534272,12913088,0,13447360,13447360,359,2668023808,15.5
64.509,534272,12913088,0,13447360,13447360,359,2668023808,15.5
64.610,534272,12913088,0,13447360,13447360,359,2668023808,21.57
64.710,534272,12913088,0,13447360,13447360,359,2668023808,21.57
64.810,534272,12913088,0,13447360,13447360,359,2668023808,21.57
64.911,534272,12943832,0,13478104,13478104,359,2668023808,21.57
65.011,534272,13022684,0,13556956,13556956,359,2668023808,21.57
65.112,534272,13086668,0,13620940,13620940,359,2668023808,21.57
65.214,534272,13208072,0,13742344,13742344,359,2668023808,21.57
65.315,534272,13327240,0,13861512,13861512,359,2668023808,21.57
65.415,459792,13345372,0,13805164,13878696,359,2668023808,21.57
65.516,510080,13345372,0,13855452,13878696,359,2668023808,21.57
65.616,534260,13345372,0,13879632,13879632,359,2668023808,21.57
65.951,498316,13345372,0,13843688,13878696,359,2668023808,21.57
66.052,459792,13345372,0,13805164,13878696,359,2668023808,21.57
66.152,502596,13345372,0,13847968,13878696,359,2668023808,21.57
66.253,459792,13345372,0,13805164,13878696,359,2668023808,21.57
66.353,524952,13345372,0,13870324,13878696,359,2668023808,21.57
66.453,491012,13345372,0,13836384,13878976,359,2668023808,21.57
66.554,459792,13345372,0,13805164,13879360,359,2668023808,20.74
66.654,488700,13345372,0,13834072,13879360,359,2668023808,20.74
66.755,526088,13345372,0,13871460,13879360,359,2668023808,20.74
66.855,479128,13345372,0,13824500,13879616,359,2668023808,20.74
66.956,536208,13345372,0,13881580,13881580,359,2668023808,20.74
67.056,501596,13345372,0,13846968,13880768,359,2668023808,20.74
67.156,459792,13345372,0,13805164,13880768,359,2668023808,20.74
67.257,531052,13345372,0,13876424,13880768,359,2668023808,20.74
67.357,506332,13345372,0,13851704,13880768,359,2668023808,20.74
67.457,477264,13345372,0,13822636,13880768,359,2668023808,20.74
67.558,459792,13345372,0,13805164,13880768,359,2668023808,20.74
67.658,536224,13345372,0,13881596,13881596,359,2668023808,20.74
67.758,500188,13345372,0,13845560,13880768,359,2668023808,20.74
67.859,459800,13345372,0,13805172,13880768,359,2668023808,20.74
67.959,538404,13345372,0,13883776,13883776,359,2668023808,20.74
68.060,507312,13345372,0,13852684,13882944,359,2668023808,20.74
68.160,444192,13345372,0,13789564,13882944,359,2668023808,20.74
68.260,436876,13345372,0,13782248,13882944,359,2668023808,20.74
68.361,509672,13345372,0,13855044,13882944,359,2668023808,20.74
68.461,499540,13345372,0,13844912,13882944,359,2668023808,20.74
68.562,462336,13345372,0,13807708,13882944,359,2668023808,16.98
68.662,538772,13345372,0,13884144,13884144,359,2668023808,16.98
68.763,502064,13345372,0,13847436,13883232,359,2668023808,16.98
68.863,460336,13345372,0,13805708,13883652,359,2668023808,16.98
68.964,460336,13345372,0,13805708,13883652,359,2668023808,16.98
69.064,533488,13345372,0,13878860,13883652,359,2668023808,16.98
69.164,501580,13345372,0,13846952,13883652,359,2668023808,16.98
69.265,460336,13345372,0,13805708,13883652,359,2668023808,16.98
69.365,474100,13345372,0,13819472,13884512,359,2668023808,16.98
69.465,537236,13345372,0,13882608,13884512,359,2668023808,16.98
69.566,474100,13345372,0,13819472,13898404,359,2668023808,16.98
69.666,474100,13345372,0,13819472,13898404,359,2668023808,16.98
69.766,543596,13345372,0,13888968,13898404,359,2668023808,16.98
69.867,474100,11294300,0,11768400,13908004,360,2668023808,16.98
69.967,555164,11300444,0,11855608,13908004,360,2668023808,16.98
70.067,474100,11377244,0,11851344,13908004,360,2668023808,16.98
70.168,555196,11414108,0,11969304,13908004,360,2668023808,16.98
70.268,474100,11459164,0,11933264,13908004,360,2668023808,16.98
70.369,556212,11459164,0,12015376,13908004,360,2668023808,16.98
70.469,474348,11551324,0,12025672,13908004,360,2668023808,16.98
70.569,556240,11557468,0,12113708,13908004,360,2668023808,14.27
70.670,556240,11627100,0,12183340,13908004,360,2668023808,14.27
71.486,530152,11639388,0,12169540,13908004,360,2668023808,14.27
71.586,555700,13660140,0,14215840,14215840,360,2668023808,14.27
71.687,555700,13727084,0,14282784,14282784,360,2668023808,14.27
71.787,555700,13730540,0,14286240,14286240,360,2668023808,14.27
71.888,555700,13731948,0,14287648,14287648,360,2668023808,14.27
71.988,555700,13732844,0,14288544,14288544,360,2668023808,14.27
72.088,555700,13733132,0,14288832,14288832,360,2668023808,14.27
72.189,555700,13733132,0,14288832,14288832,360,2668023808,14.27
72.289,555700,13733136,0,14288836,14288836,360,2668023808,14.27
72.390,555700,13733728,0,14289428,14289428,360,2668023808,14.27
72.490,555700,13733924,0,14289624,14289624,360,2668023808,14.27
72.590,555700,13735284,0,14290984,14290984,360,2668023808,20.74
72.691,555700,13735284,0,14290984,14290984,360,2668023808,20.74
72.791,555700,13735348,0,14291048,14291048,360,2668023808,20.74
72.892,555700,13735604,0,14291304,14291304,360,2668023808,20.74
72.992,555700,13735604,0,14291304,14291304,360,2668023808,20.74
73.092,555700,13735604,0,14291304,14291304,360,2668023808,20.74
73.193,555700,13735668,0,14291368,14291368,360,2668023808,20.74
73.293,555700,13735668,0,14291368,14291368,360,2668023808,20.74
73.394,555700,13735668,0,14291368,14291368,360,2668023808,20.74
73.494,555700,13735668,0,14291368,14291368,360,2668023808,20.74
73.594,555700,13735668,0,14291368,14291368,360,2668023808,20.74
73.695,555700,13735732,0,14291432,14291432,360,2668023808,20.74
73.795,555700,13735732,0,14291432,14291432,360,2668023808,20.74
73.896,555700,13735732,0,14291432,14291432,360,2668023808,20.74
73.996,555700,13735732,0,14291432,14291432,360,2668023808,20.74
74.097,555700,13735732,0,14291432,14291432,360,2668023808,20.74
74.197,555700,13747548,0,14303248,14303248,360,2668023808,20.74
74.297,555700,13762468,0,14318168,14318168,360,2668023808,20.74
74.398,555700,13769600,0,14325300,14325300,360,2668023808,20.74
74.498,555700,13836116,0,14391816,14391816,360,2668023808,23.5
74.599,555700,13904396,0,14460096,14460096,360,2668023808,23.5
74.699,555700,13952252,0,14507952,14507952,360,2668023808,23.5
74.799,555700,14018548,0,14574248,14574248,360,2668023808,23.5
74.900,555700,14094652,0,14650352,14650352,360,2668023808,23.5
75.000,555700,14134744,0,14690444,14690444,360,2668023808,23.5
75.101,493244,14134744,0,14627988,14689164,360,2668023808,23.5
75.201,557108,14134744,0,14691852,14691852,360,2668023808,23.5
75.302,432652,14134744,0,14567396,14690628,360,2668023808,23.5
75.402,500548,14134744,0,14635292,14690628,360,2668023808,23.5
75.503,451364,14134744,0,14586108,14690628,360,2668023808,23.5
75.603,515640,14134744,0,14650384,14690628,360,2668023808,23.5
75.704,449776,14134744,0,14584520,14690628,360,2668023808,23.5
75.804,539968,14134744,0,14674712,14690628,360,2668023808,23.5
75.905,450132,14134744,0,14584876,14690628,360,2668023808,23.5
76.005,490824,14134744,0,14625568,14690628,360,2668023808,23.5
76.106,434680,14134744,0,14569424,14690628,360,2668023808,23.5
76.206,475996,14134744,0,14610740,14690628,360,2668023808,23.5
76.307,518060,14134744,0,14652804,14690628,360,2668023808,23.5
76.407,442136,14134744,0,14576880,14690628,360,2668023808,23.5
76.508,492248,14134744,0,14626992,14690628,360,2668023808,19.25
76.608,530352,14134744,0,14665096,14690628,360,2668023808,19.25
76.709,472628,14134744,0,14607372,14690628,360,2668023808,19.25
76.810,524604,14134744,0,14659348,14690628,360,2668023808,19.25
76.910,475512,14134744,0,14610256,14690628,360,2668023808,19.25
77.011,527632,14134744,0,14662376,14690628,360,2668023808,19.25
77.111,463848,14134744,0,14598592,14690628,360,2668023808,19.25
77.212,524924,14134744,0,14659668,14690628,360,2668023808,19.25
77.313,453204,14134744,0,14587948,14690628,360,2668023808,19.25
77.413,517948,14134744,0,14652692,14690628,360,2668023808,19.25
77.513,453208,14134744,0,14587952,14690628,360,2668023808,19.25
77.614,513996,14134744,0,14648740,14690628,360,2668023808,19.25
77.714,463900,14134744,0,14598644,14690628,360,2668023808,19.25
77.815,497516,14134744,0,14632260,14690628,360,2668023808,19.25
77.915,542284,14134744,0,14677028,14690628,360,2668023808,19.25
78.016,475300,14134744,0,14610044,14690628,360,2668023808,19.25
78.116,531916,14134744,0,14666660,14690628,360,2668023808,19.25
78.216,456780,14134744,0,14591524,14690628,360,2668023808,19.25
78.317,525848,14134744,0,14660592,14690628,360,2668023808,19.25
78.417,430952,14134744,0,14565696,14690628,360,2668023808,19.25
78.518,507644,14134744,0,14642388,14690628,360,2668023808,15.76
78.618,454968,14134744,0,14589712,14690628,360,2668023808,15.76
78.718,503356,14134744,0,14638100,14690628,360,2668023808,15.76
78.819,442556,14134744,0,14577300,14690628,360,2668023808,15.76
78.919,487412,14134744,0,14622156,14690628,360,2668023808,15.76
79.020,524300,14134744,0,14659044,14690628,360,2668023808,15.76
79.121,458872,14134744,0,14593616,14690628,360,2668023808,15.76
79.221,494068,14134744,0,14628812,14690628,360,2668023808,15.76
79.322,529296,14134744,0,14664040,14690628,360,2668023808,15.76
79.422,465892,14134744,0,14600636,14690628,360,2668023808,15.76
79.523,497424,14134744,0,14632168,14690628,360,2668023808,15.76
79.623,525720,14132696,0,14658416,14690628,360,2668023808,15.76
79.723,472436,14134744,0,14607180,14690628,360,2668023808,15.76
79.824,529464,14134744,0,14664208,14690628,360,2668023808,15.76
79.924,450716,14134744,0,14585460,14690628,360,2668023808,15.76
80.025,501456,14134744,0,14636200,14690628,360,2668023808,15.76
80.125,533732,14134744,0,14668476,14690628,360,2668023808,15.76
80.226,467180,14134744,0,14601924,14690628,360,2668023808,15.76
80.326,519056,14134744,0,14653800,14690628,360,2668023808,15.76
80.427,452420,14134744,0,14587164,14690628,360,2668023808,15.76
80.527,502564,14134744,0,14637308,14690628,360,2668023808,12.9
80.628,452760,14135072,0,14587832,14690628,360,2668023808,12.9
80.729,452760,14135072,0,14587832,14690628,360,2668023808,12.9
80.829,452760,14135072,0,14587832,14690628,360,2668023808,12.9
80.930,452760,14135072,0,14587832,14690628,360,2668023808,12.9
81.031,452760,14135072,0,14587832,14690628,360,2668023808,12.9
81.132,452760,14135100,0,14587860,14690628,360,2668023808,12.9
81.232,452760,14135100,0,14587860,14690628,360,2668023808,12.9
81.333,452760,14135100,0,14587860,14690628,360,2668023808,12.9
81.434,452760,14135100,0,14587860,14690628,360,2668023808,12.9
81.535,452760,14135100,0,14587860,14690628,360,2668023808,12.9
81.636,452760,14135100,0,14587860,14690628,360,2668023808,12.9
81.736,452760,14135100,0,14587860,14690628,360,2668023808,12.9
81.837,452760,14135104,0,14587864,14690628,360,2668023808,12.9
81.937,452760,14135104,0,14587864,14690628,360,2668023808,12.9
82.037,452760,14135132,0,14587892,14690628,360,2668023808,12.9
82.138,452760,14135172,0,14587932,14690628,360,2668023808,12.9
82.238,452760,14135300,0,14588060,14690628,360,2668023808,12.9
82.339,452760,14135300,0,14588060,14690628,360,2668023808,12.9
82.439,452760,14135300,0,14588060,14690628,360,2668023808,12.9
82.540,452760,14135300,0,14588060,14690628,360,2668023808,12.9
82.640,452760,14135300,0,14588060,14690628,360,2668023808,21.98
82.741,452760,14135300,0,14588060,14690628,360,2668023808,21.98
82.841,452760,14135300,0,14588060,14690628,360,2668023808,21.98
82.942,452760,14133252,0,14586012,14690628,360,2668023808,21.98
83.042,452760,14135300,0,14588060,14690628,360,2668023808,21.98
83.143,452760,14135300,0,14588060,14690628,360,2668023808,21.98
83.245,452760,14135300,0,14588060,14690628,360,2668023808,21.98
83.346,452760,14135300,0,14588060,14690628,360,2668023808,21.98
83.447,452760,14135300,0,14588060,14690628,360,2668023808,21.98
83.547,452760,14135300,0,14588060,14690628,360,2668023808,21.98
83.648,452760,14135300,0,14588060,14690628,360,2668023808,21.98
83.748,452760,14135300,0,14588060,14690628,360,2668023808,21.98
83.849,452760,14135300,0,14588060,14690628,360,2668023808,21.98
83.949,452760,14135300,0,14588060,14690628,360,2668023808,21.98
84.050,452760,14135300,0,14588060,14690628,360,2668023808,21.98
84.150,452760,14135300,0,14588060,14690628,360,2668023808,21.98
84.251,452760,14136216,0,14588976,14690628,360,2668023808,21.98
84.351,452760,14137588,0,14590348,14690628,360,2668023808,21.98
84.452,452760,14139148,0,14591908,14690628,360,2668023808,21.98
84.553,452760,14154776,0,14607536,14690628,360,2668023808,21.98
84.653,452760,14173628,0,14626388,14690628,360,2668023808,24.7
84.754,452760,14181596,0,14634356,14690628,360,2668023808,24.7
84.854,452760,14193688,0,14646448,14690628,360,2668023808,24.7
84.955,452760,14213460,0,14666220,14690628,360,2668023808,24.7
85.055,452760,14225008,0,14677768,14690628,360,2668023808,24.7
85.156,452760,11357648,0,11810408,14690628,360,2668023808,24.7
85.256,370572,11157128,0,11527700,14690628,360,2668023808,24.7
85.357,375208,11157128,0,11532336,14690628,360,2668023808,24.7
85.457,385988,11157128,0,11543116,14690628,360,2668023808,24.7
85.558,400492,11157128,0,11557620,14690628,360,2668023808,24.7
85.658,413836,11157128,0,11570964,14690628,360,2668023808,24.7
85.759,427404,11157128,0,11584532,14690628,360,2668023808,24.7
85.859,466400,11157448,0,11623848,14690628,360,2668023808,24.7
85.960,474680,11157448,0,11632128,14690628,360,2668023808,24.7
86.060,482236,11157448,0,11639684,14690628,360,2668023808,24.7
86.162,489480,11157448,0,11646928,14690628,360,2668023808,24.7
86.262,496840,11157448,0,11654288,14690628,360,2668023808,24.7
86.363,504528,11157448,0,11661976,14690628,360,2668023808,24.7
86.464,511560,11157448,0,11669008,14690628,360,2668023808,24.7
86.565,518200,11157448,0,11675648,14690628,360,2668023808,24.7
86.666,525144,11157448,0,11682592,14690628,360,2668023808,20.22
86.766,531272,11157448,0,11688720,14690628,360,2668023808,20.22
86.867,537524,11157448,0,11694972,14690628,360,2668023808,20.22
86.968,544052,11157448,0,11701500,14690628,360,2668023808,20.22
87.068,551408,11157448,0,11708856,14690628,360,2668023808,20.22
87.169,557940,11157448,0,11715388,14690628,360,2668023808,20.22
87.269,563824,11157448,0,11721272,14690628,360,2668023808,20.22
87.370,572008,11157448,0,11729456,14690628,360,2668023808,20.22
87.470,577320,11157448,0,11734768,14690628,360,2668023808,20.22
87.572,583360,11157448,0,11740808,14690628,360,2668023808,20.22
87.673,587872,11157448,0,11745320,14690628,360,2668023808,20.22
87.773,593392,11157448,0,11750840,14690628,360,2668023808,20.22
87.874,599128,11157448,0,11756576,14690628,360,2668023808,20.22
87.975,606768,11157448,0,11764216,14690628,360,2668023808,20.22
88.075,610660,11157448,0,11768108,14690628,360,2668023808,20.22
88.176,621160,11157448,0,11778608,14690628,360,2668023808,20.22
88.276,625524,11157448,0,11782972,14690628,360,2668023808,20.22
88.377,629896,11157448,0,11787344,14690628,360,2668023808,20.22
88.478,634668,11157448,0,11792116,14690628,360,2668023808,20.22
88.579,640192,11157448,0,11797640,14690628,360,2668023808,20.22
88.680,646608,11157448,0,11804056,14690628,360,2668023808,16.56
88.781,651668,11157448,0,11809116,14690628,360,2668023808,16.56
88.882,656892,11157448,0,11814340,14690628,360,2668023808,16.56
88.983,661240,11157448,0,11818688,14690628,360,2668023808,16.56
89.084,672444,11157448,0,11829892,14690628,360,2668023808,16.56
89.185,676552,11157448,0,11834000,14690628,360,2668023808,16.56
89.286,681676,11157448,0,11839124,14690628,360,2668023808,16.56
89.387,686292,11157448,0,11843740,14690628,360,2668023808,16.56
89.488,690956,11157448,0,11848404,14690628,360,2668023808,16.56
89.589,697180,11157448,0,11854628,14690628,360,2668023808,16.56
89.690,701528,11157448,0,11858976,14690628,360,2668023808,16.56
89.791,707120,11157448,0,11864568,14690628,360,2668023808,16.56
89.892,712360,11157448,0,11869808,14690628,360,2668023808,16.56
89.993,716460,11157448,0,11873908,14690628,360,2668023808,16.56
90.094,720956,11157448,0,11878404,14690628,360,2668023808,16.56
90.194,725952,11157448,0,11883400,14690628,360,2668023808,16.56
90.295,731332,11157448,0,11888780,14690628,360,2668023808,16.56
90.396,736932,11157448,0,11894380,14690628,360,2668023808,16.56
90.497,742384,11157448,0,11899832,14690628,360,2668023808,16.56
90.598,750268,11157448,0,11907716,14690628,360,2668023808,16.56
90.699,753132,11157448,0,11910580,14690628,360,2668023808,13.56
90.799,759468,11157448,0,11916916,14690628,360,2668023808,13.56
90.900,770124,11157448,0,11927572,14690628,360,2668023808,13.56
91.001,780268,11157448,0,11937716,14690628,360,2668023808,13.56
91.103,782392,11157448,0,11939840,14690628,360,2668023808,13.56
91.203,784920,11157448,0,11942368,14690628,360,2668023808,13.56
91.304,790500,11157448,0,11947948,14690628,360,2668023808,13.56
91.405,797348,11157448,0,11954796,14690628,360,2668023808,13.56
91.506,801532,11157448,0,11958980,14690628,360,2668023808,13.56
91.607,806680,11157448,0,11964128,14690628,360,2668023808,13.56
91.709,811672,11157448,0,11969120,14690628,360,2668023808,13.56
91.809,817228,11157448,0,11974676,14690628,360,2668023808,13.56
91.910,821768,11157448,0,11979216,14690628,360,2668023808,13.56
92.011,828076,11157448,0,11985524,14690628,360,2668023808,13.56
92.113,833604,11157448,0,11991052,14690628,360,2668023808,13.56
92.213,838492,11157448,0,11995940,14690628,360,2668023808,13.56
92.314,845052,11157448,0,12002500,14690628,360,2668023808,13.56
92.415,850496,11157448,0,12007944,14690628,360,2668023808,13.56
92.516,857436,11157448,0,12014884,14690628,360,2668023808,13.56
92.617,875928,11157448,0,12033376,14690628,360,2668023808,13.56
92.718,878120,11157448,0,12035568,14690628,360,2668023808,11.1
92.819,880600,11157448,0,12038048,14690628,360,2668023808,11.1
92.920,887436,11157448,0,12044884,14690628,360,2668023808,11.1
93.021,893108,11157448,0,12050556,14690628,360,2668023808,11.1
93.122,896636,11157448,0,12054084,14690628,360,2668023808,11.1
93.223,902344,11157448,0,12059792,14690628,360,2668023808,11.1
93.324,907480,11157448,0,12064928,14690628,360,2668023808,11.1
93.426,912596,11157448,0,12070044,14690628,360,2668023808,11.1
93.527,919568,11157448,0,12077016,14690628,360,2668023808,11.1
93.628,923856,11157448,0,12081304,14690628,360,2668023808,11.1
93.729,927280,11157448,0,12084728,14690628,360,2668023808,11.1
93.830,931596,11157448,0,12089044,14690628,360,2668023808,11.1
93.931,936432,11157448,0,12093880,14690628,360,2668023808,11.1
94.032,942164,11157448,0,12099612,14690628,360,2668023808,11.1
94.133,945752,11157448,0,12103200,14690628,360,2668023808,11.1
94.234,952092,11157448,0,12109540,14690628,360,2668023808,11.1
94.334,956044,11157448,0,12113492,14690628,360,2668023808,11.1
94.435,960328,11157448,0,12117776,14690628,360,2668023808,11.1
94.537,966060,11157448,0,12123508,14690628,360,2668023808,11.1
94.638,969368,11157448,0,12126816,14690628,360,2668023808,11.1
94.738,973920,11157448,0,12131368,14690628,360,2668023808,9.09
94.839,980004,11157448,0,12137452,14690628,360,2668023808,9.09
94.939,985052,11157448,0,12142500,14690628,360,2668023808,9.09
95.039,995480,11157448,0,12152928,14690628,360,2668023808,9.09
95.141,997864,11157448,0,12155312,14690628,360,2668023808,9.09
95.242,1000256,11157448,0,12157704,14690628,360,2668023808,9.09
95.343,1004344,11157448,0,12161792,14690628,360,2668023808,9.09
95.444,1008592,11157448,0,12166040,14690628,360,2668023808,9.09
95.545,1018580,11157512,0,12176092,14690628,360,2668023808,9.09
95.645,1018580,11157512,0,12176092,14690628,360,2668023808,9.09
95.745,1018580,11157512,0,12176092,14690628,360,2668023808,9.09
95.846,1018580,11157512,0,12176092,14690628,360,2668023808,9.09
95.946,1018580,11157512,0,12176092,14690628,360,2668023808,9.09
96.046,1018580,11157512,0,12176092,14690628,360,2668023808,9.09
96.147,731612,11157512,0,11889124,14690628,360,2668023808,9.09
96.247,584328,11157512,0,11741840,14690628,360,2668023808,9.09
96.347,586420,11157512,0,11743932,14690628,360,2668023808,9.09
96.448,588076,11157512,0,11745588,14690628,360,2668023808,9.09
96.548,589620,11157512,0,11747132,14690628,360,2668023808,9.09
96.649,590952,11157512,0,11748464,14690628,360,2668023808,8.35
96.749,591080,11157512,0,11748592,14690628,360,2668023808,8.35
96.849,591244,11157512,0,11748756,14690628,360,2668023808,8.35
96.950,591360,11157512,0,11748872,14690628,360,2668023808,8.35
97.050,593244,11157512,0,11750756,14690628,360,2668023808,8.35
97.151,594816,11157512,0,11752328,14690628,360,2668023808,8.35
97.251,596996,11157512,0,11754508,14690628,360,2668023808,8.35
97.351,598036,11157512,0,11755548,14690628,360,2668023808,8.35
97.452,600048,11157512,0,11757560,14690628,360,2668023808,8.35
97.552,601080,11157512,0,11758592,14690628,360,2668023808,8.35
97.652,602836,11157512,0,11760348,14690628,360,2668023808,8.35
97.753,604596,11157512,0,11762108,14690628,360,2668023808,8.35
97.853,605208,11157512,0,11762720,14690628,360,2668023808,8.35
97.954,605856,11157512,0,11763368,14690628,360,2668023808,8.35
98.054,606448,11157512,0,11763960,14690628,360,2668023808,8.35
98.154,607000,11157512,0,11764512,14690628,360,2668023808,8.35
98.255,607580,11157512,0,11765092,14690628,360,2668023808,8.35
98.355,608216,11157512,0,11765728,14690628,360,2668023808,8.35
98.455,608816,11157512,0,11766328,14690628,360,2668023808,8.35
98.556,609276,11157512,0,11766788,14690628,360,2668023808,8.35
98.656,609528,11157512,0,11767040,14690628,360,2668023808,6.83
98.756,609692,11157512,0,11767204,14690628,360,2668023808,6.83
98.857,609816,11157512,0,11767328,14690628,360,2668023808,6.83
98.957,609956,11157512,0,11767468,14690628,360,2668023808,6.83
99.057,610020,11157512,0,11767532,14690628,360,2668023808,6.83
99.158,610068,11157512,0,11767580,14690628,360,2668023808,6.83
99.258,610236,11157512,0,11767748,14690628,360,2668023808,6.83
99.359,620496,11157512,0,11778008,14690628,360,2668023808,6.83
99.459,622056,11157512,0,11779568,14690628,360,2668023808,6.83
99.559,626320,11157512,0,11783832,14690628,360,2668023808,6.83
99.660,629556,11157512,0,11787068,14690628,360,2668023808,6.83
99.760,634180,11157512,0,11791692,14690628,360,2668023808,6.83
99.860,637496,11157512,0,11795008,14690628,360,2668023808,6.83
99.960,640596,11157512,0,11798108,14690628,360,2668023808,6.83
100.061,644804,11157512,0,11802316,14690628,360,2668023808,6.83
100.161,648276,11157512,0,11805788,14690628,360,2668023808,6.83
100.262,651484,11157512,0,11808996,14690628,360,2668023808,6.83
100.362,656364,11157512,0,11813876,14690628,360,2668023808,6.83
100.462,659388,11157512,0,11816900,14690628,360,2668023808,6.83
100.563,663212,11157512,0,11820724,14690628,360,2668023808,6.83
100.663,670108,11157512,0,11827620,14690628,360,2668023808,5.59
100.763,676044,11157512,0,11833556,14690628,360,2668023808,5.59
100.864,686368,11157512,0,11843880,14690628,360,2668023808,5.59
100.964,696016,11157512,0,11853528,14690628,360,2668023808,5.59
101.065,697556,11157512,0,11855068,14690628,360,2668023808,5.59
101.165,700084,11157512,0,11857596,14690628,360,2668023808,5.59
101.265,704304,11157512,0,11861816,14690628,360,2668023808,5.59
101.366,708300,11157512,0,11865812,14690628,360,2668023808,5.59
101.466,712564,11157512,0,11870076,14690628,360,2668023808,5.59
101.566,717512,11157512,0,11875024,14690628,360,2668023808,5.59
101.667,721996,11157512,0,11879508,14690628,360,2668023808,5.59
101.767,728544,11157512,0,11886056,14690628,360,2668023808,5.59
101.867,733932,11157512,0,11891444,14690628,360,2668023808,5.59
101.968,738940,11157512,0,11896452,14690628,360,2668023808,5.59
102.068,745244,11157512,0,11902756,14690628,360,2668023808,5.59
102.168,750612,11157512,0,11908124,14690628,360,2668023808,5.59
102.269,754932,11157512,0,11912444,14690628,360,2668023808,5.59
102.369,759996,11157512,0,11917508,14690628,360,2668023808,5.59
102.470,775260,11157512,0,11932772,14690628,360,2668023808,5.59
102.570,781516,11157512,0,11939028,14690628,360,2668023808,4.58
102.671,784328,11157512,0,11941840,14690628,360,2668023808,4.58
102.771,789480,11157512,0,11946992,14690628,360,2668023808,4.58
102.871,794636,11157512,0,11952148,14690628,360,2668023808,4.58
102.972,802168,11157512,0,11959680,14690628,360,2668023808,4.58
103.072,803708,11157512,0,11961220,14690628,360,2668023808,4.58
103.173,808052,11157512,0,11965564,14690628,360,2668023808,4.58
103.273,812972,11157512,0,11970484,14690628,360,2668023808,4.58
103.373,818920,11157512,0,11976432,14690628,360,2668023808,4.58
103.474,822656,11157512,0,11980168,14690628,360,2668023808,4.58
103.574,826468,11157512,0,11983980,14690628,360,2668023808,4.58
103.674,831084,11157512,0,11988596,14690628,360,2668023808,4.58
103.775,836068,11157512,0,11993580,14690628,360,2668023808,4.58
103.875,840140,11157512,0,11997652,14690628,360,2668023808,4.58
103.975,844332,11157512,0,12001844,14690628,360,2668023808,4.58
104.076,849280,11157512,0,12006792,14690628,360,2668023808,4.58
104.176,853088,11157512,0,12010600,14690628,360,2668023808,4.58
104.277,857772,11157512,0,12015284,14690628,360,2668023808,4.58
104.377,861540,11157512,0,12019052,14690628,360,2668023808,4.58
104.477,865376,11157512,0,12022888,14690628,360,2668023808,4.58
104.578,869892,11157512,0,12027404,14690628,360,2668023808,3.75
104.678,875988,11157512,0,12033500,14690628,360,2668023808,3.75
104.778,879672,11157512,0,12037184,14690628,360,2668023808,3.75
104.879,885360,11157512,0,12042872,14690628,360,2668023808,3.75
104.979,890388,11157512,0,12047900,14690628,360,2668023808,3.75
105.080,896332,11157512,0,12053844,14690628,360,2668023808,3.75
105.180,905068,11157512,0,12062580,14690628,360,2668023808,3.75
105.280,908352,11157512,0,12065864,14690628,360,2668023808,3.75
105.381,911356,11157512,0,12068868,14690628,360,2668023808,3.75
105.481,915816,11157512,0,12073328,14690628,360,2668023808,3.75
105.581,921432,11157512,0,12078944,14690628,360,2668023808,3.75
105.682,925880,11157512,0,12083392,14690628,360,2668023808,3.75
105.782,936104,11157512,0,12093616,14690628,360,2668023808,3.75
105.883,938160,11157512,0,12095672,14690628,360,2668023808,3.75
105.983,948324,11157512,0,12105836,14690628,360,2668023808,3.75
106.083,950312,11157512,0,12107824,14690628,360,2668023808,3.75
106.184,956880,11157512,0,12114392,14690628,360,2668023808,3.75
106.284,979264,11157512,0,12136776,14690628,360,2668023808,3.75
106.384,981368,11157512,0,12138880,14690628,360,2668023808,3.75
106.485,983528,11157512,0,12141040,14690628,360,2668023808,3.75
106.585,993508,11157512,0,12151020,14690628,360,2668023808,3.07
106.686,996208,11157512,0,12153720,14690628,360,2668023808,3.07
106.786,1001996,11157512,0,12159508,14690628,360,2668023808,3.07
106.886,1008008,11157512,0,12165520,14690628,360,2668023808,3.07
106.987,1014144,11157512,0,12171656,14690628,360,2668023808,3.07
107.087,1019052,11157512,0,12176564,14690628,360,2668023808,3.07
107.188,1024800,11157512,0,12182312,14690628,360,2668023808,3.07
107.288,1027976,11157512,0,12185488,14690628,360,2668023808,3.07
107.388,1034620,11157512,0,12192132,14690628,360,2668023808,3.07
107.489,1034620,11157512,0,12192132,14690628,360,2668023808,3.07
107.589,1034620,11157512,0,12192132,14690628,360,2668023808,3.07
107.690,1034620,11157512,0,12192132,14690628,360,2668023808,3.07
107.790,1034620,11157512,0,12192132,14690628,360,2668023808,3.07
107.891,876108,11157512,0,12033620,14690628,360,2668023808,3.07
107.991,876108,11157512,0,12033620,14690628,360,2668023808,3.07
108.091,876108,11157512,0,12033620,14690628,360,2668023808,3.07
108.192,876108,11157512,0,12033620,14690628,360,2668023808,3.07
108.292,876108,11157512,0,12033620,14690628,360,2668023808,3.07
108.393,876108,11157512,0,12033620,14690628,360,2668023808,3.07
108.493,876108,11157512,0,12033620,14690628,360,2668023808,3.07
108.594,876108,11157512,0,12033620,14690628,360,2668023808,3.24
108.694,876108,11157512,0,12033620,14690628,360,2668023808,3.24
108.795,876108,11157512,0,12033620,14690628,360,2668023808,3.24
108.895,876108,11157512,0,12033620,14690628,360,2668023808,3.24
108.996,876108,11157512,0,12033620,14690628,360,2668023808,3.24
109.096,876108,11157512,0,12033620,14690628,360,2668023808,3.24
109.197,876108,11157512,0,12033620,14690628,360,2668023808,3.24
109.297,876108,11157512,0,12033620,14690628,360,2668023808,3.24
109.398,876108,11157512,0,12033620,14690628,360,2668023808,3.24
109.498,876108,11157512,0,12033620,14690628,360,2668023808,3.24
109.599,876108,11157512,0,12033620,14690628,360,2668023808,3.24
109.699,876108,11157512,0,12033620,14690628,360,2668023808,3.24
109.800,876108,11157512,0,12033620,14690628,360,2668023808,3.24
109.900,876108,11157512,0,12033620,14690628,360,2668023808,3.24
110.001,876108,11157512,0,12033620,14690628,360,2668023808,3.24
110.101,876108,11157512,0,12033620,14690628,360,2668023808,3.24
110.201,876108,11157512,0,12033620,14690628,360,2668023808,3.24
110.302,876108,11157512,0,12033620,14690628,360,2668023808,3.24
110.402,876108,11157512,0,12033620,14690628,360,2668023808,3.24
110.503,876108,11157512,0,12033620,14690628,360,2668023808,3.24
110.603,876108,11157512,0,12033620,14690628,360,2668023808,2.65
110.704,876108,11157512,0,12033620,14690628,360,2668023808,2.65
110.804,876108,11157512,0,12033620,14690628,360,2668023808,2.65
110.905,876108,11157512,0,12033620,14690628,360,2668023808,2.65
111.005,876108,11157512,0,12033620,14690628,360,2668023808,2.65
111.106,876108,11157512,0,12033620,14690628,360,2668023808,2.65
111.207,876108,11157512,0,12033620,14690628,360,2668023808,2.65
111.307,876108,11157512,0,12033620,14690628,360,2668023808,2.65
111.407,876108,11157512,0,12033620,14690628,360,2668023808,2.65
111.508,876108,11157512,0,12033620,14690628,360,2668023808,2.65
111.608,876108,11157512,0,12033620,14690628,360,2668023808,2.65
111.709,876132,11157512,0,12033644,14690628,360,2668023808,2.65
111.810,876132,11157512,0,12033644,14690628,360,2668023808,2.65
111.910,876136,11157512,0,12033648,14690628,360,2668023808,2.65
112.011,876136,11157512,0,12033648,14690628,360,2668023808,2.65
112.111,876140,11157512,0,12033652,14690628,360,2668023808,2.65
112.212,876148,11157512,0,12033660,14690628,360,2668023808,2.65
112.313,876152,11157512,0,12033664,14690628,360,2668023808,2.65
112.413,876152,11157512,0,12033664,14690628,360,2668023808,2.65
112.514,876152,11157512,0,12033664,14690628,360,2668023808,2.65
112.615,876152,11157512,0,12033664,14690628,360,2668023808,2.17
112.715,876152,11157512,0,12033664,14690628,360,2668023808,2.17
112.816,876152,11157512,0,12033664,14690628,360,2668023808,2.17
112.917,876152,11157512,0,12033664,14690628,360,2668023808,2.17
113.017,876152,11157512,0,12033664,14690628,360,2668023808,2.17
113.117,876152,11157512,0,12033664,14690628,360,2668023808,2.17
113.218,876600,11157512,0,12034112,14690628,360,2668023808,2.17
113.319,876704,11157512,0,12034216,14690628,360,2668023808,2.17
113.419,877084,11157512,0,12034596,14690628,360,2668023808,2.17
113.520,877140,11157512,0,12034652,14690628,360,2668023808,2.17
113.621,878260,11157512,0,12035772,14690628,360,2668023808,2.17
113.722,879204,11157512,0,12036716,14690628,360,2668023808,2.17
113.822,879692,11157512,0,12037204,14690628,360,2668023808,2.17
113.923,879904,11157512,0,12037416,14690628,360,2668023808,2.17
114.023,880004,11157512,0,12037516,14690628,360,2668023808,2.17
114.124,881120,11157512,0,12038632,14690628,360,2668023808,2.17
114.225,882100,11157512,0,12039612,14690628,360,2668023808,2.17
114.326,882944,11157512,0,12040456,14690628,360,2668023808,2.17
114.426,883940,11157512,0,12041452,14690628,360,2668023808,2.17
114.527,884472,11157512,0,12041984,14690628,360,2668023808,2.17
114.628,885368,11157512,0,12042880,14690628,360,2668023808,1.77
114.729,885588,11157512,0,12043100,14690628,360,2668023808,1.77
114.829,888340,11157512,0,12045852,14690628,360,2668023808,1.77
114.930,897200,11157512,0,12054712,14690628,360,2668023808,1.77
115.031,901588,11157512,0,12059100,14690628,360,2668023808,1.77
115.131,903928,11157512,0,12061440,14690628,360,2668023808,1.77
115.232,908344,11157512,0,12065856,14690628,360,2668023808,1.77
115.333,909864,11157512,0,12067376,14690628,360,2668023808,1.77
115.434,912324,11157512,0,12069836,14690628,360,2668023808,1.77
115.534,916032,11157512,0,12073544,14690628,360,2668023808,1.77
115.635,919584,11157512,0,12077096,14690628,360,2668023808,1.77
115.736,924920,11157512,0,12082432,14690628,360,2668023808,1.77
115.836,927020,11157512,0,12084532,14690628,360,2668023808,1.77
115.937,930348,11157512,0,12087860,14690628,360,2668023808,1.77
116.037,932776,11157512,0,12090288,14690628,360,2668023808,1.77
116.138,939688,11157512,0,12097200,14690628,360,2668023808,1.77
116.238,942412,11157512,0,12099924,14690628,360,2668023808,1.77
116.339,947588,11157512,0,12105100,14690628,360,2668023808,1.77
116.439,950876,11157512,0,12108388,14690628,360,2668023808,1.77
116.540,955224,11157512,0,12112736,14690628,360,2668023808,1.77
116.640,959196,11157512,0,12116708,14690628,360,2668023808,1.45
116.741,961988,11157512,0,12119500,14690628,360,2668023808,1.45
116.841,964252,11157512,0,12121764,14690628,360,2668023808,1.45
116.941,969268,11157512,0,12126780,14690628,360,2668023808,1.45
117.042,974364,11157512,0,12131876,14690628,360,2668023808,1.45
117.142,976728,11157512,0,12134240,14690628,360,2668023808,1.45
117.242,979724,11157512,0,12137236,14690628,360,2668023808,1.45
117.343,983344,11157512,0,12140856,14690628,360,2668023808,1.45
117.444,986720,11157512,0,12144232,14690628,360,2668023808,1.45
117.545,992620,11157512,0,12150132,14690628,360,2668023808,1.45
117.646,996164,11157512,0,12153676,14690628,360,2668023808,1.45
117.746,1000668,11157512,0,12158180,14690628,360,2668023808,1.45
117.847,1004884,11157512,0,12162396,14690628,360,2668023808,1.45
117.947,1007692,11157512,0,12165204,14690628,360,2668023808,1.45
118.048,1021972,11157512,0,12179484,14690628,360,2668023808,1.45
118.149,1031396,11157512,0,12188908,14690628,360,2668023808,1.45
118.250,1032784,11157512,0,12190296,14690628,360,2668023808,1.45
118.351,1035184,11157512,0,12192696,14690628,360,2668023808,1.45
118.452,1052852,11157512,0,12210364,14690628,360,2668023808,1.45
118.553,1053400,11157512,0,12210912,14690628,360,2668023808,1.45
118.653,1053400,11157512,0,12210912,14690628,360,2668023808,1.19
118.754,1053400,11157512,0,12210912,14690628,360,2668023808,1.19
118.854,1053400,11157512,0,12210912,14690628,360,2668023808,1.19
118.954,1053400,11157512,0,12210912,14690628,360,2668023808,1.19
119.055,1004996,11157512,0,12162508,14690628,360,2668023808,1.19
119.155,1004996,11157512,0,12162508,14690628,360,2668023808,1.19
119.256,1004996,11157512,0,12162508,14690628,360,2668023808,1.19
119.356,1004996,11157512,0,12162508,14690628,360,2668023808,1.19
119.456,1004996,11157512,0,12162508,14690628,360,2668023808,1.19
119.557,1004996,11157512,0,12162508,14690628,360,2668023808,1.19
119.657,1004996,11157512,0,12162508,14690628,360,2668023808,1.19
119.758,1004996,11157512,0,12162508,14690628,360,2668023808,1.19
119.858,1004996,11157512,0,12162508,14690628,360,2668023808,1.19
119.958,1004996,11157512,0,12162508,14690628,360,2668023808,1.19
120.059,1004996,11157512,0,12162508,14690628,360,2668023808,1.19
120.159,1004996,11157512,0,12162508,14690628,360,2668023808,1.19
120.260,1004996,11157512,0,12162508,14690628,360,2668023808,1.19
120.360,1004996,11157512,0,12162508,14690628,360,2668023808,1.19
120.460,1004996,11157512,0,12162508,14690628,360,2668023808,1.19
120.561,1004996,11157512,0,12162508,14690628,360,2668023808,1.19
120.662,1004996,11157512,0,12162508,14690628,360,2668023808,2.06
120.762,1004996,11157512,0,12162508,14690628,360,2668023808,2.06
120.863,1004996,11157512,0,12162508,14690628,360,2668023808,2.06
120.964,1004996,11157512,0,12162508,14690628,360,2668023808,2.06
121.064,1004996,11157512,0,12162508,14690628,360,2668023808,2.06
121.165,1004996,11157512,0,12162508,14690628,360,2668023808,2.06
121.266,1004996,11157512,0,12162508,14690628,360,2668023808,2.06
121.367,1004996,11157512,0,12162508,14690628,360,2668023808,2.06
121.467,1004996,11157512,0,12162508,14690628,360,2668023808,2.06
121.568,1004996,11157512,0,12162508,14690628,360,2668023808,2.06
121.669,1004996,11157512,0,12162508,14690628,360,2668023808,2.06
121.769,1004996,11157512,0,12162508,14690628,360,2668023808,2.06
121.870,1004996,11157512,0,12162508,14690628,360,2668023808,2.06
121.971,1004996,11157512,0,12162508,14690628,360,2668023808,2.06
122.071,1004996,11157512,0,12162508,14690628,360,2668023808,2.06
122.172,1004996,11157512,0,12162508,14690628,360,2668023808,2.06
122.272,1004996,11157512,0,12162508,14690628,360,2668023808,2.06
122.373,1004996,11157512,0,12162508,14690628,360,2668023808,2.06
122.473,1004996,11157512,0,12162508,14690628,360,2668023808,2.06
122.573,1004996,11157512,0,12162508,14690628,360,2668023808,2.06
122.674,1004996,11157512,0,12162508,14690628,360,2668023808,2.06
122.774,1004996,11157512,0,12162508,14690628,360,2668023808,6.21
122.875,1004996,11157512,0,12162508,14690628,360,2668023808,6.21
122.975,1004996,11157512,0,12162508,14690628,360,2668023808,6.21
123.075,1004996,11157512,0,12162508,14690628,360,2668023808,6.21
123.176,1004996,11157512,0,12162508,14690628,360,2668023808,6.21
123.276,1004996,11157512,0,12162508,14690628,360,2668023808,6.21
123.377,1004996,11157512,0,12162508,14690628,360,2668023808,6.21
123.477,1004996,11157512,0,12162508,14690628,360,2668023808,6.21
123.577,1004996,11157512,0,12162508,14690628,360,2668023808,6.21
123.678,1004996,11157512,0,12162508,14690628,360,2668023808,6.21
123.778,1004996,11157512,0,12162508,14690628,360,2668023808,6.21
123.879,1004996,11157512,0,12162508,14690628,360,2668023808,6.21
123.979,1004996,11157512,0,12162508,14690628,360,2668023808,6.21
124.079,1004996,11157512,0,12162508,14690628,360,2668023808,6.21
124.180,1004996,11157512,0,12162508,14690628,360,2668023808,6.21
124.280,1004996,11157512,0,12162508,14690628,360,2668023808,6.21
124.381,1004996,11157512,0,12162508,14690628,360,2668023808,6.21
124.481,1004996,11157512,0,12162508,14690628,360,2668023808,6.21
124.581,1004996,11157512,0,12162508,14690628,360,2668023808,6.21
124.682,1004996,11157512,0,12162508,14690628,360,2668023808,6.21
124.783,1004996,11157512,0,12162508,14690628,360,2668023808,5.09
124.883,1004996,11157512,0,12162508,14690628,360,2668023808,5.09
124.983,1004996,11157512,0,12162508,14690628,360,2668023808,5.09
125.084,1005056,11157512,0,12162568,14690628,360,2668023808,5.09
125.184,1005056,11157512,0,12162568,14690628,360,2668023808,5.09
125.285,1005056,11157512,0,12162568,14690628,360,2668023808,5.09
125.385,1005056,11157512,0,12162568,14690628,360,2668023808,5.09
125.485,1005056,11157512,0,12162568,14690628,360,2668023808,5.09
125.586,1005056,11157512,0,12162568,14690628,360,2668023808,5.09
125.686,1005056,11157512,0,12162568,14690628,360,2668023808,5.09
125.787,1005124,11157512,0,12162636,14690628,360,2668023808,5.09
125.887,1005160,11157512,0,12162672,14690628,360,2668023808,5.09
125.988,1005308,11157512,0,12162820,14690628,360,2668023808,5.09
126.089,1005584,11157512,0,12163096,14690628,360,2668023808,5.09
126.190,1005812,11157512,0,12163324,14690628,360,2668023808,5.09
126.290,1005988,11157512,0,12163500,14690628,360,2668023808,5.09
126.391,1005988,11157512,0,12163500,14690628,360,2668023808,5.09
126.491,1005988,11157512,0,12163500,14690628,360,2668023808,5.09
126.592,1005988,11157512,0,12163500,14690628,360,2668023808,5.09
126.692,1006004,11157512,0,12163516,14690628,360,2668023808,5.09
126.793,1006512,11157512,0,12164024,14690628,360,2668023808,4.16
126.893,1006592,11157512,0,12164104,14690628,360,2668023808,4.16
126.993,1007900,11157512,0,12165412,14690628,360,2668023808,4.16
127.094,1008504,11157512,0,12166016,14690628,360,2668023808,4.16
127.194,1010084,11157512,0,12167596,14690628,360,2668023808,4.16
127.295,1010984,11157512,0,12168496,14690628,360,2668023808,4.16
127.395,1011272,11157512,0,12168784,14690628,360,2668023808,4.16
127.495,1011572,11157512,0,12169084,14690628,360,2668023808,4.16
127.596,1013116,11157512,0,12170628,14690628,360,2668023808,4.16
127.696,1014092,11157512,0,12171604,14690628,360,2668023808,4.16
127.797,1014420,11157512,0,12171932,14690628,360,2668023808,4.16
127.897,1015596,11157512,0,12173108,14690628,360,2668023808,4.16
127.998,1017760,11157512,0,12175272,14690628,360,2668023808,4.16
128.098,1019256,11157512,0,12176768,14690628,360,2668023808,4.16
128.199,1019740,11157512,0,12177252,14690628,360,2668023808,4.16
128.299,1020916,11157512,0,12178428,14690628,360,2668023808,4.16
128.400,1022080,11157512,0,12179592,14690628,360,2668023808,4.16
128.500,1024400,11157512,0,12181912,14690628,360,2668023808,4.16
128.601,1025288,11157512,0,12182800,14690628,360,2668023808,4.16
128.701,1026400,11157512,0,12183912,14690628,360,2668023808,4.16
128.801,1028796,11157512,0,12186308,14690628,360,2668023808,3.41
128.902,1029800,11157512,0,12187312,14690628,360,2668023808,3.41
129.002,1030752,11157512,0,12188264,14690628,360,2668023808,3.41
129.102,1032276,11157512,0,12189788,14690628,360,2668023808,3.41
129.203,1034156,11157512,0,12191668,14690628,360,2668023808,3.41
129.303,1036576,11157512,0,12194088,14690628,360,2668023808,3.41
129.403,1037924,11157512,0,12195436,14690628,360,2668023808,3.41
129.504,1039136,11157512,0,12196648,14690628,360,2668023808,3.41
129.604,1041096,11157512,0,12198608,14690628,360,2668023808,3.41
129.704,1046852,11157512,0,12204364,14690628,360,2668023808,3.41
129.805,1047908,11157512,0,12205420,14690628,360,2668023808,3.41
129.905,1049896,11157512,0,12207408,14690628,360,2668023808,3.41
130.006,1053556,11157512,0,12211068,14690628,360,2668023808,3.41
130.106,1056812,11157512,0,12214324,14690628,360,2668023808,3.41
130.206,1059284,11157512,0,12216796,14690628,360,2668023808,3.41
130.307,1061368,11157512,0,12218880,14690628,360,2668023808,3.41
130.407,1065836,11157512,0,12223348,14690628,360,2668023808,3.41
130.507,1072516,11157512,0,12230028,14690628,360,2668023808,3.41
130.608,1072904,11157512,0,12230416,14690628,360,2668023808,3.41
130.708,1072904,11157512,0,12230416,14690628,360,2668023808,2.79
130.808,1072904,11157512,0,12230416,14690628,360,2668023808,2.79
130.909,1072904,11157512,0,12230416,14690628,360,2668023808,2.79
131.009,1033780,11157512,0,12191292,14690628,360,2668023808,2.79
131.109,563700,11157512,0,11721212,14690628,360,2668023808,2.79
131.210,563700,11157512,0,11721212,14690628,360,2668023808,2.79
131.310,563700,11157512,0,11721212,14690628,360,2668023808,2.79
131.411,563700,11157512,0,11721212,14690628,360,2668023808,2.79
131.511,563700,11157512,0,11721212,14690628,360,2668023808,2.79
131.611,563700,11157512,0,11721212,14690628,360,2668023808,2.79
131.712,563700,11157512,0,11721212,14690628,360,2668023808,2.79
131.812,563700,11157512,0,11721212,14690628,360,2668023808,2.79
131.912,563700,11157512,0,11721212,14690628,360,2668023808,2.79
132.013,563700,11157512,0,11721212,14690628,360,2668023808,2.79
132.113,563700,11157512,0,11721212,14690628,360,2668023808,2.79
132.213,563700,11157512,0,11721212,14690628,360,2668023808,2.79
132.314,563700,11157512,0,11721212,14690628,360,2668023808,2.79
132.414,563700,11157512,0,11721212,14690628,360,2668023808,2.79
132.514,563700,11157512,0,11721212,14690628,360,2668023808,2.79
132.615,563700,11157512,0,11721212,14690628,360,2668023808,2.79
132.715,563700,11157512,0,11721212,14690628,360,2668023808,2.65
132.815,563700,11157512,0,11721212,14690628,360,2668023808,2.65
132.916,563700,11157512,0,11721212,14690628,360,2668023808,2.65
133.016,563700,11157512,0,11721212,14690628,360,2668023808,2.65
133.117,563700,11157512,0,11721212,14690628,360,2668023808,2.65
133.217,563700,11157512,0,11721212,14690628,360,2668023808,2.65
133.317,563700,11157512,0,11721212,14690628,360,2668023808,2.65
133.418,563700,11157512,0,11721212,14690628,360,2668023808,2.65
133.518,563700,11157512,0,11721212,14690628,360,2668023808,2.65
133.618,563700,11157512,0,11721212,14690628,360,2668023808,2.65
133.719,566960,11157512,0,11724472,14690628,360,2668023808,2.65
133.819,572464,11157512,0,11729976,14690628,360,2668023808,2.65
133.919,575808,11157512,0,11733320,14690628,360,2668023808,2.65
134.020,583208,11157512,0,11740720,14690628,360,2668023808,2.65
134.120,588932,11157512,0,11746444,14690628,360,2668023808,2.65
134.221,592948,11157512,0,11750460,14690628,360,2668023808,2.65
134.321,596456,11157512,0,11753968,14690628,360,2668023808,2.65
134.421,601420,11157512,0,11758932,14690628,360,2668023808,2.65
134.522,611416,11157512,0,11768928,14690628,360,2668023808,2.65
134.622,615164,11157512,0,11772676,14690628,360,2668023808,2.65
134.722,619452,11157512,0,11776964,14690628,360,2668023808,2.17
134.823,623796,11157512,0,11781308,14690628,360,2668023808,2.17
134.923,628056,11157512,0,11785568,14690628,360,2668023808,2.17
135.023,633996,11157512,0,11791508,14690628,360,2668023808,2.17
135.124,638164,11157512,0,11795676,14690628,360,2668023808,2.17
135.224,641072,11157512,0,11798584,14690628,360,2668023808,2.17
135.324,645740,11157512,0,11803252,14690628,360,2668023808,2.17
135.425,651100,11157512,0,11808612,14690628,360,2668023808,2.17
135.525,655020,11157512,0,11812532,14690628,360,2668023808,2.17
135.625,659712,11157512,0,11817224,14690628,360,2668023808,2.17
135.726,664504,11157512,0,11822016,14690628,360,2668023808,2.17
135.826,669292,11157512,0,11826804,14690628,360,2668023808,2.17
135.926,674876,11157512,0,11832388,14690628,360,2668023808,2.17
136.027,679684,11157512,0,11837196,14690628,360,2668023808,2.17
136.127,684336,11157512,0,11841848,14690628,360,2668023808,2.17
136.227,688808,11157512,0,11846320,14690628,360,2668023808,2.17
136.328,692620,11157512,0,11850132,14690628,360,2668023808,2.17
136.428,697052,11157512,0,11854564,14690628,360,2668023808,2.17
136.529,702588,11157512,0,11860100,14690628,360,2668023808,2.17
136.629,706732,11157512,0,11864244,14690628,360,2668023808,2.17
136.729,711764,11157512,0,11869276,14690628,360,2668023808,1.77
136.830,717824,11157512,0,11875336,14690628,360,2668023808,1.77
136.930,724208,11157512,0,11881720,14690628,360,2668023808,1.77
137.030,730016,11157512,0,11887528,14690628,360,2668023808,1.77
137.131,737052,11157512,0,11894564,14690628,360,2668023808,1.77
137.231,741008,11157512,0,11898520,14690628,360,2668023808,1.77
137.331,754288,11157512,0,11911800,14690628,360,2668023808,1.77
137.432,758380,11157512,0,11915892,14690628,360,2668023808,1.77
137.532,768548,11157512,0,11926060,14690628,360,2668023808,1.77
137.633,770592,11157512,0,11928104,14690628,360,2668023808,1.77
137.733,775412,11157512,0,11932924,14690628,360,2668023808,1.77
137.833,780260,11157512,0,11937772,14690628,360,2668023808,1.77
137.934,784884,11157512,0,11942396,14690628,360,2668023808,1.77
138.034,791988,11157512,0,11949500,14690628,360,2668023808,1.77
138.134,794536,11157512,0,11952048,14690628,360,2668023808,1.77
138.235,798652,11157512,0,11956164,14690628,360,2668023808,1.77
138.335,803276,11157512,0,11960788,14690628,360,2668023808,1.77
138.435,808280,11157512,0,11965792,14690628,360,2668023808,1.77
138.536,819996,11157512,0,11977508,14690628,360,2668023808,1.77
138.636,830072,11157512,0,11987584,14690628,360,2668023808,1.45
138.736,832036,11157512,0,11989548,14690628,360,2668023808,1.45
138.837,835572,11157512,0,11993084,14690628,360,2668023808,1.45
138.937,842600,11157512,0,12000112,14690628,360,2668023808,1.45
139.038,847264,11157512,0,12004776,14690628,360,2668023808,1.45
139.138,850852,11157512,0,12008364,14690628,360,2668023808,1.45
139.238,855040,11157512,0,12012552,14690628,360,2668023808,1.45
139.339,859800,11157512,0,12017312,14690628,360,2668023808,1.45
139.439,863976,11157512,0,12021488,14690628,360,2668023808,1.45
139.539,868840,11157512,0,12026352,14690628,360,2668023808,1.45
139.640,875936,11157512,0,12033448,14690628,360,2668023808,1.45
139.740,880180,11157512,0,12037692,14690628,360,2668023808,1.45
139.841,885644,11157512,0,12043156,14690628,360,2668023808,1.45
139.941,889864,11157512,0,12047376,14690628,360,2668023808,1.45
140.041,894144,11157512,0,12051656,14690628,360,2668023808,1.45
140.142,898300,11157512,0,12055812,14690628,360,2668023808,1.45
140.242,905676,11157512,0,12063188,14690628,360,2668023808,1.45
140.343,907988,11157512,0,12065500,14690628,360,2668023808,1.45
140.443,912472,11157512,0,12069984,14690628,360,2668023808,1.45
140.543,916616,11157512,0,12074128,14690628,360,2668023808,1.45
140.644,921080,11157512,0,12078592,14690628,360,2668023808,1.19
140.744,923904,11157512,0,12081416,14690628,360,2668023808,1.19
140.845,929352,11157512,0,12086864,14690628,360,2668023808,1.19
140.945,934436,11157512,0,12091948,14690628,360,2668023808,1.19
141.046,938228,11157512,0,12095740,14690628,360,2668023808,1.19
141.146,943764,11157512,0,12101276,14690628,360,2668023808,1.19
141.246,945816,11157512,0,12103328,14690628,360,2668023808,1.19
141.347,949540,11157512,0,12107052,14690628,360,2668023808,1.19
141.447,953632,11157512,0,12111144,14690628,360,2668023808,1.19
141.548,961544,11157512,0,12119056,14690628,360,2668023808,1.19
141.648,967404,11157512,0,12124916,14690628,360,2668023808,1.19
141.749,970968,11157512,0,12128480,14690628,360,2668023808,1.19
141.849,974888,11157512,0,12132400,14690628,360,2668023808,1.19
141.949,980060,11157512,0,12137572,14690628,360,2668023808,1.19
142.050,984660,11157512,0,12142172,14690628,360,2668023808,1.19
142.150,989772,11157512,0,12147284,14690628,360,2668023808,1.19
142.251,994856,11157512,0,12152368,14690628,360,2668023808,1.19
142.351,1001080,11157512,0,12158592,14690628,360,2668023808,1.19
142.452,1003016,11157512,0,12160528,14690628,360,2668023808,1.19
142.552,1007172,11157512,0,12164684,14690628,360,2668023808,1.19
142.653,1011756,11157512,0,12169268,14690628,360,2668023808,0.97
142.754,1018540,11157512,0,12176052,14690628,360,2668023808,0.97
142.854,1018540,11157512,0,12176052,14690628,360,2668023808,0.97
142.955,1018540,11157512,0,12176052,14690628,360,2668023808,0.97
143.055,1018540,11157512,0,12176052,14690628,360,2668023808,0.97
143.156,879892,11157512,0,12037404,14690628,360,2668023808,0.97
143.256,750260,11157512,0,11907772,14690628,360,2668023808,0.97
143.357,750260,11157512,0,11907772,14690628,360,2668023808,0.97
143.458,750260,11157512,0,11907772,14690628,360,2668023808,0.97
143.558,750260,11157512,0,11907772,14690628,360,2668023808,0.97
143.659,750260,11157512,0,11907772,14690628,360,2668023808,0.97
143.759,750260,11157512,0,11907772,14690628,360,2668023808,0.97
143.859,750260,11157512,0,11907772,14690628,360,2668023808,0.97
143.960,750260,11157512,0,11907772,14690628,360,2668023808,0.97
144.061,750260,11157512,0,11907772,14690628,360,2668023808,0.97
144.161,750260,11157512,0,11907772,14690628,360,2668023808,0.97
144.262,750260,11157512,0,11907772,14690628,360,2668023808,0.97
144.362,750260,11157512,0,11907772,14690628,360,2668023808,0.97
144.463,750260,11157512,0,11907772,14690628,360,2668023808,0.97
144.563,750260,11157512,0,11907772,14690628,360,2668023808,0.97
144.663,750260,11157512,0,11907772,14690628,360,2668023808,0.97
144.764,750260,11157512,0,11907772,14690628,360,2668023808,0.97
144.864,750260,11157512,0,11907772,14690628,360,2668023808,0.97
144.965,750260,11157512,0,11907772,14690628,360,2668023808,0.97
145.065,750260,11157512,0,11907772,14690628,360,2668023808,0.97
145.166,750260,11157512,0,11907772,14690628,360,2668023808,0.97
145.266,750260,11157512,0,11907772,14690628,360,2668023808,0.97
145.367,750260,11157512,0,11907772,14690628,360,2668023808,0.97
145.468,750260,11157512,0,11907772,14690628,360,2668023808,0.97
145.568,750260,11157512,0,11907772,14690628,360,2668023808,0.97
145.669,750260,11157512,0,11907772,14690628,360,2668023808,0.97
145.769,750260,11157512,0,11907772,14690628,360,2668023808,0.97
145.870,750260,11157512,0,11907772,14690628,360,2668023808,0.97
145.970,750260,11157512,0,11907772,14690628,360,2668023808,0.97
146.071,750260,11157512,0,11907772,14690628,360,2668023808,0.97
146.171,750260,11157512,0,11907772,14690628,360,2668023808,0.97
146.272,750260,11157512,0,11907772,14690628,360,2668023808,0.97
146.372,750260,11157512,0,11907772,14690628,360,2668023808,0.97
146.473,750260,11157512,0,11907772,14690628,360,2668023808,0.97
146.573,750260,11157512,0,11907772,14690628,360,2668023808,0.97
146.674,750260,11157512,0,11907772,14690628,360,2668023808,0.8
146.774,750260,11157512,0,11907772,14690628,360,2668023808,0.8
146.875,750260,11157512,0,11907772,14690628,360,2668023808,0.8
146.976,750260,11157512,0,11907772,14690628,360,2668023808,0.8
147.076,750260,11157512,0,11907772,14690628,360,2668023808,0.8
147.177,750260,11157512,0,11907772,14690628,360,2668023808,0.8
147.277,750260,11157512,0,11907772,14690628,360,2668023808,0.8
147.378,750260,11157512,0,11907772,14690628,360,2668023808,0.8
147.478,750260,11157512,0,11907772,14690628,360,2668023808,0.8
147.579,750260,11157512,0,11907772,14690628,360,2668023808,0.8
147.680,750260,11157512,0,11907772,14690628,360,2668023808,0.8
147.780,750260,11157512,0,11907772,14690628,360,2668023808,0.8
147.880,750260,11157512,0,11907772,14690628,360,2668023808,0.8
147.981,750260,11157512,0,11907772,14690628,360,2668023808,0.8
148.081,750260,11157512,0,11907772,14690628,360,2668023808,0.8
148.182,750260,11157512,0,11907772,14690628,360,2668023808,0.8
148.283,750260,11157512,0,11907772,14690628,360,2668023808,0.8
148.383,750260,11157512,0,11907772,14690628,360,2668023808,0.8
148.483,750260,11157512,0,11907772,14690628,360,2668023808,0.8
148.584,750260,11157512,0,11907772,14690628,360,2668023808,0.8
148.685,750272,11157512,0,11907784,14690628,360,2668023808,0.8
148.785,750296,11157512,0,11907808,14690628,360,2668023808,0.65
148.886,756500,11157512,0,11914012,14690628,360,2668023808,0.65
148.986,760732,11157512,0,11918244,14690628,360,2668023808,0.65
149.087,761948,11157512,0,11919460,14690628,360,2668023808,0.65
149.187,765256,11157512,0,11922768,14690628,360,2668023808,0.65
149.287,771696,11157512,0,11929208,14690628,360,2668023808,0.65
149.388,774908,11157512,0,11932420,14690628,360,2668023808,0.65
149.488,785620,11157512,0,11943132,14690628,360,2668023808,0.65
149.589,794344,11157512,0,11951856,14690628,360,2668023808,0.65
149.689,794964,11157512,0,11952476,14690628,360,2668023808,0.65
149.789,796812,11157512,0,11954324,14690628,360,2668023808,0.65
149.890,803148,11157512,0,11960660,14690628,360,2668023808,0.65
149.990,804460,11157512,0,11961972,14690628,360,2668023808,0.65
150.091,807728,11157512,0,11965240,14690628,360,2668023808,0.65
150.191,810416,11157512,0,11967928,14690628,360,2668023808,0.65
150.292,815012,11157512,0,11972524,14690628,360,2668023808,0.65
150.392,820184,11157512,0,11977696,14690628,360,2668023808,0.65
150.492,841616,11157512,0,11999128,14690628,360,2668023808,0.65
150.593,842764,11157512,0,12000276,14690628,360,2668023808,0.65
150.693,843956,11157512,0,12001468,14690628,360,2668023808,0.65
150.794,845716,11157512,0,12003228,14690628,360,2668023808,0.53
150.894,848664,11157512,0,12006176,14690628,360,2668023808,0.53
150.995,851684,11157512,0,12009196,14690628,360,2668023808,0.53
151.095,856676,11157512,0,12014188,14690628,360,2668023808,0.53
151.196,860332,11157512,0,12017844,14690628,360,2668023808,0.53
151.296,864752,11157512,0,12022264,14690628,360,2668023808,0.53
151.397,867744,11157512,0,12025256,14690628,360,2668023808,0.53
151.498,871760,11157512,0,12029272,14690628,360,2668023808,0.53
151.598,876724,11157512,0,12034236,14690628,360,2668023808,0.53
151.699,881032,11157512,0,12038544,14690628,360,2668023808,0.53
151.799,888492,11157512,0,12046004,14690628,360,2668023808,0.53
151.900,892312,11157512,0,12049824,14690628,360,2668023808,0.53
152.000,895484,11157512,0,12052996,14690628,360,2668023808,0.53
152.100,901708,11157512,0,12059220,14690628,360,2668023808,0.53
152.201,904488,11157512,0,12062000,14690628,360,2668023808,0.53
152.301,908296,11157512,0,12065808,14690628,360,2668023808,0.53
152.402,911152,11157512,0,12068664,14690628,360,2668023808,0.53
152.502,916708,11157512,0,12074220,14690628,360,2668023808,0.53
152.603,918964,11157512,0,12076476,14690628,360,2668023808,0.53
152.703,923084,11157512,0,12080596,14690628,360,2668023808,0.53
152.804,927332,11157512,0,12084844,14690628,360,2668023808,0.62
152.904,930484,11157512,0,12087996,14690628,360,2668023808,0.62
153.005,933716,11157512,0,12091228,14690628,360,2668023808,0.62
153.106,935768,11157512,0,12093280,14690628,360,2668023808,0.62
153.206,939624,11157512,0,12097136,14690628,360,2668023808,0.62
153.307,943392,11157512,0,12100904,14690628,360,2668023808,0.62
153.407,949660,11157512,0,12107172,14690628,360,2668023808,0.62
153.508,955196,11157512,0,12112708,14690628,360,2668023808,0.62
153.608,960476,11157512,0,12117988,14690628,360,2668023808,0.62
153.709,962052,11157512,0,12119564,14690628,360,2668023808,0.62
153.809,966732,11157512,0,12124244,14690628,360,2668023808,0.62
153.909,970784,11157512,0,12128296,14690628,360,2668023808,0.62
154.010,975564,11157512,0,12133076,14690628,360,2668023808,0.62
154.110,979052,11157512,0,12136564,14690628,360,2668023808,0.62
154.211,983968,11157512,0,12141480,14690628,360,2668023808,0.62
154.312,989864,11157512,0,12147376,14690628,360,2668023808,0.62
154.413,995000,11157512,0,12152512,14690628,360,2668023808,0.62
154.513,999796,11157512,0,12157308,14690628,360,2668023808,0.62
154.614,1003372,11157512,0,12160884,14690628,360,2668023808,0.62
154.714,1006612,11157512,0,12164124,14690628,360,2668023808,0.62
154.815,1012264,11157512,0,12169776,14690628,360,2668023808,1.41
154.915,1018952,11157512,0,12176464,14690628,360,2668023808,1.41
155.016,1018952,11157512,0,12176464,14690628,360,2668023808,1.41
155.117,1018952,11157512,0,12176464,14690628,360,2668023808,1.41
155.218,1018952,11157512,0,12176464,14690628,360,2668023808,1.41
155.318,1018952,11157512,0,12176464,14690628,360,2668023808,1.41
155.418,750368,11157512,0,11907880,14690628,360,2668023808,1.41
155.519,750368,11157512,0,11907880,14690628,360,2668023808,1.41
155.619,750368,11157512,0,11907880,14690628,360,2668023808,1.41
155.720,750368,11157512,0,11907880,14690628,360,2668023808,1.41
155.820,750368,11157512,0,11907880,14690628,360,2668023808,1.41
155.920,750368,11157512,0,11907880,14690628,360,2668023808,1.41
156.021,750368,11157512,0,11907880,14690628,360,2668023808,1.41
156.121,750368,11157512,0,11907880,14690628,360,2668023808,1.41
156.222,750368,11157512,0,11907880,14690628,360,2668023808,1.41
156.322,750368,11157512,0,11907880,14690628,360,2668023808,1.41
156.423,750368,11157512,0,11907880,14690628,360,2668023808,1.41
156.524,750368,11157512,0,11907880,14690628,360,2668023808,1.41
156.624,750368,11157512,0,11907880,14690628,360,2668023808,1.41
156.726,750368,11157512,0,11907880,14690628,360,2668023808,1.41
156.826,750368,11157512,0,11907880,14690628,360,2668023808,1.33
156.927,750368,11157512,0,11907880,14690628,360,2668023808,1.33
157.028,750368,11157512,0,11907880,14690628,360,2668023808,1.33
157.128,750368,11157512,0,11907880,14690628,360,2668023808,1.33
157.229,750368,11157512,0,11907880,14690628,360,2668023808,1.33
157.330,750368,11157512,0,11907880,14690628,360,2668023808,1.33
157.430,750368,11157512,0,11907880,14690628,360,2668023808,1.33
157.531,750368,11157512,0,11907880,14690628,360,2668023808,1.33
157.632,750368,11157512,0,11907880,14690628,360,2668023808,1.33
157.733,750368,11157512,0,11907880,14690628,360,2668023808,1.33
157.834,750368,11157512,0,11907880,14690628,360,2668023808,1.33
157.934,750368,11157512,0,11907880,14690628,360,2668023808,1.33
158.036,750368,11157512,0,11907880,14690628,360,2668023808,1.33
158.136,750368,11157512,0,11907880,14690628,360,2668023808,1.33
158.237,750368,11157512,0,11907880,14690628,360,2668023808,1.33
158.338,750368,11157512,0,11907880,14690628,360,2668023808,1.33
158.438,750368,11157512,0,11907880,14690628,360,2668023808,1.33
158.539,750368,11157512,0,11907880,14690628,360,2668023808,1.33
158.640,750368,11157512,0,11907880,14690628,360,2668023808,1.33
158.741,750368,11157512,0,11907880,14690628,360,2668023808,1.33
158.841,750368,11157512,0,11907880,14690628,360,2668023808,1.09
158.942,750368,11157512,0,11907880,14690628,360,2668023808,1.09
159.042,750368,11157512,0,11907880,14690628,360,2668023808,1.09
159.143,750368,11157512,0,11907880,14690628,360,2668023808,1.09
159.244,750368,11157512,0,11907880,14690628,360,2668023808,1.09
159.344,750368,11157512,0,11907880,14690628,360,2668023808,1.09
159.445,750368,11157512,0,11907880,14690628,360,2668023808,1.09
159.545,750368,11157512,0,11907880,14690628,360,2668023808,1.09
159.647,750368,11157512,0,11907880,14690628,360,2668023808,1.09
159.748,750368,11157512,0,11907880,14690628,360,2668023808,1.09
159.848,750368,11157512,0,11907880,14690628,360,2668023808,1.09
159.949,750368,11157512,0,11907880,14690628,360,2668023808,1.09
160.049,750368,11157512,0,11907880,14690628,360,2668023808,1.09
160.151,750368,11157512,0,11907880,14690628,360,2668023808,1.09
160.252,750368,11157512,0,11907880,14690628,360,2668023808,1.09
160.352,750368,11157512,0,11907880,14690628,360,2668023808,1.09
160.453,750368,11157512,0,11907880,14690628,360,2668023808,1.09
160.553,750368,11157512,0,11907880,14690628,360,2668023808,1.09
160.654,750368,11157512,0,11907880,14690628,360,2668023808,1.09
160.754,750368,11157512,0,11907880,14690628,360,2668023808,1.09
160.854,750368,11157512,0,11907880,14690628,360,2668023808,0.89
160.955,750372,11157512,0,11907884,14690628,360,2668023808,0.89
161.055,754784,11157512,0,11912296,14690628,360,2668023808,0.89
161.155,762372,11157512,0,11919884,14690628,360,2668023808,0.89
161.256,771972,11157512,0,11929484,14690628,360,2668023808,0.89
161.356,773336,11157512,0,11930848,14690628,360,2668023808,0.89
161.456,780984,11157512,0,11938496,14690628,360,2668023808,0.89
161.557,782480,11157512,0,11939992,14690628,360,2668023808,0.89
161.657,785172,11157512,0,11942684,14690628,360,2668023808,0.89
161.757,790376,11157512,0,11947888,14690628,360,2668023808,0.89
161.858,792140,11157512,0,11949652,14690628,360,2668023808,0.89
161.958,794892,11157512,0,11952404,14690628,360,2668023808,0.89
162.058,809464,11157512,0,11966976,14690628,360,2668023808,0.89
162.159,814348,11157512,0,11971860,14690628,360,2668023808,0.89
162.259,815240,11157512,0,11972752,14690628,360,2668023808,0.89
162.359,817256,11157512,0,11974768,14690628,360,2668023808,0.89
162.460,822208,11157512,0,11979720,14690628,360,2668023808,0.89
162.560,824392,11157512,0,11981904,14690628,360,2668023808,0.89
162.661,827696,11157512,0,11985208,14690628,360,2668023808,0.89
162.761,831116,11157512,0,11988628,14690628,360,2668023808,0.73
162.862,834800,11157512,0,11992312,14690628,360,2668023808,0.73
162.962,838412,11157512,0,11995924,14690628,360,2668023808,0.73
163.062,842120,11157512,0,11999632,14690628,360,2668023808,0.73
163.162,847392,11157512,0,12004904,14690628,360,2668023808,0.73
163.263,850060,11157512,0,12007572,14690628,360,2668023808,0.73
163.363,853468,11157512,0,12010980,14690628,360,2668023808,0.73
163.463,856716,11157512,0,12014228,14690628,360,2668023808,0.73
163.564,861024,11157512,0,12018536,14690628,360,2668023808,0.73
163.664,864480,11157512,0,12021992,14690628,360,2668023808,0.73
163.764,868412,11157512,0,12025924,14690628,360,2668023808,0.73
163.865,872756,11157512,0,12030268,14690628,360,2668023808,0.73
163.965,875812,11157512,0,12033324,14690628,360,2668023808,0.73
164.065,880880,11157512,0,12038392,14690628,360,2668023808,0.73
164.166,887928,11157512,0,12045440,14690628,360,2668023808,0.73
164.266,891464,11157512,0,12048976,14690628,360,2668023808,0.73
164.366,895852,11157512,0,12053364,14690628,360,2668023808,0.73
164.467,899000,11157512,0,12056512,14690628,360,2668023808,0.73
164.567,906728,11157512,0,12064240,14690628,360,2668023808,0.73
164.667,911248,11157512,0,12068760,14690628,360,2668023808,0.73
164.768,916960,11157512,0,12074472,14690628,360,2668023808,0.6
164.868,923696,11157512,0,12081208,14690628,360,2668023808,0.6
164.968,925440,11157512,0,12082952,14690628,360,2668023808,0.6
165.069,929348,11157512,0,12086860,14690628,360,2668023808,0.6
165.169,932484,11157512,0,12089996,14690628,360,2668023808,0.6
165.269,938520,11157512,0,12096032,14690628,360,2668023808,0.6
165.370,941868,11157512,0,12099380,14690628,360,2668023808,0.6
165.470,948280,11157512,0,12105792,14690628,360,2668023808,0.6
165.570,950752,11157512,0,12108264,14690628,360,2668023808,0.6
165.671,955324,11157512,0,12112836,14690628,360,2668023808,0.6
165.771,961484,11157512,0,12118996,14690628,360,2668023808,0.6
165.872,965996,11157512,0,12123508,14690628,360,2668023808,0.6
165.972,972856,11157512,0,12130368,14690628,360,2668023808,0.6
166.072,977480,11157512,0,12134992,14690628,360,2668023808,0.6
166.173,990544,11157512,0,12148056,14690628,360,2668023808,0.6
166.273,996760,11157512,0,12154272,14690628,360,2668023808,0.6
166.373,998844,11157512,0,12156356,14690628,360,2668023808,0.6
166.474,1001820,11157512,0,12159332,14690628,360,2668023808,0.6
166.574,1012396,11157512,0,12169908,14690628,360,2668023808,0.6
166.675,1014524,11157512,0,12172036,14690628,360,2668023808,0.6
166.775,1021884,11157512,0,12179396,14690628,360,2668023808,0.49
166.875,1043856,11157512,0,12201368,14690628,360,2668023808,0.49
166.976,1043856,11157512,0,12201368,14690628,360,2668023808,0.49
167.076,1043856,11157512,0,12201368,14690628,360,2668023808,0.49
167.176,1043856,11157512,0,12201368,14690628,360,2668023808,0.49
167.277,1043856,11157512,0,12201368,14690628,360,2668023808,0.49
167.377,769116,11157512,0,11926628,14690628,360,2668023808,0.49
167.478,769116,11157512,0,11926628,14690628,360,2668023808,0.49
167.578,769116,11157512,0,11926628,14690628,360,2668023808,0.49
167.678,769116,11157512,0,11926628,14690628,360,2668023808,0.49
167.779,769116,11157704,0,11926820,14690628,360,2668023808,0.49
167.879,769116,11157704,0,11926820,14690628,360,2668023808,0.49
167.979,769116,11157704,0,11926820,14690628,360,2668023808,0.49
168.080,769116,11157704,0,11926820,14690628,360,2668023808,0.49
168.180,769116,11157704,0,11926820,14690628,360,2668023808,0.49
168.281,769116,11157704,0,11926820,14690628,360,2668023808,0.49
168.381,769116,11157704,0,11926820,14690628,360,2668023808,0.49
168.481,769116,11157704,0,11926820,14690628,360,2668023808,0.49
168.582,769116,11157704,0,11926820,14690628,360,2668023808,0.49
168.682,769116,11157704,0,11926820,14690628,360,2668023808,0.49
168.783,769116,11157704,0,11926820,14690628,360,2668023808,0.58
168.883,769116,11157704,0,11926820,14690628,360,2668023808,0.58
168.983,769116,11157704,0,11926820,14690628,360,2668023808,0.58
169.084,769116,11157704,0,11926820,14690628,360,2668023808,0.58
169.184,769116,11157704,0,11926820,14690628,360,2668023808,0.58
169.284,769116,11157704,0,11926820,14690628,360,2668023808,0.58
169.385,769116,11157704,0,11926820,14690628,360,2668023808,0.58
169.485,769116,11157704,0,11926820,14690628,360,2668023808,0.58
169.586,769116,11157704,0,11926820,14690628,360,2668023808,0.58
169.686,769116,11157704,0,11926820,14690628,360,2668023808,0.58
169.786,769116,11157704,0,11926820,14690628,360,2668023808,0.58
169.887,769116,11157704,0,11926820,14690628,360,2668023808,0.58
169.987,769116,11157704,0,11926820,14690628,360,2668023808,0.58
170.087,769116,11157704,0,11926820,14690628,360,2668023808,0.58
170.188,769116,11157704,0,11926820,14690628,360,2668023808,0.58
170.288,769116,11157704,0,11926820,14690628,360,2668023808,0.58
170.388,769116,11157704,0,11926820,14690628,360,2668023808,0.58
170.489,769116,11157704,0,11926820,14690628,360,2668023808,0.58
170.589,769116,11157704,0,11926820,14690628,360,2668023808,0.58
170.689,769116,11157704,0,11926820,14690628,360,2668023808,0.58
170.790,769116,11157704,0,11926820,14690628,360,2668023808,0.47
170.890,769116,11157704,0,11926820,14690628,360,2668023808,0.47
170.991,769116,11157704,0,11926820,14690628,360,2668023808,0.47
171.091,769116,11157704,0,11926820,14690628,360,2668023808,0.47
171.191,769116,11157704,0,11926820,14690628,360,2668023808,0.47
171.292,769116,11157704,0,11926820,14690628,360,2668023808,0.47
171.392,769116,11157704,0,11926820,14690628,360,2668023808,0.47
171.493,769116,11157704,0,11926820,14690628,360,2668023808,0.47
171.593,769116,11157704,0,11926820,14690628,360,2668023808,0.47
171.693,769116,11157704,0,11926820,14690628,360,2668023808,0.47
171.794,769116,11157704,0,11926820,14690628,360,2668023808,0.47
171.894,769116,11157704,0,11926820,14690628,360,2668023808,0.47
171.995,769116,11157704,0,11926820,14690628,360,2668023808,0.47
172.095,769116,11157704,0,11926820,14690628,360,2668023808,0.47
172.195,769116,11157704,0,11926820,14690628,360,2668023808,0.47
172.296,769116,11157704,0,11926820,14690628,360,2668023808,0.47
172.396,769116,11157704,0,11926820,14690628,360,2668023808,0.47
172.497,769116,11157704,0,11926820,14690628,360,2668023808,0.47
172.597,769116,11157704,0,11926820,14690628,360,2668023808,0.47
172.698,769116,11157704,0,11926820,14690628,360,2668023808,0.47
172.798,769116,11157704,0,11926820,14690628,360,2668023808,0.39
172.899,769116,11157704,0,11926820,14690628,360,2668023808,0.39
172.999,769116,11157704,0,11926820,14690628,360,2668023808,0.39
173.099,769116,11157704,0,11926820,14690628,360,2668023808,0.39
173.200,769116,11157704,0,11926820,14690628,360,2668023808,0.39
173.300,769116,11157704,0,11926820,14690628,360,2668023808,0.39
173.401,769116,11157704,0,11926820,14690628,360,2668023808,0.39
173.502,769116,11157704,0,11926820,14690628,360,2668023808,0.39
173.602,769116,11157704,0,11926820,14690628,360,2668023808,0.39
173.703,769116,11157704,0,11926820,14690628,360,2668023808,0.39
173.803,769116,11157704,0,11926820,14690628,360,2668023808,0.39
173.903,769116,11157704,0,11926820,14690628,360,2668023808,0.39
174.004,769116,11157704,0,11926820,14690628,360,2668023808,0.39
174.104,769116,11157704,0,11926820,14690628,360,2668023808,0.39
174.205,769116,11157704,0,11926820,14690628,360,2668023808,0.39
174.305,769116,11157704,0,11926820,14690628,360,2668023808,0.39
174.406,769116,11157704,0,11926820,14690628,360,2668023808,0.39
174.506,769116,11157704,0,11926820,14690628,360,2668023808,0.39
174.607,769116,11157704,0,11926820,14690628,360,2668023808,0.39
174.707,769116,11157704,0,11926820,14690628,360,2668023808,0.32
174.807,769116,11157704,0,11926820,14690628,360,2668023808,0.32
174.908,769116,11157704,0,11926820,14690628,360,2668023808,0.32
175.008,769116,11157704,0,11926820,14690628,360,2668023808,0.32
175.109,769116,11157704,0,11926820,14690628,360,2668023808,0.32
175.209,769116,11157704,0,11926820,14690628,360,2668023808,0.32
175.310,769116,11157704,0,11926820,14690628,360,2668023808,0.32
175.410,769116,11157704,0,11926820,14690628,360,2668023808,0.32
175.511,769116,11157704,0,11926820,14690628,360,2668023808,0.32
175.611,769116,11157704,0,11926820,14690628,360,2668023808,0.32
175.712,769116,11157704,0,11926820,14690628,360,2668023808,0.32
175.813,769116,11157704,0,11926820,14690628,360,2668023808,0.32
175.913,769116,11157704,0,11926820,14690628,360,2668023808,0.32
176.014,769116,11157704,0,11926820,14690628,360,2668023808,0.32
176.115,769116,11157704,0,11926820,14690628,360,2668023808,0.32
176.215,769116,11157704,0,11926820,14690628,360,2668023808,0.32
176.316,769116,11157704,0,11926820,14690628,360,2668023808,0.32
176.417,769116,11157704,0,11926820,14690628,360,2668023808,0.32
176.517,769116,11157704,0,11926820,14690628,360,2668023808,0.32
176.617,769116,11157704,0,11926820,14690628,360,2668023808,0.32
176.718,769116,11157704,0,11926820,14690628,360,2668023808,0.32
176.818,769116,11157704,0,11926820,14690628,360,2668023808,0.26
176.919,769116,11157704,0,11926820,14690628,360,2668023808,0.26
177.019,769116,11157704,0,11926820,14690628,360,2668023808,0.26
177.120,769116,11157704,0,11926820,14690628,360,2668023808,0.26
177.221,769116,11157704,0,11926820,14690628,360,2668023808,0.26
177.321,769116,11157704,0,11926820,14690628,360,2668023808,0.26
177.422,769116,11157704,0,11926820,14690628,360,2668023808,0.26
177.522,769116,11157704,0,11926820,14690628,360,2668023808,0.26
177.623,769116,11157704,0,11926820,14690628,360,2668023808,0.26
177.723,769116,11157704,0,11926820,14690628,360,2668023808,0.26
177.824,769116,11157704,0,11926820,14690628,360,2668023808,0.26
177.924,769116,11157704,0,11926820,14690628,360,2668023808,0.26
178.025,769116,11157704,0,11926820,14690628,360,2668023808,0.26
178.126,769116,11157704,0,11926820,14690628,360,2668023808,0.26
178.226,769116,11157704,0,11926820,14690628,360,2668023808,0.26
178.327,769116,11157704,0,11926820,14690628,360,2668023808,0.26
178.427,769116,11157704,0,11926820,14690628,360,2668023808,0.26
178.528,769116,11157704,0,11926820,14690628,360,2668023808,0.26
178.629,769116,11157704,0,11926820,14690628,360,2668023808,0.26
178.729,769116,11157704,0,11926820,14690628,360,2668023808,0.26
178.830,769116,11157704,0,11926820,14690628,360,2668023808,0.21
178.930,769116,11157704,0,11926820,14690628,360,2668023808,0.21
179.031,769116,11157704,0,11926820,14690628,360,2668023808,0.21
179.132,769116,11157704,0,11926820,14690628,360,2668023808,0.21
179.232,769116,11157704,0,11926820,14690628,360,2668023808,0.21
179.333,769116,11157704,0,11926820,14690628,360,2668023808,0.21
179.434,769116,11157704,0,11926820,14690628,360,2668023808,0.21
179.534,769116,11157704,0,11926820,14690628,360,2668023808,0.21
179.635,769116,11157704,0,11926820,14690628,360,2668023808,0.21
179.735,769116,11157704,0,11926820,14690628,360,2668023808,0.21
179.836,769116,11157704,0,11926820,14690628,360,2668023808,0.21
179.936,769116,11157704,0,11926820,14690628,360,2668023808,0.21
180.037,769116,11157704,0,11926820,14690628,360,2668023808,0.21
180.137,769116,11157704,0,11926820,14690628,360,2668023808,0.21
180.238,769116,11157704,0,11926820,14690628,360,2668023808,0.21
180.339,769116,11157704,0,11926820,14690628,360,2668023808,0.21
180.439,769116,11157704,0,11926820,14690628,360,2668023808,0.21
180.540,769116,11157704,0,11926820,14690628,360,2668023808,0.21
180.641,769116,11157704,0,11926820,14690628,360,2668023808,0.21
180.742,769116,11157704,0,11926820,14690628,360,2668023808,0.21
180.842,769116,11157704,0,11926820,14690628,360,2668023808,0.17
180.943,769116,11157704,0,11926820,14690628,360,2668023808,0.17
181.044,769116,11157704,0,11926820,14690628,360,2668023808,0.17
181.145,769116,11157704,0,11926820,14690628,360,2668023808,0.17
181.245,769116,11157704,0,11926820,14690628,360,2668023808,0.17
181.346,769116,11157704,0,11926820,14690628,360,2668023808,0.17
181.447,769116,11157704,0,11926820,14690628,360,2668023808,0.17
181.548,769116,11157704,0,11926820,14690628,360,2668023808,0.17
181.649,769116,11157704,0,11926820,14690628,360,2668023808,0.17
181.749,769116,11157704,0,11926820,14690628,360,2668023808,0.17
181.850,769116,11157704,0,11926820,14690628,360,2668023808,0.17
181.950,769116,11157704,0,11926820,14690628,360,2668023808,0.17
182.051,769116,11157704,0,11926820,14690628,360,2668023808,0.17
182.151,769116,11157704,0,11926820,14690628,360,2668023808,0.17
182.252,769116,11157704,0,11926820,14690628,360,2668023808,0.17
182.352,769116,11157704,0,11926820,14690628,360,2668023808,0.17
182.453,769116,11157704,0,11926820,14690628,360,2668023808,0.17
182.553,769116,11157704,0,11926820,14690628,360,2668023808,0.17
182.654,769116,11157704,0,11926820,14690628,360,2668023808,0.17
182.754,769116,11157704,0,11926820,14690628,360,2668023808,0.17
182.855,769116,11157704,0,11926820,14690628,360,2668023808,0.14
182.956,769116,11157704,0,11926820,14690628,360,2668023808,0.14
183.056,769116,11157704,0,11926820,14690628,360,2668023808,0.14
183.157,769116,11157704,0,11926820,14690628,360,2668023808,0.14
183.257,769116,11157704,0,11926820,14690628,360,2668023808,0.14
183.358,769116,11157704,0,11926820,14690628,360,2668023808,0.14
183.458,769116,11157704,0,11926820,14690628,360,2668023808,0.14
183.559,769116,11157704,0,11926820,14690628,360,2668023808,0.14
183.660,769116,11157704,0,11926820,14690628,360,2668023808,0.14
183.760,769116,11157704,0,11926820,14690628,360,2668023808,0.14
183.861,769116,11157704,0,11926820,14690628,360,2668023808,0.14
183.961,769116,11157704,0,11926820,14690628,360,2668023808,0.14
184.062,769116,11157704,0,11926820,14690628,360,2668023808,0.14
184.162,769656,11157704,0,11927360,14690628,360,2668023808,0.14
184.263,769656,11157704,0,11927360,14690628,360,2668023808,0.14
184.364,769656,11157704,0,11927360,14690628,360,2668023808,0.14
184.465,769656,11157704,0,11927360,14690628,360,2668023808,0.14
184.566,769656,11157704,0,11927360,14690628,360,2668023808,0.14
184.666,769656,11157704,0,11927360,14690628,360,2668023808,0.14
184.766,769656,11157704,0,11927360,14690628,360,2668023808,0.14
184.867,769656,11157704,0,11927360,14690628,360,2668023808,1.38
184.968,769656,11157704,0,11927360,14690628,360,2668023808,1.38
185.068,769656,11157704,0,11927360,14690628,360,2668023808,1.38
185.169,769656,11157704,0,11927360,14690628,360,2668023808,1.38
185.269,769656,11157704,0,11927360,14690628,360,2668023808,1.38
185.370,769656,11157704,0,11927360,14690628,360,2668023808,1.38
185.471,769656,11157704,0,11927360,14690628,360,2668023808,1.38
185.572,769656,11157704,0,11927360,14690628,360,2668023808,1.38
185.673,769656,11157704,0,11927360,14690628,360,2668023808,1.38
185.773,769656,11157704,0,11927360,14690628,360,2668023808,1.38
185.874,769656,11157704,0,11927360,14690628,360,2668023808,1.38
185.974,769656,11157704,0,11927360,14690628,360,2668023808,1.38
186.075,769656,11157704,0,11927360,14690628,360,2668023808,1.38
186.175,769656,11157704,0,11927360,14690628,360,2668023808,1.38
186.276,769656,11157704,0,11927360,14690628,360,2668023808,1.38
186.377,769656,11157704,0,11927360,14690628,360,2668023808,1.38
186.477,769656,11157704,0,11927360,14690628,360,2668023808,1.38
186.578,769656,11157704,0,11927360,14690628,360,2668023808,1.38
186.678,769656,11157704,0,11927360,14690628,360,2668023808,1.38
186.779,769656,11157704,0,11927360,14690628,360,2668023808,1.38
186.879,769656,11157704,0,11927360,14690628,360,2668023808,1.13
186.980,769656,11157704,0,11927360,14690628,360,2668023808,1.13
187.080,769656,11157704,0,11927360,14690628,360,2668023808,1.13
187.181,769656,11157704,0,11927360,14690628,360,2668023808,1.13
187.282,769656,11157704,0,11927360,14690628,360,2668023808,1.13
187.383,769656,11157704,0,11927360,14690628,360,2668023808,1.13
187.483,769656,11157704,0,11927360,14690628,360,2668023808,1.13
187.584,769656,11157704,0,11927360,14690628,360,2668023808,1.13
187.684,769656,11157704,0,11927360,14690628,360,2668023808,1.13
187.784,769656,11157704,0,11927360,14690628,360,2668023808,1.13
187.885,769656,11157704,0,11927360,14690628,360,2668023808,1.13
187.986,769656,11157704,0,11927360,14690628,360,2668023808,1.13
188.086,769656,11157704,0,11927360,14690628,360,2668023808,1.13
188.186,769656,11157704,0,11927360,14690628,360,2668023808,1.13
188.287,769656,11157704,0,11927360,14690628,360,2668023808,1.13
188.388,769656,11157704,0,11927360,14690628,360,2668023808,1.13
188.488,769656,11157704,0,11927360,14690628,360,2668023808,1.13
188.589,769656,11157704,0,11927360,14690628,360,2668023808,1.13
188.689,769656,11157704,0,11927360,14690628,360,2668023808,1.13
188.790,769656,11157704,0,11927360,14690628,360,2668023808,1.13
188.890,769656,11157704,0,11927360,14690628,360,2668023808,0.92
188.991,769656,11157704,0,11927360,14690628,360,2668023808,0.92
189.091,769656,11157704,0,11927360,14690628,360,2668023808,0.92
189.192,769656,11157704,0,11927360,14690628,360,2668023808,0.92
189.292,769656,11157704,0,11927360,14690628,360,2668023808,0.92
189.393,769656,11157704,0,11927360,14690628,360,2668023808,0.92
189.493,769656,11157704,0,11927360,14690628,360,2668023808,0.92
189.594,769656,11157704,0,11927360,14690628,360,2668023808,0.92
189.695,769656,11157704,0,11927360,14690628,360,2668023808,0.92
189.795,769656,11157704,0,11927360,14690628,360,2668023808,0.92
189.896,769656,11157704,0,11927360,14690628,360,2668023808,0.92
189.996,769656,11157704,0,11927360,14690628,360,2668023808,0.92
190.097,769656,11157704,0,11927360,14690628,360,2668023808,0.92
190.197,769656,11157704,0,11927360,14690628,360,2668023808,0.92
190.298,769656,11157704,0,11927360,14690628,360,2668023808,0.92
190.398,769656,11157704,0,11927360,14690628,360,2668023808,0.92
190.499,769656,11157704,0,11927360,14690628,360,2668023808,0.92
190.599,769656,11157704,0,11927360,14690628,360,2668023808,0.92
190.700,769656,11157704,0,11927360,14690628,360,2668023808,0.92
190.800,769656,11157704,0,11927360,14690628,360,2668023808,0.92
190.901,769656,11157704,0,11927360,14690628,360,2668023808,0.76
191.001,769656,11157768,0,11927424,14690628,360,2668023808,0.76
191.102,769656,11157768,0,11927424,14690628,360,2668023808,0.76
191.203,769656,11157768,0,11927424,14690628,360,2668023808,0.76
191.303,769656,11157768,0,11927424,14690628,360,2668023808,0.76
191.404,769656,11157768,0,11927424,14690628,360,2668023808,0.76
191.504,769656,11157768,0,11927424,14690628,360,2668023808,0.76
191.605,769656,11157768,0,11927424,14690628,360,2668023808,0.76
191.706,769656,11157768,0,11927424,14690628,360,2668023808,0.76
191.806,769656,11157768,0,11927424,14690628,360,2668023808,0.76
191.907,769656,11157768,0,11927424,14690628,360,2668023808,0.76
192.007,769656,11157768,0,11927424,14690628,360,2668023808,0.76
192.108,769656,11157768,0,11927424,14690628,360,2668023808,0.76
192.208,769656,11157768,0,11927424,14690628,360,2668023808,0.76
192.309,769656,11157768,0,11927424,14690628,360,2668023808,0.76
192.409,785720,11157768,0,11943488,14690628,360,2668023808,0.76
192.510,800364,11157768,0,11958132,14690628,360,2668023808,0.76
192.610,815036,11157768,0,11972804,14690628,360,2668023808,0.76
192.710,838168,11157768,0,11995936,14690628,360,2668023808,0.76
192.811,838168,11157768,0,11995936,14690628,360,2668023808,0.76
192.911,860280,11157768,0,12018048,14690628,360,2668023808,0.62
193.012,894452,11157768,0,12052220,14690628,360,2668023808,0.62
193.112,898484,11157768,0,12056252,14690628,360,2668023808,0.62
193.212,926380,11157768,0,12084148,14690628,360,2668023808,0.62
193.313,942828,11157768,0,12100596,14690628,360,2668023808,0.62
193.413,977092,11157768,0,12134860,14690628,360,2668023808,0.62
193.513,988200,11157768,0,12145968,14690628,360,2668023808,0.62
193.614,1011520,11157768,0,12169288,14690628,360,2668023808,0.62
193.714,1034788,11157768,0,12192556,14690628,360,2668023808,0.62
193.814,1043760,11157768,0,12201528,14690628,360,2668023808,0.62
193.915,1071316,11157768,0,12229084,14690628,360,2668023808,0.62
194.015,1099148,11157768,0,12256916,14690628,360,2668023808,0.62
194.115,1123992,11157768,0,12281760,14690628,360,2668023808,0.62
194.216,1143016,11157768,0,12300784,14690628,360,2668023808,0.62
194.316,1174540,11157768,0,12332308,14690628,360,2668023808,0.62
194.417,1243416,11157768,0,12401184,14690628,360,2668023808,0.62
194.517,1348452,11157768,0,12506220,14690628,360,2668023808,0.62
194.617,1450808,11157768,0,12608576,14690628,360,2668023808,0.62
194.718,1556632,11157768,0,12714400,14690628,360,2668023808,0.62
194.818,1662408,11157768,0,12820176,14690628,360,2668023808,0.5
194.918,1690452,11157768,0,12848220,14690628,360,2668023808,0.5
195.019,1690452,11157768,0,12848220,14690628,360,2668023808,0.5
195.119,1690452,11157768,0,12848220,14690628,360,2668023808,0.5
195.220,1690452,11174024,0,12864476,14690628,360,2668023808,0.5
195.320,1690452,11174024,0,12864476,14690628,360,2668023808,0.5
195.421,1690452,11174024,0,12864476,14690628,360,2668023808,0.5
195.521,1690452,11174024,0,12864476,14690628,360,2668023808,0.5
195.621,1690452,11174024,0,12864476,14690628,360,2668023808,0.5
195.722,1690452,11174024,0,12864476,14690628,360,2668023808,0.5
195.822,1690452,11174024,0,12864476,14690628,360,2668023808,0.5
195.922,1690452,11174024,0,12864476,14690628,360,2668023808,0.5
196.023,1690452,11291144,0,12981596,14690628,360,2668023808,0.5
196.123,1690452,11422664,0,13113116,14690628,360,2668023808,0.5
196.223,1690452,11539784,0,13230236,14690628,360,2668023808,0.5
196.324,1690452,11643016,0,13333468,14690628,360,2668023808,0.5
196.424,1690452,11689212,0,13379664,14690628,360,2668023808,0.5
196.524,1612324,11689276,0,13301600,14690628,360,2668023808,0.5
196.625,1612324,11689628,0,13301952,14690628,360,2668023808,0.5
196.725,1612324,11689628,0,13301952,14690628,360,2668023808,0.5
196.826,1612324,11761692,0,13374016,14690628,360,2668023808,2.59
196.926,1612324,11689628,0,13301952,14690628,360,2668023808,2.59
197.026,1661828,10709636,0,12371464,14690628,360,2668023808,2.59
197.127,1685420,10709636,0,12395056,14690628,360,2668023808,2.59
197.227,1709516,10709636,0,12419152,14690628,360,2668023808,2.59
197.331,1736376,10709636,0,12446012,14690628,360,2668023808,2.59
197.432,1764672,10709636,0,12474308,14690628,360,2668023808,2.59
197.532,1775424,10709636,0,12485060,14690628,360,2668023808,2.59
197.633,1775968,10709636,0,12485604,14690628,360,2668023808,2.59
197.735,1777524,10709636,0,12487160,14690628,360,2668023808,2.59
197.836,1778920,10710156,0,12489076,14690628,360,2668023808,2.59
197.936,1779688,10710156,0,12489844,14690628,360,2668023808,2.59
198.036,1786320,10710156,0,12496476,14690628,360,2668023808,2.59
198.137,1787616,10710156,0,12497772,14690628,360,2668023808,2.59
198.237,1794568,10710156,0,12504724,14690628,360,2668023808,2.59
198.337,1794716,10710216,0,12504932,14690628,360,2668023808,2.59
198.439,1797388,10710216,0,12507604,14690628,360,2668023808,2.59
198.540,1800340,10710344,0,12510684,14690628,360,2668023808,2.59
198.640,1805728,10710344,0,12516072,14690628,360,2668023808,2.59
198.741,1805892,10710344,0,12516236,14690628,360,2668023808,2.59
198.841,1805892,10710404,0,12516296,14690628,360,2668023808,2.84
198.943,1807204,10710404,0,12517608,14690628,360,2668023808,2.84
199.044,1807204,10710404,0,12517608,14690628,360,2668023808,2.84
199.144,1807244,10710588,0,12517832,14690628,360,2668023808,2.84
199.245,1807244,10710588,0,12517832,14690628,360,2668023808,2.84
199.345,1807840,10710588,0,12518428,14690628,360,2668023808,2.84
199.445,1810564,10710588,0,12521152,14690628,360,2668023808,2.84
199.546,1811788,10710588,0,12522376,14690628,360,2668023808,2.84
199.648,1814160,10710588,0,12524748,14690628,360,2668023808,2.84
199.748,1814280,10710588,0,12524868,14690628,360,2668023808,2.84
199.848,1815656,10710588,0,12526244,14690628,360,2668023808,2.84
199.951,1818444,10710588,0,12529032,14690628,360,2668023808,2.84
200.052,1820844,10710588,0,12531432,14690628,360,2668023808,2.84
200.152,1820844,10710588,0,12531432,14690628,360,2668023808,2.84
200.252,1822704,10710588,0,12533292,14690628,360,2668023808,2.84
200.353,1822788,10710588,0,12533376,14690628,360,2668023808,2.84
200.453,1825152,10710588,0,12535740,14690628,360,2668023808,2.84
200.554,1825916,10710780,0,12536696,14690628,360,2668023808,2.84
200.656,1825916,10710780,0,12536696,14690628,360,2668023808,2.84
200.756,1825916,10710780,0,12536696,14690628,360,2668023808,2.84
200.856,1825916,10710780,0,12536696,14690628,360,2668023808,2.33
200.957,1825916,10710780,0,12536696,14690628,360,2668023808,2.33
201.057,1825920,10710780,0,12536700,14690628,360,2668023808,2.33
201.157,1825920,10710780,0,12536700,14690628,360,2668023808,2.33
201.258,1825920,10710780,0,12536700,14690628,360,2668023808,2.33
201.358,1825920,10710780,0,12536700,14690628,360,2668023808,2.33
201.459,1825920,10710780,0,12536700,14690628,360,2668023808,2.33
201.559,1825920,10710780,0,12536700,14690628,360,2668023808,2.33
201.659,1825920,10710780,0,12536700,14690628,360,2668023808,2.33
201.760,1825920,10710780,0,12536700,14690628,360,2668023808,2.33
201.860,1825920,10710780,0,12536700,14690628,360,2668023808,2.33
201.960,1825920,10710780,0,12536700,14690628,360,2668023808,2.33
202.061,1825920,10710780,0,12536700,14690628,360,2668023808,2.33
202.161,1825920,10710780,0,12536700,14690628,360,2668023808,2.33
202.261,1825920,10710780,0,12536700,14690628,360,2668023808,2.33
202.362,1825920,10710780,0,12536700,14690628,360,2668023808,2.33
202.462,1825920,10710780,0,12536700,14690628,360,2668023808,2.33
202.562,1825920,10710780,0,12536700,14690628,360,2668023808,2.33
202.663,1825920,10710780,0,12536700,14690628,360,2668023808,2.33
202.763,1825920,10710780,0,12536700,14690628,360,2668023808,1.9
202.863,1825920,10710780,0,12536700,14690628,360,2668023808,1.9
202.964,1825920,10710780,0,12536700,14690628,360,2668023808,1.9
203.064,1825920,10710780,0,12536700,14690628,360,2668023808,1.9
203.165,1825920,10710780,0,12536700,14690628,360,2668023808,1.9
203.265,1825920,10710780,0,12536700,14690628,360,2668023808,1.9
203.365,1825920,10710780,0,12536700,14690628,360,2668023808,1.9
203.466,1825920,10710780,0,12536700,14690628,360,2668023808,1.9
203.566,1825920,10710780,0,12536700,14690628,360,2668023808,1.9
203.666,1825920,10710780,0,12536700,14690628,360,2668023808,1.9
203.767,1825920,10710780,0,12536700,14690628,360,2668023808,1.9
203.867,1825920,10710780,0,12536700,14690628,360,2668023808,1.9
203.968,1825920,10710780,0,12536700,14690628,360,2668023808,1.9
204.068,1825920,10710780,0,12536700,14690628,360,2668023808,1.9
204.168,1825920,10710780,0,12536700,14690628,360,2668023808,1.9
204.269,1825920,10710780,0,12536700,14690628,360,2668023808,1.9
204.369,1825920,10710780,0,12536700,14690628,360,2668023808,1.9
204.470,1825920,10710780,0,12536700,14690628,360,2668023808,1.9
204.570,1825920,10710780,0,12536700,14690628,360,2668023808,1.9
204.671,1825920,10710780,0,12536700,14690628,360,2668023808,1.9
204.771,1825920,10710780,0,12536700,14690628,360,2668023808,1.56
204.871,1825920,10710780,0,12536700,14690628,360,2668023808,1.56
204.972,1825920,10710780,0,12536700,14690628,360,2668023808,1.56
205.072,1825920,10710780,0,12536700,14690628,360,2668023808,1.56
205.173,1825920,10710780,0,12536700,14690628,360,2668023808,1.56
205.273,1825920,10710780,0,12536700,14690628,360,2668023808,1.56
205.374,1825920,10710780,0,12536700,14690628,360,2668023808,1.56
205.474,1825920,10710780,0,12536700,14690628,360,2668023808,1.56
205.574,1825920,10710780,0,12536700,14690628,360,2668023808,1.56
205.675,1825920,10710780,0,12536700,14690628,360,2668023808,1.56
205.775,1825920,10710780,0,12536700,14690628,360,2668023808,1.56
205.875,1825920,10710780,0,12536700,14690628,360,2668023808,1.56
205.976,1825920,10710780,0,12536700,14690628,360,2668023808,1.56
206.076,1825920,10710780,0,12536700,14690628,360,2668023808,1.56
206.177,1825920,10710780,0,12536700,14690628,360,2668023808,1.56
206.277,1825920,10710780,0,12536700,14690628,360,2668023808,1.56
206.377,1825920,10710780,0,12536700,14690628,360,2668023808,1.56
206.478,1825920,10710780,0,12536700,14690628,360,2668023808,1.56
206.578,1825920,10710780,0,12536700,14690628,360,2668023808,1.56
206.679,1825920,10710780,0,12536700,14690628,360,2668023808,1.56
206.779,1825920,10710780,0,12536700,14690628,360,2668023808,1.27
206.879,1825920,10710780,0,12536700,14690628,360,2668023808,1.27
206.980,1825920,10710780,0,12536700,14690628,360,2668023808,1.27
207.080,1825920,10710780,0,12536700,14690628,360,2668023808,1.27
207.181,1825920,10710780,0,12536700,14690628,360,2668023808,1.27
207.281,1825920,10710780,0,12536700,14690628,360,2668023808,1.27
207.381,1825920,10710780,0,12536700,14690628,360,2668023808,1.27
207.482,1825920,10710780,0,12536700,14690628,360,2668023808,1.27
207.582,1825920,10710780,0,12536700,14690628,360,2668023808,1.27
207.682,1825920,10710780,0,12536700,14690628,360,2668023808,1.27
207.783,1825920,10710780,0,12536700,14690628,360,2668023808,1.27
207.883,1825920,10710780,0,12536700,14690628,360,2668023808,1.27
207.984,1825920,10710780,0,12536700,14690628,360,2668023808,1.27
208.084,1825920,10710780,0,12536700,14690628,360,2668023808,1.27
208.185,1825920,10710780,0,12536700,14690628,360,2668023808,1.27
208.286,1825920,10710780,0,12536700,14690628,360,2668023808,1.27
208.386,1825920,10710780,0,12536700,14690628,360,2668023808,1.27
208.486,1825920,10710780,0,12536700,14690628,360,2668023808,1.27
208.587,1825920,10710780,0,12536700,14690628,360,2668023808,1.27
208.687,1825920,10710780,0,12536700,14690628,360,2668023808,1.27
208.787,1825920,10710780,0,12536700,14690628,360,2668023808,1.04
208.888,1825920,10710780,0,12536700,14690628,360,2668023808,1.04
208.988,1825920,10785532,0,12611452,14690628,360,2668023808,1.04
209.089,1825920,10884092,0,12710012,14690628,360,2668023808,1.04
209.190,1825920,10710780,0,12536700,14690628,360,2668023808,1.04
209.291,1825920,10140012,0,11965932,14690628,360,2668023808,1.04
209.392,1825920,10140012,0,11965932,14690628,360,2668023808,1.04
209.492,1825920,10140012,0,11965932,14690628,360,2668023808,1.04
209.593,1825920,10140012,0,11965932,14690628,360,2668023808,1.04
209.696,1825920,10140012,0,11965932,14690628,360,2668023808,1.04
209.796,1825920,10140012,0,11965932,14690628,360,2668023808,1.04
209.896,1825920,10140012,0,11965932,14690628,360,2668023808,1.04
209.997,1825920,10140012,0,11965932,14690628,360,2668023808,1.04
210.097,1825920,10140012,0,11965932,14690628,360,2668023808,1.04
210.198,1825920,10140012,0,11965932,14690628,360,2668023808,1.04
210.299,1825920,10140012,0,11965932,14690628,360,2668023808,1.04
210.399,1825920,10140012,0,11965932,14690628,360,2668023808,1.04
210.502,1825920,10140012,0,11965932,14690628,360,2668023808,1.04
210.603,1825920,10140012,0,11965932,14690628,360,2668023808,1.04
210.703,1825920,10140012,0,11965932,14690628,360,2668023808,1.04
210.803,1825920,10140012,0,11965932,14690628,360,2668023808,1.4
210.904,1825920,10140012,0,11965932,14690628,360,2668023808,1.4
211.004,1825920,10140012,0,11965932,14690628,360,2668023808,1.4
211.105,1825920,10140012,0,11965932,14690628,360,2668023808,1.4
211.205,1825920,10140012,0,11965932,14690628,360,2668023808,1.4
211.306,1825920,10140012,0,11965932,14690628,360,2668023808,1.4
211.406,1825920,10140012,0,11965932,14690628,360,2668023808,1.4
211.507,1825920,10140012,0,11965932,14690628,360,2668023808,1.4
211.607,1825920,10140012,0,11965932,14690628,360,2668023808,1.4
211.707,1825920,10140012,0,11965932,14690628,360,2668023808,1.4
211.808,1825920,10140012,0,11965932,14690628,360,2668023808,1.4
211.908,1825920,10140012,0,11965932,14690628,360,2668023808,1.4
212.008,1825920,10140012,0,11965932,14690628,360,2668023808,1.4
212.109,1825920,10140012,0,11965932,14690628,360,2668023808,1.4
212.209,1825920,10140012,0,11965932,14690628,360,2668023808,1.4
212.310,1825920,10140012,0,11965932,14690628,360,2668023808,1.4
212.410,1825920,10140012,0,11965932,14690628,360,2668023808,1.4
212.510,1825920,10140012,0,11965932,14690628,360,2668023808,1.4
212.611,1825920,10140012,0,11965932,14690628,360,2668023808,1.4
212.711,1825920,10140012,0,11965932,14690628,360,2668023808,1.4
212.812,1825920,10140012,0,11965932,14690628,360,2668023808,1.4
212.912,1825920,10140012,0,11965932,14690628,360,2668023808,1.14
213.013,1825920,10140012,0,11965932,14690628,360,2668023808,1.14
213.113,1825920,10140012,0,11965932,14690628,360,2668023808,1.14
213.213,1825920,10140012,0,11965932,14690628,360,2668023808,1.14
213.314,1825920,10140012,0,11965932,14690628,360,2668023808,1.14
213.415,1825920,10140012,0,11965932,14690628,360,2668023808,1.14
213.515,1825920,10140012,0,11965932,14690628,360,2668023808,1.14
213.616,1825920,10140012,0,11965932,14690628,360,2668023808,1.14
213.716,1825920,10140012,0,11965932,14690628,360,2668023808,1.14
213.817,1825920,10140012,0,11965932,14690628,360,2668023808,1.14
213.917,1825920,10217132,0,12043052,14690628,360,2668023808,1.14
214.018,1825920,1811564,0,3637484,14690628,360,2668023808,1.14
214.119,1825920,1164908,0,2990828,14690628,360,2668023808,1.14
214.220,1825920,1164908,0,2990828,14690628,360,2668023808,1.14
214.320,1825920,1164908,0,2990828,14690628,360,2668023808,1.14
214.421,1825920,1164908,0,2990828,14690628,360,2668023808,1.14
214.524,1825920,1164908,0,2990828,14690628,360,2668023808,1.14
214.624,1828600,1164908,0,2993508,14690628,360,2668023808,1.14
214.724,1828600,1164908,0,2993508,14690628,360,2668023808,1.14
214.825,1830016,1164908,0,2994924,14690628,360,2668023808,1.14
214.925,1836576,1164908,0,3001484,14690628,360,2668023808,1.12
215.028,1844080,1164908,0,3008988,14690628,360,2668023808,1.12
215.128,1854148,1164908,0,3019056,14690628,360,2668023808,1.12
215.228,1868732,1164908,0,3033640,14690628,360,2668023808,1.12
215.329,1893548,1164908,0,3058456,14690628,360,2668023808,1.12
215.432,1908900,1164908,0,3073808,14690628,360,2668023808,1.12
215.532,1928348,1164908,0,3093256,14690628,360,2668023808,1.12
215.632,1948428,1164908,0,3113336,14690628,360,2668023808,1.12
215.733,1967300,1164908,0,3132208,14690628,360,2668023808,1.12
215.833,1975776,1164908,0,3140684,14690628,360,2668023808,1.12
215.936,1985696,1164908,0,3150604,14690628,360,2668023808,1.12
216.036,1995272,1164908,0,3160180,14690628,360,2668023808,1.12
216.136,2020668,1164908,0,3185576,14690628,360,2668023808,1.12
216.237,2036160,1164908,0,3201068,14690628,360,2668023808,1.12
216.337,2046380,1164908,0,3211288,14690628,360,2668023808,1.12
216.440,2056920,1164908,0,3221828,14690628,360,2668023808,1.12
216.540,2067048,1164908,0,3231956,14690628,360,2668023808,1.12
216.640,2079228,1164908,0,3244136,14690628,360,2668023808,1.12
216.741,2091080,1164908,0,3255988,14690628,360,2668023808,1.12
216.841,2102504,1164908,0,3267412,14690628,360,2668023808,1.12
216.943,2124552,1164908,0,3289460,14690628,360,2668023808,0.91
217.044,2135500,1164972,0,3300472,14690628,360,2668023808,0.91
217.144,2146328,1164972,0,3311300,14690628,360,2668023808,0.91
217.246,2166384,1164972,0,3331356,14690628,360,2668023808,0.91
217.347,2175504,1164972,0,3340476,14690628,360,2668023808,0.91
217.447,2185452,1164972,0,3350424,14690628,360,2668023808,0.91
217.547,2196368,1164972,0,3361340,14690628,360,2668023808,0.91
217.652,2207188,1164972,0,3372160,14690628,360,2668023808,0.91
217.752,2219008,1164972,0,3383980,14690628,360,2668023808,0.91
217.856,2231768,1165036,0,3396804,14690628,360,2668023808,0.91
217.956,2243684,1165036,0,3408720,14690628,360,2668023808,0.91
218.056,2268728,1165036,0,3433764,14690628,360,2668023808,0.91
218.157,2294152,1165036,0,3459188,14690628,360,2668023808,0.91
218.257,2310352,1165036,0,3475388,14690628,360,2668023808,0.91
218.357,2298444,1165036,0,3463480,14690628,360,2668023808,0.91
218.463,2297400,1165036,0,3462436,14690628,360,2668023808,0.91
218.564,2298044,1165036,0,3463080,14690628,360,2668023808,0.91
218.664,2305724,1165036,0,3470760,14690628,360,2668023808,0.91
218.765,2308228,1165036,0,3473264,14690628,360,2668023808,0.91
218.865,2302152,1165036,0,3467188,14690628,360,2668023808,0.91
218.966,2305368,1165036,0,3470404,14690628,360,2668023808,0.75
219.068,2311268,1165036,0,3476304,14690628,360,2668023808,0.75
219.168,2312020,1165036,0,3477056,14690628,360,2668023808,0.75
219.272,2301376,1165036,0,3466412,14690628,360,2668023808,0.75
219.372,2302056,1165036,0,3467092,14690628,360,2668023808,0.75
219.472,2304760,1165036,0,3469796,14690628,360,2668023808,0.75
219.573,2304808,1165036,0,3469844,14690628,360,2668023808,0.75
219.673,2287288,1165036,0,3452324,14690628,360,2668023808,0.75
219.776,2287416,1165036,0,3452452,14690628,360,2668023808,0.75
219.876,2287676,1165036,0,3452712,14690628,360,2668023808,0.75
219.976,2287916,1165036,0,3452952,14690628,360,2668023808,0.75
220.077,2288324,1165036,0,3453360,14690628,360,2668023808,0.75
220.180,2288500,1165036,0,3453536,14690628,360,2668023808,0.75
220.280,2288884,1165036,0,3453920,14690628,360,2668023808,0.75
220.380,2288928,1165036,0,3453964,14690628,360,2668023808,0.75
220.481,2288996,1165036,0,3454032,14690628,360,2668023808,0.75
220.584,2289116,1165036,0,3454152,14690628,360,2668023808,0.75
220.688,2289540,1165036,0,3454576,14690628,360,2668023808,0.75
220.788,2289608,1165036,0,3454644,14690628,360,2668023808,0.75
220.888,2289732,1165036,0,3454768,14690628,360,2668023808,0.75
220.991,2289892,1165036,0,3454928,14690628,360,2668023808,0.61
221.092,2290272,1165036,0,3455308,14690628,360,2668023808,0.61
221.192,2290808,1165036,0,3455844,14690628,360,2668023808,0.61
221.293,2291448,1165036,0,3456484,14690628,360,2668023808,0.61
221.395,2292060,1165036,0,3457096,14690628,360,2668023808,0.61
221.496,2292656,1165036,0,3457692,14690628,360,2668023808,0.61
221.596,2295340,1165036,0,3460376,14690628,360,2668023808,0.61
221.697,2296284,1165036,0,3461320,14690628,360,2668023808,0.61
221.799,2297148,1165036,0,3462184,14690628,360,2668023808,0.61
221.900,2299644,1165036,0,3464680,14690628,360,2668023808,0.61
222.000,2310348,1165036,0,3475384,14690628,360,2668023808,0.61
222.101,2310908,1165036,0,3475944,14690628,360,2668023808,0.61
222.202,2311680,1165036,0,3476716,14690628,360,2668023808,0.61
222.303,2313780,1165036,0,3478816,14690628,360,2668023808,0.61
222.403,2314928,1165036,0,3479964,14690628,360,2668023808,0.61
222.504,2310352,1165036,0,3475388,14690628,360,2668023808,0.61
222.607,2318728,1165036,0,3483764,14690628,360,2668023808,0.61
222.708,2321856,1165036,0,3486892,14690628,360,2668023808,0.61
222.808,2328132,1165036,0,3493168,14690628,360,2668023808,0.61
222.909,2334524,1165036,0,3499560,14690628,360,2668023808,0.61
223.009,2332988,1165036,0,3498024,14690628,360,2668023808,0.5
223.112,2332928,1165036,0,3497964,14690628,360,2668023808,0.5
223.212,2337700,1165036,0,3502736,14690628,360,2668023808,0.5
223.312,2336664,1165036,0,3501700,14690628,360,2668023808,0.5
223.413,2341492,1165036,0,3506528,14690628,360,2668023808,0.5
223.513,2337472,1165036,0,3502508,14690628,360,2668023808,0.5
223.616,2343740,1165036,0,3508776,14690628,360,2668023808,0.5
223.716,2348296,1165036,0,3513332,14690628,360,2668023808,0.5
223.816,2341024,1165036,0,3506060,14690628,360,2668023808,0.5
223.917,2336612,1165036,0,3501648,14690628,360,2668023808,0.5
224.017,2337260,1165036,0,3502296,14690628,360,2668023808,0.5
224.118,2330556,1165036,0,3495592,14690628,360,2668023808,0.5
224.220,2331792,1165036,0,3496828,14690628,360,2668023808,0.5
224.320,2333268,1165036,0,3498304,14690628,360,2668023808,0.5
224.420,2334632,1165036,0,3499668,14690628,360,2668023808,0.5
224.521,2338096,1165036,0,3503132,14690628,360,2668023808,0.5
224.627,2339032,1165036,0,3504068,14690628,360,2668023808,0.5
224.728,2337452,1165036,0,3502488,14690628,360,2668023808,0.5
224.828,2330528,1165036,0,3495564,14690628,360,2668023808,0.5
224.928,2330528,1165036,0,3495564,14690628,360,2668023808,0.41
225.029,2330528,1165036,0,3495564,14690628,360,2668023808,0.41
225.129,2330528,1165036,0,3495564,14690628,360,2668023808,0.41
225.229,2330528,1165036,0,3495564,14690628,360,2668023808,0.41
225.330,2330528,1165036,0,3495564,14690628,360,2668023808,0.41
225.430,2330528,1165036,0,3495564,14690628,360,2668023808,0.41
225.531,2330528,1165036,0,3495564,14690628,360,2668023808,0.41
225.632,2330528,1165036,0,3495564,14690628,360,2668023808,0.41
225.736,2330540,1165036,0,3495576,14690628,360,2668023808,0.41
225.836,2330544,1165036,0,3495580,14690628,360,2668023808,0.41
225.936,2331044,1165036,0,3496080,14690628,360,2668023808,0.41
226.037,2331056,1165036,0,3496092,14690628,360,2668023808,0.41
226.137,2331080,1165036,0,3496116,14690628,360,2668023808,0.41
226.237,2331144,1165036,0,3496180,14690628,360,2668023808,0.41
226.338,2331200,1165036,0,3496236,14690628,360,2668023808,0.41
226.438,2331592,1165036,0,3496628,14690628,360,2668023808,0.41
226.538,2331672,1165036,0,3496708,14690628,360,2668023808,0.41
226.644,2331776,1165036,0,3496812,14690628,360,2668023808,0.41
226.744,2331860,1165036,0,3496896,14690628,360,2668023808,0.41
226.844,2331996,1165036,0,3497032,14690628,360,2668023808,0.41
226.945,2333584,1165036,0,3498620,14690628,360,2668023808,0.33
227.045,2333968,1165036,0,3499004,14690628,360,2668023808,0.33
227.145,2335564,1165036,0,3500600,14690628,360,2668023808,0.33
227.246,2336608,1165036,0,3501644,14690628,360,2668023808,0.33
227.347,2338052,1165036,0,3503088,14690628,360,2668023808,0.33
227.448,2338932,1165036,0,3503968,14690628,360,2668023808,0.33
227.548,2340656,1165036,0,3505692,14690628,360,2668023808,0.33
227.648,2344568,1165036,0,3509604,14690628,360,2668023808,0.33
227.752,2350480,1165036,0,3515516,14690628,360,2668023808,0.33
227.852,2344348,1165036,0,3509384,14690628,360,2668023808,0.33
227.952,2335852,1165036,0,3500888,14690628,360,2668023808,0.33
228.053,2336572,1165036,0,3501608,14690628,360,2668023808,0.33
228.153,2338440,1165036,0,3503476,14690628,360,2668023808,0.33
228.253,2341040,1165036,0,3506076,14690628,360,2668023808,0.33
228.355,2344472,1165036,0,3509508,14690628,360,2668023808,0.33
228.456,2352124,1165036,0,3517160,14690628,360,2668023808,0.33
228.556,2355928,1165036,0,3520964,14690628,360,2668023808,0.33
228.657,2346640,1165036,0,3511676,14690628,360,2668023808,0.33
228.760,2342592,1165036,0,3507628,14690628,360,2668023808,0.33
228.860,2337868,1165036,0,3502904,14690628,360,2668023808,0.27
228.960,2339272,1165036,0,3504308,14690628,360,2668023808,0.27
229.061,2340324,1165036,0,3505360,14690628,360,2668023808,0.27
229.161,2341164,1165036,0,3506200,14690628,360,2668023808,0.27
229.264,2345324,1165036,0,3510360,14690628,360,2668023808,0.27
229.364,2345868,1165036,0,3510904,14690628,360,2668023808,0.27
229.464,2339376,1165036,0,3504412,14690628,360,2668023808,0.27
229.565,2340300,1165036,0,3505336,14690628,360,2668023808,0.27
229.665,2344432,1165036,0,3509468,14690628,360,2668023808,0.27
229.765,2345380,1165036,0,3510416,14690628,360,2668023808,0.27
229.867,2344608,1165036,0,3509644,14690628,360,2668023808,0.27
229.968,2344608,1165036,0,3509644,14690628,360,2668023808,0.27
230.068,2337716,1165036,0,3502752,14690628,360,2668023808,0.27
230.168,2337716,1165036,0,3502752,14690628,360,2668023808,0.27
230.269,2337716,1165036,0,3502752,14690628,360,2668023808,0.27
230.372,2337720,1165036,0,3502756,14690628,360,2668023808,0.27
230.472,2337724,1165036,0,3502760,14690628,360,2668023808,0.27
230.572,2337732,1165036,0,3502768,14690628,360,2668023808,0.27
230.675,2337736,1165036,0,3502772,14690628,360,2668023808,0.27
230.776,2337744,1165036,0,3502780,14690628,360,2668023808,0.27
230.876,2337748,1165036,0,3502784,14690628,360,2668023808,0.22
230.977,2337748,1165036,0,3502784,14690628,360,2668023808,0.22
231.080,2337752,1165100,0,3502852,14690628,360,2668023808,0.22
231.180,2337760,1165100,0,3502860,14690628,360,2668023808,0.22
231.280,2337760,1165100,0,3502860,14690628,360,2668023808,0.22
231.381,2337764,1165100,0,3502864,14690628,360,2668023808,0.22
231.481,2337804,1165100,0,3502904,14690628,360,2668023808,0.22
231.583,2337812,1165100,0,3502912,14690628,360,2668023808,0.22
231.684,2337820,1165100,0,3502920,14690628,360,2668023808,0.22
231.784,2337836,1165100,0,3502936,14690628,360,2668023808,0.22
231.885,2337844,1165100,0,3502944,14690628,360,2668023808,0.22
231.985,2338636,1165100,0,3503736,14690628,360,2668023808,0.22
232.085,2341296,1165100,0,3506396,14690628,360,2668023808,0.22
232.187,2341472,1165100,0,3506572,14690628,360,2668023808,0.22
232.287,2342200,1165100,0,3507300,14690628,360,2668023808,0.22
232.392,2341472,1165100,0,3506572,14690628,360,2668023808,0.22
232.492,2342276,1165100,0,3507376,14690628,360,2668023808,0.22
232.593,2340132,1165100,0,3505232,14690628,360,2668023808,0.22
232.693,2340932,1165100,0,3506032,14690628,360,2668023808,0.22
232.794,2341876,1165100,0,3506976,14690628,360,2668023808,0.22
232.896,2342608,1165100,0,3507708,14690628,360,2668023808,0.18
232.996,2345968,1165100,0,3511068,14690628,360,2668023808,0.18
233.096,2346920,1165100,0,3512020,14690628,360,2668023808,0.18
233.200,2340756,1165100,0,3505856,14690628,360,2668023808,0.18
233.304,2344252,1165100,0,3509352,14690628,360,2668023808,0.18
233.404,2347520,1165100,0,3512620,14690628,360,2668023808,0.18
233.504,2346632,1165100,0,3511732,14690628,360,2668023808,0.18
233.605,2342604,1165100,0,3507704,14690628,360,2668023808,0.18
233.705,2344192,1165100,0,3509292,14690628,360,2668023808,0.18
233.805,2345784,1165100,0,3510884,14690628,360,2668023808,0.18
233.906,2351712,1165100,0,3516812,14690628,360,2668023808,0.18
234.006,2352532,1165100,0,3517632,14690628,360,2668023808,0.18
234.107,2344168,1165100,0,3509268,14690628,360,2668023808,0.18
234.207,2347236,1165100,0,3512336,14690628,360,2668023808,0.18
234.307,2350508,1165100,0,3515608,14690628,360,2668023808,0.18
234.408,2342488,1165100,0,3507588,14690628,360,2668023808,0.18
234.508,2338776,1165100,0,3503876,14690628,360,2668023808,0.18
234.612,2338776,1165100,0,3503876,14690628,360,2668023808,0.18
234.712,2339144,1165100,0,3504244,14690628,360,2668023808,0.18
234.812,2339848,1165100,0,3504948,14690628,360,2668023808,0.18
234.913,2340436,1165100,0,3505536,14690628,360,2668023808,0.15
235.015,2341880,1165100,0,3506980,14690628,360,2668023808,0.15
235.116,2342324,1165100,0,3507424,14690628,360,2668023808,0.15
235.216,2342908,1165100,0,3508008,14690628,360,2668023808,0.15
235.317,2343556,1165100,0,3508656,14690628,360,2668023808,0.15
235.417,2344408,1165100,0,3509508,14690628,360,2668023808,0.15
235.519,2347016,1165100,0,3512116,14690628,360,2668023808,0.15
235.620,2347016,1165100,0,3512116,14690628,360,2668023808,0.15
235.720,2338808,1165100,0,3503908,14690628,360,2668023808,0.15
235.821,2338808,1165100,0,3503908,14690628,360,2668023808,0.15
235.923,2338808,1165100,0,3503908,14690628,360,2668023808,0.15
236.024,2338808,1165100,0,3503908,14690628,360,2668023808,0.15
236.124,2338808,1165100,0,3503908,14690628,360,2668023808,0.15
236.225,2338808,1165100,0,3503908,14690628,360,2668023808,0.15
236.325,2338808,1165100,0,3503908,14690628,360,2668023808,0.15
236.428,2338824,1165100,0,3503924,14690628,360,2668023808,0.15
236.528,2338856,1165100,0,3503956,14690628,360,2668023808,0.15
236.631,2339176,1165100,0,3504276,14690628,360,2668023808,0.15
236.732,2340316,1165100,0,3505416,14690628,360,2668023808,0.15
236.832,2344312,1165100,0,3509412,14690628,360,2668023808,0.12
236.933,2346152,1165100,0,3511252,14690628,360,2668023808,0.12
237.033,2344932,1165100,0,3510032,14690628,360,2668023808,0.12
237.133,2347456,1165100,0,3512556,14690628,360,2668023808,0.12
237.235,2349852,1165100,0,3514952,14690628,360,2668023808,0.12
237.336,2354660,1165100,0,3519760,14690628,360,2668023808,0.12
237.436,2358092,1165100,0,3523192,14690628,360,2668023808,0.12
237.537,2354392,1165100,0,3519492,14690628,360,2668023808,0.12
237.637,2349436,1165100,0,3514536,14690628,360,2668023808,0.12
237.740,2340928,1165100,0,3506028,14690628,360,2668023808,0.12
237.840,2342508,1165100,0,3507608,14690628,360,2668023808,0.12
237.940,2344452,1165100,0,3509552,14690628,360,2668023808,0.12
238.041,2348764,1165100,0,3513864,14690628,360,2668023808,0.12
238.143,2350072,1165100,0,3515172,14690628,360,2668023808,0.12
238.244,2349336,1165100,0,3514436,14690628,360,2668023808,0.12
238.344,2349336,1165100,0,3514436,14690628,360,2668023808,0.12
238.445,2339272,1165100,0,3504372,14690628,360,2668023808,0.12
238.545,2339280,1165100,0,3504380,14690628,360,2668023808,0.12
238.645,2339916,1165100,0,3505016,14690628,360,2668023808,0.12
238.746,2343300,1165100,0,3508400,14690628,360,2668023808,0.12
238.848,2343964,1165100,0,3509064,14690628,360,2668023808,0.1
238.948,2341488,1165100,0,3506588,14690628,360,2668023808,0.1
239.048,2342220,1165100,0,3507320,14690628,360,2668023808,0.1
239.149,2343476,1165100,0,3508576,14690628,360,2668023808,0.1
239.251,2343980,1165100,0,3509080,14690628,360,2668023808,0.1
239.352,2344800,1165100,0,3509900,14690628,360,2668023808,0.1
239.452,2345668,1165100,0,3510768,14690628,360,2668023808,0.1
239.553,2348684,1165100,0,3513784,14690628,360,2668023808,0.1
239.653,2348684,1165100,0,3513784,14690628,360,2668023808,0.1
239.755,2339280,1165100,0,3504380,14690628,360,2668023808,0.1
239.856,2339280,1165100,0,3504380,14690628,360,2668023808,0.1
239.956,2339280,1165100,0,3504380,14690628,360,2668023808,0.1
240.057,2339576,1165100,0,3504676,14690628,360,2668023808,0.1
240.157,2340060,1165100,0,3505160,14690628,360,2668023808,0.1
240.258,2340660,1165100,0,3505760,14690628,360,2668023808,0.1
240.360,2341272,1165100,0,3506372,14690628,360,2668023808,0.1
240.460,2342264,1165100,0,3507364,14690628,360,2668023808,0.1
240.560,2342724,1165100,0,3507824,14690628,360,2668023808,0.1
240.663,2343296,1165100,0,3508396,14690628,360,2668023808,0.1
240.764,2343988,1165100,0,3509088,14690628,360,2668023808,0.1
240.864,2344772,1165100,0,3509872,14690628,360,2668023808,0.08
240.965,2347544,1165100,0,3512644,14690628,360,2668023808,0.08
241.068,2347544,1165100,0,3512644,14690628,360,2668023808,0.08
241.168,2339288,1165100,0,3504388,14690628,360,2668023808,0.08
241.268,2339288,1165100,0,3504388,14690628,360,2668023808,0.08
241.369,2339292,1165100,0,3504392,14690628,360,2668023808,0.08
241.469,2339292,1165100,0,3504392,14690628,360,2668023808,0.08
241.572,2339292,1165100,0,3504392,14690628,360,2668023808,0.08
241.672,2339296,1165100,0,3504396,14690628,360,2668023808,0.08
241.772,2339300,1165100,0,3504400,14690628,360,2668023808,0.08
241.873,2339736,1165100,0,3504836,14690628,360,2668023808,0.08
241.973,2340668,1165100,0,3505768,14690628,360,2668023808,0.08
242.074,2342020,1165100,0,3507120,14690628,360,2668023808,0.08
242.176,2344316,1165100,0,3509416,14690628,360,2668023808,0.08
242.276,2346888,1165100,0,3511988,14690628,360,2668023808,0.08
242.376,2349008,1165100,0,3514108,14690628,360,2668023808,0.08
242.479,2354016,1165100,0,3519116,14690628,360,2668023808,0.08
242.580,2359540,1165100,0,3524640,14690628,360,2668023808,0.08
242.680,2356540,1165100,0,3521640,14690628,360,2668023808,0.08
242.781,2353024,1165100,0,3518124,14690628,360,2668023808,0.08
242.881,2354192,1165100,0,3519292,14690628,360,2668023808,0.06
242.981,2343608,1165100,0,3508708,14690628,360,2668023808,0.06
243.082,2344700,1165100,0,3509800,14690628,360,2668023808,0.06
243.184,2345036,1165100,0,3510136,14690628,360,2668023808,0.06
243.284,2348668,1165100,0,3513768,14690628,360,2668023808,0.06
243.384,2349148,1165100,0,3514248,14690628,360,2668023808,0.06
243.487,2340848,1165100,0,3505948,14690628,360,2668023808,0.06
243.588,2343920,1165100,0,3509020,14690628,360,2668023808,0.06
243.688,2343920,1165100,0,3509020,14690628,360,2668023808,0.06
243.789,2339472,1165100,0,3504572,14690628,360,2668023808,0.06
243.889,2339472,1165100,0,3504572,14690628,360,2668023808,0.06
243.989,2339760,1165100,0,3504860,14690628,360,2668023808,0.06
244.092,2340508,1165100,0,3505608,14690628,360,2668023808,0.06
244.192,2341316,1165100,0,3506416,14690628,360,2668023808,0.06
244.292,2342232,1165100,0,3507332,14690628,360,2668023808,0.06
244.393,2343296,1165100,0,3508396,14690628,360,2668023808,0.06
244.496,2344292,1165100,0,3509392,14690628,360,2668023808,0.06
244.596,2345064,1165100,0,3510164,14690628,360,2668023808,0.06
244.696,2348908,1165100,0,3514008,14690628,360,2668023808,0.06
244.797,2348908,1165100,0,3514008,14690628,360,2668023808,0.06
244.897,2348908,1165100,0,3514008,14690628,360,2668023808,0.05
244.998,2348908,1165100,0,3514008,14690628,360,2668023808,0.05
245.098,2339472,1165100,0,3504572,14690628,360,2668023808,0.05
245.199,2339472,1165100,0,3504572,14690628,360,2668023808,0.05
245.304,2339472,1165100,0,3504572,14690628,360,2668023808,0.05
245.404,2339472,1165100,0,3504572,14690628,360,2668023808,0.05
245.504,2339472,1165100,0,3504572,14690628,360,2668023808,0.05
245.605,2339924,1165100,0,3505024,14690628,360,2668023808,0.05
245.705,2340688,1165100,0,3505788,14690628,360,2668023808,0.05
245.805,2341252,1165100,0,3506352,14690628,360,2668023808,0.05
245.906,2342396,1165100,0,3507496,14690628,360,2668023808,0.05
246.008,2342848,1165100,0,3507948,14690628,360,2668023808,0.05
246.108,2343372,1165100,0,3508472,14690628,360,2668023808,0.05
246.212,2344028,1165100,0,3509128,14690628,360,2668023808,0.05
246.312,2347524,1165100,0,3512624,14690628,360,2668023808,0.05
246.412,2347804,1165100,0,3512904,14690628,360,2668023808,0.05
246.513,2340788,1165100,0,3505888,14690628,360,2668023808,0.05
246.613,2342608,1165100,0,3507708,14690628,360,2668023808,0.05
246.716,2345704,1165100,0,3510804,14690628,360,2668023808,0.05
246.816,2346460,1165100,0,3511560,14690628,360,2668023808,0.05
246.920,2342968,1165100,0,3508068,14690628,360,2668023808,0.04
247.020,2344708,1165100,0,3509808,14690628,360,2668023808,0.04
247.121,2347136,1165100,0,3512236,14690628,360,2668023808,0.04
247.221,2351708,1165100,0,3516808,14690628,360,2668023808,0.04
247.324,2356864,1165100,0,3521964,14690628,360,2668023808,0.04
247.424,2358360,1165100,0,3523460,14690628,360,2668023808,0.04
247.524,2365152,1165100,0,3530252,14690628,360,2668023808,0.04
247.625,2365152,1165100,0,3530252,14690628,360,2668023808,0.04
247.725,2352936,1165100,0,3518036,14690628,360,2668023808,0.04
247.828,2352936,1165100,0,3518036,14690628,360,2668023808,0.04
247.928,2352936,1165100,0,3518036,14690628,360,2668023808,0.04
248.028,2352936,1165100,0,3518036,14690628,360,2668023808,0.04
248.129,2352936,1165100,0,3518036,14690628,360,2668023808,0.04
248.229,2353564,1165100,0,3518664,14690628,360,2668023808,0.04
248.329,2354196,1165100,0,3519296,14690628,360,2668023808,0.04
248.432,2347140,1165100,0,3512240,14690628,360,2668023808,0.04
248.532,2347300,1165100,0,3512400,14690628,360,2668023808,0.04
248.632,2343788,1165100,0,3508888,14690628,360,2668023808,0.04
248.733,2343808,1165100,0,3508908,14690628,360,2668023808,0.04
248.835,2343836,1165100,0,3508936,14690628,360,2668023808,0.04
248.936,2343848,1165100,0,3508948,14690628,360,2668023808,0.03
249.036,2343860,1165100,0,3508960,14690628,360,2668023808,0.03
249.137,2343956,1165100,0,3509056,14690628,360,2668023808,0.03
249.237,2344764,1165100,0,3509864,14690628,360,2668023808,0.03
249.338,2346320,1165100,0,3511420,14690628,360,2668023808,0.03
249.440,2349588,1165100,0,3514688,14690628,360,2668023808,0.03
249.540,2350496,1165100,0,3515596,14690628,360,2668023808,0.03
249.640,2347648,1165100,0,3512748,14690628,360,2668023808,0.03
249.744,2349472,1165100,0,3514572,14690628,360,2668023808,0.03
249.844,2351340,1165100,0,3516440,14690628,360,2668023808,0.03
249.944,2355424,1165100,0,3520524,14690628,360,2668023808,0.03
250.045,2356260,1165100,0,3521360,14690628,360,2668023808,0.03
250.146,2348844,1165100,0,3513944,14690628,360,2668023808,0.03
250.246,2352008,1165100,0,3517108,14690628,360,2668023808,0.03
250.347,2352008,1165100,0,3517108,14690628,360,2668023808,0.03
250.447,2352016,1165100,0,3517116,14690628,360,2668023808,0.03
250.548,2352160,1165100,0,3517260,14690628,360,2668023808,0.03
250.651,2353312,1165100,0,3518412,14690628,360,2668023808,0.03
250.752,2355428,1165100,0,3520528,14690628,360,2668023808,0.03
250.852,2358020,1165100,0,3523120,14690628,360,2668023808,0.03
250.953,2360376,1165100,0,3525476,14690628,360,2668023808,0.02
251.056,2362672,1165100,0,3527772,14690628,360,2668023808,0.02
251.156,2401640,1165100,0,3566740,14690628,360,2668023808,0.02
251.256,2409988,1165100,0,3575088,14690628,360,2668023808,0.02
251.357,2404208,1165100,0,3569308,14690628,360,2668023808,0.02
251.457,2405328,1165100,0,3570428,14690628,360,2668023808,0.02
251.557,2406860,1165100,0,3571960,14690628,360,2668023808,0.02
251.658,2385572,1165100,0,3550672,14690628,360,2668023808,0.02
251.758,2361888,1165100,0,3526988,14690628,360,2668023808,0.02
251.859,2364832,1165100,0,3529932,14690628,360,2668023808,0.02
251.960,2366004,1165100,0,3531104,14690628,360,2668023808,0.02
252.060,2361412,1165100,0,3526512,14690628,360,2668023808,0.02
252.161,2362500,1165100,0,3527600,14690628,360,2668023808,0.02
252.261,2364820,1165100,0,3529920,14690628,360,2668023808,0.02
252.362,2359268,1165100,0,3524368,14690628,360,2668023808,0.02
252.462,2359268,1165100,0,3524368,14690628,360,2668023808,0.02
252.563,2359272,1165100,0,3524372,14690628,360,2668023808,0.02
252.663,2359452,1165100,0,3524552,14690628,360,2668023808,0.02
252.764,2360396,1165100,0,3525496,14690628,360,2668023808,0.02
252.864,2361340,1165100,0,3526440,14690628,360,2668023808,0.02
252.965,2362352,1165100,0,3527452,14690628,360,2668023808,0.02
253.066,2363376,1165100,0,3528476,14690628,360,2668023808,0.02
253.166,2366384,1165100,0,3531484,14690628,360,2668023808,0.02
253.267,2366384,1165100,0,3531484,14690628,360,2668023808,0.02
253.367,2359272,1165100,0,3524372,14690628,360,2668023808,0.02
253.468,2361252,1165100,0,3526352,14690628,360,2668023808,0.02
253.569,2359272,1165100,0,3524372,14690628,360,2668023808,0.02
253.669,2359272,1165100,0,3524372,14690628,360,2668023808,0.02
253.769,2359272,1165100,0,3524372,14690628,360,2668023808,0.02
253.870,2359272,1165100,0,3524372,14690628,360,2668023808,0.02
253.971,2359272,1165100,0,3524372,14690628,360,2668023808,0.02
254.072,2359272,1165100,0,3524372,14690628,360,2668023808,0.02
254.173,2359272,1165100,0,3524372,14690628,360,2668023808,0.02
254.273,2359272,1165100,0,3524372,14690628,360,2668023808,0.02
254.374,2359272,1165100,0,3524372,14690628,360,2668023808,0.02
254.475,2359272,1165100,0,3524372,14690628,360,2668023808,0.02
254.575,2359272,1165100,0,3524372,14690628,360,2668023808,0.02
254.676,2359272,1165100,0,3524372,14690628,360,2668023808,0.02
254.777,2359272,1165100,0,3524372,14690628,360,2668023808,0.02
254.877,2359272,1165100,0,3524372,14690628,360,2668023808,0.02
254.978,2359272,1165100,0,3524372,14690628,360,2668023808,0.02
255.078,2359272,1165100,0,3524372,14690628,360,2668023808,0.01
255.179,2359272,1165100,0,3524372,14690628,360,2668023808,0.01
255.280,2359272,1165100,0,3524372,14690628,360,2668023808,0.01
255.381,2359272,1165100,0,3524372,14690628,360,2668023808,0.01
255.482,2359272,1165100,0,3524372,14690628,360,2668023808,0.01
255.582,2359272,1165100,0,3524372,14690628,360,2668023808,0.01
255.683,2359272,1165100,0,3524372,14690628,360,2668023808,0.01
255.784,2359272,1165100,0,3524372,14690628,360,2668023808,0.01
255.884,2359272,1165100,0,3524372,14690628,360,2668023808,0.01
255.985,2359272,1165100,0,3524372,14690628,360,2668023808,0.01
256.085,2359272,1165100,0,3524372,14690628,360,2668023808,0.01
256.186,2359272,1165100,0,3524372,14690628,360,2668023808,0.01
256.286,2359272,1165100,0,3524372,14690628,360,2668023808,0.01
256.387,2359272,1165100,0,3524372,14690628,360,2668023808,0.01
256.487,2359272,1165100,0,3524372,14690628,360,2668023808,0.01
256.588,2359272,1165100,0,3524372,14690628,360,2668023808,0.01
256.688,2359272,1165100,0,3524372,14690628,360,2668023808,0.01
256.789,2359272,1165100,0,3524372,14690628,360,2668023808,0.01
256.889,2359272,1165100,0,3524372,14690628,360,2668023808,0.01
256.990,2359272,1165100,0,3524372,14690628,360,2668023808,0.01
257.090,2359272,1165100,0,3524372,14690628,360,2668023808,0.01
257.191,2359272,1165100,0,3524372,14690628,360,2668023808,0.01
257.292,2359272,1165100,0,3524372,14690628,360,2668023808,0.01
257.392,2359272,1165100,0,3524372,14690628,360,2668023808,0.01
257.493,2359272,1165100,0,3524372,14690628,360,2668023808,0.01
257.594,2359272,1165100,0,3524372,14690628,360,2668023808,0.01
257.694,2359272,1165100,0,3524372,14690628,360,2668023808,0.01
257.794,2359272,1165100,0,3524372,14690628,360,2668023808,0.01
257.895,2359272,1165100,0,3524372,14690628,360,2668023808,0.01
257.995,2359272,1165100,0,3524372,14690628,360,2668023808,0.01
258.095,2359272,1165100,0,3524372,14690628,360,2668023808,0.01
258.196,2359272,1165100,0,3524372,14690628,360,2668023808,0.01
258.296,2359272,1165100,0,3524372,14690628,360,2668023808,0.01
258.396,2359272,1165100,0,3524372,14690628,360,2668023808,0.01
258.497,2359272,1165100,0,3524372,14690628,360,2668023808,0.01
258.597,2359272,1165100,0,3524372,14690628,360,2668023808,0.01
258.698,2359272,1165100,0,3524372,14690628,360,2668023808,0.01
258.798,2359272,1165100,0,3524372,14690628,360,2668023808,0.01
258.898,2359272,1165100,0,3524372,14690628,360,2668023808,0.01
258.999,2359272,1165100,0,3524372,14690628,360,2668023808,0.01
259.099,2359272,1165100,0,3524372,14690628,360,2668023808,0.01
259.199,2359272,1165100,0,3524372,14690628,360,2668023808,0.01
259.300,2359272,1165100,0,3524372,14690628,360,2668023808,0.01
259.400,2359272,1165100,0,3524372,14690628,360,2668023808,0.01
259.500,2359272,1165100,0,3524372,14690628,360,2668023808,0.01
259.601,2359272,1165100,0,3524372,14690628,360,2668023808,0.01
259.701,2359272,1165100,0,3524372,14690628,360,2668023808,0.01
259.801,2359272,1165100,0,3524372,14690628,360,2668023808,0.01
259.902,2359272,1165100,0,3524372,14690628,360,2668023808,0.01
260.002,2359272,1165100,0,3524372,14690628,360,2668023808,0.01
260.102,2359272,1165100,0,3524372,14690628,360,2668023808,0.01
260.203,2359272,1165100,0,3524372,14690628,360,2668023808,0.01
260.303,2359272,1165100,0,3524372,14690628,360,2668023808,0.01
260.403,2359272,1165100,0,3524372,14690628,360,2668023808,0.01
260.504,2359272,1165100,0,3524372,14690628,360,2668023808,0.01
260.604,2359272,1165100,0,3524372,14690628,360,2668023808,0.01
260.704,2359272,1165100,0,3524372,14690628,360,2668023808,0.01
260.805,2359272,1165100,0,3524372,14690628,360,2668023808,0.01
260.905,2359272,1165100,0,3524372,14690628,360,2668023808,0.01
261.006,2359272,1165100,0,3524372,14690628,360,2668023808,0.01
261.106,2359272,1165100,0,3524372,14690628,360,2668023808,0.01
261.207,2359272,1165100,0,3524372,14690628,360,2668023808,0.01
261.307,2359272,1165100,0,3524372,14690628,360,2668023808,0.01
261.407,2359272,1165100,0,3524372,14690628,360,2668023808,0.01
261.508,2359272,1165100,0,3524372,14690628,360,2668023808,0.01
261.608,2359272,1165100,0,3524372,14690628,360,2668023808,0.01
261.708,2359272,1165100,0,3524372,14690628,360,2668023808,0.01
261.809,2359272,1165100,0,3524372,14690628,360,2668023808,0.01
261.909,2359272,1165100,0,3524372,14690628,360,2668023808,0.01
262.009,2359272,1165100,0,3524372,14690628,360,2668023808,0.01
262.110,2359272,1165100,0,3524372,14690628,360,2668023808,0.01
262.210,2359272,1165100,0,3524372,14690628,360,2668023808,0.01
262.311,2359272,1165100,0,3524372,14690628,360,2668023808,0.01
262.411,2359272,1165100,0,3524372,14690628,360,2668023808,0.01
262.511,2359272,1165100,0,3524372,14690628,360,2668023808,0.01
262.612,2359272,1165100,0,3524372,14690628,360,2668023808,0.01
262.712,2359272,1165100,0,3524372,14690628,360,2668023808,0.01
262.812,2359272,1165100,0,3524372,14690628,360,2668023808,0.01
262.913,2359272,1165100,0,3524372,14690628,360,2668023808,0.0
263.013,2359272,1165100,0,3524372,14690628,360,2668023808,0.0
263.114,2359272,1165100,0,3524372,14690628,360,2668023808,0.0
263.214,2359272,1165100,0,3524372,14690628,360,2668023808,0.0
263.314,2359272,1165100,0,3524372,14690628,360,2668023808,0.0
263.415,2359272,1165100,0,3524372,14690628,360,2668023808,0.0
263.515,2359272,1165100,0,3524372,14690628,360,2668023808,0.0
263.615,2359272,1165100,0,3524372,14690628,360,2668023808,0.0
263.716,2359272,1165100,0,3524372,14690628,360,2668023808,0.0
263.816,2359272,1165100,0,3524372,14690628,360,2668023808,0.0
263.916,2359272,1165100,0,3524372,14690628,360,2668023808,0.0
264.017,2359272,1165100,0,3524372,14690628,360,2668023808,0.0
264.117,2359272,1165100,0,3524372,14690628,360,2668023808,0.0
264.218,2359272,1165100,0,3524372,14690628,360,2668023808,0.0
264.318,2359272,1165100,0,3524372,14690628,360,2668023808,0.0
264.418,2359272,1165100,0,3524372,14690628,360,2668023808,0.0
264.518,2359272,1165100,0,3524372,14690628,360,2668023808,0.0
264.619,2359272,1165100,0,3524372,14690628,360,2668023808,0.0
264.719,2359272,1165100,0,3524372,14690628,360,2668023808,0.0
264.819,2359272,1165100,0,3524372,14690628,360,2668023808,0.0
264.920,2359272,1165100,0,3524372,14690628,360,2668023808,0.0
265.020,2359272,1165100,0,3524372,14690628,360,2668023808,0.0
265.121,2359272,1165100,0,3524372,14690628,360,2668023808,0.0
265.221,2359272,1165100,0,3524372,14690628,360,2668023808,0.0
265.321,2359272,1165100,0,3524372,14690628,360,2668023808,0.0
265.422,2359272,1165100,0,3524372,14690628,360,2668023808,0.0
265.522,2359272,1165100,0,3524372,14690628,360,2668023808,0.0
265.622,2359272,1165100,0,3524372,14690628,360,2668023808,0.0
265.723,2359272,1165100,0,3524372,14690628,360,2668023808,0.0
265.823,2359272,1165100,0,3524372,14690628,360,2668023808,0.0
265.923,2359272,1165100,0,3524372,14690628,360,2668023808,0.0
266.024,2359272,1165100,0,3524372,14690628,360,2668023808,0.0
266.124,2359272,1165100,0,3524372,14690628,360,2668023808,0.0
266.224,2359272,1165100,0,3524372,14690628,360,2668023808,0.0
266.325,2359272,1165100,0,3524372,14690628,360,2668023808,0.0
266.425,2359272,1165100,0,3524372,14690628,360,2668023808,0.0
266.525,2359272,1165100,0,3524372,14690628,360,2668023808,0.0
266.626,2359272,1165100,0,3524372,14690628,360,2668023808,0.0
266.726,2359272,1165100,0,3524372,14690628,360,2668023808,0.0
266.826,2359272,1165100,0,3524372,14690628,360,2668023808,0.0
266.927,2359272,1165100,0,3524372,14690628,360,2668023808,0.0
267.027,2359272,1165100,0,3524372,14690628,360,2668023808,0.0
267.127,2359272,1165100,0,3524372,14690628,360,2668023808,0.0
267.228,2359272,1165100,0,3524372,14690628,360,2668023808,0.0
267.328,2359272,1165100,0,3524372,14690628,360,2668023808,0.0
267.429,2359272,1165100,0,3524372,14690628,360,2668023808,0.0
267.529,2359272,1165100,0,3524372,14690628,360,2668023808,0.0
267.629,2359272,1165100,0,3524372,14690628,360,2668023808,0.0
267.730,2359272,1165100,0,3524372,14690628,360,2668023808,0.0
267.830,2359272,1165100,0,3524372,14690628,360,2668023808,0.0
267.930,2359272,1165100,0,3524372,14690628,360,2668023808,0.0
268.031,2359272,1165100,0,3524372,14690628,360,2668023808,0.0
268.131,2359272,1165100,0,3524372,14690628,360,2668023808,0.0
268.232,2359272,1165100,0,3524372,14690628,360,2668023808,0.0
268.332,2359272,1165100,0,3524372,14690628,360,2668023808,0.0
268.432,2359272,1165100,0,3524372,14690628,360,2668023808,0.0
268.533,2359272,1165100,0,3524372,14690628,360,2668023808,0.0
268.633,2359272,1165100,0,3524372,14690628,360,2668023808,0.0
268.733,2359272,1165100,0,3524372,14690628,360,2668023808,0.0
268.834,2359272,1165100,0,3524372,14690628,360,2668023808,0.0
268.934,2359272,1165100,0,3524372,14690628,360,2668023808,0.0
269.035,2359272,1165100,0,3524372,14690628,360,2668023808,0.0
269.135,2359272,1165100,0,3524372,14690628,360,2668023808,0.0
269.235,2359272,1165100,0,3524372,14690628,360,2668023808,0.0
269.336,2359272,1165100,0,3524372,14690628,360,2668023808,0.0
269.436,2359272,1165100,0,3524372,14690628,360,2668023808,0.0
269.537,2359272,1165100,0,3524372,14690628,360,2668023808,0.0
269.637,2359272,1165100,0,3524372,14690628,360,2668023808,0.0
269.737,2359272,1165100,0,3524372,14690628,360,2668023808,0.0
269.838,2359272,1165100,0,3524372,14690628,360,2668023808,0.0
269.938,2359272,1165100,0,3524372,14690628,360,2668023808,0.0
270.038,2359272,1165100,0,3524372,14690628,360,2668023808,0.0
270.139,2359272,1165100,0,3524372,14690628,360,2668023808,0.0
270.239,2359272,1165100,0,3524372,14690628,360,2668023808,0.0
270.340,2359272,1165100,0,3524372,14690628,360,2668023808,0.0
270.440,2359272,1165100,0,3524372,14690628,360,2668023808,0.0
270.540,2359272,1165100,0,3524372,14690628,360,2668023808,0.0
270.641,2359272,1165100,0,3524372,14690628,360,2668023808,0.0
270.741,2359272,1165100,0,3524372,14690628,360,2668023808,0.0
270.842,2359272,1165100,0,3524372,14690628,360,2668023808,0.0
270.942,2359272,1165100,0,3524372,14690628,360,2668023808,0.0
271.043,2359272,1165100,0,3524372,14690628,360,2668023808,0.0
271.143,2359272,1165100,0,3524372,14690628,360,2668023808,0.0
271.244,2359272,1165100,0,3524372,14690628,360,2668023808,0.0
271.344,2359272,1165100,0,3524372,14690628,360,2668023808,0.0
271.444,2359272,1165100,0,3524372,14690628,360,2668023808,0.0
271.545,2359272,1165100,0,3524372,14690628,360,2668023808,0.0
271.645,2359272,1165100,0,3524372,14690628,360,2668023808,0.0
271.746,2359272,1165100,0,3524372,14690628,360,2668023808,0.0
271.846,2359272,1165100,0,3524372,14690628,360,2668023808,0.0
271.947,2359272,1165100,0,3524372,14690628,360,2668023808,0.0
272.047,2359272,1165100,0,3524372,14690628,360,2668023808,0.0
272.148,2359272,1165100,0,3524372,14690628,360,2668023808,0.0
272.248,2359272,1165100,0,3524372,14690628,360,2668023808,0.0
272.349,2359272,1165100,0,3524372,14690628,360,2668023808,0.0
272.449,2359272,1165100,0,3524372,14690628,360,2668023808,0.0
272.549,2359272,1165100,0,3524372,14690628,360,2668023808,0.0
272.650,2359272,1165100,0,3524372,14690628,360,2668023808,0.0
272.750,2359272,1165100,0,3524372,14690628,360,2668023808,0.0
272.851,2359272,1165100,0,3524372,14690628,360,2668023808,0.0
272.951,2359272,1165100,0,3524372,14690628,360,2668023808,0.0
273.051,2359272,1165100,0,3524372,14690628,360,2668023808,0.0
273.152,2359272,1165100,0,3524372,14690628,360,2668023808,0.0
273.252,2359272,1165100,0,3524372,14690628,360,2668023808,0.0
273.353,2359272,1165100,0,3524372,14690628,360,2668023808,0.0
273.453,2359272,1165100,0,3524372,14690628,360,2668023808,0.0
273.554,2359272,1165100,0,3524372,14690628,360,2668023808,0.0
273.655,2359272,1165100,0,3524372,14690628,360,2668023808,0.0
273.756,2359272,1165100,0,3524372,14690628,360,2668023808,0.0
273.856,2359272,1165100,0,3524372,14690628,360,2668023808,0.0
273.957,2359272,1165100,0,3524372,14690628,360,2668023808,0.0
274.058,2359272,1165100,0,3524372,14690628,360,2668023808,0.0
274.159,2359272,1165100,0,3524372,14690628,360,2668023808,0.0
274.260,2359272,1165100,0,3524372,14690628,360,2668023808,0.0
274.360,2359272,1165100,0,3524372,14690628,360,2668023808,0.0
274.461,2359272,1165100,0,3524372,14690628,360,2668023808,0.0
274.561,2359272,1165100,0,3524372,14690628,360,2668023808,0.0
274.662,2359272,1165100,0,3524372,14690628,360,2668023808,0.0
274.763,2359272,1165100,0,3524372,14690628,360,2668023808,0.0
274.864,2359272,1165100,0,3524372,14690628,360,2668023808,0.0
274.964,2359272,1165100,0,3524372,14690628,360,2668023808,0.0
275.065,2359272,1165100,0,3524372,14690628,360,2668023808,0.0
275.166,2359272,1165100,0,3524372,14690628,360,2668023808,0.0
275.266,2359272,1165100,0,3524372,14690628,360,2668023808,0.0
275.367,2359272,1165100,0,3524372,14690628,360,2668023808,0.0
275.468,2359272,1165100,0,3524372,14690628,360,2668023808,0.0
275.569,2359272,1165100,0,3524372,14690628,360,2668023808,0.0
275.669,2359272,1165100,0,3524372,14690628,360,2668023808,0.0
275.769,2359272,1165100,0,3524372,14690628,360,2668023808,0.0
275.870,2359272,1165100,0,3524372,14690628,360,2668023808,0.0
275.971,2359272,1165100,0,3524372,14690628,360,2668023808,0.0
276.072,2359272,1165100,0,3524372,14690628,360,2668023808,0.0
276.172,2359272,1165100,0,3524372,14690628,360,2668023808,0.0
276.273,2359272,1165100,0,3524372,14690628,360,2668023808,0.0
276.373,2359272,1165100,0,3524372,14690628,360,2668023808,0.0
276.474,2359272,1165100,0,3524372,14690628,360,2668023808,0.0
276.574,2359272,1165100,0,3524372,14690628,360,2668023808,0.0
276.675,2359272,1165100,0,3524372,14690628,360,2668023808,0.0
276.775,2359272,1165100,0,3524372,14690628,360,2668023808,0.0
276.876,2359272,1165100,0,3524372,14690628,360,2668023808,0.0
276.977,2359272,1165100,0,3524372,14690628,360,2668023808,0.0
277.078,2359272,1165100,0,3524372,14690628,360,2668023808,0.0
277.179,2359272,1165100,0,3524372,14690628,360,2668023808,0.0
277.280,2359272,1165100,0,3524372,14690628,360,2668023808,0.0
277.380,2359272,1165100,0,3524372,14690628,360,2668023808,0.0
277.481,2359272,1165100,0,3524372,14690628,360,2668023808,0.0
277.581,2359272,1165100,0,3524372,14690628,360,2668023808,0.0
277.682,2359272,1165100,0,3524372,14690628,360,2668023808,0.0
277.783,2359272,1165100,0,3524372,14690628,360,2668023808,0.0
277.883,2359272,1165100,0,3524372,14690628,360,2668023808,0.0
277.984,2359272,1165100,0,3524372,14690628,360,2668023808,0.0
278.084,2359272,1165100,0,3524372,14690628,360,2668023808,0.0
278.185,2359272,1165100,0,3524372,14690628,360,2668023808,0.0
278.286,2359272,1165100,0,3524372,14690628,360,2668023808,0.0
278.386,2359272,1165100,0,3524372,14690628,360,2668023808,0.0
278.486,2359272,1165100,0,3524372,14690628,360,2668023808,0.0
278.587,2359272,1165100,0,3524372,14690628,360,2668023808,0.0
278.687,2359272,1165100,0,3524372,14690628,360,2668023808,0.0
278.788,2359272,1165100,0,3524372,14690628,360,2668023808,0.0
278.889,2359272,1165100,0,3524372,14690628,360,2668023808,0.0
278.989,2359272,1165100,0,3524372,14690628,360,2668023808,0.0
279.089,2359272,1165100,0,3524372,14690628,360,2668023808,0.0
279.190,2359272,1165100,0,3524372,14690628,360,2668023808,0.0
279.291,2359272,1165100,0,3524372,14690628,360,2668023808,0.0
279.391,2359272,1165100,0,3524372,14690628,360,2668023808,0.0
279.491,2359272,1165100,0,3524372,14690628,360,2668023808,0.0
279.592,2359272,1165100,0,3524372,14690628,360,2668023808,0.0
279.692,2359272,1165100,0,3524372,14690628,360,2668023808,0.0
279.793,2359272,1165100,0,3524372,14690628,360,2668023808,0.0
279.893,2359272,1165100,0,3524372,14690628,360,2668023808,0.0
279.994,2359272,1165100,0,3524372,14690628,360,2668023808,0.0
280.094,2359272,1165100,0,3524372,14690628,360,2668023808,0.0
280.195,2359272,1165100,0,3524372,14690628,360,2668023808,0.0
280.296,2359272,1165100,0,3524372,14690628,360,2668023808,0.0
280.396,2359272,1165100,0,3524372,14690628,360,2668023808,0.0
280.497,2359272,1165100,0,3524372,14690628,360,2668023808,0.0
280.597,2359272,1165100,0,3524372,14690628,360,2668023808,0.0
280.698,2359272,1165100,0,3524372,14690628,360,2668023808,0.0
280.798,2359272,1165100,0,3524372,14690628,360,2668023808,0.0
280.898,2359272,1165100,0,3524372,14690628,360,2668023808,0.0
280.999,2359272,1165100,0,3524372,14690628,360,2668023808,0.0
281.099,2359272,1165100,0,3524372,14690628,360,2668023808,0.0
281.200,2359272,1165100,0,3524372,14690628,360,2668023808,0.0
281.301,2359272,1165100,0,3524372,14690628,360,2668023808,0.0
281.401,2359272,1165100,0,3524372,14690628,360,2668023808,0.0
281.502,2359272,1165100,0,3524372,14690628,360,2668023808,0.0
281.602,2359272,1165100,0,3524372,14690628,360,2668023808,0.0
281.703,2359272,1165100,0,3524372,14690628,360,2668023808,0.0
281.804,2359272,1165100,0,3524372,14690628,360,2668023808,0.0
281.904,2359272,1165100,0,3524372,14690628,360,2668023808,0.0
282.005,2359272,1165100,0,3524372,14690628,360,2668023808,0.0
282.106,2359272,1165100,0,3524372,14690628,360,2668023808,0.0
282.206,2359272,1165100,0,3524372,14690628,360,2668023808,0.0
282.307,2359272,1165100,0,3524372,14690628,360,2668023808,0.0
282.407,2359272,1165100,0,3524372,14690628,360,2668023808,0.0
282.508,2359272,1165100,0,3524372,14690628,360,2668023808,0.0
282.608,2359272,1165100,0,3524372,14690628,360,2668023808,0.0
282.708,2359272,1165100,0,3524372,14690628,360,2668023808,0.0
282.810,2359272,1165100,0,3524372,14690628,360,2668023808,0.0
282.910,2359272,1165100,0,3524372,14690628,360,2668023808,0.0
283.010,2359272,1165100,0,3524372,14690628,360,2668023808,0.0
283.111,2359272,1165100,0,3524372,14690628,360,2668023808,0.0
283.212,2359272,1165100,0,3524372,14690628,360,2668023808,0.0
283.312,2359272,1165100,0,3524372,14690628,360,2668023808,0.0
283.413,2359272,1165100,0,3524372,14690628,360,2668023808,0.0
283.513,2359272,1165100,0,3524372,14690628,360,2668023808,0.0
283.614,2359272,1165100,0,3524372,14690628,360,2668023808,0.0
283.714,2359272,1165100,0,3524372,14690628,360,2668023808,0.0
283.814,2359272,1165100,0,3524372,14690628,360,2668023808,0.0
283.915,2359272,1165100,0,3524372,14690628,360,2668023808,0.0
284.015,2359272,1165100,0,3524372,14690628,360,2668023808,0.0
284.116,2359272,1165100,0,3524372,14690628,360,2668023808,0.0
284.217,2359272,1165100,0,3524372,14690628,360,2668023808,0.0
284.317,2359272,1165100,0,3524372,14690628,360,2668023808,0.0
284.418,2359272,1165100,0,3524372,14690628,360,2668023808,0.0
284.519,2359272,1165100,0,3524372,14690628,360,2668023808,0.0
284.619,2359272,1165100,0,3524372,14690628,360,2668023808,0.0
284.720,2359272,1165100,0,3524372,14690628,360,2668023808,0.0
284.820,2359272,1165100,0,3524372,14690628,360,2668023808,0.0
284.921,2359272,1165100,0,3524372,14690628,360,2668023808,0.0
285.021,2359272,1165100,0,3524372,14690628,360,2668023808,0.0
285.122,2359272,1165100,0,3524372,14690628,360,2668023808,0.0
285.222,2359272,1165100,0,3524372,14690628,360,2668023808,0.0
285.323,2359272,1165100,0,3524372,14690628,360,2668023808,0.0
285.423,2359272,1165100,0,3524372,14690628,360,2668023808,0.0
285.523,2359272,1165100,0,3524372,14690628,360,2668023808,0.0
285.624,2359272,1165100,0,3524372,14690628,360,2668023808,0.0
285.724,2359272,1165100,0,3524372,14690628,360,2668023808,0.0
285.825,2359272,1165100,0,3524372,14690628,360,2668023808,0.0
285.925,2359272,1165100,0,3524372,14690628,360,2668023808,0.0
286.026,2359272,1165100,0,3524372,14690628,360,2668023808,0.0
286.126,2359272,1165100,0,3524372,14690628,360,2668023808,0.0
286.226,2359272,1165100,0,3524372,14690628,360,2668023808,0.0
286.327,2359272,1165100,0,3524372,14690628,360,2668023808,0.0
286.427,2359272,1165100,0,3524372,14690628,360,2668023808,0.0
286.528,2359272,1165100,0,3524372,14690628,360,2668023808,0.0
286.628,2359272,1165100,0,3524372,14690628,360,2668023808,0.0
286.729,2359272,1165100,0,3524372,14690628,360,2668023808,0.0
286.830,2359272,1165100,0,3524372,14690628,360,2668023808,0.0
286.930,2359272,1165100,0,3524372,14690628,360,2668023808,0.0
287.031,2359272,1165100,0,3524372,14690628,360,2668023808,0.0
287.131,2359272,1165100,0,3524372,14690628,360,2668023808,0.0
287.231,2359272,1165100,0,3524372,14690628,360,2668023808,0.0
287.332,2359272,1165100,0,3524372,14690628,360,2668023808,0.0
287.432,2359272,1165100,0,3524372,14690628,360,2668023808,0.0
287.533,2359272,1165100,0,3524372,14690628,360,2668023808,0.0
287.634,2359272,1165100,0,3524372,14690628,360,2668023808,0.0
287.734,2359272,1165100,0,3524372,14690628,360,2668023808,0.0
287.835,2359272,1165100,0,3524372,14690628,360,2668023808,0.0
287.935,2359272,1165100,0,3524372,14690628,360,2668023808,0.0
288.036,2359272,1165100,0,3524372,14690628,360,2668023808,0.0
288.136,2359272,1165100,0,3524372,14690628,360,2668023808,0.0
288.237,2359272,1165100,0,3524372,14690628,360,2668023808,0.0
288.337,2359272,1165100,0,3524372,14690628,360,2668023808,0.0
288.438,2359272,1165100,0,3524372,14690628,360,2668023808,0.0
288.538,2359272,1165100,0,3524372,14690628,360,2668023808,0.0
288.638,2359272,1165100,0,3524372,14690628,360,2668023808,0.0
288.739,2359272,1165100,0,3524372,14690628,360,2668023808,0.0
288.839,2359272,1165100,0,3524372,14690628,360,2668023808,0.0
288.940,2359272,1165100,0,3524372,14690628,360,2668023808,0.0
289.040,2359272,1165100,0,3524372,14690628,360,2668023808,0.0
289.140,2359272,1165100,0,3524372,14690628,360,2668023808,0.0
289.241,2359272,1165100,0,3524372,14690628,360,2668023808,0.0
289.342,2359272,1165100,0,3524372,14690628,360,2668023808,0.0
289.442,2359272,1165100,0,3524372,14690628,360,2668023808,0.0
289.543,2359272,1165100,0,3524372,14690628,360,2668023808,0.0
289.644,2359272,1165100,0,3524372,14690628,360,2668023808,0.0
289.744,2359272,1165100,0,3524372,14690628,360,2668023808,0.0
289.844,2359272,1165100,0,3524372,14690628,360,2668023808,0.0
289.945,2359272,1165100,0,3524372,14690628,360,2668023808,0.0
290.045,2359272,1165100,0,3524372,14690628,360,2668023808,0.0
290.145,2359272,1165100,0,3524372,14690628,360,2668023808,0.0
290.245,2359272,1165100,0,3524372,14690628,360,2668023808,0.0
290.346,2359272,1165100,0,3524372,14690628,360,2668023808,0.0
290.446,2359272,1165100,0,3524372,14690628,360,2668023808,0.0
290.547,2359272,1165100,0,3524372,14690628,360,2668023808,0.0
290.647,2359272,1165100,0,3524372,14690628,360,2668023808,0.0
290.747,2359272,1165100,0,3524372,14690628,360,2668023808,0.0
290.848,2359272,1165100,0,3524372,14690628,360,2668023808,0.0
290.948,2359272,1165100,0,3524372,14690628,360,2668023808,0.0
291.048,2359272,1165100,0,3524372,14690628,360,2668023808,0.0
291.149,2359272,1165100,0,3524372,14690628,360,2668023808,0.0
291.249,2359272,1165100,0,3524372,14690628,360,2668023808,0.0
291.349,2359272,1165100,0,3524372,14690628,360,2668023808,0.0
291.450,2359272,1165100,0,3524372,14690628,360,2668023808,0.0
291.550,2359272,1165100,0,3524372,14690628,360,2668023808,0.0
291.650,2359272,1165100,0,3524372,14690628,360,2668023808,0.0
291.751,2359272,1165100,0,3524372,14690628,360,2668023808,0.0
291.851,2359272,1165100,0,3524372,14690628,360,2668023808,0.0
291.951,2359272,1165100,0,3524372,14690628,360,2668023808,0.0
292.052,2359272,1165100,0,3524372,14690628,360,2668023808,0.0
292.152,2359272,1165100,0,3524372,14690628,360,2668023808,0.0
292.252,2359272,1225772,0,3585044,14690628,360,2668023808,0.0
292.353,2359272,1332396,0,3691668,14690628,360,2668023808,0.0
292.453,2359272,1445164,0,3804436,14690628,360,2668023808,0.0
292.554,2359272,1559084,0,3918356,14690628,360,2668023808,0.0
292.654,2359272,1671468,0,4030740,14690628,360,2668023808,0.0
292.754,2359272,1784812,0,4144084,14690628,360,2668023808,0.0
292.855,2359272,1892908,0,4252180,14690628,360,2668023808,0.0
292.955,2359272,2001900,0,4361172,14690628,360,2668023808,0.0
293.055,2359272,2112684,0,4471956,14690628,360,2668023808,0.36
293.156,2359272,2212396,0,4571668,14690628,360,2668023808,0.36
293.256,2359272,2323628,0,4682900,14690628,360,2668023808,0.36
293.357,2359272,2433324,0,4792596,14690628,360,2668023808,0.36
293.457,2359272,1165100,0,3524372,14690628,360,2668023808,0.36
293.557,2359272,1165100,0,3524372,14690628,360,2668023808,0.36
293.658,2359272,1165100,0,3524372,14690628,360,2668023808,0.36
293.758,2359272,1165100,0,3524372,14690628,360,2668023808,0.36
293.858,2359272,1165100,0,3524372,14690628,360,2668023808,0.36
293.959,2351832,1165100,0,3516932,14690628,360,2668023808,0.36
294.059,2351832,1165100,0,3516932,14690628,360,2668023808,0.36
294.160,2351832,1165100,0,3516932,14690628,360,2668023808,0.36
294.260,2351832,1165100,0,3516932,14690628,360,2668023808,0.36
294.361,2351832,1165100,0,3516932,14690628,360,2668023808,0.36
294.461,2351832,1165100,0,3516932,14690628,360,2668023808,0.36
294.561,2351832,1165100,0,3516932,14690628,360,2668023808,0.36
294.662,2351832,1165100,0,3516932,14690628,360,2668023808,0.36
294.762,2351832,1165100,0,3516932,14690628,360,2668023808,0.36
294.863,2351832,1165100,0,3516932,14690628,360,2668023808,0.36
294.963,2351832,1165100,0,3516932,14690628,360,2668023808,0.36
295.064,2351832,1165100,0,3516932,14690628,360,2668023808,1.92
295.164,2351832,1165100,0,3516932,14690628,360,2668023808,1.92
295.265,2351832,1165100,0,3516932,14690628,360,2668023808,1.92
295.365,2351832,1165100,0,3516932,14690628,360,2668023808,1.92
295.466,2351832,1165100,0,3516932,14690628,360,2668023808,1.92
295.566,2351832,1165100,0,3516932,14690628,360,2668023808,1.92
295.666,2351832,1165100,0,3516932,14690628,360,2668023808,1.92
295.767,2351832,1165100,0,3516932,14690628,360,2668023808,1.92
295.867,2351832,1165100,0,3516932,14690628,360,2668023808,1.92
295.968,2351832,1165100,0,3516932,14690628,360,2668023808,1.92
296.068,2351832,1165100,0,3516932,14690628,360,2668023808,1.92
296.169,2351832,1165100,0,3516932,14690628,360,2668023808,1.92
296.269,2351832,1165100,0,3516932,14690628,360,2668023808,1.92
296.369,2351832,1165100,0,3516932,14690628,360,2668023808,1.92
296.469,2351832,1165100,0,3516932,14690628,360,2668023808,1.92
296.570,2351832,1165100,0,3516932,14690628,360,2668023808,1.92
296.670,2351832,1165100,0,3516932,14690628,360,2668023808,1.92
296.771,2351832,1165100,0,3516932,14690628,360,2668023808,1.92
296.871,2351832,1165100,0,3516932,14690628,360,2668023808,1.92
296.971,2351832,1165100,0,3516932,14690628,360,2668023808,1.57
297.072,2351832,1165100,0,3516932,14690628,360,2668023808,1.57
297.172,2351832,1165100,0,3516932,14690628,360,2668023808,1.57
297.272,2351832,1165100,0,3516932,14690628,360,2668023808,1.57
297.373,2351832,1165100,0,3516932,14690628,360,2668023808,1.57
297.473,2351832,1165100,0,3516932,14690628,360,2668023808,1.57
297.573,2351832,1165100,0,3516932,14690628,360,2668023808,1.57
297.674,2351832,1165100,0,3516932,14690628,360,2668023808,1.57
297.774,2351832,1165100,0,3516932,14690628,360,2668023808,1.57
297.874,2351832,1165100,0,3516932,14690628,360,2668023808,1.57
297.975,2351832,1165100,0,3516932,14690628,360,2668023808,1.57
298.075,2351832,1165100,0,3516932,14690628,360,2668023808,1.57
298.175,2351832,1165100,0,3516932,14690628,360,2668023808,1.57
298.276,2351832,1165100,0,3516932,14690628,360,2668023808,1.57
298.376,2351832,1165100,0,3516932,14690628,360,2668023808,1.57
298.477,2351832,1165100,0,3516932,14690628,360,2668023808,1.57
298.577,2351832,1165100,0,3516932,14690628,360,2668023808,1.57
298.677,2351832,1165100,0,3516932,14690628,360,2668023808,1.57
298.778,2351832,1165100,0,3516932,14690628,360,2668023808,1.57
298.878,2351832,1165100,0,3516932,14690628,360,2668023808,1.57
298.978,2351832,1165100,0,3516932,14690628,360,2668023808,1.29
299.079,2351832,1165100,0,3516932,14690628,360,2668023808,1.29
299.179,2351832,1165100,0,3516932,14690628,360,2668023808,1.29
299.279,2351832,1165100,0,3516932,14690628,360,2668023808,1.29
299.380,2351832,1165100,0,3516932,14690628,360,2668023808,1.29
299.480,2351832,1165100,0,3516932,14690628,360,2668023808,1.29
299.580,2351832,1165100,0,3516932,14690628,360,2668023808,1.29
299.681,2351832,1165100,0,3516932,14690628,360,2668023808,1.29
299.781,2351832,1165100,0,3516932,14690628,360,2668023808,1.29
299.882,2351832,1165100,0,3516932,14690628,360,2668023808,1.29
299.982,2351832,1165100,0,3516932,14690628,360,2668023808,1.29
300.082,2351832,1165100,0,3516932,14690628,360,2668023808,1.29
300.183,2351832,1165100,0,3516932,14690628,360,2668023808,1.29
300.283,2351832,1165100,0,3516932,14690628,360,2668023808,1.29
300.383,2351832,1165100,0,3516932,14690628,360,2668023808,1.29
300.484,2351832,1165100,0,3516932,14690628,360,2668023808,1.29
300.584,2351832,1165100,0,3516932,14690628,360,2668023808,1.29
300.685,2351832,1165100,0,3516932,14690628,360,2668023808,1.29
300.785,2351832,1165100,0,3516932,14690628,360,2668023808,1.29
300.885,2351832,1165100,0,3516932,14690628,360,2668023808,1.29
300.986,2351832,1165100,0,3516932,14690628,360,2668023808,1.05
301.086,2351832,1165100,0,3516932,14690628,360,2668023808,1.05
301.187,2351832,1165100,0,3516932,14690628,360,2668023808,1.05
301.287,2351832,1165100,0,3516932,14690628,360,2668023808,1.05
301.388,2351832,1165100,0,3516932,14690628,360,2668023808,1.05
301.488,2351832,1165100,0,3516932,14690628,360,2668023808,1.05
301.588,2351832,1165100,0,3516932,14690628,360,2668023808,1.05
301.689,2351832,1165100,0,3516932,14690628,360,2668023808,1.05
301.789,2351832,1165100,0,3516932,14690628,360,2668023808,1.05
301.890,2351832,1165100,0,3516932,14690628,360,2668023808,1.05
301.990,2351832,1165100,0,3516932,14690628,360,2668023808,1.05
302.091,2351832,1165100,0,3516932,14690628,360,2668023808,1.05
302.191,2351832,1165100,0,3516932,14690628,360,2668023808,1.05
302.292,2351832,1165100,0,3516932,14690628,360,2668023808,1.05
302.392,2351832,1165100,0,3516932,14690628,360,2668023808,1.05
302.492,2351832,1165100,0,3516932,14690628,360,2668023808,1.05
302.593,2351832,1165100,0,3516932,14690628,360,2668023808,1.05
302.693,2351832,1165100,0,3516932,14690628,360,2668023808,1.05
302.794,2351832,1165100,0,3516932,14690628,360,2668023808,1.05
302.895,2351832,1165100,0,3516932,14690628,360,2668023808,1.05
302.995,2351832,1165100,0,3516932,14690628,360,2668023808,1.04
303.095,2351832,1165100,0,3516932,14690628,360,2668023808,1.04
303.199,2351832,1165100,0,3516932,14690628,360,2668023808,1.04
303.302,2351832,1165100,0,3516932,14690628,360,2668023808,1.04
303.403,2351832,1165100,0,3516932,14690628,360,2668023808,1.04
303.503,2351832,1165100,0,3516932,14690628,360,2668023808,1.04
303.603,2351832,1165100,0,3516932,14690628,360,2668023808,1.04
303.704,2351832,1165100,0,3516932,14690628,360,2668023808,1.04
303.805,2351832,1165100,0,3516932,14690628,360,2668023808,1.04
303.905,2351832,1165100,0,3516932,14690628,360,2668023808,1.04
304.005,2351832,1165100,0,3516932,14690628,360,2668023808,1.04
304.106,2351832,1165100,0,3516932,14690628,360,2668023808,1.04
304.207,2351832,1165100,0,3516932,14690628,360,2668023808,1.04
304.308,2351832,1165100,0,3516932,14690628,360,2668023808,1.04
304.409,2351832,1165100,0,3516932,14690628,360,2668023808,1.04
304.510,2351832,1165100,0,3516932,14690628,360,2668023808,1.04
304.612,2351832,1165100,0,3516932,14690628,360,2668023808,1.04
304.712,2351832,1165100,0,3516932,14690628,360,2668023808,1.04
304.816,2351832,1165100,0,3516932,14690628,360,2668023808,1.04
304.918,2351832,1165100,0,3516932,14690628,360,2668023808,1.04
305.019,2351832,1165100,0,3516932,14690628,360,2668023808,0.85
305.119,2351832,1165100,0,3516932,14690628,360,2668023808,0.85
305.220,2351832,1165100,0,3516932,14690628,360,2668023808,0.85
305.320,2351832,1165100,0,3516932,14690628,360,2668023808,0.85
305.421,2351832,1165100,0,3516932,14690628,360,2668023808,0.85
305.522,2351832,1165100,0,3516932,14690628,360,2668023808,0.85
305.622,2351832,1165100,0,3516932,14690628,360,2668023808,0.85
305.723,2351832,1165100,0,3516932,14690628,360,2668023808,0.85
305.823,2351832,1165100,0,3516932,14690628,360,2668023808,0.85
305.923,2351832,1165100,0,3516932,14690628,360,2668023808,0.85
306.025,2351832,1165100,0,3516932,14690628,360,2668023808,0.85
306.127,2351832,1165100,0,3516932,14690628,360,2668023808,0.85
306.228,2351832,1165100,0,3516932,14690628,360,2668023808,0.85
306.328,2351832,1165100,0,3516932,14690628,360,2668023808,0.85
306.432,2351832,1165100,0,3516932,14690628,360,2668023808,0.85
306.532,2351832,1165100,0,3516932,14690628,360,2668023808,0.85
306.633,2351832,1165100,0,3516932,14690628,360,2668023808,0.85
306.733,2351832,1165100,0,3516932,14690628,360,2668023808,0.85
306.835,2351832,1165100,0,3516932,14690628,360,2668023808,0.85
306.936,2351832,1165100,0,3516932,14690628,360,2668023808,0.85
307.036,2351832,1165100,0,3516932,14690628,360,2668023808,0.7
307.137,2351832,1165100,0,3516932,14690628,360,2668023808,0.7
307.237,2351832,1165100,0,3516932,14690628,360,2668023808,0.7
307.337,2351832,1165100,0,3516932,14690628,360,2668023808,0.7
307.438,2351832,1165100,0,3516932,14690628,360,2668023808,0.7
307.539,2351832,1165100,0,3516932,14690628,360,2668023808,0.7
307.639,2351832,1165100,0,3516932,14690628,360,2668023808,0.7
307.740,2351832,1165100,0,3516932,14690628,360,2668023808,0.7
307.844,2351832,1165100,0,3516932,14690628,360,2668023808,0.7
307.944,2351832,1165100,0,3516932,14690628,360,2668023808,0.7
308.044,2351832,1165100,0,3516932,14690628,360,2668023808,0.7
308.145,2351832,1165100,0,3516932,14690628,360,2668023808,0.7
308.245,2351832,1165100,0,3516932,14690628,360,2668023808,0.7
308.345,2351832,1165100,0,3516932,14690628,360,2668023808,0.7
308.446,2351832,1165100,0,3516932,14690628,360,2668023808,0.7
308.546,2351832,1165100,0,3516932,14690628,360,2668023808,0.7
308.647,2351832,1165100,0,3516932,14690628,360,2668023808,0.7
308.747,2351832,1165100,0,3516932,14690628,360,2668023808,0.7
308.848,2351832,1165100,0,3516932,14690628,360,2668023808,0.7
308.954,2351832,1165100,0,3516932,14690628,360,2668023808,0.7
309.055,2351832,1165100,0,3516932,14690628,360,2668023808,0.57
309.155,2351832,1165100,0,3516932,14690628,360,2668023808,0.57
309.256,2351832,1165100,0,3516932,14690628,360,2668023808,0.57
309.356,2351832,1165100,0,3516932,14690628,360,2668023808,0.57
309.460,2351832,1165100,0,3516932,14690628,360,2668023808,0.57
309.560,2351832,1165100,0,3516932,14690628,360,2668023808,0.57
309.661,2351832,1165100,0,3516932,14690628,360,2668023808,0.57
309.761,2351832,1165100,0,3516932,14690628,360,2668023808,0.57
309.862,2351832,1165100,0,3516932,14690628,360,2668023808,0.57
309.963,2351832,1165100,0,3516932,14690628,360,2668023808,0.57
310.064,2351832,1165100,0,3516932,14690628,360,2668023808,0.57
310.164,2351832,1165100,0,3516932,14690628,360,2668023808,0.57
310.267,2351832,1165100,0,3516932,14690628,360,2668023808,0.57
310.368,2351832,1165100,0,3516932,14690628,360,2668023808,0.57
310.471,2351832,1165100,0,3516932,14690628,360,2668023808,0.57
310.572,2351832,1165100,0,3516932,14690628,360,2668023808,0.57
310.672,2351832,1165100,0,3516932,14690628,360,2668023808,0.57
310.773,2351832,1165100,0,3516932,14690628,360,2668023808,0.57
310.873,2351832,1165100,0,3516932,14690628,360,2668023808,0.57
310.974,2351832,1165100,0,3516932,14690628,360,2668023808,0.57
311.074,2351832,1165100,0,3516932,14690628,360,2668023808,0.46
311.174,2351832,1165100,0,3516932,14690628,360,2668023808,0.46
311.275,2351832,1165100,0,3516932,14690628,360,2668023808,0.46
311.380,2351832,1165100,0,3516932,14690628,360,2668023808,0.46
311.480,2351832,1165100,0,3516932,14690628,360,2668023808,0.46
311.580,2351832,1165100,0,3516932,14690628,360,2668023808,0.46
311.681,2351832,1165100,0,3516932,14690628,360,2668023808,0.46
311.781,2351832,1165100,0,3516932,14690628,360,2668023808,0.46
311.882,2351832,1165100,0,3516932,14690628,360,2668023808,0.46
311.983,2351832,1165100,0,3516932,14690628,360,2668023808,0.46
312.084,2351832,1165100,0,3516932,14690628,360,2668023808,0.46
312.187,2351832,1165100,0,3516932,14690628,360,2668023808,0.46
312.288,2351832,1165100,0,3516932,14690628,360,2668023808,0.46
312.388,2351832,1165100,0,3516932,14690628,360,2668023808,0.46
312.489,2351832,1165100,0,3516932,14690628,360,2668023808,0.46
312.589,2351832,1165100,0,3516932,14690628,360,2668023808,0.46
312.690,2351832,1165100,0,3516932,14690628,360,2668023808,0.46
312.790,2351832,1165100,0,3516932,14690628,360,2668023808,0.46
312.891,2351832,1165100,0,3516932,14690628,360,2668023808,0.46
312.991,2351832,1165100,0,3516932,14690628,360,2668023808,0.46
313.096,2351832,1165100,0,3516932,14690628,360,2668023808,0.38
313.196,2351832,1165100,0,3516932,14690628,360,2668023808,0.38
313.296,2351832,1165100,0,3516932,14690628,360,2668023808,0.38
313.397,2351832,1165100,0,3516932,14690628,360,2668023808,0.38
313.500,2351832,1165100,0,3516932,14690628,360,2668023808,0.38
313.600,2351832,1165100,0,3516932,14690628,360,2668023808,0.38
313.700,2351832,1165100,0,3516932,14690628,360,2668023808,0.38
313.801,2351832,1165100,0,3516932,14690628,360,2668023808,0.38
313.901,2351832,1165100,0,3516932,14690628,360,2668023808,0.38
314.002,2351832,1165100,0,3516932,14690628,360,2668023808,0.38
314.103,2351832,1165100,0,3516932,14690628,360,2668023808,0.38
314.204,2351832,1165100,0,3516932,14690628,360,2668023808,0.38
314.304,2351832,1165100,0,3516932,14690628,360,2668023808,0.38
314.405,2351832,1165100,0,3516932,14690628,360,2668023808,0.38
314.505,2351832,1165100,0,3516932,14690628,360,2668023808,0.38
314.605,2351832,1165100,0,3516932,14690628,360,2668023808,0.38
314.708,2351832,1165100,0,3516932,14690628,360,2668023808,0.38
314.808,2351832,1165100,0,3516932,14690628,360,2668023808,0.38
314.908,2351832,1165100,0,3516932,14690628,360,2668023808,0.38
315.009,2351832,1165100,0,3516932,14690628,360,2668023808,0.38
315.109,2351832,1165100,0,3516932,14690628,360,2668023808,0.31
315.209,2351832,1165100,0,3516932,14690628,360,2668023808,0.31
315.310,2351832,1165100,0,3516932,14690628,360,2668023808,0.31
315.412,2351832,1165100,0,3516932,14690628,360,2668023808,0.31
315.512,2351832,1165100,0,3516932,14690628,360,2668023808,0.31
315.612,2351832,1165100,0,3516932,14690628,360,2668023808,0.31
315.716,2351832,1165100,0,3516932,14690628,360,2668023808,0.31
315.816,2351832,1165100,0,3516932,14690628,360,2668023808,0.31
315.916,2351832,1165100,0,3516932,14690628,360,2668023808,0.31
316.017,2351832,1165100,0,3516932,14690628,360,2668023808,0.31
316.117,2351832,1165100,0,3516932,14690628,360,2668023808,0.31
316.218,2351832,1165100,0,3516932,14690628,360,2668023808,0.31
316.320,2351832,1165100,0,3516932,14690628,360,2668023808,0.31
316.420,2351832,1165100,0,3516932,14690628,360,2668023808,0.31
316.520,2351832,1165100,0,3516932,14690628,360,2668023808,0.31
316.621,2351832,1165100,0,3516932,14690628,360,2668023808,0.31
316.723,2351832,1165100,0,3516932,14690628,360,2668023808,0.31
316.824,2351832,1165100,0,3516932,14690628,360,2668023808,0.31
316.928,2351832,1165100,0,3516932,14690628,360,2668023808,0.31
317.028,2351832,1165100,0,3516932,14690628,360,2668023808,0.31
317.128,2351832,1165100,0,3516932,14690628,360,2668023808,0.25
317.229,2351832,1165100,0,3516932,14690628,360,2668023808,0.25
317.329,2351832,1165100,0,3516932,14690628,360,2668023808,0.25
317.430,2351832,1165100,0,3516932,14690628,360,2668023808,0.25
317.530,2351832,1165100,0,3516932,14690628,360,2668023808,0.25
317.631,2351832,1165100,0,3516932,14690628,360,2668023808,0.25
317.731,2351832,1165100,0,3516932,14690628,360,2668023808,0.25
317.836,2351832,1165100,0,3516932,14690628,360,2668023808,0.25
317.936,2351832,1165100,0,3516932,14690628,360,2668023808,0.25
318.036,2351832,1165100,0,3516932,14690628,360,2668023808,0.25
318.137,2351832,1165100,0,3516932,14690628,360,2668023808,0.25
318.237,2351832,1165100,0,3516932,14690628,360,2668023808,0.25
318.338,2351832,1165100,0,3516932,14690628,360,2668023808,0.25
318.438,2351832,1165100,0,3516932,14690628,360,2668023808,0.25
318.538,2351832,1165100,0,3516932,14690628,360,2668023808,0.25
318.644,2351832,1165100,0,3516932,14690628,360,2668023808,0.25
318.744,2351832,1165100,0,3516932,14690628,360,2668023808,0.25
318.844,2351832,1165100,0,3516932,14690628,360,2668023808,0.25
318.945,2351832,1165100,0,3516932,14690628,360,2668023808,0.25
319.045,2351832,1165100,0,3516932,14690628,360,2668023808,0.25
319.145,2351832,1165100,0,3516932,14690628,360,2668023808,0.21
319.248,2351832,1165100,0,3516932,14690628,360,2668023808,0.21
319.348,2351832,1165100,0,3516932,14690628,360,2668023808,0.21
319.451,2351832,1165100,0,3516932,14690628,360,2668023808,0.21
319.552,2351832,1165100,0,3516932,14690628,360,2668023808,0.21
319.652,2351832,1165100,0,3516932,14690628,360,2668023808,0.21
319.753,2351832,1165100,0,3516932,14690628,360,2668023808,0.21
319.853,2351832,1165100,0,3516932,14690628,360,2668023808,0.21
319.953,2351832,1165100,0,3516932,14690628,360,2668023808,0.21
320.054,2351832,1165100,0,3516932,14690628,360,2668023808,0.21
320.154,2351832,1165100,0,3516932,14690628,360,2668023808,0.21
320.255,2351832,1165100,0,3516932,14690628,360,2668023808,0.21
320.355,2351832,1165100,0,3516932,14690628,360,2668023808,0.21
320.460,2351832,1165100,0,3516932,14690628,360,2668023808,0.21
320.560,2351832,1165100,0,3516932,14690628,360,2668023808,0.21
320.660,2351832,1165100,0,3516932,14690628,360,2668023808,0.21
320.761,2351832,1165100,0,3516932,14690628,360,2668023808,0.21
320.864,2351832,1165100,0,3516932,14690628,360,2668023808,0.21
320.964,2351832,1165100,0,3516932,14690628,360,2668023808,0.21
321.064,2351832,1165100,0,3516932,14690628,360,2668023808,0.21
321.165,2351832,1165100,0,3516932,14690628,360,2668023808,0.17
321.265,2351832,1165100,0,3516932,14690628,360,2668023808,0.17
321.368,2351832,1165100,0,3516932,14690628,360,2668023808,0.17
321.468,2351832,1165100,0,3516932,14690628,360,2668023808,0.17
321.568,2351832,1165100,0,3516932,14690628,360,2668023808,0.17
321.669,2351832,1165100,0,3516932,14690628,360,2668023808,0.17
321.769,2351832,1165100,0,3516932,14690628,360,2668023808,0.17
321.872,2351832,1165100,0,3516932,14690628,360,2668023808,0.17
321.972,2351832,1165100,0,3516932,14690628,360,2668023808,0.17
322.072,2351832,1165100,0,3516932,14690628,360,2668023808,0.17
322.173,2351832,1165100,0,3516932,14690628,360,2668023808,0.17
322.273,2351832,1165100,0,3516932,14690628,360,2668023808,0.17
322.373,2351832,1165100,0,3516932,14690628,360,2668023808,0.17
322.475,2351832,1165100,0,3516932,14690628,360,2668023808,0.17
322.576,2351832,1165100,0,3516932,14690628,360,2668023808,0.17
322.676,2351832,1165100,0,3516932,14690628,360,2668023808,0.17
322.779,2351832,1165100,0,3516932,14690628,360,2668023808,0.17
322.879,2351832,1165100,0,3516932,14690628,360,2668023808,0.17
322.979,2351832,1165100,0,3516932,14690628,360,2668023808,0.17
323.083,2351832,1165100,0,3516932,14690628,360,2668023808,0.17
323.184,2351832,1165100,0,3516932,14690628,360,2668023808,0.14
323.287,2351832,1165100,0,3516932,14690628,360,2668023808,0.14
323.388,2351832,1165100,0,3516932,14690628,360,2668023808,0.14
323.488,2351832,1165100,0,3516932,14690628,360,2668023808,0.14
323.589,2351832,1165100,0,3516932,14690628,360,2668023808,0.14
323.689,2351832,1165100,0,3516932,14690628,360,2668023808,0.14
323.789,2351832,1165100,0,3516932,14690628,360,2668023808,0.14
323.893,2351832,1165100,0,3516932,14690628,360,2668023808,0.14
323.996,2351832,1165100,0,3516932,14690628,360,2668023808,0.14
324.096,2351832,1165100,0,3516932,14690628,360,2668023808,0.14
324.199,2351832,1165100,0,3516932,14690628,360,2668023808,0.14
324.300,2351832,1165100,0,3516932,14690628,360,2668023808,0.14
324.400,2351832,1165100,0,3516932,14690628,360,2668023808,0.14
324.501,2351832,1165100,0,3516932,14690628,360,2668023808,0.14
324.601,2351832,1165100,0,3516932,14690628,360,2668023808,0.14
324.703,2351832,1165100,0,3516932,14690628,360,2668023808,0.14
324.803,2351832,1165100,0,3516932,14690628,360,2668023808,0.14
324.903,2351832,1165100,0,3516932,14690628,360,2668023808,0.14
325.008,2351832,1165100,0,3516932,14690628,360,2668023808,0.14
325.108,2351832,1165100,0,3516932,14690628,360,2668023808,0.11
325.208,2351832,1165100,0,3516932,14690628,360,2668023808,0.11
325.309,2351832,1165100,0,3516932,14690628,360,2668023808,0.11
325.409,2351832,1165100,0,3516932,14690628,360,2668023808,0.11
325.510,2351832,1165100,0,3516932,14690628,360,2668023808,0.11
325.610,2351832,1165100,0,3516932,14690628,360,2668023808,0.11
325.715,2351832,1165100,0,3516932,14690628,360,2668023808,0.11
325.816,2351832,1165100,0,3516932,14690628,360,2668023808,0.11
325.916,2351832,1165100,0,3516932,14690628,360,2668023808,0.11
326.017,2351832,1165100,0,3516932,14690628,360,2668023808,0.11
326.117,2351832,1165100,0,3516932,14690628,360,2668023808,0.11
326.217,2351832,1165100,0,3516932,14690628,360,2668023808,0.11
326.318,2351832,1165100,0,3516932,14690628,360,2668023808,0.11
326.418,2351832,1165100,0,3516932,14690628,360,2668023808,0.11
326.519,2351832,1165100,0,3516932,14690628,360,2668023808,0.11
326.619,2351832,1165100,0,3516932,14690628,360,2668023808,0.11
326.720,2351832,1165100,0,3516932,14690628,360,2668023808,0.11
326.823,2351832,1165100,0,3516932,14690628,360,2684747776,0.11
326.924,2351832,1178540,0,3530372,14690628,363,2718208000,0.11
327.024,2351832,1191276,0,3543108,14690628,364,2726592512,0.11
327.124,2351832,1203436,0,3555268,14690628,365,2734960640,0.09
327.225,2351832,1216428,0,3568260,14690628,366,2759950336,0.09
327.325,2351832,1227436,0,3579268,14690628,366,2759950336,0.09
327.426,2351832,1240748,0,3592580,14690628,367,2767814656,0.09
327.527,2351832,1250476,0,3602308,14690628,367,2778300416,0.09
327.628,2351832,1263340,0,3615172,14690628,367,2778300416,0.09
327.728,2351832,1274092,0,3625924,14690628,368,2807005184,0.09
327.829,2351832,1288492,0,3640324,14690628,368,2815393792,0.09
327.931,2351832,1302892,0,3654724,14690628,368,2823782400,0.09
328.032,2351832,1316140,0,3667972,14690628,368,2830073856,0.09
328.132,2351832,1330348,0,3682180,14690628,368,2840559616,0.09
328.233,2351832,1341868,0,3693700,14690628,368,2848948224,0.09
328.334,2351832,1356652,0,3708484,14690628,368,2855239680,0.09
328.435,2351832,1365868,0,3717700,14690628,368,2871296000,0.09
328.539,2351832,1378220,0,3730052,14690628,368,2871296000,0.09
328.640,2351832,1390444,0,3742276,14690628,369,2875490304,0.09
328.740,2351832,1404332,0,3756164,14690628,369,2892267520,0.09
328.841,2351832,1416428,0,3768260,14690628,369,2892267520,0.09
328.941,2351832,1430444,0,3782276,14690628,369,2900656128,0.09
329.041,2351832,1443244,0,3795076,14690628,369,2919530496,0.07
329.142,2351832,1456364,0,3808196,14690628,369,2919530496,0.07
329.242,2351832,1467500,0,3819332,14690628,369,2927919104,0.07
329.342,2351832,1481772,0,3833604,14690628,369,2936307712,0.07
329.443,2351832,1495276,0,3847108,14690628,369,2936307712,0.07
329.547,2351832,1506284,0,3858116,14690628,369,2944696320,0.07
329.648,2351832,1517100,0,3868932,14690628,369,2953084928,0.07
329.748,2351832,1529068,0,3880900,14690628,369,2953084928,0.07
329.849,2351832,1540780,0,3892612,14690628,369,2961473536,0.07
329.949,2351832,1558508,0,3910340,14690628,369,2969862144,0.07
330.049,2351832,1572204,0,3924036,14690628,369,2969862144,0.07
330.150,2351832,1586860,0,3938692,14690628,369,2978250752,0.07
330.250,2351832,1604332,0,3956164,14690628,369,2986639360,0.07
330.350,2351832,1616236,0,3968068,14690628,369,2995027968,0.07
330.451,2351832,1627564,0,3979396,14690628,369,2995027968,0.07
330.551,2351832,1640172,0,3992004,14690628,369,3003416576,0.07
330.652,2351832,1651180,0,4003012,14690628,369,3011805184,0.07
330.752,2351832,1663532,0,4015364,14690628,369,3011805184,0.07
330.852,2351832,1676972,0,4028804,14690628,369,3020193792,0.07
330.953,2351832,1692332,0,4044164,14690628,369,3028582400,0.07
331.053,2351832,1705516,0,4057348,14690628,369,3028582400,0.06
331.153,2351832,1716396,0,4068228,14690628,370,3049553920,0.06
331.257,2351832,1728812,0,4080644,14690628,370,3057942528,0.06
331.357,2351832,1744364,0,4096196,14690628,370,3057942528,0.06
331.459,2351832,1753900,0,4105732,14690628,370,3066331136,0.06
331.560,2351832,1762412,0,4114244,14690628,370,3074719744,0.06
331.660,2351832,1776556,0,4128388,14690628,370,3083108352,0.06
331.761,2351832,1788652,0,4140484,14690628,370,3091496960,0.06
331.861,2351832,1802028,0,4153860,14690628,370,3091496960,0.06
331.961,2351832,1812396,0,4164228,14690628,370,3108274176,0.06
332.062,2351832,1828524,0,4180356,14690628,370,3116662784,0.06
332.162,2351832,1842540,0,4194372,14690628,370,3116662784,0.06
332.264,2351832,1857324,0,4209156,14690628,370,3116662784,0.06
332.364,2351832,1866156,0,4217988,14690628,371,3120857088,0.06
332.465,2351832,1876716,0,4228548,14690628,371,3137634304,0.06
332.567,2351832,1890540,0,4242372,14690628,371,3137634304,0.06
332.668,2351832,1903660,0,4255492,14690628,371,3146022912,0.06
332.768,2351832,1919212,0,4271044,14690628,371,3154411520,0.06
332.868,2351832,1932652,0,4284484,14690628,371,3162800128,0.06
332.969,2351832,1947436,0,4299268,14690628,371,3162800128,0.06
333.069,2351832,1957036,0,4308868,14690628,371,3171188736,0.05
333.171,2351832,1970028,0,4321860,14690628,371,3171188736,0.05
333.272,2351832,1986028,0,4337860,14690628,371,3171188736,0.05
333.379,2351832,1996588,0,4348420,14690628,372,3183771648,0.05
333.480,2351832,2008876,0,4360708,14690628,372,3192160256,0.05
333.580,2351832,2019692,0,4371524,14690628,372,3208937472,0.05
333.681,2351832,2033196,0,4385028,14690628,372,3217326080,0.05
333.781,2351832,2047468,0,4399300,14690628,372,3217326080,0.05
333.883,2351832,2059884,0,4411716,14690628,372,3225714688,0.05
333.984,2351832,2072364,0,4424196,14690628,372,3225714688,0.05
334.084,2351832,2085484,0,4437316,14690628,372,3234103296,0.05
334.185,2351832,2099820,0,4451652,14690628,372,3234103296,0.05
334.285,2351832,2113068,0,4464900,14690628,373,3238297600,0.05
334.385,2351832,2125612,0,4477444,14690628,373,3255074816,0.05
334.486,2351832,2134252,0,4486084,14690628,373,3255074816,0.05
334.586,2351832,2147052,0,4498884,14690628,373,3263463424,0.05
334.687,2351832,2161004,0,4512836,14690628,373,3271852032,0.05
334.787,2351832,2176684,0,4528516,14690628,373,3271852032,0.05
334.891,2351832,2188716,0,4540548,14690628,373,3280240640,0.05
334.992,2351832,2199596,0,4551428,14690628,373,3288629248,0.05
335.092,2351832,2212844,0,4564676,14690628,373,3288629248,0.04
335.193,2351832,2229420,0,4581252,14690628,373,3288629248,0.04
335.293,2351832,2241964,0,4593796,14690628,374,3301212160,0.04
335.393,2351832,2257068,0,4608900,14690628,374,3309600768,0.04
335.494,2351832,2267948,0,4619780,14690628,374,3317989376,0.04
335.594,2351832,2281260,0,4633092,14690628,374,3317989376,0.04
335.695,2351832,2289900,0,4641732,14690628,375,3330572288,0.04
335.795,2351832,2303148,0,4654980,14690628,375,3338960896,0.04
335.895,2351832,2321452,0,4673284,14690628,375,3347349504,0.04
335.996,2351832,2334508,0,4686340,14690628,375,3347349504,0.04
336.096,2351832,2343468,0,4695300,14690628,375,3347349504,0.04
336.203,2351832,2356844,0,4708676,14690628,376,3357835264,0.04
336.304,2351832,2369452,0,4721284,14690628,376,3374612480,0.04
336.404,2351832,2379628,0,4731460,14690628,376,3374612480,0.04
336.505,2351832,2392044,0,4743876,14690628,376,3383001088,0.04
336.605,2351832,2400556,0,4752388,14690628,376,3383001088,0.04
336.706,2351832,2409708,0,4761540,14690628,376,3391389696,0.04
336.806,2351832,2417260,0,4769092,14690628,376,3391389696,0.04
336.906,2351832,2429868,0,4781700,14690628,376,3399778304,0.04
337.007,2351832,2443052,0,4794884,14690628,376,3399778304,0.04
337.107,2351832,2452972,0,4804804,14690628,376,3408166912,0.03
337.212,2351832,2466220,0,4818052,14690628,377,3412361216,0.03
337.312,2351832,2478956,0,4830788,14690628,377,3412361216,0.03
337.412,2351832,2492204,0,4844036,14690628,378,3424944128,0.03
337.513,2351832,2500396,0,4852228,14690628,378,3433332736,0.03
337.613,2351832,2509164,0,4860996,14690628,378,3441721344,0.03
337.714,2351832,2517100,0,4868932,14690628,378,3450109952,0.03
337.814,2351832,2521644,0,4873476,14690628,378,3450109952,0.03
337.915,2351832,2526124,0,4877956,14690628,378,3450109952,0.03
338.016,2351832,2536044,0,4887876,14690628,378,3458498560,0.03
338.117,2351832,2550764,0,4902596,14690628,378,3464790016,0.03
338.217,2351832,2562028,0,4913860,14690628,378,3473178624,0.03
338.320,2351832,2574188,0,4926020,14690628,378,3473178624,0.03
338.420,2351832,2588460,0,4940292,14690628,379,3477372928,0.03
338.520,2351832,2596652,0,4948484,14690628,379,3494150144,0.03
338.621,2351832,2605932,0,4957764,14690628,379,3494150144,0.03
338.724,2351832,2618732,0,4970564,14690628,379,3502538752,0.03
338.824,2351832,2630060,0,4981892,14690628,379,3510927360,0.03
338.924,2351832,2643756,0,4995588,14690628,379,3510927360,0.03
339.027,2351832,2658092,0,5009924,14690628,379,3519315968,0.03
339.128,2351832,2669164,0,5020996,14690628,379,3519315968,0.02
339.228,2351832,2684588,0,5036420,14690628,379,3519315968,0.02
339.329,2351832,2696684,0,5048516,14690628,380,3531898880,0.02
339.429,2351832,2707244,0,5059076,14690628,380,3540287488,0.02
339.531,2351832,2720748,0,5072580,14690628,381,3552870400,0.02
339.632,2351832,2737004,0,5088836,14690628,381,3552870400,0.02
339.732,2351832,2747308,0,5099140,14690628,381,3561259008,0.02
339.833,2351832,2760748,0,5112580,14690628,381,3575939072,0.02
339.933,2351832,2771948,0,5123780,14690628,381,3575939072,0.02
340.036,2351832,2785068,0,5136900,14690628,381,3584327680,0.02
340.136,2351832,2799404,0,5151236,14690628,381,3584327680,0.02
340.236,2351832,2808620,0,5160452,14690628,381,3584327680,0.02
340.337,2351832,2818220,0,5170052,14690628,382,3596910592,0.02
340.443,2351832,2830252,0,5182084,14690628,382,3605299200,0.02
340.544,2351832,2845484,0,5197316,14690628,382,3613687808,0.02
340.644,2351832,2854316,0,5206148,14690628,382,3613687808,0.02
340.748,2351832,2866284,0,5218116,14690628,382,3622076416,0.02
340.848,2351832,2878892,0,5230724,14690628,382,3622076416,0.02
340.948,2351832,2889900,0,5241732,14690628,382,3630465024,0.02
341.049,2351832,2903980,0,5255812,14690628,382,3638853632,0.02
341.149,2351832,2917676,0,5269508,14690628,382,3638853632,0.02
341.249,2351832,2929196,0,5281028,14690628,383,3643047936,0.02
341.350,2351832,2939948,0,5291780,14690628,384,3647242240,0.02
341.450,2351832,2955052,0,5306884,14690628,384,3664019456,0.02
341.551,2351832,2967916,0,5319748,14690628,384,3664019456,0.02
341.651,2351832,2977324,0,5329156,14690628,384,3678699520,0.02
341.751,2351832,2993004,0,5344836,14690628,384,3687088128,0.02
341.852,2351832,3006188,0,5358020,14690628,384,3687088128,0.02
341.952,2351832,3021164,0,5372996,14690628,384,3695476736,0.02
342.053,2351832,3031468,0,5383300,14690628,384,3703865344,0.02
342.155,2351832,3045484,0,5397316,14690628,384,3712253952,0.02
342.255,2351832,3059180,0,5411012,14690628,384,3712253952,0.02
342.355,2351832,3073772,0,5425604,14690628,385,3724836864,0.02
342.456,2351832,3088556,0,5440388,14690628,385,3733225472,0.02
342.556,2351832,3098860,0,5450692,14690628,385,3741614080,0.02
342.657,2351832,3114796,0,5466628,14690628,385,3741614080,0.02
342.757,2351832,3127084,0,5478916,14690628,385,3750002688,0.02
342.857,2351832,3137324,0,5489156,14690628,386,3762585600,0.02
342.958,2351832,3154284,0,5506116,14690628,386,3770974208,0.02
343.058,2351832,3165228,0,5517060,14690628,386,3770974208,0.02
343.159,2351832,3174764,0,5526596,14690628,386,3779362816,0.38
343.259,2351832,3186412,0,5538244,14690628,386,3779362816,0.38
343.359,2351832,3195692,0,5547524,14690628,387,3791945728,0.38
343.464,2351832,3209004,0,5560836,14690628,387,3800334336,0.38
343.564,2351832,3220716,0,5572548,14690628,387,3808722944,0.38
343.664,2351832,3232236,0,5584068,14690628,387,3817111552,0.38
343.765,2351832,3241964,0,5593796,14690628,387,3825500160,0.38
343.865,2351832,3258924,0,5610756,14690628,387,3833888768,0.38
343.966,2351832,3271340,0,5623172,14690628,387,3833888768,0.38
344.066,2351832,3290092,0,5641924,14690628,387,3842277376,0.38
344.167,2351832,3306604,0,5658436,14690628,387,3842277376,0.38
344.267,2351832,3320940,0,5672772,14690628,388,3861151744,0.38
344.368,2351832,3335148,0,5686980,14690628,388,3869540352,0.38
344.468,2351832,3353196,0,5705028,14690628,388,3877928960,0.38
344.568,2351832,3369324,0,5721156,14690628,388,3886317568,0.38
344.669,2351832,3382444,0,5734276,14690628,388,3894706176,0.38
344.769,2351832,3399340,0,5751172,14690628,388,3894706176,0.38
344.870,2351832,3416236,0,5768068,14690628,388,3903094784,0.38
344.970,2351832,3434284,0,5786116,14690628,388,3903094784,0.38
345.071,2351832,3448812,0,5800644,14690628,389,3915677696,0.38
345.171,2351832,3464876,0,5816708,14690628,389,3924066304,1.94
345.272,2351832,3481324,0,5833156,14690628,389,3932454912,1.94
345.372,2351832,3497388,0,5849220,14690628,389,3940843520,1.94
345.472,2351832,3516140,0,5867972,14690628,389,3949232128,1.94
345.573,2351832,3533676,0,5885508,14690628,389,3955523584,1.94
345.673,2351832,3547308,0,5899140,14690628,389,3963912192,1.94
345.774,2351832,3564396,0,5916228,14690628,389,3972300800,1.94
345.874,2351832,3585836,0,5937668,14690628,389,3980689408,1.94
345.974,2351832,3602604,0,5954436,14690628,389,3989078016,1.94
346.075,2351832,3619116,0,5970948,14690628,389,3997466624,1.94
346.175,2351832,3636780,0,5988612,14690628,389,4003758080,1.94
346.276,2351832,3654188,0,6006020,14690628,390,4010049536,1.94
346.376,2351832,3672492,0,6024324,14690628,390,4018438144,1.94
346.476,2351832,3690284,0,6042116,14690628,390,4026826752,1.94
346.577,2351832,3708076,0,6059908,14690628,390,4041506816,1.94
346.677,2351832,3723500,0,6075332,14690628,390,4049895424,1.94
346.778,2351832,3738284,0,6090116,14690628,390,4058284032,1.94
346.878,2351832,3758380,0,6110212,14690628,390,4066672640,1.94
346.979,2351832,3773164,0,6124996,14690628,390,4075061248,1.94
347.079,2351832,3794732,0,6146564,14690628,390,4075061248,1.94
347.180,2351832,3811116,0,6162948,14690628,390,4075061248,6.11
347.280,2351832,3825388,0,6177220,14690628,391,4096032768,6.11
347.381,2351832,3841324,0,6193156,14690628,391,4102324224,6.11
347.481,2351832,3858860,0,6210692,14690628,391,4104421376,6.11
347.581,2351832,3871020,0,6222852,14690628,391,4112809984,6.11
347.683,2351832,3882412,0,6234244,14690628,391,4112809984,6.11
347.788,2351832,3893292,0,6245124,14690628,391,4121198592,6.11
347.888,2351832,3906924,0,6258756,14690628,393,4137975808,6.11
347.992,2351832,3923052,0,6274884,14690628,393,4137975808,6.11
348.092,2351832,3931820,0,6283652,14690628,393,4137975808,6.11
348.192,2351832,3945516,0,6297348,14690628,394,4142170112,6.11
348.293,2351832,3952428,0,6304260,14690628,394,4150558720,6.11
348.393,2351832,3965100,0,6316932,14690628,394,4158947328,6.11
348.494,2351832,3975404,0,6327236,14690628,394,4175724544,6.11
348.594,2351832,3992556,0,6344388,14690628,394,4184113152,6.11
348.695,2351832,4007724,0,6359556,14690628,394,4184113152,6.11
348.795,2351832,4015916,0,6367748,14690628,394,4188307456,6.11
348.896,2351832,4025964,0,6377796,14690628,395,4188307456,6.11
348.996,2351832,4035756,0,6387588,14690628,396,4200890368,6.11
349.096,2351832,4050156,0,6401988,14690628,396,4215570432,6.11
349.197,2351832,4066156,0,6417988,14690628,396,4223959040,6.82
349.297,2351832,4078828,0,6430660,14690628,396,4232347648,6.82
349.398,2351832,4093036,0,6444868,14690628,396,4232347648,6.82
349.498,2351832,4107116,0,6458948,14690628,396,4240736256,6.82
349.598,2351832,4124908,0,6476740,14690628,396,4247027712,6.82
349.699,2351832,4136172,0,6488004,14690628,396,4255416320,6.82
349.799,2351832,4152556,0,6504388,14690628,397,4267999232,6.82
349.900,2351832,4166636,0,6518468,14690628,397,4267999232,6.82
350.000,2351832,4181804,0,6533636,14690628,397,4276387840,6.82
350.101,2351832,4197356,0,6549188,14690628,397,4284776448,6.82
350.201,2351832,4212524,0,6564356,14690628,397,4293165056,6.82
350.301,2351832,4230508,0,6582340,14690628,397,4301553664,6.82
350.402,2351832,4245292,0,6597124,14690628,397,4301553664,6.82
350.502,2351832,4257964,0,6609796,14690628,397,4309942272,6.82
350.603,2351832,4269420,0,6621252,14690628,398,4322525184,6.82
350.703,2351832,4283244,0,6635076,14690628,398,4330913792,6.82
350.808,2351832,4298988,0,6650820,14690628,398,4330913792,6.82
350.908,2351832,4310892,0,6662724,14690628,398,4339302400,6.82
351.008,2351832,4321128,0,6672960,14690628,398,4353982464,6.82
351.109,2351832,4332460,0,6684292,14690628,398,4362371072,6.82
351.211,2351832,4345580,0,6697412,14690628,398,4370759680,7.94
351.312,2351832,4359596,0,6711428,14690628,398,4379148288,7.94
351.412,2351832,4372460,0,6724292,14690628,398,4385439744,7.94
351.513,2351832,4385836,0,6737668,14690628,398,4393828352,7.94
351.613,2351832,4398892,0,6750724,14690628,398,4402216960,7.94
351.714,2351832,4411500,0,6763332,14690628,398,4402216960,7.94
351.815,2351832,4420460,0,6772292,14690628,398,4410605568,7.94
351.915,2351832,4432236,0,6784068,14690628,398,4410605568,7.94
352.017,2351832,4441260,0,6793092,14690628,398,4418994176,7.94
352.117,2351832,4452332,0,6804164,14690628,398,4418994176,7.94
352.218,2351832,4463084,0,6814916,14690628,398,4427382784,7.94
352.318,2351832,4478252,0,6830084,14690628,398,4427382784,7.94
352.419,2351832,4493100,0,6844932,14690628,398,4427382784,7.94
352.519,2351832,4497196,0,6849028,14690628,399,4431577088,7.94
352.621,2351832,4502572,0,6854404,14690628,399,4448354304,7.94
352.721,2351832,4515756,0,6867588,14690628,399,4448354304,7.94
352.828,2351832,4532012,0,6883844,14690628,399,4456742912,7.94
352.928,2351832,4540460,0,6892292,14690628,399,4458840064,7.94
353.028,2351832,4550700,0,6902532,14690628,399,4465131520,7.94
353.129,2351832,4564780,0,6916612,14690628,399,4465131520,7.94
353.229,2351832,4575724,0,6927556,14690628,399,4465131520,6.5
353.330,2351832,4587564,0,6939396,14690628,399,4471422976,6.5
353.430,2351832,4596524,0,6948356,14690628,400,4484005888,6.5
353.530,2351832,4609004,0,6960836,14690628,400,4492394496,6.5
353.631,2351832,4620780,0,6972612,14690628,400,4500783104,6.5
353.731,2351832,4636460,0,6988292,14690628,400,4500783104,6.5
353.840,2351832,4645868,0,6997700,14690628,400,4509171712,6.5
353.940,2351832,4660140,0,7011972,14690628,400,4509171712,6.5
354.040,2351832,4673964,0,7025796,14690628,400,4509171712,6.5
354.141,2351832,4686892,0,7038724,14690628,401,4521754624,6.5
354.241,2351832,4700652,0,7052484,14690628,401,4530143232,6.5
354.341,2351832,4709804,0,7061636,14690628,402,4542726144,6.5
354.442,2351832,4718380,0,7070212,14690628,402,4542726144,6.5
354.542,2351832,4728620,0,7080452,14690628,402,4551114752,6.5
354.642,2351832,4736684,0,7088516,14690628,402,4551114752,6.5
354.745,2351832,4747052,0,7098884,14690628,402,4551114752,6.5
354.846,2351832,4751148,0,7102980,14690628,402,4559503360,6.5
354.946,2351832,4755244,0,7107076,14690628,402,4559503360,6.5
355.047,2351832,4769580,0,7121412,14690628,402,4565794816,6.5
355.147,2351832,4779308,0,7131140,14690628,402,4565794816,6.5
355.247,2351832,4793836,0,7145668,14690628,402,4565794816,5.32
355.351,2351832,4810540,0,7162372,14690628,403,4578377728,5.32
355.452,2351832,4819948,0,7171780,14690628,403,4586766336,5.32
355.552,2351832,4831596,0,7183428,14690628,404,4599349248,5.32
355.653,2351832,4844524,0,7196356,14690628,404,4599349248,5.32
355.753,2351832,4855404,0,7207236,14690628,404,4607737856,5.32
355.853,2351832,4861740,0,7213572,14690628,404,4607737856,5.32
355.954,2351832,4866860,0,7218692,14690628,404,4616126464,5.32
356.054,2351832,4873132,0,7224964,14690628,404,4616126464,5.32
356.154,2351832,4877996,0,7229828,14690628,404,4616126464,5.32
356.260,2351832,4889900,0,7241732,14690628,404,4624515072,5.32
356.360,2351832,4903404,0,7255236,14690628,404,4624515072,5.32
356.463,2351832,4918764,0,7270596,14690628,404,4624515072,5.32
356.564,2351832,4930412,0,7282244,14690628,406,4641292288,5.32
356.664,2351832,4945132,0,7296964,14690628,406,4649680896,5.32
356.765,2351832,4962092,0,7313924,14690628,406,4658069504,5.32
356.865,2351832,4972972,0,7324804,14690628,406,4666458112,5.32
356.965,2351832,4986476,0,7338308,14690628,406,4674846720,5.32
357.068,2351832,4998956,0,7350788,14690628,406,4674846720,5.32
357.168,2351832,5009132,0,7360964,14690628,406,4681138176,4.35
357.268,2351832,5021612,0,7373444,14690628,406,4681138176,4.35
357.369,2351832,5036140,0,7387972,14690628,408,4697915392,4.35
357.469,2351832,5046188,0,7398020,14690628,408,4706304000,4.35
357.570,2351832,5062188,0,7414020,14690628,408,4714692608,4.35
357.670,2351832,5073196,0,7425028,14690628,408,4714692608,4.35
357.770,2351832,5087020,0,7438852,14690628,408,4723081216,4.35
357.871,2351832,5093100,0,7444932,14690628,408,4723081216,4.35
357.971,2351832,5108204,0,7460036,14690628,408,4723081216,4.35
358.075,2351832,5117548,0,7469380,14690628,408,4723081216,4.35
358.175,2351832,5127852,0,7479684,14690628,409,4727275520,4.35
358.276,2351832,5140268,0,7492100,14690628,409,4744052736,4.35
358.376,2351832,5140268,0,7492100,14690628,409,4744052736,4.35
358.476,2351832,5144748,0,7496580,14690628,409,4744052736,4.35
358.577,2351832,5159660,0,7511492,14690628,410,4756635648,4.35
358.677,2351832,5175148,0,7526980,14690628,410,4765024256,4.35
358.778,2351832,5191468,0,7543300,14690628,410,4765024256,4.35
358.878,2351832,5204332,0,7556164,14690628,410,4773412864,4.35
358.978,2351832,5220140,0,7571972,14690628,410,4779704320,4.35
359.079,2351832,5231404,0,7583236,14690628,410,4779704320,4.35
359.179,2351832,5242668,0,7594500,14690628,410,4779704320,5.01
359.283,2351832,5249132,0,7600964,14690628,412,4788092928,5.01
359.384,2351832,5258732,0,7610564,14690628,412,4804870144,5.01
359.484,2351832,5272684,0,7624516,14690628,412,4804870144,5.01
359.585,2351832,5277420,0,7629252,14690628,412,4813258752,5.01
359.685,2351832,5289772,0,7641604,14690628,412,4813258752,5.01
359.786,2351832,5294060,0,7645892,14690628,412,4821647360,5.01
359.886,2351832,5299884,0,7651716,14690628,412,4821647360,5.01
359.986,2351832,5311852,0,7663684,14690628,412,4821647360,5.01
360.092,2351832,5325804,0,7677636,14690628,413,4834230272,5.01
360.192,2351832,5334572,0,7686404,14690628,413,4842618880,5.01
360.293,2351832,5345068,0,7696900,14690628,413,4842618880,5.01
360.393,2351832,5355820,0,7707652,14690628,413,4859396096,5.01
360.493,2351832,5367532,0,7719364,14690628,414,4871979008,5.01
360.594,2351832,5378924,0,7730756,14690628,414,4871979008,5.01
360.694,2351832,5387692,0,7739524,14690628,414,4880367616,5.01
360.795,2351832,5398316,0,7750148,14690628,414,4880367616,5.01
360.896,2351832,5407148,0,7758980,14690628,414,4886659072,5.01
360.999,2351832,5420268,0,7772100,14690628,414,4886659072,5.01
361.100,2351832,5434476,0,7786308,14690628,414,4895047680,4.1
361.200,2351832,5445420,0,7797252,14690628,414,4903436288,4.1
361.301,2351832,5454444,0,7806276,14690628,414,4907630592,4.1
361.401,2351832,5468204,0,7820036,14690628,414,4911824896,4.1
361.502,2351832,5479532,0,7831364,14690628,414,4920213504,4.1
361.602,2351832,5492524,0,7844356,14690628,414,4920213504,4.1
361.703,2351832,5502572,0,7854404,14690628,414,4928602112,4.1
361.803,2351832,5513068,0,7864900,14690628,414,4936990720,4.1
361.908,2351832,5527148,0,7878980,14690628,415,4941185024,4.1
362.008,2351832,5539052,0,7890884,14690628,415,4949573632,4.1
362.108,2351832,5553964,0,7905796,14690628,415,4949573632,4.1
362.209,2351832,5562348,0,7914180,14690628,415,4957962240,4.1
362.309,2351832,5573484,0,7925316,14690628,415,4966350848,4.1
362.410,2351832,5581420,0,7933252,14690628,415,4966350848,4.1
362.510,2351832,5595372,0,7947204,14690628,415,4981030912,4.1
362.611,2351832,5608364,0,7960196,14690628,415,4981030912,4.1
362.711,2351832,5621932,0,7973764,14690628,415,4989419520,4.1
362.811,2351832,5634860,0,7986692,14690628,415,4997808128,4.1
362.916,2351832,5650220,0,8002052,14690628,415,4997808128,4.1
363.020,2351832,5664556,0,8016388,14690628,415,4997808128,4.1
363.120,2351832,5672876,0,8024708,14690628,416,5002002432,3.36
363.220,2351832,5681836,0,8033668,14690628,416,5018779648,3.36
363.321,2351832,5691884,0,8043716,14690628,416,5018779648,3.36
363.421,2351832,5705836,0,8057668,14690628,416,5027168256,3.36
363.522,2351832,5715372,0,8067204,14690628,416,5035556864,3.36
363.622,2351832,5727852,0,8079684,14690628,416,5035556864,3.36
363.722,2351832,5740140,0,8091972,14690628,416,5043945472,3.36
363.824,2351832,5752556,0,8104388,14690628,416,5043945472,3.36
363.924,2351832,5766956,0,8118788,14690628,416,5052334080,3.36
364.028,2351832,5779884,0,8131716,14690628,416,5052334080,3.36
364.128,2351832,5786220,0,8138052,14690628,417,5056528384,3.36
364.228,2351832,5794412,0,8146244,14690628,418,5069111296,3.36
364.329,2351832,5807148,0,8158980,14690628,418,5077499904,3.36
364.429,2351832,5820780,0,8172612,14690628,418,5085888512,3.36
364.532,2351832,5832684,0,8184516,14690628,418,5085888512,3.36
364.632,2351832,5845676,0,8197508,14690628,418,5102665728,3.36
364.733,2351832,5855276,0,8207108,14690628,418,5104762880,3.36
364.833,2351832,5870572,0,8222404,14690628,418,5108957184,3.36
364.934,2351832,5881452,0,8233284,14690628,418,5117345792,3.36
365.034,2351832,5894700,0,8246532,14690628,418,5134123008,3.36
365.140,2351832,5907372,0,8259204,14690628,418,5134123008,2.75
365.240,2351832,5922604,0,8274436,14690628,418,5142511616,2.75
365.340,2351832,5932844,0,8284676,14690628,418,5150900224,2.75
365.443,2351832,5946732,0,8298564,14690628,418,5150900224,2.75
365.544,2351832,5954156,0,8305988,14690628,419,5163483136,2.75
365.645,2351832,5962604,0,8314436,14690628,419,5163483136,2.75
365.745,2351832,5972012,0,8323844,14690628,419,5171871744,2.75
365.847,2351832,5981740,0,8333572,14690628,419,5171871744,2.75
365.952,2351832,5994284,0,8346116,14690628,419,5180260352,2.75
366.056,2351832,6003628,0,8355460,14690628,419,5180260352,2.75
366.156,2351832,6016172,0,8368004,14690628,419,5188648960,2.75
366.256,2351832,6029484,0,8381316,14690628,419,5203329024,2.75
366.357,2351832,6041580,0,8393412,14690628,419,5203329024,2.75
366.457,2351832,6053292,0,8405124,14690628,419,5211717632,2.75
366.557,2351832,6057580,0,8409412,14690628,419,5211717632,2.75
366.658,2351832,6068780,0,8420612,14690628,419,5220106240,2.75
366.758,2351832,6080108,0,8431940,14690628,419,5220106240,2.75
366.859,2351832,6092588,0,8444420,14690628,419,5228494848,2.75
366.959,2351832,6103148,0,8454980,14690628,419,5243174912,2.75
367.060,2351832,6117036,0,8468868,14690628,419,5243174912,2.75
367.160,2351832,6130604,0,8482436,14690628,419,5243174912,2.25
367.261,2351832,6143788,0,8495620,14690628,419,5243174912,2.25
367.361,2351832,6151980,0,8503812,14690628,420,5255757824,2.25
367.461,2351832,6162412,0,8514244,14690628,420,5264146432,2.25
367.564,2351832,6173996,0,8525828,14690628,420,5272535040,2.25
367.664,2351832,6186796,0,8538628,14690628,420,5272535040,2.25
367.765,2351832,6194988,0,8546820,14690628,420,5280923648,2.25
367.873,2351832,6203500,0,8555332,14690628,420,5280923648,2.25
367.974,2351832,6213420,0,8565252,14690628,420,5289312256,2.25
368.074,2351832,6228524,0,8580356,14690628,420,5289312256,2.25
368.175,2351832,6241452,0,8593284,14690628,420,5297700864,2.25
368.275,2351832,6250284,0,8602116,14690628,420,5297700864,2.25
368.376,2351832,6257068,0,8608900,14690628,420,5297700864,2.25
368.476,2351832,6266412,0,8618244,14690628,421,5301895168,2.25
368.576,2351832,6274348,0,8626180,14690628,421,5310283776,2.25
368.677,2351832,6285100,0,8636932,14690628,421,5318672384,2.25
368.780,2351832,6289196,0,8641028,14690628,421,5318672384,2.25
368.880,2351832,6300204,0,8652036,14690628,422,5331255296,2.25
368.981,2351832,6313068,0,8664900,14690628,422,5331255296,2.25
369.081,2351832,6324588,0,8676420,14690628,422,5339643904,2.25
369.184,2351832,6336940,0,8688772,14690628,422,5348032512,1.84
369.284,2351832,6347884,0,8699716,14690628,422,5348032512,1.84
369.384,2351832,6360748,0,8712580,14690628,422,5356421120,1.84
369.485,2351832,6371948,0,8723780,14690628,422,5356421120,1.84
369.588,2351832,6380332,0,8732164,14690628,422,5356421120,1.84
369.688,2351832,6393260,0,8745092,14690628,423,5360615424,1.84
369.788,2351832,6410028,0,8761860,14690628,423,5377392640,1.84
369.889,2351832,6418476,0,8770308,14690628,424,5381586944,1.84
369.989,2351832,6431276,0,8783108,14690628,424,5389975552,1.84
370.089,2351832,6444844,0,8796676,14690628,424,5398364160,1.84
370.190,2351832,6461228,0,8813060,14690628,424,5398364160,1.84
370.290,2351832,6477036,0,8828868,14690628,424,5406752768,1.84
370.391,2351832,6494124,0,8845956,14690628,424,5415141376,1.84
370.491,2351832,6510700,0,8862532,14690628,425,5419335680,1.84
370.592,2351832,6532908,0,8884740,14690628,426,5431918592,1.84
370.692,2351832,6546732,0,8898564,14690628,426,5440307200,1.84
370.793,2351832,6567724,0,8919556,14690628,426,5440307200,1.84
370.893,2351832,6581356,0,8933188,14690628,427,5461278720,1.84
370.994,2351832,6599660,0,8951492,14690628,427,5469667328,1.84
371.094,2351832,6618924,0,8970756,14690628,427,5478055936,1.84
371.195,2351832,6637868,0,8989700,14690628,428,5486444544,5.49
371.296,2351832,6655660,0,9007492,14690628,428,5490638848,5.49
371.396,2351832,6676268,0,9028100,14690628,428,5496930304,5.49
371.496,2351832,6692268,0,9044100,14690628,429,5509513216,5.49
371.597,2351832,6708972,0,9060804,14690628,430,5530484736,5.49
371.698,2351832,6728748,0,9080580,14690628,430,5538873344,5.49
371.798,2351832,6744812,0,9096644,14690628,430,5553553408,5.49
371.898,2351832,6764332,0,9116164,14690628,430,5559844864,5.49
371.999,2351832,6779116,0,9130948,14690628,430,5574524928,5.49
372.100,2351832,6796204,0,9148036,14690628,430,5582913536,5.49
372.200,2351832,6815532,0,9167364,14690628,430,5587107840,5.49
372.300,2351832,6831916,0,9183748,14690628,430,5597593600,5.49
372.401,2351832,6848236,0,9200068,14690628,430,5605982208,5.49
372.501,2351832,6866668,0,9218500,14690628,430,5614370816,5.49
372.602,2351832,6884396,0,9236228,14690628,430,5622759424,5.49
372.703,2351832,6901036,0,9252868,14690628,430,5631148032,5.49
372.803,2351832,6918444,0,9270276,14690628,430,5639536640,5.49
372.903,2351832,6938412,0,9290244,14690628,430,5647925248,5.49
373.004,2351832,6952748,0,9304580,14690628,430,5656313856,5.49
373.104,2351832,6970988,0,9322820,14690628,430,5656313856,5.49
373.205,2351832,6985516,0,9337348,14690628,430,5664702464,15.18
373.305,2351832,6995180,0,9347012,14690628,430,5673091072,15.18
373.406,2351832,7010476,0,9362308,14690628,430,5681479680,15.18
373.506,2351832,7030572,0,9382404,14690628,430,5681479680,15.18
373.606,2351832,7044908,0,9396740,14690628,430,5689868288,15.18
373.707,2351832,7060268,0,9412100,14690628,430,5698256896,15.18
373.807,2351832,7072364,0,9424196,14690628,430,5706645504,15.18
373.911,2351832,7085740,0,9437572,14690628,430,5712936960,15.18
374.012,2351832,7094700,0,9446532,14690628,430,5721325568,15.18
374.112,2351832,7106540,0,9458372,14690628,431,5725519872,15.18
374.215,2351832,7119532,0,9471364,14690628,431,5733908480,15.18
374.316,2351832,7132972,0,9484804,14690628,431,5742297088,15.18
374.416,2351832,7151404,0,9503236,14690628,431,5750685696,15.18
374.517,2351832,7165740,0,9517572,14690628,431,5750685696,15.18
374.617,2351832,7178860,0,9530692,14690628,431,5759074304,15.18
374.718,2351832,7193004,0,9544836,14690628,431,5767462912,15.18
374.818,2351832,7207660,0,9559492,14690628,431,5775851520,15.18
374.918,2351832,7221100,0,9572932,14690628,432,5780045824,15.18
375.019,2351832,7239404,0,9591236,14690628,432,5788434432,15.18
375.119,2351832,7255724,0,9607556,14690628,432,5788434432,15.18
375.220,2351832,7271852,0,9623684,14690628,433,5801017344,16.6
375.320,2351832,7287340,0,9639172,14690628,433,5809405952,16.6
375.421,2351832,7302124,0,9653956,14690628,433,5817794560,16.6
375.521,2351832,7316972,0,9668804,14690628,434,5830377472,16.6
375.622,2351832,7332780,0,9684612,14690628,434,5836668928,16.6
375.722,2351832,7351852,0,9703684,14690628,434,5845057536,16.6
375.822,2351832,7368492,0,9720324,14690628,435,5849251840,16.6
375.923,2351832,7377772,0,9729604,14690628,435,5874417664,16.6
376.023,2351832,7389228,0,9741060,14690628,435,5874417664,16.6
376.124,2351832,7399148,0,9750980,14690628,435,5882806272,16.6
376.224,2351832,7413548,0,9765380,14690628,435,5882806272,16.6
376.325,2351832,7427564,0,9779396,14690628,435,5891194880,16.6
376.425,2351832,7444652,0,9796484,14690628,435,5899583488,16.6
376.525,2351832,7462252,0,9814084,14690628,435,5905874944,16.6
376.626,2351832,7476844,0,9828676,14690628,435,5914263552,16.6
376.726,2351832,7497516,0,9849348,14690628,435,5922652160,16.6
376.827,2351832,7511084,0,9862916,14690628,435,5931040768,16.6
376.927,2351832,7529260,0,9881092,14690628,435,5939429376,16.6
377.028,2351832,7548716,0,9900548,14690628,435,5947817984,16.6
377.128,2351832,7563052,0,9914884,14690628,435,5956206592,16.6
377.229,2351832,7578796,0,9930628,14690628,435,5960400896,20.29
377.329,2351832,7596268,0,9948100,14690628,435,5960400896,20.29
377.429,2351832,7616300,0,9968132,14690628,436,5981372416,20.29
377.530,2351832,7629228,0,9981060,14690628,436,5989761024,20.29
377.630,2351832,7645868,0,9997700,14690628,436,5989761024,20.29
377.731,2351832,7664684,0,10016516,14690628,436,5998149632,20.29
377.832,2351832,7680556,0,10032388,14690628,436,6006538240,20.29
377.933,2351832,7698028,0,10049860,14690628,436,6014926848,20.29
378.033,2351832,7716012,0,10067844,14690628,436,6014926848,20.29
378.134,2351832,7730668,0,10082500,14690628,437,6027509760,20.29
378.234,2351832,7751468,0,10103300,14690628,437,6035898368,20.29
378.335,2351832,7763756,0,10115588,14690628,437,6044286976,20.29
378.435,2351832,7778220,0,10130052,14690628,438,6056869888,20.29
378.536,2351832,7798060,0,10149892,14690628,438,6065258496,20.29
378.636,2351832,7815020,0,10166852,14690628,438,6073647104,20.29
378.737,2351832,7834860,0,10186692,14690628,438,6082035712,20.29
378.837,2351832,7853868,0,10205700,14690628,439,6086230016,20.29
378.938,2351832,7872300,0,10224132,14690628,439,6103007232,20.29
379.039,2351832,7889324,0,10241156,14690628,439,6117687296,20.29
379.140,2351832,7906988,0,10258820,14690628,439,6126075904,20.29
379.240,2351832,7924844,0,10276676,14690628,439,6126075904,16.62
379.341,2351832,7941740,0,10293572,14690628,440,6147047424,16.62
379.441,2351832,7962220,0,10314052,14690628,440,6149144576,16.62
379.542,2351832,7980844,0,10332676,14690628,440,6155436032,16.62
379.642,2351832,7998188,0,10350020,14690628,440,6163824640,16.62
379.743,2351832,8016876,0,10368708,14690628,440,6172213248,16.62
379.844,2351832,8034476,0,10386308,14690628,440,6178504704,16.62
379.944,2351832,8051116,0,10402948,14690628,440,6178504704,16.62
380.045,2351832,8069548,0,10421380,14690628,441,6199476224,16.62
380.145,2351832,8087212,0,10439044,14690628,441,6207864832,16.62
380.246,2351832,8103468,0,10455300,14690628,441,6216253440,16.62
380.346,2351832,8120812,0,10472644,14690628,441,6218350592,16.62
380.447,2351832,8140588,0,10492420,14690628,441,6224642048,16.62
380.547,2351832,8155372,0,10507204,14690628,442,6237224960,16.62
380.648,2351832,8174636,0,10526468,14690628,442,6237224960,16.62
380.749,2351832,8192236,0,10544068,14690628,443,6258196480,16.62
380.849,2351832,8207468,0,10559300,14690628,443,6266585088,16.62
380.949,2351832,8224940,0,10576772,14690628,443,6272876544,16.62
381.050,2351832,8240044,0,10591876,14690628,443,6281265152,16.62
381.151,2351832,8258412,0,10610244,14690628,443,6287556608,16.62
381.251,2351832,8279852,0,10631684,14690628,443,6287556608,13.61
381.352,2351832,8292140,0,10643972,14690628,444,6308528128,13.61
381.452,2351832,8308908,0,10660740,14690628,444,6325305344,13.61
381.552,2351832,8324716,0,10676548,14690628,445,6329499648,13.61
381.653,2351832,8345132,0,10696964,14690628,445,6337888256,13.61
381.754,2351832,8361516,0,10713348,14690628,445,6346276864,13.61
381.855,2351832,8377772,0,10729604,14690628,445,6363054080,13.61
381.956,2351832,8396140,0,10747972,14690628,445,6371442688,13.61
382.056,2351832,8413932,0,10765764,14690628,445,6379831296,13.61
382.157,2351832,8431404,0,10783236,14690628,445,6388219904,13.61
382.258,2351832,8449836,0,10801668,14690628,445,6396608512,13.61
382.359,2351832,8467308,0,10819140,14690628,445,6404997120,13.61
382.460,2351832,8484844,0,10836676,14690628,445,6413385728,13.61
382.560,2351832,8500524,0,10852356,14690628,445,6421774336,13.61
382.661,2351832,8518956,0,10870788,14690628,445,6430162944,13.61
382.762,2351832,8537900,0,10889732,14690628,445,6430162944,13.61
382.862,2351832,8554540,0,10906372,14690628,445,6444843008,13.61
382.962,2351832,8569644,0,10921476,14690628,445,6453231616,13.61
383.063,2351832,8587052,0,10938884,14690628,445,6461620224,13.61
383.164,2351832,8601324,0,10953156,14690628,446,6465814528,13.61
383.264,2351832,8619820,0,10971652,14690628,446,6474203136,11.14
383.364,2351832,8634604,0,10986436,14690628,446,6488883200,11.14
383.465,2351832,8653996,0,11005828,14690628,446,6497271808,11.14
383.565,2351832,8670636,0,11022468,14690628,446,6505660416,11.14
383.666,2351832,8691500,0,11043332,14690628,446,6514049024,11.14
383.766,2351832,8708524,0,11060356,14690628,446,6522437632,11.14
383.866,2351832,8728364,0,11080196,14690628,446,6530826240,11.14
383.967,2351832,8744108,0,11095940,14690628,446,6539214848,11.14
384.067,2351832,8759788,0,11111620,14690628,446,6547603456,11.14
384.168,2351832,8776044,0,11127876,14690628,446,6555992064,11.14
384.269,2351832,8795500,0,11147332,14690628,446,6564380672,11.14
384.369,2351832,8814380,0,11166212,14690628,446,6564380672,11.14
384.469,2351832,8830316,0,11182148,14690628,446,6564380672,11.14
384.570,2351832,8845612,0,11197444,14690628,447,6585352192,11.14
384.670,2351832,8863212,0,11215044,14690628,447,6593740800,11.14
384.771,2351832,8880940,0,11232772,14690628,447,6602129408,11.14
384.871,2351832,8898220,0,11250052,14690628,448,6606323712,11.14
384.972,2351832,8914860,0,11266692,14690628,448,6612615168,11.14
385.072,2351832,8933164,0,11284996,14690628,448,6621003776,11.14
385.173,2351832,8948332,0,11300164,14690628,448,6629392384,11.14
385.273,2351832,8962988,0,11314820,14690628,448,6637780992,9.12
385.374,2351832,8980332,0,11332164,14690628,448,6646169600,9.12
385.475,2351832,8994668,0,11346500,14690628,449,6654558208,9.12
385.575,2351832,9013292,0,11365124,14690628,449,6658752512,9.12
385.675,2351832,9026988,0,11378820,14690628,449,6675529728,9.12
385.776,2351832,9044204,0,11396036,14690628,449,6683918336,9.12
385.877,2351832,9063660,0,11415492,14690628,449,6692306944,9.12
385.977,2351832,9079532,0,11431364,14690628,449,6709084160,9.12
386.077,2351832,9097004,0,11448836,14690628,449,6709084160,9.12
386.178,2351832,9112044,0,11463876,14690628,449,6717472768,9.12
386.279,2351832,9124972,0,11476804,14690628,450,6730055680,9.12
386.380,2351832,9142700,0,11494532,14690628,450,6738444288,9.12
386.480,2351832,9159148,0,11510980,14690628,450,6738444288,9.12
386.581,2351832,9176296,0,11528128,14690628,450,6742638592,9.12
386.681,2351832,9192108,0,11543940,14690628,451,6765707264,9.12
386.782,2351832,9210540,0,11562372,14690628,451,6774095872,9.12
386.882,2351832,9228076,0,11579908,14690628,451,6774095872,9.12
386.982,2351832,9242476,0,11594308,14690628,451,6790873088,9.12
387.082,2351832,9260140,0,11611972,14690628,451,6797164544,9.12
387.183,2351832,9279276,0,11631108,14690628,451,6797164544,9.12
387.283,2351832,9293036,0,11644868,14690628,452,6809747456,7.47
387.383,2351832,9309996,0,11661828,14690628,452,6818136064,7.47
387.484,2351832,9325356,0,11677188,14690628,452,6826524672,7.47
387.584,2351832,9344172,0,11696004,14690628,452,6834913280,7.47
387.684,2351832,9360492,0,11712324,14690628,452,6843301888,7.47
387.785,2351832,9380076,0,11731908,14690628,452,6851690496,7.47
387.885,2351832,9396972,0,11748804,14690628,453,6864273408,7.47
387.985,2351832,9416492,0,11768324,14690628,453,6864273408,7.47
388.086,2351832,9432876,0,11784708,14690628,453,6872662016,7.47
388.186,2351832,9447468,0,11799300,14690628,453,6889439232,7.47
388.286,2351832,9463788,0,11815620,14690628,454,6893633536,7.47
388.387,2351832,9481388,0,11833220,14690628,454,6902022144,7.47
388.487,2351832,9495788,0,11847620,14690628,454,6910410752,7.47
388.587,2351832,9514156,0,11865988,14690628,454,6918799360,7.47
388.688,2351832,9528684,0,11880516,14690628,455,6922993664,7.47
388.788,2351832,9544428,0,11896260,14690628,455,6931382272,7.47
388.889,2351832,9559852,0,11911684,14690628,455,6948159488,7.47
388.989,2351832,9570476,0,11922308,14690628,455,6960742400,7.47
389.090,2351832,9570476,0,11922308,14690628,455,6960742400,7.47
389.190,2351832,9584428,0,11936260,14690628,455,6960742400,7.47
389.290,2351832,9597484,0,11949316,14690628,455,6960742400,7.38
389.391,2351832,9615788,0,11967620,14690628,456,6973325312,7.38
389.491,2351832,9632364,0,11984196,14690628,456,6981713920,7.38
389.592,2351832,9653164,0,12004996,14690628,456,6990102528,7.38
389.692,2351832,9670444,0,12022276,14690628,456,6998491136,7.38
389.792,2351832,9688748,0,12040580,14690628,456,7004782592,7.38
389.893,2351832,9708204,0,12060036,14690628,456,7004782592,7.38
389.993,2351832,9721388,0,12073220,14690628,457,7025754112,7.38
390.093,2351832,9738092,0,12089924,14690628,457,7034142720,7.38
390.194,2351832,9758188,0,12110020,14690628,457,7034142720,7.38
390.294,2351832,9778988,0,12130820,14690628,457,7042531328,7.38
390.395,2351832,9793324,0,12145156,14690628,457,7050919936,7.38
390.495,2351832,9811052,0,12162884,14690628,457,7059308544,7.38
390.595,2351832,9829868,0,12181700,14690628,457,7067697152,7.38
390.695,2351832,9846956,0,12198788,14690628,457,7076085760,7.38
390.796,2351832,9865004,0,12216836,14690628,457,7084474368,7.38
390.896,2351832,9883052,0,12234884,14690628,457,7092862976,7.38
390.997,2351832,9898092,0,12249924,14690628,458,7105445888,7.38
391.097,2351832,9915884,0,12267716,14690628,458,7113834496,7.38
391.197,2351832,9933548,0,12285380,14690628,458,7122223104,6.04
391.298,2351832,9949868,0,12301700,14690628,458,7128514560,6.04
391.398,2351832,9967404,0,12319236,14690628,458,7136903168,6.04
391.498,2351832,9984684,0,12336516,14690628,458,7145291776,6.04
391.599,2351832,10002540,0,12354372,14690628,458,7145291776,6.04
391.699,2351832,10019372,0,12371204,14690628,459,7149486080,6.04
391.799,2351832,10036716,0,12388548,14690628,459,7166263296,6.04
391.900,2351832,10050668,0,12402500,14690628,459,7174651904,6.04
392.000,2351832,10067436,0,12419268,14690628,460,7177945088,6.04
392.101,2351832,10081452,0,12433284,14690628,461,7195230208,6.04
392.201,2351832,10096444,0,12448276,14690628,461,7211425792,6.04
392.301,2351832,10112700,0,12464532,14690628,461,7226064896,6.04
392.401,2351832,10129020,0,12480852,14690628,461,7242801152,6.04
392.502,2351832,10141884,0,12493716,14690628,461,7276191744,6.04
392.602,2351832,10159676,0,12511508,14690628,461,7292866560,6.04
392.702,2351832,10176124,0,12527956,14690628,461,7309553664,6.04
392.803,2351832,10192444,0,12544276,14690628,461,7326302208,6.04
392.903,2351832,10209980,0,12561812,14690628,461,7343038464,6.04
393.003,2351832,10225084,0,12576916,14690628,461,7359787008,6.04
393.104,2351832,10240888,0,12592720,14690628,461,7369482240,6.04
393.204,2351832,10258044,0,12609876,14690628,461,7376510976,4.95
393.305,2351832,10273532,0,12625364,14690628,461,7393271808,4.95
393.405,2351832,10289020,0,12640852,14690628,461,7410008064,4.95
393.505,2351832,10304700,0,12656532,14690628,461,7426744320,4.95
393.606,2351832,10318140,0,12669972,14690628,461,7460241408,4.95
393.706,2351832,10335420,0,12687252,14690628,461,7477002240,4.95
393.806,2351832,10353020,0,12704852,14690628,461,7493677056,4.95
393.907,2351832,10368636,0,12720468,14690628,461,7507767296,4.95
394.007,2351832,10386236,0,12738068,14690628,461,7507767296,4.95
394.108,2351832,10403516,0,12755348,14690628,461,7507767296,4.95
394.208,2351832,10418236,0,12770068,14690628,462,7520350208,4.95
394.308,2351832,10433788,0,12785620,14690628,462,7528738816,4.95
394.409,2351832,10450812,0,12802644,14690628,462,7537127424,4.95
394.509,2351832,10465212,0,12817044,14690628,462,7562272768,4.95
394.609,2351832,10483260,0,12835092,14690628,462,7570661376,4.95
394.710,2351832,10500796,0,12852628,14690628,462,7579049984,4.95
394.810,2351832,10518588,0,12870420,14690628,462,7579049984,4.95
394.910,2351832,10534636,0,12886468,14690628,463,7591632896,4.95
395.011,2351832,10552188,0,12904020,14690628,463,7602118656,4.95
395.111,2351832,10570300,0,12922132,14690628,463,7616798720,4.95
395.212,2351832,10588796,0,12940628,14690628,463,7625187328,4.05
395.312,2351832,10605372,0,12957204,14690628,463,7625187328,4.05
395.412,2351832,10623228,0,12975060,14690628,463,7633575936,4.05
395.513,2351832,10638652,0,12990484,14690628,463,7633575936,4.05
395.613,2351832,10654460,0,13006292,14690628,464,7654547456,4.05
395.713,2351832,10667964,0,13019796,14690628,464,7671304192,4.05
395.814,2351832,10685820,0,13037652,14690628,464,7679692800,4.05
395.914,2351832,10703548,0,13055380,14690628,464,7688081408,4.05
396.014,2351832,10718972,0,13070804,14690628,464,7696465920,4.05
396.115,2351832,10736636,0,13088468,14690628,464,7696465920,4.05
396.215,2351832,10750332,0,13102164,14690628,465,7738368000,4.05
396.315,2351832,10767100,0,13118932,14690628,465,7755104256,4.05
396.416,2351832,10782844,0,13134676,14690628,465,7771865088,4.05
396.516,2351832,10799612,0,13151444,14690628,465,7771865088,4.05
396.617,2351832,10816060,0,13167892,14690628,465,7788601344,4.05
396.717,2351832,10833404,0,13185236,14690628,465,7805362176,4.05
396.817,2351832,10850684,0,13202516,14690628,465,7822123008,4.05
396.918,2351832,10866876,0,13218708,14690628,465,7855640576,4.05
397.018,2351832,10883388,0,13235220,14690628,465,7872401408,4.05
397.118,2351832,10900092,0,13251924,14690628,465,7889162240,4.05
397.219,2351832,10916348,0,13268180,14690628,465,7905923072,3.32
397.319,2351832,10932860,0,13284692,14690628,465,7922659328,3.32
397.419,2351832,10949820,0,13301652,14690628,465,7939420160,3.32
397.520,2351832,10966972,0,13318804,14690628,465,7956180992,3.32
397.620,2351832,10984312,0,13336144,14690628,465,7970369536,3.32
397.721,2351832,11001276,0,13353108,14690628,465,7989702656,3.32
397.821,2351832,11017468,0,13369300,14690628,465,8006451200,3.32
397.922,2351832,11034748,0,13386580,14690628,465,8023199744,3.32
398.022,2351832,11051260,0,13403092,14690628,465,8039948288,3.32
398.122,2351832,11068796,0,13420628,14690628,465,8056672256,3.32
398.223,2351832,11086524,0,13438356,14690628,465,8073420800,3.32
398.323,2351832,11103292,0,13455124,14690628,465,8090157056,3.32
398.424,2351832,11119868,0,13471700,14690628,465,8106881024,3.32
398.524,2351832,11136892,0,13488724,14690628,465,8123641856,3.32
398.624,2351832,11152828,0,13504660,14690628,465,8140402688,3.32
398.725,2351832,11168828,0,13520660,14690628,465,8170598400,3.32
398.825,2351832,11184956,0,13536788,14690628,465,8190685184,3.32
398.926,2351832,11201596,0,13553428,14690628,465,8207446016,3.32
399.026,2351832,11218876,0,13570708,14690628,465,8224206848,3.32
399.127,2351832,11235900,0,13587732,14690628,465,8224206848,3.32
399.227,2351832,11253628,0,13605460,14690628,465,8240963584,2.71
399.328,2351832,11271420,0,13623252,14690628,465,8257724416,2.71
399.428,2351832,11288956,0,13640788,14690628,465,8274472960,2.71
399.528,2351832,11306556,0,13658388,14690628,465,8291221504,2.71
399.629,2351832,11324540,0,13676372,14690628,465,8307982336,2.71
399.729,2351832,11342268,0,13694100,14690628,465,8324743168,2.71
399.830,2351832,11357500,0,13709332,14690628,465,8355672064,2.71
399.930,2351832,11374524,0,13726356,14690628,465,8372432896,2.71
400.031,2351832,11391484,0,13743316,14690628,465,8389193728,2.71
400.131,2351832,11406780,0,13758612,14690628,465,8405954560,2.71
400.232,2351832,11422268,0,13774100,14690628,465,8422715392,2.71
400.332,2351832,11437820,0,13789652,14690628,465,8439476224,2.71
400.433,2351832,11453820,0,13805652,14690628,465,8456237056,2.71
400.533,2351832,11470012,0,13821844,14690628,465,8472997888,2.71
400.633,2351832,11487036,0,13838868,14690628,465,8472997888,2.71
400.734,2351832,11501628,0,13853460,14690628,465,8489734144,2.71
400.835,2351832,11515260,0,13867092,14690628,465,8506372096,2.71
400.935,2351832,11529660,0,13881492,14690628,465,8523132928,2.71
401.036,2351832,11544956,0,13896788,14690628,465,8539893760,2.71
401.136,2351832,11561724,0,13913556,14690628,465,8556654592,2.71
401.236,2351832,11577340,0,13929172,14690628,465,8556654592,2.22
401.337,2351832,11593308,0,13945140,14690628,465,8573415424,2.22
401.438,2351832,11610524,0,13962356,14690628,465,8590151680,2.22
401.538,2351832,11626396,0,13978228,14690628,465,8606912512,2.22
401.639,2351832,11642652,0,13994484,14690628,465,8623673344,2.22
401.739,2351832,11658396,0,14010228,14690628,465,8640409600,2.22
401.839,2351832,11675068,0,14026900,14690628,465,8645627904,2.22
401.940,2351832,11690376,0,14042208,14690628,465,8645627904,2.22
402.041,2351832,11690376,0,14042208,14690628,465,8645627904,2.22
402.142,2351832,11690376,0,14042208,14690628,465,8645627904,2.22
402.242,2351832,11690376,0,14042208,14690628,465,8645627904,2.22
402.343,2351832,11690376,0,14042208,14690628,465,8645627904,2.22
402.443,2351832,11690376,0,14042208,14690628,465,8645627904,2.22
402.544,2351832,11690376,0,14042208,14690628,465,8645627904,2.22
402.644,2351832,11690376,0,14042208,14690628,465,8645627904,2.22
402.745,2351832,11690376,0,14042208,14690628,465,8645627904,2.22
402.845,2351832,10631656,0,12983488,14690628,465,8645627904,2.22
402.946,2351832,9687456,0,12039288,14690628,465,8645627904,2.22
403.046,2351832,2183680,0,4535512,14690628,465,8645627904,2.22
403.147,2351832,937508,0,3289340,14690628,465,8645627904,2.22
403.247,2351832,937508,0,3289340,14690628,465,8645627904,8.52
403.348,2351832,937508,0,3289340,14690628,465,8645627904,8.52
403.448,2351832,937508,0,3289340,14690628,465,8645627904,8.52
403.549,2351832,937508,0,3289340,14690628,465,8645627904,8.52
403.649,2351832,776400,0,3128232,14690628,477,8645627904,8.52
403.750,2351832,783304,0,3135136,14690628,477,8645627904,8.52
403.852,2343832,783304,0,3127136,14690628,477,8645627904,8.52
403.952,2343836,822476,0,3166312,14690628,478,8645627904,8.52
404.053,2343836,822476,0,3166312,14690628,478,8645627904,8.52
404.153,2343836,783304,0,3127140,14690628,478,8645627904,8.52
404.254,2343964,813464,0,3157428,14690628,480,8645627904,8.52
404.354,2343964,862656,0,3206620,14690628,480,8645627904,8.52
404.455,2343964,783304,0,3127268,14690628,480,8645627904,8.52
404.556,2343964,783304,0,3127268,14690628,480,8645627904,8.52
404.656,2343964,783304,0,3127268,14690628,480,8645627904,8.52
404.756,2343968,784084,0,3128052,14690628,480,8645627904,8.52
404.857,2343968,784212,0,3128180,14690628,480,8645627904,8.52
404.957,2343968,785108,0,3129076,14690628,480,8645627904,8.52
405.058,2343968,785108,0,3129076,14690628,480,8645627904,8.52
405.158,2343968,785108,0,3129076,14690628,480,8645627904,8.52
405.259,2343968,785108,0,3129076,14690628,480,8645627904,8.97
405.359,2343968,785108,0,3129076,14690628,480,8645627904,8.97
405.460,2343968,785108,0,3129076,14690628,480,8645627904,8.97
405.560,2343968,785108,0,3129076,14690628,480,8645627904,8.97
405.661,2343968,785108,0,3129076,14690628,480,8645627904,8.97
405.761,2343968,785108,0,3129076,14690628,480,8645627904,8.97
405.862,2343968,785108,0,3129076,14690628,480,8645627904,8.97
405.962,2343968,785108,0,3129076,14690628,480,8645627904,8.97
406.063,2343968,785108,0,3129076,14690628,480,8645627904,8.97
406.163,2343968,785108,0,3129076,14690628,480,8645627904,8.97
406.263,2343968,785108,0,3129076,14690628,480,8645627904,8.97
406.364,2343968,785108,0,3129076,14690628,480,8645627904,8.97
406.465,2343968,785108,0,3129076,14690628,480,8645627904,8.97
406.565,2343968,785108,0,3129076,14690628,480,8645627904,8.97
406.666,2343968,785108,0,3129076,14690628,480,8645627904,8.97
406.766,2343968,785108,0,3129076,14690628,480,8645627904,8.97
406.866,2343968,785108,0,3129076,14690628,480,8645627904,8.97
406.967,2343968,785108,0,3129076,14690628,480,8645627904,8.97
407.067,2343968,785108,0,3129076,14690628,480,8645627904,8.97
407.168,2343968,785108,0,3129076,14690628,480,8645627904,8.97
407.268,2343968,785108,0,3129076,14690628,480,8645627904,7.34
407.369,2343968,785108,0,3129076,14690628,480,8645627904,7.34
407.469,2343968,785108,0,3129076,14690628,480,8645627904,7.34
407.569,2343968,785108,0,3129076,14690628,480,8645627904,7.34
407.670,2343968,785108,0,3129076,14690628,480,8645627904,7.34
407.771,2343968,785108,0,3129076,14690628,480,8645627904,7.34
407.871,2343968,785108,0,3129076,14690628,480,8645627904,7.34
407.972,2343968,785108,0,3129076,14690628,480,8645627904,7.34
408.072,2343968,785108,0,3129076,14690628,480,8645627904,7.34
408.173,2343968,785108,0,3129076,14690628,480,8645627904,7.34
408.274,2343968,785108,0,3129076,14690628,480,8645627904,7.34
408.375,2343968,785108,0,3129076,14690628,480,8645627904,7.34
408.475,2343968,785108,0,3129076,14690628,480,8645627904,7.34
408.576,2343968,785108,0,3129076,14690628,480,8645627904,7.34
408.677,2343968,785108,0,3129076,14690628,480,8645627904,7.34
408.778,2343968,785108,0,3129076,14690628,480,8645627904,7.34
408.878,2343968,785108,0,3129076,14690628,480,8645627904,7.34
408.979,2343968,785108,0,3129076,14690628,480,8645627904,7.34
409.080,2343968,785108,0,3129076,14690628,480,8645627904,7.34
409.180,2343968,785108,0,3129076,14690628,480,8645627904,7.34
409.281,2343968,785108,0,3129076,14690628,480,8645627904,6.01
409.381,2343968,785108,0,3129076,14690628,480,8645627904,6.01
409.482,2343968,785108,0,3129076,14690628,480,8645627904,6.01
409.582,2343968,785108,0,3129076,14690628,480,8645627904,6.01
409.683,2343968,785108,0,3129076,14690628,480,8645627904,6.01
409.783,2343968,785108,0,3129076,14690628,480,8645627904,6.01
409.884,2343968,785108,0,3129076,14690628,480,8645627904,6.01
409.984,2343968,785108,0,3129076,14690628,480,8645627904,6.01
410.085,2343968,785108,0,3129076,14690628,480,8645627904,6.01
410.186,2343968,785108,0,3129076,14690628,480,8645627904,6.01
410.287,2343968,785108,0,3129076,14690628,480,8645627904,6.01
410.387,2343968,785108,0,3129076,14690628,480,8645627904,6.01
410.488,2343968,785108,0,3129076,14690628,480,8645627904,6.01
410.589,2343968,785108,0,3129076,14690628,480,8645627904,6.01
410.689,2343968,785108,0,3129076,14690628,480,8645627904,6.01
410.790,2343968,785108,0,3129076,14690628,480,8645627904,6.01
410.891,2343968,785108,0,3129076,14690628,480,8645627904,6.01
410.991,2343968,785108,0,3129076,14690628,480,8645627904,6.01
411.092,2343968,785108,0,3129076,14690628,480,8645627904,6.01
411.193,2343968,785108,0,3129076,14690628,480,8645627904,6.01
411.294,2343968,785108,0,3129076,14690628,480,8645627904,4.92
411.394,2343968,785108,0,3129076,14690628,480,8645627904,4.92
411.495,2343968,785108,0,3129076,14690628,480,8645627904,4.92
411.595,2343968,785108,0,3129076,14690628,480,8645627904,4.92
411.696,2343968,785108,0,3129076,14690628,480,8645627904,4.92
411.797,2343968,785108,0,3129076,14690628,480,8645627904,4.92
411.897,2343968,785108,0,3129076,14690628,480,8645627904,4.92
411.998,2343968,785108,0,3129076,14690628,480,8645627904,4.92
412.099,2343968,785108,0,3129076,14690628,480,8645627904,4.92
412.200,2343968,785108,0,3129076,14690628,480,8645627904,4.92
412.300,2343968,785108,0,3129076,14690628,480,8645627904,4.92
412.401,2343968,785108,0,3129076,14690628,480,8645627904,4.92
412.502,2343968,785108,0,3129076,14690628,480,8645627904,4.92
412.602,2343968,785108,0,3129076,14690628,480,8645627904,4.92
412.703,2343968,785108,0,3129076,14690628,480,8645627904,4.92
412.803,2343968,785108,0,3129076,14690628,480,8645627904,4.92
412.904,2343968,785108,0,3129076,14690628,480,8645627904,4.92
413.005,2343968,785108,0,3129076,14690628,480,8645627904,4.92
413.105,2343968,785108,0,3129076,14690628,480,8645627904,4.92
413.206,2343968,785108,0,3129076,14690628,480,8645627904,4.92
413.306,2343968,785108,0,3129076,14690628,480,8645627904,4.03
413.407,2343968,785108,0,3129076,14690628,480,8645627904,4.03
413.507,2343968,785108,0,3129076,14690628,480,8645627904,4.03
413.607,2343968,785108,0,3129076,14690628,480,8645627904,4.03
413.708,2343968,785108,0,3129076,14690628,480,8645627904,4.03
413.808,2343968,785108,0,3129076,14690628,480,8645627904,4.03
413.909,2343968,785108,0,3129076,14690628,480,8645627904,4.03
414.010,2343968,785108,0,3129076,14690628,480,8645627904,4.03
414.111,2343968,785108,0,3129076,14690628,480,8645627904,4.03
414.212,2343968,785108,0,3129076,14690628,480,8645627904,4.03
414.312,2343968,785108,0,3129076,14690628,480,8645627904,4.03
414.413,2343968,785108,0,3129076,14690628,480,8645627904,4.03
414.513,2343968,785108,0,3129076,14690628,480,8645627904,4.03
414.614,2343968,785108,0,3129076,14690628,480,8645627904,4.03
414.714,2343968,785108,0,3129076,14690628,480,8645627904,4.03
414.815,2343968,785108,0,3129076,14690628,480,8645627904,4.03
414.915,2343968,785108,0,3129076,14690628,480,8645627904,4.03
415.016,2343968,785108,0,3129076,14690628,480,8645627904,4.03
415.116,2343968,785108,0,3129076,14690628,480,8645627904,4.03
415.216,2343968,785108,0,3129076,14690628,480,8645627904,4.03
415.317,2343968,785108,0,3129076,14690628,480,8645627904,3.3
415.417,2343968,785108,0,3129076,14690628,480,8645627904,3.3
415.518,2343968,785108,0,3129076,14690628,480,8645627904,3.3
415.618,2343968,785108,0,3129076,14690628,480,8645627904,3.3
415.719,2343968,785108,0,3129076,14690628,480,8645627904,3.3
415.819,2343968,785108,0,3129076,14690628,480,8645627904,3.3
415.920,2343968,785108,0,3129076,14690628,480,8645627904,3.3
416.020,2343968,785108,0,3129076,14690628,480,8645627904,3.3
416.122,2343968,785108,0,3129076,14690628,480,8645627904,3.3
416.222,2343968,785108,0,3129076,14690628,480,8645627904,3.3
416.323,2343968,785108,0,3129076,14690628,480,8645627904,3.3
416.423,2343968,785108,0,3129076,14690628,480,8645627904,3.3
416.524,2343968,785108,0,3129076,14690628,480,8645627904,3.3
416.624,2343968,785108,0,3129076,14690628,480,8645627904,3.3
416.724,2343968,785108,0,3129076,14690628,480,8645627904,3.3
416.825,2343968,785108,0,3129076,14690628,480,8645627904,3.3
416.925,2343968,785108,0,3129076,14690628,480,8645627904,3.3
417.026,2343968,785108,0,3129076,14690628,480,8645627904,3.3
417.126,2343968,785108,0,3129076,14690628,480,8645627904,3.3
417.227,2343968,785108,0,3129076,14690628,480,8645627904,3.3
417.327,2343968,785108,0,3129076,14690628,480,8645627904,2.7
417.428,2343968,785108,0,3129076,14690628,480,8645627904,2.7
417.528,2343968,785108,0,3129076,14690628,480,8645627904,2.7
417.629,2343968,785108,0,3129076,14690628,480,8645627904,2.7
417.729,2343968,785108,0,3129076,14690628,480,8645627904,2.7
417.830,2343968,785108,0,3129076,14690628,480,8645627904,2.7
417.930,2343968,785108,0,3129076,14690628,480,8645627904,2.7
418.031,2343968,785108,0,3129076,14690628,480,8645627904,2.7
418.131,2343968,785108,0,3129076,14690628,480,8645627904,2.7
418.232,2343968,785108,0,3129076,14690628,480,8645627904,2.7
418.332,2343968,785108,0,3129076,14690628,480,8645627904,2.7
418.433,2343968,785108,0,3129076,14690628,480,8645627904,2.7
418.533,2343968,785108,0,3129076,14690628,480,8645627904,2.7
418.634,2343968,785108,0,3129076,14690628,480,8645627904,2.7
418.734,2343968,785108,0,3129076,14690628,480,8645627904,2.7
418.834,2343968,785108,0,3129076,14690628,480,8645627904,2.7
418.935,2343968,785108,0,3129076,14690628,480,8645627904,2.7
419.035,2343968,785108,0,3129076,14690628,480,8645627904,2.7
419.135,2343968,785108,0,3129076,14690628,480,8645627904,2.7
419.236,2343968,785108,0,3129076,14690628,480,8645627904,2.7
419.336,2343968,785108,0,3129076,14690628,480,8645627904,2.21
419.437,2343968,785108,0,3129076,14690628,480,8645627904,2.21
419.537,2343968,785108,0,3129076,14690628,480,8645627904,2.21
419.637,2343968,785108,0,3129076,14690628,480,8645627904,2.21
419.738,2343968,785108,0,3129076,14690628,480,8645627904,2.21
419.838,2343968,785108,0,3129076,14690628,480,8645627904,2.21
419.938,2343968,785108,0,3129076,14690628,480,8645627904,2.21
420.039,2343968,785108,0,3129076,14690628,480,8645627904,2.21
420.139,2343968,785108,0,3129076,14690628,480,8645627904,2.21
420.240,2343968,785108,0,3129076,14690628,480,8645627904,2.21
420.340,2343968,785108,0,3129076,14690628,480,8645627904,2.21
420.440,2343968,785108,0,3129076,14690628,480,8645627904,2.21
420.541,2343968,785108,0,3129076,14690628,480,8645627904,2.21
420.641,2343968,785108,0,3129076,14690628,480,8645627904,2.21
420.741,2343968,785108,0,3129076,14690628,480,8645627904,2.21
420.842,2343968,785108,0,3129076,14690628,480,8645627904,2.21
420.942,2343968,785108,0,3129076,14690628,480,8645627904,2.21
421.042,2343968,785108,0,3129076,14690628,480,8645627904,2.21
421.142,2343968,785108,0,3129076,14690628,480,8645627904,2.21
421.243,2343968,785108,0,3129076,14690628,480,8645627904,2.21
421.343,2343968,785108,0,3129076,14690628,480,8645627904,1.81
421.444,2343968,785108,0,3129076,14690628,480,8645627904,1.81
421.544,2343968,785108,0,3129076,14690628,480,8645627904,1.81
421.644,2343968,785108,0,3129076,14690628,480,8645627904,1.81
421.745,2343968,785108,0,3129076,14690628,480,8645627904,1.81
421.845,2343968,785108,0,3129076,14690628,480,8645627904,1.81
421.946,2343968,785108,0,3129076,14690628,480,8645627904,1.81
422.046,2343968,785108,0,3129076,14690628,480,8645627904,1.81
422.146,2343968,785108,0,3129076,14690628,480,8645627904,1.81
422.247,2343968,785108,0,3129076,14690628,480,8645627904,1.81
422.347,2343968,785108,0,3129076,14690628,480,8645627904,1.81
422.448,2343968,785108,0,3129076,14690628,480,8645627904,1.81
422.548,2343968,785108,0,3129076,14690628,480,8645627904,1.81
422.648,2343968,785108,0,3129076,14690628,480,8645627904,1.81
422.749,2343968,785108,0,3129076,14690628,480,8645627904,1.81
422.849,2343968,785108,0,3129076,14690628,480,8645627904,1.81
422.949,2343968,785108,0,3129076,14690628,480,8645627904,1.81
423.050,2343968,785108,0,3129076,14690628,480,8645627904,1.81
423.150,2343968,785108,0,3129076,14690628,480,8645627904,1.81
423.250,2343968,785108,0,3129076,14690628,480,8645627904,1.48
423.351,2343968,785108,0,3129076,14690628,480,8645627904,1.48
423.451,2343968,785108,0,3129076,14690628,480,8645627904,1.48
423.552,2343968,785108,0,3129076,14690628,480,8645627904,1.48
423.652,2343968,785108,0,3129076,14690628,480,8645627904,1.48
423.752,2343968,785108,0,3129076,14690628,480,8645627904,1.48
423.853,2343968,785108,0,3129076,14690628,480,8645627904,1.48
423.953,2343968,785108,0,3129076,14690628,480,8645627904,1.48
424.054,2343968,785108,0,3129076,14690628,480,8645627904,1.48
424.154,2343968,785108,0,3129076,14690628,480,8645627904,1.48
424.254,2343968,785108,0,3129076,14690628,480,8645627904,1.48
424.355,2343968,785108,0,3129076,14690628,480,8645627904,1.48
424.455,2343968,785108,0,3129076,14690628,480,8645627904,1.48
424.556,2343968,785108,0,3129076,14690628,480,8645627904,1.48
424.656,2343968,785108,0,3129076,14690628,480,8645627904,1.48
424.757,2343968,785108,0,3129076,14690628,480,8645627904,1.48
424.857,2343968,785108,0,3129076,14690628,480,8645627904,1.48
424.957,2343968,785108,0,3129076,14690628,480,8645627904,1.48
425.058,2343968,785108,0,3129076,14690628,480,8645627904,1.48
425.158,2343968,785108,0,3129076,14690628,480,8645627904,1.48
425.258,2343968,785108,0,3129076,14690628,480,8645627904,1.21
425.359,2381672,785108,0,3166780,14690628,480,8645627904,1.21
425.459,2555324,785108,0,3340432,14690628,480,8645627904,1.21
425.560,2726680,785108,0,3511788,14690628,480,8645627904,1.21
425.660,2904944,785108,0,3690052,14690628,480,8645627904,1.21
425.760,3084588,785108,0,3869696,14690628,480,8645627904,1.21
425.861,3264996,785108,0,4050104,14690628,480,8645627904,1.21
425.961,3284876,785108,0,4069984,14690628,480,8645627904,1.21
426.062,3284876,785108,0,4069984,14690628,480,8645627904,1.21
426.162,3284876,785108,0,4069984,14690628,480,8645627904,1.21
426.262,3284876,785108,0,4069984,14690628,480,8645627904,1.21
426.363,3284876,785108,0,4069984,14690628,480,8645627904,1.21
426.463,3284876,785108,0,4069984,14690628,480,8645627904,1.21
426.563,3284876,785108,0,4069984,14690628,480,8645627904,1.21
426.664,3284876,785108,0,4069984,14690628,480,8645627904,1.21
426.764,3284876,785108,0,4069984,14690628,480,8645627904,1.21
426.865,3284876,785108,0,4069984,14690628,480,8645627904,1.21
426.965,3284876,785108,0,4069984,14690628,480,8645627904,1.21
427.065,3284876,785108,0,4069984,14690628,480,8645627904,1.21
427.166,3284876,785108,0,4069984,14690628,480,8645627904,1.21
427.266,3284876,785108,0,4069984,14690628,480,8645627904,0.99
427.366,3284876,785108,0,4069984,14690628,480,8645627904,0.99
427.467,3284876,785108,0,4069984,14690628,480,8645627904,0.99
427.567,3284876,785108,0,4069984,14690628,480,8645627904,0.99
427.668,3284876,785108,0,4069984,14690628,480,8645627904,0.99
427.768,3284876,785108,0,4069984,14690628,480,8645627904,0.99
427.868,3284876,785108,0,4069984,14690628,480,8645627904,0.99
427.969,3284876,785108,0,4069984,14690628,480,8645627904,0.99
428.069,3284876,785108,0,4069984,14690628,480,8645627904,0.99
428.170,3284876,785108,0,4069984,14690628,480,8645627904,0.99
428.270,3284876,785108,0,4069984,14690628,480,8645627904,0.99
428.370,3284876,785108,0,4069984,14690628,480,8645627904,0.99
428.471,3284876,785108,0,4069984,14690628,480,8645627904,0.99
428.571,3284876,785108,0,4069984,14690628,480,8645627904,0.99
428.672,3284876,785108,0,4069984,14690628,480,8645627904,0.99
428.772,3284876,785108,0,4069984,14690628,480,8645627904,0.99
428.872,3284876,785108,0,4069984,14690628,480,8645627904,0.99
428.973,3284876,785108,0,4069984,14690628,480,8645627904,0.99
429.073,3284876,785108,0,4069984,14690628,480,8645627904,0.99
429.174,3284876,785108,0,4069984,14690628,480,8645627904,0.99
429.274,3284876,785108,0,4069984,14690628,480,8645627904,0.81
429.374,3284876,785108,0,4069984,14690628,480,8645627904,0.81
429.475,3284876,785108,0,4069984,14690628,480,8645627904,0.81
429.575,3284876,785108,0,4069984,14690628,480,8645627904,0.81
429.676,3284876,785108,0,4069984,14690628,480,8645627904,0.81
429.776,3284876,785108,0,4069984,14690628,480,8645627904,0.81
429.877,3284876,785108,0,4069984,14690628,480,8645627904,0.81
429.977,3284876,785108,0,4069984,14690628,480,8645627904,0.81
430.077,3284876,785108,0,4069984,14690628,480,8645627904,0.81
430.178,3284876,785108,0,4069984,14690628,480,8645627904,0.81
430.278,3284876,785108,0,4069984,14690628,480,8645627904,0.81
430.379,3284876,785108,0,4069984,14690628,480,8645627904,0.81
430.479,3284876,785108,0,4069984,14690628,480,8645627904,0.81
430.580,3284876,785108,0,4069984,14690628,480,8645627904,0.81
430.680,3284876,785108,0,4069984,14690628,480,8645627904,0.81
430.781,3284876,785108,0,4069984,14690628,480,8645627904,0.81
430.881,3284876,785108,0,4069984,14690628,480,8645627904,0.81
430.981,3284876,785108,0,4069984,14690628,480,8645627904,0.81
431.082,3284876,785108,0,4069984,14690628,480,8645627904,0.81
431.182,3284876,785108,0,4069984,14690628,480,8645627904,0.81
431.283,3284876,785108,0,4069984,14690628,480,8645627904,0.66
431.383,3284876,785108,0,4069984,14690628,480,8645627904,0.66
431.483,3284876,785108,0,4069984,14690628,480,8645627904,0.66
431.584,3284876,785108,0,4069984,14690628,480,8645627904,0.66
431.684,3284876,785108,0,4069984,14690628,480,8645627904,0.66
431.785,3284876,785108,0,4069984,14690628,480,8645627904,0.66
431.885,3284876,785108,0,4069984,14690628,480,8645627904,0.66
431.986,3284876,785108,0,4069984,14690628,480,8645627904,0.66
432.086,3284876,785108,0,4069984,14690628,480,8645627904,0.66
432.187,3284876,785108,0,4069984,14690628,480,8645627904,0.66
432.287,3284876,785108,0,4069984,14690628,480,8645627904,0.66
432.388,3284876,785108,0,4069984,14690628,480,8645627904,0.66
432.488,3284876,785108,0,4069984,14690628,480,8645627904,0.66
432.588,3284876,785108,0,4069984,14690628,480,8645627904,0.66
432.689,3284876,785108,0,4069984,14690628,480,8645627904,0.66
432.789,3284876,785108,0,4069984,14690628,480,8645627904,0.66
432.890,3284876,785108,0,4069984,14690628,480,8645627904,0.66
432.990,3284876,785108,0,4069984,14690628,480,8645627904,0.66
433.091,3284876,785108,0,4069984,14690628,480,8645627904,0.66
433.191,3284876,785108,0,4069984,14690628,480,8645627904,0.66
433.292,3284876,785108,0,4069984,14690628,480,8645627904,0.54
433.392,3284876,785108,0,4069984,14690628,480,8645627904,0.54
433.493,3284876,785108,0,4069984,14690628,480,8645627904,0.54
433.593,3284876,785108,0,4069984,14690628,480,8645627904,0.54
433.693,3284876,785108,0,4069984,14690628,480,8645627904,0.54
433.794,3284876,785108,0,4069984,14690628,480,8645627904,0.54
433.894,3284876,785108,0,4069984,14690628,480,8645627904,0.54
433.995,3284876,785108,0,4069984,14690628,480,8645627904,0.54
434.095,3284876,785108,0,4069984,14690628,480,8645627904,0.54
434.196,3284876,785108,0,4069984,14690628,480,8645627904,0.54
434.296,3284876,785108,0,4069984,14690628,480,8645627904,0.54
434.397,3284876,785108,0,4069984,14690628,480,8645627904,0.54
434.497,3284876,785108,0,4069984,14690628,480,8645627904,0.54
434.598,3284876,785108,0,4069984,14690628,480,8645627904,0.54
434.698,3284876,785108,0,4069984,14690628,480,8645627904,0.54
434.799,3284876,785108,0,4069984,14690628,480,8645627904,0.54
434.899,3284876,785108,0,4069984,14690628,480,8645627904,0.54
435.000,3284876,785108,0,4069984,14690628,480,8645627904,0.54
435.100,3284876,785108,0,4069984,14690628,480,8645627904,0.54
435.201,3284876,785108,0,4069984,14690628,480,8645627904,0.54
435.302,3284876,785108,0,4069984,14690628,480,8645627904,0.44
435.402,3284876,785108,0,4069984,14690628,480,8645627904,0.44
435.503,3284876,785108,0,4069984,14690628,480,8645627904,0.44
435.603,3284876,785108,0,4069984,14690628,480,8645627904,0.44
435.704,3284876,785108,0,4069984,14690628,480,8645627904,0.44
435.804,3284876,785108,0,4069984,14690628,480,8645627904,0.44
435.905,3284876,785108,0,4069984,14690628,480,8645627904,0.44
436.005,3284876,785108,0,4069984,14690628,480,8645627904,0.44
436.106,3284876,785108,0,4069984,14690628,480,8645627904,0.44
436.206,3284876,785108,0,4069984,14690628,480,8645627904,0.44
436.306,3284876,785108,0,4069984,14690628,480,8645627904,0.44
436.407,3284876,785108,0,4069984,14690628,480,8645627904,0.44
436.508,3284876,785108,0,4069984,14690628,480,8645627904,0.44
436.608,3284876,785108,0,4069984,14690628,480,8645627904,0.44
436.709,3284876,785108,0,4069984,14690628,480,8645627904,0.44
436.809,3284876,785108,0,4069984,14690628,480,8645627904,0.44
436.910,3284876,785108,0,4069984,14690628,480,8645627904,0.44
437.010,3284876,785108,0,4069984,14690628,480,8645627904,0.44
437.111,3284876,785108,0,4069984,14690628,480,8645627904,0.44
437.212,3284876,785108,0,4069984,14690628,480,8645627904,0.44
437.312,3284876,785108,0,4069984,14690628,480,8645627904,0.36
437.413,3284876,785108,0,4069984,14690628,480,8645627904,0.36
437.514,3284876,785108,0,4069984,14690628,480,8645627904,0.36
437.614,3284876,785108,0,4069984,14690628,480,8645627904,0.36
437.714,3284876,785108,0,4069984,14690628,480,8645627904,0.36
437.815,3284876,785108,0,4069984,14690628,480,8645627904,0.36
437.916,3284876,785108,0,4069984,14690628,480,8645627904,0.36
438.016,3284876,785108,0,4069984,14690628,480,8645627904,0.36
438.117,3284876,785108,0,4069984,14690628,480,8645627904,0.36
438.217,3284876,785108,0,4069984,14690628,480,8645627904,0.36
438.318,3284876,785108,0,4069984,14690628,480,8645627904,0.36
438.418,3284876,785108,0,4069984,14690628,480,8645627904,0.36
438.519,3284876,785108,0,4069984,14690628,480,8645627904,0.36
438.619,3284876,785108,0,4069984,14690628,480,8645627904,0.36
438.720,3284876,785108,0,4069984,14690628,480,8645627904,0.36
438.820,3284876,785108,0,4069984,14690628,480,8645627904,0.36
438.921,3284876,785108,0,4069984,14690628,480,8645627904,0.36
439.021,3284876,785108,0,4069984,14690628,480,8645627904,0.36
439.122,3284876,785108,0,4069984,14690628,480,8645627904,0.36
439.222,3284876,785108,0,4069984,14690628,480,8645627904,0.36
439.322,3284876,785108,0,4069984,14690628,480,8645627904,0.29
439.423,3284876,785108,0,4069984,14690628,480,8645627904,0.29
439.523,3284876,785108,0,4069984,14690628,480,8645627904,0.29
439.624,3284876,785108,0,4069984,14690628,480,8645627904,0.29
439.724,3284876,785108,0,4069984,14690628,480,8645627904,0.29
439.824,3284876,785108,0,4069984,14690628,480,8645627904,0.29
439.925,3284876,785108,0,4069984,14690628,480,8645627904,0.29
440.025,3284876,785108,0,4069984,14690628,480,8645627904,0.29
440.126,3284876,785108,0,4069984,14690628,480,8645627904,0.29
440.226,3284876,785108,0,4069984,14690628,480,8645627904,0.29
440.327,3284876,785108,0,4069984,14690628,480,8645627904,0.29
440.427,3284876,785108,0,4069984,14690628,480,8645627904,0.29
440.528,3284876,785108,0,4069984,14690628,480,8645627904,0.29
440.628,3284876,785108,0,4069984,14690628,480,8645627904,0.29
440.729,3284876,785108,0,4069984,14690628,480,8645627904,0.29
440.829,3284876,785108,0,4069984,14690628,480,8645627904,0.29
440.930,3284876,785108,0,4069984,14690628,480,8645627904,0.29
441.031,3284876,785108,0,4069984,14690628,480,8645627904,0.29
441.131,3284876,785108,0,4069984,14690628,480,8645627904,0.29
441.232,3284876,785108,0,4069984,14690628,480,8645627904,0.29
441.332,3284876,785108,0,4069984,14690628,480,8645627904,0.24
441.433,3284876,785108,0,4069984,14690628,480,8645627904,0.24
441.533,3284876,785108,0,4069984,14690628,480,8645627904,0.24
441.634,3284876,785108,0,4069984,14690628,480,8645627904,0.24
441.734,3284876,785108,0,4069984,14690628,480,8645627904,0.24
441.835,3284876,785108,0,4069984,14690628,480,8645627904,0.24
441.935,3284876,785108,0,4069984,14690628,480,8645627904,0.24
442.036,3284876,785108,0,4069984,14690628,480,8645627904,0.24
442.136,3284876,785108,0,4069984,14690628,480,8645627904,0.24
442.237,3284876,785108,0,4069984,14690628,480,8645627904,0.24
442.337,3284876,785108,0,4069984,14690628,480,8645627904,0.24
442.438,3284876,785108,0,4069984,14690628,480,8645627904,0.24
442.538,3284876,785108,0,4069984,14690628,480,8645627904,0.24
442.639,3284876,785108,0,4069984,14690628,480,8645627904,0.24
442.740,3284876,785108,0,4069984,14690628,480,8645627904,0.24
442.840,3284876,785108,0,4069984,14690628,480,8645627904,0.24
442.940,3284876,785108,0,4069984,14690628,480,8645627904,0.24
443.041,3284876,785108,0,4069984,14690628,480,8645627904,0.24
443.141,3284876,785108,0,4069984,14690628,480,8645627904,0.24
443.242,3284876,785108,0,4069984,14690628,480,8645627904,0.24
443.342,3284876,785108,0,4069984,14690628,480,8645627904,0.2
443.443,3284876,785108,0,4069984,14690628,480,8645627904,0.2
443.543,3284876,785108,0,4069984,14690628,480,8645627904,0.2
443.643,3284876,785108,0,4069984,14690628,480,8645627904,0.2
443.744,3284876,785108,0,4069984,14690628,480,8645627904,0.2
443.844,3284876,785108,0,4069984,14690628,480,8645627904,0.2
443.945,3284876,785108,0,4069984,14690628,480,8645627904,0.2
444.045,3284876,785108,0,4069984,14690628,480,8645627904,0.2
444.145,3284876,785108,0,4069984,14690628,480,8645627904,0.2
444.246,3284876,785108,0,4069984,14690628,480,8645627904,0.2
444.346,3284876,785108,0,4069984,14690628,480,8645627904,0.2
444.447,3284876,785108,0,4069984,14690628,480,8645627904,0.2
444.547,3284876,785108,0,4069984,14690628,480,8645627904,0.2
444.647,3284876,785108,0,4069984,14690628,480,8645627904,0.2
444.748,3284876,785108,0,4069984,14690628,480,8645627904,0.2
444.849,3284876,785108,0,4069984,14690628,480,8645627904,0.2
444.949,3284876,785108,0,4069984,14690628,480,8645627904,0.2
445.050,3284876,785108,0,4069984,14690628,480,8645627904,0.2
445.151,3284876,785108,0,4069984,14690628,480,8645627904,0.2
445.251,3284876,785108,0,4069984,14690628,480,8645627904,0.2
445.352,3284876,785108,0,4069984,14690628,480,8645627904,0.16
445.453,3284876,785108,0,4069984,14690628,480,8645627904,0.16
445.554,3284876,785108,0,4069984,14690628,480,8645627904,0.16
445.654,3284876,785108,0,4069984,14690628,480,8645627904,0.16
445.755,3284876,785108,0,4069984,14690628,480,8645627904,0.16
445.855,3284876,785108,0,4069984,14690628,480,8645627904,0.16
445.956,3284876,785108,0,4069984,14690628,480,8645627904,0.16
446.057,3284876,785108,0,4069984,14690628,480,8645627904,0.16
446.157,3284876,785108,0,4069984,14690628,480,8645627904,0.16
446.258,3284876,785108,0,4069984,14690628,480,8645627904,0.16
446.359,3284876,785108,0,4069984,14690628,480,8645627904,0.16
446.460,3284876,785108,0,4069984,14690628,480,8645627904,0.16
446.560,3284876,785108,0,4069984,14690628,480,8645627904,0.16
446.661,3284876,785108,0,4069984,14690628,480,8645627904,0.16
446.762,3284876,785108,0,4069984,14690628,480,8645627904,0.16
446.862,3284876,785108,0,4069984,14690628,480,8645627904,0.16
446.963,3284876,785108,0,4069984,14690628,480,8645627904,0.16
447.064,3284876,785108,0,4069984,14690628,480,8645627904,0.16
447.164,3284876,785108,0,4069984,14690628,480,8645627904,0.16
447.265,3284876,785108,0,4069984,14690628,480,8645627904,0.16
447.365,3284876,785108,0,4069984,14690628,480,8645627904,0.13
447.466,3284876,785108,0,4069984,14690628,480,8645627904,0.13
447.567,3284876,785108,0,4069984,14690628,480,8645627904,0.13
447.667,3284876,785108,0,4069984,14690628,480,8645627904,0.13
447.768,3284876,785108,0,4069984,14690628,480,8645627904,0.13
447.869,3284876,785108,0,4069984,14690628,480,8645627904,0.13
447.970,3284876,785108,0,4069984,14690628,480,8645627904,0.13
448.070,3284876,785108,0,4069984,14690628,480,8645627904,0.13
448.171,3284876,785108,0,4069984,14690628,480,8645627904,0.13
448.271,3284876,785108,0,4069984,14690628,480,8645627904,0.13
448.372,3284876,785108,0,4069984,14690628,480,8645627904,0.13
448.473,3284876,785108,0,4069984,14690628,480,8645627904,0.13
448.573,3284876,785108,0,4069984,14690628,480,8645627904,0.13
448.673,3284876,785108,0,4069984,14690628,480,8645627904,0.13
448.774,3284876,785108,0,4069984,14690628,480,8645627904,0.13
448.875,3284876,785108,0,4069984,14690628,480,8645627904,0.13
448.976,2554912,785108,0,3340020,14690628,480,8645627904,0.13
449.080,2304904,628616,0,2933520,14690628,480,8645627904,0.13
449.180,2304904,628616,0,2933520,14690628,480,8645627904,0.13
449.280,2304904,628616,0,2933520,14690628,480,8645627904,0.13
449.381,2304904,628616,0,2933520,14690628,480,8645627904,1.92
449.482,2304904,628616,0,2933520,14690628,480,8645627904,1.92
449.582,2304904,628616,0,2933520,14690628,480,8645627904,1.92
449.683,2304904,628616,0,2933520,14690628,480,8645627904,1.92
449.784,2304904,628616,0,2933520,14690628,480,8645627904,1.92
449.884,2304904,628616,0,2933520,14690628,480,8645627904,1.92
449.984,2304904,628616,0,2933520,14690628,480,8645627904,1.92
450.085,2304904,628616,0,2933520,14690628,480,8645627904,1.92
450.186,2304904,628616,0,2933520,14690628,480,8645627904,1.92
450.286,2304904,628616,0,2933520,14690628,480,8645627904,1.92
450.387,2304904,628616,0,2933520,14690628,480,8645627904,1.92
450.488,2304904,628616,0,2933520,14690628,480,8645627904,1.92
450.588,2304904,628616,0,2933520,14690628,480,8645627904,1.92
450.688,2304904,628616,0,2933520,14690628,480,8645627904,1.92
450.789,2304904,628616,0,2933520,14690628,480,8645627904,1.92
450.889,2304904,628616,0,2933520,14690628,480,8645627904,1.92
450.989,1806252,529040,0,2335292,14690628,480,8645627904,1.92
