tiles_layout,tiles,coverage_pct,depth,shards,op,visible,us_median
abutting,256,0.1,6,1,count,67503,20.2
abutting,256,0.1,6,1,count_ranges,67503,20.1
abutting,256,0.1,6,1,select_batched,67503,3327.1
abutting,256,0.1,6,1,select_parts,67503,3312.3
abutting,256,0.1,6,1,select_tiles,67503,3535.8
abutting,256,0.1,6,8,count,67583,193.5
abutting,256,0.1,6,8,count_ranges,67583,75.6
abutting,256,0.1,6,8,select_batched,67583,4553.6
abutting,256,0.1,6,8,select_parts,67583,4517.3
abutting,256,0.1,6,8,select_tiles,67583,4961.8
abutting,256,0.1,6,32,count,67412,785.2
abutting,256,0.1,6,32,count_ranges,67412,288.2
abutting,256,0.1,6,32,select_batched,67412,5852.7
abutting,256,0.1,6,32,select_parts,67412,7477.8
abutting,256,0.1,6,32,select_tiles,67412,7901.9
abutting,256,0.1,6,100,count,67142,2784.5
abutting,256,0.1,6,100,count_ranges,67142,679.8
abutting,256,0.1,6,100,select_batched,67142,8432.0
abutting,256,0.1,6,100,select_parts,67142,13774.4
abutting,256,0.1,6,100,select_tiles,67142,14783.9
abutting,256,0.1,7,1,count,16251,18.7
abutting,256,0.1,7,1,count_ranges,16251,57.2
abutting,256,0.1,7,1,select_batched,16251,804.6
abutting,256,0.1,7,1,select_parts,16251,780.8
abutting,256,0.1,7,1,select_tiles,16251,741.1
abutting,256,0.1,7,8,count,16775,229.8
abutting,256,0.1,7,8,count_ranges,16775,179.5
abutting,256,0.1,7,8,select_batched,16775,1040.4
abutting,256,0.1,7,8,select_parts,16775,1361.2
abutting,256,0.1,7,8,select_tiles,16775,1690.7
abutting,256,0.1,7,32,count,16744,810.8
abutting,256,0.1,7,32,count_ranges,16744,249.3
abutting,256,0.1,7,32,select_batched,16744,1432.6
abutting,256,0.1,7,32,select_parts,16744,3813.8
abutting,256,0.1,7,32,select_tiles,16744,4515.2
abutting,256,0.1,7,100,count,16826,2603.6
abutting,256,0.1,7,100,count_ranges,16826,564.0
abutting,256,0.1,7,100,select_batched,16826,3690.6
abutting,256,0.1,7,100,select_parts,16826,5081.7
abutting,256,0.1,7,100,select_tiles,16826,8362.2
abutting,256,0.1,8,1,count,4107,17.8
abutting,256,0.1,8,1,count_ranges,4107,10.5
abutting,256,0.1,8,1,select_batched,4107,183.1
abutting,256,0.1,8,1,select_parts,4107,209.6
abutting,256,0.1,8,1,select_tiles,4107,236.2
abutting,256,0.1,8,8,count,4142,171.1
abutting,256,0.1,8,8,count_ranges,4142,47.9
abutting,256,0.1,8,8,select_batched,4142,269.3
abutting,256,0.1,8,8,select_parts,4142,454.4
abutting,256,0.1,8,8,select_tiles,4142,556.7
abutting,256,0.1,8,32,count,4123,681.0
abutting,256,0.1,8,32,count_ranges,4123,148.1
abutting,256,0.1,8,32,select_batched,4123,515.0
abutting,256,0.1,8,32,select_parts,4123,845.3
abutting,256,0.1,8,32,select_tiles,4123,1570.6
abutting,256,0.1,8,100,count,4210,2434.2
abutting,256,0.1,8,100,count_ranges,4210,475.1
abutting,256,0.1,8,100,select_batched,4210,728.0
abutting,256,0.1,8,100,select_parts,4210,1252.6
abutting,256,0.1,8,100,select_tiles,4210,4324.8
abutting,256,0.1,9,1,count,1029,22.2
abutting,256,0.1,9,1,count_ranges,1029,39.9
abutting,256,0.1,9,1,select_batched,1029,48.4
abutting,256,0.1,9,1,select_parts,1029,109.6
abutting,256,0.1,9,1,select_tiles,1029,103.5
abutting,256,0.1,9,8,count,1024,146.3
abutting,256,0.1,9,8,count_ranges,1024,50.0
abutting,256,0.1,9,8,select_batched,1024,90.8
abutting,256,0.1,9,8,select_parts,1024,168.7
abutting,256,0.1,9,8,select_tiles,1024,366.8
abutting,256,0.1,9,32,count,1044,623.2
abutting,256,0.1,9,32,count_ranges,1044,172.1
abutting,256,0.1,9,32,select_batched,1044,111.6
abutting,256,0.1,9,32,select_parts,1044,220.1
abutting,256,0.1,9,32,select_tiles,1044,1098.0
abutting,256,0.1,9,100,count,995,2236.4
abutting,256,0.1,9,100,count_ranges,995,460.6
abutting,256,0.1,9,100,select_batched,995,138.7
abutting,256,0.1,9,100,select_parts,995,259.1
abutting,256,0.1,9,100,select_tiles,995,3489.9
abutting,256,0.1,10,1,count,260,16.5
abutting,256,0.1,10,1,count_ranges,260,23.1
abutting,256,0.1,10,1,select_batched,260,23.8
abutting,256,0.1,10,1,select_parts,260,27.6
abutting,256,0.1,10,1,select_tiles,260,28.9
abutting,256,0.1,10,8,count,270,135.4
abutting,256,0.1,10,8,count_ranges,270,43.1
abutting,256,0.1,10,8,select_batched,270,35.6
abutting,256,0.1,10,8,select_parts,270,45.8
abutting,256,0.1,10,8,select_tiles,270,212.8
abutting,256,0.1,10,32,count,254,588.6
abutting,256,0.1,10,32,count_ranges,254,144.9
abutting,256,0.1,10,32,select_batched,254,40.8
abutting,256,0.1,10,32,select_parts,254,52.1
abutting,256,0.1,10,32,select_tiles,254,645.1
abutting,256,0.1,10,100,count,276,2166.3
abutting,256,0.1,10,100,count_ranges,276,430.7
abutting,256,0.1,10,100,select_batched,276,83.8
abutting,256,0.1,10,100,select_parts,276,75.7
abutting,256,0.1,10,100,select_tiles,276,2166.0
abutting,256,0.1,11,1,count,64,18.8
abutting,256,0.1,11,1,count_ranges,64,26.7
abutting,256,0.1,11,1,select_batched,64,11.8
abutting,256,0.1,11,1,select_parts,64,10.0
abutting,256,0.1,11,1,select_tiles,64,9.8
abutting,256,0.1,11,8,count,64,148.8
abutting,256,0.1,11,8,count_ranges,64,42.4
abutting,256,0.1,11,8,select_batched,64,14.8
abutting,256,0.1,11,8,select_parts,64,12.6
abutting,256,0.1,11,8,select_tiles,64,63.1
abutting,256,0.1,11,32,count,68,573.5
abutting,256,0.1,11,32,count_ranges,68,138.7
abutting,256,0.1,11,32,select_batched,68,17.8
abutting,256,0.1,11,32,select_parts,68,17.4
abutting,256,0.1,11,32,select_tiles,68,227.4
abutting,256,0.1,11,100,count,49,2239.7
abutting,256,0.1,11,100,count_ranges,49,449.0
abutting,256,0.1,11,100,select_batched,49,22.5
abutting,256,0.1,11,100,select_parts,49,32.1
abutting,256,0.1,11,100,select_tiles,49,559.4
abutting,256,0.1,12,1,count,21,15.0
abutting,256,0.1,12,1,count_ranges,21,14.2
abutting,256,0.1,12,1,select_batched,21,6.2
abutting,256,0.1,12,1,select_parts,21,4.3
abutting,256,0.1,12,1,select_tiles,21,3.5
abutting,256,0.1,12,8,count,21,122.9
abutting,256,0.1,12,8,count_ranges,21,41.7
abutting,256,0.1,12,8,select_batched,21,10.0
abutting,256,0.1,12,8,select_parts,21,4.9
abutting,256,0.1,12,8,select_tiles,21,31.0
abutting,256,0.1,12,32,count,25,607.8
abutting,256,0.1,12,32,count_ranges,25,172.0
abutting,256,0.1,12,32,select_batched,25,11.6
abutting,256,0.1,12,32,select_parts,25,8.6
abutting,256,0.1,12,32,select_tiles,25,95.3
abutting,256,0.1,13,1,count,7,14.6
abutting,256,0.1,13,1,count_ranges,7,20.9
abutting,256,0.1,13,1,select_batched,7,4.3
abutting,256,0.1,13,1,select_parts,7,1.4
abutting,256,0.1,13,1,select_tiles,7,1.4
abutting,256,0.1,13,8,count,3,122.8
abutting,256,0.1,13,8,count_ranges,3,49.5
abutting,256,0.1,13,8,select_batched,3,4.5
abutting,256,0.1,13,8,select_parts,3,1.4
abutting,256,0.1,13,8,select_tiles,3,4.0
abutting,256,0.1,14,1,count,2,14.8
abutting,256,0.1,14,1,count_ranges,2,19.1
abutting,256,0.1,14,1,select_batched,2,3.6
abutting,256,0.1,14,1,select_parts,2,0.7
abutting,256,0.1,14,1,select_tiles,2,0.7
abutting,256,1.0,6,1,count,669544,25.5
abutting,256,1.0,6,1,count_ranges,669544,25.3
abutting,256,1.0,6,1,select_batched,669544,21705.0
abutting,256,1.0,6,1,select_parts,669544,20414.5
abutting,256,1.0,6,1,select_tiles,669544,22137.1
abutting,256,1.0,6,8,count,674278,255.3
abutting,256,1.0,6,8,count_ranges,674278,182.3
abutting,256,1.0,6,8,select_batched,674278,23403.9
abutting,256,1.0,6,8,select_parts,674278,19798.9
abutting,256,1.0,6,8,select_tiles,674278,20505.1
abutting,256,1.0,6,32,count,672343,1116.3
abutting,256,1.0,6,32,count_ranges,672343,520.5
abutting,256,1.0,6,32,select_batched,672343,24495.4
abutting,256,1.0,6,32,select_parts,672343,23644.0
abutting,256,1.0,6,32,select_tiles,672343,23270.7
abutting,256,1.0,6,100,count,672966,3910.7
abutting,256,1.0,6,100,count_ranges,672966,1345.0
abutting,256,1.0,6,100,select_batched,672966,26412.1
abutting,256,1.0,6,100,select_parts,672966,31892.0
abutting,256,1.0,6,100,select_tiles,672966,30984.2
abutting,256,1.0,7,1,count,164550,23.8
abutting,256,1.0,7,1,count_ranges,164550,68.8
abutting,256,1.0,7,1,select_batched,164550,6212.9
abutting,256,1.0,7,1,select_parts,164550,5795.2
abutting,256,1.0,7,1,select_tiles,164550,5625.5
abutting,256,1.0,7,8,count,167728,245.9
abutting,256,1.0,7,8,count_ranges,167728,165.1
abutting,256,1.0,7,8,select_batched,167728,6110.1
abutting,256,1.0,7,8,select_parts,167728,6580.9
abutting,256,1.0,7,8,select_tiles,167728,6844.9
abutting,256,1.0,7,32,count,167894,1007.0
abutting,256,1.0,7,32,count_ranges,167894,538.3
abutting,256,1.0,7,32,select_batched,167894,8340.5
abutting,256,1.0,7,32,select_parts,167894,9815.2
abutting,256,1.0,7,32,select_tiles,167894,9863.0
abutting,256,1.0,7,100,count,167336,3505.6
abutting,256,1.0,7,100,count_ranges,167336,1861.1
abutting,256,1.0,7,100,select_batched,167336,13094.1
abutting,256,1.0,7,100,select_parts,167336,18377.1
abutting,256,1.0,7,100,select_tiles,167336,18806.7
abutting,256,1.0,8,1,count,42159,24.1
abutting,256,1.0,8,1,count_ranges,42159,15.2
abutting,256,1.0,8,1,select_batched,42159,1240.8
abutting,256,1.0,8,1,select_parts,42159,1147.6
abutting,256,1.0,8,1,select_tiles,42159,1313.7
abutting,256,1.0,8,8,count,41781,219.6
abutting,256,1.0,8,8,count_ranges,41781,86.7
abutting,256,1.0,8,8,select_batched,41781,1362.2
abutting,256,1.0,8,8,select_parts,41781,1638.8
abutting,256,1.0,8,8,select_tiles,41781,2041.9
abutting,256,1.0,8,32,count,41935,966.1
abutting,256,1.0,8,32,count_ranges,41935,347.0
abutting,256,1.0,8,32,select_batched,41935,2480.6
abutting,256,1.0,8,32,select_parts,41935,5242.4
abutting,256,1.0,8,32,select_tiles,41935,5673.0
abutting,256,1.0,8,100,count,42040,3354.4
abutting,256,1.0,8,100,count_ranges,42040,1151.4
abutting,256,1.0,8,100,select_batched,42040,8071.3
abutting,256,1.0,8,100,select_parts,42040,12220.3
abutting,256,1.0,8,100,select_tiles,42040,12929.9
abutting,256,1.0,9,1,count,10606,26.0
abutting,256,1.0,9,1,count_ranges,10606,22.6
abutting,256,1.0,9,1,select_batched,10606,453.6
abutting,256,1.0,9,1,select_parts,10606,494.6
abutting,256,1.0,9,1,select_tiles,10606,510.7
abutting,256,1.0,9,8,count,10392,218.4
abutting,256,1.0,9,8,count_ranges,10392,95.3
abutting,256,1.0,9,8,select_batched,10392,602.7
abutting,256,1.0,9,8,select_parts,10392,825.0
abutting,256,1.0,9,8,select_tiles,10392,845.3
abutting,256,1.0,9,32,count,10631,890.2
abutting,256,1.0,9,32,count_ranges,10631,306.9
abutting,256,1.0,9,32,select_batched,10631,1153.6
abutting,256,1.0,9,32,select_parts,10631,1920.1
abutting,256,1.0,9,32,select_tiles,10631,2316.1
abutting,256,1.0,9,100,count,10201,3091.1
abutting,256,1.0,9,100,count_ranges,10201,931.6
abutting,256,1.0,9,100,select_batched,10201,1653.0
abutting,256,1.0,9,100,select_parts,10201,3424.6
abutting,256,1.0,9,100,select_tiles,10201,7194.7
abutting,256,1.0,10,1,count,2674,21.3
abutting,256,1.0,10,1,count_ranges,2674,18.7
abutting,256,1.0,10,1,select_batched,2674,90.8
abutting,256,1.0,10,1,select_parts,2674,187.8
abutting,256,1.0,10,1,select_tiles,2674,190.3
abutting,256,1.0,10,8,count,2583,206.7
abutting,256,1.0,10,8,count_ranges,2583,82.0
abutting,256,1.0,10,8,select_batched,2583,169.1
abutting,256,1.0,10,8,select_parts,2583,508.5
abutting,256,1.0,10,8,select_tiles,2583,616.2
abutting,256,1.0,10,32,count,2608,845.7
abutting,256,1.0,10,32,count_ranges,2608,284.2
abutting,256,1.0,10,32,select_batched,2608,306.5
abutting,256,1.0,10,32,select_parts,2608,753.1
abutting,256,1.0,10,32,select_tiles,2608,1750.5
abutting,256,1.0,10,100,count,2571,2903.7
abutting,256,1.0,10,100,count_ranges,2571,873.7
abutting,256,1.0,10,100,select_batched,2571,459.3
abutting,256,1.0,10,100,select_parts,2571,1012.6
abutting,256,1.0,10,100,select_tiles,2571,5311.5
abutting,256,1.0,11,1,count,620,21.4
abutting,256,1.0,11,1,count_ranges,620,18.5
abutting,256,1.0,11,1,select_batched,620,36.5
abutting,256,1.0,11,1,select_parts,620,49.8
abutting,256,1.0,11,1,select_tiles,620,49.5
abutting,256,1.0,11,8,count,658,175.8
abutting,256,1.0,11,8,count_ranges,658,71.0
abutting,256,1.0,11,8,select_batched,658,69.6
abutting,256,1.0,11,8,select_parts,658,121.2
abutting,256,1.0,11,8,select_tiles,658,302.3
abutting,256,1.0,11,32,count,636,794.7
abutting,256,1.0,11,32,count_ranges,636,287.4
abutting,256,1.0,11,32,select_batched,636,83.4
abutting,256,1.0,11,32,select_parts,636,141.6
abutting,256,1.0,11,32,select_tiles,636,1116.7
abutting,256,1.0,11,100,count,490,2882.5
abutting,256,1.0,11,100,count_ranges,490,880.7
abutting,256,1.0,11,100,select_batched,490,83.6
abutting,256,1.0,11,100,select_parts,490,121.0
abutting,256,1.0,11,100,select_tiles,490,3134.2
abutting,256,1.0,12,1,count,168,20.7
abutting,256,1.0,12,1,count_ranges,168,19.4
abutting,256,1.0,12,1,select_batched,168,18.4
abutting,256,1.0,12,1,select_parts,168,22.1
abutting,256,1.0,12,1,select_tiles,168,22.3
abutting,256,1.0,12,8,count,171,169.8
abutting,256,1.0,12,8,count_ranges,171,75.3
abutting,256,1.0,12,8,select_batched,171,28.3
abutting,256,1.0,12,8,select_parts,171,32.0
abutting,256,1.0,12,8,select_tiles,171,151.9
abutting,256,1.0,12,32,count,164,767.7
abutting,256,1.0,12,32,count_ranges,164,246.6
abutting,256,1.0,12,32,select_batched,164,35.5
abutting,256,1.0,12,32,select_parts,164,35.9
abutting,256,1.0,12,32,select_tiles,164,555.3
abutting,256,1.0,13,1,count,46,20.7
abutting,256,1.0,13,1,count_ranges,46,24.5
abutting,256,1.0,13,1,select_batched,46,9.9
abutting,256,1.0,13,1,select_parts,46,7.8
abutting,256,1.0,13,1,select_tiles,46,7.7
abutting,256,1.0,13,8,count,33,167.8
abutting,256,1.0,13,8,count_ranges,33,68.1
abutting,256,1.0,13,8,select_batched,33,9.6
abutting,256,1.0,13,8,select_parts,33,6.4
abutting,256,1.0,13,8,select_tiles,33,36.9
abutting,256,1.0,14,1,count,12,20.1
abutting,256,1.0,14,1,count_ranges,12,21.2
abutting,256,1.0,14,1,select_batched,12,5.3
abutting,256,1.0,14,1,select_parts,12,2.3
abutting,256,1.0,14,1,select_tiles,12,2.4
abutting,256,10.0,6,1,count,6697931,689.5
abutting,256,10.0,6,1,count_ranges,6697931,542.4
abutting,256,10.0,6,1,select_batched,6697931,95639.9
abutting,256,10.0,6,1,select_parts,6697931,103199.4
abutting,256,10.0,6,1,select_tiles,6697931,88563.0
abutting,256,10.0,6,8,count,6742245,10876.0
abutting,256,10.0,6,8,count_ranges,6742245,4291.4
abutting,256,10.0,6,8,select_batched,6742245,116222.5
abutting,256,10.0,6,8,select_parts,6742245,95425.7
abutting,256,10.0,6,8,select_tiles,6742245,112662.3
abutting,256,10.0,6,32,count,6708570,23527.6
abutting,256,10.0,6,32,count_ranges,6708570,4813.5
abutting,256,10.0,6,32,select_batched,6708570,108569.7
abutting,256,10.0,6,32,select_parts,6708570,112284.5
abutting,256,10.0,6,32,select_tiles,6708570,115228.7
abutting,256,10.0,6,100,count,6701580,73635.1
abutting,256,10.0,6,100,count_ranges,6701580,7730.3
abutting,256,10.0,6,100,select_batched,6701580,115494.3
abutting,256,10.0,6,100,select_parts,6701580,129915.6
abutting,256,10.0,6,100,select_tiles,6701580,128441.3
abutting,256,10.0,7,1,count,1646805,1241.1
abutting,256,10.0,7,1,count_ranges,1646805,1621.1
abutting,256,10.0,7,1,select_batched,1646805,23341.3
abutting,256,10.0,7,1,select_parts,1646805,22605.2
abutting,256,10.0,7,1,select_tiles,1646805,24863.6
abutting,256,10.0,7,8,count,1674621,11903.1
abutting,256,10.0,7,8,count_ranges,1674621,3224.6
abutting,256,10.0,7,8,select_batched,1674621,25817.1
abutting,256,10.0,7,8,select_parts,1674621,25091.2
abutting,256,10.0,7,8,select_tiles,1674621,27319.2
abutting,256,10.0,7,32,count,1679648,22395.9
abutting,256,10.0,7,32,count_ranges,1679648,2788.5
abutting,256,10.0,7,32,select_batched,1679648,33102.8
abutting,256,10.0,7,32,select_parts,1679648,34858.5
abutting,256,10.0,7,32,select_tiles,1679648,29813.4
abutting,256,10.0,7,100,count,1676842,73959.2
abutting,256,10.0,7,100,count_ranges,1676842,3535.1
abutting,256,10.0,7,100,select_batched,1676842,39160.5
abutting,256,10.0,7,100,select_parts,1676842,40702.8
abutting,256,10.0,7,100,select_tiles,1676842,47948.4
abutting,256,10.0,8,1,count,421673,660.8
abutting,256,10.0,8,1,count_ranges,421673,198.4
abutting,256,10.0,8,1,select_batched,421673,6869.7
abutting,256,10.0,8,1,select_parts,421673,6802.5
abutting,256,10.0,8,1,select_tiles,421673,6740.6
abutting,256,10.0,8,8,count,419745,5325.9
abutting,256,10.0,8,8,count_ranges,419745,336.5
abutting,256,10.0,8,8,select_batched,419745,7993.1
abutting,256,10.0,8,8,select_parts,419745,7987.2
abutting,256,10.0,8,8,select_tiles,419745,7963.1
abutting,256,10.0,8,32,count,419333,21157.1
abutting,256,10.0,8,32,count_ranges,419333,535.7
abutting,256,10.0,8,32,select_batched,419333,10884.8
abutting,256,10.0,8,32,select_parts,419333,15266.8
abutting,256,10.0,8,32,select_tiles,419333,11926.4
abutting,256,10.0,8,100,count,416412,55772.6
abutting,256,10.0,8,100,count_ranges,416412,1539.7
abutting,256,10.0,8,100,select_batched,416412,20595.5
abutting,256,10.0,8,100,select_parts,416412,23158.4
abutting,256,10.0,8,100,select_tiles,416412,22868.1
abutting,256,10.0,9,1,count,105636,648.0
abutting,256,10.0,9,1,count_ranges,105636,179.8
abutting,256,10.0,9,1,select_batched,105636,1821.0
abutting,256,10.0,9,1,select_parts,105636,1816.1
abutting,256,10.0,9,1,select_tiles,105636,2015.7
abutting,256,10.0,9,8,count,105027,5241.1
abutting,256,10.0,9,8,count_ranges,105027,283.7
abutting,256,10.0,9,8,select_batched,105027,2929.2
abutting,256,10.0,9,8,select_parts,105027,3124.0
abutting,256,10.0,9,8,select_tiles,105027,3397.5
abutting,256,10.0,9,32,count,105028,18384.2
abutting,256,10.0,9,32,count_ranges,105028,499.4
abutting,256,10.0,9,32,select_batched,105028,5964.8
abutting,256,10.0,9,32,select_parts,105028,4380.0
abutting,256,10.0,9,32,select_tiles,105028,5496.5
abutting,256,10.0,9,100,count,101695,90400.8
abutting,256,10.0,9,100,count_ranges,101695,911.8
abutting,256,10.0,9,100,select_batched,101695,10764.4
abutting,256,10.0,9,100,select_parts,101695,15020.3
abutting,256,10.0,9,100,select_tiles,101695,15990.9
abutting,256,10.0,10,1,count,26232,659.5
abutting,256,10.0,10,1,count_ranges,26232,76.1
abutting,256,10.0,10,1,select_batched,26232,821.5
abutting,256,10.0,10,1,select_parts,26232,759.7
abutting,256,10.0,10,1,select_tiles,26232,786.8
abutting,256,10.0,10,8,count,26153,4398.6
abutting,256,10.0,10,8,count_ranges,26153,137.3
abutting,256,10.0,10,8,select_batched,26153,1059.5
abutting,256,10.0,10,8,select_parts,26153,1458.5
abutting,256,10.0,10,8,select_tiles,26153,2016.4
abutting,256,10.0,10,32,count,26087,12266.2
abutting,256,10.0,10,32,count_ranges,26087,334.4
abutting,256,10.0,10,32,select_batched,26087,1625.0
abutting,256,10.0,10,32,select_parts,26087,2625.4
abutting,256,10.0,10,32,select_tiles,26087,2729.2
abutting,256,10.0,10,100,count,25511,87140.3
abutting,256,10.0,10,100,count_ranges,25511,811.9
abutting,256,10.0,10,100,select_batched,25511,3797.7
abutting,256,10.0,10,100,select_parts,25511,8255.5
abutting,256,10.0,10,100,select_tiles,25511,9888.4
abutting,256,10.0,11,1,count,6523,648.1
abutting,256,10.0,11,1,count_ranges,6523,66.8
abutting,256,10.0,11,1,select_batched,6523,251.2
abutting,256,10.0,11,1,select_parts,6523,258.1
abutting,256,10.0,11,1,select_tiles,6523,307.1
abutting,256,10.0,11,8,count,6476,5327.0
abutting,256,10.0,11,8,count_ranges,6476,141.9
abutting,256,10.0,11,8,select_batched,6476,385.7
abutting,256,10.0,11,8,select_parts,6476,634.1
abutting,256,10.0,11,8,select_tiles,6476,674.2
abutting,256,10.0,11,32,count,6457,23920.9
abutting,256,10.0,11,32,count_ranges,6457,316.6
abutting,256,10.0,11,32,select_batched,6457,725.8
abutting,256,10.0,11,32,select_parts,6457,1247.7
abutting,256,10.0,11,32,select_tiles,6457,1703.9
abutting,256,10.0,11,100,count,5182,43198.0
abutting,256,10.0,11,100,count_ranges,5182,760.8
abutting,256,10.0,11,100,select_batched,5182,964.5
abutting,256,10.0,11,100,select_parts,5182,1897.7
abutting,256,10.0,11,100,select_tiles,5182,5759.0
abutting,256,10.0,12,1,count,1542,687.5
abutting,256,10.0,12,1,count_ranges,1542,63.7
abutting,256,10.0,12,1,select_batched,1542,65.1
abutting,256,10.0,12,1,select_parts,1542,117.1
abutting,256,10.0,12,1,select_tiles,1542,117.8
abutting,256,10.0,12,8,count,1640,2118.8
abutting,256,10.0,12,8,count_ranges,1640,96.7
abutting,256,10.0,12,8,select_batched,1640,116.2
abutting,256,10.0,12,8,select_parts,1640,305.0
abutting,256,10.0,12,8,select_tiles,1640,395.8
abutting,256,10.0,12,32,count,1673,28555.4
abutting,256,10.0,12,32,count_ranges,1673,342.4
abutting,256,10.0,12,32,select_batched,1673,231.7
abutting,256,10.0,12,32,select_parts,1673,393.1
abutting,256,10.0,12,32,select_tiles,1673,1190.0
abutting,256,10.0,13,1,count,437,419.1
abutting,256,10.0,13,1,count_ranges,437,129.3
abutting,256,10.0,13,1,select_batched,437,30.5
abutting,256,10.0,13,1,select_parts,437,37.9
abutting,256,10.0,13,1,select_tiles,437,37.9
abutting,256,10.0,13,8,count,412,8659.5
abutting,256,10.0,13,8,count_ranges,412,230.1
abutting,256,10.0,13,8,select_batched,412,49.4
abutting,256,10.0,13,8,select_parts,412,58.2
abutting,256,10.0,13,8,select_tiles,412,252.8
abutting,256,10.0,14,1,count,95,861.6
abutting,256,10.0,14,1,count_ranges,95,99.4
abutting,256,10.0,14,1,select_batched,95,17.0
abutting,256,10.0,14,1,select_parts,95,12.6
abutting,256,10.0,14,1,select_tiles,95,12.8
abutting,256,50.0,6,1,count,33490661,680.1
abutting,256,50.0,6,1,count_ranges,33490661,537.1
abutting,256,50.0,6,1,select_batched,33490661,208674.0
abutting,256,50.0,6,1,select_parts,33490661,189113.6
abutting,256,50.0,6,1,select_tiles,33490661,196640.3
abutting,256,50.0,6,8,count,33730892,5999.4
abutting,256,50.0,6,8,count_ranges,33730892,3236.0
abutting,256,50.0,6,8,select_batched,33730892,213529.6
abutting,256,50.0,6,8,select_parts,33730892,196346.3
abutting,256,50.0,6,8,select_tiles,33730892,190984.1
abutting,256,50.0,6,32,count,33529807,22607.5
abutting,256,50.0,6,32,count_ranges,33529807,4538.2
abutting,256,50.0,6,32,select_batched,33529807,205155.6
abutting,256,50.0,6,32,select_parts,33529807,202654.9
abutting,256,50.0,6,32,select_tiles,33529807,230231.4
abutting,256,50.0,6,100,count,33514755,73777.9
abutting,256,50.0,6,100,count_ranges,33514755,6787.0
abutting,256,50.0,6,100,select_batched,33514755,215557.6
abutting,256,50.0,6,100,select_parts,33514755,220732.9
abutting,256,50.0,6,100,select_tiles,33514755,222874.6
abutting,256,50.0,7,1,count,8232344,753.4
abutting,256,50.0,7,1,count_ranges,8232344,744.2
abutting,256,50.0,7,1,select_batched,8232344,51019.7
abutting,256,50.0,7,1,select_parts,8232344,51330.9
abutting,256,50.0,7,1,select_tiles,8232344,49697.1
abutting,256,50.0,7,8,count,8377673,5374.1
abutting,256,50.0,7,8,count_ranges,8377673,1005.1
abutting,256,50.0,7,8,select_batched,8377673,54331.9
abutting,256,50.0,7,8,select_parts,8377673,55089.9
abutting,256,50.0,7,8,select_tiles,8377673,49677.5
abutting,256,50.0,7,32,count,8405903,21926.5
abutting,256,50.0,7,32,count_ranges,8405903,1949.9
abutting,256,50.0,7,32,select_batched,8405903,65223.6
abutting,256,50.0,7,32,select_parts,8405903,55597.3
abutting,256,50.0,7,32,select_tiles,8405903,54100.7
abutting,256,50.0,7,100,count,8390084,74417.2
abutting,256,50.0,7,100,count_ranges,8390084,3752.7
abutting,256,50.0,7,100,select_batched,8390084,70089.2
abutting,256,50.0,7,100,select_parts,8390084,68844.6
abutting,256,50.0,7,100,select_tiles,8390084,68974.1
abutting,256,50.0,8,1,count,2106062,714.6
abutting,256,50.0,8,1,count_ranges,2106062,209.2
abutting,256,50.0,8,1,select_batched,2106062,14752.7
abutting,256,50.0,8,1,select_parts,2106062,13393.0
abutting,256,50.0,8,1,select_tiles,2106062,13794.3
abutting,256,50.0,8,8,count,2098181,7204.4
abutting,256,50.0,8,8,count_ranges,2098181,620.2
abutting,256,50.0,8,8,select_batched,2098181,15577.3
abutting,256,50.0,8,8,select_parts,2098181,15129.9
abutting,256,50.0,8,8,select_tiles,2098181,15132.4
abutting,256,50.0,8,32,count,2095302,22481.7
abutting,256,50.0,8,32,count_ranges,2095302,539.1
abutting,256,50.0,8,32,select_batched,2095302,20020.6
abutting,256,50.0,8,32,select_parts,2095302,20813.9
abutting,256,50.0,8,32,select_tiles,2095302,20083.5
abutting,256,50.0,8,100,count,2083134,57832.4
abutting,256,50.0,8,100,count_ranges,2083134,1440.4
abutting,256,50.0,8,100,select_batched,2083134,33670.0
abutting,256,50.0,8,100,select_parts,2083134,35334.0
abutting,256,50.0,8,100,select_tiles,2083134,34474.7
abutting,256,50.0,9,1,count,528746,662.1
abutting,256,50.0,9,1,count_ranges,528746,178.8
abutting,256,50.0,9,1,select_batched,528746,4867.6
abutting,256,50.0,9,1,select_parts,528746,5127.0
abutting,256,50.0,9,1,select_tiles,528746,4640.3
abutting,256,50.0,9,8,count,525074,5250.9
abutting,256,50.0,9,8,count_ranges,525074,301.6
abutting,256,50.0,9,8,select_batched,525074,5646.9
abutting,256,50.0,9,8,select_parts,525074,5693.2
abutting,256,50.0,9,8,select_tiles,525074,6088.7
abutting,256,50.0,9,32,count,524844,19165.4
abutting,256,50.0,9,32,count_ranges,524844,494.7
abutting,256,50.0,9,32,select_batched,524844,10893.0
abutting,256,50.0,9,32,select_parts,524844,11159.7
abutting,256,50.0,9,32,select_tiles,524844,12773.6
abutting,256,50.0,9,100,count,511190,87652.4
abutting,256,50.0,9,100,count_ranges,511190,765.6
abutting,256,50.0,9,100,select_batched,511190,17908.4
abutting,256,50.0,9,100,select_parts,511190,19988.8
abutting,256,50.0,9,100,select_tiles,511190,19434.7
abutting,256,50.0,10,1,count,131844,650.8
abutting,256,50.0,10,1,count_ranges,131844,75.7
abutting,256,50.0,10,1,select_batched,131844,2311.2
abutting,256,50.0,10,1,select_parts,131844,2342.5
abutting,256,50.0,10,1,select_tiles,131844,1987.9
abutting,256,50.0,10,8,count,131071,3982.3
abutting,256,50.0,10,8,count_ranges,131071,199.8
abutting,256,50.0,10,8,select_batched,131071,2130.3
abutting,256,50.0,10,8,select_parts,131071,2369.2
abutting,256,50.0,10,8,select_tiles,131071,2489.3
abutting,256,50.0,10,32,count,130891,11429.2
abutting,256,50.0,10,32,count_ranges,130891,337.1
abutting,256,50.0,10,32,select_batched,130891,5916.0
abutting,256,50.0,10,32,select_parts,130891,6487.3
abutting,256,50.0,10,32,select_tiles,130891,7236.9
abutting,256,50.0,10,100,count,127516,85716.2
abutting,256,50.0,10,100,count_ranges,127516,948.1
abutting,256,50.0,10,100,select_batched,127516,10456.4
abutting,256,50.0,10,100,select_parts,127516,14766.4
abutting,256,50.0,10,100,select_tiles,127516,14280.5
abutting,256,50.0,11,1,count,33203,1072.6
abutting,256,50.0,11,1,count_ranges,33203,135.9
abutting,256,50.0,11,1,select_batched,33203,1095.7
abutting,256,50.0,11,1,select_parts,33203,1070.8
abutting,256,50.0,11,1,select_tiles,33203,1143.8
abutting,256,50.0,11,8,count,32828,5148.8
abutting,256,50.0,11,8,count_ranges,32828,132.0
abutting,256,50.0,11,8,select_batched,32828,1080.7
abutting,256,50.0,11,8,select_parts,32828,1272.1
abutting,256,50.0,11,8,select_tiles,32828,1335.4
abutting,256,50.0,11,32,count,32608,24860.9
abutting,256,50.0,11,32,count_ranges,32608,305.4
abutting,256,50.0,11,32,select_batched,32608,2332.9
abutting,256,50.0,11,32,select_parts,32608,5274.9
abutting,256,50.0,11,32,select_tiles,32608,5075.5
abutting,256,50.0,11,100,count,25604,40890.0
abutting,256,50.0,11,100,count_ranges,25604,560.6
abutting,256,50.0,11,100,select_batched,25604,3281.8
abutting,256,50.0,11,100,select_parts,25604,8321.1
abutting,256,50.0,11,100,select_tiles,25604,10207.7
abutting,256,50.0,12,1,count,8272,1074.6
abutting,256,50.0,12,1,count_ranges,8272,139.3
abutting,256,50.0,12,1,select_batched,8272,329.5
abutting,256,50.0,12,1,select_parts,8272,298.6
abutting,256,50.0,12,1,select_tiles,8272,409.9
abutting,256,50.0,12,8,count,8277,2090.1
abutting,256,50.0,12,8,count_ranges,8277,92.0
abutting,256,50.0,12,8,select_batched,8277,462.9
abutting,256,50.0,12,8,select_parts,8277,641.9
abutting,256,50.0,12,8,select_tiles,8277,697.3
abutting,256,50.0,12,32,count,8181,29533.6
abutting,256,50.0,12,32,count_ranges,8181,306.7
abutting,256,50.0,12,32,select_batched,8181,1087.5
abutting,256,50.0,12,32,select_parts,8181,1270.3
abutting,256,50.0,12,32,select_tiles,8181,2111.8
abutting,256,50.0,13,1,count,2076,435.0
abutting,256,50.0,13,1,count_ranges,2076,145.4
abutting,256,50.0,13,1,select_batched,2076,79.4
abutting,256,50.0,13,1,select_parts,2076,324.1
abutting,256,50.0,13,1,select_tiles,2076,149.1
abutting,256,50.0,13,8,count,2049,10843.6
abutting,256,50.0,13,8,count_ranges,2049,295.6
abutting,256,50.0,13,8,select_batched,2049,216.7
abutting,256,50.0,13,8,select_parts,2049,326.1
abutting,256,50.0,13,8,select_tiles,2049,375.4
abutting,256,50.0,14,1,count,500,881.0
abutting,256,50.0,14,1,count_ranges,500,137.8
abutting,256,50.0,14,1,select_batched,500,29.2
abutting,256,50.0,14,1,select_parts,500,54.9
abutting,256,50.0,14,1,select_tiles,500,53.4
abutting,3000,0.1,6,1,count,785837,323.0
abutting,3000,0.1,6,1,count_ranges,785837,185.0
abutting,3000,0.1,6,1,select_batched,785837,43919.7
abutting,3000,0.1,6,1,select_parts,785837,38687.1
abutting,3000,0.1,6,1,select_tiles,785837,37743.8
abutting,3000,0.1,6,8,count,786326,2481.5
abutting,3000,0.1,6,8,count_ranges,786326,824.6
abutting,3000,0.1,6,8,select_batched,786326,46705.6
abutting,3000,0.1,6,8,select_parts,786326,46199.9
abutting,3000,0.1,6,8,select_tiles,786326,60976.9
abutting,3000,0.1,6,32,count,786273,10193.7
abutting,3000,0.1,6,32,count_ranges,786273,3068.6
abutting,3000,0.1,6,32,select_batched,786273,70927.9
abutting,3000,0.1,6,32,select_parts,786273,94076.9
abutting,3000,0.1,6,32,select_tiles,786273,76500.6
abutting,3000,0.1,6,100,count,785395,33148.5
abutting,3000,0.1,6,100,count_ranges,785395,8241.3
abutting,3000,0.1,6,100,select_batched,785395,124812.8
abutting,3000,0.1,6,100,select_parts,785395,150507.3
abutting,3000,0.1,6,100,select_tiles,785395,164716.3
abutting,3000,0.1,7,1,count,196524,258.6
abutting,3000,0.1,7,1,count_ranges,196524,154.4
abutting,3000,0.1,7,1,select_batched,196524,26726.0
abutting,3000,0.1,7,1,select_parts,196524,18077.5
abutting,3000,0.1,7,1,select_tiles,196524,17760.0
abutting,3000,0.1,7,8,count,197119,2310.3
abutting,3000,0.1,7,8,count_ranges,197119,702.2
abutting,3000,0.1,7,8,select_batched,197119,25011.8
abutting,3000,0.1,7,8,select_parts,197119,30194.3
abutting,3000,0.1,7,8,select_tiles,197119,27951.7
abutting,3000,0.1,7,32,count,196163,9338.5
abutting,3000,0.1,7,32,count_ranges,196163,2707.4
abutting,3000,0.1,7,32,select_batched,196163,40780.6
abutting,3000,0.1,7,32,select_parts,196163,56732.5
abutting,3000,0.1,7,32,select_tiles,196163,49951.6
abutting,3000,0.1,7,100,count,196899,30938.0
abutting,3000,0.1,7,100,count_ranges,196899,7113.9
abutting,3000,0.1,7,100,select_batched,196899,88137.5
abutting,3000,0.1,7,100,select_parts,196899,81459.5
abutting,3000,0.1,7,100,select_tiles,196899,119018.1
abutting,3000,0.1,8,1,count,48800,248.8
abutting,3000,0.1,8,1,count_ranges,48800,88.6
abutting,3000,0.1,8,1,select_batched,48800,4196.1
abutting,3000,0.1,8,1,select_parts,48800,4974.8
abutting,3000,0.1,8,1,select_tiles,48800,5397.1
abutting,3000,0.1,8,8,count,48827,2173.7
abutting,3000,0.1,8,8,count_ranges,48827,647.5
abutting,3000,0.1,8,8,select_batched,48827,6218.5
abutting,3000,0.1,8,8,select_parts,48827,10783.6
abutting,3000,0.1,8,8,select_tiles,48827,11813.5
abutting,3000,0.1,8,32,count,48889,8523.6
abutting,3000,0.1,8,32,count_ranges,48889,2024.6
abutting,3000,0.1,8,32,select_batched,48889,13723.7
abutting,3000,0.1,8,32,select_parts,48889,20983.3
abutting,3000,0.1,8,32,select_tiles,48889,33128.3
abutting,3000,0.1,8,100,count,48965,29924.2
abutting,3000,0.1,8,100,count_ranges,48965,6044.8
abutting,3000,0.1,8,100,select_batched,48965,20447.6
abutting,3000,0.1,8,100,select_parts,48965,27058.4
abutting,3000,0.1,8,100,select_tiles,48965,59457.3
abutting,3000,0.1,9,1,count,12398,234.9
abutting,3000,0.1,9,1,count_ranges,12398,75.2
abutting,3000,0.1,9,1,select_batched,12398,908.2
abutting,3000,0.1,9,1,select_parts,12398,1254.1
abutting,3000,0.1,9,1,select_tiles,12398,1481.5
abutting,3000,0.1,9,8,count,12278,1884.7
abutting,3000,0.1,9,8,count_ranges,12278,489.7
abutting,3000,0.1,9,8,select_batched,12278,1742.0
abutting,3000,0.1,9,8,select_parts,12278,2623.8
abutting,3000,0.1,9,8,select_tiles,12278,5281.3
abutting,3000,0.1,9,32,count,12235,8107.2
abutting,3000,0.1,9,32,count_ranges,12235,1893.1
abutting,3000,0.1,9,32,select_batched,12235,2322.3
abutting,3000,0.1,9,32,select_parts,12235,4809.7
abutting,3000,0.1,9,32,select_tiles,12235,16622.5
abutting,3000,0.1,9,100,count,12180,26452.9
abutting,3000,0.1,9,100,count_ranges,12180,5828.7
abutting,3000,0.1,9,100,select_batched,12180,5022.5
abutting,3000,0.1,9,100,select_parts,12180,6145.4
abutting,3000,0.1,9,100,select_tiles,12180,42840.9
abutting,3000,0.1,10,1,count,3108,190.0
abutting,3000,0.1,10,1,count_ranges,3108,63.9
abutting,3000,0.1,10,1,select_batched,3108,390.1
abutting,3000,0.1,10,1,select_parts,3108,380.3
abutting,3000,0.1,10,1,select_tiles,3108,389.3
abutting,3000,0.1,10,8,count,3070,1671.9
abutting,3000,0.1,10,8,count_ranges,3070,419.9
abutting,3000,0.1,10,8,select_batched,3070,808.9
abutting,3000,0.1,10,8,select_parts,3070,701.7
abutting,3000,0.1,10,8,select_tiles,3070,2374.6
abutting,3000,0.1,10,32,count,3117,7246.3
abutting,3000,0.1,10,32,count_ranges,3117,1593.1
abutting,3000,0.1,10,32,select_batched,3117,774.1
abutting,3000,0.1,10,32,select_parts,3117,863.2
abutting,3000,0.1,10,32,select_tiles,3117,9058.7
abutting,3000,0.1,10,100,count,3035,25425.7
abutting,3000,0.1,10,100,count_ranges,3035,5121.1
abutting,3000,0.1,10,100,select_batched,3035,1023.3
abutting,3000,0.1,10,100,select_parts,3035,1152.1
abutting,3000,0.1,10,100,select_tiles,3035,25492.2
abutting,3000,0.1,11,1,count,756,189.3
abutting,3000,0.1,11,1,count_ranges,756,58.6
abutting,3000,0.1,11,1,select_batched,756,151.6
abutting,3000,0.1,11,1,select_parts,756,115.0
abutting,3000,0.1,11,1,select_tiles,756,113.5
abutting,3000,0.1,11,8,count,726,1652.5
abutting,3000,0.1,11,8,count_ranges,726,418.4
abutting,3000,0.1,11,8,select_batched,726,225.9
abutting,3000,0.1,11,8,select_parts,726,137.4
abutting,3000,0.1,11,8,select_tiles,726,757.0
abutting,3000,0.1,11,32,count,768,6964.8
abutting,3000,0.1,11,32,count_ranges,768,1751.5
abutting,3000,0.1,11,32,select_batched,768,230.8
abutting,3000,0.1,11,32,select_parts,768,223.3
abutting,3000,0.1,11,32,select_tiles,768,2796.9
abutting,3000,0.1,11,100,count,576,27282.4
abutting,3000,0.1,11,100,count_ranges,576,5695.5
abutting,3000,0.1,11,100,select_batched,576,340.9
abutting,3000,0.1,11,100,select_parts,576,327.1
abutting,3000,0.1,11,100,select_tiles,576,6824.9
abutting,3000,0.1,12,1,count,182,176.2
abutting,3000,0.1,12,1,count_ranges,182,58.6
abutting,3000,0.1,12,1,select_batched,182,64.3
abutting,3000,0.1,12,1,select_parts,182,32.2
abutting,3000,0.1,12,1,select_tiles,182,32.4
abutting,3000,0.1,12,8,count,185,1544.1
abutting,3000,0.1,12,8,count_ranges,185,376.4
abutting,3000,0.1,12,8,select_batched,185,76.5
abutting,3000,0.1,12,8,select_parts,185,43.9
abutting,3000,0.1,12,8,select_tiles,185,212.8
abutting,3000,0.1,12,32,count,216,6809.9
abutting,3000,0.1,12,32,count_ranges,216,1621.8
abutting,3000,0.1,12,32,select_batched,216,143.0
abutting,3000,0.1,12,32,select_parts,216,91.2
abutting,3000,0.1,12,32,select_tiles,216,958.7
abutting,3000,0.1,13,1,count,50,173.2
abutting,3000,0.1,13,1,count_ranges,50,66.7
abutting,3000,0.1,13,1,select_batched,50,45.0
abutting,3000,0.1,13,1,select_parts,50,11.8
abutting,3000,0.1,13,1,select_tiles,50,11.7
abutting,3000,0.1,13,8,count,41,1541.2
abutting,3000,0.1,13,8,count_ranges,41,319.8
abutting,3000,0.1,13,8,select_batched,41,51.6
abutting,3000,0.1,13,8,select_parts,41,19.6
abutting,3000,0.1,13,8,select_tiles,41,53.8
abutting,3000,0.1,14,1,count,12,173.2
abutting,3000,0.1,14,1,count_ranges,12,56.8
abutting,3000,0.1,14,1,select_batched,12,62.3
abutting,3000,0.1,14,1,select_parts,12,5.6
abutting,3000,0.1,14,1,select_tiles,12,5.0
abutting,3000,1.0,6,1,count,7861265,657.7
abutting,3000,1.0,6,1,count_ranges,7861265,515.2
abutting,3000,1.0,6,1,select_batched,7861265,219638.2
abutting,3000,1.0,6,1,select_parts,7861265,201587.2
abutting,3000,1.0,6,1,select_tiles,7861265,252812.1
abutting,3000,1.0,6,8,count,7859745,6025.2
abutting,3000,1.0,6,8,count_ranges,7859745,3392.7
abutting,3000,1.0,6,8,select_batched,7859745,237915.0
abutting,3000,1.0,6,8,select_parts,7859745,211548.0
abutting,3000,1.0,6,8,select_tiles,7859745,255744.0
abutting,3000,1.0,6,32,count,7866528,18182.5
abutting,3000,1.0,6,32,count_ranges,7866528,8283.2
abutting,3000,1.0,6,32,select_batched,7866528,324833.2
abutting,3000,1.0,6,32,select_parts,7866528,305353.2
abutting,3000,1.0,6,32,select_tiles,7866528,301818.4
abutting,3000,1.0,6,100,count,7867073,45213.8
abutting,3000,1.0,6,100,count_ranges,7867073,17731.0
abutting,3000,1.0,6,100,select_batched,7867073,361547.2
abutting,3000,1.0,6,100,select_parts,7867073,378085.5
abutting,3000,1.0,6,100,select_tiles,7867073,341134.4
abutting,3000,1.0,7,1,count,1969873,480.3
abutting,3000,1.0,7,1,count_ranges,1969873,370.8
abutting,3000,1.0,7,1,select_batched,1969873,77562.4
abutting,3000,1.0,7,1,select_parts,1969873,64450.1
abutting,3000,1.0,7,1,select_tiles,1969873,63249.7
abutting,3000,1.0,7,8,count,1964583,3458.8
abutting,3000,1.0,7,8,count_ranges,1964583,1745.9
abutting,3000,1.0,7,8,select_batched,1964583,76558.1
abutting,3000,1.0,7,8,select_parts,1964583,72550.9
abutting,3000,1.0,7,8,select_tiles,1964583,86468.9
abutting,3000,1.0,7,32,count,1965889,13006.1
abutting,3000,1.0,7,32,count_ranges,1965889,5645.9
abutting,3000,1.0,7,32,select_batched,1965889,125093.1
abutting,3000,1.0,7,32,select_parts,1965889,104079.2
abutting,3000,1.0,7,32,select_tiles,1965889,113845.3
abutting,3000,1.0,7,100,count,1966156,41874.6
abutting,3000,1.0,7,100,count_ranges,1966156,15195.8
abutting,3000,1.0,7,100,select_batched,1966156,159214.0
abutting,3000,1.0,7,100,select_parts,1966156,202364.4
abutting,3000,1.0,7,100,select_tiles,1966156,198293.0
abutting,3000,1.0,8,1,count,492675,363.7
abutting,3000,1.0,8,1,count_ranges,492675,206.5
abutting,3000,1.0,8,1,select_batched,492675,24913.4
abutting,3000,1.0,8,1,select_parts,492675,31827.3
abutting,3000,1.0,8,1,select_tiles,492675,24855.5
abutting,3000,1.0,8,8,count,491170,2810.1
abutting,3000,1.0,8,8,count_ranges,491170,1158.3
abutting,3000,1.0,8,8,select_batched,491170,37573.7
abutting,3000,1.0,8,8,select_parts,491170,38798.4
abutting,3000,1.0,8,8,select_tiles,491170,36443.8
abutting,3000,1.0,8,32,count,491367,12620.5
abutting,3000,1.0,8,32,count_ranges,491367,5075.9
abutting,3000,1.0,8,32,select_batched,491367,50585.9
abutting,3000,1.0,8,32,select_parts,491367,79829.7
abutting,3000,1.0,8,32,select_tiles,491367,86984.2
abutting,3000,1.0,8,100,count,489178,39578.3
abutting,3000,1.0,8,100,count_ranges,489178,16826.8
abutting,3000,1.0,8,100,select_batched,489178,81976.4
abutting,3000,1.0,8,100,select_parts,489178,136727.4
abutting,3000,1.0,8,100,select_tiles,489178,142435.1
abutting,3000,1.0,9,1,count,123362,277.6
abutting,3000,1.0,9,1,count_ranges,123362,137.5
abutting,3000,1.0,9,1,select_batched,123362,10212.1
abutting,3000,1.0,9,1,select_parts,123362,10073.1
abutting,3000,1.0,9,1,select_tiles,123362,10186.9
abutting,3000,1.0,9,8,count,122797,2748.6
abutting,3000,1.0,9,8,count_ranges,122797,1559.6
abutting,3000,1.0,9,8,select_batched,122797,17478.6
abutting,3000,1.0,9,8,select_parts,122797,21360.0
abutting,3000,1.0,9,8,select_tiles,122797,22077.9
abutting,3000,1.0,9,32,count,123128,11352.7
abutting,3000,1.0,9,32,count_ranges,123128,3994.5
abutting,3000,1.0,9,32,select_batched,123128,35362.0
abutting,3000,1.0,9,32,select_parts,123128,41166.6
abutting,3000,1.0,9,32,select_tiles,123128,48595.9
abutting,3000,1.0,9,100,count,120091,35130.7
abutting,3000,1.0,9,100,count_ranges,120091,11577.8
abutting,3000,1.0,9,100,select_batched,120091,43824.5
abutting,3000,1.0,9,100,select_parts,120091,52577.2
abutting,3000,1.0,9,100,select_tiles,120091,93228.2
abutting,3000,1.0,10,1,count,30798,262.0
abutting,3000,1.0,10,1,count_ranges,30798,134.6
abutting,3000,1.0,10,1,select_batched,30798,1690.5
abutting,3000,1.0,10,1,select_parts,30798,4454.1
abutting,3000,1.0,10,1,select_tiles,30798,5069.3
abutting,3000,1.0,10,8,count,30674,2428.9
abutting,3000,1.0,10,8,count_ranges,30674,875.3
abutting,3000,1.0,10,8,select_batched,30674,6523.1
abutting,3000,1.0,10,8,select_parts,30674,11975.9
abutting,3000,1.0,10,8,select_tiles,30674,13782.6
abutting,3000,1.0,10,32,count,30713,10192.4
abutting,3000,1.0,10,32,count_ranges,30713,3827.5
abutting,3000,1.0,10,32,select_batched,30713,14455.6
abutting,3000,1.0,10,32,select_parts,30713,21514.6
abutting,3000,1.0,10,32,select_tiles,30713,31642.7
abutting,3000,1.0,10,100,count,30330,33375.4
abutting,3000,1.0,10,100,count_ranges,30330,10230.5
abutting,3000,1.0,10,100,select_batched,30330,14497.0
abutting,3000,1.0,10,100,select_parts,30330,31720.8
abutting,3000,1.0,10,100,select_tiles,30330,65667.1
abutting,3000,1.0,11,1,count,7629,249.6
abutting,3000,1.0,11,1,count_ranges,7629,118.2
abutting,3000,1.0,11,1,select_batched,7629,600.8
abutting,3000,1.0,11,1,select_parts,7629,855.9
abutting,3000,1.0,11,1,select_tiles,7629,867.0
abutting,3000,1.0,11,8,count,7674,2345.8
abutting,3000,1.0,11,8,count_ranges,7674,868.2
abutting,3000,1.0,11,8,select_batched,7674,1535.2
abutting,3000,1.0,11,8,select_parts,7674,2185.4
abutting,3000,1.0,11,8,select_tiles,7674,5350.8
abutting,3000,1.0,11,32,count,7696,10044.6
abutting,3000,1.0,11,32,count_ranges,7696,3749.0
abutting,3000,1.0,11,32,select_batched,7696,4300.3
abutting,3000,1.0,11,32,select_parts,7696,3660.2
abutting,3000,1.0,11,32,select_tiles,7696,16184.3
abutting,3000,1.0,11,100,count,5961,33147.3
abutting,3000,1.0,11,100,count_ranges,5961,11375.2
abutting,3000,1.0,11,100,select_batched,5961,1531.8
abutting,3000,1.0,11,100,select_parts,5961,2197.5
abutting,3000,1.0,11,100,select_tiles,5961,39901.2
abutting,3000,1.0,12,1,count,1883,247.1
abutting,3000,1.0,12,1,count_ranges,1883,106.8
abutting,3000,1.0,12,1,select_batched,1883,256.3
abutting,3000,1.0,12,1,select_parts,1883,263.5
abutting,3000,1.0,12,1,select_tiles,1883,268.8
abutting,3000,1.0,12,8,count,1869,2074.3
abutting,3000,1.0,12,8,count_ranges,1869,771.3
abutting,3000,1.0,12,8,select_batched,1869,372.2
abutting,3000,1.0,12,8,select_parts,1869,368.2
abutting,3000,1.0,12,8,select_tiles,1869,1798.9
abutting,3000,1.0,12,32,count,1983,9690.8
abutting,3000,1.0,12,32,count_ranges,1983,3605.4
abutting,3000,1.0,12,32,select_batched,1983,625.9
abutting,3000,1.0,12,32,select_parts,1983,521.3
abutting,3000,1.0,12,32,select_tiles,1983,7287.7
abutting,3000,1.0,13,1,count,450,260.1
abutting,3000,1.0,13,1,count_ranges,450,107.1
abutting,3000,1.0,13,1,select_batched,450,102.3
abutting,3000,1.0,13,1,select_parts,450,77.9
abutting,3000,1.0,13,1,select_tiles,450,78.1
abutting,3000,1.0,13,8,count,474,2123.8
abutting,3000,1.0,13,8,count_ranges,474,740.9
abutting,3000,1.0,13,8,select_batched,474,125.1
abutting,3000,1.0,13,8,select_parts,474,114.6
abutting,3000,1.0,13,8,select_tiles,474,528.9
abutting,3000,1.0,14,1,count,108,237.7
abutting,3000,1.0,14,1,count_ranges,108,103.1
abutting,3000,1.0,14,1,select_batched,108,55.0
abutting,3000,1.0,14,1,select_parts,108,33.5
abutting,3000,1.0,14,1,select_tiles,108,33.7
abutting,3000,10.0,6,1,count,78634062,11554.0
abutting,3000,10.0,6,1,count_ranges,78634062,8200.7
abutting,3000,10.0,6,1,select_batched,78634062,1151464.5
abutting,3000,10.0,6,1,select_parts,78634062,1228562.6
abutting,3000,10.0,6,1,select_tiles,78634062,1146955.9
abutting,3000,10.0,6,8,count,78592000,73172.9
abutting,3000,10.0,6,8,count_ranges,78592000,49488.9
abutting,3000,10.0,6,8,select_batched,78592000,1132235.8
abutting,3000,10.0,6,8,select_parts,78592000,1064794.7
abutting,3000,10.0,6,8,select_tiles,78592000,1183762.0
abutting,3000,10.0,6,32,count,78645844,275839.7
abutting,3000,10.0,6,32,count_ranges,78645844,37602.9
abutting,3000,10.0,6,32,select_batched,78645844,1183497.1
abutting,3000,10.0,6,32,select_parts,78645844,1238183.3
abutting,3000,10.0,6,32,select_tiles,78645844,1283190.6
abutting,3000,10.0,6,100,count,78600475,837866.4
abutting,3000,10.0,6,100,count_ranges,78600475,44281.5
abutting,3000,10.0,6,100,select_batched,78600475,1275876.3
abutting,3000,10.0,6,100,select_parts,78600475,1504594.5
abutting,3000,10.0,6,100,select_tiles,78600475,1278084.7
abutting,3000,10.0,7,1,count,19710943,9601.2
abutting,3000,10.0,7,1,count_ranges,19710943,6956.0
abutting,3000,10.0,7,1,select_batched,19710943,313103.1
abutting,3000,10.0,7,1,select_parts,19710943,265535.9
abutting,3000,10.0,7,1,select_tiles,19710943,265917.4
abutting,3000,10.0,7,8,count,19654734,73515.8
abutting,3000,10.0,7,8,count_ranges,19654734,14601.9
abutting,3000,10.0,7,8,select_batched,19654734,292111.0
abutting,3000,10.0,7,8,select_parts,19654734,275678.9
abutting,3000,10.0,7,8,select_tiles,19654734,292225.9
abutting,3000,10.0,7,32,count,19657034,267164.0
abutting,3000,10.0,7,32,count_ranges,19657034,14587.5
abutting,3000,10.0,7,32,select_batched,19657034,362218.2
abutting,3000,10.0,7,32,select_parts,19657034,369395.2
abutting,3000,10.0,7,32,select_tiles,19657034,408161.3
abutting,3000,10.0,7,100,count,19652415,868635.3
abutting,3000,10.0,7,100,count_ranges,19652415,20939.5
abutting,3000,10.0,7,100,select_batched,19652415,604386.2
abutting,3000,10.0,7,100,select_parts,19652415,483538.4
abutting,3000,10.0,7,100,select_tiles,19652415,476176.5
abutting,3000,10.0,8,1,count,4918186,8202.7
abutting,3000,10.0,8,1,count_ranges,4918186,2259.7
abutting,3000,10.0,8,1,select_batched,4918186,98144.4
abutting,3000,10.0,8,1,select_parts,4918186,89558.0
abutting,3000,10.0,8,1,select_tiles,4918186,82887.3
abutting,3000,10.0,8,8,count,4912047,76187.7
abutting,3000,10.0,8,8,count_ranges,4912047,3433.2
abutting,3000,10.0,8,8,select_batched,4912047,93434.9
abutting,3000,10.0,8,8,select_parts,4912047,104697.5
abutting,3000,10.0,8,8,select_tiles,4912047,96402.1
abutting,3000,10.0,8,32,count,4919097,308615.8
abutting,3000,10.0,8,32,count_ranges,4919097,5605.8
abutting,3000,10.0,8,32,select_batched,4919097,139541.9
abutting,3000,10.0,8,32,select_parts,4919097,150268.0
abutting,3000,10.0,8,32,select_tiles,4919097,151882.8
abutting,3000,10.0,8,100,count,4887570,937791.0
abutting,3000,10.0,8,100,count_ranges,4887570,11715.5
abutting,3000,10.0,8,100,select_batched,4887570,272282.4
abutting,3000,10.0,8,100,select_parts,4887570,282401.5
abutting,3000,10.0,8,100,select_tiles,4887570,277380.4
abutting,3000,10.0,9,1,count,1232430,7941.1
abutting,3000,10.0,9,1,count_ranges,1232430,824.7
abutting,3000,10.0,9,1,select_batched,1232430,28321.1
abutting,3000,10.0,9,1,select_parts,1232430,29759.8
abutting,3000,10.0,9,1,select_tiles,1232430,29436.8
abutting,3000,10.0,9,8,count,1228235,66532.5
abutting,3000,10.0,9,8,count_ranges,1228235,1456.1
abutting,3000,10.0,9,8,select_batched,1228235,48950.0
abutting,3000,10.0,9,8,select_parts,1228235,47095.8
abutting,3000,10.0,9,8,select_tiles,1228235,47452.0
abutting,3000,10.0,9,32,count,1227551,303619.6
abutting,3000,10.0,9,32,count_ranges,1227551,3211.5
abutting,3000,10.0,9,32,select_batched,1227551,69627.5
abutting,3000,10.0,9,32,select_parts,1227551,75626.4
abutting,3000,10.0,9,32,select_tiles,1227551,75053.4
abutting,3000,10.0,9,100,count,1198950,848982.4
abutting,3000,10.0,9,100,count_ranges,1198950,7586.1
abutting,3000,10.0,9,100,select_batched,1198950,148973.6
abutting,3000,10.0,9,100,select_parts,1198950,172700.9
abutting,3000,10.0,9,100,select_tiles,1198950,195350.7
abutting,3000,10.0,10,1,count,307278,9424.6
abutting,3000,10.0,10,1,count_ranges,307278,446.4
abutting,3000,10.0,10,1,select_batched,307278,12524.2
abutting,3000,10.0,10,1,select_parts,307278,12366.5
abutting,3000,10.0,10,1,select_tiles,307278,12409.5
abutting,3000,10.0,10,8,count,306444,68729.1
abutting,3000,10.0,10,8,count_ranges,306444,737.8
abutting,3000,10.0,10,8,select_batched,306444,30989.0
abutting,3000,10.0,10,8,select_parts,306444,25587.3
abutting,3000,10.0,10,8,select_tiles,306444,25972.1
abutting,3000,10.0,10,32,count,307741,253012.5
abutting,3000,10.0,10,32,count_ranges,307741,1821.0
abutting,3000,10.0,10,32,select_batched,307741,42362.9
abutting,3000,10.0,10,32,select_parts,307741,51945.1
abutting,3000,10.0,10,32,select_tiles,307741,52102.4
abutting,3000,10.0,10,100,count,301593,1023096.5
abutting,3000,10.0,10,100,count_ranges,301593,5836.5
abutting,3000,10.0,10,100,select_batched,301593,92194.3
abutting,3000,10.0,10,100,select_parts,301593,129750.1
abutting,3000,10.0,10,100,select_tiles,301593,117885.5
abutting,3000,10.0,11,1,count,76490,7820.6
abutting,3000,10.0,11,1,count_ranges,76490,175.8
abutting,3000,10.0,11,1,select_batched,76490,5377.6
abutting,3000,10.0,11,1,select_parts,76490,5175.6
abutting,3000,10.0,11,1,select_tiles,76490,5404.5
abutting,3000,10.0,11,8,count,76813,70646.4
abutting,3000,10.0,11,8,count_ranges,76813,456.3
abutting,3000,10.0,11,8,select_batched,76813,10125.2
abutting,3000,10.0,11,8,select_parts,76813,14350.1
abutting,3000,10.0,11,8,select_tiles,76813,14428.1
abutting,3000,10.0,11,32,count,76538,214666.0
abutting,3000,10.0,11,32,count_ranges,76538,1465.5
abutting,3000,10.0,11,32,select_batched,76538,20669.2
abutting,3000,10.0,11,32,select_parts,76538,28042.2
abutting,3000,10.0,11,32,select_tiles,76538,43271.4
abutting,3000,10.0,11,100,count,60220,316526.8
abutting,3000,10.0,11,100,count_ranges,60220,4707.9
abutting,3000,10.0,11,100,select_batched,60220,25336.1
abutting,3000,10.0,11,100,select_parts,60220,28030.8
abutting,3000,10.0,11,100,select_tiles,60220,60933.1
abutting,3000,10.0,12,1,count,19099,8468.0
abutting,3000,10.0,12,1,count_ranges,19099,126.5
abutting,3000,10.0,12,1,select_batched,19099,1159.6
abutting,3000,10.0,12,1,select_parts,19099,1610.0
abutting,3000,10.0,12,1,select_tiles,19099,1758.6
abutting,3000,10.0,12,8,count,19192,54030.3
abutting,3000,10.0,12,8,count_ranges,19192,439.3
abutting,3000,10.0,12,8,select_batched,19192,3326.0
abutting,3000,10.0,12,8,select_parts,19192,5993.8
abutting,3000,10.0,12,8,select_tiles,19192,7741.2
abutting,3000,10.0,12,32,count,19290,250893.2
abutting,3000,10.0,12,32,count_ranges,19290,1556.8
abutting,3000,10.0,12,32,select_batched,19290,10255.6
abutting,3000,10.0,12,32,select_parts,19290,10107.6
abutting,3000,10.0,12,32,select_tiles,19290,21237.2
abutting,3000,10.0,13,1,count,4788,8014.3
abutting,3000,10.0,13,1,count_ranges,4788,213.2
abutting,3000,10.0,13,1,select_batched,4788,492.0
abutting,3000,10.0,13,1,select_parts,4788,523.5
abutting,3000,10.0,13,1,select_tiles,4788,554.3
abutting,3000,10.0,13,8,count,4852,92975.9
abutting,3000,10.0,13,8,count_ranges,4852,453.8
abutting,3000,10.0,13,8,select_batched,4852,896.9
abutting,3000,10.0,13,8,select_parts,4852,921.7
abutting,3000,10.0,13,8,select_tiles,4852,2918.7
abutting,3000,10.0,14,1,count,1168,9993.5
abutting,3000,10.0,14,1,count_ranges,1168,180.3
abutting,3000,10.0,14,1,select_batched,1168,205.3
abutting,3000,10.0,14,1,select_parts,1168,161.5
abutting,3000,10.0,14,1,select_tiles,1168,163.9
abutting,3000,50.0,6,1,count,393142484,11465.0
abutting,3000,50.0,6,1,count_ranges,393142484,7820.2
abutting,3000,50.0,6,1,select_batched,393142484,2438891.9
abutting,3000,50.0,6,1,select_parts,393142484,2324997.0
abutting,3000,50.0,6,1,select_tiles,393142484,2273656.5
abutting,3000,50.0,6,8,count,393013020,71624.8
abutting,3000,50.0,6,8,count_ranges,393013020,31962.2
abutting,3000,50.0,6,8,select_batched,393013020,2380454.2
abutting,3000,50.0,6,8,select_parts,393013020,2279845.9
abutting,3000,50.0,6,8,select_tiles,393013020,2349684.2
abutting,3000,50.0,6,32,count,393251075,257150.3
abutting,3000,50.0,6,32,count_ranges,393251075,37634.9
abutting,3000,50.0,6,32,select_batched,393251075,2426952.1
abutting,3000,50.0,6,32,select_parts,393251075,2481308.7
abutting,3000,50.0,6,32,select_tiles,393251075,2554884.0
abutting,3000,50.0,6,100,count,393014032,889709.0
abutting,3000,50.0,6,100,count_ranges,393014032,44878.3
abutting,3000,50.0,6,100,select_batched,393014032,2525195.9
abutting,3000,50.0,6,100,select_parts,393014032,2680729.1
abutting,3000,50.0,6,100,select_tiles,393014032,2621352.6
abutting,3000,50.0,7,1,count,98534199,9343.0
abutting,3000,50.0,7,1,count_ranges,98534199,6328.9
abutting,3000,50.0,7,1,select_batched,98534199,614869.4
abutting,3000,50.0,7,1,select_parts,98534199,555219.8
abutting,3000,50.0,7,1,select_tiles,98534199,571740.5
abutting,3000,50.0,7,8,count,98279090,65991.2
abutting,3000,50.0,7,8,count_ranges,98279090,11385.8
abutting,3000,50.0,7,8,select_batched,98279090,676653.6
abutting,3000,50.0,7,8,select_parts,98279090,621992.3
abutting,3000,50.0,7,8,select_tiles,98279090,628708.0
abutting,3000,50.0,7,32,count,98304411,261787.1
abutting,3000,50.0,7,32,count_ranges,98304411,15041.1
abutting,3000,50.0,7,32,select_batched,98304411,675887.3
abutting,3000,50.0,7,32,select_parts,98304411,639675.0
abutting,3000,50.0,7,32,select_tiles,98304411,651899.9
abutting,3000,50.0,7,100,count,98261868,883360.6
abutting,3000,50.0,7,100,count_ranges,98261868,25337.2
abutting,3000,50.0,7,100,select_batched,98261868,836649.0
abutting,3000,50.0,7,100,select_parts,98261868,898797.7
abutting,3000,50.0,7,100,select_tiles,98261868,848535.9
abutting,3000,50.0,8,1,count,24582296,8545.4
abutting,3000,50.0,8,1,count_ranges,24582296,2175.5
abutting,3000,50.0,8,1,select_batched,24582296,190731.0
abutting,3000,50.0,8,1,select_parts,24582296,168045.4
abutting,3000,50.0,8,1,select_tiles,24582296,164099.2
abutting,3000,50.0,8,8,count,24561898,63522.6
abutting,3000,50.0,8,8,count_ranges,24561898,3523.5
abutting,3000,50.0,8,8,select_batched,24561898,188852.4
abutting,3000,50.0,8,8,select_parts,24561898,183495.9
abutting,3000,50.0,8,8,select_tiles,24561898,177786.7
abutting,3000,50.0,8,32,count,24582617,289359.4
abutting,3000,50.0,8,32,count_ranges,24582617,5408.3
abutting,3000,50.0,8,32,select_batched,24582617,224433.8
abutting,3000,50.0,8,32,select_parts,24582617,239987.5
abutting,3000,50.0,8,32,select_tiles,24582617,234098.5
abutting,3000,50.0,8,100,count,24446261,880699.3
abutting,3000,50.0,8,100,count_ranges,24446261,18121.2
abutting,3000,50.0,8,100,select_batched,24446261,437045.3
abutting,3000,50.0,8,100,select_parts,24446261,424900.3
abutting,3000,50.0,8,100,select_tiles,24446261,428152.6
abutting,3000,50.0,9,1,count,6160621,16668.9
abutting,3000,50.0,9,1,count_ranges,6160621,1527.3
abutting,3000,50.0,9,1,select_batched,6160621,58026.1
abutting,3000,50.0,9,1,select_parts,6160621,57842.3
abutting,3000,50.0,9,1,select_tiles,6160621,54666.8
abutting,3000,50.0,9,8,count,6142432,65321.9
abutting,3000,50.0,9,8,count_ranges,6142432,2525.8
abutting,3000,50.0,9,8,select_batched,6142432,65687.5
abutting,3000,50.0,9,8,select_parts,6142432,65445.6
abutting,3000,50.0,9,8,select_tiles,6142432,69725.9
abutting,3000,50.0,9,32,count,6144681,262103.8
abutting,3000,50.0,9,32,count_ranges,6144681,3081.2
abutting,3000,50.0,9,32,select_batched,6144681,123655.8
abutting,3000,50.0,9,32,select_parts,6144681,134161.1
abutting,3000,50.0,9,32,select_tiles,6144681,130828.1
abutting,3000,50.0,9,100,count,6000797,867537.0
abutting,3000,50.0,9,100,count_ranges,6000797,11408.7
abutting,3000,50.0,9,100,select_batched,6000797,261983.2
abutting,3000,50.0,9,100,select_parts,6000797,277807.9
abutting,3000,50.0,9,100,select_tiles,6000797,254300.7
abutting,3000,50.0,10,1,count,1535663,7664.4
abutting,3000,50.0,10,1,count_ranges,1535663,316.6
abutting,3000,50.0,10,1,select_batched,1535663,23656.0
abutting,3000,50.0,10,1,select_parts,1535663,22603.7
abutting,3000,50.0,10,1,select_tiles,1535663,22484.0
abutting,3000,50.0,10,8,count,1536266,61010.5
abutting,3000,50.0,10,8,count_ranges,1536266,760.3
abutting,3000,50.0,10,8,select_batched,1536266,42061.3
abutting,3000,50.0,10,8,select_parts,1536266,42515.0
abutting,3000,50.0,10,8,select_tiles,1536266,37941.7
abutting,3000,50.0,10,32,count,1535693,260350.5
abutting,3000,50.0,10,32,count_ranges,1535693,1630.4
abutting,3000,50.0,10,32,select_batched,1535693,76327.9
abutting,3000,50.0,10,32,select_parts,1535693,78743.4
abutting,3000,50.0,10,32,select_tiles,1535693,77205.9
abutting,3000,50.0,10,100,count,1499934,1019564.9
abutting,3000,50.0,10,100,count_ranges,1499934,5869.1
abutting,3000,50.0,10,100,select_batched,1499934,116052.9
abutting,3000,50.0,10,100,select_parts,1499934,184922.3
abutting,3000,50.0,10,100,select_tiles,1499934,159725.2
abutting,3000,50.0,11,1,count,383975,7872.2
abutting,3000,50.0,11,1,count_ranges,383975,245.9
abutting,3000,50.0,11,1,select_batched,383975,11772.2
abutting,3000,50.0,11,1,select_parts,383975,11708.4
abutting,3000,50.0,11,1,select_tiles,383975,11996.4
abutting,3000,50.0,11,8,count,384415,71597.2
abutting,3000,50.0,11,8,count_ranges,384415,460.9
abutting,3000,50.0,11,8,select_batched,384415,23815.3
abutting,3000,50.0,11,8,select_parts,384415,26027.1
abutting,3000,50.0,11,8,select_tiles,384415,26683.9
abutting,3000,50.0,11,32,count,383676,202685.1
abutting,3000,50.0,11,32,count_ranges,383676,1301.8
abutting,3000,50.0,11,32,select_batched,383676,38840.6
abutting,3000,50.0,11,32,select_parts,383676,53160.1
abutting,3000,50.0,11,32,select_tiles,383676,54892.2
abutting,3000,50.0,11,100,count,300117,344009.4
abutting,3000,50.0,11,100,count_ranges,300117,6702.3
abutting,3000,50.0,11,100,select_batched,300117,66483.5
abutting,3000,50.0,11,100,select_parts,300117,85112.7
abutting,3000,50.0,11,100,select_tiles,300117,108045.5
abutting,3000,50.0,12,1,count,95839,8514.2
abutting,3000,50.0,12,1,count_ranges,95839,153.2
abutting,3000,50.0,12,1,select_batched,95839,4268.4
abutting,3000,50.0,12,1,select_parts,95839,4435.7
abutting,3000,50.0,12,1,select_tiles,95839,5281.7
abutting,3000,50.0,12,8,count,96263,52772.1
abutting,3000,50.0,12,8,count_ranges,96263,763.7
abutting,3000,50.0,12,8,select_batched,96263,15913.9
abutting,3000,50.0,12,8,select_parts,96263,20125.6
abutting,3000,50.0,12,8,select_tiles,96263,16439.9
abutting,3000,50.0,12,32,count,96179,241866.5
abutting,3000,50.0,12,32,count_ranges,96179,1363.2
abutting,3000,50.0,12,32,select_batched,96179,31514.2
abutting,3000,50.0,12,32,select_parts,96179,30932.1
abutting,3000,50.0,12,32,select_tiles,96179,35879.7
abutting,3000,50.0,13,1,count,23781,7914.3
abutting,3000,50.0,13,1,count_ranges,23781,244.3
abutting,3000,50.0,13,1,select_batched,23781,1281.6
abutting,3000,50.0,13,1,select_parts,23781,1981.8
abutting,3000,50.0,13,1,select_tiles,23781,1968.5
abutting,3000,50.0,13,8,count,23855,95981.5
abutting,3000,50.0,13,8,count_ranges,23855,460.5
abutting,3000,50.0,13,8,select_batched,23855,5382.9
abutting,3000,50.0,13,8,select_parts,23855,8454.4
abutting,3000,50.0,13,8,select_tiles,23855,11784.3
abutting,3000,50.0,14,1,count,5897,10247.9
abutting,3000,50.0,14,1,count_ranges,5897,157.3
abutting,3000,50.0,14,1,select_batched,5897,531.0
abutting,3000,50.0,14,1,select_parts,5897,551.3
abutting,3000,50.0,14,1,select_tiles,5897,527.9
jittered,256,0.1,6,1,count,67459,22.8
jittered,256,0.1,6,1,count_ranges,67459,22.7
jittered,256,0.1,6,1,select_batched,67459,2182.8
jittered,256,0.1,6,1,select_parts,67459,1988.0
jittered,256,0.1,6,1,select_tiles,67459,3119.2
jittered,256,0.1,6,8,count,67265,195.9
jittered,256,0.1,6,8,count_ranges,67265,95.3
jittered,256,0.1,6,8,select_batched,67265,5248.3
jittered,256,0.1,6,8,select_parts,67265,5059.6
jittered,256,0.1,6,8,select_tiles,67265,5417.5
jittered,256,0.1,6,32,count,67453,924.4
jittered,256,0.1,6,32,count_ranges,67453,305.3
jittered,256,0.1,6,32,select_batched,67453,7903.4
jittered,256,0.1,6,32,select_parts,67453,8617.9
jittered,256,0.1,6,32,select_tiles,67453,8415.6
jittered,256,0.1,6,100,count,66909,3025.5
jittered,256,0.1,6,100,count_ranges,66909,760.4
jittered,256,0.1,6,100,select_batched,66909,11964.4
jittered,256,0.1,6,100,select_parts,66909,14870.1
jittered,256,0.1,6,100,select_tiles,66909,14072.3
jittered,256,0.1,7,1,count,16618,20.3
jittered,256,0.1,7,1,count_ranges,16618,49.0
jittered,256,0.1,7,1,select_batched,16618,907.5
jittered,256,0.1,7,1,select_parts,16618,803.2
jittered,256,0.1,7,1,select_tiles,16618,821.3
jittered,256,0.1,7,8,count,16817,174.7
jittered,256,0.1,7,8,count_ranges,16817,110.4
jittered,256,0.1,7,8,select_batched,16817,1221.2
jittered,256,0.1,7,8,select_parts,16817,1342.3
jittered,256,0.1,7,8,select_tiles,16817,1393.7
jittered,256,0.1,7,32,count,16996,774.8
jittered,256,0.1,7,32,count_ranges,16996,282.2
jittered,256,0.1,7,32,select_batched,16996,3010.6
jittered,256,0.1,7,32,select_parts,16996,4221.2
jittered,256,0.1,7,32,select_tiles,16996,4830.6
jittered,256,0.1,7,100,count,16586,2768.9
jittered,256,0.1,7,100,count_ranges,16586,623.3
jittered,256,0.1,7,100,select_batched,16586,3990.1
jittered,256,0.1,7,100,select_parts,16586,6710.3
jittered,256,0.1,7,100,select_tiles,16586,9216.5
jittered,256,0.1,8,1,count,4086,22.5
jittered,256,0.1,8,1,count_ranges,4086,10.4
jittered,256,0.1,8,1,select_batched,4086,179.1
jittered,256,0.1,8,1,select_parts,4086,155.6
jittered,256,0.1,8,1,select_tiles,4086,164.1
jittered,256,0.1,8,8,count,4118,225.6
jittered,256,0.1,8,8,count_ranges,4118,43.2
jittered,256,0.1,8,8,select_batched,4118,367.6
jittered,256,0.1,8,8,select_parts,4118,484.6
jittered,256,0.1,8,8,select_tiles,4118,542.2
jittered,256,0.1,8,32,count,4312,747.2
jittered,256,0.1,8,32,count_ranges,4312,164.3
jittered,256,0.1,8,32,select_batched,4312,571.5
jittered,256,0.1,8,32,select_parts,4312,890.8
jittered,256,0.1,8,32,select_tiles,4312,1593.6
jittered,256,0.1,8,100,count,4308,2620.5
jittered,256,0.1,8,100,count_ranges,4308,483.5
jittered,256,0.1,8,100,select_batched,4308,742.7
jittered,256,0.1,8,100,select_parts,4308,1141.7
jittered,256,0.1,8,100,select_tiles,4308,5391.1
jittered,256,0.1,9,1,count,1000,19.5
jittered,256,0.1,9,1,count_ranges,1000,30.7
jittered,256,0.1,9,1,select_batched,1000,57.5
jittered,256,0.1,9,1,select_parts,1000,67.7
jittered,256,0.1,9,1,select_tiles,1000,68.0
jittered,256,0.1,9,8,count,1031,168.3
jittered,256,0.1,9,8,count_ranges,1031,50.8
jittered,256,0.1,9,8,select_batched,1031,105.3
jittered,256,0.1,9,8,select_parts,1031,175.3
jittered,256,0.1,9,8,select_tiles,1031,343.6
jittered,256,0.1,9,32,count,1053,721.1
jittered,256,0.1,9,32,count_ranges,1053,181.9
jittered,256,0.1,9,32,select_batched,1053,122.3
jittered,256,0.1,9,32,select_parts,1053,224.2
jittered,256,0.1,9,32,select_tiles,1053,1236.3
jittered,256,0.1,9,100,count,1047,2649.4
jittered,256,0.1,9,100,count_ranges,1047,500.9
jittered,256,0.1,9,100,select_batched,1047,163.0
jittered,256,0.1,9,100,select_parts,1047,258.8
jittered,256,0.1,9,100,select_tiles,1047,3695.4
jittered,256,0.1,10,1,count,286,18.5
jittered,256,0.1,10,1,count_ranges,286,15.0
jittered,256,0.1,10,1,select_batched,286,30.3
jittered,256,0.1,10,1,select_parts,286,30.7
jittered,256,0.1,10,1,select_tiles,286,39.2
jittered,256,0.1,10,8,count,227,157.1
jittered,256,0.1,10,8,count_ranges,227,49.0
jittered,256,0.1,10,8,select_batched,227,52.6
jittered,256,0.1,10,8,select_parts,227,39.1
jittered,256,0.1,10,8,select_tiles,227,163.6
jittered,256,0.1,10,32,count,263,712.1
jittered,256,0.1,10,32,count_ranges,263,154.5
jittered,256,0.1,10,32,select_batched,263,45.0
jittered,256,0.1,10,32,select_parts,263,54.4
jittered,256,0.1,10,32,select_tiles,263,710.0
jittered,256,0.1,10,100,count,268,2672.2
jittered,256,0.1,10,100,count_ranges,268,498.7
jittered,256,0.1,10,100,select_batched,268,53.1
jittered,256,0.1,10,100,select_parts,268,72.2
jittered,256,0.1,10,100,select_tiles,268,2185.0
jittered,256,0.1,11,1,count,67,18.0
jittered,256,0.1,11,1,count_ranges,67,14.8
jittered,256,0.1,11,1,select_batched,67,14.0
jittered,256,0.1,11,1,select_parts,67,10.0
jittered,256,0.1,11,1,select_tiles,67,10.0
jittered,256,0.1,11,8,count,77,159.1
jittered,256,0.1,11,8,count_ranges,77,44.6
jittered,256,0.1,11,8,select_batched,77,17.2
jittered,256,0.1,11,8,select_parts,77,24.5
jittered,256,0.1,11,8,select_tiles,77,122.3
jittered,256,0.1,11,32,count,71,715.4
jittered,256,0.1,11,32,count_ranges,71,167.1
jittered,256,0.1,11,32,select_batched,71,18.5
jittered,256,0.1,11,32,select_parts,71,18.0
jittered,256,0.1,11,32,select_tiles,71,262.6
jittered,256,0.1,11,100,count,46,2624.4
jittered,256,0.1,11,100,count_ranges,46,645.3
jittered,256,0.1,11,100,select_batched,46,22.5
jittered,256,0.1,11,100,select_parts,46,25.0
jittered,256,0.1,11,100,select_tiles,46,553.3
jittered,256,0.1,12,1,count,27,18.3
jittered,256,0.1,12,1,count_ranges,27,14.6
jittered,256,0.1,12,1,select_batched,27,8.0
jittered,256,0.1,12,1,select_parts,27,4.6
jittered,256,0.1,12,1,select_tiles,27,4.6
jittered,256,0.1,12,8,count,14,174.0
jittered,256,0.1,12,8,count_ranges,14,43.6
jittered,256,0.1,12,8,select_batched,14,11.5
jittered,256,0.1,12,8,select_parts,14,6.3
jittered,256,0.1,12,8,select_tiles,14,20.8
jittered,256,0.1,12,32,count,17,728.2
jittered,256,0.1,12,32,count_ranges,17,150.4
jittered,256,0.1,12,32,select_batched,17,10.3
jittered,256,0.1,12,32,select_parts,17,7.3
jittered,256,0.1,12,32,select_tiles,17,72.0
jittered,256,0.1,13,1,count,2,18.5
jittered,256,0.1,13,1,count_ranges,2,34.6
jittered,256,0.1,13,1,select_batched,2,3.7
jittered,256,0.1,13,1,select_parts,2,0.6
jittered,256,0.1,13,1,select_tiles,2,0.7
jittered,256,0.1,13,8,count,2,174.9
jittered,256,0.1,13,8,count_ranges,2,87.9
jittered,256,0.1,13,8,select_batched,2,4.3
jittered,256,0.1,13,8,select_parts,2,2.6
jittered,256,0.1,13,8,select_tiles,2,6.2
jittered,256,0.1,14,1,count,1,17.3
jittered,256,0.1,14,1,count_ranges,1,18.8
jittered,256,0.1,14,1,select_batched,1,3.4
jittered,256,0.1,14,1,select_parts,1,0.7
jittered,256,0.1,14,1,select_tiles,1,0.6
jittered,256,1.0,6,1,count,670096,28.0
jittered,256,1.0,6,1,count_ranges,670096,34.7
jittered,256,1.0,6,1,select_batched,670096,23785.9
jittered,256,1.0,6,1,select_parts,670096,21116.7
jittered,256,1.0,6,1,select_tiles,670096,19975.9
jittered,256,1.0,6,8,count,670778,272.5
jittered,256,1.0,6,8,count_ranges,670778,181.1
jittered,256,1.0,6,8,select_batched,670778,27359.4
jittered,256,1.0,6,8,select_parts,670778,20081.3
jittered,256,1.0,6,8,select_tiles,670778,20068.6
jittered,256,1.0,6,32,count,673795,1130.7
jittered,256,1.0,6,32,count_ranges,673795,567.2
jittered,256,1.0,6,32,select_batched,673795,25256.3
jittered,256,1.0,6,32,select_parts,673795,23725.9
jittered,256,1.0,6,32,select_tiles,673795,23516.8
jittered,256,1.0,6,100,count,671752,4846.7
jittered,256,1.0,6,100,count_ranges,671752,2180.5
jittered,256,1.0,6,100,select_batched,671752,34650.7
jittered,256,1.0,6,100,select_parts,671752,39032.1
jittered,256,1.0,6,100,select_tiles,671752,37136.5
jittered,256,1.0,7,1,count,167819,30.9
jittered,256,1.0,7,1,count_ranges,167819,176.2
jittered,256,1.0,7,1,select_batched,167819,6322.4
jittered,256,1.0,7,1,select_parts,167819,5772.8
jittered,256,1.0,7,1,select_tiles,167819,6479.0
jittered,256,1.0,7,8,count,167597,248.1
jittered,256,1.0,7,8,count_ranges,167597,245.5
jittered,256,1.0,7,8,select_batched,167597,7540.5
jittered,256,1.0,7,8,select_parts,167597,9670.1
jittered,256,1.0,7,8,select_tiles,167597,9737.3
jittered,256,1.0,7,32,count,168280,1037.9
jittered,256,1.0,7,32,count_ranges,168280,532.2
jittered,256,1.0,7,32,select_batched,168280,10818.2
jittered,256,1.0,7,32,select_parts,168280,10766.4
jittered,256,1.0,7,32,select_tiles,168280,10901.4
jittered,256,1.0,7,100,count,166573,3826.2
jittered,256,1.0,7,100,count_ranges,166573,1551.4
jittered,256,1.0,7,100,select_batched,166573,21486.8
jittered,256,1.0,7,100,select_parts,166573,20406.5
jittered,256,1.0,7,100,select_tiles,166573,22856.3
jittered,256,1.0,8,1,count,41872,26.0
jittered,256,1.0,8,1,count_ranges,41872,16.8
jittered,256,1.0,8,1,select_batched,41872,1426.7
jittered,256,1.0,8,1,select_parts,41872,1139.0
jittered,256,1.0,8,1,select_tiles,41872,1600.5
jittered,256,1.0,8,8,count,41771,224.4
jittered,256,1.0,8,8,count_ranges,41771,109.7
jittered,256,1.0,8,8,select_batched,41771,1617.6
jittered,256,1.0,8,8,select_parts,41771,1894.4
jittered,256,1.0,8,8,select_tiles,41771,2107.2
jittered,256,1.0,8,32,count,42402,1075.9
jittered,256,1.0,8,32,count_ranges,42402,416.3
jittered,256,1.0,8,32,select_batched,42402,5774.7
jittered,256,1.0,8,32,select_parts,42402,6324.3
jittered,256,1.0,8,32,select_tiles,42402,6334.2
jittered,256,1.0,8,100,count,42303,3273.0
jittered,256,1.0,8,100,count_ranges,42303,1179.9
jittered,256,1.0,8,100,select_batched,42303,12724.2
jittered,256,1.0,8,100,select_parts,42303,17164.0
jittered,256,1.0,8,100,select_tiles,42303,13051.7
jittered,256,1.0,9,1,count,10464,33.5
jittered,256,1.0,9,1,count_ranges,10464,25.7
jittered,256,1.0,9,1,select_batched,10464,518.5
jittered,256,1.0,9,1,select_parts,10464,448.4
jittered,256,1.0,9,1,select_tiles,10464,472.8
jittered,256,1.0,9,8,count,10400,212.1
jittered,256,1.0,9,8,count_ranges,10400,109.5
jittered,256,1.0,9,8,select_batched,10400,1062.6
jittered,256,1.0,9,8,select_parts,10400,997.8
jittered,256,1.0,9,8,select_tiles,10400,1106.5
jittered,256,1.0,9,32,count,10625,1011.2
jittered,256,1.0,9,32,count_ranges,10625,453.4
jittered,256,1.0,9,32,select_batched,10625,1517.8
jittered,256,1.0,9,32,select_parts,10625,2464.6
jittered,256,1.0,9,32,select_tiles,10625,4058.3
jittered,256,1.0,9,100,count,10192,3276.7
jittered,256,1.0,9,100,count_ranges,10192,1135.8
jittered,256,1.0,9,100,select_batched,10192,2818.5
jittered,256,1.0,9,100,select_parts,10192,4894.1
jittered,256,1.0,9,100,select_tiles,10192,8319.8
jittered,256,1.0,10,1,count,2654,22.2
jittered,256,1.0,10,1,count_ranges,2654,19.9
jittered,256,1.0,10,1,select_batched,2654,142.5
jittered,256,1.0,10,1,select_parts,2654,178.0
jittered,256,1.0,10,1,select_tiles,2654,197.2
jittered,256,1.0,10,8,count,2571,206.1
jittered,256,1.0,10,8,count_ranges,2571,158.0
jittered,256,1.0,10,8,select_batched,2571,422.4
jittered,256,1.0,10,8,select_parts,2571,830.5
jittered,256,1.0,10,8,select_tiles,2571,1013.3
jittered,256,1.0,10,32,count,2645,921.0
jittered,256,1.0,10,32,count_ranges,2645,339.4
jittered,256,1.0,10,32,select_batched,2645,434.0
jittered,256,1.0,10,32,select_parts,2645,810.8
jittered,256,1.0,10,32,select_tiles,2645,2145.3
jittered,256,1.0,10,100,count,2562,3611.8
jittered,256,1.0,10,100,count_ranges,2562,1178.1
jittered,256,1.0,10,100,select_batched,2562,631.8
jittered,256,1.0,10,100,select_parts,2562,1000.8
jittered,256,1.0,10,100,select_tiles,2562,5810.7
jittered,256,1.0,11,1,count,612,23.5
jittered,256,1.0,11,1,count_ranges,612,18.6
jittered,256,1.0,11,1,select_batched,612,85.5
jittered,256,1.0,11,1,select_parts,612,91.2
jittered,256,1.0,11,1,select_tiles,612,70.4
jittered,256,1.0,11,8,count,666,253.9
jittered,256,1.0,11,8,count_ranges,666,153.1
jittered,256,1.0,11,8,select_batched,666,119.4
jittered,256,1.0,11,8,select_parts,666,198.3
jittered,256,1.0,11,8,select_tiles,666,501.1
jittered,256,1.0,11,32,count,653,903.5
jittered,256,1.0,11,32,count_ranges,653,674.4
jittered,256,1.0,11,32,select_batched,653,94.7
jittered,256,1.0,11,32,select_parts,653,142.1
jittered,256,1.0,11,32,select_tiles,653,1271.7
jittered,256,1.0,11,100,count,465,3185.5
jittered,256,1.0,11,100,count_ranges,465,1101.8
jittered,256,1.0,11,100,select_batched,465,116.0
jittered,256,1.0,11,100,select_parts,465,197.2
jittered,256,1.0,11,100,select_tiles,465,3680.0
jittered,256,1.0,12,1,count,185,33.0
jittered,256,1.0,12,1,count_ranges,185,21.4
jittered,256,1.0,12,1,select_batched,185,36.1
jittered,256,1.0,12,1,select_parts,185,29.0
jittered,256,1.0,12,1,select_tiles,185,26.2
jittered,256,1.0,12,8,count,165,249.5
jittered,256,1.0,12,8,count_ranges,165,143.5
jittered,256,1.0,12,8,select_batched,165,45.6
jittered,256,1.0,12,8,select_parts,165,51.6
jittered,256,1.0,12,8,select_tiles,165,221.3
jittered,256,1.0,12,32,count,159,943.1
jittered,256,1.0,12,32,count_ranges,159,373.5
jittered,256,1.0,12,32,select_batched,159,33.4
jittered,256,1.0,12,32,select_parts,159,37.0
jittered,256,1.0,12,32,select_tiles,159,549.3
jittered,256,1.0,13,1,count,46,23.8
jittered,256,1.0,13,1,count_ranges,46,41.5
jittered,256,1.0,13,1,select_batched,46,18.3
jittered,256,1.0,13,1,select_parts,46,11.4
jittered,256,1.0,13,1,select_tiles,46,10.0
jittered,256,1.0,13,8,count,48,260.0
jittered,256,1.0,13,8,count_ranges,48,155.0
jittered,256,1.0,13,8,select_batched,48,19.2
jittered,256,1.0,13,8,select_parts,48,14.8
jittered,256,1.0,13,8,select_tiles,48,74.3
jittered,256,1.0,14,1,count,9,22.6
jittered,256,1.0,14,1,count_ranges,9,38.1
jittered,256,1.0,14,1,select_batched,9,5.1
jittered,256,1.0,14,1,select_parts,9,1.9
jittered,256,1.0,14,1,select_tiles,9,1.9
jittered,256,10.0,6,1,count,6707902,728.4
jittered,256,10.0,6,1,count_ranges,6707902,683.0
jittered,256,10.0,6,1,select_batched,6707902,98015.9
jittered,256,10.0,6,1,select_parts,6707902,98481.8
jittered,256,10.0,6,1,select_tiles,6707902,99265.5
jittered,256,10.0,6,8,count,6704584,6278.8
jittered,256,10.0,6,8,count_ranges,6704584,4114.4
jittered,256,10.0,6,8,select_batched,6704584,106805.7
jittered,256,10.0,6,8,select_parts,6704584,107757.0
jittered,256,10.0,6,8,select_tiles,6704584,109639.1
jittered,256,10.0,6,32,count,6709636,23237.9
jittered,256,10.0,6,32,count_ranges,6709636,5291.8
jittered,256,10.0,6,32,select_batched,6709636,118549.5
jittered,256,10.0,6,32,select_parts,6709636,116957.8
jittered,256,10.0,6,32,select_tiles,6709636,105826.4
jittered,256,10.0,6,100,count,6703498,73556.2
jittered,256,10.0,6,100,count_ranges,6703498,8555.7
jittered,256,10.0,6,100,select_batched,6703498,123536.8
jittered,256,10.0,6,100,select_parts,6703498,117063.9
jittered,256,10.0,6,100,select_tiles,6703498,120513.5
jittered,256,10.0,7,1,count,1678616,706.0
jittered,256,10.0,7,1,count_ranges,1678616,889.5
jittered,256,10.0,7,1,select_batched,1678616,30957.6
jittered,256,10.0,7,1,select_parts,1678616,25015.9
jittered,256,10.0,7,1,select_tiles,1678616,25363.5
jittered,256,10.0,7,8,count,1675462,5771.3
jittered,256,10.0,7,8,count_ranges,1675462,1451.8
jittered,256,10.0,7,8,select_batched,1675462,36710.2
jittered,256,10.0,7,8,select_parts,1675462,28963.6
jittered,256,10.0,7,8,select_tiles,1675462,27590.1
jittered,256,10.0,7,32,count,1679345,22297.6
jittered,256,10.0,7,32,count_ranges,1679345,2961.8
jittered,256,10.0,7,32,select_batched,1679345,29503.4
jittered,256,10.0,7,32,select_parts,1679345,29235.7
jittered,256,10.0,7,32,select_tiles,1679345,29134.5
jittered,256,10.0,7,100,count,1676022,70080.1
jittered,256,10.0,7,100,count_ranges,1676022,4341.9
jittered,256,10.0,7,100,select_batched,1676022,51764.6
jittered,256,10.0,7,100,select_parts,1676022,50782.8
jittered,256,10.0,7,100,select_tiles,1676022,50953.4
jittered,256,10.0,8,1,count,418647,1325.0
jittered,256,10.0,8,1,count_ranges,418647,492.2
jittered,256,10.0,8,1,select_batched,418647,9089.4
jittered,256,10.0,8,1,select_parts,418647,8677.5
jittered,256,10.0,8,1,select_tiles,418647,8677.9
jittered,256,10.0,8,8,count,419278,5551.9
jittered,256,10.0,8,8,count_ranges,419278,463.9
jittered,256,10.0,8,8,select_batched,419278,9134.2
jittered,256,10.0,8,8,select_parts,419278,9210.8
jittered,256,10.0,8,8,select_tiles,419278,8805.9
jittered,256,10.0,8,32,count,419073,22450.2
jittered,256,10.0,8,32,count_ranges,419073,783.9
jittered,256,10.0,8,32,select_batched,419073,14136.2
jittered,256,10.0,8,32,select_parts,419073,16349.0
jittered,256,10.0,8,32,select_tiles,419073,14020.4
jittered,256,10.0,8,100,count,416929,69903.9
jittered,256,10.0,8,100,count_ranges,416929,1856.3
jittered,256,10.0,8,100,select_batched,416929,22171.2
jittered,256,10.0,8,100,select_parts,416929,27204.2
jittered,256,10.0,8,100,select_tiles,416929,28774.9
jittered,256,10.0,9,1,count,104536,1370.0
jittered,256,10.0,9,1,count_ranges,104536,294.5
jittered,256,10.0,9,1,select_batched,104536,2931.0
jittered,256,10.0,9,1,select_parts,104536,2965.3
jittered,256,10.0,9,1,select_tiles,104536,3028.8
jittered,256,10.0,9,8,count,104887,6216.9
jittered,256,10.0,9,8,count_ranges,104887,483.1
jittered,256,10.0,9,8,select_batched,104887,3629.6
jittered,256,10.0,9,8,select_parts,104887,4064.7
jittered,256,10.0,9,8,select_tiles,104887,4056.8
jittered,256,10.0,9,32,count,105248,22101.3
jittered,256,10.0,9,32,count_ranges,105248,727.3
jittered,256,10.0,9,32,select_batched,105248,7660.6
jittered,256,10.0,9,32,select_parts,105248,8135.3
jittered,256,10.0,9,32,select_tiles,105248,8979.1
jittered,256,10.0,9,100,count,102348,68719.1
jittered,256,10.0,9,100,count_ranges,102348,1500.0
jittered,256,10.0,9,100,select_batched,102348,14410.4
jittered,256,10.0,9,100,select_parts,102348,21245.6
jittered,256,10.0,9,100,select_tiles,102348,19561.8
jittered,256,10.0,10,1,count,26232,1229.7
jittered,256,10.0,10,1,count_ranges,26232,149.2
jittered,256,10.0,10,1,select_batched,26232,1145.6
jittered,256,10.0,10,1,select_parts,26232,1173.8
jittered,256,10.0,10,1,select_tiles,26232,1237.8
jittered,256,10.0,10,8,count,25930,5855.5
jittered,256,10.0,10,8,count_ranges,25930,261.1
jittered,256,10.0,10,8,select_batched,25930,1695.3
jittered,256,10.0,10,8,select_parts,25930,1840.9
jittered,256,10.0,10,8,select_tiles,25930,2244.1
jittered,256,10.0,10,32,count,26398,22343.9
jittered,256,10.0,10,32,count_ranges,26398,883.2
jittered,256,10.0,10,32,select_batched,26398,4671.0
jittered,256,10.0,10,32,select_parts,26398,5571.2
jittered,256,10.0,10,32,select_tiles,26398,5869.0
jittered,256,10.0,10,100,count,25771,89287.4
jittered,256,10.0,10,100,count_ranges,25771,3770.3
jittered,256,10.0,10,100,select_batched,25771,9295.2
jittered,256,10.0,10,100,select_parts,25771,15477.3
jittered,256,10.0,10,100,select_tiles,25771,18274.4
jittered,256,10.0,11,1,count,6520,1382.6
jittered,256,10.0,11,1,count_ranges,6520,129.8
jittered,256,10.0,11,1,select_batched,6520,400.2
jittered,256,10.0,11,1,select_parts,6520,394.7
jittered,256,10.0,11,1,select_tiles,6520,428.6
jittered,256,10.0,11,8,count,6571,5873.2
jittered,256,10.0,11,8,count_ranges,6571,268.3
jittered,256,10.0,11,8,select_batched,6571,503.9
jittered,256,10.0,11,8,select_parts,6571,652.8
jittered,256,10.0,11,8,select_tiles,6571,656.5
jittered,256,10.0,11,32,count,6423,25280.4
jittered,256,10.0,11,32,count_ranges,6423,922.3
jittered,256,10.0,11,32,select_batched,6423,956.6
jittered,256,10.0,11,32,select_parts,6423,1419.1
jittered,256,10.0,11,32,select_tiles,6423,2928.5
jittered,256,10.0,11,100,count,5008,68580.5
jittered,256,10.0,11,100,count_ranges,5008,1263.9
jittered,256,10.0,11,100,select_batched,5008,972.3
jittered,256,10.0,11,100,select_parts,5008,1686.1
jittered,256,10.0,11,100,select_tiles,5008,7528.4
jittered,256,10.0,12,1,count,1680,1348.5
jittered,256,10.0,12,1,count_ranges,1680,76.6
jittered,256,10.0,12,1,select_batched,1680,118.7
jittered,256,10.0,12,1,select_parts,1680,181.0
jittered,256,10.0,12,1,select_tiles,1680,175.9
jittered,256,10.0,12,8,count,1665,5874.4
jittered,256,10.0,12,8,count_ranges,1665,232.7
jittered,256,10.0,12,8,select_batched,1665,166.6
jittered,256,10.0,12,8,select_parts,1665,521.8
jittered,256,10.0,12,8,select_tiles,1665,679.9
jittered,256,10.0,12,32,count,1696,43914.2
jittered,256,10.0,12,32,count_ranges,1696,810.8
jittered,256,10.0,12,32,select_batched,1696,412.3
jittered,256,10.0,12,32,select_parts,1696,649.6
jittered,256,10.0,12,32,select_tiles,1696,1987.2
jittered,256,10.0,13,1,count,390,1349.3
jittered,256,10.0,13,1,count_ranges,390,178.8
jittered,256,10.0,13,1,select_batched,390,55.1
jittered,256,10.0,13,1,select_parts,390,71.4
jittered,256,10.0,13,1,select_tiles,390,62.6
jittered,256,10.0,13,8,count,413,6817.7
jittered,256,10.0,13,8,count_ranges,413,307.3
jittered,256,10.0,13,8,select_batched,413,49.2
jittered,256,10.0,13,8,select_parts,413,65.7
jittered,256,10.0,13,8,select_tiles,413,226.8
jittered,256,10.0,14,1,count,87,1367.2
jittered,256,10.0,14,1,count_ranges,87,131.6
jittered,256,10.0,14,1,select_batched,87,23.4
jittered,256,10.0,14,1,select_parts,87,20.7
jittered,256,10.0,14,1,select_tiles,87,21.1
jittered,256,50.0,6,1,count,33547686,1174.6
jittered,256,50.0,6,1,count_ranges,33547686,628.1
jittered,256,50.0,6,1,select_batched,33547686,205898.4
jittered,256,50.0,6,1,select_parts,33547686,198476.0
jittered,256,50.0,6,1,select_tiles,33547686,192535.6
jittered,256,50.0,6,8,count,33553440,6469.4
jittered,256,50.0,6,8,count_ranges,33553440,3678.7
jittered,256,50.0,6,8,select_batched,33553440,241239.1
jittered,256,50.0,6,8,select_parts,33553440,196704.1
jittered,256,50.0,6,8,select_tiles,33553440,209437.5
jittered,256,50.0,6,32,count,33553173,23530.4
jittered,256,50.0,6,32,count_ranges,33553173,8155.2
jittered,256,50.0,6,32,select_batched,33553173,214003.4
jittered,256,50.0,6,32,select_parts,33553173,217718.3
jittered,256,50.0,6,32,select_tiles,33553173,224686.7
jittered,256,50.0,6,100,count,33549058,110332.6
jittered,256,50.0,6,100,count_ranges,33549058,8729.5
jittered,256,50.0,6,100,select_batched,33549058,228606.9
jittered,256,50.0,6,100,select_parts,33549058,228414.5
jittered,256,50.0,6,100,select_tiles,33549058,231520.9
jittered,256,50.0,7,1,count,8392494,1206.5
jittered,256,50.0,7,1,count_ranges,8392494,1881.7
jittered,256,50.0,7,1,select_batched,8392494,52708.4
jittered,256,50.0,7,1,select_parts,8392494,50929.6
jittered,256,50.0,7,1,select_tiles,8392494,53740.5
jittered,256,50.0,7,8,count,8387907,7343.2
jittered,256,50.0,7,8,count_ranges,8387907,2371.6
jittered,256,50.0,7,8,select_batched,8387907,54432.9
jittered,256,50.0,7,8,select_parts,8387907,52199.7
jittered,256,50.0,7,8,select_tiles,8387907,59161.3
jittered,256,50.0,7,32,count,8390944,22520.8
jittered,256,50.0,7,32,count_ranges,8390944,3214.3
jittered,256,50.0,7,32,select_batched,8390944,60582.5
jittered,256,50.0,7,32,select_parts,8390944,55561.1
jittered,256,50.0,7,32,select_tiles,8390944,61027.9
jittered,256,50.0,7,100,count,8385916,70452.8
jittered,256,50.0,7,100,count_ranges,8385916,4812.4
jittered,256,50.0,7,100,select_batched,8385916,78575.9
jittered,256,50.0,7,100,select_parts,8385916,83201.2
jittered,256,50.0,7,100,select_tiles,8385916,79217.8
jittered,256,50.0,8,1,count,2094813,653.3
jittered,256,50.0,8,1,count_ranges,2094813,241.9
jittered,256,50.0,8,1,select_batched,2094813,14345.9
jittered,256,50.0,8,1,select_parts,2094813,13691.5
jittered,256,50.0,8,1,select_tiles,2094813,13842.3
jittered,256,50.0,8,8,count,2095783,6206.5
jittered,256,50.0,8,8,count_ranges,2095783,452.9
jittered,256,50.0,8,8,select_batched,2095783,16222.5
jittered,256,50.0,8,8,select_parts,2095783,15744.4
jittered,256,50.0,8,8,select_tiles,2095783,16012.2
jittered,256,50.0,8,32,count,2097727,26461.2
jittered,256,50.0,8,32,count_ranges,2097727,1225.3
jittered,256,50.0,8,32,select_batched,2097727,22751.5
jittered,256,50.0,8,32,select_parts,2097727,24776.3
jittered,256,50.0,8,32,select_tiles,2097727,24272.3
jittered,256,50.0,8,100,count,2085505,86141.2
jittered,256,50.0,8,100,count_ranges,2085505,1766.6
jittered,256,50.0,8,100,select_batched,2085505,36144.5
jittered,256,50.0,8,100,select_parts,2085505,39849.8
jittered,256,50.0,8,100,select_tiles,2085505,41688.1
jittered,256,50.0,9,1,count,524098,672.8
jittered,256,50.0,9,1,count_ranges,524098,203.4
jittered,256,50.0,9,1,select_batched,524098,4646.6
jittered,256,50.0,9,1,select_parts,524098,4521.6
jittered,256,50.0,9,1,select_tiles,524098,4581.3
jittered,256,50.0,9,8,count,524723,5386.7
jittered,256,50.0,9,8,count_ranges,524723,596.0
jittered,256,50.0,9,8,select_batched,524723,6386.5
jittered,256,50.0,9,8,select_parts,524723,5935.4
jittered,256,50.0,9,8,select_tiles,524723,6139.5
jittered,256,50.0,9,32,count,525303,21542.4
jittered,256,50.0,9,32,count_ranges,525303,707.8
jittered,256,50.0,9,32,select_batched,525303,11946.8
jittered,256,50.0,9,32,select_parts,525303,12051.3
jittered,256,50.0,9,32,select_tiles,525303,13042.0
jittered,256,50.0,9,100,count,513334,74237.8
jittered,256,50.0,9,100,count_ranges,513334,2120.8
jittered,256,50.0,9,100,select_batched,513334,21776.4
jittered,256,50.0,9,100,select_parts,513334,24387.8
jittered,256,50.0,9,100,select_tiles,513334,24870.5
jittered,256,50.0,10,1,count,131410,604.0
jittered,256,50.0,10,1,count_ranges,131410,85.1
jittered,256,50.0,10,1,select_batched,131410,1904.3
jittered,256,50.0,10,1,select_parts,131410,1818.9
jittered,256,50.0,10,1,select_tiles,131410,1850.7
jittered,256,50.0,10,8,count,130682,5576.0
jittered,256,50.0,10,8,count_ranges,130682,212.5
jittered,256,50.0,10,8,select_batched,130682,2668.9
jittered,256,50.0,10,8,select_parts,130682,2736.8
jittered,256,50.0,10,8,select_tiles,130682,3099.5
jittered,256,50.0,10,32,count,130931,21945.3
jittered,256,50.0,10,32,count_ranges,130931,739.2
jittered,256,50.0,10,32,select_batched,130931,6413.8
jittered,256,50.0,10,32,select_parts,130931,6962.7
jittered,256,50.0,10,32,select_tiles,130931,7104.8
jittered,256,50.0,10,100,count,128062,80773.3
jittered,256,50.0,10,100,count_ranges,128062,2152.5
jittered,256,50.0,10,100,select_batched,128062,14990.3
jittered,256,50.0,10,100,select_parts,128062,24822.0
jittered,256,50.0,10,100,select_tiles,128062,25038.7
jittered,256,50.0,11,1,count,32690,672.7
jittered,256,50.0,11,1,count_ranges,32690,76.3
jittered,256,50.0,11,1,select_batched,32690,962.8
jittered,256,50.0,11,1,select_parts,32690,827.3
jittered,256,50.0,11,1,select_tiles,32690,847.0
jittered,256,50.0,11,8,count,32723,5209.3
jittered,256,50.0,11,8,count_ranges,32723,237.6
jittered,256,50.0,11,8,select_batched,32723,1262.3
jittered,256,50.0,11,8,select_parts,32723,1362.9
jittered,256,50.0,11,8,select_tiles,32723,1400.9
jittered,256,50.0,11,32,count,32576,22009.5
jittered,256,50.0,11,32,count_ranges,32576,559.0
jittered,256,50.0,11,32,select_batched,32576,4736.1
jittered,256,50.0,11,32,select_parts,32576,5637.8
jittered,256,50.0,11,32,select_tiles,32576,5943.2
jittered,256,50.0,11,100,count,25540,87588.3
jittered,256,50.0,11,100,count_ranges,25540,1195.8
jittered,256,50.0,11,100,select_batched,25540,10561.4
jittered,256,50.0,11,100,select_parts,25540,10598.5
jittered,256,50.0,11,100,select_tiles,25540,11646.3
jittered,256,50.0,12,1,count,8303,665.0
jittered,256,50.0,12,1,count_ranges,8303,58.4
jittered,256,50.0,12,1,select_batched,8303,309.3
jittered,256,50.0,12,1,select_parts,8303,314.8
jittered,256,50.0,12,1,select_tiles,8303,292.2
jittered,256,50.0,12,8,count,8095,5348.3
jittered,256,50.0,12,8,count_ranges,8095,136.5
jittered,256,50.0,12,8,select_batched,8095,528.9
jittered,256,50.0,12,8,select_parts,8095,640.9
jittered,256,50.0,12,8,select_tiles,8095,670.6
jittered,256,50.0,12,32,count,8170,21577.7
jittered,256,50.0,12,32,count_ranges,8170,510.0
jittered,256,50.0,12,32,select_batched,8170,1268.8
jittered,256,50.0,12,32,select_parts,8170,1391.2
jittered,256,50.0,12,32,select_tiles,8170,2265.3
jittered,256,50.0,13,1,count,2069,649.1
jittered,256,50.0,13,1,count_ranges,2069,133.4
jittered,256,50.0,13,1,select_batched,2069,85.6
jittered,256,50.0,13,1,select_parts,2069,126.4
jittered,256,50.0,13,1,select_tiles,2069,127.4
jittered,256,50.0,13,8,count,2027,5240.3
jittered,256,50.0,13,8,count_ranges,2027,210.5
jittered,256,50.0,13,8,select_batched,2027,219.6
jittered,256,50.0,13,8,select_parts,2027,326.9
jittered,256,50.0,13,8,select_tiles,2027,370.3
jittered,256,50.0,14,1,count,491,675.6
jittered,256,50.0,14,1,count_ranges,491,93.9
jittered,256,50.0,14,1,select_batched,491,37.0
jittered,256,50.0,14,1,select_parts,491,41.9
jittered,256,50.0,14,1,select_tiles,491,41.2
jittered,3000,0.1,6,1,count,785518,327.8
jittered,3000,0.1,6,1,count_ranges,785518,192.0
jittered,3000,0.1,6,1,select_batched,785518,41976.8
jittered,3000,0.1,6,1,select_parts,785518,40543.6
jittered,3000,0.1,6,1,select_tiles,785518,40829.8
jittered,3000,0.1,6,8,count,787963,2886.0
jittered,3000,0.1,6,8,count_ranges,787963,1157.7
jittered,3000,0.1,6,8,select_batched,787963,72604.6
jittered,3000,0.1,6,8,select_parts,787963,58101.6
jittered,3000,0.1,6,8,select_tiles,787963,58778.9
jittered,3000,0.1,6,32,count,785821,9877.7
jittered,3000,0.1,6,32,count_ranges,785821,3979.4
jittered,3000,0.1,6,32,select_batched,785821,103021.1
jittered,3000,0.1,6,32,select_parts,785821,93152.4
jittered,3000,0.1,6,32,select_tiles,785821,99363.2
jittered,3000,0.1,6,100,count,784547,34574.0
jittered,3000,0.1,6,100,count_ranges,784547,8730.0
jittered,3000,0.1,6,100,select_batched,784547,166602.5
jittered,3000,0.1,6,100,select_parts,784547,178740.4
jittered,3000,0.1,6,100,select_tiles,784547,184588.5
jittered,3000,0.1,7,1,count,196065,269.4
jittered,3000,0.1,7,1,count_ranges,196065,236.7
jittered,3000,0.1,7,1,select_batched,196065,18474.0
jittered,3000,0.1,7,1,select_parts,196065,18029.4
jittered,3000,0.1,7,1,select_tiles,196065,17997.6
jittered,3000,0.1,7,8,count,197286,2361.9
jittered,3000,0.1,7,8,count_ranges,197286,913.9
jittered,3000,0.1,7,8,select_batched,197286,33650.2
jittered,3000,0.1,7,8,select_parts,197286,32756.8
jittered,3000,0.1,7,8,select_tiles,197286,44068.7
jittered,3000,0.1,7,32,count,196451,9505.4
jittered,3000,0.1,7,32,count_ranges,196451,2659.8
jittered,3000,0.1,7,32,select_batched,196451,61962.5
jittered,3000,0.1,7,32,select_parts,196451,51027.9
jittered,3000,0.1,7,32,select_tiles,196451,58199.0
jittered,3000,0.1,7,100,count,196616,32246.6
jittered,3000,0.1,7,100,count_ranges,196616,7074.9
jittered,3000,0.1,7,100,select_batched,196616,86563.2
jittered,3000,0.1,7,100,select_parts,196616,86248.4
jittered,3000,0.1,7,100,select_tiles,196616,107510.0
jittered,3000,0.1,8,1,count,48664,258.1
jittered,3000,0.1,8,1,count_ranges,48664,103.5
jittered,3000,0.1,8,1,select_batched,48664,4202.3
jittered,3000,0.1,8,1,select_parts,48664,4753.7
jittered,3000,0.1,8,1,select_tiles,48664,4793.7
jittered,3000,0.1,8,8,count,49179,2193.5
jittered,3000,0.1,8,8,count_ranges,49179,602.6
jittered,3000,0.1,8,8,select_batched,49179,12304.4
jittered,3000,0.1,8,8,select_parts,49179,13370.3
jittered,3000,0.1,8,8,select_tiles,49179,13906.0
jittered,3000,0.1,8,32,count,49104,9010.2
jittered,3000,0.1,8,32,count_ranges,49104,2213.3
jittered,3000,0.1,8,32,select_batched,49104,19281.5
jittered,3000,0.1,8,32,select_parts,49104,22798.1
jittered,3000,0.1,8,32,select_tiles,49104,30452.3
jittered,3000,0.1,8,100,count,48385,36363.0
jittered,3000,0.1,8,100,count_ranges,48385,6193.4
jittered,3000,0.1,8,100,select_batched,48385,29455.0
jittered,3000,0.1,8,100,select_parts,48385,29642.0
jittered,3000,0.1,8,100,select_tiles,48385,70853.6
jittered,3000,0.1,9,1,count,12573,253.3
jittered,3000,0.1,9,1,count_ranges,12573,118.9
jittered,3000,0.1,9,1,select_batched,12573,1102.6
jittered,3000,0.1,9,1,select_parts,12573,1292.7
jittered,3000,0.1,9,1,select_tiles,12573,1389.6
jittered,3000,0.1,9,8,count,12418,2016.1
jittered,3000,0.1,9,8,count_ranges,12418,825.9
jittered,3000,0.1,9,8,select_batched,12418,3721.5
jittered,3000,0.1,9,8,select_parts,12418,4807.1
jittered,3000,0.1,9,8,select_tiles,12418,6884.6
jittered,3000,0.1,9,32,count,12372,8636.8
jittered,3000,0.1,9,32,count_ranges,12372,1818.5
jittered,3000,0.1,9,32,select_batched,12372,3141.8
jittered,3000,0.1,9,32,select_parts,12372,4725.9
jittered,3000,0.1,9,32,select_tiles,12372,17129.8
jittered,3000,0.1,9,100,count,12037,31253.2
jittered,3000,0.1,9,100,count_ranges,12037,6004.9
jittered,3000,0.1,9,100,select_batched,12037,7048.7
jittered,3000,0.1,9,100,select_parts,12037,8920.1
jittered,3000,0.1,9,100,select_tiles,12037,46185.2
jittered,3000,0.1,10,1,count,3044,228.2
jittered,3000,0.1,10,1,count_ranges,3044,68.4
jittered,3000,0.1,10,1,select_batched,3044,460.2
jittered,3000,0.1,10,1,select_parts,3044,393.0
jittered,3000,0.1,10,1,select_tiles,3044,384.7
jittered,3000,0.1,10,8,count,3055,1999.9
jittered,3000,0.1,10,8,count_ranges,3055,469.5
jittered,3000,0.1,10,8,select_batched,3055,952.8
jittered,3000,0.1,10,8,select_parts,3055,811.4
jittered,3000,0.1,10,8,select_tiles,3055,3388.0
jittered,3000,0.1,10,32,count,3018,8552.2
jittered,3000,0.1,10,32,count_ranges,3018,1720.5
jittered,3000,0.1,10,32,select_batched,3018,753.6
jittered,3000,0.1,10,32,select_parts,3018,784.1
jittered,3000,0.1,10,32,select_tiles,3018,8954.2
jittered,3000,0.1,10,100,count,2995,31710.1
jittered,3000,0.1,10,100,count_ranges,2995,5908.5
jittered,3000,0.1,10,100,select_batched,2995,1182.6
jittered,3000,0.1,10,100,select_parts,2995,1461.1
jittered,3000,0.1,10,100,select_tiles,2995,31344.6
jittered,3000,0.1,11,1,count,784,226.2
jittered,3000,0.1,11,1,count_ranges,784,59.2
jittered,3000,0.1,11,1,select_batched,784,149.3
jittered,3000,0.1,11,1,select_parts,784,120.2
jittered,3000,0.1,11,1,select_tiles,784,122.1
jittered,3000,0.1,11,8,count,755,1915.7
jittered,3000,0.1,11,8,count_ranges,755,451.0
jittered,3000,0.1,11,8,select_batched,755,172.8
jittered,3000,0.1,11,8,select_parts,755,146.3
jittered,3000,0.1,11,8,select_tiles,755,769.8
jittered,3000,0.1,11,32,count,811,8394.2
jittered,3000,0.1,11,32,count_ranges,811,1520.4
jittered,3000,0.1,11,32,select_batched,811,244.8
jittered,3000,0.1,11,32,select_parts,811,213.7
jittered,3000,0.1,11,32,select_tiles,811,3061.2
jittered,3000,0.1,11,100,count,630,33411.9
jittered,3000,0.1,11,100,count_ranges,630,5533.7
jittered,3000,0.1,11,100,select_batched,630,515.2
jittered,3000,0.1,11,100,select_parts,630,546.6
jittered,3000,0.1,11,100,select_tiles,630,9939.4
jittered,3000,0.1,12,1,count,168,222.7
jittered,3000,0.1,12,1,count_ranges,168,55.1
jittered,3000,0.1,12,1,select_batched,168,62.7
jittered,3000,0.1,12,1,select_parts,168,48.0
jittered,3000,0.1,12,1,select_tiles,168,48.4
jittered,3000,0.1,12,8,count,196,1943.5
jittered,3000,0.1,12,8,count_ranges,196,485.8
jittered,3000,0.1,12,8,select_batched,196,76.4
jittered,3000,0.1,12,8,select_parts,196,47.3
jittered,3000,0.1,12,8,select_tiles,196,224.7
jittered,3000,0.1,12,32,count,184,8604.1
jittered,3000,0.1,12,32,count_ranges,184,1667.0
jittered,3000,0.1,12,32,select_batched,184,134.3
jittered,3000,0.1,12,32,select_parts,184,80.3
jittered,3000,0.1,12,32,select_tiles,184,880.6
jittered,3000,0.1,13,1,count,40,230.6
jittered,3000,0.1,13,1,count_ranges,40,82.5
jittered,3000,0.1,13,1,select_batched,40,44.3
jittered,3000,0.1,13,1,select_parts,40,10.1
jittered,3000,0.1,13,1,select_tiles,40,9.7
jittered,3000,0.1,13,8,count,36,1953.7
jittered,3000,0.1,13,8,count_ranges,36,411.8
jittered,3000,0.1,13,8,select_batched,36,50.9
jittered,3000,0.1,13,8,select_parts,36,17.6
jittered,3000,0.1,13,8,select_tiles,36,50.3
jittered,3000,0.1,14,1,count,15,213.8
jittered,3000,0.1,14,1,count_ranges,15,61.2
jittered,3000,0.1,14,1,select_batched,15,62.2
jittered,3000,0.1,14,1,select_parts,15,6.2
jittered,3000,0.1,14,1,select_tiles,15,5.5
jittered,3000,1.0,6,1,count,7861631,666.1
jittered,3000,1.0,6,1,count_ranges,7861631,524.1
jittered,3000,1.0,6,1,select_batched,7861631,272940.4
jittered,3000,1.0,6,1,select_parts,7861631,209765.7
jittered,3000,1.0,6,1,select_tiles,7861631,218097.1
jittered,3000,1.0,6,8,count,7860126,5697.8
jittered,3000,1.0,6,8,count_ranges,7860126,3961.2
jittered,3000,1.0,6,8,select_batched,7860126,245856.3
jittered,3000,1.0,6,8,select_parts,7860126,250841.8
jittered,3000,1.0,6,8,select_tiles,7860126,234720.9
jittered,3000,1.0,6,32,count,7865726,16517.4
jittered,3000,1.0,6,32,count_ranges,7865726,8786.5
jittered,3000,1.0,6,32,select_batched,7865726,322161.1
jittered,3000,1.0,6,32,select_parts,7865726,281909.9
jittered,3000,1.0,6,32,select_tiles,7865726,308151.1
jittered,3000,1.0,6,100,count,7863184,46831.6
jittered,3000,1.0,6,100,count_ranges,7863184,21542.0
jittered,3000,1.0,6,100,select_batched,7863184,428816.4
jittered,3000,1.0,6,100,select_parts,7863184,415991.1
jittered,3000,1.0,6,100,select_tiles,7863184,415172.8
jittered,3000,1.0,7,1,count,1965086,519.4
jittered,3000,1.0,7,1,count_ranges,1965086,392.9
jittered,3000,1.0,7,1,select_batched,1965086,69961.8
jittered,3000,1.0,7,1,select_parts,1965086,74665.9
jittered,3000,1.0,7,1,select_tiles,1965086,77746.2
jittered,3000,1.0,7,8,count,1964414,3660.7
jittered,3000,1.0,7,8,count_ranges,1964414,2257.8
jittered,3000,1.0,7,8,select_batched,1964414,87929.0
jittered,3000,1.0,7,8,select_parts,1964414,78086.9
jittered,3000,1.0,7,8,select_tiles,1964414,77848.3
jittered,3000,1.0,7,32,count,1966251,13303.8
jittered,3000,1.0,7,32,count_ranges,1966251,6859.5
jittered,3000,1.0,7,32,select_batched,1966251,133289.5
jittered,3000,1.0,7,32,select_parts,1966251,118975.7
jittered,3000,1.0,7,32,select_tiles,1966251,117749.3
jittered,3000,1.0,7,100,count,1963656,42214.1
jittered,3000,1.0,7,100,count_ranges,1963656,17961.3
jittered,3000,1.0,7,100,select_batched,1963656,250686.1
jittered,3000,1.0,7,100,select_parts,1963656,218104.8
jittered,3000,1.0,7,100,select_tiles,1963656,236369.7
jittered,3000,1.0,8,1,count,492676,366.3
jittered,3000,1.0,8,1,count_ranges,492676,229.2
jittered,3000,1.0,8,1,select_batched,492676,27563.1
jittered,3000,1.0,8,1,select_parts,492676,25863.6
jittered,3000,1.0,8,1,select_tiles,492676,26060.4
jittered,3000,1.0,8,8,count,491287,3010.7
jittered,3000,1.0,8,8,count_ranges,491287,1422.6
jittered,3000,1.0,8,8,select_batched,491287,39800.5
jittered,3000,1.0,8,8,select_parts,491287,36969.9
jittered,3000,1.0,8,8,select_tiles,491287,36457.8
jittered,3000,1.0,8,32,count,491824,12663.1
jittered,3000,1.0,8,32,count_ranges,491824,5691.7
jittered,3000,1.0,8,32,select_batched,491824,74853.2
jittered,3000,1.0,8,32,select_parts,491824,69147.5
jittered,3000,1.0,8,32,select_tiles,491824,67343.0
jittered,3000,1.0,8,100,count,489155,43334.3
jittered,3000,1.0,8,100,count_ranges,489155,13859.5
jittered,3000,1.0,8,100,select_batched,489155,153698.6
jittered,3000,1.0,8,100,select_parts,489155,154537.8
jittered,3000,1.0,8,100,select_tiles,489155,168613.1
jittered,3000,1.0,9,1,count,123382,305.6
jittered,3000,1.0,9,1,count_ranges,123382,169.6
jittered,3000,1.0,9,1,select_batched,123382,11562.7
jittered,3000,1.0,9,1,select_parts,123382,10579.3
jittered,3000,1.0,9,1,select_tiles,123382,10939.3
jittered,3000,1.0,9,8,count,122378,2717.2
jittered,3000,1.0,9,8,count_ranges,122378,1249.6
jittered,3000,1.0,9,8,select_batched,122378,20079.3
jittered,3000,1.0,9,8,select_parts,122378,20558.8
jittered,3000,1.0,9,8,select_tiles,122378,19795.9
jittered,3000,1.0,9,32,count,123206,11375.4
jittered,3000,1.0,9,32,count_ranges,123206,4386.7
jittered,3000,1.0,9,32,select_batched,123206,41163.7
jittered,3000,1.0,9,32,select_parts,123206,44195.9
jittered,3000,1.0,9,32,select_tiles,123206,46444.9
jittered,3000,1.0,9,100,count,120130,39130.6
jittered,3000,1.0,9,100,count_ranges,120130,12104.7
jittered,3000,1.0,9,100,select_batched,120130,57888.4
jittered,3000,1.0,9,100,select_parts,120130,68696.1
jittered,3000,1.0,9,100,select_tiles,120130,96051.8
jittered,3000,1.0,10,1,count,30651,301.9
jittered,3000,1.0,10,1,count_ranges,30651,160.3
jittered,3000,1.0,10,1,select_batched,30651,2560.1
jittered,3000,1.0,10,1,select_parts,30651,5022.6
jittered,3000,1.0,10,1,select_tiles,30651,5173.8
jittered,3000,1.0,10,8,count,30604,2452.0
jittered,3000,1.0,10,8,count_ranges,30604,951.7
jittered,3000,1.0,10,8,select_batched,30604,11903.8
jittered,3000,1.0,10,8,select_parts,30604,11454.9
jittered,3000,1.0,10,8,select_tiles,30604,12641.1
jittered,3000,1.0,10,32,count,30710,10908.3
jittered,3000,1.0,10,32,count_ranges,30710,3761.6
jittered,3000,1.0,10,32,select_batched,30710,14377.8
jittered,3000,1.0,10,32,select_parts,30710,17828.6
jittered,3000,1.0,10,32,select_tiles,30710,30966.6
jittered,3000,1.0,10,100,count,30171,39513.8
jittered,3000,1.0,10,100,count_ranges,30171,11628.5
jittered,3000,1.0,10,100,select_batched,30171,17549.3
jittered,3000,1.0,10,100,select_parts,30171,23856.3
jittered,3000,1.0,10,100,select_tiles,30171,68410.0
jittered,3000,1.0,11,1,count,7606,294.9
jittered,3000,1.0,11,1,count_ranges,7606,131.3
jittered,3000,1.0,11,1,select_batched,7606,818.0
jittered,3000,1.0,11,1,select_parts,7606,835.9
jittered,3000,1.0,11,1,select_tiles,7606,839.7
jittered,3000,1.0,11,8,count,7639,3140.6
jittered,3000,1.0,11,8,count_ranges,7639,1227.9
jittered,3000,1.0,11,8,select_batched,7639,2681.3
jittered,3000,1.0,11,8,select_parts,7639,2920.4
jittered,3000,1.0,11,8,select_tiles,7639,5434.6
jittered,3000,1.0,11,32,count,7642,10831.3
jittered,3000,1.0,11,32,count_ranges,7642,3718.6
jittered,3000,1.0,11,32,select_batched,7642,3116.3
jittered,3000,1.0,11,32,select_parts,7642,3334.5
jittered,3000,1.0,11,32,select_tiles,7642,15939.5
jittered,3000,1.0,11,100,count,6063,37710.6
jittered,3000,1.0,11,100,count_ranges,6063,11903.2
jittered,3000,1.0,11,100,select_batched,6063,3694.6
jittered,3000,1.0,11,100,select_parts,6063,3709.1
jittered,3000,1.0,11,100,select_tiles,6063,41830.6
jittered,3000,1.0,12,1,count,1921,282.1
jittered,3000,1.0,12,1,count_ranges,1921,127.9
jittered,3000,1.0,12,1,select_batched,1921,336.0
jittered,3000,1.0,12,1,select_parts,1921,276.9
jittered,3000,1.0,12,1,select_tiles,1921,333.2
jittered,3000,1.0,12,8,count,1970,2280.9
jittered,3000,1.0,12,8,count_ranges,1970,848.6
jittered,3000,1.0,12,8,select_batched,1970,556.0
jittered,3000,1.0,12,8,select_parts,1970,471.0
jittered,3000,1.0,12,8,select_tiles,1970,1986.5
jittered,3000,1.0,12,32,count,1890,10822.6
jittered,3000,1.0,12,32,count_ranges,1890,3640.3
jittered,3000,1.0,12,32,select_batched,1890,578.6
jittered,3000,1.0,12,32,select_parts,1890,599.5
jittered,3000,1.0,12,32,select_tiles,1890,7580.1
jittered,3000,1.0,13,1,count,481,266.4
jittered,3000,1.0,13,1,count_ranges,481,111.8
jittered,3000,1.0,13,1,select_batched,481,118.2
jittered,3000,1.0,13,1,select_parts,481,84.4
jittered,3000,1.0,13,1,select_tiles,481,87.3
jittered,3000,1.0,13,8,count,461,2276.0
jittered,3000,1.0,13,8,count_ranges,461,811.3
jittered,3000,1.0,13,8,select_batched,461,242.5
jittered,3000,1.0,13,8,select_parts,461,124.0
jittered,3000,1.0,13,8,select_tiles,461,526.5
jittered,3000,1.0,14,1,count,124,288.0
jittered,3000,1.0,14,1,count_ranges,124,109.3
jittered,3000,1.0,14,1,select_batched,124,60.4
jittered,3000,1.0,14,1,select_parts,124,25.7
jittered,3000,1.0,14,1,select_tiles,124,28.9
jittered,3000,10.0,6,1,count,78647202,11697.9
jittered,3000,10.0,6,1,count_ranges,78647202,9785.6
jittered,3000,10.0,6,1,select_batched,78647202,1273626.4
jittered,3000,10.0,6,1,select_parts,78647202,1241674.1
jittered,3000,10.0,6,1,select_tiles,78647202,1236768.0
jittered,3000,10.0,6,8,count,78633214,75487.5
jittered,3000,10.0,6,8,count_ranges,78633214,36025.2
jittered,3000,10.0,6,8,select_batched,78633214,1276026.7
jittered,3000,10.0,6,8,select_parts,78633214,1280485.2
jittered,3000,10.0,6,8,select_tiles,78633214,1247983.9
jittered,3000,10.0,6,32,count,78655291,283914.4
jittered,3000,10.0,6,32,count_ranges,78655291,39495.8
jittered,3000,10.0,6,32,select_batched,78655291,1276023.5
jittered,3000,10.0,6,32,select_parts,78655291,1155543.2
jittered,3000,10.0,6,32,select_tiles,78655291,1285667.7
jittered,3000,10.0,6,100,count,78622846,885858.0
jittered,3000,10.0,6,100,count_ranges,78622846,48202.1
jittered,3000,10.0,6,100,select_batched,78622846,1485407.5
jittered,3000,10.0,6,100,select_parts,78622846,1349285.9
jittered,3000,10.0,6,100,select_tiles,78622846,1497285.6
jittered,3000,10.0,7,1,count,19665210,9572.3
jittered,3000,10.0,7,1,count_ranges,19665210,7948.7
jittered,3000,10.0,7,1,select_batched,19665210,371409.8
jittered,3000,10.0,7,1,select_parts,19665210,311370.1
jittered,3000,10.0,7,1,select_tiles,19665210,306268.1
jittered,3000,10.0,7,8,count,19658456,64495.9
jittered,3000,10.0,7,8,count_ranges,19658456,11895.5
jittered,3000,10.0,7,8,select_batched,19658456,378453.4
jittered,3000,10.0,7,8,select_parts,19658456,350184.3
jittered,3000,10.0,7,8,select_tiles,19658456,326827.6
jittered,3000,10.0,7,32,count,19658088,254115.3
jittered,3000,10.0,7,32,count_ranges,19658088,16156.4
jittered,3000,10.0,7,32,select_batched,19658088,409517.9
jittered,3000,10.0,7,32,select_parts,19658088,397043.7
jittered,3000,10.0,7,32,select_tiles,19658088,366527.3
jittered,3000,10.0,7,100,count,19643416,875918.1
jittered,3000,10.0,7,100,count_ranges,19643416,30527.2
jittered,3000,10.0,7,100,select_batched,19643416,610150.5
jittered,3000,10.0,7,100,select_parts,19643416,613323.0
jittered,3000,10.0,7,100,select_tiles,19643416,582757.5
jittered,3000,10.0,8,1,count,4915691,18992.7
jittered,3000,10.0,8,1,count_ranges,4915691,5479.6
jittered,3000,10.0,8,1,select_batched,4915691,115928.9
jittered,3000,10.0,8,1,select_parts,4915691,94448.4
jittered,3000,10.0,8,1,select_tiles,4915691,86433.0
jittered,3000,10.0,8,8,count,4914377,71030.8
jittered,3000,10.0,8,8,count_ranges,4914377,3915.7
jittered,3000,10.0,8,8,select_batched,4914377,115243.9
jittered,3000,10.0,8,8,select_parts,4914377,101806.7
jittered,3000,10.0,8,8,select_tiles,4914377,124942.0
jittered,3000,10.0,8,32,count,4914572,281366.4
jittered,3000,10.0,8,32,count_ranges,4914572,7025.5
jittered,3000,10.0,8,32,select_batched,4914572,176325.0
jittered,3000,10.0,8,32,select_parts,4914572,157513.7
jittered,3000,10.0,8,32,select_tiles,4914572,157103.0
jittered,3000,10.0,8,100,count,4888308,842758.2
jittered,3000,10.0,8,100,count_ranges,4888308,14439.7
jittered,3000,10.0,8,100,select_batched,4888308,321666.0
jittered,3000,10.0,8,100,select_parts,4888308,295073.4
jittered,3000,10.0,8,100,select_tiles,4888308,325430.3
jittered,3000,10.0,9,1,count,1230346,9214.6
jittered,3000,10.0,9,1,count_ranges,1230346,1611.7
jittered,3000,10.0,9,1,select_batched,1230346,29558.7
jittered,3000,10.0,9,1,select_parts,1230346,31882.8
jittered,3000,10.0,9,1,select_tiles,1230346,33591.1
jittered,3000,10.0,9,8,count,1227960,63119.2
jittered,3000,10.0,9,8,count_ranges,1227960,2118.5
jittered,3000,10.0,9,8,select_batched,1227960,53389.5
jittered,3000,10.0,9,8,select_parts,1227960,48686.7
jittered,3000,10.0,9,8,select_tiles,1227960,50926.7
jittered,3000,10.0,9,32,count,1228031,249018.3
jittered,3000,10.0,9,32,count_ranges,1228031,4567.2
jittered,3000,10.0,9,32,select_batched,1228031,121947.6
jittered,3000,10.0,9,32,select_parts,1228031,101805.9
jittered,3000,10.0,9,32,select_tiles,1228031,87458.3
jittered,3000,10.0,9,100,count,1200228,867752.5
jittered,3000,10.0,9,100,count_ranges,1200228,10899.6
jittered,3000,10.0,9,100,select_batched,1200228,189423.9
jittered,3000,10.0,9,100,select_parts,1200228,257895.9
jittered,3000,10.0,9,100,select_tiles,1200228,216853.7
jittered,3000,10.0,10,1,count,306864,7946.9
jittered,3000,10.0,10,1,count_ranges,306864,390.0
jittered,3000,10.0,10,1,select_batched,306864,14416.4
jittered,3000,10.0,10,1,select_parts,306864,14165.7
jittered,3000,10.0,10,1,select_tiles,306864,14183.5
jittered,3000,10.0,10,8,count,306378,63558.7
jittered,3000,10.0,10,8,count_ranges,306378,1079.9
jittered,3000,10.0,10,8,select_batched,306378,29187.1
jittered,3000,10.0,10,8,select_parts,306378,26767.9
jittered,3000,10.0,10,8,select_tiles,306378,31121.7
jittered,3000,10.0,10,32,count,308266,277994.5
jittered,3000,10.0,10,32,count_ranges,308266,4013.6
jittered,3000,10.0,10,32,select_batched,308266,62181.8
jittered,3000,10.0,10,32,select_parts,308266,62307.3
jittered,3000,10.0,10,32,select_tiles,308266,69748.9
jittered,3000,10.0,10,100,count,300528,880384.3
jittered,3000,10.0,10,100,count_ranges,300528,8668.7
jittered,3000,10.0,10,100,select_batched,300528,103050.0
jittered,3000,10.0,10,100,select_parts,300528,127295.9
jittered,3000,10.0,10,100,select_tiles,300528,148692.6
jittered,3000,10.0,11,1,count,76663,7778.3
jittered,3000,10.0,11,1,count_ranges,76663,230.4
jittered,3000,10.0,11,1,select_batched,76663,6070.6
jittered,3000,10.0,11,1,select_parts,76663,5441.8
jittered,3000,10.0,11,1,select_tiles,76663,5961.5
jittered,3000,10.0,11,8,count,76657,61645.1
jittered,3000,10.0,11,8,count_ranges,76657,815.5
jittered,3000,10.0,11,8,select_batched,76657,14521.5
jittered,3000,10.0,11,8,select_parts,76657,16030.4
jittered,3000,10.0,11,8,select_tiles,76657,15717.3
jittered,3000,10.0,11,32,count,76974,259117.9
jittered,3000,10.0,11,32,count_ranges,76974,2321.3
jittered,3000,10.0,11,32,select_batched,76974,30339.4
jittered,3000,10.0,11,32,select_parts,76974,34886.4
jittered,3000,10.0,11,32,select_tiles,76974,43939.8
jittered,3000,10.0,11,100,count,59813,838027.0
jittered,3000,10.0,11,100,count_ranges,59813,7445.5
jittered,3000,10.0,11,100,select_batched,59813,33073.4
jittered,3000,10.0,11,100,select_parts,59813,41269.1
jittered,3000,10.0,11,100,select_tiles,59813,83916.1
jittered,3000,10.0,12,1,count,18931,8455.5
jittered,3000,10.0,12,1,count_ranges,18931,141.5
jittered,3000,10.0,12,1,select_batched,18931,1350.8
jittered,3000,10.0,12,1,select_parts,18931,1938.3
jittered,3000,10.0,12,1,select_tiles,18931,2617.0
jittered,3000,10.0,12,8,count,19286,61456.7
jittered,3000,10.0,12,8,count_ranges,19286,671.1
jittered,3000,10.0,12,8,select_batched,19286,6871.2
jittered,3000,10.0,12,8,select_parts,19286,6998.8
jittered,3000,10.0,12,8,select_tiles,19286,8687.8
jittered,3000,10.0,12,32,count,19230,268311.4
jittered,3000,10.0,12,32,count_ranges,19230,2336.0
jittered,3000,10.0,12,32,select_batched,19230,14367.3
jittered,3000,10.0,12,32,select_parts,19230,14794.4
jittered,3000,10.0,12,32,select_tiles,19230,29329.0
jittered,3000,10.0,13,1,count,4819,8324.9
jittered,3000,10.0,13,1,count_ranges,4819,210.1
jittered,3000,10.0,13,1,select_batched,4819,644.3
jittered,3000,10.0,13,1,select_parts,4819,565.0
jittered,3000,10.0,13,1,select_tiles,4819,526.2
jittered,3000,10.0,13,8,count,4843,74234.5
jittered,3000,10.0,13,8,count_ranges,4843,644.9
jittered,3000,10.0,13,8,select_batched,4843,1179.2
jittered,3000,10.0,13,8,select_parts,4843,1160.5
jittered,3000,10.0,13,8,select_tiles,4843,3400.2
jittered,3000,10.0,14,1,count,1180,7913.0
jittered,3000,10.0,14,1,count_ranges,1180,189.7
jittered,3000,10.0,14,1,select_batched,1180,313.9
jittered,3000,10.0,14,1,select_parts,1180,161.5
jittered,3000,10.0,14,1,select_tiles,1180,164.5
jittered,3000,50.0,6,1,count,393200538,10978.8
jittered,3000,50.0,6,1,count_ranges,393200538,8554.3
jittered,3000,50.0,6,1,select_batched,393200538,2474316.3
jittered,3000,50.0,6,1,select_parts,393200538,2307273.2
jittered,3000,50.0,6,1,select_tiles,393200538,2246240.3
jittered,3000,50.0,6,8,count,393199243,113992.0
jittered,3000,50.0,6,8,count_ranges,393199243,36600.3
jittered,3000,50.0,6,8,select_batched,393199243,2307800.2
jittered,3000,50.0,6,8,select_parts,393199243,2307359.3
jittered,3000,50.0,6,8,select_tiles,393199243,2319616.2
jittered,3000,50.0,6,32,count,393216925,281157.0
jittered,3000,50.0,6,32,count_ranges,393216925,39177.7
jittered,3000,50.0,6,32,select_batched,393216925,2565487.1
jittered,3000,50.0,6,32,select_parts,393216925,2442978.8
jittered,3000,50.0,6,32,select_tiles,393216925,2421098.8
jittered,3000,50.0,6,100,count,393138633,947834.4
jittered,3000,50.0,6,100,count_ranges,393138633,63848.7
jittered,3000,50.0,6,100,select_batched,393138633,2655439.2
jittered,3000,50.0,6,100,select_parts,393138633,2674811.8
jittered,3000,50.0,6,100,select_tiles,393138633,2757837.8
jittered,3000,50.0,7,1,count,98317754,9324.8
jittered,3000,50.0,7,1,count_ranges,98317754,7772.9
jittered,3000,50.0,7,1,select_batched,98317754,628270.5
jittered,3000,50.0,7,1,select_parts,98317754,600622.0
jittered,3000,50.0,7,1,select_tiles,98317754,613315.1
jittered,3000,50.0,7,8,count,98292463,66536.6
jittered,3000,50.0,7,8,count_ranges,98292463,19212.9
jittered,3000,50.0,7,8,select_batched,98292463,661287.0
jittered,3000,50.0,7,8,select_parts,98292463,597122.9
jittered,3000,50.0,7,8,select_tiles,98292463,633641.6
jittered,3000,50.0,7,32,count,98293941,253258.9
jittered,3000,50.0,7,32,count_ranges,98293941,16070.6
jittered,3000,50.0,7,32,select_batched,98293941,687642.6
jittered,3000,50.0,7,32,select_parts,98293941,674416.0
jittered,3000,50.0,7,32,select_tiles,98293941,688012.6
jittered,3000,50.0,7,100,count,98245795,849820.9
jittered,3000,50.0,7,100,count_ranges,98245795,24679.4
jittered,3000,50.0,7,100,select_batched,98245795,879207.8
jittered,3000,50.0,7,100,select_parts,98245795,908970.9
jittered,3000,50.0,7,100,select_tiles,98245795,938942.7
jittered,3000,50.0,8,1,count,24574927,8356.7
jittered,3000,50.0,8,1,count_ranges,24574927,2443.2
jittered,3000,50.0,8,1,select_batched,24574927,165399.8
jittered,3000,50.0,8,1,select_parts,24574927,164377.3
jittered,3000,50.0,8,1,select_tiles,24574927,167882.8
jittered,3000,50.0,8,8,count,24572601,63943.1
jittered,3000,50.0,8,8,count_ranges,24572601,4226.3
jittered,3000,50.0,8,8,select_batched,24572601,179713.8
jittered,3000,50.0,8,8,select_parts,24572601,173273.8
jittered,3000,50.0,8,8,select_tiles,24572601,185555.5
jittered,3000,50.0,8,32,count,24579701,273276.9
jittered,3000,50.0,8,32,count_ranges,24579701,9249.9
jittered,3000,50.0,8,32,select_batched,24579701,294136.6
jittered,3000,50.0,8,32,select_parts,24579701,288833.8
jittered,3000,50.0,8,32,select_tiles,24579701,258560.3
jittered,3000,50.0,8,100,count,24445509,871636.1
jittered,3000,50.0,8,100,count_ranges,24445509,14362.1
jittered,3000,50.0,8,100,select_batched,24445509,528214.1
jittered,3000,50.0,8,100,select_parts,24445509,537911.0
jittered,3000,50.0,8,100,select_tiles,24445509,496411.3
jittered,3000,50.0,9,1,count,6145004,7652.7
jittered,3000,50.0,9,1,count_ranges,6145004,863.3
jittered,3000,50.0,9,1,select_batched,6145004,58350.5
jittered,3000,50.0,9,1,select_parts,6145004,53109.0
jittered,3000,50.0,9,1,select_tiles,6145004,52759.9
jittered,3000,50.0,9,8,count,6141630,99962.2
jittered,3000,50.0,9,8,count_ranges,6141630,1901.7
jittered,3000,50.0,9,8,select_batched,6141630,78662.4
jittered,3000,50.0,9,8,select_parts,6141630,77463.3
jittered,3000,50.0,9,8,select_tiles,6141630,74680.8
jittered,3000,50.0,9,32,count,6141287,257741.3
jittered,3000,50.0,9,32,count_ranges,6141287,4418.0
jittered,3000,50.0,9,32,select_batched,6141287,155400.6
jittered,3000,50.0,9,32,select_parts,6141287,130513.0
jittered,3000,50.0,9,32,select_tiles,6141287,136628.9
jittered,3000,50.0,9,100,count,6000538,857173.0
jittered,3000,50.0,9,100,count_ranges,6000538,10960.1
jittered,3000,50.0,9,100,select_batched,6000538,303421.0
jittered,3000,50.0,9,100,select_parts,6000538,292135.9
jittered,3000,50.0,9,100,select_tiles,6000538,259548.0
jittered,3000,50.0,10,1,count,1535453,8022.3
jittered,3000,50.0,10,1,count_ranges,1535453,427.4
jittered,3000,50.0,10,1,select_batched,1535453,24870.6
jittered,3000,50.0,10,1,select_parts,1535453,23957.3
jittered,3000,50.0,10,1,select_tiles,1535453,23847.0
jittered,3000,50.0,10,8,count,1535446,62464.4
jittered,3000,50.0,10,8,count_ranges,1535446,1085.2
jittered,3000,50.0,10,8,select_batched,1535446,50717.0
jittered,3000,50.0,10,8,select_parts,1535446,42815.1
jittered,3000,50.0,10,8,select_tiles,1535446,43479.7
jittered,3000,50.0,10,32,count,1538224,253403.1
jittered,3000,50.0,10,32,count_ranges,1538224,3327.6
jittered,3000,50.0,10,32,select_batched,1538224,100880.9
jittered,3000,50.0,10,32,select_parts,1538224,79460.2
jittered,3000,50.0,10,32,select_tiles,1538224,87226.1
jittered,3000,50.0,10,100,count,1500095,846996.4
jittered,3000,50.0,10,100,count_ranges,1500095,8727.3
jittered,3000,50.0,10,100,select_batched,1500095,244126.3
jittered,3000,50.0,10,100,select_parts,1500095,249657.8
jittered,3000,50.0,10,100,select_tiles,1500095,244539.7
jittered,3000,50.0,11,1,count,383930,8910.7
jittered,3000,50.0,11,1,count_ranges,383930,239.1
jittered,3000,50.0,11,1,select_batched,383930,13190.7
jittered,3000,50.0,11,1,select_parts,383930,12979.4
jittered,3000,50.0,11,1,select_tiles,383930,12922.4
jittered,3000,50.0,11,8,count,383750,65027.3
jittered,3000,50.0,11,8,count_ranges,383750,792.6
jittered,3000,50.0,11,8,select_batched,383750,26315.3
jittered,3000,50.0,11,8,select_parts,383750,26332.6
jittered,3000,50.0,11,8,select_tiles,383750,27258.9
jittered,3000,50.0,11,32,count,384226,273854.1
jittered,3000,50.0,11,32,count_ranges,384226,3401.0
jittered,3000,50.0,11,32,select_batched,384226,65513.3
jittered,3000,50.0,11,32,select_parts,384226,68454.5
jittered,3000,50.0,11,32,select_tiles,384226,57931.3
jittered,3000,50.0,11,100,count,299317,872617.6
jittered,3000,50.0,11,100,count_ranges,299317,7952.6
jittered,3000,50.0,11,100,select_batched,299317,115760.4
jittered,3000,50.0,11,100,select_parts,299317,129058.0
jittered,3000,50.0,11,100,select_tiles,299317,167435.9
jittered,3000,50.0,12,1,count,96004,7744.9
jittered,3000,50.0,12,1,count_ranges,96004,148.2
jittered,3000,50.0,12,1,select_batched,96004,5360.6
jittered,3000,50.0,12,1,select_parts,96004,4973.8
jittered,3000,50.0,12,1,select_tiles,96004,5272.0
jittered,3000,50.0,12,8,count,95813,63017.6
jittered,3000,50.0,12,8,count_ranges,95813,710.9
jittered,3000,50.0,12,8,select_batched,95813,15121.8
jittered,3000,50.0,12,8,select_parts,95813,16130.9
jittered,3000,50.0,12,8,select_tiles,95813,16485.6
jittered,3000,50.0,12,32,count,96509,277329.3
jittered,3000,50.0,12,32,count_ranges,96509,2252.8
jittered,3000,50.0,12,32,select_batched,96509,41246.6
jittered,3000,50.0,12,32,select_parts,96509,37335.3
jittered,3000,50.0,12,32,select_tiles,96509,41455.4
jittered,3000,50.0,13,1,count,24042,7714.0
jittered,3000,50.0,13,1,count_ranges,24042,257.3
jittered,3000,50.0,13,1,select_batched,24042,1295.4
jittered,3000,50.0,13,1,select_parts,24042,1820.4
jittered,3000,50.0,13,1,select_tiles,24042,1891.2
jittered,3000,50.0,13,8,count,24182,61609.8
jittered,3000,50.0,13,8,count_ranges,24182,538.4
jittered,3000,50.0,13,8,select_batched,24182,8087.3
jittered,3000,50.0,13,8,select_parts,24182,8547.4
jittered,3000,50.0,13,8,select_tiles,24182,9466.4
jittered,3000,50.0,14,1,count,5944,7621.2
jittered,3000,50.0,14,1,count_ranges,5944,154.7
jittered,3000,50.0,14,1,select_batched,5944,705.9
jittered,3000,50.0,14,1,select_parts,5944,600.0
jittered,3000,50.0,14,1,select_tiles,5944,597.1
