t,RssAnon,RssFile,RssShmem,VmRSS,VmHWM
0.001,80,648,0,728,728
0.051,7268,13948,0,21216,22476
0.101,8040,13948,0,21988,22628
0.151,9072,13948,0,23020,23020
0.202,10104,13932,0,24036,24036
0.252,9068,13932,0,23000,23900
0.302,9584,13932,0,23516,23900
0.352,6112,13932,0,20044,23900
0.402,93196,14360,0,107556,107556
0.453,91312,14552,0,105864,153868
0.503,110616,14696,0,125312,153868
0.553,90020,14696,0,104716,180052
0.603,105648,14696,0,120344,180052
0.653,105852,14696,0,120548,180052
0.704,113456,14696,0,128152,180052
0.754,114132,14616,0,128748,180052
0.804,114132,14616,0,128748,180052
0.854,114132,14616,0,128748,180052
0.905,114132,14616,0,128748,180052
0.955,114132,14616,0,128748,180052
1.005,114132,14616,0,128748,180052
1.055,114132,14616,0,128748,180052
1.106,114132,14360,0,128492,180052
1.156,114132,14360,0,128492,180052
1.206,114132,14360,0,128492,180052
1.256,114632,14360,0,128992,180052
1.307,114728,14360,0,129088,180052
1.357,116036,14360,0,130396,180052
1.407,118828,14232,0,133060,180052
1.457,118828,14296,0,133124,180052
1.508,118828,14296,0,133124,180052
1.558,118828,14296,0,133124,180052
1.608,118828,14296,0,133124,180052
1.658,118828,14296,0,133124,180052
1.709,118828,14296,0,133124,180052
1.759,118828,14296,0,133124,180052
1.809,118828,14296,0,133124,180052
1.859,118828,14296,0,133124,180052
1.910,118828,14296,0,133124,180052
1.960,118828,14296,0,133124,180052
2.010,118828,14296,0,133124,180052
2.060,118828,14296,0,133124,180052
2.110,118828,14296,0,133124,180052
2.161,118828,14296,0,133124,180052
2.211,118828,14296,0,133124,180052
2.261,118828,14296,0,133124,180052
2.311,118828,14296,0,133124,180052
2.362,118828,14296,0,133124,180052
2.412,119248,14296,0,133544,180052
2.462,119248,14296,0,133544,180052
2.512,119248,14296,0,133544,180052
2.563,119248,14296,0,133544,180052
2.613,119248,14296,0,133544,180052
2.663,119248,14296,0,133544,180052
2.713,119248,14296,0,133544,180052
2.763,119248,14296,0,133544,180052
2.814,119248,14296,0,133544,180052
2.864,119248,14296,0,133544,180052
2.914,119248,14296,0,133544,180052
2.964,119248,14296,0,133544,180052
3.015,119248,14296,0,133544,180052
3.065,119248,14296,0,133544,180052
3.115,119248,14296,0,133544,180052
3.165,119248,14296,0,133544,180052
3.215,119248,14296,0,133544,180052
3.266,119248,14296,0,133544,180052
3.316,119248,14296,0,133544,180052
3.366,119248,14296,0,133544,180052
3.416,119248,14296,0,133544,180052
3.467,119248,14296,0,133544,180052
3.517,119248,14296,0,133544,180052
3.567,119248,14376,0,133624,180052
3.617,137224,14376,0,151600,180052
3.667,148356,14376,0,162732,180052
3.718,160676,14376,0,175052,180052
3.768,172624,14376,0,187000,187000
3.818,183004,14376,0,197380,197380
3.868,193092,14376,0,207468,207468
3.919,203108,14376,0,217484,217484
3.969,214800,14376,0,229176,229176
4.019,228100,14376,0,242476,242476
4.069,238144,14376,0,252520,252520
4.119,247208,14376,0,261584,261584
4.170,260624,14376,0,275000,275000
4.220,271236,14376,0,285612,285612
4.270,281044,14376,0,295420,295420
4.320,291716,14376,0,306092,306092
4.371,302648,14376,0,317024,317024
4.421,313652,14376,0,328028,328028
4.471,324684,14376,0,339060,339060
4.521,335776,14376,0,350152,350152
4.571,344960,14376,0,359336,359336
4.622,355588,14376,0,369964,369964
4.672,366844,14376,0,381220,381220
4.722,378288,14376,0,392664,392664
4.772,389428,14376,0,403804,403804
4.823,401604,14376,0,415980,415980
4.873,413316,14376,0,427692,427692
4.923,423000,14376,0,437376,437376
4.973,434404,14376,0,448780,448780
5.023,444576,14376,0,458952,458952
5.074,455436,14376,0,469812,469812
5.124,467612,14376,0,481988,481988
5.174,480608,14376,0,494984,494984
5.224,492164,14376,0,506540,506540
5.275,500652,14376,0,515028,515028
5.325,514320,14376,0,528696,528696
5.375,525720,14376,0,540096,540096
5.425,536184,14376,0,550560,550560
5.475,547208,14376,0,561584,561584
5.526,559588,14376,0,573964,573964
5.576,569520,14376,0,583896,583896
5.626,579884,14376,0,594260,594260
5.676,590860,14376,0,605236,605236
5.727,603476,14376,0,617852,617852
5.777,615448,14376,0,629824,629824
5.827,625652,14376,0,640028,640028
5.877,635644,14376,0,650020,650020
5.927,645640,14376,0,660016,660016
5.977,657188,14376,0,671564,671564
6.028,669764,14376,0,684140,684140
6.078,679564,14376,0,693940,693940
6.128,688584,14376,0,702960,702960
6.178,701952,14376,0,716328,716328
6.228,711164,14376,0,725540,725540
6.279,722352,14376,0,736728,736728
6.329,733272,14376,0,747648,747648
6.379,742688,14376,0,757064,757064
6.429,755676,14376,0,770052,770052
6.480,764604,14376,0,778980,778980
6.530,776072,14376,0,790448,790448
6.580,786028,14376,0,800404,800404
6.630,797692,14376,0,812068,812068
6.680,807384,14376,0,821760,821760
6.731,818096,14376,0,832472,832472
6.781,829776,14376,0,844152,844152
6.831,839624,14376,0,854000,854000
6.881,846452,14376,0,860828,860828
6.931,846452,14376,0,860828,860828
6.982,846452,14376,0,860828,860828
7.032,846452,14376,0,860828,860828
7.082,846452,14376,0,860828,860828
7.132,846452,14376,0,860828,860828
7.182,127440,14524,0,141964,860360
7.233,137232,14524,0,151756,860360
7.283,147712,14524,0,162236,860360
7.333,159256,14524,0,173780,860360
7.383,170420,14524,0,184944,860360
7.434,182192,14524,0,196716,860360
7.484,193100,14524,0,207624,860360
7.534,203116,14524,0,217640,860360
7.584,213224,14524,0,227748,860360
7.634,223296,14524,0,237820,860360
7.685,233312,14524,0,247836,860360
7.735,245572,14524,0,260096,860360
7.785,256204,14524,0,270728,860360
7.835,266248,14524,0,280772,860360
7.886,276164,14524,0,290688,860360
7.936,286216,14524,0,300740,860360
7.986,297208,14524,0,311732,860360
8.036,308088,14524,0,322612,860360
8.086,319176,14524,0,333700,860360
8.137,330220,14524,0,344744,860360
8.187,343672,14524,0,358196,860360
8.237,354244,14524,0,368768,860360
8.287,365580,14524,0,380104,860360
8.337,376356,14524,0,390880,860360
8.388,387276,14524,0,401800,860360
8.438,398272,14524,0,412796,860360
8.488,410224,14524,0,424748,860360
8.538,419820,14524,0,434344,860360
8.589,430276,14524,0,444800,860360
8.639,440260,14524,0,454784,860360
8.689,452308,14524,0,466832,860360
8.739,464364,14524,0,478888,860360
8.789,476088,14524,0,490612,860360
8.840,486692,14524,0,501216,860360
8.890,495752,14524,0,510276,860360
8.940,507444,14524,0,521968,860360
8.990,520424,14524,0,534948,860360
9.041,531020,14524,0,545544,860360
9.091,541104,14524,0,555628,860360
9.141,550724,14524,0,565248,860360
9.191,563796,14524,0,578320,860360
9.241,574744,14524,0,589268,860360
9.292,585088,14524,0,599612,860360
9.342,595476,14524,0,610000,860360
9.392,605868,14524,0,620392,860360
9.442,616168,14524,0,630692,860360
9.492,625660,14524,0,640184,860360
9.543,635884,14524,0,650408,860360
9.593,645968,14524,0,660492,860360
9.643,658804,14524,0,673328,860360
9.693,670072,14524,0,684596,860360
9.744,679572,14524,0,694096,860360
9.794,688592,14524,0,703116,860360
9.844,700484,14524,0,715008,860360
9.894,711172,14524,0,725696,860360
9.945,720324,14524,0,734848,860360
9.995,732608,14524,0,747132,860360
10.045,742120,14524,0,756644,860360
10.095,751932,14524,0,766456,860360
10.145,761736,14524,0,776260,860360
10.196,770284,14524,0,784808,860360
10.246,781844,14524,0,796368,860360
10.296,791136,14524,0,805660,860360
10.346,801880,14524,0,816404,860360
10.397,809680,14524,0,824204,860360
10.447,819960,14524,0,834484,860360
10.497,828024,14524,0,842548,860360
10.547,836420,14524,0,850944,860360
10.597,845548,14524,0,860072,860360
10.648,864732,14524,0,879256,879256
10.698,915832,14524,0,930356,930356
10.748,988204,14524,0,1002728,1002728
10.798,1083912,14524,0,1098436,1098436
10.848,1176616,14524,0,1191140,1191140
10.899,1233176,14524,0,1247700,1247700
10.949,1274744,14524,0,1289268,1289268
10.999,1324344,14524,0,1338868,1338868
11.049,1367972,14524,0,1382496,1382496
11.100,1417328,14524,0,1431852,1431852
11.150,1451588,14524,0,1466112,1466112
11.200,1513952,14524,0,1528476,1528476
11.250,1565648,14524,0,1580172,1580172
11.301,1565648,14524,0,1580172,1580172
11.351,1565660,14524,0,1580184,1580184
11.402,1565676,14524,0,1580200,1580200
11.452,1565752,14524,0,1580276,1580276
11.506,1565820,14524,0,1580344,1580344
11.559,1565856,14524,0,1580380,1580380
11.609,1587640,14524,0,1602164,1602164
11.659,1604664,14524,0,1619188,1619188
11.709,1642440,14524,0,1656964,1656964
11.760,1715940,14524,0,1730464,1730464
11.810,1746616,14524,0,1761140,1761140
11.860,1785788,14524,0,1800312,1800312
11.910,1821960,14524,0,1836484,1836484
11.961,1853180,14524,0,1867704,1867704
12.011,1883260,14524,0,1897784,1897784
12.061,1934260,14524,0,1948784,1948784
12.111,1693452,14524,0,1707976,1978488
12.161,799384,14524,0,813908,1978488
12.212,618208,14588,0,632796,1978488
12.262,665796,14588,0,680384,1978488
12.312,712712,14588,0,727300,1978488
12.362,727960,14588,0,742548,1978488
12.413,728572,15632,0,744204,1978488
12.463,753140,64764,0,817904,1978488
12.513,610860,109612,0,720472,1978488
12.563,610864,170844,0,781708,1978488
12.614,610864,170844,0,781708,1978488
12.666,610864,170844,0,781708,1978488
12.716,610864,170844,0,781708,1978488
12.767,627852,170844,0,798696,1978488
12.817,671700,170844,0,842544,1978488
12.867,717404,170844,0,888248,1978488
12.917,762548,170844,0,933392,1978488
12.968,806180,170844,0,977024,1978488
13.022,806180,170844,0,977024,1978488
13.072,806188,170844,0,977032,1978488
13.122,892848,170844,0,1063692,1978488
13.173,942352,170844,0,1113196,1978488
13.223,986280,170844,0,1157124,1978488
13.273,1060364,170844,0,1231208,1978488
13.323,1102656,170844,0,1273500,1978488
13.374,1122192,170844,0,1293036,1978488
13.424,1112504,170844,0,1283348,1978488
13.474,1128896,170844,0,1299740,1978488
13.524,1144188,170844,0,1315032,1978488
13.575,1082228,170844,0,1253072,1978488
13.625,1082228,170844,0,1253072,1978488
13.675,992892,170844,0,1163736,1978488
13.725,992892,170844,0,1163736,1978488
13.776,992892,170844,0,1163736,1978488
13.826,992892,170844,0,1163736,1978488
13.876,992892,170844,0,1163736,1978488
13.926,992892,170844,0,1163736,1978488
13.977,992892,170844,0,1163736,1978488
14.027,992892,170844,0,1163736,1978488
14.077,878612,171100,0,1049712,1978488
14.127,882564,171100,0,1053664,1978488
14.178,882584,171100,0,1053684,1978488
14.228,882616,171100,0,1053716,1978488
14.278,882668,171100,0,1053768,1978488
14.328,882680,171100,0,1053780,1978488
14.379,882688,171100,0,1053788,1978488
14.429,882692,171100,0,1053792,1978488
14.479,882712,171100,0,1053812,1978488
14.529,882712,171100,0,1053812,1978488
14.580,882716,171100,0,1053816,1978488
14.630,882716,171100,0,1053816,1978488
14.680,882720,171100,0,1053820,1978488
14.730,882748,171100,0,1053848,1978488
14.780,882756,171100,0,1053856,1978488
14.831,882772,171100,0,1053872,1978488
14.881,882772,171100,0,1053872,1978488
14.931,882784,171100,0,1053884,1978488
14.981,882816,171100,0,1053916,1978488
15.031,882820,171100,0,1053920,1978488
15.082,882836,171100,0,1053936,1978488
15.132,882836,171100,0,1053936,1978488
15.182,882840,171100,0,1053940,1978488
15.232,882860,171100,0,1053960,1978488
15.283,882864,171100,0,1053964,1978488
15.333,882868,171100,0,1053968,1978488
15.383,882912,171100,0,1054012,1978488
15.433,882920,171100,0,1054020,1978488
15.483,882928,171100,0,1054028,1978488
15.534,882932,171100,0,1054032,1978488
15.584,882932,171100,0,1054032,1978488
15.634,882932,171100,0,1054032,1978488
15.684,882936,171100,0,1054036,1978488
15.734,882936,171100,0,1054036,1978488
15.785,882940,171100,0,1054040,1978488
15.835,882940,171100,0,1054040,1978488
15.885,882944,171100,0,1054044,1978488
15.935,882944,171100,0,1054044,1978488
15.986,882944,171100,0,1054044,1978488
16.036,882944,171100,0,1054044,1978488
16.086,882944,171100,0,1054044,1978488
16.136,882944,171100,0,1054044,1978488
16.187,882944,171100,0,1054044,1978488
16.237,882944,171100,0,1054044,1978488
16.287,882944,171100,0,1054044,1978488
16.337,882944,171100,0,1054044,1978488
16.387,882944,171100,0,1054044,1978488
16.438,882944,171100,0,1054044,1978488
16.488,882944,171100,0,1054044,1978488
16.538,882944,171100,0,1054044,1978488
16.588,882944,171100,0,1054044,1978488
16.639,882944,171100,0,1054044,1978488
16.689,882944,171100,0,1054044,1978488
16.739,882944,171100,0,1054044,1978488
16.789,882944,171100,0,1054044,1978488
16.839,882944,171100,0,1054044,1978488
16.890,882944,171100,0,1054044,1978488
16.940,882944,171100,0,1054044,1978488
16.990,882944,171100,0,1054044,1978488
17.040,882944,171100,0,1054044,1978488
17.091,882944,171100,0,1054044,1978488
17.141,882944,171100,0,1054044,1978488
17.191,882944,171100,0,1054044,1978488
17.241,882944,171100,0,1054044,1978488
17.291,882944,171100,0,1054044,1978488
17.342,882944,171100,0,1054044,1978488
17.392,882952,171100,0,1054052,1978488
17.442,882956,171100,0,1054056,1978488
17.492,882960,171100,0,1054060,1978488
17.542,882964,171100,0,1054064,1978488
17.593,882964,171100,0,1054064,1978488
17.643,883172,171100,0,1054272,1978488
17.693,883220,171100,0,1054320,1978488
17.743,883228,171100,0,1054328,1978488
17.794,883228,171100,0,1054328,1978488
17.844,883228,171100,0,1054328,1978488
17.894,883228,171100,0,1054328,1978488
17.944,883228,171100,0,1054328,1978488
17.994,328400,92972,0,421372,1978488
18.045,328400,92972,0,421372,1978488
18.095,328400,92972,0,421372,1978488
18.145,328400,92972,0,421372,1978488
18.195,328400,92972,0,421372,1978488
18.245,328400,92972,0,421372,1978488
18.296,328400,92972,0,421372,1978488
18.346,328400,92972,0,421372,1978488
18.396,328400,92972,0,421372,1978488
18.446,328400,92972,0,421372,1978488
18.497,328400,92972,0,421372,1978488
18.547,328400,92972,0,421372,1978488
18.597,328400,92972,0,421372,1978488
18.647,328400,92972,0,421372,1978488
18.698,328400,92972,0,421372,1978488
18.748,328400,92972,0,421372,1978488
18.798,328400,92972,0,421372,1978488
18.848,328400,92972,0,421372,1978488
18.899,328400,92972,0,421372,1978488
18.949,328400,92972,0,421372,1978488
18.999,328400,92972,0,421372,1978488
19.049,328400,92972,0,421372,1978488
19.099,328400,92972,0,421372,1978488
19.150,334476,93484,0,427960,1978488
19.200,347652,93484,0,441136,1978488
19.250,360236,93484,0,453720,1978488
19.300,372492,93484,0,465976,1978488
19.351,384652,93484,0,478136,1978488
19.401,396872,93484,0,490356,1978488
19.451,408984,93484,0,502468,1978488
19.501,419540,93484,0,513024,1978488
19.552,428636,93484,0,522120,1978488
19.602,435412,93484,0,528896,1978488
19.652,444956,93484,0,538440,1978488
19.702,454724,93484,0,548208,1978488
19.753,463636,93484,0,557120,1978488
19.803,474072,93484,0,567556,1978488
19.853,484112,93484,0,577596,1978488
19.903,494444,93484,0,587928,1978488
19.954,504056,93484,0,597540,1978488
20.004,511624,93484,0,605108,1978488
20.054,512740,93996,0,606736,1978488
20.104,512740,93996,0,606736,1978488
20.155,512740,93996,0,606736,1978488
20.205,512740,93996,0,606736,1978488
20.255,512740,93996,0,606736,1978488
20.306,512740,93996,0,606736,1978488
20.356,512740,93996,0,606736,1978488
20.406,512740,93996,0,606736,1978488
20.456,512740,93996,0,606736,1978488
20.507,512740,93996,0,606736,1978488
20.557,512740,93996,0,606736,1978488
20.607,512740,93996,0,606736,1978488
20.657,334224,93996,0,428220,1978488
20.708,343588,99712,0,443300,1978488
20.758,346608,105292,0,451900,1978488
20.808,348920,112136,0,461056,1978488
20.858,353740,111532,0,465272,1978488
20.909,354768,133580,0,488348,1978488
20.959,356820,141828,0,498648,1978488
21.009,348732,154476,0,503208,1978488
21.059,356184,134812,0,490996,1978488
21.110,360276,139596,0,499872,1978488
21.160,361368,155276,0,516644,1978488
21.210,363896,177028,0,540924,1978488
21.260,365944,201232,0,567176,1978488
21.311,367992,192304,0,560296,1978488
21.361,370040,212224,0,582264,1978488
21.411,372088,225176,0,597264,1978488
21.461,374140,173760,0,547900,1978488
21.512,376680,194168,0,570848,1978488
21.562,378276,218232,0,596508,1978488
21.612,381348,253468,0,634816,1978488
21.662,382372,266492,0,648864,1978488
21.713,384420,290364,0,674784,1978488
21.763,385444,305564,0,691008,1978488
21.813,386472,318588,0,705060,1978488
21.863,388524,335152,0,723676,1978488
21.914,388524,279084,0,667608,1978488
21.964,397796,279084,0,676880,1978488
22.014,408492,279340,0,687832,1978488
22.064,408492,287572,0,696064,1978488
22.115,408492,489036,0,897528,1978488
22.165,408492,558248,0,966740,1978488
22.215,408492,621024,0,1029516,1978488
22.265,408492,674704,0,1083196,1978488
22.315,408492,730212,0,1138704,1978488
22.366,408492,804148,0,1212640,1978488
22.416,408492,839004,0,1247496,1978488
22.466,408492,916932,0,1325424,1978488
22.516,408492,931236,0,1339728,1978488
22.566,408492,947008,0,1355500,1978488
22.617,408492,947008,0,1355500,1978488
22.667,408492,947008,0,1355500,1978488
22.717,408492,947008,0,1355500,1978488
22.767,408492,947008,0,1355500,1978488
22.818,408496,947008,0,1355504,1978488
22.868,408496,947008,0,1355504,1978488
22.918,408496,947008,0,1355504,1978488
22.968,408496,947008,0,1355504,1978488
23.018,408496,947008,0,1355504,1978488
23.069,408496,947008,0,1355504,1978488
23.119,408496,947008,0,1355504,1978488
23.169,408496,947008,0,1355504,1978488
23.219,408496,947008,0,1355504,1978488
23.270,408496,947008,0,1355504,1978488
23.320,408500,947008,0,1355508,1978488
23.370,408500,947008,0,1355508,1978488
23.420,408500,947008,0,1355508,1978488
23.470,408500,947008,0,1355508,1978488
23.521,408508,947008,0,1355516,1978488
23.571,408508,950320,0,1358828,1978488
23.621,408508,961136,0,1369644,1978488
23.671,408512,973424,0,1381936,1978488
23.722,408512,987880,0,1396392,1978488
23.772,408512,1022976,0,1431488,1978488
23.822,408512,1052736,0,1461248,1978488
23.872,408512,953984,0,1362496,1978488
23.922,408512,991012,0,1399524,1978488
23.973,408512,1022648,0,1431160,1978488
24.023,408512,1034964,0,1443476,1978488
24.073,408512,1059540,0,1468052,1978488
24.124,408512,1094360,0,1502872,1978488
24.174,408512,1108720,0,1517232,1978488
24.224,408512,1140756,0,1549268,1978488
24.274,408512,1041860,0,1450372,1978488
24.325,408512,1077068,0,1485580,1978488
24.375,408512,1098524,0,1507036,1978488
24.425,408512,1112984,0,1521496,1978488
24.475,408512,1126272,0,1534784,1978488
24.525,408512,1127316,0,1535828,1978488
24.576,409248,1127316,0,1536564,1978488
24.626,409248,1127316,0,1536564,1978488
24.676,409252,1127316,0,1536568,1978488
24.726,409252,1127316,0,1536568,1978488
24.776,409252,1127316,0,1536568,1978488
24.827,412320,1127316,0,1539636,1978488
24.877,412324,1127316,0,1539640,1978488
24.927,412328,1127316,0,1539644,1978488
24.977,412328,1127316,0,1539644,1978488
25.028,412328,1127316,0,1539644,1978488
25.078,412328,1127316,0,1539644,1978488
25.128,412328,1127316,0,1539644,1978488
25.178,412328,1127316,0,1539644,1978488
25.228,412328,1127316,0,1539644,1978488
25.279,412328,1133764,0,1546092,1978488
25.329,412328,1146052,0,1558380,1978488
25.379,412328,1157852,0,1570180,1978488
25.429,412328,1178316,0,1590644,1978488
25.480,412328,1246088,0,1658416,1978488
25.530,412328,1278176,0,1690504,1978488
25.580,412328,1079744,0,1492072,1978488
25.630,412328,1156888,0,1569216,1978488
25.681,412328,1222744,0,1635072,1978488
25.731,412328,1272668,0,1684996,1978488
25.781,412328,1303388,0,1715716,1978488
25.831,412328,1303388,0,1715716,1978488
25.882,412328,1303388,0,1715716,1978488
25.932,412328,1303388,0,1715716,1978488
25.982,412328,1303388,0,1715716,1978488
26.032,412332,1303388,0,1715720,1978488
26.082,412332,1303388,0,1715720,1978488
26.133,412332,1303388,0,1715720,1978488
26.183,412332,1303388,0,1715720,1978488
26.233,412332,1303388,0,1715720,1978488
26.283,412332,1303388,0,1715720,1978488
26.333,412332,1303388,0,1715720,1978488
26.384,412332,1303388,0,1715720,1978488
26.434,412332,1303388,0,1715720,1978488
26.484,412332,1303388,0,1715720,1978488
26.534,412332,1303388,0,1715720,1978488
26.585,412332,1303388,0,1715720,1978488
26.635,412332,1303388,0,1715720,1978488
26.685,412332,1303388,0,1715720,1978488
26.735,412332,1303388,0,1715720,1978488
26.786,412332,1357436,0,1769768,1978488
26.836,412332,1422212,0,1834544,1978488
26.886,412332,1490820,0,1903152,1978488
26.936,412332,1298368,0,1710700,1978488
26.987,412332,1342528,0,1754860,1978488
27.037,412332,1377344,0,1789676,1978488
27.087,412332,1390144,0,1802476,1978488
27.137,412332,915264,0,1327596,1978488
27.187,352428,885000,0,1237428,1978488
27.238,352428,885000,0,1237428,1978488
27.288,352428,885000,0,1237428,1978488
27.338,355964,885000,0,1240964,1978488
27.388,362144,885000,0,1247144,1978488
27.438,369120,885000,0,1254120,1978488
27.489,374460,885000,0,1259460,1978488
27.539,381492,885000,0,1266492,1978488
27.589,386920,885000,0,1271920,1978488
27.639,393412,885000,0,1278412,1978488
27.689,397368,885000,0,1282368,1978488
27.740,402260,885000,0,1287260,1978488
27.790,409800,885000,0,1294800,1978488
27.840,420656,885000,0,1305656,1978488
27.890,444864,885140,0,1330004,1978488
27.941,449144,885140,0,1334284,1978488
27.991,453144,885140,0,1338284,1978488
28.041,456812,885140,0,1341952,1978488
28.091,460268,885140,0,1345408,1978488
28.142,463548,885140,0,1348688,1978488
28.192,466940,885140,0,1352080,1978488
28.242,471012,885140,0,1356152,1978488
28.292,474476,885140,0,1359616,1978488
28.342,477808,885140,0,1362948,1978488
28.393,481660,885140,0,1366800,1978488
28.443,485280,885140,0,1370420,1978488
28.493,488292,885140,0,1373432,1978488
28.543,491748,885140,0,1376888,1978488
28.594,493920,885140,0,1379060,1978488
28.644,496936,885140,0,1382076,1978488
28.694,500116,885140,0,1385256,1978488
28.744,503200,885140,0,1388340,1978488
28.794,506120,885140,0,1391260,1978488
28.845,508380,885140,0,1393520,1978488
28.895,510796,885140,0,1395936,1978488
28.945,512980,885140,0,1398120,1978488
28.995,515180,885140,0,1400320,1978488
29.046,516812,885140,0,1401952,1978488
29.096,518732,885140,0,1403872,1978488
29.146,520644,885140,0,1405784,1978488
29.196,523408,885140,0,1408548,1978488
29.247,526376,885140,0,1411516,1978488
29.297,528988,885140,0,1414128,1978488
29.347,530512,885140,0,1415652,1978488
29.397,532472,885140,0,1417612,1978488
29.448,534856,885140,0,1419996,1978488
29.498,536744,885140,0,1421884,1978488
29.548,538328,885140,0,1423468,1978488
29.599,541048,885140,0,1426188,1978488
29.649,543068,885140,0,1428208,1978488
29.699,544956,885140,0,1430096,1978488
29.750,549072,885140,0,1434212,1978488
29.800,551596,885140,0,1436736,1978488
29.850,552768,885140,0,1437908,1978488
29.900,554992,885140,0,1440132,1978488
29.951,556572,885140,0,1441712,1978488
30.001,559388,885140,0,1444528,1978488
30.051,561756,885140,0,1446896,1978488
30.101,564232,885140,0,1449372,1978488
30.152,565712,885140,0,1450852,1978488
30.202,568064,885140,0,1453204,1978488
30.252,569904,885140,0,1455044,1978488
30.302,572428,885012,0,1457440,1978488
30.352,574356,885012,0,1459368,1978488
30.403,576328,885012,0,1461340,1978488
30.453,578116,885012,0,1463128,1978488
30.503,579732,885012,0,1464744,1978488
30.554,580960,884884,0,1465844,1978488
30.604,582480,884884,0,1467364,1978488
30.654,585284,884884,0,1470168,1978488
30.704,585872,884884,0,1470756,1978488
30.755,588508,884884,0,1473392,1978488
30.805,593760,884884,0,1478644,1978488
30.855,595064,884884,0,1479948,1978488
30.905,599988,884884,0,1484872,1978488
30.955,601484,884884,0,1486368,1978488
31.006,605240,884884,0,1490124,1978488
31.056,607352,884884,0,1492236,1978488
31.106,609268,884884,0,1494152,1978488
31.156,611712,884884,0,1496596,1978488
31.207,614212,884884,0,1499096,1978488
31.257,616716,884884,0,1501600,1978488
31.307,619148,884884,0,1504032,1978488
31.357,622128,884884,0,1507012,1978488
31.407,625144,884884,0,1510028,1978488
31.457,627460,884884,0,1512344,1978488
31.508,630064,884884,0,1514948,1978488
31.558,633044,884884,0,1517928,1978488
31.608,635468,884884,0,1520352,1978488
31.658,638292,884884,0,1523176,1978488
31.709,640604,884884,0,1525488,1978488
31.759,646084,884836,0,1530920,1978488
31.809,651028,884836,0,1535864,1978488
31.859,652248,884836,0,1537084,1978488
31.910,655032,884708,0,1539740,1978488
31.960,658040,884708,0,1542748,1978488
32.010,660112,884708,0,1544820,1978488
32.060,662120,884708,0,1546828,1978488
32.111,664856,884708,0,1549564,1978488
32.161,666640,884708,0,1551348,1978488
32.211,668692,884580,0,1553272,1978488
32.261,670836,884580,0,1555416,1978488
32.312,674756,884580,0,1559336,1978488
32.362,676648,884580,0,1561228,1978488
32.412,679492,884580,0,1564072,1978488
32.462,682468,884580,0,1567048,1978488
32.512,684260,884580,0,1568840,1978488
32.563,687604,884580,0,1572184,1978488
32.613,689896,884580,0,1574476,1978488
32.663,692220,884580,0,1576800,1978488
32.713,694852,884580,0,1579432,1978488
32.764,696980,884580,0,1581560,1978488
32.814,698956,884580,0,1583536,1978488
32.864,702124,884580,0,1586704,1978488
32.914,704928,884580,0,1589508,1978488
32.965,707764,884580,0,1592344,1978488
33.015,710116,884580,0,1594696,1978488
33.065,712468,884580,0,1597048,1978488
33.115,716552,884580,0,1601132,1978488
33.166,719152,884580,0,1603732,1978488
33.216,721916,884580,0,1606496,1978488
33.266,724312,884580,0,1608892,1978488
33.316,729396,884580,0,1613976,1978488
33.366,731584,884580,0,1616164,1978488
33.417,737228,884580,0,1621808,1978488
33.467,738252,884580,0,1622832,1978488
33.517,748340,884580,0,1632920,1978488
33.567,749368,884580,0,1633948,1978488
33.618,754540,884580,0,1639120,1978488
33.668,759712,884580,0,1644292,1978488
33.718,760856,884580,0,1645436,1978488
33.768,761892,884580,0,1646472,1978488
33.818,762932,884580,0,1647512,1978488
33.869,765848,884580,0,1650428,1978488
33.919,768824,884580,0,1653404,1978488
33.969,771228,884580,0,1655808,1978488
34.019,775216,884580,0,1659796,1978488
34.070,776296,884580,0,1660876,1978488
34.120,778592,884580,0,1663172,1978488
34.170,779672,884580,0,1664252,1978488
34.220,781732,884580,0,1666312,1978488
34.270,783560,884580,0,1668140,1978488
34.321,785236,884580,0,1669816,1978488
34.371,788064,884580,0,1672644,1978488
34.421,789980,884580,0,1674560,1978488
34.471,792644,884580,0,1677224,1978488
34.522,795272,884580,0,1679852,1978488
34.572,797892,884580,0,1682472,1978488
34.622,800084,884580,0,1684664,1978488
34.673,802424,884580,0,1687004,1978488
34.723,806076,884580,0,1690656,1978488
34.773,809064,884580,0,1693644,1978488
34.823,811116,884580,0,1695696,1978488
34.873,814412,884580,0,1698992,1978488
34.924,816652,884580,0,1701232,1978488
34.974,821480,884580,0,1706060,1978488
35.024,822652,884580,0,1707232,1978488
35.074,825684,884580,0,1710264,1978488
35.124,828264,884580,0,1712844,1978488
35.175,830584,884580,0,1715164,1978488
35.225,833248,884580,0,1717828,1978488
35.275,835432,884580,0,1720012,1978488
35.325,848620,884580,0,1733200,1978488
35.376,853656,884580,0,1738236,1978488
35.426,854672,884580,0,1739252,1978488
35.476,855540,884580,0,1740120,1978488
35.526,856356,884580,0,1740936,1978488
35.576,857448,884580,0,1742028,1978488
35.627,863084,884580,0,1747664,1978488
35.677,865852,884580,0,1750432,1978488
35.727,868952,884580,0,1753532,1978488
35.777,871016,884580,0,1755596,1978488
35.827,873164,884580,0,1757744,1978488
35.878,874644,884580,0,1759224,1978488
35.928,877276,884580,0,1761856,1978488
35.978,880964,884580,0,1765544,1978488
36.029,882992,884580,0,1767572,1978488
36.079,885704,884580,0,1770284,1978488
36.129,887748,884580,0,1772328,1978488
36.179,890304,884580,0,1774884,1978488
36.229,896256,884580,0,1780836,1978488
36.280,898536,884580,0,1783116,1978488
36.330,899856,884580,0,1784436,1978488
36.380,902288,884580,0,1786868,1978488
36.430,904852,884580,0,1789432,1978488
36.481,908224,884580,0,1792804,1978488
36.531,910820,884580,0,1795400,1978488
36.581,913080,884580,0,1797660,1978488
36.631,916572,884580,0,1801152,1978488
36.681,919120,884580,0,1803700,1978488
36.732,921568,884580,0,1806148,1978488
36.782,923724,884580,0,1808304,1978488
36.832,928144,884580,0,1812724,1978488
36.882,930520,884580,0,1815100,1978488
36.932,932796,884580,0,1817376,1978488
36.983,935468,884580,0,1820048,1978488
37.033,937408,884580,0,1821988,1978488
37.083,940184,884580,0,1824764,1978488
37.133,943428,884580,0,1828008,1978488
37.184,945536,884580,0,1830116,1978488
37.234,948300,884580,0,1832880,1978488
37.284,950340,884580,0,1834920,1978488
37.334,954136,884580,0,1838716,1978488
37.385,957264,884580,0,1841844,1978488
37.435,960420,884580,0,1845000,1978488
37.485,964832,884580,0,1849412,1978488
37.535,968060,884580,0,1852640,1978488
37.585,973472,884580,0,1858052,1978488
37.636,974772,884580,0,1859352,1978488
37.686,976004,884580,0,1860584,1978488
37.736,977300,884580,0,1861880,1978488
37.786,980584,884580,0,1865164,1978488
37.836,981588,884580,0,1866168,1978488
37.887,984204,884580,0,1868784,1978488
37.937,985916,884580,0,1870496,1978488
37.987,996808,884756,0,1881564,1978488
38.037,996808,884756,0,1881564,1978488
38.088,996808,884756,0,1881564,1978488
38.138,996808,884756,0,1881564,1978488
38.188,996808,884756,0,1881564,1978488
38.238,996808,884756,0,1881564,1978488
38.289,996808,884756,0,1881564,1978488
38.339,996808,884756,0,1881564,1978488
38.389,996808,884756,0,1881564,1978488
38.439,920688,884756,0,1805444,1978488
38.489,920688,884756,0,1805444,1978488
38.540,920688,884756,0,1805444,1978488
38.590,920688,884756,0,1805444,1978488
38.640,920716,884756,0,1805472,1978488
38.690,921808,884756,0,1806564,1978488
38.741,921848,884756,0,1806604,1978488
38.791,922700,884756,0,1807456,1978488
38.841,923952,884756,0,1808708,1978488
38.891,925152,884756,0,1809908,1978488
38.941,926176,884756,0,1810932,1978488
38.992,927232,884756,0,1811988,1978488
39.042,928416,884756,0,1813172,1978488
39.092,930116,884756,0,1814872,1978488
39.142,930616,884756,0,1815372,1978488
39.193,932632,884756,0,1817388,1978488
39.243,933252,884756,0,1818008,1978488
39.293,934196,884756,0,1818952,1978488
39.343,934908,884756,0,1819664,1978488
39.393,935440,884756,0,1820196,1978488
39.444,935656,884756,0,1820412,1978488
39.494,935904,884756,0,1820660,1978488
39.544,936200,884756,0,1820956,1978488
39.594,936396,884756,0,1821152,1978488
39.645,936604,884756,0,1821360,1978488
39.695,936800,884756,0,1821556,1978488
39.745,937588,884756,0,1822344,1978488
39.795,938456,884756,0,1823212,1978488
39.845,939116,884756,0,1823872,1978488
39.896,940116,884756,0,1824872,1978488
39.946,940800,884756,0,1825556,1978488
39.996,941696,884756,0,1826452,1978488
40.046,942000,884756,0,1826756,1978488
40.096,942156,884756,0,1826912,1978488
40.147,942316,884756,0,1827072,1978488
40.197,942436,884756,0,1827192,1978488
40.247,942572,884756,0,1827328,1978488
40.297,942776,884756,0,1827532,1978488
40.347,942924,884756,0,1827680,1978488
40.398,943060,884756,0,1827816,1978488
40.448,943240,884756,0,1827996,1978488
40.498,943380,884756,0,1828136,1978488
40.548,943560,884756,0,1828316,1978488
40.599,943680,884756,0,1828436,1978488
40.649,943832,884756,0,1828588,1978488
40.699,943984,884756,0,1828740,1978488
40.749,944348,884756,0,1829104,1978488
40.799,944496,884756,0,1829252,1978488
40.850,944920,884756,0,1829676,1978488
40.900,945152,884756,0,1829908,1978488
40.950,945896,884756,0,1830652,1978488
41.000,946256,884756,0,1831012,1978488
41.050,946868,884756,0,1831624,1978488
41.101,947192,884756,0,1831948,1978488
41.151,947844,884756,0,1832600,1978488
41.201,949240,884756,0,1833996,1978488
41.251,949408,884756,0,1834164,1978488
41.301,949640,884756,0,1834396,1978488
41.352,949900,884756,0,1834656,1978488
41.402,950528,884756,0,1835284,1978488
41.452,950652,884756,0,1835408,1978488
41.502,951016,884756,0,1835772,1978488
41.552,951760,884756,0,1836516,1978488
41.603,952284,884756,0,1837040,1978488
41.653,952980,884756,0,1837736,1978488
41.703,953364,884756,0,1838120,1978488
41.753,954248,884756,0,1839004,1978488
41.803,954824,884756,0,1839580,1978488
41.854,955388,884756,0,1840144,1978488
41.904,956020,884756,0,1840776,1978488
41.954,956164,884756,0,1840920,1978488
42.004,956260,884756,0,1841016,1978488
42.054,958304,884756,0,1843060,1978488
42.105,958444,884756,0,1843200,1978488
42.155,958736,884756,0,1843492,1978488
42.205,960576,884756,0,1845332,1978488
42.255,960692,884756,0,1845448,1978488
42.305,963028,884756,0,1847784,1978488
42.356,963104,884756,0,1847860,1978488
42.406,965232,884756,0,1849988,1978488
42.456,966424,884756,0,1851180,1978488
42.506,966756,884756,0,1851512,1978488
42.557,968132,884756,0,1852888,1978488
42.607,968412,884756,0,1853168,1978488
42.657,968904,884756,0,1853660,1978488
42.708,969012,884756,0,1853768,1978488
42.758,969152,884756,0,1853908,1978488
42.808,969284,884756,0,1854040,1978488
42.858,969420,884756,0,1854176,1978488
42.909,969568,884756,0,1854324,1978488
42.959,969748,884756,0,1854504,1978488
43.009,969924,884756,0,1854680,1978488
43.059,970080,884756,0,1854836,1978488
43.110,970244,884756,0,1855000,1978488
43.160,970400,884756,0,1855156,1978488
43.210,970548,884756,0,1855304,1978488
43.260,970768,884756,0,1855524,1978488
43.311,971040,884756,0,1855796,1978488
43.361,971248,884756,0,1856004,1978488
43.411,971464,884756,0,1856220,1978488
43.461,971688,884756,0,1856444,1978488
43.511,971924,884756,0,1856680,1978488
43.562,972200,884756,0,1856956,1978488
43.612,972500,884756,0,1857256,1978488
43.662,972748,884756,0,1857504,1978488
43.712,973004,884756,0,1857760,1978488
43.762,973264,884756,0,1858020,1978488
43.813,973500,884756,0,1858256,1978488
43.863,973764,884756,0,1858520,1978488
43.913,973952,884756,0,1858708,1978488
43.963,974120,884756,0,1858876,1978488
44.013,974296,884756,0,1859052,1978488
44.064,974480,884756,0,1859236,1978488
44.114,974636,884756,0,1859392,1978488
44.164,974772,884756,0,1859528,1978488
44.214,974876,884756,0,1859632,1978488
44.265,974968,884756,0,1859724,1978488
44.315,975068,884756,0,1859824,1978488
44.365,975128,884756,0,1859884,1978488
44.415,975212,884756,0,1859968,1978488
44.465,975292,884756,0,1860048,1978488
44.516,975408,884756,0,1860164,1978488
44.566,975520,884756,0,1860276,1978488
44.616,975604,884756,0,1860360,1978488
44.666,975676,884756,0,1860432,1978488
44.717,975744,884756,0,1860500,1978488
44.767,975800,884756,0,1860556,1978488
44.817,975864,884756,0,1860620,1978488
44.867,975932,884756,0,1860688,1978488
44.917,975988,884756,0,1860744,1978488
44.968,976044,884756,0,1860800,1978488
45.018,976108,884756,0,1860864,1978488
45.068,976152,884756,0,1860908,1978488
45.118,976208,884756,0,1860964,1978488
45.168,976268,884756,0,1861024,1978488
45.218,976312,884756,0,1861068,1978488
45.269,976380,884756,0,1861136,1978488
45.319,976424,884756,0,1861180,1978488
45.369,976468,884756,0,1861224,1978488
45.419,976500,884756,0,1861256,1978488
45.469,976548,884756,0,1861304,1978488
45.520,976584,884756,0,1861340,1978488
45.570,976628,884756,0,1861384,1978488
45.620,976676,884756,0,1861432,1978488
45.670,976716,884756,0,1861472,1978488
45.720,976760,884756,0,1861516,1978488
45.771,976804,884756,0,1861560,1978488
45.821,976848,884756,0,1861604,1978488
45.871,976896,884756,0,1861652,1978488
45.921,976968,884756,0,1861724,1978488
45.972,977064,884756,0,1861820,1978488
46.022,977156,884756,0,1861912,1978488
46.072,977248,884756,0,1862004,1978488
46.122,977304,884756,0,1862060,1978488
46.173,977416,884756,0,1862172,1978488
46.223,977488,884756,0,1862244,1978488
46.273,977564,884756,0,1862320,1978488
46.323,977636,884756,0,1862392,1978488
46.373,977708,884756,0,1862464,1978488
46.424,977804,884756,0,1862560,1978488
46.474,977888,884756,0,1862644,1978488
46.524,977960,884756,0,1862716,1978488
46.574,978032,884756,0,1862788,1978488
46.625,978096,884756,0,1862852,1978488
46.675,978540,884756,0,1863296,1978488
46.725,979392,884756,0,1864148,1978488
46.775,988232,884756,0,1872988,1978488
46.825,988332,884756,0,1873088,1978488
46.876,988432,884756,0,1873188,1978488
46.926,988552,884756,0,1873308,1978488
46.976,996844,884756,0,1881600,1978488
47.026,996960,884756,0,1881716,1978488
47.077,997052,884756,0,1881808,1978488
47.127,997400,884756,0,1882156,1978488
47.177,999560,884756,0,1884316,1978488
47.227,1002772,884756,0,1887528,1978488
47.278,1016540,884756,0,1901296,1978488
47.328,1022552,884756,0,1907308,1978488
47.378,1022764,884756,0,1907520,1978488
47.428,1022996,884756,0,1907752,1978488
47.479,1023200,884756,0,1907956,1978488
47.529,1031588,884756,0,1916344,1978488
47.579,1031844,884756,0,1916600,1978488
47.629,1032368,884756,0,1917124,1978488
47.680,1033564,884756,0,1918320,1978488
47.730,1037280,884756,0,1922036,1978488
47.780,1038612,884756,0,1923368,1978488
47.830,1039968,884756,0,1924724,1978488
47.880,1043868,884756,0,1928624,1978488
47.931,1046756,884756,0,1931512,1978488
47.981,1047052,884756,0,1931808,1978488
48.031,1050992,884756,0,1935748,1978488
48.081,1054432,884756,0,1939188,1978488
48.131,1054816,884756,0,1939572,1978488
48.182,1056868,884756,0,1941624,1978488
48.232,1057512,884756,0,1942268,1978488
48.282,1062804,884756,0,1947560,1978488
48.332,1062804,884756,0,1947560,1978488
48.382,1062804,884756,0,1947560,1978488
48.433,1062804,884756,0,1947560,1978488
48.483,1062804,884756,0,1947560,1978488
48.533,1062804,884756,0,1947560,1978488
48.583,1062804,884756,0,1947560,1978488
48.633,1062804,884756,0,1947560,1978488
48.684,1062804,884756,0,1947560,1978488
48.734,978616,884756,0,1863372,1978488
48.784,978616,884756,0,1863372,1978488
48.834,978616,884756,0,1863372,1978488
48.885,978616,884756,0,1863372,1978488
48.935,978616,884756,0,1863372,1978488
48.985,978616,884756,0,1863372,1978488
49.035,978616,884756,0,1863372,1978488
49.086,978616,884756,0,1863372,1978488
49.136,978616,884756,0,1863372,1978488
49.186,978616,884756,0,1863372,1978488
49.236,978616,884756,0,1863372,1978488
49.286,978616,884756,0,1863372,1978488
49.337,978616,884756,0,1863372,1978488
49.387,978616,884756,0,1863372,1978488
49.437,978616,884756,0,1863372,1978488
49.487,978616,884756,0,1863372,1978488
49.538,978616,884756,0,1863372,1978488
49.588,978616,884756,0,1863372,1978488
49.638,978616,884756,0,1863372,1978488
49.688,978616,884756,0,1863372,1978488
49.738,978616,884756,0,1863372,1978488
49.789,978616,884756,0,1863372,1978488
49.839,978616,884756,0,1863372,1978488
49.889,978616,884756,0,1863372,1978488
49.940,978616,884756,0,1863372,1978488
49.990,978616,884756,0,1863372,1978488
50.040,978616,884756,0,1863372,1978488
50.090,978616,884756,0,1863372,1978488
50.141,978616,884756,0,1863372,1978488
50.191,978616,884756,0,1863372,1978488
50.241,978616,884756,0,1863372,1978488
50.291,978616,884756,0,1863372,1978488
50.342,978616,884756,0,1863372,1978488
50.392,978616,884756,0,1863372,1978488
50.442,978616,884756,0,1863372,1978488
50.492,978616,884756,0,1863372,1978488
50.542,978616,884756,0,1863372,1978488
50.593,978616,884756,0,1863372,1978488
50.643,978616,884756,0,1863372,1978488
50.693,978616,884756,0,1863372,1978488
50.743,978616,884756,0,1863372,1978488
50.794,978616,884756,0,1863372,1978488
50.844,978616,884756,0,1863372,1978488
50.894,978616,884756,0,1863372,1978488
50.944,978616,884756,0,1863372,1978488
50.994,978616,884756,0,1863372,1978488
51.045,978616,884756,0,1863372,1978488
51.095,978616,884756,0,1863372,1978488
51.145,978616,884756,0,1863372,1978488
51.195,978616,884756,0,1863372,1978488
51.246,978616,884756,0,1863372,1978488
51.296,978616,884756,0,1863372,1978488
51.347,978616,884756,0,1863372,1978488
51.397,978616,884756,0,1863372,1978488
51.447,978616,884756,0,1863372,1978488
51.498,978616,884756,0,1863372,1978488
51.548,978616,884756,0,1863372,1978488
51.598,978616,884756,0,1863372,1978488
51.648,978616,884756,0,1863372,1978488
51.699,978616,884756,0,1863372,1978488
51.749,978616,884756,0,1863372,1978488
51.799,978616,884756,0,1863372,1978488
51.850,978616,884756,0,1863372,1978488
51.900,978616,884756,0,1863372,1978488
51.950,978616,884756,0,1863372,1978488
52.000,978616,884756,0,1863372,1978488
52.050,978616,884756,0,1863372,1978488
52.101,978616,884756,0,1863372,1978488
52.151,978616,884756,0,1863372,1978488
52.201,978616,884756,0,1863372,1978488
52.251,978616,884756,0,1863372,1978488
52.302,978616,884756,0,1863372,1978488
52.352,978616,884756,0,1863372,1978488
52.402,978616,884756,0,1863372,1978488
52.453,978616,884756,0,1863372,1978488
52.503,978616,884756,0,1863372,1978488
52.553,978616,884756,0,1863372,1978488
52.603,978616,884756,0,1863372,1978488
52.654,978616,884756,0,1863372,1978488
52.704,978616,884756,0,1863372,1978488
52.754,978620,884756,0,1863376,1978488
52.804,978620,884756,0,1863376,1978488
52.855,978620,884756,0,1863376,1978488
52.905,978620,884756,0,1863376,1978488
52.955,978620,884756,0,1863376,1978488
53.005,978620,884756,0,1863376,1978488
53.055,978620,884756,0,1863376,1978488
53.106,978620,884756,0,1863376,1978488
53.156,978620,884756,0,1863376,1978488
53.206,978620,884756,0,1863376,1978488
53.256,978620,884756,0,1863376,1978488
53.307,978620,884756,0,1863376,1978488
53.357,978620,884756,0,1863376,1978488
53.407,978620,884756,0,1863376,1978488
53.457,978620,884756,0,1863376,1978488
53.507,978620,884756,0,1863376,1978488
53.558,978620,884756,0,1863376,1978488
53.608,978620,884756,0,1863376,1978488
53.658,978620,884756,0,1863376,1978488
53.708,978620,884756,0,1863376,1978488
53.759,978620,884756,0,1863376,1978488
53.809,978620,884756,0,1863376,1978488
53.859,978620,884756,0,1863376,1978488
53.910,978620,884756,0,1863376,1978488
53.960,978620,884756,0,1863376,1978488
54.010,978620,884756,0,1863376,1978488
54.061,978620,884756,0,1863376,1978488
54.111,978620,884756,0,1863376,1978488
54.161,978620,884756,0,1863376,1978488
54.211,978620,884756,0,1863376,1978488
54.261,978620,884756,0,1863376,1978488
54.312,978620,884756,0,1863376,1978488
54.362,978620,884756,0,1863376,1978488
54.412,978620,884756,0,1863376,1978488
54.462,978620,884756,0,1863376,1978488
54.513,978620,884756,0,1863376,1978488
54.563,978620,884756,0,1863376,1978488
54.613,978620,884756,0,1863376,1978488
54.663,978620,884756,0,1863376,1978488
54.714,978620,884756,0,1863376,1978488
54.764,978620,884756,0,1863376,1978488
54.814,978620,884756,0,1863376,1978488
54.864,978620,884756,0,1863376,1978488
54.914,978620,884756,0,1863376,1978488
54.965,978624,884756,0,1863380,1978488
55.015,978624,884756,0,1863380,1978488
55.065,978624,884756,0,1863380,1978488
55.115,978624,884756,0,1863380,1978488
55.165,978624,884756,0,1863380,1978488
55.216,978624,884756,0,1863380,1978488
55.266,978624,884756,0,1863380,1978488
55.316,978624,884756,0,1863380,1978488
55.366,978624,884756,0,1863380,1978488
55.417,978624,884756,0,1863380,1978488
55.467,978624,884756,0,1863380,1978488
55.517,978624,884756,0,1863380,1978488
55.567,978624,883476,0,1862100,1978488
55.617,978624,881428,0,1860052,1978488
55.668,978624,881428,0,1860052,1978488
55.718,978624,881428,0,1860052,1978488
55.768,978624,881428,0,1860052,1978488
55.818,978624,881428,0,1860052,1978488
55.868,978624,881428,0,1860052,1978488
55.919,978624,881428,0,1860052,1978488
55.969,978624,881428,0,1860052,1978488
56.019,978624,881428,0,1860052,1978488
56.069,978624,881428,0,1860052,1978488
56.119,978624,881428,0,1860052,1978488
56.170,978624,881428,0,1860052,1978488
56.220,978624,881428,0,1860052,1978488
56.270,978624,881428,0,1860052,1978488
56.320,978624,881428,0,1860052,1978488
56.371,978624,881428,0,1860052,1978488
56.421,978624,881428,0,1860052,1978488
56.471,978624,881428,0,1860052,1978488
56.521,978624,881428,0,1860052,1978488
56.573,978624,881428,0,1860052,1978488
56.623,978624,881428,0,1860052,1978488
56.673,978624,881428,0,1860052,1978488
56.723,978624,881428,0,1860052,1978488
56.773,978624,881428,0,1860052,1978488
56.823,978624,881428,0,1860052,1978488
56.874,978624,881428,0,1860052,1978488
56.924,978624,881428,0,1860052,1978488
56.974,978624,881428,0,1860052,1978488
57.024,978624,881428,0,1860052,1978488
57.075,978624,881428,0,1860052,1978488
57.125,978624,881428,0,1860052,1978488
57.175,978624,881428,0,1860052,1978488
57.225,978624,881428,0,1860052,1978488
57.275,978624,881428,0,1860052,1978488
57.326,978624,881428,0,1860052,1978488
57.376,978624,881428,0,1860052,1978488
57.426,978624,881428,0,1860052,1978488
57.476,978624,881428,0,1860052,1978488
57.526,978624,881428,0,1860052,1978488
57.577,978624,881428,0,1860052,1978488
57.627,978624,881428,0,1860052,1978488
57.677,978624,881428,0,1860052,1978488
57.727,978624,881428,0,1860052,1978488
57.777,978624,881428,0,1860052,1978488
57.828,978624,881428,0,1860052,1978488
57.878,978624,881428,0,1860052,1978488
57.928,978624,881428,0,1860052,1978488
57.978,982100,881428,0,1863528,1978488
58.028,982120,881428,0,1863548,1978488
58.079,985236,881428,0,1866664,1978488
58.129,985276,881428,0,1866704,1978488
58.179,986100,881428,0,1867528,1978488
58.229,986916,881428,0,1868344,1978488
58.280,987596,881428,0,1869024,1978488
58.330,988820,881428,0,1870248,1978488
58.380,991536,881428,0,1872964,1978488
58.430,992592,881428,0,1874020,1978488
58.481,994820,881428,0,1876248,1978488
58.531,996916,881428,0,1878344,1978488
58.581,997228,881428,0,1878656,1978488
58.631,998336,881428,0,1879764,1978488
58.681,999456,879380,0,1878836,1978488
58.732,1000812,879380,0,1880192,1978488
58.782,1001300,879380,0,1880680,1978488
58.832,1003772,879380,0,1883152,1978488
58.882,1004440,878356,0,1882796,1978488
58.932,1005484,876820,0,1882304,1978488
58.983,1010496,874772,0,1885268,1978488
59.033,1011176,871956,0,1883132,1978488
59.083,1012288,871956,0,1884244,1978488
59.133,1013328,871956,0,1885284,1978488
59.184,1014316,871588,0,1885904,1978488
59.234,1014880,871524,0,1886404,1978488
59.284,1017456,870420,0,1887876,1978488
59.334,1019172,870420,0,1889592,1978488
59.385,1020388,870356,0,1890744,1978488
59.435,1021428,869572,0,1891000,1978488
59.485,1022244,869012,0,1891256,1978488
59.535,1028068,865284,0,1893352,1978488
59.585,1036468,864260,0,1900728,1978488
59.636,1036760,864260,0,1901020,1978488
59.686,1037028,863668,0,1900696,1978488
59.736,1045524,863332,0,1908856,1978488
59.786,1045836,863332,0,1909168,1978488
59.837,1046168,863060,0,1909228,1978488
59.887,1047476,862164,0,1909640,1978488
59.937,1047776,861908,0,1909684,1978488
59.987,1064400,861700,0,1926100,1978488
60.037,1064796,861124,0,1925920,1978488
60.088,1065140,861188,0,1926328,1978488
60.138,1065140,861172,0,1926312,1978488
60.188,1065140,860084,0,1925224,1978488
60.238,1065140,859748,0,1924888,1978488
60.289,1065140,859476,0,1924616,1978488
60.339,1065140,858644,0,1923784,1978488
60.389,1065140,858180,0,1923320,1978488
60.439,1065140,858180,0,1923320,1978488
60.489,1065140,858132,0,1923272,1978488
60.540,1065140,858068,0,1923208,1978488
60.590,1065140,857572,0,1922712,1978488
60.640,1065140,857444,0,1922584,1978488
60.690,1065140,856980,0,1922120,1978488
60.741,978624,856788,0,1835412,1978488
60.791,978624,856564,0,1835188,1978488
60.841,978624,856532,0,1835156,1978488
60.891,978624,856532,0,1835156,1978488
60.942,978624,856532,0,1835156,1978488
60.992,978624,856532,0,1835156,1978488
61.042,978624,856276,0,1834900,1978488
61.092,978624,856276,0,1834900,1978488
61.142,978624,856276,0,1834900,1978488
61.193,978624,856276,0,1834900,1978488
61.243,978624,856276,0,1834900,1978488
61.293,978624,856276,0,1834900,1978488
61.343,978624,856276,0,1834900,1978488
61.394,978624,856276,0,1834900,1978488
61.444,978624,856276,0,1834900,1978488
61.494,978624,856276,0,1834900,1978488
61.544,978624,856276,0,1834900,1978488
61.594,978624,856276,0,1834900,1978488
61.645,978624,856276,0,1834900,1978488
61.695,978624,856276,0,1834900,1978488
61.745,978624,856276,0,1834900,1978488
61.795,978624,856276,0,1834900,1978488
61.845,978624,856276,0,1834900,1978488
61.896,978624,856276,0,1834900,1978488
61.946,978624,856276,0,1834900,1978488
61.996,978624,856276,0,1834900,1978488
62.046,978624,856276,0,1834900,1978488
62.097,978624,855732,0,1834356,1978488
62.147,978624,855204,0,1833828,1978488
62.197,978624,854404,0,1833028,1978488
62.247,978624,853892,0,1832516,1978488
62.297,978624,852964,0,1831588,1978488
62.348,978624,852964,0,1831588,1978488
62.398,978624,852964,0,1831588,1978488
62.448,978624,852964,0,1831588,1978488
62.498,978624,852964,0,1831588,1978488
62.549,978624,852964,0,1831588,1978488
62.599,978624,852964,0,1831588,1978488
62.649,978624,852964,0,1831588,1978488
62.699,978624,852964,0,1831588,1978488
62.750,978624,852964,0,1831588,1978488
62.800,978624,852964,0,1831588,1978488
62.850,978624,852964,0,1831588,1978488
62.900,978624,852964,0,1831588,1978488
62.950,978624,852964,0,1831588,1978488
63.001,978624,852964,0,1831588,1978488
63.051,978624,852964,0,1831588,1978488
63.101,978624,852964,0,1831588,1978488
63.151,978624,852964,0,1831588,1978488
63.201,978624,852964,0,1831588,1978488
63.252,978624,852964,0,1831588,1978488
63.302,978624,852964,0,1831588,1978488
63.352,978624,852964,0,1831588,1978488
63.402,978624,852964,0,1831588,1978488
63.452,978624,852964,0,1831588,1978488
63.503,978624,852964,0,1831588,1978488
63.553,978624,852964,0,1831588,1978488
63.603,978624,852964,0,1831588,1978488
63.653,978624,852964,0,1831588,1978488
63.703,978624,852964,0,1831588,1978488
63.754,978624,852964,0,1831588,1978488
63.804,978624,852964,0,1831588,1978488
63.854,978624,852964,0,1831588,1978488
63.904,978624,852964,0,1831588,1978488
63.955,978624,852964,0,1831588,1978488
64.005,978624,852964,0,1831588,1978488
64.055,978624,852964,0,1831588,1978488
64.105,978624,852964,0,1831588,1978488
64.155,978624,852964,0,1831588,1978488
64.206,978624,852964,0,1831588,1978488
64.256,978624,852964,0,1831588,1978488
64.306,978624,852964,0,1831588,1978488
64.356,978624,852964,0,1831588,1978488
64.406,978624,852964,0,1831588,1978488
64.457,978624,852964,0,1831588,1978488
64.507,978624,852964,0,1831588,1978488
64.557,978624,852964,0,1831588,1978488
64.607,978624,852964,0,1831588,1978488
64.657,978624,852964,0,1831588,1978488
64.708,978624,852964,0,1831588,1978488
64.758,978624,852964,0,1831588,1978488
64.808,978624,852964,0,1831588,1978488
64.858,978624,852964,0,1831588,1978488
64.908,978624,852964,0,1831588,1978488
64.959,978624,852964,0,1831588,1978488
65.009,978624,852964,0,1831588,1978488
65.059,978624,852964,0,1831588,1978488
65.109,978624,852964,0,1831588,1978488
65.159,978624,852964,0,1831588,1978488
65.210,978624,852964,0,1831588,1978488
65.260,978624,852964,0,1831588,1978488
65.310,978624,852964,0,1831588,1978488
65.360,978624,852964,0,1831588,1978488
65.410,978624,852964,0,1831588,1978488
65.461,978624,852964,0,1831588,1978488
65.511,978624,852964,0,1831588,1978488
65.561,978624,852964,0,1831588,1978488
65.611,978624,852964,0,1831588,1978488
65.661,978624,852964,0,1831588,1978488
65.712,978624,852964,0,1831588,1978488
65.762,978624,852964,0,1831588,1978488
65.812,978624,852964,0,1831588,1978488
65.862,978624,852964,0,1831588,1978488
65.913,978624,852964,0,1831588,1978488
65.963,978624,852964,0,1831588,1978488
66.013,978624,852964,0,1831588,1978488
66.063,978624,852964,0,1831588,1978488
66.113,978624,852964,0,1831588,1978488
66.164,978624,852964,0,1831588,1978488
66.214,978624,852964,0,1831588,1978488
66.264,978624,852964,0,1831588,1978488
66.314,978624,852964,0,1831588,1978488
66.364,978624,852964,0,1831588,1978488
66.415,978624,852964,0,1831588,1978488
66.465,978624,852964,0,1831588,1978488
66.515,978624,852964,0,1831588,1978488
66.565,978624,852964,0,1831588,1978488
66.616,978624,852964,0,1831588,1978488
66.666,978624,852964,0,1831588,1978488
66.716,978624,852964,0,1831588,1978488
66.766,978624,852964,0,1831588,1978488
66.816,978624,852964,0,1831588,1978488
66.867,978624,852964,0,1831588,1978488
66.917,978624,852964,0,1831588,1978488
66.967,978624,852964,0,1831588,1978488
67.017,978624,852964,0,1831588,1978488
67.067,978624,852964,0,1831588,1978488
67.118,978624,852964,0,1831588,1978488
67.168,978624,852964,0,1831588,1978488
67.218,978624,852964,0,1831588,1978488
67.268,978624,852964,0,1831588,1978488
67.319,978624,852964,0,1831588,1978488
67.369,978624,852964,0,1831588,1978488
67.419,978624,852964,0,1831588,1978488
67.469,978624,852964,0,1831588,1978488
67.519,978624,852964,0,1831588,1978488
67.570,978624,852964,0,1831588,1978488
67.620,978624,852964,0,1831588,1978488
67.670,978624,852964,0,1831588,1978488
67.720,978624,852964,0,1831588,1978488
67.770,978624,852964,0,1831588,1978488
67.820,978624,852964,0,1831588,1978488
67.871,978624,852964,0,1831588,1978488
67.921,978624,852964,0,1831588,1978488
67.971,978624,852964,0,1831588,1978488
68.021,978624,852964,0,1831588,1978488
68.072,978624,852964,0,1831588,1978488
68.122,978624,852964,0,1831588,1978488
68.172,978624,852964,0,1831588,1978488
68.222,978624,852964,0,1831588,1978488
68.272,978624,852964,0,1831588,1978488
68.323,978624,852964,0,1831588,1978488
68.373,978624,852964,0,1831588,1978488
68.423,978624,852964,0,1831588,1978488
68.473,978624,852964,0,1831588,1978488
68.523,978624,852964,0,1831588,1978488
68.574,978624,852964,0,1831588,1978488
68.624,978624,852964,0,1831588,1978488
68.674,978624,852964,0,1831588,1978488
68.724,978624,852964,0,1831588,1978488
68.774,978624,852964,0,1831588,1978488
68.825,978624,852964,0,1831588,1978488
68.875,978624,852964,0,1831588,1978488
68.925,978624,852964,0,1831588,1978488
68.975,978624,852964,0,1831588,1978488
69.025,978624,852964,0,1831588,1978488
69.076,980520,852964,0,1833484,1978488
69.126,981568,852964,0,1834532,1978488
69.176,982312,852964,0,1835276,1978488
69.226,983820,852964,0,1836784,1978488
69.276,986520,852964,0,1839484,1978488
69.327,987584,852964,0,1840548,1978488
69.377,988404,852964,0,1841368,1978488
69.427,990020,852964,0,1842984,1978488
69.477,991424,852964,0,1844388,1978488
69.527,992356,852964,0,1845320,1978488
69.578,993572,852964,0,1846536,1978488
69.628,994936,852964,0,1847900,1978488
69.678,997480,852964,0,1850444,1978488
69.728,999868,852964,0,1852832,1978488
69.778,1002040,852964,0,1855004,1978488
69.829,1003692,852964,0,1856656,1978488
69.879,1004812,852964,0,1857776,1978488
69.929,1007208,852964,0,1860172,1978488
69.979,1007472,852964,0,1860436,1978488
70.030,1009824,852964,0,1862788,1978488
70.080,1013028,852964,0,1865992,1978488
70.130,1017324,852964,0,1870288,1978488
70.180,1018516,852964,0,1871480,1978488
70.230,1018684,852964,0,1871648,1978488
70.281,1019528,852964,0,1872492,1978488
70.331,1021236,852964,0,1874200,1978488
70.381,1025056,852964,0,1878020,1978488
70.431,1025292,852964,0,1878256,1978488
70.481,1028064,852964,0,1881028,1978488
70.531,1029192,852964,0,1882156,1978488
70.582,1030728,852964,0,1883692,1978488
70.632,1032256,852964,0,1885220,1978488
70.682,1033452,852964,0,1886416,1978488
70.732,1035072,852964,0,1888036,1978488
70.782,1039012,852964,0,1891976,1978488
70.833,1043192,852964,0,1896156,1978488
70.883,1044084,852964,0,1897048,1978488
70.933,1044084,852964,0,1897048,1978488
70.983,1044084,852964,0,1897048,1978488
71.033,1044084,852964,0,1897048,1978488
71.084,1044084,852964,0,1897048,1978488
71.134,1044084,852964,0,1897048,1978488
71.184,1044084,852964,0,1897048,1978488
71.234,1044084,852964,0,1897048,1978488
71.284,983388,852964,0,1836352,1978488
71.334,983388,852964,0,1836352,1978488
71.385,983388,852964,0,1836352,1978488
71.435,983388,852964,0,1836352,1978488
71.485,983388,852964,0,1836352,1978488
71.535,983388,852964,0,1836352,1978488
71.585,983388,852964,0,1836352,1978488
71.636,983388,852964,0,1836352,1978488
71.686,983388,852964,0,1836352,1978488
71.736,983388,852964,0,1836352,1978488
71.786,983388,852964,0,1836352,1978488
71.837,983388,852964,0,1836352,1978488
71.887,983388,852964,0,1836352,1978488
71.937,983388,852964,0,1836352,1978488
71.987,983388,852964,0,1836352,1978488
72.037,983388,852964,0,1836352,1978488
72.088,983388,852964,0,1836352,1978488
72.138,983388,852964,0,1836352,1978488
72.188,983388,852964,0,1836352,1978488
72.238,983388,852964,0,1836352,1978488
72.288,983388,852964,0,1836352,1978488
72.339,983388,852964,0,1836352,1978488
72.389,983388,852964,0,1836352,1978488
72.439,983388,852964,0,1836352,1978488
72.489,983388,852964,0,1836352,1978488
72.540,983388,852964,0,1836352,1978488
72.590,983388,852964,0,1836352,1978488
72.640,983388,852964,0,1836352,1978488
72.690,983388,852964,0,1836352,1978488
72.740,983388,852964,0,1836352,1978488
72.790,983388,852964,0,1836352,1978488
72.841,983388,852964,0,1836352,1978488
72.891,983388,852964,0,1836352,1978488
72.941,983388,852964,0,1836352,1978488
72.991,983388,852964,0,1836352,1978488
73.041,983388,852964,0,1836352,1978488
73.092,983388,852964,0,1836352,1978488
73.142,983388,852964,0,1836352,1978488
73.192,983388,852964,0,1836352,1978488
73.242,983388,852964,0,1836352,1978488
73.292,983388,852964,0,1836352,1978488
73.343,983388,852964,0,1836352,1978488
73.393,983388,852964,0,1836352,1978488
73.443,983388,852964,0,1836352,1978488
73.493,983388,852964,0,1836352,1978488
73.543,983388,852964,0,1836352,1978488
73.594,983388,852964,0,1836352,1978488
73.644,983388,852964,0,1836352,1978488
73.694,983388,852964,0,1836352,1978488
73.744,983388,852964,0,1836352,1978488
73.794,983388,852964,0,1836352,1978488
73.845,983388,852964,0,1836352,1978488
73.895,983388,852964,0,1836352,1978488
73.945,983388,852964,0,1836352,1978488
73.995,983388,852964,0,1836352,1978488
74.046,983388,852964,0,1836352,1978488
74.096,983388,852964,0,1836352,1978488
74.146,983388,852964,0,1836352,1978488
74.196,983388,852964,0,1836352,1978488
74.246,983388,852964,0,1836352,1978488
74.297,983388,852964,0,1836352,1978488
74.347,983388,852964,0,1836352,1978488
74.397,983388,852964,0,1836352,1978488
74.447,983388,852964,0,1836352,1978488
74.498,983388,852964,0,1836352,1978488
74.548,983388,852964,0,1836352,1978488
74.598,983388,852964,0,1836352,1978488
74.648,983388,852964,0,1836352,1978488
74.698,983388,852964,0,1836352,1978488
74.749,983388,852964,0,1836352,1978488
74.799,983388,852964,0,1836352,1978488
74.849,983388,852964,0,1836352,1978488
74.899,983388,852964,0,1836352,1978488
74.949,983388,852964,0,1836352,1978488
75.000,983388,852964,0,1836352,1978488
75.050,983388,852964,0,1836352,1978488
75.100,983388,852964,0,1836352,1978488
75.150,983388,852964,0,1836352,1978488
75.200,983388,852964,0,1836352,1978488
75.251,983388,852964,0,1836352,1978488
75.301,983388,852964,0,1836352,1978488
75.351,983388,852964,0,1836352,1978488
75.401,983388,852964,0,1836352,1978488
75.451,983388,852964,0,1836352,1978488
75.502,983388,852964,0,1836352,1978488
75.552,983388,852964,0,1836352,1978488
75.602,983388,852964,0,1836352,1978488
75.652,983388,852964,0,1836352,1978488
75.702,983388,852964,0,1836352,1978488
75.753,983388,852964,0,1836352,1978488
75.803,983388,852964,0,1836352,1978488
75.853,983388,852964,0,1836352,1978488
75.903,983388,852964,0,1836352,1978488
75.953,983388,852964,0,1836352,1978488
76.004,983388,852964,0,1836352,1978488
76.054,983388,852964,0,1836352,1978488
76.104,983388,852964,0,1836352,1978488
76.154,983388,852964,0,1836352,1978488
76.205,983388,852964,0,1836352,1978488
76.255,983388,852964,0,1836352,1978488
76.305,983388,852964,0,1836352,1978488
76.355,983388,852964,0,1836352,1978488
76.406,983388,852964,0,1836352,1978488
76.456,983388,852964,0,1836352,1978488
76.506,983388,852964,0,1836352,1978488
76.556,983388,852964,0,1836352,1978488
76.607,983388,852964,0,1836352,1978488
76.657,983388,852964,0,1836352,1978488
76.707,983388,852964,0,1836352,1978488
76.757,983388,852964,0,1836352,1978488
76.808,983388,852964,0,1836352,1978488
76.858,983388,852964,0,1836352,1978488
76.908,983388,852964,0,1836352,1978488
76.958,983388,852964,0,1836352,1978488
77.009,983388,852964,0,1836352,1978488
77.059,983388,852964,0,1836352,1978488
77.109,983388,852964,0,1836352,1978488
77.159,983388,852964,0,1836352,1978488
77.210,983388,852964,0,1836352,1978488
77.260,983388,852964,0,1836352,1978488
77.310,983388,852964,0,1836352,1978488
77.360,983388,852964,0,1836352,1978488
77.410,983388,852964,0,1836352,1978488
77.461,983388,852964,0,1836352,1978488
77.511,983388,852964,0,1836352,1978488
77.561,983388,852964,0,1836352,1978488
77.611,983388,852964,0,1836352,1978488
77.662,983388,852964,0,1836352,1978488
77.712,983388,852964,0,1836352,1978488
77.762,983388,852964,0,1836352,1978488
77.812,983388,852964,0,1836352,1978488
77.863,983388,852964,0,1836352,1978488
77.913,983388,852964,0,1836352,1978488
77.963,983388,852964,0,1836352,1978488
78.013,983388,852964,0,1836352,1978488
78.064,983388,852964,0,1836352,1978488
78.114,983388,852964,0,1836352,1978488
78.164,983388,852964,0,1836352,1978488
78.214,983388,852964,0,1836352,1978488
78.264,983388,852964,0,1836352,1978488
78.315,983388,852964,0,1836352,1978488
78.365,983388,852964,0,1836352,1978488
78.415,983388,852964,0,1836352,1978488
78.465,983388,852964,0,1836352,1978488
78.516,983388,852964,0,1836352,1978488
78.566,983388,852964,0,1836352,1978488
78.616,983388,852964,0,1836352,1978488
78.666,983388,852964,0,1836352,1978488
78.717,983388,852964,0,1836352,1978488
78.767,983388,852964,0,1836352,1978488
78.817,983388,852964,0,1836352,1978488
78.867,983388,852964,0,1836352,1978488
78.918,983388,852964,0,1836352,1978488
78.968,983388,852964,0,1836352,1978488
79.018,983388,852964,0,1836352,1978488
79.068,983388,852964,0,1836352,1978488
79.119,983388,852964,0,1836352,1978488
79.169,983388,852964,0,1836352,1978488
79.219,983388,852964,0,1836352,1978488
79.269,983388,852964,0,1836352,1978488
79.319,983388,852964,0,1836352,1978488
79.370,983388,852964,0,1836352,1978488
79.420,983388,852964,0,1836352,1978488
79.470,983388,852964,0,1836352,1978488
79.520,983388,852964,0,1836352,1978488
79.571,983388,852964,0,1836352,1978488
79.621,983388,852964,0,1836352,1978488
79.671,983388,852964,0,1836352,1978488
79.721,983388,852964,0,1836352,1978488
79.772,983388,852964,0,1836352,1978488
79.822,983388,852964,0,1836352,1978488
79.872,983388,852964,0,1836352,1978488
79.922,983388,852964,0,1836352,1978488
79.972,983792,852964,0,1836756,1978488
80.023,984188,852964,0,1837152,1978488
80.073,985100,852964,0,1838064,1978488
80.123,985100,852964,0,1838064,1978488
80.173,985620,852964,0,1838584,1978488
80.224,986136,852964,0,1839100,1978488
80.274,986844,852964,0,1839808,1978488
80.324,989588,852964,0,1842552,1978488
80.374,990912,852964,0,1843876,1978488
80.424,992988,852964,0,1845952,1978488
80.475,993812,852964,0,1846776,1978488
80.525,995456,852964,0,1848420,1978488
80.575,997564,852964,0,1850528,1978488
80.625,998132,852964,0,1851096,1978488
80.675,998664,852964,0,1851628,1978488
80.726,1000068,852964,0,1853032,1978488
80.776,1001784,852964,0,1854748,1978488
80.826,1002748,852964,0,1855712,1978488
80.876,1004016,852964,0,1856980,1978488
80.926,1009096,852964,0,1862060,1978488
80.977,1009612,852964,0,1862576,1978488
81.027,1013384,852964,0,1866348,1978488
81.077,1013544,852964,0,1866508,1978488
81.127,1014684,852964,0,1867648,1978488
81.178,1016112,852964,0,1869076,1978488
81.228,1017528,852964,0,1870492,1978488
81.278,1020272,852964,0,1873236,1978488
81.328,1021220,852964,0,1874184,1978488
81.378,1021808,852964,0,1874772,1978488
81.429,1023532,852964,0,1876496,1978488
81.479,1025736,852964,0,1878700,1978488
81.529,1027316,852964,0,1880280,1978488
81.579,1029820,852964,0,1882784,1978488
81.629,1031296,852964,0,1884260,1978488
81.680,1032724,852964,0,1885688,1978488
81.730,1034940,852964,0,1887904,1978488
81.780,1035124,852964,0,1888088,1978488
81.830,1035580,852964,0,1888544,1978488
81.880,1037340,852964,0,1890304,1978488
81.931,1038480,852964,0,1891444,1978488
81.981,1040740,852964,0,1893704,1978488
82.031,1042036,852964,0,1895000,1978488
82.081,1046944,852964,0,1899908,1978488
82.131,1046944,852964,0,1899908,1978488
82.182,1046944,852964,0,1899908,1978488
82.232,1046944,852964,0,1899908,1978488
82.282,1046944,852964,0,1899908,1978488
82.333,1046944,852964,0,1899908,1978488
82.383,1046944,852964,0,1899908,1978488
82.433,1046944,852964,0,1899908,1978488
82.483,1046944,852964,0,1899908,1978488
82.534,1046944,852964,0,1899908,1978488
82.584,1046944,852964,0,1899908,1978488
82.634,1046944,852964,0,1899908,1978488
82.684,995412,852964,0,1848376,1978488
82.734,995412,852964,0,1848376,1978488
82.785,995412,852964,0,1848376,1978488
82.835,995412,852964,0,1848376,1978488
82.885,995412,852964,0,1848376,1978488
82.935,995412,852964,0,1848376,1978488
82.985,995412,852964,0,1848376,1978488
83.036,995412,852964,0,1848376,1978488
83.086,995412,852964,0,1848376,1978488
83.136,995412,852964,0,1848376,1978488
83.186,995412,852964,0,1848376,1978488
83.236,995412,852964,0,1848376,1978488
83.287,995412,852964,0,1848376,1978488
83.337,995412,852964,0,1848376,1978488
83.387,995412,852964,0,1848376,1978488
83.437,995412,852964,0,1848376,1978488
83.487,995412,852964,0,1848376,1978488
83.538,995412,852964,0,1848376,1978488
83.588,995412,852964,0,1848376,1978488
83.638,995412,852964,0,1848376,1978488
83.688,995412,852964,0,1848376,1978488
83.740,995412,852964,0,1848376,1978488
83.790,995412,852964,0,1848376,1978488
83.840,995412,852964,0,1848376,1978488
83.890,995412,852964,0,1848376,1978488
83.943,995412,852964,0,1848376,1978488
83.993,995412,852964,0,1848376,1978488
84.047,995412,852964,0,1848376,1978488
84.097,995412,852964,0,1848376,1978488
84.147,995412,852964,0,1848376,1978488
84.197,995412,852964,0,1848376,1978488
84.247,995412,852964,0,1848376,1978488
84.298,995412,852964,0,1848376,1978488
84.350,995412,852964,0,1848376,1978488
84.400,995412,852964,0,1848376,1978488
84.450,995412,852964,0,1848376,1978488
84.500,995412,852964,0,1848376,1978488
84.551,995412,852964,0,1848376,1978488
84.601,995412,852964,0,1848376,1978488
84.655,995412,852964,0,1848376,1978488
84.705,995412,852964,0,1848376,1978488
84.755,995412,852964,0,1848376,1978488
84.806,995412,852964,0,1848376,1978488
84.856,995412,852964,0,1848376,1978488
84.919,995412,852964,0,1848376,1978488
84.969,995412,852964,0,1848376,1978488
85.019,995412,852964,0,1848376,1978488
85.069,995412,852964,0,1848376,1978488
85.119,995412,852964,0,1848376,1978488
85.170,995412,852964,0,1848376,1978488
85.220,995412,852964,0,1848376,1978488
85.270,995412,852964,0,1848376,1978488
85.321,995412,852964,0,1848376,1978488
85.371,995412,852964,0,1848376,1978488
85.421,995412,852964,0,1848376,1978488
85.471,995412,852964,0,1848376,1978488
85.527,995412,852964,0,1848376,1978488
85.577,995412,852964,0,1848376,1978488
85.627,995412,852964,0,1848376,1978488
85.677,995412,852964,0,1848376,1978488
85.728,995412,852964,0,1848376,1978488
85.778,995412,852964,0,1848376,1978488
85.828,995412,852964,0,1848376,1978488
85.883,995412,852964,0,1848376,1978488
85.933,995412,852964,0,1848376,1978488
85.983,995412,852964,0,1848376,1978488
86.033,995412,852964,0,1848376,1978488
86.084,995412,852964,0,1848376,1978488
86.134,995412,852964,0,1848376,1978488
86.184,995412,852964,0,1848376,1978488
86.235,995412,852964,0,1848376,1978488
86.285,995412,852964,0,1848376,1978488
86.335,995412,852964,0,1848376,1978488
86.385,995412,852964,0,1848376,1978488
86.436,995412,852964,0,1848376,1978488
86.486,995412,852964,0,1848376,1978488
86.536,995412,852964,0,1848376,1978488
86.586,995412,852964,0,1848376,1978488
86.637,995412,852964,0,1848376,1978488
86.687,995412,852964,0,1848376,1978488
86.737,995412,852964,0,1848376,1978488
86.787,995412,852964,0,1848376,1978488
86.838,995412,852964,0,1848376,1978488
86.888,995412,852964,0,1848376,1978488
86.938,995412,852964,0,1848376,1978488
86.991,995412,852964,0,1848376,1978488
87.041,995412,852964,0,1848376,1978488
87.091,995412,852964,0,1848376,1978488
87.141,995412,852964,0,1848376,1978488
87.192,995412,852964,0,1848376,1978488
87.242,995412,852964,0,1848376,1978488
87.295,995412,852964,0,1848376,1978488
87.346,995412,852964,0,1848376,1978488
87.396,995412,852964,0,1848376,1978488
87.446,995412,852964,0,1848376,1978488
87.496,995412,852964,0,1848376,1978488
87.546,995412,852964,0,1848376,1978488
87.597,995412,852964,0,1848376,1978488
87.647,995412,852964,0,1848376,1978488
87.697,995412,852964,0,1848376,1978488
87.752,995412,852964,0,1848376,1978488
87.802,995412,852964,0,1848376,1978488
87.852,995412,852964,0,1848376,1978488
87.902,995412,852964,0,1848376,1978488
87.953,995412,852964,0,1848376,1978488
88.003,995412,852964,0,1848376,1978488
88.053,995412,852964,0,1848376,1978488
88.103,995412,852964,0,1848376,1978488
88.153,995412,852964,0,1848376,1978488
88.204,995412,852964,0,1848376,1978488
88.254,995412,852964,0,1848376,1978488
88.304,995412,852964,0,1848376,1978488
88.354,995412,852964,0,1848376,1978488
88.405,995412,852964,0,1848376,1978488
88.458,995412,852964,0,1848376,1978488
88.509,995412,852964,0,1848376,1978488
88.559,995412,852964,0,1848376,1978488
88.609,995412,852964,0,1848376,1978488
88.659,995412,852964,0,1848376,1978488
88.710,995412,852964,0,1848376,1978488
88.760,995412,852964,0,1848376,1978488
88.810,995412,852964,0,1848376,1978488
88.860,995412,852964,0,1848376,1978488
88.910,995412,852964,0,1848376,1978488
88.961,995412,852964,0,1848376,1978488
89.011,995412,852964,0,1848376,1978488
89.061,995412,852964,0,1848376,1978488
89.111,995412,852964,0,1848376,1978488
89.162,995412,852964,0,1848376,1978488
89.212,995412,852964,0,1848376,1978488
89.262,995412,852964,0,1848376,1978488
89.312,995412,852964,0,1848376,1978488
89.363,995412,852964,0,1848376,1978488
89.413,995412,852964,0,1848376,1978488
89.463,995412,852964,0,1848376,1978488
89.513,995412,852964,0,1848376,1978488
89.563,995412,852964,0,1848376,1978488
89.614,995412,852964,0,1848376,1978488
89.664,995412,852964,0,1848376,1978488
89.714,995412,852964,0,1848376,1978488
89.764,995412,852964,0,1848376,1978488
89.815,995412,852964,0,1848376,1978488
89.865,995412,852964,0,1848376,1978488
89.915,995412,852964,0,1848376,1978488
89.965,995412,852964,0,1848376,1978488
90.016,995412,852964,0,1848376,1978488
90.066,995412,852964,0,1848376,1978488
90.116,995412,852964,0,1848376,1978488
90.166,995412,852964,0,1848376,1978488
90.216,995412,852964,0,1848376,1978488
90.267,995412,852964,0,1848376,1978488
90.317,995412,852964,0,1848376,1978488
90.367,995412,852964,0,1848376,1978488
90.417,995412,852964,0,1848376,1978488
90.468,995412,852964,0,1848376,1978488
90.518,995412,852964,0,1848376,1978488
90.568,995412,852964,0,1848376,1978488
90.618,995412,852964,0,1848376,1978488
90.669,995412,852964,0,1848376,1978488
90.719,995412,852964,0,1848376,1978488
90.769,995412,852964,0,1848376,1978488
90.819,995412,852964,0,1848376,1978488
90.869,995412,852964,0,1848376,1978488
90.920,995412,852964,0,1848376,1978488
90.970,995412,852964,0,1848376,1978488
91.020,995412,852964,0,1848376,1978488
91.070,995412,852964,0,1848376,1978488
91.121,995412,852964,0,1848376,1978488
91.171,995412,852964,0,1848376,1978488
91.221,995412,852964,0,1848376,1978488
91.271,995412,852964,0,1848376,1978488
91.322,995412,852964,0,1848376,1978488
91.372,995412,852964,0,1848376,1978488
91.422,995412,852964,0,1848376,1978488
91.472,995412,852964,0,1848376,1978488
91.522,995412,852964,0,1848376,1978488
91.573,995412,852964,0,1848376,1978488
91.623,995412,852964,0,1848376,1978488
91.673,995412,852964,0,1848376,1978488
91.723,995412,852964,0,1848376,1978488
91.774,995412,852964,0,1848376,1978488
91.824,995412,852964,0,1848376,1978488
91.874,995412,852964,0,1848376,1978488
91.924,995412,852964,0,1848376,1978488
91.974,995412,852964,0,1848376,1978488
92.025,995412,852964,0,1848376,1978488
92.075,995412,852836,0,1848248,1978488
92.125,995412,852836,0,1848248,1978488
92.175,995412,852836,0,1848248,1978488
92.226,995412,852836,0,1848248,1978488
92.276,995412,852836,0,1848248,1978488
92.326,995412,852836,0,1848248,1978488
92.376,995412,852836,0,1848248,1978488
92.426,995412,852836,0,1848248,1978488
92.477,995412,852836,0,1848248,1978488
92.527,995412,852836,0,1848248,1978488
92.577,995412,851812,0,1847224,1978488
92.627,995412,851556,0,1846968,1978488
92.678,995412,851556,0,1846968,1978488
92.728,995412,851556,0,1846968,1978488
92.778,995412,851092,0,1846504,1978488
92.828,995412,850004,0,1845416,1978488
92.879,995412,849140,0,1844552,1978488
92.929,995412,847048,0,1842460,1978488
92.979,995412,845848,0,1841260,1978488
93.029,995412,844696,0,1840108,1978488
93.080,995412,844696,0,1840108,1978488
93.130,995412,844120,0,1839532,1978488
93.180,995412,843656,0,1839068,1978488
93.230,995412,843656,0,1839068,1978488
93.281,995412,843176,0,1838588,1978488
93.331,995412,842744,0,1838156,1978488
93.381,995412,842360,0,1837772,1978488
93.431,995412,842104,0,1837516,1978488
93.481,995412,842104,0,1837516,1978488
93.532,995412,842104,0,1837516,1978488
93.582,995412,840936,0,1836348,1978488
93.632,995412,840808,0,1836220,1978488
93.682,995412,840472,0,1835884,1978488
93.733,995412,840216,0,1835628,1978488
93.783,995412,840216,0,1835628,1978488
93.833,995412,840216,0,1835628,1978488
93.883,995412,840072,0,1835484,1978488
93.933,995412,839928,0,1835340,1978488
93.984,995412,839928,0,1835340,1978488
94.034,995412,839864,0,1835276,1978488
94.084,995412,839864,0,1835276,1978488
94.134,995412,839608,0,1835020,1978488
94.185,995412,839608,0,1835020,1978488
94.235,995412,839608,0,1835020,1978488
94.285,995412,839608,0,1835020,1978488
94.335,995412,839608,0,1835020,1978488
94.386,995412,839608,0,1835020,1978488
94.436,995412,839608,0,1835020,1978488
94.486,995412,839608,0,1835020,1978488
94.536,995412,839608,0,1835020,1978488
94.586,995412,839608,0,1835020,1978488
94.637,995412,839608,0,1835020,1978488
94.687,995412,839608,0,1835020,1978488
94.737,995412,839608,0,1835020,1978488
94.788,995412,839608,0,1835020,1978488
94.838,995412,839608,0,1835020,1978488
94.888,995412,839608,0,1835020,1978488
94.938,995412,839608,0,1835020,1978488
94.989,995412,839608,0,1835020,1978488
95.039,995416,839608,0,1835024,1978488
95.089,996576,839608,0,1836184,1978488
95.139,996764,839608,0,1836372,1978488
95.190,996764,839608,0,1836372,1978488
95.240,996924,839608,0,1836532,1978488
95.290,997448,839608,0,1837056,1978488
95.340,997856,839608,0,1837464,1978488
95.391,998404,839608,0,1838012,1978488
95.441,998408,839608,0,1838016,1978488
95.491,998416,839608,0,1838024,1978488
95.541,998680,839608,0,1838288,1978488
95.592,999256,839608,0,1838864,1978488
95.642,1002084,839608,0,1841692,1978488
95.692,1004176,839608,0,1843784,1978488
95.742,1006260,839352,0,1845612,1978488
95.793,1006296,839336,0,1845632,1978488
95.843,1007376,839336,0,1846712,1978488
95.893,1009976,839336,0,1849312,1978488
95.943,1010024,839336,0,1849360,1978488
95.994,1010068,839272,0,1849340,1978488
96.044,1011664,839272,0,1850936,1978488
96.094,1012232,839272,0,1851504,1978488
96.144,1013448,839272,0,1852720,1978488
96.195,1013656,839144,0,1852800,1978488
96.245,1015592,839144,0,1854736,1978488
96.295,1015984,839144,0,1855128,1978488
96.345,1017480,839144,0,1856624,1978488
96.396,1018424,839080,0,1857504,1978488
96.446,1020000,839080,0,1859080,1978488
96.496,1020080,839052,0,1859132,1978488
96.546,1020156,839052,0,1859208,1978488
96.597,1020744,839052,0,1859796,1978488
96.647,1021996,839052,0,1861048,1978488
96.697,1023672,839052,0,1862724,1978488
96.747,1025796,839052,0,1864848,1978488
96.798,1026932,839052,0,1865984,1978488
96.848,1030408,839052,0,1869460,1978488
96.898,1030580,839052,0,1869632,1978488
96.948,1031668,839052,0,1870720,1978488
96.998,1034828,839052,0,1873880,1978488
97.049,1035524,839052,0,1874576,1978488
97.099,1036468,839052,0,1875520,1978488
97.149,1037720,839052,0,1876772,1978488
97.199,1038704,839052,0,1877756,1978488
97.249,1040732,839052,0,1879784,1978488
97.300,1043508,839052,0,1882560,1978488
97.350,1047052,839052,0,1886104,1978488
97.400,1047744,839052,0,1886796,1978488
97.450,1047744,839052,0,1886796,1978488
97.501,1047744,839052,0,1886796,1978488
97.551,1047744,839052,0,1886796,1978488
97.601,1047744,839052,0,1886796,1978488
97.651,1047744,839052,0,1886796,1978488
97.701,1047744,839052,0,1886796,1978488
97.752,1047744,839052,0,1886796,1978488
97.802,1047744,839052,0,1886796,1978488
97.852,998312,839052,0,1837364,1978488
97.902,998312,839052,0,1837364,1978488
97.952,998312,839052,0,1837364,1978488
98.003,998312,839052,0,1837364,1978488
98.053,998312,839052,0,1837364,1978488
98.103,998312,839052,0,1837364,1978488
98.153,998312,839052,0,1837364,1978488
98.204,998312,839052,0,1837364,1978488
98.254,998312,839052,0,1837364,1978488
98.304,998312,839052,0,1837364,1978488
98.354,998312,839052,0,1837364,1978488
98.404,998312,839052,0,1837364,1978488
98.455,998312,839052,0,1837364,1978488
98.505,998312,839052,0,1837364,1978488
98.555,998312,839052,0,1837364,1978488
98.605,998312,839052,0,1837364,1978488
98.655,998312,839052,0,1837364,1978488
98.706,998312,839052,0,1837364,1978488
98.756,998312,839052,0,1837364,1978488
98.806,998312,839052,0,1837364,1978488
98.856,998312,839052,0,1837364,1978488
98.907,998312,839052,0,1837364,1978488
98.957,998312,839052,0,1837364,1978488
99.007,998312,839052,0,1837364,1978488
99.057,998312,839052,0,1837364,1978488
99.108,998312,839052,0,1837364,1978488
99.158,998312,839052,0,1837364,1978488
99.208,998312,839052,0,1837364,1978488
99.258,998312,839052,0,1837364,1978488
99.308,998312,839052,0,1837364,1978488
99.359,998312,839052,0,1837364,1978488
99.409,998312,839052,0,1837364,1978488
99.459,998312,839052,0,1837364,1978488
99.509,998312,839052,0,1837364,1978488
99.559,998312,839052,0,1837364,1978488
99.610,998312,839052,0,1837364,1978488
99.660,998312,839052,0,1837364,1978488
99.710,998312,839052,0,1837364,1978488
99.760,998312,839052,0,1837364,1978488
99.811,998312,839052,0,1837364,1978488
99.861,998312,839052,0,1837364,1978488
99.911,998312,839052,0,1837364,1978488
99.961,998312,839052,0,1837364,1978488
100.011,998312,839052,0,1837364,1978488
100.062,998312,839052,0,1837364,1978488
100.112,998312,839052,0,1837364,1978488
100.162,998312,839052,0,1837364,1978488
100.212,998312,839052,0,1837364,1978488
100.262,998312,839052,0,1837364,1978488
100.313,998312,839052,0,1837364,1978488
100.363,998312,839052,0,1837364,1978488
100.413,998312,839052,0,1837364,1978488
100.463,998312,839052,0,1837364,1978488
100.514,998312,839052,0,1837364,1978488
100.564,998312,839052,0,1837364,1978488
100.614,998312,839052,0,1837364,1978488
100.664,998312,839052,0,1837364,1978488
100.714,998312,839052,0,1837364,1978488
100.765,998312,839052,0,1837364,1978488
100.815,998312,839052,0,1837364,1978488
100.865,998312,839052,0,1837364,1978488
100.915,998312,839052,0,1837364,1978488
100.966,998312,839052,0,1837364,1978488
101.016,998312,839052,0,1837364,1978488
101.066,998312,839052,0,1837364,1978488
101.116,998312,839052,0,1837364,1978488
101.166,998312,839052,0,1837364,1978488
101.217,998312,839052,0,1837364,1978488
101.267,998312,839052,0,1837364,1978488
101.317,998312,839052,0,1837364,1978488
101.367,998312,839052,0,1837364,1978488
101.418,998312,839052,0,1837364,1978488
101.468,998312,839052,0,1837364,1978488
101.518,998312,839052,0,1837364,1978488
101.568,998312,839052,0,1837364,1978488
101.618,998312,839052,0,1837364,1978488
101.669,998312,839052,0,1837364,1978488
101.719,998312,839052,0,1837364,1978488
101.769,998312,839052,0,1837364,1978488
101.819,998312,839052,0,1837364,1978488
101.869,998312,839052,0,1837364,1978488
101.920,998312,839052,0,1837364,1978488
101.970,998312,839052,0,1837364,1978488
102.020,998312,839052,0,1837364,1978488
102.070,998312,839052,0,1837364,1978488
102.121,998312,839052,0,1837364,1978488
102.171,998312,839052,0,1837364,1978488
102.221,998312,839052,0,1837364,1978488
102.271,998312,839052,0,1837364,1978488
102.321,998312,839052,0,1837364,1978488
102.372,998312,839052,0,1837364,1978488
102.422,998312,839052,0,1837364,1978488
102.472,998312,839052,0,1837364,1978488
102.522,998312,839052,0,1837364,1978488
102.573,998312,839052,0,1837364,1978488
102.623,998312,839052,0,1837364,1978488
102.673,998312,839052,0,1837364,1978488
102.723,998312,839052,0,1837364,1978488
102.774,998312,839052,0,1837364,1978488
102.824,998312,839052,0,1837364,1978488
102.874,998312,839052,0,1837364,1978488
102.924,998312,839052,0,1837364,1978488
102.974,998312,839052,0,1837364,1978488
103.025,998312,839052,0,1837364,1978488
103.075,998312,839052,0,1837364,1978488
103.125,998312,839052,0,1837364,1978488
103.175,998312,839052,0,1837364,1978488
103.225,998312,839052,0,1837364,1978488
103.276,998312,839052,0,1837364,1978488
103.326,998312,839052,0,1837364,1978488
103.376,998312,839052,0,1837364,1978488
103.426,998312,839052,0,1837364,1978488
103.476,998312,839052,0,1837364,1978488
103.526,998312,839052,0,1837364,1978488
103.577,998312,839052,0,1837364,1978488
103.627,998312,839052,0,1837364,1978488
103.677,998312,839052,0,1837364,1978488
103.727,998312,839052,0,1837364,1978488
103.778,998312,839052,0,1837364,1978488
103.828,998312,839052,0,1837364,1978488
103.878,998312,839052,0,1837364,1978488
103.928,998312,839052,0,1837364,1978488
103.978,998312,839052,0,1837364,1978488
104.029,998312,839052,0,1837364,1978488
104.079,998312,839052,0,1837364,1978488
104.129,998312,839052,0,1837364,1978488
104.179,998312,839052,0,1837364,1978488
104.229,998312,839052,0,1837364,1978488
104.280,998312,839052,0,1837364,1978488
104.330,998312,839052,0,1837364,1978488
104.380,998312,839052,0,1837364,1978488
104.430,998312,839052,0,1837364,1978488
104.480,998312,839052,0,1837364,1978488
104.531,998312,839052,0,1837364,1978488
104.581,998312,839052,0,1837364,1978488
104.631,998312,839052,0,1837364,1978488
104.681,998312,839052,0,1837364,1978488
104.731,998312,839052,0,1837364,1978488
104.782,998312,839052,0,1837364,1978488
104.832,998312,839052,0,1837364,1978488
104.882,998312,839052,0,1837364,1978488
104.932,998312,839052,0,1837364,1978488
104.982,998312,839052,0,1837364,1978488
105.033,998312,839052,0,1837364,1978488
105.083,998312,839052,0,1837364,1978488
105.133,998312,839052,0,1837364,1978488
105.183,998312,839052,0,1837364,1978488
105.233,998312,839052,0,1837364,1978488
105.284,998312,839052,0,1837364,1978488
105.334,998312,839052,0,1837364,1978488
105.384,998312,839052,0,1837364,1978488
105.434,998312,839052,0,1837364,1978488
105.484,998312,839052,0,1837364,1978488
105.535,998312,839052,0,1837364,1978488
105.585,998312,839052,0,1837364,1978488
105.635,998312,839052,0,1837364,1978488
105.685,998312,839052,0,1837364,1978488
105.735,998312,839052,0,1837364,1978488
105.786,998312,839052,0,1837364,1978488
105.836,998312,839052,0,1837364,1978488
105.886,998312,839052,0,1837364,1978488
105.936,998312,839052,0,1837364,1978488
105.986,998312,839052,0,1837364,1978488
106.037,998312,839052,0,1837364,1978488
106.087,998312,839052,0,1837364,1978488
106.137,998904,839052,0,1837956,1978488
106.187,998904,839052,0,1837956,1978488
106.238,998904,839052,0,1837956,1978488
106.288,998904,839052,0,1837956,1978488
106.338,998904,839052,0,1837956,1978488
106.388,999324,839052,0,1838376,1978488
106.438,999996,839052,0,1839048,1978488
106.489,1000004,839052,0,1839056,1978488
106.539,1000012,839052,0,1839064,1978488
106.589,1000420,839052,0,1839472,1978488
106.639,1002488,839052,0,1841540,1978488
106.689,1002512,839052,0,1841564,1978488
106.740,1003316,839052,0,1842368,1978488
106.790,1005824,839052,0,1844876,1978488
106.840,1006384,839052,0,1845436,1978488
106.890,1006940,839052,0,1845992,1978488
106.941,1010480,839052,0,1849532,1978488
106.991,1013112,839052,0,1852164,1978488
107.041,1013900,839052,0,1852952,1978488
107.091,1018092,839052,0,1857144,1978488
107.141,1018180,839052,0,1857232,1978488
107.192,1020308,839052,0,1859360,1978488
107.242,1021964,839052,0,1861016,1978488
107.292,1024140,839052,0,1863192,1978488
107.342,1032480,839052,0,1871532,1978488
107.392,1036748,839052,0,1875800,1978488
107.443,1036944,839052,0,1875996,1978488
107.493,1037132,839052,0,1876184,1978488
107.543,1037324,839052,0,1876376,1978488
107.593,1039056,839052,0,1878108,1978488
107.643,1047424,839052,0,1886476,1978488
107.694,1047664,839052,0,1886716,1978488
107.744,1047892,839052,0,1886944,1978488
107.794,1048136,839052,0,1887188,1978488
107.844,1049612,839052,0,1888664,1978488
107.895,1053952,839052,0,1893004,1978488
107.945,1074552,839052,0,1913604,1978488
107.995,1074552,839052,0,1913604,1978488
108.045,1074552,839052,0,1913604,1978488
108.095,1074552,839052,0,1913604,1978488
108.146,1074552,839052,0,1913604,1978488
108.196,1074552,839052,0,1913604,1978488
108.246,1074552,839052,0,1913604,1978488
108.297,1074552,839052,0,1913604,1978488
108.347,1074552,839052,0,1913604,1978488
108.397,1054176,839052,0,1893228,1978488
108.448,1054176,839052,0,1893228,1978488
108.498,1054176,839052,0,1893228,1978488
108.548,978624,839052,0,1817676,1978488
108.599,978624,839052,0,1817676,1978488
108.649,978624,839052,0,1817676,1978488
108.699,978624,839052,0,1817676,1978488
108.750,978624,839052,0,1817676,1978488
108.800,978624,839468,0,1818092,1978488
108.850,978624,839468,0,1818092,1978488
108.900,978624,839468,0,1818092,1978488
108.951,978624,839468,0,1818092,1978488
109.001,978624,839468,0,1818092,1978488
109.051,978624,839468,0,1818092,1978488
109.101,978624,839468,0,1818092,1978488
109.152,978624,839468,0,1818092,1978488
109.202,978624,839468,0,1818092,1978488
109.252,978624,839468,0,1818092,1978488
109.303,978624,839468,0,1818092,1978488
109.353,978624,839468,0,1818092,1978488
109.403,978624,839468,0,1818092,1978488
109.453,978624,839468,0,1818092,1978488
109.504,978624,839468,0,1818092,1978488
109.554,978624,839468,0,1818092,1978488
109.604,978624,839468,0,1818092,1978488
109.655,978624,839468,0,1818092,1978488
109.705,978624,839468,0,1818092,1978488
109.755,978624,839468,0,1818092,1978488
109.806,978624,839468,0,1818092,1978488
109.857,978624,839468,0,1818092,1978488
109.907,978624,839468,0,1818092,1978488
109.957,978624,839468,0,1818092,1978488
110.008,978624,839468,0,1818092,1978488
110.059,978624,839468,0,1818092,1978488
110.109,978624,839468,0,1818092,1978488
110.160,978624,839468,0,1818092,1978488
110.210,978624,839468,0,1818092,1978488
110.260,978624,839468,0,1818092,1978488
110.311,978624,839468,0,1818092,1978488
110.362,978624,839468,0,1818092,1978488
110.412,978624,839468,0,1818092,1978488
110.463,978624,839468,0,1818092,1978488
110.513,978624,839468,0,1818092,1978488
110.563,978624,839468,0,1818092,1978488
110.613,978624,839468,0,1818092,1978488
110.664,978624,839468,0,1818092,1978488
110.714,978624,839468,0,1818092,1978488
110.764,978624,839468,0,1818092,1978488
110.814,978624,839468,0,1818092,1978488
110.865,978624,839468,0,1818092,1978488
110.915,978624,839468,0,1818092,1978488
110.965,978624,839468,0,1818092,1978488
111.016,978624,839468,0,1818092,1978488
111.066,978624,839468,0,1818092,1978488
111.117,978624,839468,0,1818092,1978488
111.167,978624,839468,0,1818092,1978488
111.218,978624,839468,0,1818092,1978488
111.268,978624,839468,0,1818092,1978488
111.318,978624,839468,0,1818092,1978488
111.369,978624,839468,0,1818092,1978488
111.419,978624,839468,0,1818092,1978488
111.469,978624,839468,0,1818092,1978488
111.519,978624,839468,0,1818092,1978488
111.570,978624,839468,0,1818092,1978488
111.620,978624,839468,0,1818092,1978488
111.670,978624,839468,0,1818092,1978488
111.720,978624,839468,0,1818092,1978488
111.770,978624,839468,0,1818092,1978488
111.821,978624,839468,0,1818092,1978488
111.871,978624,839468,0,1818092,1978488
111.921,978624,839468,0,1818092,1978488
111.971,978624,839468,0,1818092,1978488
112.022,978624,839468,0,1818092,1978488
112.072,978624,839468,0,1818092,1978488
112.122,978624,839468,0,1818092,1978488
112.172,978624,839468,0,1818092,1978488
112.222,978624,839468,0,1818092,1978488
112.273,978624,839468,0,1818092,1978488
112.323,978624,839468,0,1818092,1978488
112.373,978624,839468,0,1818092,1978488
112.423,978624,839468,0,1818092,1978488
112.474,978624,839468,0,1818092,1978488
112.524,978624,839468,0,1818092,1978488
112.574,978624,839468,0,1818092,1978488
112.624,978624,839468,0,1818092,1978488
112.675,978624,839468,0,1818092,1978488
112.725,978624,839468,0,1818092,1978488
112.775,978624,839468,0,1818092,1978488
112.825,978624,839468,0,1818092,1978488
112.875,978624,839468,0,1818092,1978488
112.926,978624,839468,0,1818092,1978488
112.976,978624,839468,0,1818092,1978488
113.026,978624,839468,0,1818092,1978488
113.076,978624,839468,0,1818092,1978488
113.127,978624,839468,0,1818092,1978488
113.177,978624,839468,0,1818092,1978488
113.227,978624,839468,0,1818092,1978488
113.277,978624,839468,0,1818092,1978488
113.328,978624,839468,0,1818092,1978488
113.378,978624,839468,0,1818092,1978488
113.428,978624,839468,0,1818092,1978488
113.478,978624,839468,0,1818092,1978488
113.528,978624,839468,0,1818092,1978488
113.579,978624,839468,0,1818092,1978488
113.629,978624,839468,0,1818092,1978488
113.679,978624,839468,0,1818092,1978488
113.729,978624,839468,0,1818092,1978488
113.779,978624,839468,0,1818092,1978488
113.830,978624,839468,0,1818092,1978488
113.880,978624,839468,0,1818092,1978488
113.930,978624,839468,0,1818092,1978488
113.981,978624,839468,0,1818092,1978488
114.031,978624,839468,0,1818092,1978488
114.081,978624,839468,0,1818092,1978488
114.131,978624,839468,0,1818092,1978488
114.181,978624,839468,0,1818092,1978488
114.232,978624,839468,0,1818092,1978488
114.282,978624,839468,0,1818092,1978488
114.332,978624,839468,0,1818092,1978488
114.382,978624,839468,0,1818092,1978488
114.433,978624,839468,0,1818092,1978488
114.483,978624,839468,0,1818092,1978488
114.533,978624,839468,0,1818092,1978488
114.583,978624,839468,0,1818092,1978488
114.633,978624,839468,0,1818092,1978488
114.684,978624,839468,0,1818092,1978488
114.734,978624,839468,0,1818092,1978488
114.784,978624,839468,0,1818092,1978488
114.834,978624,839468,0,1818092,1978488
114.884,978624,839468,0,1818092,1978488
114.935,978624,839468,0,1818092,1978488
114.985,978624,839468,0,1818092,1978488
115.035,978624,839468,0,1818092,1978488
115.085,978624,839468,0,1818092,1978488
115.136,978624,839468,0,1818092,1978488
115.186,978624,839468,0,1818092,1978488
115.236,978624,839468,0,1818092,1978488
115.286,978624,839468,0,1818092,1978488
115.337,978624,839468,0,1818092,1978488
115.387,978624,839468,0,1818092,1978488
115.437,978624,839468,0,1818092,1978488
115.487,978624,839468,0,1818092,1978488
115.538,978624,839468,0,1818092,1978488
115.588,978624,839468,0,1818092,1978488
115.638,978624,839468,0,1818092,1978488
115.688,978624,839468,0,1818092,1978488
115.738,978624,839468,0,1818092,1978488
115.789,978624,839468,0,1818092,1978488
115.839,978624,839468,0,1818092,1978488
115.889,978624,839468,0,1818092,1978488
115.939,978624,839468,0,1818092,1978488
115.990,978624,839468,0,1818092,1978488
116.040,978624,839468,0,1818092,1978488
116.090,978624,839468,0,1818092,1978488
116.140,978624,839468,0,1818092,1978488
116.190,978624,839468,0,1818092,1978488
116.241,978624,839468,0,1818092,1978488
116.291,978624,839468,0,1818092,1978488
116.341,978624,839468,0,1818092,1978488
116.391,978624,839468,0,1818092,1978488
116.442,978624,839468,0,1818092,1978488
116.492,978624,839468,0,1818092,1978488
116.542,978624,839468,0,1818092,1978488
116.592,978624,839468,0,1818092,1978488
116.643,978624,839468,0,1818092,1978488
116.693,978624,839468,0,1818092,1978488
116.743,978624,839468,0,1818092,1978488
116.793,978624,839468,0,1818092,1978488
116.843,978624,839468,0,1818092,1978488
116.894,978624,839468,0,1818092,1978488
116.944,978624,839468,0,1818092,1978488
116.994,978624,839468,0,1818092,1978488
117.044,978624,839468,0,1818092,1978488
117.095,978624,839468,0,1818092,1978488
117.145,978624,839468,0,1818092,1978488
117.195,978624,839468,0,1818092,1978488
117.245,978624,839468,0,1818092,1978488
117.295,978624,839468,0,1818092,1978488
117.346,978624,839468,0,1818092,1978488
117.396,978624,839468,0,1818092,1978488
117.446,978624,839468,0,1818092,1978488
117.496,978624,839468,0,1818092,1978488
117.547,978624,839468,0,1818092,1978488
117.597,978624,839468,0,1818092,1978488
117.647,978624,839468,0,1818092,1978488
117.697,978624,839468,0,1818092,1978488
117.748,978624,839468,0,1818092,1978488
117.798,978624,839468,0,1818092,1978488
117.848,978624,839468,0,1818092,1978488
117.898,978624,839468,0,1818092,1978488
117.948,978624,839468,0,1818092,1978488
117.999,978624,839468,0,1818092,1978488
118.049,978624,839468,0,1818092,1978488
118.099,978624,839468,0,1818092,1978488
118.149,978624,839468,0,1818092,1978488
118.199,978624,839468,0,1818092,1978488
118.250,978624,839468,0,1818092,1978488
118.300,978624,839468,0,1818092,1978488
118.350,978624,839468,0,1818092,1978488
118.400,978624,839468,0,1818092,1978488
118.450,978624,839468,0,1818092,1978488
118.501,978624,839468,0,1818092,1978488
118.551,978624,839468,0,1818092,1978488
118.601,978624,839468,0,1818092,1978488
118.651,978624,839468,0,1818092,1978488
118.701,978624,839468,0,1818092,1978488
118.752,978624,839468,0,1818092,1978488
118.802,978624,839468,0,1818092,1978488
118.852,978624,839468,0,1818092,1978488
118.902,978624,839468,0,1818092,1978488
118.953,978624,839468,0,1818092,1978488
119.003,978624,839468,0,1818092,1978488
119.053,978624,839468,0,1818092,1978488
119.103,978624,839468,0,1818092,1978488
119.154,978624,839468,0,1818092,1978488
119.204,978624,839468,0,1818092,1978488
119.254,978624,839468,0,1818092,1978488
119.304,978624,839468,0,1818092,1978488
119.355,978624,839468,0,1818092,1978488
119.405,978624,839468,0,1818092,1978488
119.456,978624,839468,0,1818092,1978488
119.506,978624,839468,0,1818092,1978488
119.556,978624,839468,0,1818092,1978488
119.607,978624,839468,0,1818092,1978488
119.657,978624,839468,0,1818092,1978488
119.707,978624,839468,0,1818092,1978488
119.757,978624,839468,0,1818092,1978488
119.807,978624,839452,0,1818076,1978488
119.858,978624,839260,0,1817884,1978488
119.908,978624,839260,0,1817884,1978488
119.958,978624,839260,0,1817884,1978488
120.008,978624,839260,0,1817884,1978488
120.059,978624,839260,0,1817884,1978488
120.109,978624,839260,0,1817884,1978488
120.159,978624,839260,0,1817884,1978488
120.209,978624,839260,0,1817884,1978488
120.260,978624,839260,0,1817884,1978488
120.310,978624,839260,0,1817884,1978488
120.360,978624,839260,0,1817884,1978488
120.410,978624,839260,0,1817884,1978488
120.461,978624,839260,0,1817884,1978488
120.511,978624,839260,0,1817884,1978488
120.561,978624,838940,0,1817564,1978488
120.612,978624,838556,0,1817180,1978488
120.662,978624,837980,0,1816604,1978488
120.712,978624,837916,0,1816540,1978488
120.762,978624,837420,0,1816044,1978488
120.813,978624,836956,0,1815580,1978488
120.863,978624,836364,0,1814988,1978488
120.913,978624,836268,0,1814892,1978488
120.964,978624,836124,0,1814748,1978488
121.014,978624,836124,0,1814748,1978488
121.064,978624,836124,0,1814748,1978488
121.114,978624,836124,0,1814748,1978488
121.165,978624,836124,0,1814748,1978488
121.215,978624,836124,0,1814748,1978488
121.265,978624,836124,0,1814748,1978488
121.315,978624,836124,0,1814748,1978488
121.365,978624,835852,0,1814476,1978488
121.416,978624,835564,0,1814188,1978488
121.466,978624,835132,0,1813756,1978488
121.516,978624,834508,0,1813132,1978488
121.566,978624,834476,0,1813100,1978488
121.617,978624,834476,0,1813100,1978488
121.667,978624,834412,0,1813036,1978488
121.717,978624,834380,0,1813004,1978488
121.767,978624,834332,0,1812956,1978488
121.818,978624,834076,0,1812700,1978488
121.868,978624,834076,0,1812700,1978488
121.919,978624,834076,0,1812700,1978488
121.969,978624,834076,0,1812700,1978488
122.019,978624,834076,0,1812700,1978488
122.069,978624,834060,0,1812684,1978488
122.120,978624,834060,0,1812684,1978488
122.170,978624,833996,0,1812620,1978488
122.220,978624,833740,0,1812364,1978488
122.270,978624,833740,0,1812364,1978488
122.321,978624,833740,0,1812364,1978488
122.371,978624,833740,0,1812364,1978488
122.421,978624,833740,0,1812364,1978488
122.471,978624,833660,0,1812284,1978488
122.522,978624,832636,0,1811260,1978488
122.572,978624,832636,0,1811260,1978488
122.622,978624,832636,0,1811260,1978488
122.673,978624,832636,0,1811260,1978488
122.723,978624,832380,0,1811004,1978488
122.773,978624,832380,0,1811004,1978488
122.823,978624,832380,0,1811004,1978488
122.873,978624,832380,0,1811004,1978488
122.924,978624,832380,0,1811004,1978488
122.974,978624,832380,0,1811004,1978488
123.024,978624,832380,0,1811004,1978488
123.074,978624,832380,0,1811004,1978488
123.125,978624,832380,0,1811004,1978488
123.175,978624,832380,0,1811004,1978488
123.225,978624,832380,0,1811004,1978488
123.275,978624,832380,0,1811004,1978488
123.325,978624,832380,0,1811004,1978488
123.376,978624,832380,0,1811004,1978488
123.426,978624,832380,0,1811004,1978488
123.476,978624,832380,0,1811004,1978488
123.526,978624,832380,0,1811004,1978488
123.576,978624,832380,0,1811004,1978488
123.627,978624,832380,0,1811004,1978488
123.677,978624,832380,0,1811004,1978488
123.727,978624,832380,0,1811004,1978488
123.777,978624,832380,0,1811004,1978488
123.828,978624,832380,0,1811004,1978488
123.878,978624,832380,0,1811004,1978488
123.928,978624,832380,0,1811004,1978488
123.978,978624,832380,0,1811004,1978488
124.028,978624,832380,0,1811004,1978488
124.079,978624,832380,0,1811004,1978488
124.129,978624,832380,0,1811004,1978488
124.179,978624,832380,0,1811004,1978488
124.229,978624,832380,0,1811004,1978488
124.279,978624,832380,0,1811004,1978488
124.330,978624,832380,0,1811004,1978488
124.380,978624,832380,0,1811004,1978488
124.430,978624,832380,0,1811004,1978488
124.481,978624,832380,0,1811004,1978488
124.531,978624,832380,0,1811004,1978488
124.581,978624,832380,0,1811004,1978488
124.631,978624,832380,0,1811004,1978488
124.681,978624,832380,0,1811004,1978488
124.732,978624,832380,0,1811004,1978488
124.782,978624,832380,0,1811004,1978488
124.832,978624,832380,0,1811004,1978488
124.882,978624,832380,0,1811004,1978488
124.933,978624,832380,0,1811004,1978488
124.983,978624,832380,0,1811004,1978488
125.033,978624,832380,0,1811004,1978488
125.083,978624,832380,0,1811004,1978488
125.133,978624,832380,0,1811004,1978488
125.184,978624,832380,0,1811004,1978488
125.234,978624,832380,0,1811004,1978488
125.284,978624,832380,0,1811004,1978488
125.334,978624,832380,0,1811004,1978488
125.385,978624,832380,0,1811004,1978488
125.435,978624,832380,0,1811004,1978488
125.485,978624,832380,0,1811004,1978488
125.535,978624,832380,0,1811004,1978488
125.585,979228,832572,0,1811800,1978488
125.636,979228,832572,0,1811800,1978488
125.686,979228,832572,0,1811800,1978488
125.736,979228,832572,0,1811800,1978488
125.786,979228,832572,0,1811800,1978488
125.837,979228,832572,0,1811800,1978488
125.887,979228,832572,0,1811800,1978488
125.937,979228,832572,0,1811800,1978488
125.987,979228,832572,0,1811800,1978488
126.038,979228,832572,0,1811800,1978488
126.088,979228,832572,0,1811800,1978488
126.138,979228,832572,0,1811800,1978488
126.188,979228,832572,0,1811800,1978488
126.239,979228,832572,0,1811800,1978488
126.289,979228,832572,0,1811800,1978488
126.339,979228,832572,0,1811800,1978488
126.389,979228,832572,0,1811800,1978488
126.440,979228,832572,0,1811800,1978488
126.490,979228,832572,0,1811800,1978488
126.540,979228,832572,0,1811800,1978488
126.590,979228,832572,0,1811800,1978488
126.640,979228,832572,0,1811800,1978488
126.691,979228,832572,0,1811800,1978488
126.741,979228,832572,0,1811800,1978488
126.791,979228,832572,0,1811800,1978488
126.841,979228,832572,0,1811800,1978488
126.892,979228,832572,0,1811800,1978488
126.942,979228,832572,0,1811800,1978488
126.992,979228,832572,0,1811800,1978488
127.042,979228,832572,0,1811800,1978488
127.093,979228,832572,0,1811800,1978488
127.143,979228,832572,0,1811800,1978488
127.193,979228,832572,0,1811800,1978488
127.243,979228,832572,0,1811800,1978488
127.294,979228,832572,0,1811800,1978488
127.344,979228,832572,0,1811800,1978488
127.394,979228,832572,0,1811800,1978488
127.444,979228,832572,0,1811800,1978488
127.495,979228,832572,0,1811800,1978488
127.545,979228,832572,0,1811800,1978488
127.595,979228,832572,0,1811800,1978488
127.645,979228,832572,0,1811800,1978488
127.695,979228,832572,0,1811800,1978488
127.746,979228,832572,0,1811800,1978488
127.796,979228,832572,0,1811800,1978488
127.846,979228,832572,0,1811800,1978488
127.896,979228,832572,0,1811800,1978488
127.947,979228,832572,0,1811800,1978488
127.997,979228,832572,0,1811800,1978488
128.047,979228,832572,0,1811800,1978488
128.097,979228,832572,0,1811800,1978488
128.147,979228,832572,0,1811800,1978488
128.198,979228,832572,0,1811800,1978488
128.248,979228,832572,0,1811800,1978488
128.298,979228,832572,0,1811800,1978488
128.348,979228,832572,0,1811800,1978488
128.398,979228,832572,0,1811800,1978488
128.449,979228,832572,0,1811800,1978488
128.499,979228,832572,0,1811800,1978488
128.549,979228,832572,0,1811800,1978488
128.599,979228,832572,0,1811800,1978488
128.650,979228,832572,0,1811800,1978488
128.700,979228,832572,0,1811800,1978488
128.750,979228,832572,0,1811800,1978488
128.801,979228,832572,0,1811800,1978488
128.851,979228,832572,0,1811800,1978488
128.901,979228,832572,0,1811800,1978488
128.951,979228,832572,0,1811800,1978488
129.001,979228,832572,0,1811800,1978488
129.052,979228,832572,0,1811800,1978488
129.102,979228,832572,0,1811800,1978488
129.152,979228,832572,0,1811800,1978488
129.202,979228,832572,0,1811800,1978488
129.253,979228,832572,0,1811800,1978488
129.303,979228,832572,0,1811800,1978488
129.353,979228,832572,0,1811800,1978488
129.403,979228,832572,0,1811800,1978488
129.453,979228,832572,0,1811800,1978488
129.504,979228,832572,0,1811800,1978488
129.554,979228,832572,0,1811800,1978488
129.604,979228,832572,0,1811800,1978488
129.654,979228,832572,0,1811800,1978488
129.705,979228,832572,0,1811800,1978488
129.755,979228,832572,0,1811800,1978488
129.805,979228,832572,0,1811800,1978488
129.855,979228,832572,0,1811800,1978488
129.905,979228,832572,0,1811800,1978488
129.956,979228,832572,0,1811800,1978488
130.006,979228,832572,0,1811800,1978488
130.056,979228,832572,0,1811800,1978488
130.106,979228,832572,0,1811800,1978488
130.156,979228,832572,0,1811800,1978488
130.207,979228,832572,0,1811800,1978488
130.257,979228,832572,0,1811800,1978488
130.307,979228,832572,0,1811800,1978488
130.357,979228,832572,0,1811800,1978488
130.408,979228,832572,0,1811800,1978488
130.458,979228,832572,0,1811800,1978488
130.508,979228,832572,0,1811800,1978488
130.558,979228,832572,0,1811800,1978488
130.608,979228,832572,0,1811800,1978488
130.659,979228,832572,0,1811800,1978488
130.709,979228,832572,0,1811800,1978488
130.759,979228,832572,0,1811800,1978488
130.809,979228,832572,0,1811800,1978488
130.860,979228,832572,0,1811800,1978488
130.910,979228,832572,0,1811800,1978488
130.960,979228,832572,0,1811800,1978488
131.010,979228,832572,0,1811800,1978488
131.061,979228,832572,0,1811800,1978488
131.111,979228,832572,0,1811800,1978488
131.161,979228,832572,0,1811800,1978488
131.211,979228,832572,0,1811800,1978488
131.262,979228,832572,0,1811800,1978488
131.312,979228,832572,0,1811800,1978488
131.362,979228,832572,0,1811800,1978488
131.412,979228,832572,0,1811800,1978488
131.462,979228,832572,0,1811800,1978488
131.513,979228,832572,0,1811800,1978488
131.563,979228,832572,0,1811800,1978488
131.613,979228,832572,0,1811800,1978488
131.663,979228,832572,0,1811800,1978488
131.714,979228,832572,0,1811800,1978488
131.764,979228,832572,0,1811800,1978488
131.814,979228,832572,0,1811800,1978488
131.864,979228,832572,0,1811800,1978488
131.915,979228,832572,0,1811800,1978488
131.965,979228,832572,0,1811800,1978488
132.015,979228,832572,0,1811800,1978488
132.065,979228,832572,0,1811800,1978488
132.115,979228,832572,0,1811800,1978488
132.166,979228,832572,0,1811800,1978488
132.216,979228,832572,0,1811800,1978488
132.266,979228,832572,0,1811800,1978488
132.316,979228,832572,0,1811800,1978488
132.366,979228,832572,0,1811800,1978488
132.417,979228,832572,0,1811800,1978488
132.467,979228,832572,0,1811800,1978488
132.517,979228,832620,0,1811848,1978488
132.567,979228,832620,0,1811848,1978488
132.618,979228,832620,0,1811848,1978488
132.668,979228,832620,0,1811848,1978488
132.718,979228,832620,0,1811848,1978488
132.768,979228,832620,0,1811848,1978488
132.818,979228,832620,0,1811848,1978488
132.869,979228,832620,0,1811848,1978488
132.919,979228,832620,0,1811848,1978488
132.969,979228,832620,0,1811848,1978488
133.019,979228,832620,0,1811848,1978488
133.070,979228,832620,0,1811848,1978488
133.120,979228,832620,0,1811848,1978488
133.170,979228,832620,0,1811848,1978488
133.220,979228,832620,0,1811848,1978488
133.270,979228,832620,0,1811848,1978488
133.321,979228,832620,0,1811848,1978488
133.371,979228,832620,0,1811848,1978488
133.421,979228,832620,0,1811848,1978488
133.471,979228,832620,0,1811848,1978488
133.521,979228,832620,0,1811848,1978488
133.572,979228,832620,0,1811848,1978488
133.622,979228,832620,0,1811848,1978488
133.672,979228,832620,0,1811848,1978488
133.722,979228,832620,0,1811848,1978488
133.773,979228,832620,0,1811848,1978488
133.823,979228,832620,0,1811848,1978488
133.873,979228,832620,0,1811848,1978488
133.923,979228,832620,0,1811848,1978488
133.974,979228,832620,0,1811848,1978488
134.024,979228,832620,0,1811848,1978488
134.074,979228,832620,0,1811848,1978488
134.124,979228,832620,0,1811848,1978488
134.175,979228,832620,0,1811848,1978488
134.225,979228,832620,0,1811848,1978488
134.275,979228,832620,0,1811848,1978488
134.325,979228,832620,0,1811848,1978488
134.376,979228,832620,0,1811848,1978488
134.426,979228,832620,0,1811848,1978488
134.476,979228,832620,0,1811848,1978488
134.526,979228,832620,0,1811848,1978488
134.577,979228,832620,0,1811848,1978488
134.627,979228,832620,0,1811848,1978488
134.677,979228,832620,0,1811848,1978488
134.727,979228,832620,0,1811848,1978488
134.777,979228,832620,0,1811848,1978488
134.828,979228,832620,0,1811848,1978488
134.878,979228,832620,0,1811848,1978488
134.928,979228,832620,0,1811848,1978488
134.978,979228,832620,0,1811848,1978488
135.028,979228,832620,0,1811848,1978488
135.079,979228,832620,0,1811848,1978488
135.129,990064,832620,0,1822684,1978488
135.179,1013332,832620,0,1845952,1978488
135.229,992288,832620,0,1824908,1978488
135.280,1002932,832620,0,1835552,1978488
135.330,1016604,832620,0,1849224,1978488
135.380,1019164,832620,0,1851784,1978488
135.431,1031404,832620,0,1864024,1978488
135.481,1043116,832620,0,1875736,1978488
135.531,1057488,832620,0,1890108,1978488
135.581,1066748,832620,0,1899368,1978488
135.632,1077124,832620,0,1909744,1978488
135.682,1091780,832620,0,1924400,1978488
135.732,1100848,832620,0,1933468,1978488
135.782,1109692,832620,0,1942312,1978488
135.833,1122592,832620,0,1955212,1978488
135.883,1150932,832620,0,1983552,1983552
135.933,1134140,832620,0,1966760,1983828
135.983,1152232,832620,0,1984852,1984852
136.033,1213876,832620,0,2046496,2046496
136.084,1276136,832620,0,2108756,2108756
136.134,1337924,832620,0,2170544,2170544
136.184,1394716,832620,0,2227336,2227336
136.234,1455188,832620,0,2287808,2287808
136.284,1513692,832620,0,2346312,2346312
136.335,1580684,832620,0,2413304,2413304
136.385,1662520,832620,0,2495140,2495140
136.435,1667148,832620,0,2499768,2499768
136.485,1667148,832620,0,2499768,2499768
136.535,1667308,832632,0,2499940,2499940
136.586,1667308,832632,0,2499940,2499940
136.636,1667308,832632,0,2499940,2499940
136.686,1667308,832712,0,2500020,2500020
136.736,1667308,832756,0,2500064,2500064
136.787,1667308,832756,0,2500064,2500064
136.837,1667308,832756,0,2500064,2500064
136.887,1667308,832756,0,2500064,2500064
136.937,1667308,832756,0,2500064,2500064
136.987,1667308,832756,0,2500064,2500064
137.038,1667308,832756,0,2500064,2500064
137.088,1667308,832756,0,2500064,2500064
137.138,1667308,832756,0,2500064,2500064
137.188,1667308,832756,0,2500064,2500064
137.238,1667308,832756,0,2500064,2500064
137.289,1667308,832756,0,2500064,2500064
137.339,1667308,832756,0,2500064,2500064
137.389,1667308,832756,0,2500064,2500064
137.439,1667308,833428,0,2500736,2500736
137.490,1589180,833696,0,2422876,2500472
137.540,1589180,833760,0,2422940,2500472
137.590,1589180,833760,0,2422940,2500472
137.640,1589180,833760,0,2422940,2500472
137.690,1589180,834016,0,2423196,2500472
137.741,1589180,859664,0,2448844,2500472
137.791,1589180,834320,0,2423500,2501300
137.841,1589180,835708,0,2424888,2501300
137.892,1589180,840512,0,2429692,2501300
137.942,1589180,949820,0,2539000,2539000
137.994,1597464,1355128,0,2952592,2952592
138.044,1610696,1357952,0,2968648,2968648
138.094,1616264,1358372,0,2974636,2974636
138.145,1628624,1358584,0,2987208,2987208
138.195,1640252,1358656,0,2998908,2998908
138.245,1644436,1358984,0,3003420,3003420
138.295,1651948,1358984,0,3010932,3010932
138.346,1666852,1359180,0,3026032,3026032
138.396,1688712,1359248,0,3047960,3047960
138.446,1698836,1359296,0,3058132,3058132
138.496,1715436,1359424,0,3074860,3074860
138.548,1727252,1359424,0,3086676,3086676
138.602,1732520,1359424,0,3091944,3091944
138.652,1734592,1359424,0,3094016,3094016
138.703,1742096,1359488,0,3101584,3101584
138.753,1745016,1359488,0,3104504,3104504
138.803,1746972,1359488,0,3106460,3106460
138.853,1746980,1360000,0,3106980,3106980
138.903,1747252,1360000,0,3107252,3107252
138.954,1747808,1360000,0,3107808,3107808
139.004,1748128,1360064,0,3108192,3108192
139.054,1751568,1360064,0,3111632,3111632
139.104,1753040,1360064,0,3113104,3113104
139.155,1755408,1360128,0,3115536,3115536
139.205,1757524,1360128,0,3117652,3117652
139.258,1757960,1360128,0,3118088,3118088
139.309,1758496,1360128,0,3118624,3118624
139.359,1760392,1360128,0,3120520,3120520
139.409,1762296,1360192,0,3122488,3122488
139.459,1763384,1360192,0,3123576,3123576
139.510,1763408,1360192,0,3123600,3123600
139.560,1763512,1360192,0,3123704,3123704
139.610,1763516,1360448,0,3123964,3123964
139.663,1763524,1360576,0,3124100,3124100
139.713,1765536,1360576,0,3126112,3126112
139.763,1768012,1360640,0,3128652,3128652
139.813,1768044,1360896,0,3128940,3128940
139.863,1770028,1360896,0,3130924,3130924
139.914,1773348,1360896,0,3134244,3134244
139.964,1777220,1360896,0,3138116,3138116
140.014,1778180,1360896,0,3139076,3139076
140.064,1778700,1360896,0,3139596,3139596
140.115,1778700,1360896,0,3139596,3139596
140.165,1778700,1360960,0,3139660,3139660
140.215,1778700,1361024,0,3139724,3139724
140.265,1778956,1361024,0,3139980,3139980
140.316,1779100,1361024,0,3140124,3140124
140.366,1779100,1361088,0,3140188,3140188
140.416,1780348,1361088,0,3141436,3141436
140.466,1780348,1361088,0,3141436,3141436
140.516,1780684,1361792,0,3142476,3142476
140.570,1781384,1361920,0,3143304,3143304
140.621,1781384,1362048,0,3143432,3143432
140.671,1781384,1362048,0,3143432,3143432
140.721,1781932,1362304,0,3144236,3144236
140.774,1781932,1363008,0,3144940,3144940
140.825,1782580,1364928,0,3147508,3147508
140.875,1784260,1365056,0,3149316,3149316
140.925,1784260,1365056,0,3149316,3149316
140.975,1784648,1365056,0,3149704,3149704
141.026,1789044,1365120,0,3154164,3154164
141.076,1789044,1365120,0,3154164,3154164
141.126,1790132,1365120,0,3155252,3155252
141.176,1790496,1365120,0,3155616,3155616
141.226,1790496,1365120,0,3155616,3155616
141.277,1790496,1365248,0,3155744,3155744
141.327,1790496,1365248,0,3155744,3155744
141.377,1790496,1365248,0,3155744,3155744
141.427,1790576,1365248,0,3155824,3155824
141.478,1790580,1365248,0,3155828,3155828
141.528,1790580,1365248,0,3155828,3155828
141.578,1790580,1365248,0,3155828,3155828
141.631,1790980,1365296,0,3156276,3156276
141.681,1791360,1365312,0,3156672,3156672
141.731,1791360,1365376,0,3156736,3156736
141.781,1792240,1365376,0,3157616,3157616
141.831,1792640,1365376,0,3158016,3158016
141.882,1792928,1365376,0,3158304,3158304
141.932,1794284,1365440,0,3159724,3159724
141.982,1795712,1365440,0,3161152,3161152
142.032,1796096,1365440,0,3161536,3161536
142.083,1796096,1365440,0,3161536,3161536
142.133,1796096,1365440,0,3161536,3161536
142.183,1796100,1355536,0,3151636,3159996
142.235,1796884,1355536,0,3152420,3159996
142.285,1798316,1355216,0,3153532,3159996
142.335,1798316,1354784,0,3153100,3159996
142.385,1801292,1352512,0,3153804,3159996
142.435,1801292,1352512,0,3153804,3159996
142.486,1801292,1352352,0,3153644,3159996
142.536,1801460,1352352,0,3153812,3159996
142.586,1801676,1350892,0,3152568,3159996
142.636,1802232,1350232,0,3152464,3159996
142.687,1802232,1349912,0,3152144,3159996
142.737,1802232,1349784,0,3152016,3159996
142.787,1802232,1349784,0,3152016,3159996
142.837,1802232,1349784,0,3152016,3159996
142.887,1802232,1349784,0,3152016,3159996
142.938,1802232,1349784,0,3152016,3159996
142.988,1802232,1349784,0,3152016,3159996
143.038,1802232,1349784,0,3152016,3159996
143.088,1802232,1349784,0,3152016,3159996
143.139,1802232,1349784,0,3152016,3159996
143.189,1802232,1349784,0,3152016,3159996
143.239,1802232,1349784,0,3152016,3159996
143.289,1802232,1349784,0,3152016,3159996
143.340,1802232,1349784,0,3152016,3159996
143.390,1802232,1349784,0,3152016,3159996
143.440,1802232,1349784,0,3152016,3159996
143.490,1802232,1349784,0,3152016,3159996
143.540,1802232,1349784,0,3152016,3159996
143.591,1802232,1349784,0,3152016,3159996
143.641,1802232,1349752,0,3151984,3159996
143.691,1802232,1349752,0,3151984,3159996
143.741,1802232,1318516,0,3120748,3159996
143.792,1802232,1318516,0,3120748,3159996
143.842,1802232,1272508,0,3074740,3159996
143.892,1802232,1272508,0,3074740,3159996
143.942,1802232,1262660,0,3064892,3159996
143.992,1802232,1262660,0,3064892,3159996
144.043,1802232,1262660,0,3064892,3159996
144.093,1802232,1259064,0,3061296,3159996
144.143,1802232,1259064,0,3061296,3159996
144.193,1802232,1254640,0,3056872,3159996
144.243,1802232,1254640,0,3056872,3159996
144.294,1802232,1254516,0,3056748,3159996
144.344,1802232,1253812,0,3056044,3159996
144.394,1802232,1248036,0,3050268,3159996
144.444,1802232,1248036,0,3050268,3159996
144.495,1802232,1247284,0,3049516,3159996
144.545,1802232,1247284,0,3049516,3159996
144.595,1802232,1246480,0,3048712,3159996
144.645,1802232,1246436,0,3048668,3159996
144.696,1802232,1246436,0,3048668,3159996
144.746,1802232,1246436,0,3048668,3159996
144.796,1802232,1246436,0,3048668,3159996
144.846,1802232,1246436,0,3048668,3159996
144.896,1802232,1246436,0,3048668,3159996
144.946,1802232,1246436,0,3048668,3159996
144.997,1802232,1246436,0,3048668,3159996
145.047,1802232,1246436,0,3048668,3159996
145.097,1802232,1246436,0,3048668,3159996
145.147,1802232,1246436,0,3048668,3159996
145.197,1802232,1246436,0,3048668,3159996
145.248,1802232,1246436,0,3048668,3159996
145.298,1802232,1246436,0,3048668,3159996
145.348,1802232,1246436,0,3048668,3159996
145.398,1802232,1246436,0,3048668,3159996
145.448,1802232,1246436,0,3048668,3159996
145.499,1802232,1246436,0,3048668,3159996
145.549,1802232,1246436,0,3048668,3159996
145.599,1802232,1246436,0,3048668,3159996
145.649,1802232,1246436,0,3048668,3159996
145.700,1802232,1246436,0,3048668,3159996
145.750,1802232,1246436,0,3048668,3159996
145.800,1802232,1246436,0,3048668,3159996
145.850,1802232,1246436,0,3048668,3159996
145.901,1802232,1246436,0,3048668,3159996
145.951,1802232,1246436,0,3048668,3159996
146.001,1802232,1246436,0,3048668,3159996
146.051,1802232,1246436,0,3048668,3159996
146.102,1802232,1246436,0,3048668,3159996
146.152,1802232,1246436,0,3048668,3159996
146.202,1802232,1246436,0,3048668,3159996
146.252,1802232,1246436,0,3048668,3159996
146.302,1802232,1246436,0,3048668,3159996
146.353,1802232,1246436,0,3048668,3159996
146.403,1802232,1246436,0,3048668,3159996
146.453,1802232,1246436,0,3048668,3159996
146.503,1802232,1246436,0,3048668,3159996
146.553,1802232,1246436,0,3048668,3159996
146.604,1802232,1246436,0,3048668,3159996
146.654,1802232,1246436,0,3048668,3159996
146.704,1802232,1246436,0,3048668,3159996
146.754,1802232,1246436,0,3048668,3159996
146.804,1802232,1246436,0,3048668,3159996
146.855,1802232,1246436,0,3048668,3159996
146.905,1802232,1246436,0,3048668,3159996
146.955,1802232,1246484,0,3048716,3159996
147.005,1802232,1262356,0,3064588,3159996
147.056,1802232,1351828,0,3154060,3159996
147.106,1802232,1443284,0,3245516,3245516
147.156,1802232,1246484,0,3048716,3280620
147.206,1802232,1246484,0,3048716,3280620
147.256,1802232,1246992,0,3049224,3280620
147.307,1802232,1249344,0,3051576,3280620
147.357,1802232,1256404,0,3058636,3280620
147.407,1802232,1320676,0,3122908,3280620
147.457,1802232,1768188,0,3570420,3570420
147.510,1802232,1769912,0,3572144,3572144
147.561,1802232,1771364,0,3573596,3573596
147.614,1802232,1773216,0,3575448,3575448
147.665,1802232,1774560,0,3576792,3576792
147.715,1802232,1775952,0,3578184,3578184
147.765,1802232,1777352,0,3579584,3579584
147.815,1802232,1778772,0,3581004,3581004
147.866,1802232,1780428,0,3582660,3582660
147.916,1802232,1781708,0,3583940,3583940
147.966,1802232,1782808,0,3585040,3585040
148.016,1802232,1784124,0,3586356,3586356
148.066,1802232,1785200,0,3587432,3587432
148.117,1802232,1786536,0,3588768,3588768
148.175,1802232,1787924,0,3590156,3590156
148.225,1802232,1789032,0,3591264,3591264
148.275,1802232,1790116,0,3592348,3592348
148.325,1802232,1791512,0,3593744,3593744
148.376,1802232,1792368,0,3594600,3594600
148.426,1802232,1793436,0,3595668,3595668
148.476,1802232,1794744,0,3596976,3596976
148.526,1802232,1796084,0,3598316,3598316
148.577,1802232,1797224,0,3599456,3599456
148.627,1802232,1798584,0,3600816,3600816
148.677,1802232,1799900,0,3602132,3602132
148.727,1802232,1801488,0,3603720,3603720
148.778,1802232,1802824,0,3605056,3605056
148.828,1802232,1804492,0,3606724,3606724
148.878,1802232,1806052,0,3608284,3608284
148.928,1802232,1807184,0,3609416,3609416
148.979,1802232,1808288,0,3610520,3610520
149.029,1802232,1809392,0,3611624,3611624
149.082,1802232,1810704,0,3612936,3612936
149.133,1802232,1812392,0,3614624,3614624
149.183,1802232,1813712,0,3615944,3615944
149.233,1802232,1814716,0,3616948,3616948
149.284,1802232,1815404,0,3617636,3617636
149.343,1802232,1816408,0,3618640,3618640
149.393,1802232,1817088,0,3619320,3619320
149.443,1802232,1816796,0,3619028,3619028
149.493,1802232,1817300,0,3619532,3619532
149.543,1802232,1817684,0,3619916,3619916
149.594,1802232,1817684,0,3619916,3619916
149.644,1802232,1817684,0,3619916,3619916
149.694,1802232,1817684,0,3619916,3619916
149.744,1802232,1817684,0,3619916,3619916
149.795,1802232,1817684,0,3619916,3619916
149.845,1802232,1817684,0,3619916,3619916
149.895,1802232,1817684,0,3619916,3619916
149.945,1802232,1817684,0,3619916,3619916
149.995,1802232,1817684,0,3619916,3619916
150.046,1802232,1817684,0,3619916,3619916
150.096,1802232,1817684,0,3619916,3619916
150.146,1802232,1817524,0,3619756,3619756
150.197,1802232,1817524,0,3619756,3619756
150.247,1802232,1817524,0,3619756,3619756
150.297,1802232,1817524,0,3619756,3619756
150.347,1802232,1817524,0,3619756,3619756
150.398,1802232,1817524,0,3619756,3619756
150.448,1802232,1817460,0,3619692,3619692
150.498,1802232,1817428,0,3619660,3619660
150.548,1802232,1817428,0,3619660,3619660
150.599,1802232,1817364,0,3619596,3619596
150.649,1802232,1817364,0,3619596,3619596
150.699,1802232,1816788,0,3619020,3619020
150.750,1802232,1816788,0,3619020,3619020
150.800,1802232,1816756,0,3618988,3619012
150.850,1802232,1816756,0,3618988,3619012
150.900,1802232,1816756,0,3618988,3619012
150.951,1802232,1816756,0,3618988,3619012
151.001,1802232,1816756,0,3618988,3619012
151.051,1802232,1816756,0,3618988,3619012
151.101,1802232,1816756,0,3618988,3619012
151.152,1802232,1816756,0,3618988,3619012
151.202,1802232,1816756,0,3618988,3619012
151.252,1802232,1816756,0,3618988,3619012
151.302,1802232,1816756,0,3618988,3619012
151.352,1802232,1816756,0,3618988,3619012
151.403,1802232,1816756,0,3618988,3619012
151.453,1802232,1864244,0,3666476,3666476
151.503,1802232,1816756,0,3618988,3724996
151.553,1802232,1816624,0,3618856,3724996
151.603,1802232,1893280,0,3695512,3724996
151.654,1802232,1894060,0,3696292,3724996
151.704,1802232,1895372,0,3697604,3724996
151.754,1802232,1895912,0,3698144,3724996
151.804,1802232,1900492,0,3702724,3724996
151.855,1802232,1903652,0,3705884,3724996
151.905,1802232,1908176,0,3710408,3724996
151.955,1802232,1909956,0,3712188,3724996
152.005,1802232,1914100,0,3716332,3724996
152.055,1802232,1919732,0,3721964,3724996
152.106,1802232,1925312,0,3727544,3727544
152.156,1802232,1929512,0,3731744,3731744
152.206,1802232,1932808,0,3735040,3735040
152.260,1802232,1939152,0,3741384,3741384
152.310,1802232,1944200,0,3746432,3746432
152.360,1802232,1944328,0,3746560,3746560
152.410,1802232,1944328,0,3746560,3746560
152.460,1802232,1944328,0,3746560,3746560
152.511,1802232,1944328,0,3746560,3746560
152.561,1802232,1944328,0,3746560,3746560
152.611,1802232,1944328,0,3746560,3746560
152.661,1802232,1944328,0,3746560,3746560
152.712,1802232,1944328,0,3746560,3746560
152.762,1802232,1944392,0,3746624,3746624
152.812,1802232,1944392,0,3746624,3746624
152.862,1802232,1944392,0,3746624,3746624
152.913,1802232,1944392,0,3746624,3746624
152.963,1802232,1944392,0,3746624,3746624
153.013,1802232,1944392,0,3746624,3746624
153.063,1802232,1944392,0,3746624,3746624
153.114,1802232,1943480,0,3745712,3745712
153.164,1802232,1943368,0,3745600,3745644
153.214,1802232,1943368,0,3745600,3745644
153.264,1802232,1943368,0,3745600,3745644
153.315,1802232,1943368,0,3745600,3745644
153.365,1802232,1943368,0,3745600,3745644
153.415,1802232,1943368,0,3745600,3745644
153.465,1802232,1943368,0,3745600,3745644
153.515,1802232,1943368,0,3745600,3745644
153.566,1802232,1943368,0,3745600,3745644
153.616,1802232,1943368,0,3745600,3745644
153.666,1802232,1943368,0,3745600,3745644
153.716,1802232,1943368,0,3745600,3745644
153.767,1802232,1943368,0,3745600,3745644
153.817,1802232,1943368,0,3745600,3745644
153.867,1802232,1943368,0,3745600,3745644
153.917,1802232,1943368,0,3745600,3745644
153.967,1802232,1943368,0,3745600,3745644
154.018,1802232,1943368,0,3745600,3745644
154.068,1802232,1943368,0,3745600,3745644
154.118,1802232,1943368,0,3745600,3745644
154.168,1802232,1943368,0,3745600,3745644
154.218,1802232,1943368,0,3745600,3745644
154.269,1802232,1943368,0,3745600,3745644
154.319,1802232,1943368,0,3745600,3745644
154.369,1802232,1943368,0,3745600,3745644
154.419,1802232,1943368,0,3745600,3745644
154.469,1802232,1943368,0,3745600,3745644
154.520,1802232,1943368,0,3745600,3745644
154.570,1802232,1943368,0,3745600,3745644
154.620,1802232,1943368,0,3745600,3745644
154.670,1802232,1943368,0,3745600,3745644
154.720,1802232,1943368,0,3745600,3745644
154.770,1802232,1943368,0,3745600,3745644
154.821,1802232,1943368,0,3745600,3745644
154.871,1802232,1943368,0,3745600,3745644
154.921,1802232,1943368,0,3745600,3745644
154.971,1802232,1943368,0,3745600,3745644
155.021,1802232,1943368,0,3745600,3745644
155.072,1802232,1943368,0,3745600,3745644
155.122,1802232,1943368,0,3745600,3745644
155.172,1802232,1943368,0,3745600,3745644
155.222,1802232,1943368,0,3745600,3745644
155.273,1802232,1943368,0,3745600,3745644
155.323,1802232,1943368,0,3745600,3745644
155.373,1802232,1943368,0,3745600,3745644
155.423,1802232,1943368,0,3745600,3745644
155.473,1802232,1943368,0,3745600,3745644
155.524,1802232,1943368,0,3745600,3745644
155.574,1802232,1943368,0,3745600,3745644
155.624,1802232,1943368,0,3745600,3745644
155.674,1802232,1943368,0,3745600,3745644
155.725,1802232,1943368,0,3745600,3745644
155.775,1802232,1943368,0,3745600,3745644
155.825,1802232,1943368,0,3745600,3745644
155.875,1802232,1943368,0,3745600,3745644
155.925,1802232,1943368,0,3745600,3745644
155.976,1802232,1943368,0,3745600,3745644
156.026,1802232,1943368,0,3745600,3745644
156.076,1802232,1943368,0,3745600,3745644
156.126,1802232,1943368,0,3745600,3745644
156.176,1802232,1943368,0,3745600,3745644
156.227,1802232,1943368,0,3745600,3745644
156.277,1802232,1943368,0,3745600,3745644
156.327,1802232,1943368,0,3745600,3745644
156.377,1802232,1943368,0,3745600,3745644
156.427,1802232,1943368,0,3745600,3745644
156.478,1802232,1943368,0,3745600,3745644
156.528,1802232,1943368,0,3745600,3745644
156.578,1802232,1943368,0,3745600,3745644
156.628,1802232,1943368,0,3745600,3745644
156.679,1802232,1943368,0,3745600,3745644
156.729,1802232,1943368,0,3745600,3745644
156.779,1802232,1943368,0,3745600,3745644
156.829,1802232,1943368,0,3745600,3745644
156.880,1802232,1943368,0,3745600,3745644
156.930,1802232,1943368,0,3745600,3745644
156.980,1802232,1943368,0,3745600,3745644
157.030,1802232,1943368,0,3745600,3745644
157.080,1802232,1943368,0,3745600,3745644
157.131,1802232,1943368,0,3745600,3745644
157.181,1802232,1943368,0,3745600,3745644
157.231,1802232,1943368,0,3745600,3745644
157.281,1802232,1943368,0,3745600,3745644
157.332,1802232,1943368,0,3745600,3745644
157.382,1802232,1943368,0,3745600,3745644
157.432,1802232,1943368,0,3745600,3745644
157.482,1802232,1943368,0,3745600,3745644
157.533,1802232,1943368,0,3745600,3745644
157.583,1802232,1943368,0,3745600,3745644
157.633,1802232,1943368,0,3745600,3745644
157.683,1802232,1943368,0,3745600,3745644
157.733,1802232,1943368,0,3745600,3745644
157.784,1802232,1943368,0,3745600,3745644
157.834,1802232,1943368,0,3745600,3745644
157.884,1802232,1943368,0,3745600,3745644
157.934,1802232,1943368,0,3745600,3745644
157.984,1802232,1943368,0,3745600,3745644
158.035,1802232,1943368,0,3745600,3745644
158.085,1802232,1943368,0,3745600,3745644
158.135,1802232,1943368,0,3745600,3745644
158.185,1802232,1943368,0,3745600,3745644
158.235,1802232,1943368,0,3745600,3745644
158.286,1802232,1943368,0,3745600,3745644
158.336,1802232,1943368,0,3745600,3745644
158.386,1802232,1943368,0,3745600,3745644
158.436,1802232,1943368,0,3745600,3745644
158.486,1802232,1943368,0,3745600,3745644
158.537,1802232,1943368,0,3745600,3745644
158.587,1802232,1943368,0,3745600,3745644
158.637,1802232,1943368,0,3745600,3745644
158.687,1802232,1943368,0,3745600,3745644
158.737,1802232,1943368,0,3745600,3745644
158.787,1802232,1943368,0,3745600,3745644
158.838,1802232,1943368,0,3745600,3745644
158.888,1802232,1943368,0,3745600,3745644
158.938,1802232,1943368,0,3745600,3745644
158.988,1802232,1943368,0,3745600,3745644
159.038,1802232,1943368,0,3745600,3745644
159.089,1802232,1943368,0,3745600,3745644
159.139,1802232,1943368,0,3745600,3745644
159.189,1802232,1943368,0,3745600,3745644
159.239,1802232,1943368,0,3745600,3745644
159.289,1802232,1943368,0,3745600,3745644
159.340,1802232,1943368,0,3745600,3745644
159.390,1802232,1943368,0,3745600,3745644
159.440,1802232,1943368,0,3745600,3745644
159.490,1802232,1943368,0,3745600,3745644
159.541,1802232,1943368,0,3745600,3745644
159.591,1802232,1943368,0,3745600,3745644
159.641,1802232,1943368,0,3745600,3745644
159.691,1802232,1943368,0,3745600,3745644
159.741,1802232,1943368,0,3745600,3745644
159.792,1802232,1943368,0,3745600,3745644
159.842,1802232,1943368,0,3745600,3745644
159.892,1802232,1943368,0,3745600,3745644
159.942,1802232,1943368,0,3745600,3745644
159.992,1802232,1943368,0,3745600,3745644
160.043,1802232,1943368,0,3745600,3745644
160.093,1802232,1943368,0,3745600,3745644
160.143,1802232,1943368,0,3745600,3745644
160.193,1802232,1943368,0,3745600,3745644
160.243,1802232,1943368,0,3745600,3745644
160.294,1802232,1943368,0,3745600,3745644
160.344,1802232,1943368,0,3745600,3745644
160.394,1802232,1943368,0,3745600,3745644
160.444,1802232,1943368,0,3745600,3745644
160.495,1802232,1943368,0,3745600,3745644
160.545,1802232,1943368,0,3745600,3745644
160.595,1802232,1943368,0,3745600,3745644
160.645,1802232,1943368,0,3745600,3745644
160.695,1802232,1943368,0,3745600,3745644
160.746,1802232,1943368,0,3745600,3745644
160.796,1802232,1943368,0,3745600,3745644
160.846,1802232,1943368,0,3745600,3745644
160.896,1802232,1943368,0,3745600,3745644
160.946,1802232,1943368,0,3745600,3745644
160.997,1802232,1943368,0,3745600,3745644
161.047,1802232,1943368,0,3745600,3745644
161.097,1802232,1943368,0,3745600,3745644
161.147,1802232,1943368,0,3745600,3745644
161.197,1802232,1943368,0,3745600,3745644
161.248,1802232,1943368,0,3745600,3745644
161.298,1802232,1943368,0,3745600,3745644
161.348,1802232,1943368,0,3745600,3745644
161.398,1802232,1943368,0,3745600,3745644
161.448,1802232,1943368,0,3745600,3745644
161.499,1802232,1943368,0,3745600,3745644
161.549,1802232,1943368,0,3745600,3745644
161.599,1802232,1943368,0,3745600,3745644
161.649,1802232,1943368,0,3745600,3745644
161.699,1802232,1943368,0,3745600,3745644
161.750,1802232,1943368,0,3745600,3745644
161.800,1802232,1943368,0,3745600,3745644
161.850,1802232,1943368,0,3745600,3745644
161.900,1802232,1943368,0,3745600,3745644
161.950,1802232,1943368,0,3745600,3745644
162.001,1802232,1943368,0,3745600,3745644
162.051,1802232,1943368,0,3745600,3745644
162.101,1802232,1943368,0,3745600,3745644
162.151,1802232,1943368,0,3745600,3745644
162.202,1802232,1943368,0,3745600,3745644
162.252,1802232,1943368,0,3745600,3745644
162.302,1802232,1943368,0,3745600,3745644
162.352,1802232,1943368,0,3745600,3745644
162.402,1802232,1943368,0,3745600,3745644
162.452,1802232,1943368,0,3745600,3745644
162.503,1802232,1943368,0,3745600,3745644
162.553,1802232,1943368,0,3745600,3745644
162.603,1802232,1943368,0,3745600,3745644
162.654,1802232,1943368,0,3745600,3745644
162.704,1802232,1943368,0,3745600,3745644
162.754,1802232,1943368,0,3745600,3745644
162.804,1802232,1943368,0,3745600,3745644
162.854,1802232,1943368,0,3745600,3745644
162.905,1802232,1943368,0,3745600,3745644
162.955,1802232,1943368,0,3745600,3745644
163.005,1802232,1943368,0,3745600,3745644
163.055,1802232,1943368,0,3745600,3745644
163.105,1802232,1943368,0,3745600,3745644
163.156,1802232,1943368,0,3745600,3745644
163.206,1802232,1943368,0,3745600,3745644
163.256,1802232,1943368,0,3745600,3745644
163.306,1802232,1943368,0,3745600,3745644
163.357,1802232,1943368,0,3745600,3745644
163.407,1802232,1943368,0,3745600,3745644
163.457,1802232,1943368,0,3745600,3745644
163.507,1802232,1943368,0,3745600,3745644
163.557,1802232,1943368,0,3745600,3745644
163.608,1802232,1943368,0,3745600,3745644
163.658,1802232,1943368,0,3745600,3745644
163.708,1802232,1943368,0,3745600,3745644
163.758,1802232,1943368,0,3745600,3745644
163.808,1802232,1943368,0,3745600,3745644
163.859,1802232,1943368,0,3745600,3745644
163.909,1802232,1943368,0,3745600,3745644
163.959,1802232,1943368,0,3745600,3745644
164.009,1802232,1943368,0,3745600,3745644
164.060,1802232,1943368,0,3745600,3745644
164.110,1802232,1943368,0,3745600,3745644
164.160,1802232,1943368,0,3745600,3745644
164.210,1802232,1943368,0,3745600,3745644
164.261,1802232,1943368,0,3745600,3745644
164.311,1802232,1943368,0,3745600,3745644
164.361,1802232,1943368,0,3745600,3745644
164.411,1802232,1943368,0,3745600,3745644
164.462,1802232,1943368,0,3745600,3745644
164.512,1802232,1943368,0,3745600,3745644
164.562,1802232,1943368,0,3745600,3745644
164.612,1802232,1943368,0,3745600,3745644
164.662,1802232,1943368,0,3745600,3745644
164.713,1802232,1943368,0,3745600,3745644
164.763,1802232,1943368,0,3745600,3745644
164.813,1802232,1943368,0,3745600,3745644
164.863,1802232,1943368,0,3745600,3745644
164.913,1802232,1943368,0,3745600,3745644
164.964,1802232,1943368,0,3745600,3745644
165.014,1802232,1943368,0,3745600,3745644
165.064,1802232,1943368,0,3745600,3745644
165.114,1802232,1943368,0,3745600,3745644
165.164,1802232,1943368,0,3745600,3745644
165.215,1802232,1943368,0,3745600,3745644
165.265,1802232,1943368,0,3745600,3745644
165.315,1802232,1943368,0,3745600,3745644
165.365,1802232,1943368,0,3745600,3745644
165.416,1802232,1943368,0,3745600,3745644
165.466,1802232,1943368,0,3745600,3745644
165.516,1802232,1943368,0,3745600,3745644
165.566,1802232,1943368,0,3745600,3745644
165.616,1802232,1943368,0,3745600,3745644
165.667,1802232,1943368,0,3745600,3745644
165.717,1802232,1943368,0,3745600,3745644
165.767,1802232,1943368,0,3745600,3745644
165.817,1802232,1943368,0,3745600,3745644
165.867,1802232,1943368,0,3745600,3745644
165.918,1802232,1943368,0,3745600,3745644
165.968,1802232,1943368,0,3745600,3745644
166.018,1802232,1943368,0,3745600,3745644
166.068,1802232,1943368,0,3745600,3745644
166.119,1802232,1943368,0,3745600,3745644
166.169,1802232,1943368,0,3745600,3745644
166.219,1802232,1943368,0,3745600,3745644
166.269,1802232,1943368,0,3745600,3745644
166.319,1802232,1943368,0,3745600,3745644
166.370,1802232,1943368,0,3745600,3745644
166.420,1802232,1943368,0,3745600,3745644
166.470,1802232,1943368,0,3745600,3745644
166.520,1802232,1943368,0,3745600,3745644
166.570,1802232,1943368,0,3745600,3745644
166.621,1802232,1943368,0,3745600,3745644
166.671,1802232,1943368,0,3745600,3745644
166.721,1802232,1943368,0,3745600,3745644
166.771,1802232,1943368,0,3745600,3745644
166.821,1802232,1943368,0,3745600,3745644
166.872,1802232,1943368,0,3745600,3745644
166.922,1802232,1943368,0,3745600,3745644
166.972,1802232,1943368,0,3745600,3745644
167.022,1802232,1943368,0,3745600,3745644
167.073,1802232,1943368,0,3745600,3745644
167.123,1802232,1943368,0,3745600,3745644
167.173,1802232,1943368,0,3745600,3745644
167.223,1802232,1943368,0,3745600,3745644
167.273,1802232,1943368,0,3745600,3745644
167.324,1802232,1943368,0,3745600,3745644
167.374,1802232,1943368,0,3745600,3745644
167.424,1802232,1943368,0,3745600,3745644
167.474,1802232,1943368,0,3745600,3745644
167.525,1802232,1943368,0,3745600,3745644
167.575,1802232,1943368,0,3745600,3745644
167.625,1802232,1943368,0,3745600,3745644
167.675,1802232,1943368,0,3745600,3745644
167.725,1802232,1943368,0,3745600,3745644
167.776,1802232,1943368,0,3745600,3745644
167.826,1802232,1943368,0,3745600,3745644
167.876,1802232,1943368,0,3745600,3745644
167.926,1802232,1943368,0,3745600,3745644
167.976,1802232,1943368,0,3745600,3745644
168.027,1802232,1943368,0,3745600,3745644
168.077,1802232,1943368,0,3745600,3745644
168.127,1802232,1943368,0,3745600,3745644
168.177,1802232,1943368,0,3745600,3745644
168.228,1802232,1943368,0,3745600,3745644
168.278,1802232,1943368,0,3745600,3745644
168.328,1802232,1943368,0,3745600,3745644
168.378,1802232,1943368,0,3745600,3745644
168.429,1802232,1943368,0,3745600,3745644
168.479,1802232,1943368,0,3745600,3745644
168.529,1802232,1943368,0,3745600,3745644
168.579,1802232,1943368,0,3745600,3745644
168.629,1802232,1943368,0,3745600,3745644
168.680,1802232,1943368,0,3745600,3745644
168.730,1802232,1943368,0,3745600,3745644
168.780,1802232,1943368,0,3745600,3745644
168.830,1802232,1943368,0,3745600,3745644
168.880,1802232,1943368,0,3745600,3745644
168.931,1802232,1943368,0,3745600,3745644
168.981,1802232,1943368,0,3745600,3745644
169.031,1802232,1943368,0,3745600,3745644
169.081,1802232,1943368,0,3745600,3745644
169.131,1802232,1943368,0,3745600,3745644
169.182,1802232,1943368,0,3745600,3745644
169.232,1802232,1943368,0,3745600,3745644
169.282,1802232,1943368,0,3745600,3745644
169.332,1802232,1943368,0,3745600,3745644
169.382,1802232,1943368,0,3745600,3745644
169.433,1802232,1943368,0,3745600,3745644
169.483,1802232,1943368,0,3745600,3745644
169.533,1802232,1943368,0,3745600,3745644
169.583,1802232,1943368,0,3745600,3745644
169.634,1802232,1943368,0,3745600,3745644
169.684,1802232,1943368,0,3745600,3745644
169.734,1802232,1943368,0,3745600,3745644
169.784,1802232,1943368,0,3745600,3745644
169.834,1802232,1943368,0,3745600,3745644
169.885,1802232,1943368,0,3745600,3745644
169.935,1802232,1943368,0,3745600,3745644
169.985,1802232,1943368,0,3745600,3745644
170.035,1802232,1943368,0,3745600,3745644
170.086,1802232,1943368,0,3745600,3745644
170.136,1802232,1943368,0,3745600,3745644
170.186,1802232,1943368,0,3745600,3745644
170.236,1802232,1943368,0,3745600,3745644
170.287,1802232,1943368,0,3745600,3745644
170.337,1802232,1943368,0,3745600,3745644
170.387,1802232,1943368,0,3745600,3745644
170.437,1802232,1943368,0,3745600,3745644
170.488,1802232,1943368,0,3745600,3745644
170.538,1802232,1943368,0,3745600,3745644
170.588,1802232,1943368,0,3745600,3745644
170.638,1802232,1943368,0,3745600,3745644
170.688,1802232,1943368,0,3745600,3745644
170.739,1802232,1954888,0,3757120,3757120
170.789,1802232,1943368,0,3745600,3783660
170.839,1802232,1943544,0,3745776,3783660
170.889,1802232,1943752,0,3745984,3783660
170.940,1802232,1944024,0,3746256,3783660
170.990,1802232,1944056,0,3746288,3783660
171.040,1802232,1944120,0,3746352,3783660
171.090,1802232,1944120,0,3746352,3783660
171.140,1802232,1944120,0,3746352,3783660
171.191,1802232,1944120,0,3746352,3783660
171.241,1802232,1944120,0,3746352,3783660
171.291,1802232,1944136,0,3746368,3783660
171.341,1802232,1944136,0,3746368,3783660
171.392,1802232,1944136,0,3746368,3783660
171.442,1802232,1944136,0,3746368,3783660
171.492,1802232,1944136,0,3746368,3783660
171.542,1802232,1944136,0,3746368,3783660
171.593,1802232,1944136,0,3746368,3783660
171.643,1802232,1944136,0,3746368,3783660
171.693,1802232,1944136,0,3746368,3783660
171.743,1802232,1944136,0,3746368,3783660
171.794,1802232,1944136,0,3746368,3783660
171.844,1802232,1944136,0,3746368,3783660
171.894,1802232,1944136,0,3746368,3783660
171.944,1802232,1944136,0,3746368,3783660
171.995,1802232,1944136,0,3746368,3783660
172.045,1802232,1944136,0,3746368,3783660
172.095,1802232,1944136,0,3746368,3783660
172.146,1802232,1944136,0,3746368,3783660
172.196,1802232,1944136,0,3746368,3783660
172.246,1802232,1944136,0,3746368,3783660
172.297,1802232,1944136,0,3746368,3783660
172.347,1802232,1944136,0,3746368,3783660
172.397,1802232,1944136,0,3746368,3783660
172.448,1802232,1944136,0,3746368,3783660
172.498,1802232,1944136,0,3746368,3783660
172.549,1802232,1944136,0,3746368,3783660
172.599,1802232,1944136,0,3746368,3783660
172.650,1802232,1944136,0,3746368,3783660
172.700,1802232,1944136,0,3746368,3783660
172.751,1802232,1944188,0,3746420,3783660
172.801,1802232,1944188,0,3746420,3783660
172.851,1802232,1944188,0,3746420,3783660
172.902,1802232,1944188,0,3746420,3783660
172.952,1802232,1944188,0,3746420,3783660
173.003,1802232,1944188,0,3746420,3783660
173.053,1802232,1944188,0,3746420,3783660
173.103,1802232,1944188,0,3746420,3783660
173.153,1802232,1944188,0,3746420,3783660
173.204,1802232,1944188,0,3746420,3783660
173.254,1802232,1944188,0,3746420,3783660
173.305,1802232,1944188,0,3746420,3783660
173.355,1802232,1944188,0,3746420,3783660
173.406,1802232,1944188,0,3746420,3783660
173.456,1802232,1944188,0,3746420,3783660
173.506,1802232,1944188,0,3746420,3783660
173.556,1802232,1944188,0,3746420,3783660
173.607,1802232,1944188,0,3746420,3783660
173.657,1802232,1944092,0,3746324,3783660
173.707,1802232,1944092,0,3746324,3783660
173.757,1802232,1944092,0,3746324,3783660
173.808,1802232,1936080,0,3738312,3783660
173.858,1802232,1936080,0,3738312,3783660
173.908,1802232,1936080,0,3738312,3783660
173.959,1802232,1936080,0,3738312,3783660
174.009,1802232,1936080,0,3738312,3783660
174.060,1802232,1936080,0,3738312,3783660
174.110,1802232,1936080,0,3738312,3783660
174.163,1802232,1936080,0,3738312,3783660
174.213,1802232,1936080,0,3738312,3783660
174.263,1802232,1936080,0,3738312,3783660
174.314,1802232,1935128,0,3737360,3783660
174.364,1802232,1934516,0,3736748,3783660
174.414,1802232,1933888,0,3736120,3783660
174.464,1802232,1933888,0,3736120,3783660
174.515,1802232,1933544,0,3735776,3783660
174.565,1802232,1933544,0,3735776,3783660
174.615,1802232,1933544,0,3735776,3783660
174.666,1802232,1933544,0,3735776,3783660
174.716,1802232,1933272,0,3735504,3783660
174.766,1802232,1933048,0,3735280,3783660
174.817,1802232,1932792,0,3735024,3783660
174.871,1802232,1932792,0,3735024,3783660
174.921,1802232,1932792,0,3735024,3783660
174.973,1802232,1932792,0,3735024,3783660
175.023,1802232,1932792,0,3735024,3783660
175.074,1802232,1932792,0,3735024,3783660
175.124,1802232,1932792,0,3735024,3783660
175.174,1802232,1932792,0,3735024,3783660
175.225,1802232,1932792,0,3735024,3783660
175.279,1802232,1932792,0,3735024,3783660
175.329,1802232,1932792,0,3735024,3783660
175.379,1802232,1932792,0,3735024,3783660
175.430,1802232,1932792,0,3735024,3783660
175.480,1802232,1932792,0,3735024,3783660
175.530,1802232,1932792,0,3735024,3783660
175.580,1802232,1932792,0,3735024,3783660
175.631,1802232,1932792,0,3735024,3783660
175.681,1802232,1932792,0,3735024,3783660
175.731,1802232,1932792,0,3735024,3783660
175.781,1802232,1932792,0,3735024,3783660
175.835,1802232,1932792,0,3735024,3783660
175.885,1802232,1932792,0,3735024,3783660
175.935,1802232,1932792,0,3735024,3783660
175.985,1802232,1932856,0,3735088,3783660
176.036,1802232,1932856,0,3735088,3783660
176.086,1802232,1932856,0,3735088,3783660
176.136,1802232,1932856,0,3735088,3783660
176.186,1802232,1932856,0,3735088,3783660
176.236,1802232,1932856,0,3735088,3783660
176.287,1802232,1932856,0,3735088,3783660
176.337,1802232,1932856,0,3735088,3783660
176.387,1802232,1932856,0,3735088,3783660
176.438,1802232,1932856,0,3735088,3783660
176.490,1802232,1932856,0,3735088,3783660
176.541,1802232,1932856,0,3735088,3783660
176.591,1802232,1932856,0,3735088,3783660
176.641,1802232,1932856,0,3735088,3783660
176.692,1802232,1932856,0,3735088,3783660
176.742,1802232,1932856,0,3735088,3783660
176.793,1802232,1932856,0,3735088,3783660
176.847,1802232,1932856,0,3735088,3783660
176.897,1802232,1932856,0,3735088,3783660
176.949,1802232,1932856,0,3735088,3783660
177.002,1802232,1932856,0,3735088,3783660
177.053,1802232,1932856,0,3735088,3783660
177.103,1802232,1932856,0,3735088,3783660
177.153,1802232,1932856,0,3735088,3783660
177.203,1802232,1932856,0,3735088,3783660
177.254,1802232,1932856,0,3735088,3783660
177.307,1802232,1932856,0,3735088,3783660
177.357,1802232,1932856,0,3735088,3783660
177.407,1802232,1932856,0,3735088,3783660
177.457,1802232,1932856,0,3735088,3783660
177.507,1802232,1932856,0,3735088,3783660
177.558,1802232,1932856,0,3735088,3783660
177.608,1802232,1932856,0,3735088,3783660
177.658,1802232,1932856,0,3735088,3783660
177.708,1802232,1932856,0,3735088,3783660
177.763,1802232,1932856,0,3735088,3783660
177.813,1802232,1932856,0,3735088,3783660
177.863,1802232,1932856,0,3735088,3783660
177.913,1802232,1932856,0,3735088,3783660
177.963,1802232,1932856,0,3735088,3783660
178.014,1802232,1932856,0,3735088,3783660
178.070,1802232,1932856,0,3735088,3783660
178.121,1802232,1932856,0,3735088,3783660
178.171,1802232,1932856,0,3735088,3783660
178.221,1802232,1932856,0,3735088,3783660
178.271,1802232,1932856,0,3735088,3783660
178.322,1802232,1932856,0,3735088,3783660
178.372,1802232,1932856,0,3735088,3783660
178.422,1802232,1932856,0,3735088,3783660
178.472,1802232,1932856,0,3735088,3783660
178.523,1802232,1932856,0,3735088,3783660
178.573,1802232,1932856,0,3735088,3783660
178.623,1802232,1932856,0,3735088,3783660
178.673,1802232,1932856,0,3735088,3783660
178.724,1802232,1932856,0,3735088,3783660
178.774,1802232,1932856,0,3735088,3783660
178.824,1802232,1932856,0,3735088,3783660
178.874,1802232,1932856,0,3735088,3783660
178.928,1802232,1932856,0,3735088,3783660
178.978,1802232,1932856,0,3735088,3783660
179.029,1802232,1932856,0,3735088,3783660
179.079,1802232,1932856,0,3735088,3783660
179.129,1802232,1932856,0,3735088,3783660
179.179,1802232,1932856,0,3735088,3783660
179.229,1802232,1932856,0,3735088,3783660
179.280,1802232,1932856,0,3735088,3783660
179.330,1802232,1932856,0,3735088,3783660
179.380,1802232,1932856,0,3735088,3783660
179.430,1802232,1932856,0,3735088,3783660
179.480,1802232,1932856,0,3735088,3783660
179.531,1802232,1932856,0,3735088,3783660
179.581,1802232,1932856,0,3735088,3783660
179.631,1802232,1932856,0,3735088,3783660
179.681,1802232,1932856,0,3735088,3783660
179.732,1802232,1932856,0,3735088,3783660
179.782,1802232,1932856,0,3735088,3783660
179.832,1802232,1932856,0,3735088,3783660
179.882,1802232,1932856,0,3735088,3783660
179.933,1802232,1932856,0,3735088,3783660
179.983,1802232,1932856,0,3735088,3783660
180.033,1802232,1932856,0,3735088,3783660
180.083,1802232,1932856,0,3735088,3783660
180.134,1802232,1932856,0,3735088,3783660
180.184,1802232,1932856,0,3735088,3783660
180.234,1802232,1932856,0,3735088,3783660
180.284,1802232,1932856,0,3735088,3783660
180.334,1802232,1932856,0,3735088,3783660
180.385,1802232,1932856,0,3735088,3783660
180.435,1802232,1932856,0,3735088,3783660
180.485,1802232,1932856,0,3735088,3783660
180.535,1802232,1932856,0,3735088,3783660
180.585,1802232,1932856,0,3735088,3783660
180.636,1802232,1932856,0,3735088,3783660
180.686,1802232,1932856,0,3735088,3783660
180.736,1802232,1932856,0,3735088,3783660
180.786,1802232,1932856,0,3735088,3783660
180.837,1802232,1932856,0,3735088,3783660
180.887,1802232,1932856,0,3735088,3783660
180.937,1802232,1932856,0,3735088,3783660
180.987,1802232,1932856,0,3735088,3783660
181.037,1802232,1932856,0,3735088,3783660
181.088,1802232,1932856,0,3735088,3783660
181.138,1802232,1932856,0,3735088,3783660
181.188,1802232,1932856,0,3735088,3783660
181.238,1802232,1932856,0,3735088,3783660
181.289,1802232,1932856,0,3735088,3783660
181.339,1802232,1932856,0,3735088,3783660
181.389,1802232,1932856,0,3735088,3783660
181.440,1802232,1932856,0,3735088,3783660
181.490,1802232,1932856,0,3735088,3783660
181.540,1802232,1932856,0,3735088,3783660
181.590,1802232,1932856,0,3735088,3783660
181.641,1802232,1932856,0,3735088,3783660
181.691,1802232,1932856,0,3735088,3783660
181.741,1802232,1932856,0,3735088,3783660
181.791,1802232,1932856,0,3735088,3783660
181.842,1802232,1932856,0,3735088,3783660
181.892,1802232,1932856,0,3735088,3783660
181.942,1802232,1932856,0,3735088,3783660
181.992,1802232,1932856,0,3735088,3783660
182.043,1802232,1932856,0,3735088,3783660
182.093,1802232,1932856,0,3735088,3783660
182.143,1802232,1932856,0,3735088,3783660
182.193,1802232,1932856,0,3735088,3783660
182.243,1802232,1932856,0,3735088,3783660
182.294,1802232,1932856,0,3735088,3783660
182.344,1802232,1932856,0,3735088,3783660
182.394,1802232,1932856,0,3735088,3783660
182.444,1802232,1932856,0,3735088,3783660
182.495,1802232,1932856,0,3735088,3783660
182.545,1802232,1932856,0,3735088,3783660
182.595,1802232,1932856,0,3735088,3783660
182.645,1802232,1932856,0,3735088,3783660
182.696,1802232,1932856,0,3735088,3783660
182.746,1802232,1932856,0,3735088,3783660
182.796,1802232,1932856,0,3735088,3783660
182.846,1802232,1932856,0,3735088,3783660
182.896,1802232,1932856,0,3735088,3783660
182.947,1802232,1932856,0,3735088,3783660
182.997,1802232,1932856,0,3735088,3783660
183.047,1802232,1932856,0,3735088,3783660
183.097,1802232,1932856,0,3735088,3783660
183.148,1802232,1932856,0,3735088,3783660
183.198,1802232,1932856,0,3735088,3783660
183.248,1802232,1932856,0,3735088,3783660
183.298,1802232,1932856,0,3735088,3783660
183.349,1802232,1932856,0,3735088,3783660
183.399,1802232,1932856,0,3735088,3783660
183.449,1802232,1932856,0,3735088,3783660
183.499,1802232,1932856,0,3735088,3783660
183.550,1802232,1932728,0,3734960,3783660
183.600,1802232,1932792,0,3735024,3783660
183.650,1802232,1932728,0,3734960,3783660
183.700,1802232,1932808,0,3735040,3783660
183.751,1802232,1932824,0,3735056,3783660
183.801,1802232,1931720,0,3733952,3783660
183.851,1802232,1931704,0,3733936,3783660
183.901,1802232,1931704,0,3733936,3783660
183.951,1802232,1931720,0,3733952,3783660
184.002,1802232,1931720,0,3733952,3783660
184.052,1802232,1931720,0,3733952,3783660
184.102,1802232,1931720,0,3733952,3783660
184.152,1802232,1931720,0,3733952,3783660
184.203,1802232,1931720,0,3733952,3783660
184.253,1802232,1931720,0,3733952,3783660
184.303,1802232,1931720,0,3733952,3783660
184.353,1802232,1931720,0,3733952,3783660
184.404,1802232,1931720,0,3733952,3783660
184.454,1802232,1931720,0,3733952,3783660
184.504,1802232,1931720,0,3733952,3783660
184.554,1802232,1931576,0,3733808,3783660
184.604,1802232,1931576,0,3733808,3783660
184.655,1802232,1931576,0,3733808,3783660
184.705,1802232,1931576,0,3733808,3783660
184.755,1802232,1931576,0,3733808,3783660
184.805,1802232,1931576,0,3733808,3783660
184.855,1802232,1931576,0,3733808,3783660
184.906,1802232,1931576,0,3733808,3783660
184.956,1802232,1931576,0,3733808,3783660
185.006,1802232,1931576,0,3733808,3783660
185.056,1802232,1931576,0,3733808,3783660
185.106,1802232,1931576,0,3733808,3783660
185.157,1802232,1931576,0,3733808,3783660
185.207,1802232,1931576,0,3733808,3783660
185.257,1802232,1931576,0,3733808,3783660
185.307,1802232,1931576,0,3733808,3783660
185.358,1802232,1931576,0,3733808,3783660
185.408,1802232,1931576,0,3733808,3783660
185.458,1802232,1931576,0,3733808,3783660
185.508,1802232,1931576,0,3733808,3783660
185.559,1802232,1931576,0,3733808,3783660
185.609,1802232,1931576,0,3733808,3783660
185.659,1802232,1931576,0,3733808,3783660
185.709,1802232,1931576,0,3733808,3783660
185.759,1802232,1931576,0,3733808,3783660
185.810,1802232,1931576,0,3733808,3783660
185.860,1802232,1501208,0,3303440,3783660
185.910,1802232,911384,0,2713616,3783660
185.960,1802232,305996,0,2108228,3783660
186.010,1802232,226644,0,2028876,3783660
186.061,1802232,112104,0,1914336,3783660
186.111,1802232,172228,0,1974460,3783660
186.161,1802232,200476,0,2002708,3783660
186.211,1802232,218876,0,2021108,3783660
186.262,1802232,242108,0,2044340,3783660
186.314,1802232,252172,0,2054404,3783660
186.365,1806768,252172,0,2058940,3783660
186.415,1806768,252172,0,2058940,3783660
186.465,1806768,252172,0,2058940,3783660
186.515,1806768,252172,0,2058940,3783660
186.566,1806768,252172,0,2058940,3783660
186.616,1806768,252172,0,2058940,3783660
186.666,1806768,289480,0,2096248,3783660
186.716,1806768,284992,0,2091760,3783660
186.767,1806768,245820,0,2052588,3783660
186.823,1806768,245812,0,2052580,3783660
186.873,1806768,245824,0,2052592,3783660
186.923,1806768,267272,0,2074040,3783660
186.974,1806768,296204,0,2102972,3783660
187.024,1806768,329104,0,2135872,3783660
187.074,1806768,331540,0,2138308,3783660
187.124,1806768,330332,0,2137100,3783660
187.175,1806768,252204,0,2058972,3783660
187.225,1806768,252204,0,2058972,3783660
187.275,1806768,252204,0,2058972,3783660
187.325,1806768,174076,0,1980844,3783660
187.376,1806772,252584,0,2059356,3783660
187.426,1806772,252584,0,2059356,3783660
187.476,1806772,252584,0,2059356,3783660
187.526,1807276,252584,0,2059860,3783660
187.577,1807280,252584,0,2059864,3783660
187.627,1807280,252584,0,2059864,3783660
187.677,1807280,252584,0,2059864,3783660
187.727,1807280,252584,0,2059864,3783660
187.778,1807280,252584,0,2059864,3783660
187.828,1807280,252584,0,2059864,3783660
187.878,1807280,252584,0,2059864,3783660
187.928,1807280,252584,0,2059864,3783660
187.978,1807280,252584,0,2059864,3783660
188.029,1807280,252584,0,2059864,3783660
188.079,1807280,252584,0,2059864,3783660
188.129,1807280,252584,0,2059864,3783660
188.179,1807280,252584,0,2059864,3783660
188.230,1807280,252584,0,2059864,3783660
188.280,1807280,252584,0,2059864,3783660
188.330,1807280,252584,0,2059864,3783660
188.380,1807280,252584,0,2059864,3783660
188.430,1807280,252584,0,2059864,3783660
188.481,1807280,252584,0,2059864,3783660
188.531,1807280,252584,0,2059864,3783660
188.581,1807280,252584,0,2059864,3783660
188.631,1807280,252584,0,2059864,3783660
188.682,1807280,252584,0,2059864,3783660
188.732,1807280,252584,0,2059864,3783660
188.782,1807280,252584,0,2059864,3783660
188.832,1807280,252584,0,2059864,3783660
188.882,1807280,252584,0,2059864,3783660
188.933,1807280,252584,0,2059864,3783660
188.983,1807280,252584,0,2059864,3783660
189.033,1807280,252584,0,2059864,3783660
189.083,1807280,252584,0,2059864,3783660
189.134,1807280,252584,0,2059864,3783660
189.184,1807280,252584,0,2059864,3783660
189.234,1807280,252584,0,2059864,3783660
189.284,1807280,252584,0,2059864,3783660
189.334,1807280,252584,0,2059864,3783660
189.385,1807280,252584,0,2059864,3783660
189.435,1807280,252584,0,2059864,3783660
189.485,1807280,252584,0,2059864,3783660
189.535,1807280,252584,0,2059864,3783660
189.585,1807280,252584,0,2059864,3783660
189.636,1807280,252584,0,2059864,3783660
189.686,1807280,252584,0,2059864,3783660
189.736,1807280,252584,0,2059864,3783660
189.787,1807280,252584,0,2059864,3783660
189.837,1807280,252584,0,2059864,3783660
189.887,1807280,252584,0,2059864,3783660
189.937,1807280,252584,0,2059864,3783660
189.987,1807280,252584,0,2059864,3783660
190.038,1807280,252584,0,2059864,3783660
190.088,1807280,252584,0,2059864,3783660
190.138,1807280,252584,0,2059864,3783660
190.188,1807280,252584,0,2059864,3783660
190.238,1807280,252584,0,2059864,3783660
190.289,1807280,252584,0,2059864,3783660
190.339,1807280,252584,0,2059864,3783660
190.389,1807280,252584,0,2059864,3783660
190.439,1807280,252584,0,2059864,3783660
190.490,1807280,252584,0,2059864,3783660
190.540,1807280,252584,0,2059864,3783660
190.590,1807280,252584,0,2059864,3783660
190.640,1807280,252584,0,2059864,3783660
190.690,1807280,252584,0,2059864,3783660
190.741,1807280,252584,0,2059864,3783660
190.791,1807280,252584,0,2059864,3783660
190.841,1807280,252584,0,2059864,3783660
190.891,1807280,252584,0,2059864,3783660
190.941,1807280,252584,0,2059864,3783660
190.992,1807280,252584,0,2059864,3783660
191.042,1807280,252584,0,2059864,3783660
191.092,1807280,252584,0,2059864,3783660
191.143,1807280,252584,0,2059864,3783660
191.193,1807280,252584,0,2059864,3783660
191.243,1807280,252584,0,2059864,3783660
191.293,1807280,252584,0,2059864,3783660
191.343,1807280,252584,0,2059864,3783660
191.394,1807280,252584,0,2059864,3783660
191.444,1807280,252584,0,2059864,3783660
191.494,1807280,252584,0,2059864,3783660
191.544,1807280,252584,0,2059864,3783660
191.594,1807280,252584,0,2059864,3783660
191.645,1807280,252584,0,2059864,3783660
191.695,1807280,252584,0,2059864,3783660
191.745,1807280,252584,0,2059864,3783660
191.795,1807280,252584,0,2059864,3783660
191.846,1807280,252584,0,2059864,3783660
191.896,1807280,252584,0,2059864,3783660
191.946,1807280,252584,0,2059864,3783660
191.996,1807280,252584,0,2059864,3783660
192.046,1807280,252584,0,2059864,3783660
192.097,1807280,252584,0,2059864,3783660
192.147,1807280,252584,0,2059864,3783660
192.197,1807280,252584,0,2059864,3783660
192.247,1807280,252584,0,2059864,3783660
192.297,1807280,252584,0,2059864,3783660
192.348,1807280,252584,0,2059864,3783660
192.398,1807280,252584,0,2059864,3783660
192.448,1807280,252584,0,2059864,3783660
192.499,1807280,252584,0,2059864,3783660
192.549,1807280,252584,0,2059864,3783660
192.599,1807280,252584,0,2059864,3783660
192.649,1807280,252584,0,2059864,3783660
192.699,1807280,252584,0,2059864,3783660
192.750,1807280,252584,0,2059864,3783660
192.800,1807280,252584,0,2059864,3783660
192.850,1807280,252584,0,2059864,3783660
192.900,1807280,252584,0,2059864,3783660
192.951,1807280,252584,0,2059864,3783660
193.001,1807280,252584,0,2059864,3783660
193.051,1807280,252584,0,2059864,3783660
193.101,1807280,252584,0,2059864,3783660
193.152,1807280,252584,0,2059864,3783660
193.202,1807280,252584,0,2059864,3783660
193.252,1807280,252584,0,2059864,3783660
193.302,1807280,252584,0,2059864,3783660
193.352,1807280,252584,0,2059864,3783660
193.403,1807280,252584,0,2059864,3783660
193.453,1807280,252584,0,2059864,3783660
193.503,1807280,252584,0,2059864,3783660
193.553,1807280,252584,0,2059864,3783660
193.603,1807280,252584,0,2059864,3783660
193.654,1807280,252584,0,2059864,3783660
193.704,1807280,252584,0,2059864,3783660
193.754,1807280,252584,0,2059864,3783660
193.804,1807280,252584,0,2059864,3783660
193.855,1807280,252584,0,2059864,3783660
193.905,1807280,252584,0,2059864,3783660
193.955,1807280,252584,0,2059864,3783660
194.005,1807280,252584,0,2059864,3783660
194.055,1807280,252584,0,2059864,3783660
194.106,1807280,252584,0,2059864,3783660
194.156,1807280,252584,0,2059864,3783660
194.206,1807280,252584,0,2059864,3783660
194.256,1807280,252584,0,2059864,3783660
194.306,1807280,252584,0,2059864,3783660
194.357,1807280,252584,0,2059864,3783660
194.407,1807280,252584,0,2059864,3783660
194.457,1807280,252584,0,2059864,3783660
194.507,1807280,252584,0,2059864,3783660
194.558,1807280,252584,0,2059864,3783660
194.608,1807280,252584,0,2059864,3783660
194.658,1807280,252584,0,2059864,3783660
194.708,1807280,252584,0,2059864,3783660
194.758,1807280,252584,0,2059864,3783660
194.809,1807280,252584,0,2059864,3783660
194.859,1807280,252584,0,2059864,3783660
194.909,1807280,252584,0,2059864,3783660
194.959,1807280,252584,0,2059864,3783660
195.010,1807280,252584,0,2059864,3783660
195.060,1807280,252584,0,2059864,3783660
195.110,1807280,252584,0,2059864,3783660
195.160,1807280,252584,0,2059864,3783660
195.210,1807280,252584,0,2059864,3783660
195.261,1807280,252584,0,2059864,3783660
195.311,1807280,252584,0,2059864,3783660
195.361,1807280,252584,0,2059864,3783660
195.411,1807280,252584,0,2059864,3783660
195.461,1807280,252584,0,2059864,3783660
195.512,1807280,252584,0,2059864,3783660
195.562,1807280,252584,0,2059864,3783660
195.612,1807280,252584,0,2059864,3783660
195.662,1807280,252584,0,2059864,3783660
195.713,1807280,252584,0,2059864,3783660
195.763,1807280,252584,0,2059864,3783660
195.813,1807280,252584,0,2059864,3783660
195.863,1807280,252584,0,2059864,3783660
195.913,1807280,252584,0,2059864,3783660
195.964,1807280,252584,0,2059864,3783660
196.014,1807280,252584,0,2059864,3783660
196.064,1807280,252584,0,2059864,3783660
196.114,1807280,252584,0,2059864,3783660
196.165,1807280,252584,0,2059864,3783660
196.215,1807280,252584,0,2059864,3783660
196.265,1807280,252584,0,2059864,3783660
196.315,1807280,252584,0,2059864,3783660
196.365,1807280,252584,0,2059864,3783660
196.416,1807280,252584,0,2059864,3783660
196.466,1807280,252584,0,2059864,3783660
196.516,1807280,252584,0,2059864,3783660
196.566,1807280,252584,0,2059864,3783660
196.616,1807280,252584,0,2059864,3783660
196.667,1807280,252584,0,2059864,3783660
196.717,1807280,252584,0,2059864,3783660
196.767,1807280,252584,0,2059864,3783660
196.817,1807280,252584,0,2059864,3783660
196.868,1807280,252584,0,2059864,3783660
196.918,1807280,252584,0,2059864,3783660
196.968,1807280,252584,0,2059864,3783660
197.018,1807280,252584,0,2059864,3783660
197.068,1807280,252584,0,2059864,3783660
197.119,1807280,252584,0,2059864,3783660
197.169,1807280,252584,0,2059864,3783660
197.219,1807280,252584,0,2059864,3783660
197.269,1807280,252584,0,2059864,3783660
197.319,1807280,252584,0,2059864,3783660
197.370,1807280,252584,0,2059864,3783660
197.420,1807280,252584,0,2059864,3783660
197.470,1807280,252584,0,2059864,3783660
197.520,1807280,252584,0,2059864,3783660
197.570,1807280,252584,0,2059864,3783660
197.621,1807280,252584,0,2059864,3783660
197.671,1807280,252584,0,2059864,3783660
197.721,1807280,252584,0,2059864,3783660
197.771,1807280,252584,0,2059864,3783660
197.822,1807280,252584,0,2059864,3783660
197.872,1807280,252584,0,2059864,3783660
197.922,1807280,252584,0,2059864,3783660
197.972,1807280,252584,0,2059864,3783660
198.022,1807280,252584,0,2059864,3783660
198.073,1807280,252584,0,2059864,3783660
198.123,1807280,252584,0,2059864,3783660
198.173,1807280,252584,0,2059864,3783660
198.223,1807280,252584,0,2059864,3783660
198.273,1807280,252584,0,2059864,3783660
198.324,1807280,252584,0,2059864,3783660
198.374,1807280,252584,0,2059864,3783660
198.424,1807280,252584,0,2059864,3783660
198.474,1807280,252584,0,2059864,3783660
198.524,1807280,252584,0,2059864,3783660
198.575,1807280,252584,0,2059864,3783660
198.625,1807280,252584,0,2059864,3783660
198.675,1807280,252584,0,2059864,3783660
198.725,1807280,252584,0,2059864,3783660
198.775,1807280,252584,0,2059864,3783660
198.826,1807280,252584,0,2059864,3783660
198.876,1807280,252584,0,2059864,3783660
198.926,1807280,252584,0,2059864,3783660
198.976,1807280,252584,0,2059864,3783660
199.026,1807280,252584,0,2059864,3783660
199.077,1807280,252584,0,2059864,3783660
199.127,1807280,252584,0,2059864,3783660
199.177,1807280,252584,0,2059864,3783660
199.227,1807280,252584,0,2059864,3783660
199.278,1807280,252584,0,2059864,3783660
199.328,1807280,252584,0,2059864,3783660
199.378,1807280,252584,0,2059864,3783660
199.428,1807280,252584,0,2059864,3783660
199.478,1807280,252584,0,2059864,3783660
199.529,1807280,252584,0,2059864,3783660
199.579,1807280,252584,0,2059864,3783660
199.629,1807280,252584,0,2059864,3783660
199.679,1807280,252584,0,2059864,3783660
199.730,1807280,252584,0,2059864,3783660
199.780,1807280,252584,0,2059864,3783660
199.830,1807280,252584,0,2059864,3783660
199.880,1807280,252584,0,2059864,3783660
199.930,1807280,252584,0,2059864,3783660
199.981,1807280,252584,0,2059864,3783660
200.031,1807280,252584,0,2059864,3783660
200.081,1807280,252584,0,2059864,3783660
200.131,1807280,252584,0,2059864,3783660
200.182,1807280,252584,0,2059864,3783660
200.232,1807280,252584,0,2059864,3783660
200.282,1807280,252584,0,2059864,3783660
200.332,1807280,252584,0,2059864,3783660
200.382,1807280,252584,0,2059864,3783660
200.433,1807280,252584,0,2059864,3783660
200.483,1807280,252584,0,2059864,3783660
200.533,1807280,252584,0,2059864,3783660
200.583,1807280,252584,0,2059864,3783660
200.633,1807280,252584,0,2059864,3783660
200.684,1807280,252584,0,2059864,3783660
200.734,1807280,252584,0,2059864,3783660
200.784,1807280,252584,0,2059864,3783660
200.834,1807280,252584,0,2059864,3783660
200.885,1807280,252584,0,2059864,3783660
200.935,1807280,252584,0,2059864,3783660
200.985,1807280,252584,0,2059864,3783660
201.035,1807280,252584,0,2059864,3783660
201.085,1807280,252584,0,2059864,3783660
201.136,1807280,252584,0,2059864,3783660
201.186,1807280,252584,0,2059864,3783660
201.236,1807280,252584,0,2059864,3783660
201.286,1807280,252584,0,2059864,3783660
201.336,1807280,252584,0,2059864,3783660
201.387,1807280,252584,0,2059864,3783660
201.437,1807280,252584,0,2059864,3783660
201.487,1807280,252584,0,2059864,3783660
201.537,1807280,252584,0,2059864,3783660
201.588,1807280,252584,0,2059864,3783660
201.638,1807280,252584,0,2059864,3783660
201.688,1807280,252584,0,2059864,3783660
201.738,1807280,252584,0,2059864,3783660
201.788,1807280,252584,0,2059864,3783660
201.839,1807280,252584,0,2059864,3783660
201.889,1807280,252584,0,2059864,3783660
201.939,1807280,252584,0,2059864,3783660
201.989,1807280,252584,0,2059864,3783660
202.040,1807280,252584,0,2059864,3783660
202.090,1807280,252584,0,2059864,3783660
202.140,1807280,252584,0,2059864,3783660
202.190,1807280,252584,0,2059864,3783660
202.241,1807280,252584,0,2059864,3783660
202.291,1807280,252584,0,2059864,3783660
202.341,1807280,252584,0,2059864,3783660
202.391,1807280,252584,0,2059864,3783660
202.442,1807280,252584,0,2059864,3783660
202.492,1807280,252584,0,2059864,3783660
202.542,1807280,252584,0,2059864,3783660
202.592,1807280,252584,0,2059864,3783660
202.642,1807280,252584,0,2059864,3783660
202.693,1807280,252584,0,2059864,3783660
202.743,1807280,252584,0,2059864,3783660
202.793,1807280,252584,0,2059864,3783660
202.843,1807280,252584,0,2059864,3783660
202.894,1807280,252584,0,2059864,3783660
202.944,1807280,252584,0,2059864,3783660
202.994,1807280,252584,0,2059864,3783660
203.044,1807280,252584,0,2059864,3783660
203.094,1807280,252584,0,2059864,3783660
203.151,1807280,252584,0,2059864,3783660
203.201,1807280,252584,0,2059864,3783660
203.251,1807280,252584,0,2059864,3783660
203.301,1807280,252584,0,2059864,3783660
203.352,1807280,252584,0,2059864,3783660
203.402,1807280,252584,0,2059864,3783660
203.455,1807280,252584,0,2059864,3783660
203.505,1807280,252584,0,2059864,3783660
203.556,1807280,252584,0,2059864,3783660
203.610,1807280,252584,0,2059864,3783660
203.662,1807280,252584,0,2059864,3783660
203.712,1807280,252584,0,2059864,3783660
203.762,1807280,252584,0,2059864,3783660
203.813,1807280,252584,0,2059864,3783660
203.863,1807280,252584,0,2059864,3783660
203.913,1807280,252584,0,2059864,3783660
203.963,1807280,252584,0,2059864,3783660
204.014,1807280,252584,0,2059864,3783660
204.064,1807280,252584,0,2059864,3783660
204.114,1807280,252584,0,2059864,3783660
204.165,1807280,252584,0,2059864,3783660
204.219,1807280,252584,0,2059864,3783660
204.271,1807280,252584,0,2059864,3783660
204.321,1807280,252584,0,2059864,3783660
204.375,1807280,252584,0,2059864,3783660
204.425,1807280,252584,0,2059864,3783660
204.475,1807280,252584,0,2059864,3783660
204.525,1807280,252584,0,2059864,3783660
204.579,1807280,252584,0,2059864,3783660
204.629,1807280,252584,0,2059864,3783660
204.679,1807280,252584,0,2059864,3783660
204.729,1807280,252584,0,2059864,3783660
204.783,1807280,252584,0,2059864,3783660
204.833,1807280,252584,0,2059864,3783660
204.883,1807280,252584,0,2059864,3783660
204.933,1807280,252584,0,2059864,3783660
204.984,1807280,252584,0,2059864,3783660
205.039,1807280,252584,0,2059864,3783660
205.089,1807280,252584,0,2059864,3783660
205.139,1807280,252584,0,2059864,3783660
205.189,1807280,252584,0,2059864,3783660
205.240,1807280,252584,0,2059864,3783660
205.290,1807280,252584,0,2059864,3783660
205.343,1807280,252584,0,2059864,3783660
205.393,1807280,252584,0,2059864,3783660
205.443,1807280,252584,0,2059864,3783660
205.493,1807280,252584,0,2059864,3783660
205.544,1807280,252584,0,2059864,3783660
205.594,1807280,252584,0,2059864,3783660
205.644,1807280,252584,0,2059864,3783660
205.699,1807280,252584,0,2059864,3783660
205.749,1807280,252584,0,2059864,3783660
205.799,1807280,252584,0,2059864,3783660
205.849,1807280,252584,0,2059864,3783660
205.900,1807284,252584,0,2059868,3783660
205.950,1844508,252584,0,2097092,3783660
206.003,1907980,252584,0,2160564,3783660
206.059,1967792,252584,0,2220376,3783660
206.109,2000556,252584,0,2253140,3783660
206.159,2033500,252584,0,2286084,3783660
206.209,2054760,252584,0,2307344,3783660
206.260,2087136,252584,0,2339720,3783660
206.310,2126936,252584,0,2379520,3783660
206.363,2161588,252552,0,2414140,3783660
206.413,2215076,252552,0,2467628,3783660
206.463,2267940,252552,0,2520492,3783660
206.513,2331824,252584,0,2584408,3783660
206.567,2378080,252584,0,2630664,3783660
206.619,2435404,252584,0,2687988,3783660
206.669,2495516,252584,0,2748100,3783660
206.719,2530304,252584,0,2782888,3783660
206.772,2577124,252584,0,2829708,3783660
206.823,2624724,252584,0,2877308,3783660
206.873,2665160,252584,0,2917744,3783660
206.923,2707768,252584,0,2960352,3783660
206.973,2753948,252584,0,3006532,3783660
207.027,2820168,252584,0,3072752,3783660
207.077,2869168,252584,0,3121752,3783660
207.127,2909552,252584,0,3162136,3783660
207.177,2951316,252584,0,3203900,3783660
207.228,2993392,252584,0,3245976,3783660
207.278,3047808,252584,0,3300392,3783660
207.328,3101308,252584,0,3353892,3783660
207.379,3151876,252584,0,3404460,3783660
207.429,3172212,252584,0,3424796,3783660
207.479,3198228,252584,0,3450812,3783660
207.530,3238168,252584,0,3490752,3783660
207.581,3279600,252584,0,3532184,3783660
207.631,3319860,252584,0,3572444,3783660
207.681,3352712,252584,0,3605296,3783660
207.731,3376984,252584,0,3629568,3783660
207.782,3402996,252584,0,3655580,3783660
207.835,3435052,252584,0,3687636,3783660
207.885,3467424,252584,0,3720008,3783660
207.935,3488268,252584,0,3740852,3783660
207.986,3506416,252584,0,3759000,3783660
208.036,3528128,252584,0,3780712,3783660
208.086,3549520,252584,0,3802104,3802104
208.137,3565852,252584,0,3818436,3818436
208.187,3571872,252584,0,3824456,3824456
208.237,3592876,252584,0,3845460,3845460
208.288,3601968,252584,0,3854552,3854552
208.351,3605080,252584,0,3857664,3857664
208.401,3607540,252584,0,3860124,3860124
208.455,3609896,252584,0,3862480,3862480
208.505,3609996,252584,0,3862580,3862580
208.555,3610168,252584,0,3862752,3862752
208.605,3610168,252584,0,3862752,3862752
208.656,3610256,252584,0,3862840,3862840
208.706,3610456,252584,0,3863040,3863040
208.756,3610608,252584,0,3863192,3863192
208.806,3610852,252584,0,3863436,3863436
208.857,3610924,252584,0,3863508,3863508
208.915,3610948,252584,0,3863532,3863532
208.965,3610960,252584,0,3863544,3863544
209.015,3610960,252584,0,3863544,3863544
209.065,3610964,252584,0,3863548,3863548
209.115,3610964,252584,0,3863548,3863548
209.166,3610964,252584,0,3863548,3863548
209.216,3610964,252584,0,3863548,3863548
209.266,3610964,252584,0,3863548,3863548
209.317,3610964,252584,0,3863548,3863548
209.368,3610968,252584,0,3863552,3863552
209.418,3610968,252584,0,3863552,3863552
209.468,3610968,252584,0,3863552,3863552
209.518,3610968,252584,0,3863552,3863552
209.569,3610968,252584,0,3863552,3863552
209.619,3610968,252584,0,3863552,3863552
209.675,3610968,252584,0,3863552,3863552
209.725,3610968,252584,0,3863552,3863552
209.776,3610968,252584,0,3863552,3863552
209.826,3610968,252584,0,3863552,3863552
209.876,3610968,252584,0,3863552,3863552
209.926,3610968,252584,0,3863552,3863552
209.977,3610968,252584,0,3863552,3863552
210.027,3610968,252584,0,3863552,3863552
210.077,3610968,252584,0,3863552,3863552
210.127,3610968,252584,0,3863552,3863552
210.178,3610968,252584,0,3863552,3863552
210.228,3610968,252584,0,3863552,3863552
210.278,3610968,252584,0,3863552,3863552
210.328,3610968,252584,0,3863552,3863552
210.378,3610968,252584,0,3863552,3863552
210.429,3610968,252584,0,3863552,3863552
210.484,3610968,252584,0,3863552,3863552
210.538,3610968,252584,0,3863552,3863552
210.588,3610968,252584,0,3863552,3863552
210.639,3610968,252584,0,3863552,3863552
210.689,3610968,252584,0,3863552,3863552
210.739,3610968,252584,0,3863552,3863552
210.789,3610968,252584,0,3863552,3863552
210.843,3610968,252584,0,3863552,3863552
210.893,3610968,252584,0,3863552,3863552
210.943,3610968,252584,0,3863552,3863552
210.993,3610968,252584,0,3863552,3863552
211.043,3610968,252584,0,3863552,3863552
211.094,3610968,252584,0,3863552,3863552
211.144,3610968,252584,0,3863552,3863552
211.194,3610968,252584,0,3863552,3863552
211.244,3610968,252584,0,3863552,3863552
211.298,3610968,252584,0,3863552,3863552
211.349,3610968,252584,0,3863552,3863552
211.399,3610968,252584,0,3863552,3863552
211.449,3610968,252584,0,3863552,3863552
211.499,3610968,252584,0,3863552,3863552
211.550,3610968,252584,0,3863552,3863552
211.600,3610968,252584,0,3863552,3863552
211.650,3610968,252584,0,3863552,3863552
211.700,3610968,252584,0,3863552,3863552
211.751,3610968,252584,0,3863552,3863552
211.801,3610968,252584,0,3863552,3863552
211.851,3610968,252584,0,3863552,3863552
211.901,3610968,252584,0,3863552,3863552
211.955,3610968,252584,0,3863552,3863552
212.005,3610968,252584,0,3863552,3863552
212.055,3610968,252584,0,3863552,3863552
212.105,3610968,252584,0,3863552,3863552
212.155,3610968,252584,0,3863552,3863552
212.206,3610968,252584,0,3863552,3863552
212.256,3610968,252584,0,3863552,3863552
212.306,3610968,252584,0,3863552,3863552
212.356,3610968,252584,0,3863552,3863552
212.407,3610968,252584,0,3863552,3863552
212.457,3610968,252584,0,3863552,3863552
212.507,3610968,252584,0,3863552,3863552
212.557,3610968,252584,0,3863552,3863552
212.608,3610968,252584,0,3863552,3863552
212.658,3610968,252584,0,3863552,3863552
212.708,3610968,252584,0,3863552,3863552
212.759,3610968,252584,0,3863552,3863552
212.809,3610968,252584,0,3863552,3863552
212.859,3610968,252584,0,3863552,3863552
212.909,3610968,252584,0,3863552,3863552
212.961,3610968,252584,0,3863552,3863552
213.011,3610968,252584,0,3863552,3863552
213.061,3610968,252584,0,3863552,3863552
213.111,3610968,252576,0,3863544,3863544
213.162,3610968,252544,0,3863512,3863512
213.212,3610968,251520,0,3862488,3862624
213.262,3610968,251520,0,3862488,3862624
213.312,3610968,249664,0,3860632,3862624
213.363,3610968,247872,0,3858840,3862624
213.413,3610968,247864,0,3858832,3862624
213.463,3610968,247864,0,3858832,3862624
213.513,3610968,246840,0,3857808,3862624
213.564,3610968,246840,0,3857808,3862624
213.614,3610968,246840,0,3857808,3862624
213.667,3610968,246840,0,3857808,3862624
213.717,3610968,246424,0,3857392,3862624
213.767,3610968,246840,0,3857808,3862624
213.817,3610968,246840,0,3857808,3862624
213.868,3610968,246840,0,3857808,3862624
213.918,3610968,246840,0,3857808,3862624
213.968,3610968,246840,0,3857808,3862624
214.019,3610968,246840,0,3857808,3862624
214.069,3610968,246840,0,3857808,3862624
214.119,3610968,246840,0,3857808,3862624
214.169,3610968,246840,0,3857808,3862624
214.222,3610968,246840,0,3857808,3862624
214.272,3610968,246840,0,3857808,3862624
214.323,3610968,246840,0,3857808,3862624
214.373,3610968,246840,0,3857808,3862624
214.426,3610968,246840,0,3857808,3862624
214.477,3610968,246840,0,3857808,3862624
214.527,3610968,246840,0,3857808,3862624
214.577,3610968,246840,0,3857808,3862624
214.628,3610968,246840,0,3857808,3862624
214.678,3610968,246840,0,3857808,3862624
214.728,3610968,246840,0,3857808,3862624
214.778,3610968,246840,0,3857808,3862624
214.828,3610968,246840,0,3857808,3862624
214.879,3610968,246840,0,3857808,3862624
214.929,3610968,246840,0,3857808,3862624
214.979,3610968,246584,0,3857552,3862624
215.029,3610968,246840,0,3857808,3862624
215.079,3610968,246840,0,3857808,3862624
215.130,3610968,246600,0,3857568,3862624
215.180,3610968,246808,0,3857776,3862624
215.230,3610968,246728,0,3857696,3862624
215.280,3610968,245416,0,3856384,3862624
215.331,3610968,245528,0,3856496,3862624
215.383,3610968,245240,0,3856208,3862624
215.433,3610968,245064,0,3856032,3862624
215.483,3610968,243968,0,3854936,3862624
215.533,3610968,243952,0,3854920,3862624
215.583,3610968,243968,0,3854936,3862624
215.634,3610968,243680,0,3854648,3862624
215.684,3610968,243664,0,3854632,3862624
215.734,3610968,243648,0,3854616,3862624
215.784,3610968,243584,0,3854552,3862624
215.834,3610968,243648,0,3854616,3862624
215.885,3610968,243648,0,3854616,3862624
215.935,3610968,243648,0,3854616,3862624
215.985,3610968,243648,0,3854616,3862624
216.035,3610968,243624,0,3854592,3862624
216.085,3610968,243640,0,3854608,3862624
216.136,3610968,243640,0,3854608,3862624
216.186,3610968,243640,0,3854608,3862624
216.236,3610968,243640,0,3854608,3862624
216.287,3610968,243640,0,3854608,3862624
216.337,3610968,243640,0,3854608,3862624
216.387,3610968,243640,0,3854608,3862624
216.437,3610968,243640,0,3854608,3862624
216.487,3610968,243640,0,3854608,3862624
216.538,3610968,243640,0,3854608,3862624
216.588,3610968,243640,0,3854608,3862624
216.638,3610968,243640,0,3854608,3862624
216.688,3610968,243640,0,3854608,3862624
216.739,3610968,243640,0,3854608,3862624
216.789,3610968,243640,0,3854608,3862624
216.839,3610968,243640,0,3854608,3862624
216.889,3610968,243640,0,3854608,3862624
216.940,3610968,243640,0,3854608,3862624
216.990,3610968,243640,0,3854608,3862624
217.040,3610968,243640,0,3854608,3862624
217.090,3610968,243640,0,3854608,3862624
217.141,3610968,243640,0,3854608,3862624
217.191,3610968,243640,0,3854608,3862624
217.241,3610968,243640,0,3854608,3862624
217.291,3610968,243640,0,3854608,3862624
217.341,3610968,243640,0,3854608,3862624
217.392,3610968,243640,0,3854608,3862624
217.442,3610968,243640,0,3854608,3862624
217.492,3610968,243640,0,3854608,3862624
217.542,3610968,243640,0,3854608,3862624
217.593,3610968,243640,0,3854608,3862624
217.643,3610968,243640,0,3854608,3862624
217.693,3610968,243640,0,3854608,3862624
217.743,3610968,243640,0,3854608,3862624
217.793,3610968,243640,0,3854608,3862624
217.844,3610968,243640,0,3854608,3862624
217.894,3610968,243640,0,3854608,3862624
217.944,3610968,243640,0,3854608,3862624
217.994,3610968,243640,0,3854608,3862624
218.044,3610968,243640,0,3854608,3862624
218.095,3610968,243640,0,3854608,3862624
218.145,3610968,243640,0,3854608,3862624
218.195,3610968,243640,0,3854608,3862624
218.245,3610968,243640,0,3854608,3862624
218.295,3610968,243640,0,3854608,3862624
218.346,3610968,243640,0,3854608,3862624
218.396,3610968,243640,0,3854608,3862624
218.446,3610968,243640,0,3854608,3862624
218.496,3610968,243640,0,3854608,3862624
218.547,3610968,243640,0,3854608,3862624
218.597,3610968,243640,0,3854608,3862624
218.647,3610968,243640,0,3854608,3862624
218.697,3610968,243640,0,3854608,3862624
218.747,3610968,243640,0,3854608,3862624
218.798,3610968,243640,0,3854608,3862624
218.848,3610968,243640,0,3854608,3862624
218.898,3610968,243640,0,3854608,3862624
218.948,3610968,243640,0,3854608,3862624
218.999,3610968,243640,0,3854608,3862624
219.049,3610968,243640,0,3854608,3862624
219.099,3610968,243640,0,3854608,3862624
219.149,3610968,243640,0,3854608,3862624
219.200,3610968,243640,0,3854608,3862624
219.250,3610968,243640,0,3854608,3862624
219.300,3610968,243640,0,3854608,3862624
219.350,3610968,243640,0,3854608,3862624
219.401,3610968,243640,0,3854608,3862624
219.451,3610968,243640,0,3854608,3862624
219.501,3610968,243640,0,3854608,3862624
219.551,3610968,243640,0,3854608,3862624
219.602,3610968,243640,0,3854608,3862624
219.652,3610968,243640,0,3854608,3862624
219.702,3610968,243640,0,3854608,3862624
219.752,3610968,243640,0,3854608,3862624
219.802,3610968,243640,0,3854608,3862624
219.853,3610968,243640,0,3854608,3862624
219.903,3610968,243640,0,3854608,3862624
219.953,3610968,243640,0,3854608,3862624
220.003,3610968,243640,0,3854608,3862624
220.054,3610968,243640,0,3854608,3862624
220.104,3610968,243640,0,3854608,3862624
220.154,3610968,243640,0,3854608,3862624
220.204,3610968,243640,0,3854608,3862624
220.255,3610968,243640,0,3854608,3862624
220.305,3610968,243640,0,3854608,3862624
220.355,3610968,243640,0,3854608,3862624
220.405,3610968,243640,0,3854608,3862624
220.456,3610968,243640,0,3854608,3862624
220.506,3610968,243640,0,3854608,3862624
220.556,3610968,243640,0,3854608,3862624
220.606,3610968,243640,0,3854608,3862624
220.656,3610968,243640,0,3854608,3862624
220.707,3610968,243640,0,3854608,3862624
220.757,3610968,243640,0,3854608,3862624
220.807,3610968,243640,0,3854608,3862624
220.857,3610968,243640,0,3854608,3862624
220.908,3610968,243640,0,3854608,3862624
220.958,3610968,243640,0,3854608,3862624
221.008,3610968,243640,0,3854608,3862624
221.058,3610968,243640,0,3854608,3862624
221.108,3610968,243640,0,3854608,3862624
221.159,3610968,243640,0,3854608,3862624
221.209,3610968,243640,0,3854608,3862624
221.259,3610968,243640,0,3854608,3862624
221.309,3610968,243640,0,3854608,3862624
221.360,3610968,243640,0,3854608,3862624
221.410,3610968,243640,0,3854608,3862624
221.460,3610968,243640,0,3854608,3862624
221.510,3610968,243640,0,3854608,3862624
221.560,3610968,243640,0,3854608,3862624
221.611,3610968,243640,0,3854608,3862624
221.661,3610968,243640,0,3854608,3862624
221.711,3610968,243640,0,3854608,3862624
221.761,3610968,243640,0,3854608,3862624
221.812,3610968,243640,0,3854608,3862624
221.862,3610968,243640,0,3854608,3862624
221.912,3610968,243640,0,3854608,3862624
221.962,3610968,243640,0,3854608,3862624
222.012,3610968,243640,0,3854608,3862624
222.063,3610968,243640,0,3854608,3862624
222.113,3610968,243640,0,3854608,3862624
222.163,3610968,243640,0,3854608,3862624
222.213,3610968,243640,0,3854608,3862624
222.264,3610968,243640,0,3854608,3862624
222.314,3610968,243640,0,3854608,3862624
222.364,3610968,243640,0,3854608,3862624
222.414,3610968,243640,0,3854608,3862624
222.465,3610968,243640,0,3854608,3862624
222.515,3610968,243640,0,3854608,3862624
222.565,3610968,243640,0,3854608,3862624
222.615,3610968,243640,0,3854608,3862624
222.666,3610968,243640,0,3854608,3862624
222.716,3610968,243640,0,3854608,3862624
222.766,3610968,243640,0,3854608,3862624
222.816,3610968,243640,0,3854608,3862624
222.866,3610968,243640,0,3854608,3862624
222.917,3610968,243640,0,3854608,3862624
222.967,3610968,243640,0,3854608,3862624
223.017,3610968,243640,0,3854608,3862624
223.067,3610968,243640,0,3854608,3862624
223.118,3610968,243640,0,3854608,3862624
223.168,3610968,243640,0,3854608,3862624
223.218,3610968,243640,0,3854608,3862624
223.268,3610968,243640,0,3854608,3862624
223.318,3610968,243640,0,3854608,3862624
223.371,3610968,243640,0,3854608,3862624
223.421,3610968,243640,0,3854608,3862624
223.471,3610968,243640,0,3854608,3862624
223.521,3610968,243640,0,3854608,3862624
223.571,3610968,243640,0,3854608,3862624
223.622,3610968,243640,0,3854608,3862624
223.672,3610968,243640,0,3854608,3862624
223.722,3610968,243640,0,3854608,3862624
223.772,3610968,243640,0,3854608,3862624
223.823,3610968,243640,0,3854608,3862624
223.873,3610968,243640,0,3854608,3862624
223.923,3610968,243640,0,3854608,3862624
223.973,3610968,243640,0,3854608,3862624
224.023,3610968,243640,0,3854608,3862624
224.074,3610968,243640,0,3854608,3862624
224.124,3610968,243640,0,3854608,3862624
224.174,3610968,243640,0,3854608,3862624
224.224,3610968,243640,0,3854608,3862624
224.274,3610968,243640,0,3854608,3862624
224.325,3610968,243640,0,3854608,3862624
224.375,3610968,243640,0,3854608,3862624
224.425,3610968,243640,0,3854608,3862624
224.476,3610968,243640,0,3854608,3862624
224.526,3610968,243640,0,3854608,3862624
224.576,3610968,243640,0,3854608,3862624
224.626,3610968,243640,0,3854608,3862624
224.676,3610968,243640,0,3854608,3862624
224.727,3610968,243640,0,3854608,3862624
224.777,3610968,243640,0,3854608,3862624
224.827,3610968,243640,0,3854608,3862624
224.877,3610968,243640,0,3854608,3862624
224.927,3610968,243640,0,3854608,3862624
224.978,3610968,243640,0,3854608,3862624
225.028,3610968,243640,0,3854608,3862624
225.078,3610968,243640,0,3854608,3862624
225.128,3610968,243640,0,3854608,3862624
225.179,3610968,243640,0,3854608,3862624
225.229,3610968,243640,0,3854608,3862624
225.279,3610968,243640,0,3854608,3862624
225.329,3610968,243640,0,3854608,3862624
225.380,3610968,243640,0,3854608,3862624
225.430,3610968,243640,0,3854608,3862624
225.480,3610968,243640,0,3854608,3862624
225.530,3610968,243640,0,3854608,3862624
225.581,3610968,243640,0,3854608,3862624
225.631,3610968,243640,0,3854608,3862624
225.681,3610968,243640,0,3854608,3862624
225.731,3610968,243640,0,3854608,3862624
225.781,3610968,243640,0,3854608,3862624
225.832,3610968,243640,0,3854608,3862624
225.882,3610968,243640,0,3854608,3862624
225.932,3610968,243640,0,3854608,3862624
225.982,3610968,243640,0,3854608,3862624
226.033,3610968,243640,0,3854608,3862624
226.083,3610968,243640,0,3854608,3862624
226.133,3610968,243640,0,3854608,3862624
226.183,3610968,243640,0,3854608,3862624
226.233,3610968,243640,0,3854608,3862624
226.284,3610968,243640,0,3854608,3862624
226.334,3610968,243640,0,3854608,3862624
226.384,3610968,243640,0,3854608,3862624
226.434,3610968,243640,0,3854608,3862624
226.484,3610968,243640,0,3854608,3862624
226.535,3610968,243640,0,3854608,3862624
226.585,3610968,243640,0,3854608,3862624
226.635,3610968,243640,0,3854608,3862624
226.685,3610968,243640,0,3854608,3862624
226.735,3610968,243640,0,3854608,3862624
226.786,3610968,243640,0,3854608,3862624
226.836,3610968,243640,0,3854608,3862624
226.886,3610968,243640,0,3854608,3862624
226.936,3610968,243640,0,3854608,3862624
226.987,3610968,243640,0,3854608,3862624
227.037,3610968,243640,0,3854608,3862624
227.087,3610968,243640,0,3854608,3862624
227.137,3610968,243640,0,3854608,3862624
227.188,3610968,243640,0,3854608,3862624
227.238,3610968,243640,0,3854608,3862624
227.288,3610968,243640,0,3854608,3862624
227.339,3610968,243640,0,3854608,3862624
227.390,3610968,243640,0,3854608,3862624
227.441,3610968,243640,0,3854608,3862624
227.493,3610968,243640,0,3854608,3862624
227.543,3610968,243640,0,3854608,3862624
227.594,3610968,243640,0,3854608,3862624
227.644,3610968,243640,0,3854608,3862624
227.694,3610968,243640,0,3854608,3862624
227.744,3610968,243640,0,3854608,3862624
227.795,3610968,243640,0,3854608,3862624
227.845,3610968,243640,0,3854608,3862624
227.895,3610968,243640,0,3854608,3862624
227.945,3610968,243640,0,3854608,3862624
227.996,3610968,243640,0,3854608,3862624
228.046,3610968,243640,0,3854608,3862624
228.096,3610968,243640,0,3854608,3862624
228.146,3610968,243640,0,3854608,3862624
228.196,3610968,243640,0,3854608,3862624
228.247,3610968,243640,0,3854608,3862624
228.299,3610968,243640,0,3854608,3862624
228.349,3610968,243640,0,3854608,3862624
228.399,3610968,243640,0,3854608,3862624
228.449,3610968,243640,0,3854608,3862624
228.499,3610968,243640,0,3854608,3862624
228.550,3610968,243640,0,3854608,3862624
228.600,3610968,243640,0,3854608,3862624
228.650,3610968,243640,0,3854608,3862624
228.700,3610968,243640,0,3854608,3862624
228.751,3610968,243640,0,3854608,3862624
228.801,3610968,243640,0,3854608,3862624
228.851,3610968,243640,0,3854608,3862624
228.901,3610968,243640,0,3854608,3862624
228.951,3610968,243640,0,3854608,3862624
229.002,3610968,243640,0,3854608,3862624
229.052,3610968,243640,0,3854608,3862624
229.102,3610968,243640,0,3854608,3862624
229.152,3610968,243640,0,3854608,3862624
229.203,3610968,243640,0,3854608,3862624
229.253,3610968,243640,0,3854608,3862624
229.303,3610968,243640,0,3854608,3862624
229.353,3610968,243640,0,3854608,3862624
229.403,3610968,243640,0,3854608,3862624
229.454,3610968,243640,0,3854608,3862624
229.504,3610968,243640,0,3854608,3862624
229.554,3610968,243640,0,3854608,3862624
229.604,3610968,243640,0,3854608,3862624
229.654,3610968,243640,0,3854608,3862624
229.705,3610968,243640,0,3854608,3862624
229.755,3610968,243640,0,3854608,3862624
229.805,3610968,243640,0,3854608,3862624
229.855,3610968,243640,0,3854608,3862624
229.906,3610968,243640,0,3854608,3862624
229.956,3610968,243640,0,3854608,3862624
230.006,3610968,243640,0,3854608,3862624
230.056,3610968,243640,0,3854608,3862624
230.106,3610968,243640,0,3854608,3862624
230.157,3610968,243640,0,3854608,3862624
230.207,3610968,243640,0,3854608,3862624
230.257,3610968,243640,0,3854608,3862624
230.307,3610968,243640,0,3854608,3862624
230.358,3610968,243640,0,3854608,3862624
230.408,3610968,243640,0,3854608,3862624
230.458,3610968,243640,0,3854608,3862624
230.508,3610968,243640,0,3854608,3862624
230.558,3610968,243640,0,3854608,3862624
230.609,3610968,243640,0,3854608,3862624
230.659,3610968,243640,0,3854608,3862624
230.709,3610968,243640,0,3854608,3862624
230.759,3610968,243640,0,3854608,3862624
230.810,3610968,243640,0,3854608,3862624
230.860,3610968,243640,0,3854608,3862624
230.910,3610968,243640,0,3854608,3862624
230.961,3610968,243640,0,3854608,3862624
231.011,3610968,243640,0,3854608,3862624
231.061,3610968,243640,0,3854608,3862624
231.111,3610968,243640,0,3854608,3862624
231.161,3610968,243640,0,3854608,3862624
231.212,3610968,243640,0,3854608,3862624
231.262,3610968,243640,0,3854608,3862624
231.312,3610968,243640,0,3854608,3862624
231.362,3610968,243640,0,3854608,3862624
231.412,3610968,243640,0,3854608,3862624
231.462,3610968,243640,0,3854608,3862624
231.513,3610968,243640,0,3854608,3862624
231.563,3610968,243640,0,3854608,3862624
231.613,3610968,243640,0,3854608,3862624
231.663,3610968,243640,0,3854608,3862624
231.714,3610968,243640,0,3854608,3862624
231.764,3610968,243640,0,3854608,3862624
231.814,3610968,243640,0,3854608,3862624
231.864,3610968,243640,0,3854608,3862624
231.915,3610968,243640,0,3854608,3862624
231.965,3642256,243640,0,3885896,3885896
232.015,3693840,243640,0,3937480,3937480
232.065,3730780,243640,0,3974420,3974420
232.115,3767984,243640,0,4011624,4011624
232.166,3805348,243640,0,4048988,4048988
232.216,3837400,243640,0,4081040,4081040
232.266,3868004,243640,0,4111644,4111644
232.316,3898420,243640,0,4142060,4142060
232.367,3929292,243640,0,4172932,4172932
232.417,3963424,243640,0,4207064,4207064
232.467,3992208,243640,0,4235848,4235848
232.517,4019404,243640,0,4263044,4263044
232.568,4057932,243640,0,4301572,4301572
232.618,4087820,243640,0,4331460,4331460
232.668,4113604,243640,0,4357244,4357244
232.718,4140540,243640,0,4384180,4384180
232.769,4172848,243640,0,4416488,4416488
232.819,4208560,243640,0,4452200,4452200
232.869,4244100,243640,0,4487740,4487740
232.919,4280232,243640,0,4523872,4523872
232.970,4313872,243640,0,4557512,4557512
233.020,4349012,243640,0,4592652,4592652
233.070,4383052,243640,0,4626692,4626692
233.120,4419136,243640,0,4662776,4662776
233.171,4456116,243640,0,4699756,4699756
233.221,4489552,243640,0,4733192,4733192
233.271,4521704,243640,0,4765344,4765344
233.321,4551876,243640,0,4795516,4795516
233.372,3882780,243640,0,4126420,4794676
233.422,3335964,243640,0,3579604,4794676
233.472,2774812,243640,0,3018452,4794676
233.522,2748188,243704,0,2991892,4794676
233.573,2748188,243704,0,2991892,4794676
233.623,2748188,243552,0,2991740,4794676
233.673,2748188,243408,0,2991596,4794676
233.723,2748188,243408,0,2991596,4794676
233.774,2748188,243328,0,2991516,4794676
233.824,2748188,243328,0,2991516,4794676
233.874,2748188,243328,0,2991516,4794676
233.924,2748188,243328,0,2991516,4794676
233.975,2748188,243328,0,2991516,4794676
234.025,2748188,243328,0,2991516,4794676
234.075,2748188,243328,0,2991516,4794676
234.125,2748188,243328,0,2991516,4794676
234.176,2748188,243328,0,2991516,4794676
234.226,2748188,243328,0,2991516,4794676
234.276,2748188,243312,0,2991500,4794676
234.326,2748188,243312,0,2991500,4794676
234.377,2748188,243280,0,2991468,4794676
234.427,2748188,243280,0,2991468,4794676
234.477,2748188,243280,0,2991468,4794676
234.527,2748188,243280,0,2991468,4794676
234.578,2748188,243280,0,2991468,4794676
234.628,2748188,243280,0,2991468,4794676
234.678,2748188,243280,0,2991468,4794676
234.729,2748188,243280,0,2991468,4794676
234.779,2632052,243280,0,2875332,4794676
234.829,1896524,243280,0,2139804,4794676
234.879,1807280,243524,0,2050804,4794676
234.930,1768216,95580,0,1863796,4794676
234.983,1768216,95584,0,1863800,4794676
235.033,1768216,95584,0,1863800,4794676
235.083,1768216,95584,0,1863800,4794676
235.134,1768216,95584,0,1863800,4794676
235.184,1768216,95584,0,1863800,4794676
235.234,1768216,95584,0,1863800,4794676
235.284,1768216,95584,0,1863800,4794676
235.335,1768216,95584,0,1863800,4794676
235.385,1768216,95584,0,1863800,4794676
235.435,1768216,95584,0,1863800,4794676
235.485,1768216,95584,0,1863800,4794676
235.536,1768216,95584,0,1863800,4794676
235.586,1768216,95584,0,1863800,4794676
235.636,1768216,95584,0,1863800,4794676
235.686,1768216,95584,0,1863800,4794676
235.737,1768216,95584,0,1863800,4794676
235.787,1768216,95584,0,1863800,4794676
235.837,1768216,95584,0,1863800,4794676
235.887,1758268,16632,0,1774900,4794676
235.938,1260900,16632,0,1277532,4794676
235.988,1260900,16632,0,1277532,4794676
236.038,1260900,16632,0,1277532,4794676
236.088,1260900,16632,0,1277532,4794676
236.139,1260900,16632,0,1277532,4794676
236.189,1260900,16632,0,1277532,4794676
