t,RssAnon,RssFile,RssShmem,VmRSS,VmHWM
0.001,80,816,0,896,896
0.051,7608,15084,0,22692,23764
0.101,9064,15084,0,24148,24148
0.152,10104,15084,0,25188,25188
0.202,10100,15084,0,25184,25184
0.252,8544,15084,0,23628,25164
0.305,80276,15660,0,95936,95936
0.356,128888,15852,0,144740,150288
0.407,87756,15972,0,103728,151484
0.457,127172,15972,0,143144,180996
0.507,103308,16092,0,119400,180996
0.558,105928,16092,0,122020,180996
0.608,113532,16092,0,129624,180996
0.658,114208,16092,0,130300,180996
0.708,114208,16092,0,130300,180996
0.758,114208,16092,0,130300,180996
0.809,114208,16092,0,130300,180996
0.859,114208,16092,0,130300,180996
0.909,114208,16092,0,130300,180996
0.959,114208,16092,0,130300,180996
1.010,114208,16092,0,130300,180996
1.060,114208,16092,0,130300,180996
1.110,114532,16092,0,130624,180996
1.160,114708,16092,0,130800,180996
1.210,114908,16092,0,131000,180996
1.261,118904,16092,0,134996,180996
1.311,118904,16092,0,134996,180996
1.361,118904,16092,0,134996,180996
1.411,118904,16092,0,134996,180996
1.462,118904,16092,0,134996,180996
1.512,118904,16092,0,134996,180996
1.562,118904,16092,0,134996,180996
1.612,118904,16092,0,134996,180996
1.662,118904,16092,0,134996,180996
1.713,118904,16092,0,134996,180996
1.763,118904,16092,0,134996,180996
1.813,118904,16092,0,134996,180996
1.863,118904,16092,0,134996,180996
1.914,118904,16092,0,134996,180996
1.964,118904,16092,0,134996,180996
2.014,118904,16092,0,134996,180996
2.064,118904,16092,0,134996,180996
2.114,118904,16092,0,134996,180996
2.165,118904,16092,0,134996,180996
2.215,119320,16092,0,135412,180996
2.265,119324,16092,0,135416,180996
2.315,119324,16092,0,135416,180996
2.366,119324,16092,0,135416,180996
2.416,119324,16092,0,135416,180996
2.466,119324,16092,0,135416,180996
2.516,119324,16092,0,135416,180996
2.567,119324,16092,0,135416,180996
2.617,119324,16092,0,135416,180996
2.667,119324,16092,0,135416,180996
2.717,119324,16092,0,135416,180996
2.768,119324,16092,0,135416,180996
2.818,119324,16092,0,135416,180996
2.868,119324,16092,0,135416,180996
2.918,119324,16092,0,135416,180996
2.968,119324,16092,0,135416,180996
3.019,119324,16092,0,135416,180996
3.069,119324,16092,0,135416,180996
3.119,119324,16092,0,135416,180996
3.169,119324,16092,0,135416,180996
3.220,119324,16092,0,135416,180996
3.270,119324,16092,0,135416,180996
3.320,119324,16092,0,135416,180996
3.370,128848,16092,0,144940,180996
3.420,146908,16092,0,163000,180996
3.470,156816,16092,0,172908,180996
3.521,169000,16092,0,185092,185092
3.571,182912,16092,0,199004,199004
3.621,193168,16092,0,209260,209260
3.671,203184,16092,0,219276,219276
3.721,214884,16092,0,230976,230976
3.772,228396,16092,0,244488,244488
3.822,238220,16092,0,254312,254312
3.872,251736,16092,0,267828,267828
3.922,261320,16092,0,277412,277412
3.973,276020,16092,0,292112,292112
4.023,286284,16092,0,302376,302376
4.073,297276,16092,0,313368,313368
4.123,308156,16092,0,324248,324248
4.173,320648,16092,0,336740,336740
4.224,332672,16092,0,348764,348764
4.274,344416,16092,0,360508,360508
4.324,354928,16092,0,371020,371020
4.374,365648,16092,0,381740,381740
4.425,376424,16092,0,392516,392516
4.475,387780,16092,0,403872,403872
4.525,398340,16092,0,414432,414432
4.575,410292,16092,0,426384,426384
4.626,421228,16092,0,437320,437320
4.676,430344,16092,0,446436,446436
4.726,439444,16092,0,455536,455536
4.776,449788,16092,0,465880,465880
4.826,459384,16092,0,475476,475476
4.877,468824,16092,0,484916,484916
4.927,481488,16092,0,497580,497580
4.977,487904,16092,0,503996,503996
5.027,496988,16092,0,513080,513080
5.078,505672,16092,0,521764,521764
5.128,515300,16092,0,531392,531392
5.178,525796,16092,0,541888,541888
5.228,536260,16092,0,552352,552352
5.278,545504,16092,0,561596,561596
5.329,554596,16092,0,570688,570688
5.379,564716,16092,0,580808,580808
5.429,574812,16092,0,590904,590904
5.479,585156,16092,0,601248,601248
5.530,595544,16092,0,611636,611636
5.580,605916,16092,0,622008,622008
5.630,615196,16092,0,631288,631288
5.680,624932,16092,0,641024,641024
5.730,632752,16092,0,648844,648844
5.781,642228,16092,0,658320,658320
5.831,651616,16092,0,667708,667708
5.881,660476,16092,0,676568,676568
5.931,670140,16092,0,686232,686232
5.982,679640,16092,0,695732,695732
6.032,687848,16092,0,703940,703940
6.082,695912,16092,0,712004,712004
6.132,706408,16092,0,722500,722500
6.182,715032,16092,0,731124,731124
6.233,723816,16092,0,739908,739908
6.283,731876,16092,0,747968,747968
6.333,740328,16092,0,756420,756420
6.383,748744,16092,0,764836,764836
6.434,757160,16092,0,773252,773252
6.484,766256,16092,0,782348,782348
6.534,775100,16092,0,791192,791192
6.584,783916,16092,0,800008,800008
6.634,793444,16092,0,809536,809536
6.685,801948,16092,0,818040,818040
6.735,809500,16092,0,825592,825592
6.785,819360,16092,0,835452,835452
6.835,827096,16092,0,843188,843188
6.886,836488,16092,0,852580,852580
6.936,845100,16092,0,861192,861192
6.986,846528,16092,0,862620,862620
7.036,846528,16092,0,862620,862620
7.087,846528,16092,0,862620,862620
7.137,846528,16092,0,862620,862620
7.187,846528,16092,0,862620,862620
7.237,534908,16092,0,551000,861764
7.288,132464,16348,0,148812,861764
7.338,142092,16348,0,158440,861764
7.388,151716,16348,0,168064,861764
7.438,162156,16348,0,178504,861764
7.489,172708,16348,0,189056,861764
7.539,184028,16348,0,200376,861764
7.589,194908,16348,0,211256,861764
7.639,207716,16348,0,224064,861764
7.690,218392,16348,0,234740,861764
7.740,223372,16348,0,239720,861764
7.790,233388,16348,0,249736,861764
7.840,245492,16348,0,261840,861764
7.891,256280,16348,0,272628,861764
7.941,266324,16348,0,282672,861764
7.991,276240,16348,0,292588,861764
8.041,286292,16348,0,302640,861764
8.092,297284,16348,0,313632,861764
8.142,308164,16348,0,324512,861764
8.192,319252,16348,0,335600,861764
8.242,330296,16348,0,346644,861764
8.293,340588,16348,0,356936,861764
8.343,349440,16348,0,365788,861764
8.393,360320,16348,0,376668,861764
8.443,369204,16348,0,385552,861764
8.494,376432,16348,0,392780,861764
8.544,385116,16348,0,401464,861764
8.594,392872,16348,0,409220,861764
8.644,402264,16348,0,418612,861764
8.695,410300,16348,0,426648,861764
8.745,417072,16348,0,433420,861764
8.795,425720,16348,0,442068,861764
8.846,434488,16348,0,450836,861764
8.896,444660,16348,0,461008,861764
8.946,454204,16348,0,470552,861764
8.996,460784,16348,0,477132,861764
9.047,466232,16348,0,482580,861764
9.097,472344,16348,0,488692,861764
9.147,481496,16348,0,497844,861764
9.197,487444,16348,0,503792,861764
9.247,495828,16348,0,512176,861764
9.298,504016,16348,0,520364,861764
9.348,510996,16348,0,527344,861764
9.398,520500,16348,0,536848,861764
9.449,529464,16348,0,545812,861764
9.499,536268,16348,0,552616,861764
9.549,544660,16348,0,561008,861764
9.599,551516,16348,0,567864,861764
9.650,559672,16348,0,576020,861764
9.700,568748,16348,0,585096,861764
9.750,574820,16348,0,591168,861764
9.800,585164,16348,0,601512,861764
9.851,595008,16348,0,611356,861764
9.901,602528,16348,0,618876,861764
9.951,611140,16348,0,627488,861764
10.001,620984,16348,0,637332,861764
10.052,628928,16348,0,645276,861764
10.102,636284,16348,0,652632,861764
10.152,645724,16348,0,662072,861764
10.202,655616,16348,0,671964,861764
10.252,664172,16348,0,680520,861764
10.303,670148,16348,0,686496,861764
10.353,679648,16348,0,695996,861764
10.403,688308,16348,0,704656,861764
10.453,695428,16348,0,711776,861764
10.503,703740,16348,0,720088,861764
10.554,714864,16348,0,731212,861764
10.604,724388,16348,0,740736,861764
10.654,733356,16348,0,749704,861764
10.704,743936,16348,0,760284,861764
10.755,755588,16348,0,771936,861764
10.805,764688,16348,0,781036,861764
10.855,773984,16348,0,790332,861764
10.905,786112,16348,0,802460,861764
10.956,794208,16348,0,810556,861764
11.006,801956,16348,0,818304,861764
11.056,809508,16348,0,825856,861764
11.106,820244,16348,0,836592,861764
11.157,827372,16348,0,843720,861764
11.207,838044,16348,0,854392,861764
11.257,846536,16348,0,862884,862884
11.307,846536,16348,0,862884,862884
11.357,846536,16348,0,862884,862884
11.408,846536,16348,0,862884,862884
11.458,846536,16348,0,862884,862884
11.508,875384,16348,0,891732,891732
11.566,917656,16348,0,934004,934004
11.616,947340,16348,0,963688,963688
11.666,988876,16348,0,1005224,1005224
11.716,1045684,16348,0,1062032,1062032
11.767,1090032,16348,0,1106380,1106380
11.817,1140188,16348,0,1156536,1156536
11.867,1166600,16348,0,1182948,1182948
11.917,1215516,16348,0,1231864,1231864
11.967,1262468,16348,0,1278816,1278816
12.018,1316084,16348,0,1332432,1332432
12.068,1347828,16348,0,1364176,1364176
12.118,1371768,16348,0,1388116,1388116
12.168,1414828,16348,0,1431176,1431176
12.219,1444116,16348,0,1460464,1460464
12.269,1465092,16348,0,1481440,1481440
12.319,1490952,16348,0,1507300,1507300
12.369,1525520,16348,0,1541868,1541868
12.419,1564304,16348,0,1580652,1580652
12.470,1565724,16348,0,1582072,1582072
12.522,1565724,16348,0,1582072,1582072
12.572,1565724,16348,0,1582072,1582072
12.623,1565728,16348,0,1582076,1582076
12.673,1565736,16348,0,1582084,1582084
12.724,1565764,16348,0,1582112,1582112
12.774,1565836,16348,0,1582184,1582184
12.824,1586844,16348,0,1603192,1603192
12.875,1604632,16348,0,1620980,1620980
12.925,1607036,16348,0,1623384,1623384
12.975,1673808,16348,0,1690156,1690156
13.026,1744692,16348,0,1761040,1761040
13.076,1818280,16348,0,1834628,1834628
13.126,1892436,16348,0,1908784,1908784
13.177,1911632,16348,0,1927980,1980008
13.228,1004172,16348,0,1020520,1980008
13.278,592504,16348,0,608852,1980008
13.328,641980,16348,0,658328,1980008
13.379,677496,16348,0,693844,1980008
13.429,723708,16348,0,740056,1980008
13.479,731192,16348,0,747540,1980008
13.529,736120,26212,0,762332,1980008
13.580,758596,71644,0,830240,1980008
13.630,614000,106768,0,720768,1980008
13.680,614000,148748,0,762748,1980008
13.731,614004,172604,0,786608,1980008
13.782,614008,172604,0,786612,1980008
13.834,614008,172604,0,786612,1980008
13.884,614060,172604,0,786664,1980008
13.934,633076,172604,0,805680,1980008
13.985,676744,172604,0,849348,1980008
14.035,720860,172604,0,893464,1980008
14.085,764604,172604,0,937208,1980008
14.136,809388,172604,0,981992,1980008
14.186,809388,172604,0,981992,1980008
14.237,809388,172604,0,981992,1980008
14.287,839596,172612,0,1012208,1980008
14.338,930060,172612,0,1102672,1980008
14.388,980692,172612,0,1153304,1980008
14.438,1023448,172612,0,1196060,1980008
14.489,1033512,172612,0,1206124,1980008
14.539,1076072,172612,0,1248684,1980008
14.589,1102860,172612,0,1275472,1980008
14.640,1114612,172612,0,1287224,1980008
14.690,1125084,172612,0,1297696,1980008
14.740,1137244,172612,0,1309856,1980008
14.790,1076792,172612,0,1249404,1980008
14.841,1085124,172612,0,1257736,1980008
14.892,1085124,172612,0,1257736,1980008
14.943,995788,172612,0,1168400,1980008
14.994,995788,172612,0,1168400,1980008
15.044,995788,172612,0,1168400,1980008
15.095,995788,172612,0,1168400,1980008
15.145,995788,172612,0,1168400,1980008
15.195,995788,172612,0,1168400,1980008
15.246,995788,172612,0,1168400,1980008
15.296,995788,172612,0,1168400,1980008
15.347,995788,172612,0,1168400,1980008
15.397,882392,172868,0,1055260,1980008
15.448,885432,172868,0,1058300,1980008
15.498,885480,172868,0,1058348,1980008
15.548,885508,172868,0,1058376,1980008
15.598,885552,172868,0,1058420,1980008
15.649,885572,172868,0,1058440,1980008
15.699,885584,172868,0,1058452,1980008
15.749,885584,172868,0,1058452,1980008
15.800,885600,172868,0,1058468,1980008
15.850,885608,172868,0,1058476,1980008
15.901,885608,172868,0,1058476,1980008
15.951,885612,172868,0,1058480,1980008
16.001,885612,172868,0,1058480,1980008
16.052,885616,172868,0,1058484,1980008
16.103,885644,172868,0,1058512,1980008
16.153,885652,172868,0,1058520,1980008
16.204,885664,172868,0,1058532,1980008
16.255,885668,172868,0,1058536,1980008
16.306,885676,172868,0,1058544,1980008
16.356,885696,172868,0,1058564,1980008
16.407,885716,172868,0,1058584,1980008
16.458,885732,172868,0,1058600,1980008
16.508,885732,172868,0,1058600,1980008
16.559,885732,172868,0,1058600,1980008
16.609,885752,172868,0,1058620,1980008
16.659,885756,172868,0,1058624,1980008
16.710,885760,172868,0,1058628,1980008
16.760,885764,172868,0,1058632,1980008
16.810,885808,172868,0,1058676,1980008
16.861,885812,172868,0,1058680,1980008
16.911,885820,172868,0,1058688,1980008
16.962,885828,172868,0,1058696,1980008
17.012,885828,172868,0,1058696,1980008
17.063,885828,172868,0,1058696,1980008
17.114,885828,172868,0,1058696,1980008
17.164,885832,172868,0,1058700,1980008
17.214,885832,172868,0,1058700,1980008
17.265,885832,172868,0,1058700,1980008
17.315,885836,172868,0,1058704,1980008
17.365,885840,172868,0,1058708,1980008
17.415,885840,172868,0,1058708,1980008
17.465,885840,172868,0,1058708,1980008
17.516,885840,172868,0,1058708,1980008
17.566,885840,172868,0,1058708,1980008
17.616,885840,172868,0,1058708,1980008
17.666,885840,172868,0,1058708,1980008
17.716,885840,172868,0,1058708,1980008
17.767,885840,172868,0,1058708,1980008
17.817,885840,172868,0,1058708,1980008
17.867,885840,172868,0,1058708,1980008
17.917,885840,172868,0,1058708,1980008
17.968,885840,172868,0,1058708,1980008
18.018,885840,172868,0,1058708,1980008
18.068,885840,172868,0,1058708,1980008
18.118,885840,172868,0,1058708,1980008
18.169,885840,172868,0,1058708,1980008
18.219,885840,172868,0,1058708,1980008
18.269,885840,172868,0,1058708,1980008
18.319,885840,172868,0,1058708,1980008
18.369,885840,172868,0,1058708,1980008
18.420,885840,172868,0,1058708,1980008
18.470,885840,172868,0,1058708,1980008
18.520,885840,172868,0,1058708,1980008
18.570,885840,172868,0,1058708,1980008
18.621,885840,172868,0,1058708,1980008
18.671,885840,172868,0,1058708,1980008
18.721,885840,172868,0,1058708,1980008
18.771,885840,172868,0,1058708,1980008
18.821,885840,172868,0,1058708,1980008
18.872,885840,172868,0,1058708,1980008
18.922,885840,172868,0,1058708,1980008
18.972,885848,172868,0,1058716,1980008
19.022,885852,172868,0,1058720,1980008
19.073,885856,172868,0,1058724,1980008
19.123,885860,172868,0,1058728,1980008
19.173,885860,172868,0,1058728,1980008
19.223,886068,172868,0,1058936,1980008
19.273,886120,172868,0,1058988,1980008
19.324,886124,172868,0,1058992,1980008
19.374,886124,172868,0,1058992,1980008
19.424,886124,172868,0,1058992,1980008
19.474,886124,172868,0,1058992,1980008
19.525,331296,156484,0,487780,1980008
19.575,331296,94740,0,426036,1980008
19.625,331296,94740,0,426036,1980008
19.675,339144,95380,0,434524,1980008
19.725,352600,95380,0,447980,1980008
19.776,366420,95380,0,461800,1980008
19.826,380032,95380,0,475412,1980008
19.876,392204,95380,0,487584,1980008
19.926,404756,95380,0,500136,1980008
19.977,416216,95380,0,511596,1980008
20.027,428484,95380,0,523864,1980008
20.077,439072,95380,0,534452,1980008
20.127,451136,95380,0,546516,1980008
20.177,464256,95380,0,559636,1980008
20.228,477708,95380,0,573088,1980008
20.278,491212,95380,0,586592,1980008
20.328,504604,95380,0,599984,1980008
20.378,513732,95380,0,609112,1980008
20.429,513896,95764,0,609660,1980008
20.479,513896,95764,0,609660,1980008
20.529,513896,95764,0,609660,1980008
20.579,513896,95764,0,609660,1980008
20.629,513896,95764,0,609660,1980008
20.680,513896,95764,0,609660,1980008
20.730,513896,95764,0,609660,1980008
20.780,513896,95764,0,609660,1980008
20.830,513896,95764,0,609660,1980008
20.881,513896,95764,0,609660,1980008
20.931,334140,95764,0,429904,1980008
20.981,343944,101480,0,445424,1980008
21.031,348992,105768,0,454760,1980008
21.082,350500,124664,0,475164,1980008
21.132,355956,118828,0,474784,1980008
21.182,358004,147620,0,505624,1980008
21.232,361352,134884,0,496236,1980008
21.282,363404,157044,0,520448,1980008
21.333,366476,192020,0,558496,1980008
21.383,369548,194072,0,563620,1980008
21.433,372620,225432,0,598052,1980008
21.483,374668,172228,0,546896,1980008
21.534,377748,207488,0,585236,1980008
21.584,380820,242212,0,623032,1980008
21.634,383892,281284,0,665176,1980008
21.684,385940,307332,0,693272,1980008
21.734,387996,333380,0,721376,1980008
21.785,408988,281088,0,690076,1980008
21.835,408988,420860,0,829848,1980008
21.885,408988,577856,0,986844,1980008
21.936,408988,641220,0,1050208,1980008
21.986,408988,730448,0,1139436,1980008
22.036,408988,758452,0,1167440,1980008
22.086,408988,860996,0,1269984,1980008
22.137,408988,886508,0,1295496,1980008
22.187,408988,909040,0,1318028,1980008
22.237,408988,948776,0,1357764,1980008
22.287,408988,948776,0,1357764,1980008
22.338,408988,948776,0,1357764,1980008
22.388,408992,948776,0,1357768,1980008
22.438,408996,948776,0,1357772,1980008
22.488,408996,948776,0,1357772,1980008
22.538,408996,948776,0,1357772,1980008
22.589,409000,948776,0,1357776,1980008
22.639,409004,948776,0,1357780,1980008
22.689,409004,948776,0,1357780,1980008
22.739,409004,948776,0,1357780,1980008
22.790,409008,948776,0,1357784,1980008
22.840,409012,959032,0,1368044,1980008
22.890,409016,968024,0,1377040,1980008
22.940,410000,984152,0,1394152,1980008
22.991,410000,1035784,0,1445784,1980008
23.041,410000,1064488,0,1474488,1980008
23.091,410000,974584,0,1384584,1980008
23.141,410000,1016084,0,1426084,1980008
23.192,410000,1041376,0,1451376,1980008
23.242,410000,1061612,0,1471612,1980008
23.292,410000,1086188,0,1496188,1980008
23.342,410000,1096228,0,1506228,1980008
23.393,410000,1116068,0,1526068,1980008
23.443,410000,1142556,0,1552556,1980008
23.493,410000,1151080,0,1561080,1980008
23.544,410000,1030676,0,1440676,1980008
23.594,410000,1058204,0,1468204,1980008
23.644,410000,1091456,0,1501456,1980008
23.695,410000,1101804,0,1511804,1980008
23.745,410000,1131328,0,1541328,1980008
23.795,410000,1131328,0,1541328,1980008
23.846,410000,1131328,0,1541328,1980008
23.896,414688,1131328,0,1546016,1980008
23.946,409492,1131328,0,1540820,1980008
23.996,409496,1131328,0,1540824,1980008
24.047,409496,1131328,0,1540824,1980008
24.097,410004,1131328,0,1541332,1980008
24.147,410004,1131328,0,1541332,1980008
24.197,410232,1131328,0,1541560,1980008
24.247,410236,1131328,0,1541564,1980008
24.298,410236,1131328,0,1541564,1980008
24.348,410240,1131328,0,1541568,1980008
24.398,410240,1131328,0,1541568,1980008
24.448,410240,1137472,0,1547712,1980008
24.499,410240,1155904,0,1566144,1980008
24.549,410244,1165312,0,1575556,1980008
24.599,410244,1208080,0,1618324,1980008
24.649,410244,1262872,0,1673116,1980008
24.699,410244,1274924,0,1685168,1980008
24.750,410244,1058036,0,1468280,1980008
24.800,410244,1109804,0,1520048,1980008
24.850,410244,1156332,0,1566576,1980008
24.900,410244,1208428,0,1618672,1980008
24.951,410244,1242400,0,1652644,1980008
25.001,410244,1275496,0,1685740,1980008
25.051,410244,1299748,0,1709992,1980008
25.101,410244,1299748,0,1709992,1980008
25.152,410248,1299748,0,1709996,1980008
25.202,410288,1299748,0,1710036,1980008
25.252,410288,1299748,0,1710036,1980008
25.302,410292,1299748,0,1710040,1980008
25.353,411004,1299748,0,1710752,1980008
25.403,411004,1299748,0,1710752,1980008
25.453,411004,1299748,0,1710752,1980008
25.503,411004,1299748,0,1710752,1980008
25.554,411004,1299748,0,1710752,1980008
25.604,411004,1305400,0,1716404,1980008
25.654,411004,1352232,0,1763236,1980008
25.704,411004,1398980,0,1809984,1980008
25.755,411004,1448156,0,1859160,1980008
25.805,411004,1498176,0,1909180,1980008
25.855,411004,1274712,0,1685716,1980008
25.905,411004,1302756,0,1713760,1980008
25.956,411004,1331596,0,1742600,1980008
26.006,411004,1352224,0,1763228,1980008
26.056,411004,1360696,0,1771700,1980008
26.106,411004,1374968,0,1785972,1980008
26.157,411004,1392320,0,1803324,1980008
26.207,411004,1385368,0,1796372,1980008
26.257,411004,1090856,0,1501860,1980008
26.308,351100,879544,0,1230644,1980008
26.358,351100,879544,0,1230644,1980008
26.408,351100,879544,0,1230644,1980008
26.459,352984,879544,0,1232528,1980008
26.509,359100,879544,0,1238644,1980008
26.559,363776,879544,0,1243320,1980008
26.609,369548,879544,0,1249092,1980008
26.659,373800,879544,0,1253344,1980008
26.710,379252,879544,0,1258796,1980008
26.760,383868,879544,0,1263412,1980008
26.810,389352,879544,0,1268896,1980008
26.861,396496,879544,0,1276040,1980008
26.911,403832,879544,0,1283376,1980008
26.961,412020,879544,0,1291564,1980008
27.011,441648,879800,0,1321448,1980008
27.062,449588,879800,0,1329388,1980008
27.112,454352,879800,0,1334152,1980008
27.162,458892,879800,0,1338692,1980008
27.212,463212,879800,0,1343012,1980008
27.263,467076,879800,0,1346876,1980008
27.313,471520,879800,0,1351320,1980008
27.363,475336,879800,0,1355136,1980008
27.413,479608,879800,0,1359408,1980008
27.463,483968,879800,0,1363768,1980008
27.514,487988,879800,0,1367788,1980008
27.564,492412,879800,0,1372212,1980008
27.614,495300,879800,0,1375100,1980008
27.664,499256,879800,0,1379056,1980008
27.714,503140,879800,0,1382940,1980008
27.765,508032,879800,0,1387832,1980008
27.815,510464,879800,0,1390264,1980008
27.865,514208,879800,0,1394008,1980008
27.915,517788,879800,0,1397588,1980008
27.966,522156,879800,0,1401956,1980008
28.016,526776,879800,0,1406576,1980008
28.066,530076,879800,0,1409876,1980008
28.116,534020,879800,0,1413820,1980008
28.167,537272,879800,0,1417072,1980008
28.217,541008,879800,0,1420808,1980008
28.267,544680,879800,0,1424480,1980008
28.317,549400,879800,0,1429200,1980008
28.367,552884,879800,0,1432684,1980008
28.418,556048,879800,0,1435848,1980008
28.468,559876,879800,0,1439676,1980008
28.518,563708,879800,0,1443508,1980008
28.568,566596,879800,0,1446396,1980008
28.619,569696,879800,0,1449496,1980008
28.669,573948,879800,0,1453748,1980008
28.719,576948,879800,0,1456748,1980008
28.769,580712,879800,0,1460512,1980008
28.819,585588,879800,0,1465388,1980008
28.869,588612,879800,0,1468412,1980008
28.920,592144,879800,0,1471944,1980008
28.970,595460,879800,0,1475260,1980008
29.020,600588,879800,0,1480388,1980008
29.070,603620,879800,0,1483420,1980008
29.120,607228,879800,0,1487028,1980008
29.171,609136,879800,0,1488936,1980008
29.221,612312,879800,0,1492112,1980008
29.271,615040,879800,0,1494840,1980008
29.321,618220,879800,0,1498020,1980008
29.372,621212,879800,0,1501012,1980008
29.422,624516,879800,0,1504316,1980008
29.472,628036,879800,0,1507836,1980008
29.522,630720,879800,0,1510520,1980008
29.573,633656,879800,0,1513456,1980008
29.623,636580,879800,0,1516380,1980008
29.673,639448,879800,0,1519248,1980008
29.723,642588,879800,0,1522388,1980008
29.773,651356,879800,0,1531156,1980008
29.824,652520,879800,0,1532320,1980008
29.874,655980,879800,0,1535780,1980008
29.924,660044,879800,0,1539844,1980008
29.975,662340,879800,0,1542140,1980008
30.025,665724,879800,0,1545524,1980008
30.075,668328,879800,0,1548128,1980008
30.125,671248,879800,0,1551048,1980008
30.176,675816,879800,0,1555616,1980008
30.226,678692,879800,0,1558492,1980008
30.276,681948,879800,0,1561748,1980008
30.326,686228,879800,0,1566028,1980008
30.376,689116,879800,0,1568916,1980008
30.427,692208,879800,0,1572008,1980008
30.477,695284,879800,0,1575084,1980008
30.527,698436,879800,0,1578236,1980008
30.577,701488,879800,0,1581288,1980008
30.628,705216,879800,0,1585016,1980008
30.678,708788,879800,0,1588588,1980008
30.728,711360,879800,0,1591160,1980008
30.778,714180,879800,0,1593980,1980008
30.828,719152,879800,0,1598952,1980008
30.879,722240,879800,0,1602040,1980008
30.929,724904,879800,0,1604704,1980008
30.979,731176,879800,0,1610976,1980008
31.029,737140,879800,0,1616940,1980008
31.079,738588,879800,0,1618388,1980008
31.130,745800,879800,0,1625600,1980008
31.180,749944,879800,0,1629744,1980008
31.230,759368,879800,0,1639168,1980008
31.280,760544,879800,0,1640344,1980008
31.330,761808,879800,0,1641608,1980008
31.381,763348,879800,0,1643148,1980008
31.431,766488,879800,0,1646288,1980008
31.481,771368,879800,0,1651168,1980008
31.531,775820,879800,0,1655620,1980008
31.582,777780,879800,0,1657580,1980008
31.632,780740,879800,0,1660540,1980008
31.682,783784,879800,0,1663584,1980008
31.732,787120,879800,0,1666920,1980008
31.782,789812,879800,0,1669612,1980008
31.833,793044,879800,0,1672844,1980008
31.883,795880,879800,0,1675680,1980008
31.933,798868,879800,0,1678668,1980008
31.983,801764,879800,0,1681564,1980008
32.033,805972,879800,0,1685772,1980008
32.084,809228,879800,0,1689028,1980008
32.134,812208,879800,0,1692008,1980008
32.184,815152,879800,0,1694952,1980008
32.234,817628,879800,0,1697428,1980008
32.285,821836,879800,0,1701636,1980008
32.335,823856,879800,0,1703656,1980008
32.385,827492,879800,0,1707292,1980008
32.435,830048,879800,0,1709848,1980008
32.486,833712,879800,0,1713512,1980008
32.536,844176,879800,0,1723976,1980008
32.586,849384,879800,0,1729184,1980008
32.636,854428,879800,0,1734228,1980008
32.686,855544,879800,0,1735344,1980008
32.737,856528,879800,0,1736328,1980008
32.787,857852,879800,0,1737652,1980008
32.837,861588,879800,0,1741388,1980008
32.887,865936,879800,0,1745736,1980008
32.938,869136,879800,0,1748936,1980008
32.988,871388,879800,0,1751188,1980008
33.038,873504,879800,0,1753304,1980008
33.088,875368,879800,0,1755168,1980008
33.138,877844,879800,0,1757644,1980008
33.189,881272,879800,0,1761072,1980008
33.239,883396,879800,0,1763196,1980008
33.289,887276,879800,0,1767076,1980008
33.339,889708,879800,0,1769508,1980008
33.389,893944,879800,0,1773744,1980008
33.440,897188,879800,0,1776988,1980008
33.490,899508,879800,0,1779308,1980008
33.540,901908,879800,0,1781708,1980008
33.590,904148,879800,0,1783948,1980008
33.641,906168,879800,0,1785968,1980008
33.691,909024,879800,0,1788824,1980008
33.741,911672,879800,0,1791472,1980008
33.791,914820,879800,0,1794620,1980008
33.841,918688,879800,0,1798488,1980008
33.892,920864,879800,0,1800664,1980008
33.942,923080,879800,0,1802880,1980008
33.992,928116,879800,0,1807916,1980008
34.042,930024,879800,0,1809824,1980008
34.092,931936,879800,0,1811736,1980008
34.143,934624,879800,0,1814424,1980008
34.193,937720,879800,0,1817520,1980008
34.243,940832,879800,0,1820632,1980008
34.293,944260,879800,0,1824060,1980008
34.343,946360,879800,0,1826160,1980008
34.394,949236,879800,0,1829036,1980008
34.444,953880,879800,0,1833680,1980008
34.494,957224,879800,0,1837024,1980008
34.544,960064,877880,0,1837944,1980008
34.594,962804,877880,0,1840684,1980008
34.645,968376,877880,0,1846256,1980008
34.695,973888,877880,0,1851768,1980008
34.745,975304,877880,0,1853184,1980008
34.795,976564,877880,0,1854444,1980008
34.846,978528,877880,0,1856408,1980008
34.896,981692,877880,0,1859572,1980008
34.946,982840,877880,0,1860720,1980008
34.997,985172,877880,0,1863052,1980008
35.047,996664,877880,0,1874544,1980008
35.097,996812,877880,0,1874692,1980008
35.147,996812,835832,0,1832644,1980008
35.198,996812,806352,0,1803164,1980008
35.248,996812,806352,0,1803164,1980008
35.298,996812,806352,0,1803164,1980008
35.348,996812,806224,0,1803036,1980008
35.398,996812,806224,0,1803036,1980008
35.449,996812,805968,0,1802780,1980008
35.499,771604,805968,0,1577572,1980008
35.549,771604,805968,0,1577572,1980008
35.599,694180,805968,0,1500148,1980008
35.650,614632,805968,0,1420600,1980008
35.700,614632,805968,0,1420600,1980008
35.750,614632,805968,0,1420600,1980008
35.801,615452,805968,0,1421420,1980008
35.851,615492,805968,0,1421460,1980008
35.901,615556,805968,0,1421524,1980008
35.951,615680,805968,0,1421648,1980008
36.001,616400,805968,0,1422368,1980008
36.052,617716,805968,0,1423684,1980008
36.102,617816,805968,0,1423784,1980008
36.152,617868,805968,0,1423836,1980008
36.202,618836,805968,0,1424804,1980008
36.252,620260,805968,0,1426228,1980008
36.303,620516,805968,0,1426484,1980008
36.353,621748,805968,0,1427716,1980008
36.403,623408,805968,0,1429376,1980008
36.453,624120,805968,0,1430088,1980008
36.503,624200,805968,0,1430168,1980008
36.554,624276,805968,0,1430244,1980008
36.604,624352,805968,0,1430320,1980008
36.654,624432,805968,0,1430400,1980008
36.704,624528,805968,0,1430496,1980008
36.755,624592,805968,0,1430560,1980008
36.805,624660,805968,0,1430628,1980008
36.855,624760,805968,0,1430728,1980008
36.905,624848,805968,0,1430816,1980008
36.955,624936,805968,0,1430904,1980008
37.006,625008,805968,0,1430976,1980008
37.056,625072,805968,0,1431040,1980008
37.106,625308,805968,0,1431276,1980008
37.156,626144,805968,0,1432112,1980008
37.207,626796,805968,0,1432764,1980008
37.257,627544,805968,0,1433512,1980008
37.307,628404,805968,0,1434372,1980008
37.357,629644,805968,0,1435612,1980008
37.408,630516,805968,0,1436484,1980008
37.458,631128,805968,0,1437096,1980008
37.508,631628,805968,0,1437596,1980008
37.558,632484,805968,0,1438452,1980008
37.609,633472,805968,0,1439440,1980008
37.659,634128,805968,0,1440096,1980008
37.709,634440,805968,0,1440408,1980008
37.759,634604,805968,0,1440572,1980008
37.810,634772,805968,0,1440740,1980008
37.860,634956,805968,0,1440924,1980008
37.910,635120,805968,0,1441088,1980008
37.960,635312,805968,0,1441280,1980008
38.011,635612,805968,0,1441580,1980008
38.061,635996,805968,0,1441964,1980008
38.111,636376,805968,0,1442344,1980008
38.161,636676,805904,0,1442580,1980008
38.212,636944,804816,0,1441760,1980008
38.262,637220,804688,0,1441908,1980008
38.312,637456,803600,0,1441056,1980008
38.362,637668,803528,0,1441196,1980008
38.413,637864,803528,0,1441392,1980008
38.463,637952,803528,0,1441480,1980008
38.513,638048,803528,0,1441576,1980008
38.563,638152,803528,0,1441680,1980008
38.613,638236,803528,0,1441764,1980008
38.664,638328,803528,0,1441856,1980008
38.714,638404,803528,0,1441932,1980008
38.764,638468,803528,0,1441996,1980008
38.814,638532,803528,0,1442060,1980008
38.865,638596,803528,0,1442124,1980008
38.915,638664,803528,0,1442192,1980008
38.965,638732,803528,0,1442260,1980008
39.015,638812,803528,0,1442340,1980008
39.065,639504,803528,0,1443032,1980008
39.116,641236,803528,0,1444764,1980008
39.166,643440,803528,0,1446968,1980008
39.216,645656,803528,0,1449184,1980008
39.266,646832,803528,0,1450360,1980008
39.317,648388,803528,0,1451916,1980008
39.367,651272,803528,0,1454800,1980008
39.417,652516,803528,0,1456044,1980008
39.467,654080,803528,0,1457608,1980008
39.517,656376,803528,0,1459904,1980008
39.568,657996,803528,0,1461524,1980008
39.618,663500,803528,0,1467028,1980008
39.668,664264,803528,0,1467792,1980008
39.718,668916,803528,0,1472444,1980008
39.769,670252,800968,0,1471220,1980008
39.819,678756,800648,0,1479404,1980008
39.869,679216,800648,0,1479864,1980008
39.919,687800,800648,0,1488448,1980008
39.969,688264,800648,0,1488912,1980008
40.020,688744,800648,0,1489392,1980008
40.070,689268,800392,0,1489660,1980008
40.120,691272,800392,0,1491664,1980008
40.170,693452,800200,0,1493652,1980008
40.221,695492,800200,0,1495692,1980008
40.271,696876,799944,0,1496820,1980008
40.321,699036,799880,0,1498916,1980008
40.371,700552,799880,0,1500432,1980008
40.422,702736,799880,0,1502616,1980008
40.472,704080,799880,0,1503960,1980008
40.522,705960,799880,0,1505840,1980008
40.572,708972,799880,0,1508852,1980008
40.623,713408,799880,0,1513288,1980008
40.673,714716,799880,0,1514596,1980008
40.723,716096,799880,0,1515976,1980008
40.773,718356,799880,0,1518236,1980008
40.824,720964,799880,0,1520844,1980008
40.874,723376,799880,0,1523256,1980008
40.924,727532,799880,0,1527412,1980008
40.974,728568,799880,0,1528448,1980008
41.025,730168,799880,0,1530048,1980008
41.075,734104,799624,0,1533728,1980008
41.125,734744,799112,0,1533856,1980008
41.175,736888,799112,0,1536000,1980008
41.226,738148,799112,0,1537260,1980008
41.276,740040,798664,0,1538704,1980008
41.326,741524,798664,0,1540188,1980008
41.376,746604,798664,0,1545268,1980008
41.427,756740,798664,0,1555404,1980008
41.477,761688,798664,0,1560352,1980008
41.527,762716,798664,0,1561380,1980008
41.577,763664,798664,0,1562328,1980008
41.627,765668,798664,0,1564332,1980008
41.678,767300,798664,0,1565964,1980008
41.728,770632,798664,0,1569296,1980008
41.778,773676,798664,0,1572340,1980008
41.828,775984,798664,0,1574648,1980008
41.879,778576,798664,0,1577240,1980008
41.929,783004,798664,0,1581668,1980008
41.979,783848,798664,0,1582512,1980008
42.029,785152,798664,0,1583816,1980008
42.080,787820,798664,0,1586484,1980008
42.130,790424,798664,0,1589088,1980008
42.180,792900,798664,0,1591564,1980008
42.230,796308,798664,0,1594972,1980008
42.280,798812,798664,0,1597476,1980008
42.331,801012,798664,0,1599676,1980008
42.381,803572,798664,0,1602236,1980008
42.431,805136,798664,0,1603800,1980008
42.481,807600,798664,0,1606264,1980008
42.532,809408,798664,0,1608072,1980008
42.582,810984,798152,0,1609136,1980008
42.632,812524,798152,0,1610676,1980008
42.682,814868,798152,0,1613020,1980008
42.733,817636,798152,0,1615788,1980008
42.783,819640,798152,0,1617792,1980008
42.833,821592,798152,0,1619744,1980008
42.883,823624,798152,0,1621776,1980008
42.933,827932,766696,0,1594628,1980008
42.984,829552,766696,0,1596248,1980008
43.034,832104,766696,0,1598800,1980008
43.084,834560,766696,0,1601256,1980008
43.134,837304,766696,0,1604000,1980008
43.185,840088,766696,0,1606784,1980008
43.235,841996,766696,0,1608692,1980008
43.285,844428,766696,0,1611124,1980008
43.335,847324,766696,0,1614020,1980008
43.385,850308,766696,0,1617004,1980008
43.436,853588,766696,0,1620284,1980008
43.486,856876,766696,0,1623572,1980008
43.536,859076,766696,0,1625772,1980008
43.586,863420,766696,0,1630116,1980008
43.637,867736,766696,0,1634432,1980008
43.688,868960,766696,0,1635656,1980008
43.738,872132,766696,0,1638828,1980008
43.788,876912,766696,0,1643608,1980008
43.838,883152,703644,0,1586796,1980008
43.889,884220,572380,0,1456600,1980008
43.939,885380,522728,0,1408108,1980008
43.989,887784,514216,0,1402000,1980008
44.039,890276,507168,0,1397444,1980008
44.089,892556,507168,0,1399724,1980008
44.140,896100,507168,0,1403268,1980008
44.190,899312,507156,0,1406468,1980008
44.240,901444,507156,0,1408600,1980008
44.290,904100,507156,0,1411256,1980008
44.341,913476,507156,0,1420632,1980008
44.391,914660,507156,0,1421816,1980008
44.441,915876,507156,0,1423032,1980008
44.491,917012,507156,0,1424168,1980008
44.541,926108,507156,0,1433264,1980008
44.592,927288,507156,0,1434444,1980008
44.642,928496,507092,0,1435588,1980008
44.692,930156,507092,0,1437248,1980008
44.742,934820,507092,0,1441912,1980008
44.792,938024,507092,0,1445116,1980008
44.843,957312,507088,0,1464400,1980008
44.893,958580,507088,0,1465668,1980008
44.943,959812,507088,0,1466900,1980008
44.994,960756,507088,0,1467844,1980008
45.044,961788,507088,0,1468876,1980008
45.094,970536,507088,0,1477624,1980008
45.144,971332,507088,0,1478420,1980008
45.195,972704,507088,0,1479792,1980008
45.245,974684,507088,0,1481772,1980008
45.296,975836,507088,0,1482924,1980008
45.346,979620,507088,0,1486708,1980008
45.396,980420,507088,0,1487508,1980008
45.447,982956,507088,0,1490044,1980008
45.498,983972,507088,0,1491060,1980008
45.548,986740,507088,0,1493828,1980008
45.598,989448,507088,0,1496536,1980008
45.649,992452,507088,0,1499540,1980008
45.699,993508,505040,0,1498548,1980008
45.749,998144,505040,0,1503184,1980008
45.799,1002296,505040,0,1507336,1980008
45.850,1003452,505040,0,1508492,1980008
45.900,1005664,505040,0,1510704,1980008
45.950,1007228,505040,0,1512268,1980008
46.001,1011776,505096,0,1516872,1980008
46.051,1013340,505096,0,1518436,1980008
46.101,1013340,505096,0,1518436,1980008
46.152,1013340,505096,0,1518436,1980008
46.202,1013340,505096,0,1518436,1980008
46.252,1013340,505096,0,1518436,1980008
46.303,1013340,486036,0,1499376,1980008
46.353,1013340,452596,0,1465936,1980008
46.403,1013340,413976,0,1427316,1980008
46.454,870388,395328,0,1265716,1980008
46.504,751080,395328,0,1146408,1980008
46.555,751080,395328,0,1146408,1980008
46.605,751080,395328,0,1146408,1980008
46.655,751080,384096,0,1135176,1980008
46.706,751080,353620,0,1104700,1980008
46.756,751080,317992,0,1069072,1980008
46.806,751080,315384,0,1066464,1980008
46.857,751080,315368,0,1066448,1980008
46.907,751080,315368,0,1066448,1980008
46.957,751080,315368,0,1066448,1980008
47.008,751080,315368,0,1066448,1980008
47.059,751080,315368,0,1066448,1980008
47.109,751080,301340,0,1052420,1980008
47.160,751080,282204,0,1033284,1980008
47.210,751080,256292,0,1007372,1980008
47.261,751080,246532,0,997612,1980008
47.311,751080,206684,0,957764,1980008
47.362,751080,206684,0,957764,1980008
47.412,751080,193432,0,944512,1980008
47.462,751080,173540,0,924620,1980008
47.513,751080,170824,0,921904,1980008
47.563,751080,123216,0,874296,1980008
47.613,751080,100224,0,851304,1980008
47.664,751080,84292,0,835372,1980008
47.715,751080,84260,0,835340,1980008
47.766,751080,84260,0,835340,1980008
47.816,751080,84260,0,835340,1980008
47.867,751080,84260,0,835340,1980008
47.918,751080,84260,0,835340,1980008
47.968,751080,84260,0,835340,1980008
48.018,751080,84260,0,835340,1980008
48.068,751080,84260,0,835340,1980008
48.119,751080,82856,0,833936,1980008
48.169,751080,82856,0,833936,1980008
48.219,751080,82856,0,833936,1980008
48.270,751080,82856,0,833936,1980008
48.320,751080,82856,0,833936,1980008
48.370,751080,82856,0,833936,1980008
48.421,751080,82856,0,833936,1980008
48.471,751080,82856,0,833936,1980008
48.521,751080,82856,0,833936,1980008
48.572,751080,82856,0,833936,1980008
48.622,751080,82856,0,833936,1980008
48.672,751080,82856,0,833936,1980008
48.722,751080,82856,0,833936,1980008
48.772,751080,82856,0,833936,1980008
48.823,751080,82856,0,833936,1980008
48.873,751080,82856,0,833936,1980008
48.923,751080,82856,0,833936,1980008
48.973,751080,82856,0,833936,1980008
49.023,751080,82856,0,833936,1980008
49.074,751080,82856,0,833936,1980008
49.124,751080,82856,0,833936,1980008
49.174,751080,82856,0,833936,1980008
49.224,751080,82856,0,833936,1980008
49.275,751080,82856,0,833936,1980008
49.325,751080,82856,0,833936,1980008
49.375,751080,82856,0,833936,1980008
49.425,751080,82856,0,833936,1980008
49.475,751080,82856,0,833936,1980008
49.526,751080,82856,0,833936,1980008
49.576,751080,80304,0,831384,1980008
49.626,751080,77024,0,828104,1980008
49.676,751080,71284,0,822364,1980008
49.726,751080,70728,0,821808,1980008
49.777,751080,70728,0,821808,1980008
49.827,751080,70728,0,821808,1980008
49.877,751080,70728,0,821808,1980008
49.928,751080,67644,0,818724,1980008
49.978,751080,67348,0,818428,1980008
50.028,751080,66744,0,817824,1980008
50.078,751080,65468,0,816548,1980008
50.129,751080,64784,0,815864,1980008
50.179,751080,63352,0,814432,1980008
50.229,751080,59736,0,810816,1980008
50.279,751080,59736,0,810816,1980008
50.330,751080,59736,0,810816,1980008
50.380,751080,59736,0,810816,1980008
50.430,751080,59736,0,810816,1980008
50.480,751128,59736,0,810864,1980008
50.530,751128,59736,0,810864,1980008
50.581,751128,59736,0,810864,1980008
50.631,751128,59736,0,810864,1980008
50.681,751128,59736,0,810864,1980008
50.731,751128,59736,0,810864,1980008
50.781,751128,59736,0,810864,1980008
50.832,751128,59736,0,810864,1980008
50.882,751128,59736,0,810864,1980008
50.932,751128,59736,0,810864,1980008
50.982,751128,59736,0,810864,1980008
51.033,751128,59736,0,810864,1980008
51.083,751128,59736,0,810864,1980008
51.133,751128,59736,0,810864,1980008
51.183,751128,59736,0,810864,1980008
51.234,751128,59736,0,810864,1980008
51.284,751128,59736,0,810864,1980008
51.334,751504,59736,0,811240,1980008
51.384,751660,59736,0,811396,1980008
51.434,751740,59736,0,811476,1980008
51.485,751840,59736,0,811576,1980008
51.535,751840,59736,0,811576,1980008
51.585,756128,59560,0,815688,1980008
51.635,756236,59560,0,815796,1980008
51.685,756292,59560,0,815852,1980008
51.736,764564,58980,0,823544,1980008
51.786,764668,58980,0,823648,1980008
51.836,768900,57868,0,826768,1980008
51.886,770076,57120,0,827196,1980008
51.937,773344,56464,0,829808,1980008
51.987,775660,54872,0,830532,1980008
52.037,777936,54228,0,832164,1980008
52.087,778560,52260,0,830820,1980008
52.138,780480,52132,0,832612,1980008
52.188,781744,52132,0,833876,1980008
52.238,784208,51600,0,835808,1980008
52.288,786084,50576,0,836660,1980008
52.338,788484,49640,0,838124,1980008
52.389,791864,49640,0,841504,1980008
52.439,794172,49640,0,843812,1980008
52.489,795516,49640,0,845156,1980008
52.539,797336,49560,0,846896,1980008
52.589,799724,49560,0,849284,1980008
52.640,801892,46608,0,848500,1980008
52.690,804736,44560,0,849296,1980008
52.740,806428,42832,0,849260,1980008
52.791,808004,42448,0,850452,1980008
52.841,810332,40516,0,850848,1980008
52.891,812480,38984,0,851464,1980008
52.941,825672,38984,0,864656,1980008
52.991,830224,38984,0,869208,1980008
53.042,830824,38984,0,869808,1980008
53.092,835516,38984,0,874500,1980008
53.142,836068,38984,0,875052,1980008
53.192,839260,38984,0,878244,1980008
53.242,844120,38984,0,883104,1980008
53.293,844824,38984,0,883808,1980008
53.343,846616,38984,0,885600,1980008
53.393,848500,38984,0,887484,1980008
53.443,850356,38984,0,889340,1980008
53.493,854316,37692,0,892008,1980008
53.544,856800,36992,0,893792,1980008
53.594,857928,36656,0,894584,1980008
53.644,859608,33968,0,893576,1980008
53.694,863328,32884,0,896212,1980008
53.745,866040,30948,0,896988,1980008
53.795,867724,30756,0,898480,1980008
53.845,869380,26916,0,896296,1980008
53.895,870920,26916,0,897836,1980008
53.946,872916,26916,0,899832,1980008
53.996,875148,26916,0,902064,1980008
54.046,877792,26916,0,904708,1980008
54.096,882780,26916,0,909696,1980008
54.146,884148,26916,0,911064,1980008
54.197,888596,26916,0,915512,1980008
54.247,891724,26916,0,918640,1980008
54.297,892448,26916,0,919364,1980008
54.347,894808,26916,0,921724,1980008
54.398,897988,26916,0,924904,1980008
54.448,900764,26916,0,927680,1980008
54.498,904584,26916,0,931500,1980008
54.548,905568,26916,0,932484,1980008
54.598,907176,26916,0,934092,1980008
54.648,909476,26916,0,936392,1980008
54.699,910984,26916,0,937900,1980008
54.749,913228,26916,0,940144,1980008
54.799,916844,26916,0,943760,1980008
54.849,919208,26916,0,946124,1980008
54.900,924208,26916,0,951124,1980008
54.950,925760,26916,0,952676,1980008
55.000,928468,26916,0,955384,1980008
55.050,931164,26916,0,958080,1980008
55.100,933100,26916,0,960016,1980008
55.151,936496,26916,0,963412,1980008
55.201,938412,26916,0,965328,1980008
55.251,945528,26916,0,972444,1980008
55.301,947428,26916,0,974344,1980008
55.351,950044,26916,0,976960,1980008
55.402,952568,26916,0,979484,1980008
55.452,955388,26916,0,982304,1980008
55.502,958716,26916,0,985632,1980008
55.552,961996,26916,0,988912,1980008
55.602,963572,26916,0,990488,1980008
55.653,965576,26916,0,992492,1980008
55.703,972744,26916,0,999660,1980008
55.753,982092,26916,0,1009008,1980008
55.804,983272,26916,0,1010188,1980008
55.854,992684,26916,0,1019600,1980008
55.904,993964,26916,0,1020880,1980008
55.956,995184,26916,0,1022100,1980008
56.006,997412,26916,0,1024328,1980008
56.056,1002200,26916,0,1029116,1980008
56.106,1015824,26916,0,1042740,1980008
56.157,1016788,26916,0,1043704,1980008
56.207,1016788,26436,0,1043224,1980008
56.257,1016788,26436,0,1043224,1980008
56.308,1016788,26436,0,1043224,1980008
56.358,1016788,25908,0,1042696,1980008
56.408,1016788,25908,0,1042696,1980008
56.458,1016788,25780,0,1042568,1980008
56.508,1016788,25692,0,1042480,1980008
56.559,1016788,25692,0,1042480,1980008
56.609,975468,25692,0,1001160,1980008
56.659,975468,25692,0,1001160,1980008
56.709,975468,25476,0,1000944,1980008
56.760,975468,22112,0,997580,1980008
56.810,975468,21340,0,996808,1980008
56.860,975468,21340,0,996808,1980008
56.910,975468,21340,0,996808,1980008
56.960,975468,20632,0,996100,1980008
57.011,975468,20632,0,996100,1980008
57.061,975468,20632,0,996100,1980008
57.111,975468,20632,0,996100,1980008
57.161,975468,20632,0,996100,1980008
57.211,975468,20632,0,996100,1980008
57.262,975468,20632,0,996100,1980008
57.312,975468,20632,0,996100,1980008
57.362,975468,20632,0,996100,1980008
57.412,975468,20632,0,996100,1980008
57.464,975468,20632,0,996100,1980008
57.514,975468,20632,0,996100,1980008
57.565,975468,20632,0,996100,1980008
57.615,975468,20632,0,996100,1980008
57.665,975468,20632,0,996100,1980008
57.715,975468,20632,0,996100,1980008
57.766,975468,20632,0,996100,1980008
57.816,975468,20632,0,996100,1980008
57.866,975468,20632,0,996100,1980008
57.916,975468,20632,0,996100,1980008
57.967,975468,20632,0,996100,1980008
58.017,975468,20632,0,996100,1980008
58.067,975468,20632,0,996100,1980008
58.117,975468,20632,0,996100,1980008
58.167,975468,20632,0,996100,1980008
58.218,975468,20632,0,996100,1980008
58.268,975468,20632,0,996100,1980008
58.318,975468,20632,0,996100,1980008
58.368,975468,20632,0,996100,1980008
58.418,975468,20632,0,996100,1980008
58.469,975468,20632,0,996100,1980008
58.519,975468,20632,0,996100,1980008
58.569,975468,20632,0,996100,1980008
58.619,975468,20632,0,996100,1980008
58.670,975468,20632,0,996100,1980008
58.720,975468,20632,0,996100,1980008
58.770,975468,20632,0,996100,1980008
58.820,975468,20632,0,996100,1980008
58.870,975468,20632,0,996100,1980008
58.921,975468,20632,0,996100,1980008
58.971,975468,20632,0,996100,1980008
59.021,975468,20632,0,996100,1980008
59.071,975468,20632,0,996100,1980008
59.122,975468,20632,0,996100,1980008
59.172,975468,20632,0,996100,1980008
59.222,975468,20632,0,996100,1980008
59.272,975468,20632,0,996100,1980008
59.322,975468,20632,0,996100,1980008
59.373,975468,20632,0,996100,1980008
59.423,975468,20632,0,996100,1980008
59.473,975468,20632,0,996100,1980008
59.523,975468,20632,0,996100,1980008
59.573,975468,20632,0,996100,1980008
59.624,975468,20632,0,996100,1980008
59.674,975468,20632,0,996100,1980008
59.724,975468,20632,0,996100,1980008
59.774,975468,20632,0,996100,1980008
59.824,975468,20632,0,996100,1980008
59.875,975468,20632,0,996100,1980008
59.925,975468,20632,0,996100,1980008
59.975,975468,20632,0,996100,1980008
60.025,975468,20632,0,996100,1980008
60.075,975468,20632,0,996100,1980008
60.126,975468,20632,0,996100,1980008
60.176,975468,20632,0,996100,1980008
60.226,975468,20632,0,996100,1980008
60.276,975468,20632,0,996100,1980008
60.326,975468,20632,0,996100,1980008
60.377,975468,20632,0,996100,1980008
60.427,975468,20632,0,996100,1980008
60.477,975468,20632,0,996100,1980008
60.527,975468,20632,0,996100,1980008
60.577,975468,20632,0,996100,1980008
60.628,975468,20632,0,996100,1980008
60.678,975468,20632,0,996100,1980008
60.728,975468,20632,0,996100,1980008
60.778,975468,20632,0,996100,1980008
60.828,975468,20632,0,996100,1980008
60.879,975468,20632,0,996100,1980008
60.929,975468,20632,0,996100,1980008
60.979,975468,20632,0,996100,1980008
61.029,975468,20632,0,996100,1980008
61.080,975468,20620,0,996088,1980008
61.130,975468,20620,0,996088,1980008
61.180,975468,20620,0,996088,1980008
61.230,975468,20620,0,996088,1980008
61.280,975468,20620,0,996088,1980008
61.331,975468,20524,0,995992,1980008
61.381,975468,20524,0,995992,1980008
61.431,975468,19240,0,994708,1980008
61.481,975468,19120,0,994588,1980008
61.532,975468,19120,0,994588,1980008
61.582,975468,19088,0,994556,1980008
61.632,975468,19088,0,994556,1980008
61.682,975468,18872,0,994340,1980008
61.732,975496,18868,0,994364,1980008
61.783,975496,18868,0,994364,1980008
61.833,975496,18868,0,994364,1980008
61.883,975496,18868,0,994364,1980008
61.933,975496,18868,0,994364,1980008
61.983,975496,18868,0,994364,1980008
62.034,975496,18868,0,994364,1980008
62.084,975496,18868,0,994364,1980008
62.134,975496,18868,0,994364,1980008
62.184,975664,18868,0,994532,1980008
62.235,975676,18868,0,994544,1980008
62.285,976288,18868,0,995156,1980008
62.336,976552,18868,0,995420,1980008
62.386,976636,18868,0,995504,1980008
62.436,976860,18868,0,995728,1980008
62.487,977028,18868,0,995896,1980008
62.537,977292,18868,0,996160,1980008
62.587,977752,18868,0,996620,1980008
62.637,977788,18868,0,996656,1980008
62.688,977788,18868,0,996656,1980008
62.738,977788,18868,0,996656,1980008
62.788,978000,18868,0,996868,1980008
62.838,978656,18868,0,997524,1980008
62.889,978828,18868,0,997696,1980008
62.939,979140,18868,0,998008,1980008
62.989,981860,18868,0,1000728,1980008
63.039,982836,18868,0,1001704,1980008
63.089,982868,18868,0,1001736,1980008
63.140,982908,18868,0,1001776,1980008
63.190,983052,18868,0,1001920,1980008
63.240,983136,18868,0,1002004,1980008
63.290,983180,18868,0,1002048,1980008
63.341,983212,18868,0,1002080,1980008
63.391,983292,18868,0,1002160,1980008
63.441,983340,18868,0,1002208,1980008
63.491,984208,18868,0,1003076,1980008
63.541,984944,18868,0,1003812,1980008
63.592,985064,18868,0,1003932,1980008
63.642,985132,18868,0,1004000,1980008
63.692,985972,18868,0,1004840,1980008
63.742,987076,18868,0,1005944,1980008
63.793,987476,18868,0,1006344,1980008
63.843,987868,18868,0,1006736,1980008
63.893,988404,18868,0,1007272,1980008
63.943,989080,18868,0,1007948,1980008
63.993,989280,18868,0,1008148,1980008
64.044,990200,18868,0,1009068,1980008
64.094,990232,18868,0,1009100,1980008
64.144,990272,18868,0,1009140,1980008
64.194,990512,18868,0,1009380,1980008
64.245,990720,18868,0,1009588,1980008
64.295,990776,18868,0,1009644,1980008
64.345,990824,18868,0,1009692,1980008
64.396,991308,18868,0,1010176,1980008
64.446,991700,18868,0,1010568,1980008
64.496,991888,18868,0,1010756,1980008
64.547,992064,18868,0,1010932,1980008
64.597,992192,18868,0,1011060,1980008
64.647,992476,18868,0,1011344,1980008
64.702,992732,18868,0,1011600,1980008
64.752,993372,18868,0,1012240,1980008
64.802,993436,18868,0,1012304,1980008
64.853,993452,18868,0,1012320,1980008
64.903,993488,18868,0,1012356,1980008
64.954,993524,18868,0,1012392,1980008
65.004,993576,18868,0,1012444,1980008
65.054,994496,18868,0,1013364,1980008
65.105,994616,18868,0,1013484,1980008
65.155,994856,18868,0,1013724,1980008
65.205,995460,18868,0,1014328,1980008
65.255,996632,18868,0,1015500,1980008
65.306,996868,18868,0,1015736,1980008
65.356,996968,18868,0,1015836,1980008
65.406,998548,18868,0,1017416,1980008
65.456,998612,18868,0,1017480,1980008
65.507,998688,18868,0,1017556,1980008
65.557,998744,18868,0,1017612,1980008
65.607,999472,18868,0,1018340,1980008
65.657,999704,18868,0,1018572,1980008
65.708,1000640,18868,0,1019508,1980008
65.758,1001252,18868,0,1020120,1980008
65.808,1001804,18868,0,1020672,1980008
65.858,1003192,18868,0,1022060,1980008
65.909,1003268,18868,0,1022136,1980008
65.959,1004064,18868,0,1022932,1980008
66.009,1004160,18868,0,1023028,1980008
66.059,1004652,18868,0,1023520,1980008
66.110,1005336,18868,0,1024204,1980008
66.160,1005948,18868,0,1024816,1980008
66.210,1006576,18868,0,1025444,1980008
66.260,1006696,18868,0,1025564,1980008
66.311,1007216,18868,0,1026084,1980008
66.361,1009404,18868,0,1028272,1980008
66.411,1009924,18868,0,1028792,1980008
66.461,1010092,18868,0,1028960,1980008
66.511,1010500,18868,0,1029368,1980008
66.562,1010764,18868,0,1029632,1980008
66.612,1010908,18868,0,1029776,1980008
66.662,1011628,18868,0,1030496,1980008
66.712,1012164,18868,0,1031032,1980008
66.763,1012608,18868,0,1031476,1980008
66.813,1013484,18868,0,1032352,1980008
66.863,1014480,18868,0,1033348,1980008
66.913,1015940,18868,0,1034808,1980008
66.964,1017080,18868,0,1035948,1980008
67.014,1017384,18868,0,1036252,1980008
67.064,1017992,18868,0,1036860,1980008
67.114,1018360,18868,0,1037228,1980008
67.165,1019768,18868,0,1038636,1980008
67.215,1020156,18868,0,1039024,1980008
67.265,1020420,18868,0,1039288,1980008
67.315,1020760,18868,0,1039628,1980008
67.366,1022696,18868,0,1041564,1980008
67.416,1022848,18868,0,1041716,1980008
67.466,1024236,18868,0,1043104,1980008
67.516,1024864,18868,0,1043732,1980008
67.567,1025024,18868,0,1043892,1980008
67.617,1025216,18868,0,1044084,1980008
67.667,1025652,18868,0,1044520,1980008
67.718,1026564,18868,0,1045432,1980008
67.768,1030596,18868,0,1049464,1980008
67.818,1030824,18868,0,1049692,1980008
67.868,1032036,18868,0,1050904,1980008
67.919,1032816,18868,0,1051684,1980008
67.969,1033696,18868,0,1052564,1980008
68.019,1035008,18868,0,1053876,1980008
68.069,1037108,18868,0,1055976,1980008
68.119,1037228,18868,0,1056096,1980008
68.170,1038028,18868,0,1056896,1980008
68.220,1038948,18868,0,1057816,1980008
68.270,1040176,18868,0,1059044,1980008
68.320,1043920,18868,0,1062788,1980008
68.371,1045028,18868,0,1063896,1980008
68.421,1046116,18868,0,1064984,1980008
68.471,1050012,18868,0,1068880,1980008
68.521,1050012,18868,0,1068880,1980008
68.572,1050012,18612,0,1068624,1980008
68.622,1050012,18484,0,1068496,1980008
68.672,1050012,18484,0,1068496,1980008
68.722,1050012,18484,0,1068496,1980008
68.773,1050012,18484,0,1068496,1980008
68.823,1050012,18484,0,1068496,1980008
68.873,1050012,18484,0,1068496,1980008
68.923,1050012,18484,0,1068496,1980008
68.974,1050012,18484,0,1068496,1980008
69.024,1050012,18484,0,1068496,1980008
69.074,632072,18484,0,650556,1980008
69.124,608020,18484,0,626504,1980008
69.175,608020,18484,0,626504,1980008
69.225,608020,18484,0,626504,1980008
69.275,608020,18484,0,626504,1980008
69.325,608020,18484,0,626504,1980008
69.376,608020,18484,0,626504,1980008
69.426,608020,18484,0,626504,1980008
69.476,608020,18484,0,626504,1980008
69.526,608020,18484,0,626504,1980008
69.577,608020,18484,0,626504,1980008
69.627,608020,18484,0,626504,1980008
69.677,608020,18484,0,626504,1980008
69.727,608020,18484,0,626504,1980008
69.778,608020,18484,0,626504,1980008
69.828,608020,18484,0,626504,1980008
69.878,608020,18484,0,626504,1980008
69.929,608020,18484,0,626504,1980008
69.979,608020,18484,0,626504,1980008
70.029,608020,18484,0,626504,1980008
70.079,608020,18484,0,626504,1980008
70.130,608020,18484,0,626504,1980008
70.180,608020,18484,0,626504,1980008
70.230,608020,18484,0,626504,1980008
70.280,608020,18484,0,626504,1980008
70.331,608020,18484,0,626504,1980008
70.381,608020,18484,0,626504,1980008
70.431,608020,18484,0,626504,1980008
70.481,608020,18484,0,626504,1980008
70.532,608020,18484,0,626504,1980008
70.582,608020,18484,0,626504,1980008
70.632,608020,18484,0,626504,1980008
70.682,608020,18484,0,626504,1980008
70.733,608020,18484,0,626504,1980008
70.783,608020,18484,0,626504,1980008
70.833,608020,18484,0,626504,1980008
70.883,608020,18484,0,626504,1980008
70.933,608020,18484,0,626504,1980008
70.984,608020,18484,0,626504,1980008
71.034,608020,18484,0,626504,1980008
71.084,608020,18484,0,626504,1980008
71.134,608020,18484,0,626504,1980008
71.185,608020,18484,0,626504,1980008
71.235,608020,18484,0,626504,1980008
71.285,608020,18484,0,626504,1980008
71.335,608020,18484,0,626504,1980008
71.386,608020,18484,0,626504,1980008
71.436,608020,18484,0,626504,1980008
71.486,608020,18484,0,626504,1980008
71.536,608020,18484,0,626504,1980008
71.586,608020,18484,0,626504,1980008
71.637,608020,18484,0,626504,1980008
71.687,608020,18484,0,626504,1980008
71.737,608020,18484,0,626504,1980008
71.787,608020,18484,0,626504,1980008
71.838,608020,18484,0,626504,1980008
71.888,608020,18484,0,626504,1980008
71.938,608020,18484,0,626504,1980008
71.988,608020,18484,0,626504,1980008
72.039,608020,18484,0,626504,1980008
72.089,608020,18484,0,626504,1980008
72.139,608020,18484,0,626504,1980008
72.189,608020,18484,0,626504,1980008
72.239,608020,18484,0,626504,1980008
72.290,608020,18484,0,626504,1980008
72.340,608020,18484,0,626504,1980008
72.390,608020,18484,0,626504,1980008
72.440,608020,18484,0,626504,1980008
72.491,612000,18484,0,630484,1980008
72.541,616216,18484,0,634700,1980008
72.591,616336,18484,0,634820,1980008
72.641,618008,18484,0,636492,1980008
72.691,618628,18484,0,637112,1980008
72.742,620396,18484,0,638880,1980008
72.792,622896,18484,0,641380,1980008
72.842,623592,18484,0,642076,1980008
72.892,625164,18484,0,643648,1980008
72.943,626320,18484,0,644804,1980008
72.993,627984,18484,0,646468,1980008
73.043,629720,18484,0,648204,1980008
73.093,632952,18484,0,651436,1980008
73.143,634212,18484,0,652696,1980008
73.194,636156,18484,0,654640,1980008
73.244,637976,18484,0,656460,1980008
73.294,640368,18484,0,658852,1980008
73.344,641344,18484,0,659828,1980008
73.395,642572,18484,0,661056,1980008
73.445,643876,18484,0,662360,1980008
73.495,644776,18484,0,663260,1980008
73.546,646828,18484,0,665312,1980008
73.596,647160,18484,0,665644,1980008
73.646,647888,18484,0,666372,1980008
73.697,648800,18484,0,667284,1980008
73.750,649388,18484,0,667872,1980008
73.800,650200,18484,0,668684,1980008
73.850,652980,18484,0,671464,1980008
73.901,653108,18484,0,671592,1980008
73.951,653312,18484,0,671796,1980008
74.001,654852,18484,0,673336,1980008
74.052,655544,18484,0,674028,1980008
74.102,656208,18484,0,674692,1980008
74.154,657556,18484,0,676040,1980008
74.204,658656,18484,0,677140,1980008
74.254,659444,18484,0,677928,1980008
74.305,660924,18484,0,679408,1980008
74.368,661604,18484,0,680088,1980008
74.419,664360,18484,0,682844,1980008
74.469,665636,18484,0,684120,1980008
74.520,666372,18484,0,684856,1980008
74.570,666872,18484,0,685356,1980008
74.620,668108,18484,0,686592,1980008
74.670,670188,18484,0,688672,1980008
74.721,671876,18484,0,690360,1980008
74.771,673772,18468,0,692240,1980008
74.821,675304,18468,0,693772,1980008
74.871,676920,18436,0,695356,1980008
74.922,678980,18436,0,697416,1980008
74.972,681092,18436,0,699528,1980008
75.022,683184,18436,0,701620,1980008
75.072,685240,17800,0,703040,1980008
75.123,688032,17660,0,705692,1980008
75.173,689828,17500,0,707328,1980008
75.223,692008,16952,0,708960,1980008
75.273,694304,16952,0,711256,1980008
75.323,696372,16888,0,713260,1980008
75.374,700616,16888,0,717504,1980008
75.424,705264,16888,0,722152,1980008
75.474,705836,16888,0,722724,1980008
75.524,708652,16888,0,725540,1980008
75.575,711252,16888,0,728140,1980008
75.625,712696,16888,0,729584,1980008
75.675,717928,16824,0,734752,1980008
75.725,719104,16824,0,735928,1980008
75.775,721496,16824,0,738320,1980008
75.826,724072,16824,0,740896,1980008
75.876,734356,16744,0,751100,1980008
75.926,735016,16744,0,751760,1980008
75.977,735816,16744,0,752560,1980008
76.027,746656,16744,0,763400,1980008
76.077,747436,16744,0,764180,1980008
76.127,748156,16744,0,764900,1980008
76.178,748984,16744,0,765728,1980008
76.228,749792,16744,0,766536,1980008
76.278,752508,16744,0,769252,1980008
76.329,753640,16744,0,770384,1980008
76.379,755384,16744,0,772128,1980008
76.429,757576,16744,0,774320,1980008
76.479,760960,16744,0,777704,1980008
76.530,761804,16744,0,778548,1980008
76.580,763272,16744,0,780016,1980008
76.630,765500,16744,0,782244,1980008
76.680,770664,16744,0,787408,1980008
76.731,772564,16744,0,789308,1980008
76.781,774296,16744,0,791040,1980008
76.831,777400,16744,0,794144,1980008
76.881,781384,16744,0,798128,1980008
76.932,783552,16744,0,800296,1980008
76.982,786420,16744,0,803164,1980008
77.032,787644,16744,0,804388,1980008
77.083,795252,16744,0,811996,1980008
77.133,806804,16744,0,823548,1980008
77.184,807932,16744,0,824676,1980008
77.234,808844,16744,0,825588,1980008
77.284,809760,16744,0,826504,1980008
77.335,810604,16744,0,827348,1980008
77.385,812756,16744,0,829500,1980008
77.435,815352,16744,0,832096,1980008
77.486,818424,16744,0,835168,1980008
77.536,820408,16744,0,837152,1980008
77.586,822212,16744,0,838956,1980008
77.637,824340,16744,0,841084,1980008
77.687,825972,16744,0,842716,1980008
77.738,828496,16744,0,845240,1980008
77.788,830252,16744,0,846996,1980008
77.838,833832,16744,0,850576,1980008
77.888,835988,16744,0,852732,1980008
77.939,838272,16744,0,855016,1980008
77.989,840048,16744,0,856792,1980008
78.039,841960,16744,0,858704,1980008
78.090,844032,16744,0,860776,1980008
78.140,846812,16744,0,863556,1980008
78.190,851748,16744,0,868492,1980008
78.241,854928,16744,0,871672,1980008
78.291,857144,16744,0,873888,1980008
78.342,859000,16744,0,875744,1980008
78.392,862504,16744,0,879248,1980008
78.442,864000,16744,0,880744,1980008
78.493,866240,16744,0,882984,1980008
78.543,867980,16744,0,884724,1980008
78.594,870512,16744,0,887256,1980008
78.644,872092,16744,0,888836,1980008
78.695,873632,16744,0,890376,1980008
78.745,875744,16744,0,892488,1980008
78.795,878176,16744,0,894920,1980008
78.846,883680,16744,0,900424,1980008
78.896,884796,16744,0,901540,1980008
78.946,886368,16744,0,903112,1980008
78.996,889068,16744,0,905812,1980008
79.047,891684,16744,0,908428,1980008
79.097,894440,16744,0,911184,1980008
79.147,897608,16744,0,914352,1980008
79.197,899304,16744,0,916048,1980008
79.248,900648,16744,0,917392,1980008
79.298,902676,16744,0,919420,1980008
79.348,906620,16744,0,923364,1980008
79.398,908644,16744,0,925388,1980008
79.449,911648,16744,0,928392,1980008
79.499,912248,16744,0,928992,1980008
79.549,914180,16744,0,930924,1980008
79.600,917000,16744,0,933744,1980008
79.650,920080,16744,0,936824,1980008
79.700,921520,16744,0,938264,1980008
79.750,922628,16744,0,939372,1980008
79.801,925296,16744,0,942040,1980008
79.851,927080,16744,0,943824,1980008
79.902,929520,16744,0,946264,1980008
79.952,931028,16744,0,947772,1980008
80.003,933236,16744,0,949980,1980008
80.053,939028,16744,0,955772,1980008
80.104,942068,16744,0,958812,1980008
80.154,945084,16744,0,961828,1980008
80.205,948192,16744,0,964936,1980008
80.255,949280,16744,0,966024,1980008
80.306,950976,16744,0,967720,1980008
80.356,955980,16744,0,972724,1980008
80.407,957184,16744,0,973928,1980008
80.457,959420,16744,0,976164,1980008
80.507,961944,16744,0,978688,1980008
80.558,964296,16744,0,981040,1980008
80.608,967232,16744,0,983976,1980008
80.658,970628,16744,0,987372,1980008
80.709,973448,16744,0,990192,1980008
80.759,975588,16744,0,992332,1980008
80.809,978888,16744,0,995632,1980008
80.860,980072,16744,0,996816,1980008
80.910,982636,16744,0,999380,1980008
80.960,987108,16744,0,1003852,1980008
81.010,988364,16744,0,1005108,1980008
81.060,992156,16744,0,1008900,1980008
81.111,995264,16728,0,1011992,1980008
81.161,995264,16728,0,1011992,1980008
81.211,995264,16728,0,1011992,1980008
81.261,995264,16728,0,1011992,1980008
81.311,995264,16728,0,1011992,1980008
81.362,995264,16728,0,1011992,1980008
81.412,995264,16728,0,1011992,1980008
81.462,995264,16592,0,1011856,1980008
81.512,995264,16592,0,1011856,1980008
81.563,995264,16592,0,1011856,1980008
81.613,715588,16592,0,732180,1980008
81.663,715588,16592,0,732180,1980008
81.713,715588,16592,0,732180,1980008
81.764,715588,16592,0,732180,1980008
81.814,715588,16592,0,732180,1980008
81.864,715588,16592,0,732180,1980008
81.914,715588,16592,0,732180,1980008
81.965,715588,16592,0,732180,1980008
82.015,715588,16592,0,732180,1980008
82.065,715588,16592,0,732180,1980008
82.115,715588,16592,0,732180,1980008
82.166,715588,16592,0,732180,1980008
82.216,715588,16592,0,732180,1980008
82.266,715588,16592,0,732180,1980008
82.316,715588,16592,0,732180,1980008
82.367,715588,16592,0,732180,1980008
82.417,715588,16592,0,732180,1980008
82.467,715588,16592,0,732180,1980008
82.517,715588,16592,0,732180,1980008
82.567,715588,16592,0,732180,1980008
82.618,715588,16592,0,732180,1980008
82.668,715588,16592,0,732180,1980008
82.718,715588,16592,0,732180,1980008
82.768,715588,16592,0,732180,1980008
82.819,715588,16592,0,732180,1980008
82.869,715588,16592,0,732180,1980008
82.919,715588,16592,0,732180,1980008
82.969,715588,16592,0,732180,1980008
83.020,715588,16592,0,732180,1980008
83.070,715588,16592,0,732180,1980008
83.120,715588,16592,0,732180,1980008
83.170,715588,16592,0,732180,1980008
83.220,715588,16592,0,732180,1980008
83.271,715588,16592,0,732180,1980008
83.321,715588,16592,0,732180,1980008
83.371,715588,16592,0,732180,1980008
83.421,715588,16592,0,732180,1980008
83.472,715588,16592,0,732180,1980008
83.522,715588,16592,0,732180,1980008
83.572,715588,16592,0,732180,1980008
83.622,715588,16592,0,732180,1980008
83.672,715588,16592,0,732180,1980008
83.723,715588,16592,0,732180,1980008
83.773,715588,16592,0,732180,1980008
83.823,715588,16592,0,732180,1980008
83.873,715588,16592,0,732180,1980008
83.923,715588,16592,0,732180,1980008
83.974,715588,16592,0,732180,1980008
84.024,715588,16592,0,732180,1980008
84.074,715588,16592,0,732180,1980008
84.124,715588,16592,0,732180,1980008
84.175,715588,16592,0,732180,1980008
84.225,715588,16592,0,732180,1980008
84.275,715588,16592,0,732180,1980008
84.325,715588,16592,0,732180,1980008
84.375,715588,16592,0,732180,1980008
84.426,715588,16592,0,732180,1980008
84.476,715588,16592,0,732180,1980008
84.526,715588,16592,0,732180,1980008
84.576,715588,16592,0,732180,1980008
84.627,715588,16592,0,732180,1980008
84.677,715588,16592,0,732180,1980008
84.727,715588,16592,0,732180,1980008
84.777,715588,16592,0,732180,1980008
84.827,715588,16592,0,732180,1980008
84.878,715588,16592,0,732180,1980008
84.928,715588,16592,0,732180,1980008
84.978,715588,16592,0,732180,1980008
85.029,715588,16592,0,732180,1980008
85.079,715588,16592,0,732180,1980008
85.129,715588,16592,0,732180,1980008
85.179,715588,16592,0,732180,1980008
85.229,715588,16592,0,732180,1980008
85.280,715588,16592,0,732180,1980008
85.330,715588,16592,0,732180,1980008
85.380,715588,16592,0,732180,1980008
85.430,715588,16592,0,732180,1980008
85.481,715588,16592,0,732180,1980008
85.531,715588,16592,0,732180,1980008
85.581,715588,16592,0,732180,1980008
85.631,715588,16592,0,732180,1980008
85.682,715588,16592,0,732180,1980008
85.732,715588,16592,0,732180,1980008
85.782,715588,16592,0,732180,1980008
85.832,715588,16592,0,732180,1980008
85.883,715588,16592,0,732180,1980008
85.933,715588,16592,0,732180,1980008
85.983,715588,16592,0,732180,1980008
86.033,715588,16592,0,732180,1980008
86.083,715588,16592,0,732180,1980008
86.134,715588,16592,0,732180,1980008
86.184,715588,16592,0,732180,1980008
86.234,715588,16592,0,732180,1980008
86.284,715588,16592,0,732180,1980008
86.335,715588,16592,0,732180,1980008
86.385,715588,16592,0,732180,1980008
86.435,715588,16592,0,732180,1980008
86.485,716360,16592,0,732952,1980008
86.535,717912,16592,0,734504,1980008
86.586,719764,16592,0,736356,1980008
86.636,721020,16592,0,737612,1980008
86.686,722924,16592,0,739516,1980008
86.736,726984,16592,0,743576,1980008
86.786,729748,16592,0,746340,1980008
86.837,729824,16592,0,746416,1980008
86.887,734028,16592,0,750620,1980008
86.937,734132,16592,0,750724,1980008
86.987,735052,16592,0,751644,1980008
87.038,738948,16592,0,755540,1980008
87.088,739088,16592,0,755680,1980008
87.138,743400,16592,0,759992,1980008
87.188,745648,16592,0,762240,1980008
87.239,748700,16592,0,765292,1980008
87.289,752828,16592,0,769420,1980008
87.339,757460,16592,0,774052,1980008
87.389,759852,16592,0,776444,1980008
87.439,768336,16592,0,784928,1980008
87.490,768736,16592,0,785328,1980008
87.540,769092,16592,0,785684,1980008
87.590,769488,16592,0,786080,1980008
87.640,770944,16592,0,787536,1980008
87.691,776944,16592,0,793536,1980008
87.741,777408,16592,0,794000,1980008
87.791,778052,16592,0,794644,1980008
87.841,780716,16592,0,797308,1980008
87.892,782272,16592,0,798864,1980008
87.942,783676,16592,0,800268,1980008
87.992,785968,16592,0,802560,1980008
88.042,789412,16592,0,806004,1980008
88.093,791868,16592,0,808460,1980008
88.143,794460,16592,0,811052,1980008
88.193,805508,16592,0,822100,1980008
88.243,816384,16592,0,832976,1980008
88.293,817116,16592,0,833708,1980008
88.343,817824,16592,0,834416,1980008
88.394,818520,16592,0,835112,1980008
88.444,819228,16592,0,835820,1980008
88.494,820452,16592,0,837044,1980008
88.544,821944,16592,0,838536,1980008
88.594,823596,16592,0,840188,1980008
88.645,825432,16592,0,842024,1980008
88.695,826844,16592,0,843436,1980008
88.745,830456,16592,0,847048,1980008
88.795,831692,16592,0,848284,1980008
88.846,834364,16592,0,850956,1980008
88.896,835660,16592,0,852252,1980008
88.946,839100,16592,0,855692,1980008
88.996,840400,16592,0,856992,1980008
89.046,842164,16592,0,858756,1980008
89.097,844728,16592,0,861320,1980008
89.147,846488,16592,0,863080,1980008
89.197,848480,16592,0,865072,1980008
89.247,851588,16592,0,868180,1980008
89.297,853144,16592,0,869736,1980008
89.348,855648,16592,0,872240,1980008
89.398,863264,16592,0,879856,1980008
89.448,864140,16592,0,880732,1980008
89.498,865016,16592,0,881608,1980008
89.548,868112,16592,0,884704,1980008
89.599,870248,16592,0,886840,1980008
89.649,871528,16592,0,888120,1980008
89.699,873116,16592,0,889708,1980008
89.749,875432,16592,0,892024,1980008
89.800,878636,16592,0,895228,1980008
89.850,880500,16592,0,897092,1980008
89.900,883000,16592,0,899592,1980008
89.950,884440,16592,0,901032,1980008
90.001,886920,16592,0,903512,1980008
90.051,888448,16592,0,905040,1980008
90.101,892548,16592,0,909140,1980008
90.151,894464,16592,0,911056,1980008
90.202,895988,16592,0,912580,1980008
90.252,898880,16592,0,915472,1980008
90.302,901768,16592,0,918360,1980008
90.352,906344,16592,0,922936,1980008
90.403,907172,16592,0,923764,1980008
90.453,909216,16592,0,925808,1980008
90.503,909912,16592,0,926504,1980008
90.553,911108,16592,0,927700,1980008
90.603,913156,16592,0,929748,1980008
90.654,915184,16592,0,931776,1980008
90.704,917024,16592,0,933616,1980008
90.754,918904,16592,0,935496,1980008
90.804,920872,16592,0,937464,1980008
90.855,928140,16592,0,944732,1980008
90.905,930820,16592,0,947412,1980008
90.955,931776,16592,0,948368,1980008
91.005,932620,16592,0,949212,1980008
91.056,934984,16592,0,951576,1980008
91.106,937892,16592,0,954484,1980008
91.156,938868,16592,0,955460,1980008
91.206,940904,16592,0,957496,1980008
91.257,943736,16592,0,960328,1980008
91.307,944692,16592,0,961284,1980008
91.357,947232,16592,0,963824,1980008
91.407,948780,16592,0,965372,1980008
91.457,950804,16592,0,967396,1980008
91.508,953824,16592,0,970416,1980008
91.558,954576,16592,0,971168,1980008
91.608,955372,16592,0,971964,1980008
91.658,957124,16592,0,973716,1980008
91.709,959092,16592,0,975684,1980008
91.759,961632,16592,0,978224,1980008
91.809,965520,16592,0,982112,1980008
91.859,969788,16592,0,986380,1980008
91.910,970796,16592,0,987388,1980008
91.960,972500,16592,0,989092,1980008
92.010,974224,16592,0,990816,1980008
92.060,977212,16592,0,993804,1980008
92.110,978500,16592,0,995092,1980008
92.161,980432,16592,0,997024,1980008
92.211,982192,16592,0,998784,1980008
92.261,983536,16592,0,1000128,1980008
92.311,985416,16592,0,1002008,1980008
92.362,987856,16592,0,1004448,1980008
92.412,991556,16592,0,1008148,1980008
92.462,995636,16592,0,1012228,1980008
92.512,996328,16592,0,1012920,1980008
92.562,996328,16592,0,1012920,1980008
92.613,996328,16592,0,1012920,1980008
92.663,996328,16592,0,1012920,1980008
92.713,996328,16592,0,1012920,1980008
92.764,996328,16592,0,1012920,1980008
92.814,996328,16592,0,1012920,1980008
92.864,996328,16592,0,1012920,1980008
92.914,996328,16592,0,1012920,1980008
92.965,996328,16592,0,1012920,1980008
93.015,721384,16592,0,737976,1980008
93.065,721384,16592,0,737976,1980008
93.115,721384,16592,0,737976,1980008
93.165,721384,16592,0,737976,1980008
93.216,721384,16592,0,737976,1980008
93.266,721384,16592,0,737976,1980008
93.316,721384,16592,0,737976,1980008
93.366,721384,16592,0,737976,1980008
93.416,721384,16592,0,737976,1980008
93.467,721384,16592,0,737976,1980008
93.517,721384,16592,0,737976,1980008
93.567,721384,16592,0,737976,1980008
93.617,721384,16592,0,737976,1980008
93.668,721384,16592,0,737976,1980008
93.718,721384,16592,0,737976,1980008
93.768,721384,16592,0,737976,1980008
93.818,721384,16592,0,737976,1980008
93.868,721384,16592,0,737976,1980008
93.919,721384,16592,0,737976,1980008
93.969,721384,16592,0,737976,1980008
94.019,721384,16592,0,737976,1980008
94.069,721384,16592,0,737976,1980008
94.119,721384,16592,0,737976,1980008
94.170,721384,16592,0,737976,1980008
94.220,721384,16592,0,737976,1980008
94.270,721384,16592,0,737976,1980008
94.320,721384,16592,0,737976,1980008
94.371,721384,16592,0,737976,1980008
94.421,721384,16592,0,737976,1980008
94.471,721384,16592,0,737976,1980008
94.521,721384,16592,0,737976,1980008
94.571,721384,16592,0,737976,1980008
94.621,721384,16592,0,737976,1980008
94.672,721384,16592,0,737976,1980008
94.722,721384,16592,0,737976,1980008
94.772,721384,16592,0,737976,1980008
94.822,721384,16592,0,737976,1980008
94.872,721384,16592,0,737976,1980008
94.923,721384,16592,0,737976,1980008
94.973,721384,16592,0,737976,1980008
95.023,721384,16592,0,737976,1980008
95.073,721384,16592,0,737976,1980008
95.123,721384,16592,0,737976,1980008
95.174,721384,16592,0,737976,1980008
95.224,721384,16592,0,737976,1980008
95.274,721384,16592,0,737976,1980008
95.324,721384,16592,0,737976,1980008
95.374,721384,16592,0,737976,1980008
95.425,721384,16592,0,737976,1980008
95.475,721384,16592,0,737976,1980008
95.525,721384,16592,0,737976,1980008
95.575,721384,16592,0,737976,1980008
95.625,721384,16592,0,737976,1980008
95.676,721384,16592,0,737976,1980008
95.726,721384,16592,0,737976,1980008
95.776,721384,16592,0,737976,1980008
95.826,721384,16592,0,737976,1980008
95.877,721384,16592,0,737976,1980008
95.927,721384,16592,0,737976,1980008
95.977,721384,16592,0,737976,1980008
96.027,721384,16592,0,737976,1980008
96.077,721384,16592,0,737976,1980008
96.128,721384,16592,0,737976,1980008
96.178,721384,16592,0,737976,1980008
96.228,721384,16592,0,737976,1980008
96.279,721384,16592,0,737976,1980008
96.329,721384,16592,0,737976,1980008
96.379,721384,16592,0,737976,1980008
96.429,721384,16592,0,737976,1980008
96.479,721384,16592,0,737976,1980008
96.530,721384,16592,0,737976,1980008
96.580,721384,16592,0,737976,1980008
96.630,721384,16592,0,737976,1980008
96.680,721384,16592,0,737976,1980008
96.731,721384,16592,0,737976,1980008
96.781,721384,16592,0,737976,1980008
96.831,721384,16592,0,737976,1980008
96.881,721384,16592,0,737976,1980008
96.931,721384,16592,0,737976,1980008
96.982,721384,16592,0,737976,1980008
97.032,721384,16592,0,737976,1980008
97.082,721384,16592,0,737976,1980008
97.132,721384,16592,0,737976,1980008
97.182,721384,16592,0,737976,1980008
97.233,721384,16592,0,737976,1980008
97.283,721384,16592,0,737976,1980008
97.333,721384,16592,0,737976,1980008
97.383,721384,16592,0,737976,1980008
97.433,721384,16592,0,737976,1980008
97.484,721384,16592,0,737976,1980008
97.534,721384,16592,0,737976,1980008
97.584,721412,16592,0,738004,1980008
97.634,725128,16592,0,741720,1980008
97.685,725176,16592,0,741768,1980008
97.735,727544,16592,0,744136,1980008
97.785,730468,16592,0,747060,1980008
97.835,737152,16592,0,753744,1980008
97.885,737584,16592,0,754176,1980008
97.936,746808,16592,0,763400,1980008
97.986,747068,16592,0,763660,1980008
98.036,755536,16592,0,772128,1980008
98.086,755868,16592,0,772460,1980008
98.137,757252,16592,0,773844,1980008
98.187,758376,16592,0,774968,1980008
98.237,759532,16592,0,776124,1980008
98.287,765432,16592,0,782024,1980008
98.337,765880,16592,0,782472,1980008
98.388,767328,16592,0,783920,1980008
98.438,768788,16464,0,785252,1980008
98.488,770840,16464,0,787304,1980008
98.538,784032,16464,0,800496,1980008
98.588,789376,16464,0,805840,1980008
98.639,790048,16464,0,806512,1980008
98.689,790708,16464,0,807172,1980008
98.739,791348,16464,0,807812,1980008
98.789,795312,16464,0,811776,1980008
98.839,798000,16464,0,814464,1980008
98.890,799672,16464,0,816136,1980008
98.940,801656,16464,0,818120,1980008
98.990,803588,16464,0,820052,1980008
99.040,805516,16464,0,821980,1980008
99.091,808720,16464,0,825184,1980008
99.141,810612,16464,0,827076,1980008
99.191,812404,16464,0,828868,1980008
99.241,814320,16464,0,830784,1980008
99.291,816876,16464,0,833340,1980008
99.342,820284,16464,0,836748,1980008
99.392,822988,16440,0,839428,1980008
99.442,823692,16316,0,840008,1980008
99.492,825552,16316,0,841868,1980008
99.542,828460,16220,0,844680,1980008
99.593,830544,16220,0,846764,1980008
99.643,831668,16220,0,847888,1980008
99.693,834096,16220,0,850316,1980008
99.743,836680,16220,0,852900,1980008
99.794,838548,16220,0,854768,1980008
99.844,840732,16156,0,856888,1980008
99.894,842880,16156,0,859036,1980008
99.944,845184,16068,0,861252,1980008
99.994,847396,16068,0,863464,1980008
100.045,850344,16068,0,866412,1980008
100.095,852320,16068,0,868388,1980008
100.145,854056,16068,0,870124,1980008
100.195,857764,16068,0,873832,1980008
100.245,859984,16068,0,876052,1980008
100.296,867108,16068,0,883176,1980008
100.346,867980,16068,0,884048,1980008
100.396,869868,16068,0,885936,1980008
100.446,871304,16068,0,887372,1980008
100.496,873660,16068,0,889728,1980008
100.547,875624,16044,0,891668,1980008
100.597,878896,16044,0,894940,1980008
100.647,884188,16044,0,900232,1980008
100.697,885936,16044,0,901980,1980008
100.747,890908,16044,0,906952,1980008
100.798,893976,16044,0,910020,1980008
100.848,894956,16044,0,911000,1980008
100.898,896996,16044,0,913040,1980008
100.948,901508,16044,0,917552,1980008
100.998,902576,16044,0,918620,1980008
101.049,905752,16044,0,921796,1980008
101.099,906824,16044,0,922868,1980008
101.149,909752,16044,0,925796,1980008
101.199,910768,16044,0,926812,1980008
101.249,914996,16044,0,931040,1980008
101.300,917048,16044,0,933092,1980008
101.350,919072,16044,0,935116,1980008
101.400,920656,16044,0,936700,1980008
101.450,923916,16044,0,939960,1980008
101.501,926876,16044,0,942920,1980008
101.551,928644,16044,0,944688,1980008
101.601,931740,16044,0,947784,1980008
101.651,932544,16044,0,948588,1980008
101.702,933816,16044,0,949860,1980008
101.752,935592,16044,0,951636,1980008
101.802,939048,16044,0,955092,1980008
101.852,940876,16044,0,956920,1980008
101.902,943188,16044,0,959232,1980008
101.953,944688,16044,0,960732,1980008
102.003,949080,16044,0,965124,1980008
102.053,949760,16044,0,965804,1980008
102.104,950440,16044,0,966484,1980008
102.154,951148,16044,0,967192,1980008
102.204,953620,16044,0,969664,1980008
102.254,954276,16044,0,970320,1980008
102.305,955376,16044,0,971420,1980008
102.355,959092,16044,0,975136,1980008
102.405,959712,16044,0,975756,1980008
102.455,968384,16044,0,984428,1980008
102.505,969112,16044,0,985156,1980008
102.556,973924,16044,0,989968,1980008
102.606,974620,16044,0,990664,1980008
102.656,975368,16044,0,991412,1980008
102.707,976148,16044,0,992192,1980008
102.757,976856,16044,0,992900,1980008
102.807,977572,16044,0,993616,1980008
102.857,978264,16044,0,994308,1980008
102.908,979992,16044,0,996036,1980008
102.958,980816,16044,0,996860,1980008
103.008,989608,16044,0,1005652,1980008
103.059,990316,16044,0,1006360,1980008
103.109,991016,16044,0,1007060,1980008
103.159,991748,16044,0,1007792,1980008
103.209,992464,15944,0,1008408,1980008
103.259,994256,15944,0,1010200,1980008
103.310,995056,15944,0,1011000,1980008
103.360,1000132,15944,0,1016076,1980008
103.410,1000840,15944,0,1016784,1980008
103.461,1021800,15944,0,1037744,1980008
103.511,1021840,15944,0,1037784,1980008
103.561,1021840,15944,0,1037784,1980008
103.611,1021840,15944,0,1037784,1980008
103.662,1021840,15944,0,1037784,1980008
103.712,1021840,15520,0,1037360,1980008
103.762,1021840,15520,0,1037360,1980008
103.812,1021840,15404,0,1037244,1980008
103.863,1021840,15228,0,1037068,1980008
103.913,1021840,15228,0,1037068,1980008
103.963,1021840,15228,0,1037068,1980008
104.014,1005064,15228,0,1020292,1980008
104.064,748100,15228,0,763328,1980008
104.114,748100,15228,0,763328,1980008
104.164,748100,15228,0,763328,1980008
104.215,709388,15228,0,724616,1980008
104.265,509708,15228,0,524936,1980008
104.315,509708,15228,0,524936,1980008
104.365,509708,15228,0,524936,1980008
104.415,509708,15228,0,524936,1980008
104.466,509708,15228,0,524936,1980008
104.516,509708,15364,0,525072,1980008
104.566,509708,15364,0,525072,1980008
104.616,509708,15364,0,525072,1980008
104.666,509708,15364,0,525072,1980008
104.717,509708,15364,0,525072,1980008
104.767,509708,15364,0,525072,1980008
104.817,509708,15236,0,524944,1980008
104.867,509708,15236,0,524944,1980008
104.918,509708,15236,0,524944,1980008
104.968,509708,15236,0,524944,1980008
105.018,509708,15236,0,524944,1980008
105.068,509708,15236,0,524944,1980008
105.118,509708,15236,0,524944,1980008
105.169,509708,15236,0,524944,1980008
105.219,509708,15236,0,524944,1980008
105.269,509708,15236,0,524944,1980008
105.319,509708,15236,0,524944,1980008
105.370,509708,15236,0,524944,1980008
105.420,509708,15236,0,524944,1980008
105.470,509708,15236,0,524944,1980008
105.520,509708,15236,0,524944,1980008
105.571,509708,15236,0,524944,1980008
105.621,509708,15236,0,524944,1980008
105.671,514220,15236,0,529456,1980008
105.721,561860,15236,0,577096,1980008
105.771,567128,15236,0,582364,1980008
105.821,567128,15236,0,582364,1980008
105.872,567128,15236,0,582364,1980008
105.922,567128,15236,0,582364,1980008
105.972,567128,15236,0,582364,1980008
106.022,567128,15236,0,582364,1980008
106.073,567128,15236,0,582364,1980008
106.123,567128,15236,0,582364,1980008
106.173,567128,15236,0,582364,1980008
106.224,567128,15236,0,582364,1980008
106.274,567128,15236,0,582364,1980008
106.324,567128,15236,0,582364,1980008
106.375,567128,15236,0,582364,1980008
106.425,567128,15236,0,582364,1980008
106.475,567128,15236,0,582364,1980008
106.525,567128,15236,0,582364,1980008
106.575,567128,15236,0,582364,1980008
106.626,567128,15236,0,582364,1980008
106.676,567128,15236,0,582364,1980008
106.726,567128,15236,0,582364,1980008
106.776,567128,15236,0,582364,1980008
106.827,567128,15236,0,582364,1980008
106.877,567128,15236,0,582364,1980008
106.927,567128,15236,0,582364,1980008
106.977,567128,15236,0,582364,1980008
107.028,567128,15236,0,582364,1980008
107.078,567128,15236,0,582364,1980008
107.128,567128,15236,0,582364,1980008
107.178,567128,15236,0,582364,1980008
107.229,567128,15236,0,582364,1980008
107.279,567128,15172,0,582300,1980008
107.329,567128,15172,0,582300,1980008
107.379,567128,15172,0,582300,1980008
107.430,567128,15172,0,582300,1980008
107.480,567128,15172,0,582300,1980008
107.530,567128,15172,0,582300,1980008
107.580,567128,15172,0,582300,1980008
107.631,567128,15172,0,582300,1980008
107.681,567128,15172,0,582300,1980008
107.731,567128,15172,0,582300,1980008
107.782,567128,15172,0,582300,1980008
107.832,567128,15172,0,582300,1980008
107.882,567128,15172,0,582300,1980008
107.932,567128,15172,0,582300,1980008
107.983,567128,15172,0,582300,1980008
108.033,567128,15172,0,582300,1980008
108.083,567128,15172,0,582300,1980008
108.133,567128,15172,0,582300,1980008
108.184,567128,15172,0,582300,1980008
108.234,567128,15172,0,582300,1980008
108.284,567128,15172,0,582300,1980008
108.334,567128,15172,0,582300,1980008
108.385,567128,15172,0,582300,1980008
108.435,567128,15172,0,582300,1980008
108.485,567128,15172,0,582300,1980008
108.535,567128,15172,0,582300,1980008
108.585,567128,15172,0,582300,1980008
108.636,567128,15172,0,582300,1980008
108.686,567128,15172,0,582300,1980008
108.736,567128,15172,0,582300,1980008
108.786,567128,15172,0,582300,1980008
108.836,567128,15172,0,582300,1980008
108.887,567128,15172,0,582300,1980008
108.937,567128,15172,0,582300,1980008
108.987,567128,15172,0,582300,1980008
109.039,567128,15172,0,582300,1980008
109.090,567128,15172,0,582300,1980008
109.141,567128,15172,0,582300,1980008
109.191,567128,15172,0,582300,1980008
109.241,567128,15172,0,582300,1980008
109.292,567128,15172,0,582300,1980008
109.342,567128,15172,0,582300,1980008
109.393,567128,15172,0,582300,1980008
109.443,567128,15172,0,582300,1980008
109.493,567128,15172,0,582300,1980008
109.544,567128,15172,0,582300,1980008
109.594,567128,15172,0,582300,1980008
109.644,567128,15172,0,582300,1980008
109.694,567128,15172,0,582300,1980008
109.745,567128,15172,0,582300,1980008
109.795,567128,15172,0,582300,1980008
109.845,567128,15172,0,582300,1980008
109.896,567128,15172,0,582300,1980008
109.946,567128,15172,0,582300,1980008
109.997,567128,15172,0,582300,1980008
110.047,567128,15172,0,582300,1980008
110.097,567128,15172,0,582300,1980008
110.147,567128,15172,0,582300,1980008
110.198,567128,15172,0,582300,1980008
110.249,567128,15172,0,582300,1980008
110.300,567128,15172,0,582300,1980008
110.350,568808,15172,0,583980,1980008
110.401,568808,15172,0,583980,1980008
110.451,568808,15172,0,583980,1980008
110.502,568808,15172,0,583980,1980008
110.553,568808,15172,0,583980,1980008
110.603,568808,15172,0,583980,1980008
110.654,568808,15172,0,583980,1980008
110.705,568808,15172,0,583980,1980008
110.755,568808,15172,0,583980,1980008
110.805,568808,15172,0,583980,1980008
110.856,568808,15172,0,583980,1980008
110.906,568808,15172,0,583980,1980008
110.956,568808,15172,0,583980,1980008
111.007,568808,15172,0,583980,1980008
111.057,568808,15172,0,583980,1980008
111.107,568808,15172,0,583980,1980008
111.158,568808,15172,0,583980,1980008
111.208,568808,15172,0,583980,1980008
111.258,568808,15172,0,583980,1980008
111.309,568808,15172,0,583980,1980008
111.359,568808,15172,0,583980,1980008
111.410,568808,15172,0,583980,1980008
111.461,568808,15172,0,583980,1980008
111.513,568808,15172,0,583980,1980008
111.563,568808,15172,0,583980,1980008
111.613,568808,15172,0,583980,1980008
111.664,568808,15172,0,583980,1980008
111.714,568808,15172,0,583980,1980008
111.765,568808,15172,0,583980,1980008
111.815,568808,15172,0,583980,1980008
111.865,568808,15172,0,583980,1980008
111.916,568808,15172,0,583980,1980008
111.966,568808,15172,0,583980,1980008
112.017,568808,15172,0,583980,1980008
112.068,568808,15172,0,583980,1980008
112.118,568808,15172,0,583980,1980008
112.168,568808,15172,0,583980,1980008
112.219,568808,15172,0,583980,1980008
112.269,568808,15172,0,583980,1980008
112.319,568808,15172,0,583980,1980008
112.369,568808,15172,0,583980,1980008
112.420,568808,15172,0,583980,1980008
112.470,568808,15172,0,583980,1980008
112.520,568808,15172,0,583980,1980008
112.571,568808,15172,0,583980,1980008
112.621,568808,15172,0,583980,1980008
112.671,568808,15172,0,583980,1980008
112.721,568808,15172,0,583980,1980008
112.771,568808,15172,0,583980,1980008
112.822,568808,15172,0,583980,1980008
112.872,568808,15172,0,583980,1980008
112.922,568808,15172,0,583980,1980008
112.972,568808,15172,0,583980,1980008
113.023,568808,15172,0,583980,1980008
113.073,568808,15172,0,583980,1980008
113.123,568808,15172,0,583980,1980008
113.173,568808,15172,0,583980,1980008
113.223,568808,15172,0,583980,1980008
113.274,568808,15172,0,583980,1980008
113.324,568808,15172,0,583980,1980008
113.374,568808,15172,0,583980,1980008
113.424,568808,15172,0,583980,1980008
113.475,568808,15172,0,583980,1980008
113.525,568808,15172,0,583980,1980008
113.575,568808,15172,0,583980,1980008
113.626,568808,15172,0,583980,1980008
113.676,568808,15172,0,583980,1980008
113.726,568808,15172,0,583980,1980008
113.776,568808,15172,0,583980,1980008
113.827,568808,15172,0,583980,1980008
113.877,568808,15172,0,583980,1980008
113.927,568808,15172,0,583980,1980008
113.977,568808,15172,0,583980,1980008
114.028,568808,15172,0,583980,1980008
114.078,568808,15172,0,583980,1980008
114.128,568808,15172,0,583980,1980008
114.178,568808,15172,0,583980,1980008
114.229,568808,15172,0,583980,1980008
114.279,568808,15172,0,583980,1980008
114.329,568808,15172,0,583980,1980008
114.379,568808,15172,0,583980,1980008
114.429,568808,15172,0,583980,1980008
114.480,568808,15172,0,583980,1980008
114.530,568808,15172,0,583980,1980008
114.580,568808,15172,0,583980,1980008
114.630,568808,15172,0,583980,1980008
114.681,568808,15172,0,583980,1980008
114.731,568808,15172,0,583980,1980008
114.781,568808,15172,0,583980,1980008
114.831,568808,15172,0,583980,1980008
114.881,568808,15172,0,583980,1980008
114.932,568808,15172,0,583980,1980008
114.982,568808,15172,0,583980,1980008
115.032,568808,15172,0,583980,1980008
115.082,568808,15172,0,583980,1980008
115.132,568808,15172,0,583980,1980008
115.183,568808,15172,0,583980,1980008
115.233,568808,15172,0,583980,1980008
115.283,568808,15172,0,583980,1980008
115.333,568808,15172,0,583980,1980008
115.384,568808,15172,0,583980,1980008
115.434,568808,15172,0,583980,1980008
115.484,568808,15172,0,583980,1980008
115.534,568808,15172,0,583980,1980008
115.584,568808,15172,0,583980,1980008
115.635,568808,15172,0,583980,1980008
115.685,568808,15172,0,583980,1980008
115.735,568808,15172,0,583980,1980008
115.785,568808,15172,0,583980,1980008
115.836,568808,15172,0,583980,1980008
115.886,568808,15172,0,583980,1980008
115.936,568808,15172,0,583980,1980008
115.986,568808,15172,0,583980,1980008
116.037,568808,15172,0,583980,1980008
116.087,568808,15172,0,583980,1980008
116.137,568808,15172,0,583980,1980008
116.187,568808,15172,0,583980,1980008
116.237,568808,15172,0,583980,1980008
116.288,568808,15172,0,583980,1980008
116.338,568808,15172,0,583980,1980008
116.388,568808,15172,0,583980,1980008
116.438,568808,15172,0,583980,1980008
116.489,568808,15172,0,583980,1980008
116.539,568808,15172,0,583980,1980008
116.589,568808,15172,0,583980,1980008
116.639,568808,15172,0,583980,1980008
116.690,568808,15172,0,583980,1980008
116.740,568808,15172,0,583980,1980008
116.790,568808,15172,0,583980,1980008
116.840,568808,15172,0,583980,1980008
116.891,568808,15172,0,583980,1980008
116.941,568808,15172,0,583980,1980008
116.991,568808,15172,0,583980,1980008
117.041,568808,15172,0,583980,1980008
117.091,568808,15172,0,583980,1980008
117.142,568808,15172,0,583980,1980008
117.192,568808,15172,0,583980,1980008
117.242,568808,15172,0,583980,1980008
117.292,568808,15044,0,583852,1980008
117.343,568808,15044,0,583852,1980008
117.393,568808,15044,0,583852,1980008
117.443,568808,15044,0,583852,1980008
117.493,568808,15044,0,583852,1980008
117.544,568808,15044,0,583852,1980008
117.594,568808,15044,0,583852,1980008
117.644,568808,15044,0,583852,1980008
117.694,568808,15044,0,583852,1980008
117.745,568808,15044,0,583852,1980008
117.795,568808,15044,0,583852,1980008
117.845,568808,15044,0,583852,1980008
117.895,568808,15044,0,583852,1980008
117.946,568808,15044,0,583852,1980008
117.996,568808,15044,0,583852,1980008
118.046,568808,15044,0,583852,1980008
118.096,568808,15044,0,583852,1980008
118.146,568808,15044,0,583852,1980008
118.197,568808,15044,0,583852,1980008
118.247,568808,15044,0,583852,1980008
118.297,568808,15044,0,583852,1980008
118.347,568808,15044,0,583852,1980008
118.398,568808,15044,0,583852,1980008
118.448,568808,15044,0,583852,1980008
118.498,568808,15044,0,583852,1980008
118.548,568808,15044,0,583852,1980008
118.599,568808,15044,0,583852,1980008
118.649,568808,15044,0,583852,1980008
118.699,568808,15044,0,583852,1980008
118.749,568808,15044,0,583852,1980008
118.800,568808,15044,0,583852,1980008
118.850,568808,15044,0,583852,1980008
118.900,568808,15044,0,583852,1980008
118.950,568808,15044,0,583852,1980008
119.000,568808,15044,0,583852,1980008
119.051,568808,15044,0,583852,1980008
119.101,568808,15044,0,583852,1980008
119.151,568808,15044,0,583852,1980008
119.201,568808,15044,0,583852,1980008
119.251,568808,15044,0,583852,1980008
119.302,568808,15044,0,583852,1980008
119.352,568808,15044,0,583852,1980008
119.402,568808,15044,0,583852,1980008
119.452,568808,15044,0,583852,1980008
119.503,568808,15044,0,583852,1980008
119.553,568808,15044,0,583852,1980008
119.603,568808,15044,0,583852,1980008
119.653,568808,15044,0,583852,1980008
119.704,568808,15044,0,583852,1980008
119.754,568808,15044,0,583852,1980008
119.804,568808,15044,0,583852,1980008
119.854,568808,15044,0,583852,1980008
119.904,568808,15044,0,583852,1980008
119.955,568808,15044,0,583852,1980008
120.005,568808,15044,0,583852,1980008
120.055,568808,15044,0,583852,1980008
120.105,568808,15044,0,583852,1980008
120.155,568808,15044,0,583852,1980008
120.206,568808,15044,0,583852,1980008
120.256,568808,15044,0,583852,1980008
120.306,568808,15044,0,583852,1980008
120.356,568808,15044,0,583852,1980008
120.407,568808,15044,0,583852,1980008
120.457,568808,15044,0,583852,1980008
120.507,568808,15044,0,583852,1980008
120.557,568808,15044,0,583852,1980008
120.607,568808,15044,0,583852,1980008
120.658,568808,15044,0,583852,1980008
120.708,568808,15044,0,583852,1980008
120.758,568808,15044,0,583852,1980008
120.808,568808,15044,0,583852,1980008
120.858,568808,15044,0,583852,1980008
120.909,568808,15044,0,583852,1980008
120.959,509708,15044,0,524752,1980008
121.009,509708,15044,0,524752,1980008
121.059,509784,15100,0,524884,1980008
121.109,509784,15100,0,524884,1980008
121.160,509784,15100,0,524884,1980008
121.210,509784,15100,0,524884,1980008
121.260,509784,15100,0,524884,1980008
121.310,509784,15100,0,524884,1980008
121.360,509784,15100,0,524884,1980008
121.411,509784,15100,0,524884,1980008
121.461,561920,15100,0,577020,1980008
121.511,610440,15100,0,625540,1980008
121.561,623008,15100,0,638108,1980008
121.612,623008,15100,0,638108,1980008
121.662,623008,15100,0,638108,1980008
121.712,623008,15100,0,638108,1980008
121.762,623008,15100,0,638108,1980008
121.812,623008,15100,0,638108,1980008
121.863,623008,15100,0,638108,1980008
121.913,623008,15100,0,638108,1980008
121.963,623008,15100,0,638108,1980008
122.013,623008,15100,0,638108,1980008
122.063,623008,15100,0,638108,1980008
122.114,623008,15100,0,638108,1980008
122.164,623008,15100,0,638108,1980008
122.214,623008,15100,0,638108,1980008
122.264,623008,15100,0,638108,1980008
122.315,623008,15100,0,638108,1980008
122.365,623008,15100,0,638108,1980008
122.415,623008,15100,0,638108,1980008
122.465,623008,15100,0,638108,1980008
122.515,623008,15100,0,638108,1980008
122.566,623008,15100,0,638108,1980008
122.616,623008,15100,0,638108,1980008
122.666,623008,15100,0,638108,1980008
122.716,623008,15100,0,638108,1980008
122.767,623008,15100,0,638108,1980008
122.817,623008,15100,0,638108,1980008
122.867,623008,15100,0,638108,1980008
122.917,623008,15100,0,638108,1980008
122.967,623008,15100,0,638108,1980008
123.018,623008,15100,0,638108,1980008
123.068,623008,15100,0,638108,1980008
123.118,623008,15100,0,638108,1980008
123.168,623008,15100,0,638108,1980008
123.218,623008,15100,0,638108,1980008
123.269,623008,14844,0,637852,1980008
123.319,623008,14844,0,637852,1980008
123.369,623008,14844,0,637852,1980008
123.419,626304,14844,0,641148,1980008
123.470,626304,14844,0,641148,1980008
123.520,626304,14844,0,641148,1980008
123.570,626304,14844,0,641148,1980008
123.621,626304,14844,0,641148,1980008
123.671,626304,14844,0,641148,1980008
123.721,626304,14844,0,641148,1980008
123.771,626304,14844,0,641148,1980008
123.821,626304,14844,0,641148,1980008
123.872,626304,14844,0,641148,1980008
123.922,626304,14844,0,641148,1980008
123.972,626304,14844,0,641148,1980008
124.022,626304,14844,0,641148,1980008
124.073,626304,14844,0,641148,1980008
124.123,626304,14844,0,641148,1980008
124.173,626304,14844,0,641148,1980008
124.223,626304,14844,0,641148,1980008
124.273,626304,14844,0,641148,1980008
124.324,626304,14844,0,641148,1980008
124.374,626304,14844,0,641148,1980008
124.424,626304,14844,0,641148,1980008
124.474,626304,14844,0,641148,1980008
124.524,626304,14844,0,641148,1980008
124.575,626304,14844,0,641148,1980008
124.625,626304,14844,0,641148,1980008
124.675,626304,14844,0,641148,1980008
124.725,626304,14844,0,641148,1980008
124.776,626304,14844,0,641148,1980008
124.826,626304,14844,0,641148,1980008
124.876,626304,14844,0,641148,1980008
124.926,626304,14844,0,641148,1980008
124.976,626304,14844,0,641148,1980008
125.027,626304,14844,0,641148,1980008
125.077,626304,14844,0,641148,1980008
125.127,626304,14844,0,641148,1980008
125.177,626304,14844,0,641148,1980008
125.227,626304,14844,0,641148,1980008
125.278,626304,14844,0,641148,1980008
125.328,626304,14844,0,641148,1980008
125.378,626304,14844,0,641148,1980008
125.428,626304,14844,0,641148,1980008
125.479,626304,14844,0,641148,1980008
125.529,626304,14844,0,641148,1980008
125.579,626304,14844,0,641148,1980008
125.629,626304,14844,0,641148,1980008
125.679,626304,14844,0,641148,1980008
125.730,626304,14844,0,641148,1980008
125.780,626304,14844,0,641148,1980008
125.830,626304,14844,0,641148,1980008
125.880,626304,14844,0,641148,1980008
125.931,626304,14844,0,641148,1980008
125.981,626304,14844,0,641148,1980008
126.031,626304,14844,0,641148,1980008
126.081,626304,14844,0,641148,1980008
126.131,626304,14844,0,641148,1980008
126.182,626304,14844,0,641148,1980008
126.232,626304,14844,0,641148,1980008
126.282,626304,14844,0,641148,1980008
126.332,626304,14844,0,641148,1980008
126.383,626304,14844,0,641148,1980008
126.433,626304,14844,0,641148,1980008
126.483,626304,14844,0,641148,1980008
126.533,626304,14844,0,641148,1980008
126.584,626304,14844,0,641148,1980008
126.634,626304,14844,0,641148,1980008
126.684,626304,14844,0,641148,1980008
126.734,626304,14844,0,641148,1980008
126.784,626304,14844,0,641148,1980008
126.835,626304,14844,0,641148,1980008
126.885,626304,14844,0,641148,1980008
126.935,626304,14844,0,641148,1980008
126.985,626304,14844,0,641148,1980008
127.036,626304,14844,0,641148,1980008
127.086,626304,14844,0,641148,1980008
127.136,626304,14844,0,641148,1980008
127.186,626304,14844,0,641148,1980008
127.236,626304,14844,0,641148,1980008
127.287,626304,14844,0,641148,1980008
127.337,626304,14844,0,641148,1980008
127.387,626304,14844,0,641148,1980008
127.437,626304,14844,0,641148,1980008
127.487,626304,14844,0,641148,1980008
127.538,626304,14844,0,641148,1980008
127.588,626304,14844,0,641148,1980008
127.638,626304,14844,0,641148,1980008
127.688,626304,14844,0,641148,1980008
127.739,626304,14844,0,641148,1980008
127.789,626304,14844,0,641148,1980008
127.839,626304,14844,0,641148,1980008
127.890,626304,14844,0,641148,1980008
127.940,626304,14844,0,641148,1980008
127.990,509784,14844,0,524628,1980008
128.040,509784,14844,0,524628,1980008
128.090,509784,14844,0,524628,1980008
128.141,509784,14844,0,524628,1980008
128.191,516776,14844,0,531620,1980008
128.241,567204,14844,0,582048,1980008
128.291,567204,14844,0,582048,1980008
128.342,567204,14844,0,582048,1980008
128.392,567204,14844,0,582048,1980008
128.442,567204,14844,0,582048,1980008
128.493,567204,14844,0,582048,1980008
128.543,567204,14844,0,582048,1980008
128.593,574396,14844,0,589240,1980008
128.643,582612,14844,0,597456,1980008
128.694,590436,14844,0,605280,1980008
128.744,571112,14844,0,585956,1980008
128.794,575184,14844,0,590028,1980008
128.844,591552,14844,0,606396,1980008
128.895,598080,14844,0,612924,1980008
128.945,603088,14844,0,617932,1980008
128.995,587128,14844,0,601972,1980008
129.045,599688,14844,0,614532,1980008
129.096,605804,14844,0,620648,1980008
129.146,611416,14844,0,626260,1980008
129.196,616152,14844,0,630996,1980008
129.246,623564,14844,0,638408,1980008
129.297,627728,14844,0,642572,1980008
129.347,634488,14844,0,649332,1980008
129.397,637024,14844,0,651868,1980008
129.447,639648,14844,0,654492,1980008
129.497,649000,14844,0,663844,1980008
129.548,654664,14844,0,669508,1980008
129.598,660216,14844,0,675060,1980008
129.648,667644,14844,0,682488,1980008
129.698,672148,14844,0,686992,1980008
129.748,673624,14844,0,688468,1980008
129.799,681636,14844,0,696480,1980008
129.849,690572,14844,0,705416,1980008
129.899,698844,14844,0,713688,1980008
129.949,704856,14844,0,719700,1980008
129.999,691512,14844,0,706356,1980008
130.050,704792,14844,0,719636,1980008
130.100,704792,14844,0,719636,1980008
130.150,707400,14844,0,722244,1980008
130.200,713112,14844,0,727956,1980008
130.251,717808,14844,0,732652,1980008
130.301,721164,14844,0,736008,1980008
130.351,725448,14844,0,740292,1980008
130.401,729808,14844,0,744652,1980008
130.451,735796,14844,0,750640,1980008
130.502,744156,14844,0,759000,1980008
130.552,751656,14844,0,766500,1980008
130.602,753328,14844,0,768172,1980008
130.652,755492,14844,0,770336,1980008
130.702,763228,14844,0,778072,1980008
130.753,765764,14844,0,780608,1980008
130.803,767972,14844,0,782816,1980008
130.853,767972,14844,0,782816,1980008
130.903,771092,14844,0,785936,1980008
130.954,779256,14844,0,794100,1980008
131.004,782640,14844,0,797484,1980008
131.054,789332,14844,0,804176,1980008
131.104,797616,14844,0,812460,1980008
131.154,804276,14844,0,819120,1980008
131.205,805772,14844,0,820616,1980008
131.255,805772,14844,0,820616,1980008
131.305,805772,14844,0,820616,1980008
131.355,807900,14844,0,822744,1980008
131.406,820972,14844,0,835816,1980008
131.456,823096,14844,0,837940,1980008
131.506,828664,14844,0,843508,1980008
131.556,834660,14844,0,849504,1980008
131.607,842568,14844,0,857412,1980008
131.657,850992,14844,0,865836,1980008
131.707,859720,14844,0,874564,1980008
131.757,862060,14844,0,876904,1980008
131.808,862060,14844,0,876904,1980008
131.858,862060,14844,0,876904,1980008
131.908,866092,14844,0,880936,1980008
131.958,869844,14844,0,884688,1980008
132.008,878348,14844,0,893192,1980008
132.059,882140,14844,0,896984,1980008
132.109,888312,14844,0,903156,1980008
132.159,893924,14844,0,908768,1980008
132.209,897508,14844,0,912352,1980008
132.260,901152,14844,0,915996,1980008
132.310,907084,14844,0,921928,1980008
132.360,911980,14844,0,926824,1980008
132.410,918256,14844,0,933100,1980008
132.461,922880,14844,0,937724,1980008
132.511,928192,14844,0,943036,1980008
132.561,935276,14844,0,950120,1980008
132.611,939944,14844,0,954788,1980008
132.661,944704,14844,0,959548,1980008
132.712,946300,14844,0,961144,1980008
132.762,953212,14844,0,968056,1980008
132.812,953760,14844,0,968604,1980008
132.862,958492,14844,0,973336,1980008
132.912,962672,14844,0,977516,1980008
132.963,967020,14844,0,981864,1980008
133.013,973340,14844,0,988184,1980008
133.063,978932,14844,0,993776,1980008
133.113,981700,14844,0,996544,1980008
133.164,991804,14844,0,1006648,1980008
133.214,1000144,14844,0,1014988,1980008
133.264,1002368,14844,0,1017212,1980008
133.314,1002368,14844,0,1017212,1980008
133.364,1004360,14844,0,1019204,1980008
133.415,1007916,14844,0,1022760,1980008
133.465,1013180,14844,0,1028024,1980008
133.515,1022156,14844,0,1037000,1980008
133.565,1029444,14844,0,1044288,1980008
133.616,1039268,14844,0,1054112,1980008
133.666,1045156,14844,0,1060000,1980008
133.716,1050008,14844,0,1064852,1980008
133.766,1056040,14844,0,1070884,1980008
133.817,1062404,14844,0,1077248,1980008
133.867,1067568,14844,0,1082412,1980008
133.917,1073400,14844,0,1088244,1980008
133.967,1078252,14844,0,1093096,1980008
134.018,1082624,14844,0,1097468,1980008
134.068,1088696,14844,0,1103540,1980008
134.118,1091796,14844,0,1106640,1980008
134.168,1096016,14844,0,1110860,1980008
134.219,1100624,14844,0,1115468,1980008
134.269,1106116,14844,0,1120960,1980008
134.319,1112072,14844,0,1126916,1980008
134.370,1118500,14844,0,1133344,1980008
134.420,1126788,14844,0,1141632,1980008
134.470,1142148,14844,0,1156992,1980008
134.520,1142148,14844,0,1156992,1980008
134.571,1210172,14844,0,1225016,1980008
134.621,1263804,14844,0,1278648,1980008
134.671,1332344,14844,0,1347188,1980008
134.721,1413452,14844,0,1428296,1980008
134.772,1488208,14844,0,1503052,1980008
134.822,1562472,14844,0,1577316,1980008
134.872,1631848,14844,0,1646692,1980008
134.922,1658060,14844,0,1672904,1980008
134.973,1658060,14844,0,1672904,1980008
135.023,1658060,14860,0,1672920,1980008
135.073,1658060,14860,0,1672920,1980008
135.123,1658060,14860,0,1672920,1980008
135.174,1658060,14860,0,1672920,1980008
135.224,1658060,14908,0,1672968,1980008
135.274,1658060,31220,0,1689280,1980008
135.324,1658060,31220,0,1689280,1980008
135.375,1658060,31220,0,1689280,1980008
135.425,1658060,31220,0,1689280,1980008
135.475,1658060,31220,0,1689280,1980008
135.525,1658060,31220,0,1689280,1980008
135.576,1658060,31220,0,1689280,1980008
135.626,1658060,31220,0,1689280,1980008
135.676,1658060,31220,0,1689280,1980008
135.726,1658060,31220,0,1689280,1980008
135.776,1658060,31220,0,1689280,1980008
135.827,1658060,31220,0,1689280,1980008
135.877,1658060,31220,0,1689280,1980008
135.927,1658060,31220,0,1689280,1980008
135.977,1658060,31220,0,1689280,1980008
136.027,1658060,31220,0,1689280,1980008
136.078,1658060,79988,0,1738048,1980008
136.128,1658060,133620,0,1791680,1980008
136.178,1658060,199284,0,1857344,1980008
136.228,1658060,265588,0,1923648,1980008
136.278,1658060,327668,0,1985728,1985728
136.329,1658060,388724,0,2046784,2046784
136.379,1658060,439732,0,2097792,2097792
136.429,1658060,488692,0,2146752,2146752
136.479,1658060,533876,0,2191936,2191936
136.529,1658060,546512,0,2204572,2204572
136.580,1520832,547692,0,2068524,2204176
136.630,1520832,547756,0,2068588,2204176
136.680,1520832,573464,0,2094296,2204176
136.730,1520832,603672,0,2124504,2204176
136.781,1520832,617392,0,2138224,2204176
136.831,1520832,625804,0,2146636,2204176
136.881,1520832,642764,0,2163596,2204176
136.931,1520832,681676,0,2202508,2204176
136.981,1520832,625804,0,2146636,2224356
137.032,1520832,627856,0,2148688,2224356
137.082,1520832,631440,0,2152272,2224356
137.132,1520832,633680,0,2154512,2224356
137.183,1520832,638724,0,2159556,2224356
137.233,1520832,653820,0,2174652,2224356
137.283,1520832,681836,0,2202668,2224356
137.333,1522884,1349820,0,2872704,2872704
137.384,1532700,1541012,0,3073712,3073712
137.434,1538496,1556856,0,3095352,3095352
137.484,1549124,1560372,0,3109496,3109496
137.534,1555128,1561960,0,3117088,3117088
137.586,1560068,1563224,0,3123292,3123292
137.636,1572928,1564216,0,3137144,3137144
137.686,1580168,1566016,0,3146184,3146184
137.736,1593136,1567124,0,3160260,3160260
137.787,1604308,1568276,0,3172584,3172584
137.837,1616180,1568924,0,3185104,3185104
137.890,1634720,1570396,0,3205116,3205116
137.940,1648472,1571164,0,3219636,3219636
137.990,1656224,1572380,0,3228604,3228604
138.040,1675268,1572976,0,3248244,3248244
138.090,1687664,1573756,0,3261420,3261420
138.141,1689388,1574780,0,3264168,3264168
138.191,1689584,1575612,0,3265196,3265196
138.241,1692420,1576512,0,3268932,3268932
138.291,1693156,1576064,0,3269220,3269220
138.346,1694812,1576568,0,3271380,3271380
138.396,1695308,1577656,0,3272964,3272964
138.446,1695680,1578552,0,3274232,3274232
138.496,1696232,1579512,0,3275744,3275744
138.547,1697700,1580220,0,3277920,3277920
138.600,1700216,1580988,0,3281204,3281204
138.651,1701952,1581756,0,3283708,3283708
138.701,1703900,1582268,0,3286168,3286168
138.751,1705240,1583100,0,3288340,3288340
138.801,1706996,1583992,0,3290988,3290988
138.852,1709828,1584636,0,3294464,3294464
138.902,1709896,1585660,0,3295556,3295556
138.952,1713892,1586504,0,3300396,3300396
139.002,1715544,1587208,0,3302752,3302752
139.052,1715632,1588296,0,3303928,3303928
139.103,1716856,1589316,0,3306172,3306172
139.153,1718164,1590216,0,3308380,3308380
139.203,1718164,1590984,0,3309148,3309148
139.253,1718496,1592008,0,3310504,3310504
139.303,1718552,1592648,0,3311200,3311200
139.354,1719140,1593224,0,3312364,3312364
139.404,1719148,1594376,0,3313524,3313524
139.454,1719164,1595208,0,3314372,3314372
139.504,1719180,1596168,0,3315348,3315348
139.554,1719184,1597000,0,3316184,3316184
139.605,1719296,1597640,0,3316936,3316936
139.655,1720884,1598344,0,3319228,3319228
139.705,1720884,1598984,0,3319868,3319868
139.755,1720884,1598856,0,3319740,3319740
139.806,1721352,1598600,0,3319952,3319952
139.856,1722124,1599880,0,3322004,3322004
139.906,1722124,1600784,0,3322908,3322908
139.956,1722124,1602064,0,3324188,3324188
140.007,1722124,1603920,0,3326044,3326044
140.057,1722948,1605136,0,3328084,3328084
140.107,1722952,1605840,0,3328792,3328792
140.158,1722952,1606868,0,3329820,3329820
140.208,1723268,1608084,0,3331352,3331352
140.258,1724668,1608660,0,3333328,3333328
140.310,1725752,1609684,0,3335436,3335436
140.360,1726444,1611856,0,3338300,3338300
140.410,1726444,1612500,0,3338944,3338944
140.461,1726444,1613140,0,3339584,3339584
140.511,1727396,1613588,0,3340984,3340984
140.561,1727480,1614164,0,3341644,3341644
140.613,1727504,1614680,0,3342184,3342184
140.664,1727724,1615256,0,3342980,3342980
140.714,1727724,1615896,0,3343620,3343620
140.765,1727724,1616792,0,3344516,3344516
140.815,1728356,1617368,0,3345724,3345724
140.865,1728356,1618072,0,3346428,3346428
140.915,1728360,1618840,0,3347200,3347200
140.970,1728384,1619352,0,3347736,3347736
141.020,1728388,1620248,0,3348636,3348636
141.074,1728388,1621208,0,3349596,3349596
141.124,1728388,1621848,0,3350236,3350236
141.174,1728388,1622724,0,3351112,3351112
141.225,1728388,1623684,0,3352072,3352072
141.275,1728624,1624388,0,3353012,3353012
141.325,1728624,1625284,0,3353908,3353908
141.375,1728624,1625988,0,3354612,3354612
141.426,1728624,1626948,0,3355572,3355572
141.476,1728624,1627844,0,3356468,3356468
141.526,1728624,1628612,0,3357236,3357236
141.576,1728624,1629572,0,3358196,3358196
141.627,1728976,1630532,0,3359508,3359508
141.677,1729396,1631364,0,3360760,3360760
141.727,1729396,1632132,0,3361528,3361528
141.777,1729396,1632964,0,3362360,3362360
141.828,1729396,1633668,0,3363064,3363064
141.878,1731120,1634308,0,3365428,3365428
141.928,1731700,1635012,0,3366712,3366712
141.978,1733984,1635836,0,3369820,3369820
142.029,1733988,1636708,0,3370696,3370696
142.079,1734432,1636804,0,3371236,3371236
142.129,1734532,1637828,0,3372360,3372360
142.180,1735332,1638724,0,3374056,3374056
142.230,1735332,1639748,0,3375080,3375080
142.280,1735332,1640516,0,3375848,3375848
142.338,1735332,1641604,0,3376936,3376936
142.388,1735332,1642436,0,3377768,3377768
142.438,1735336,1642800,0,3378136,3378136
142.488,1735336,1643024,0,3378360,3378360
142.539,1735340,1643280,0,3378620,3378620
142.589,1735340,1643536,0,3378876,3378876
142.639,1735340,1643664,0,3379004,3379004
142.690,1735340,1643728,0,3379068,3379068
142.740,1735340,1643792,0,3379132,3379132
142.791,1735340,1643856,0,3379196,3379196
142.841,1735340,1643856,0,3379196,3379196
142.892,1735340,1643856,0,3379196,3379196
142.942,1735340,1643856,0,3379196,3379196
142.993,1735340,1643856,0,3379196,3379196
143.043,1735340,1643856,0,3379196,3379196
143.094,1735340,1643856,0,3379196,3379196
143.144,1735340,1643856,0,3379196,3379196
143.195,1735340,1643856,0,3379196,3379196
143.245,1735340,1643856,0,3379196,3379196
143.296,1735340,1643856,0,3379196,3379196
143.347,1735340,1643856,0,3379196,3379196
143.397,1735340,1643856,0,3379196,3379196
143.448,1735340,1643856,0,3379196,3379196
143.498,1735340,1643856,0,3379196,3379196
143.549,1735340,1643856,0,3379196,3379196
143.599,1735340,1643344,0,3378684,3378684
143.649,1735340,1642960,0,3378300,3378300
143.700,1735340,1642960,0,3378300,3378300
143.751,1735340,1642960,0,3378300,3378300
143.801,1735340,1642960,0,3378300,3378300
143.851,1735340,1642960,0,3378300,3378300
143.902,1735340,1642960,0,3378300,3378300
143.952,1735340,1642960,0,3378300,3378300
144.002,1735340,1640784,0,3376124,3378024
144.053,1735340,1640672,0,3376012,3378024
144.103,1735340,1637280,0,3372620,3378024
144.153,1735340,1636896,0,3372236,3378024
144.204,1735340,1635808,0,3371148,3378024
144.254,1735340,1635104,0,3370444,3378024
144.304,1735340,1631840,0,3367180,3378024
144.355,1735340,1630176,0,3365516,3378024
144.405,1735340,1629536,0,3364876,3378024
144.455,1735340,1628192,0,3363532,3378024
144.506,1735340,1625712,0,3361052,3378024
144.556,1735340,1625648,0,3360988,3378024
144.606,1735340,1625392,0,3360732,3378024
144.656,1735340,1625392,0,3360732,3378024
144.706,1735340,1625392,0,3360732,3378024
144.757,1735340,1625392,0,3360732,3378024
144.810,1735340,1625392,0,3360732,3378024
144.860,1735340,1625392,0,3360732,3378024
144.910,1735340,1625392,0,3360732,3378024
144.960,1735340,1625392,0,3360732,3378024
145.010,1735340,1625392,0,3360732,3378024
145.061,1735340,1625392,0,3360732,3378024
145.111,1735340,1625136,0,3360476,3378024
145.161,1735340,1625136,0,3360476,3378024
145.211,1735340,1625136,0,3360476,3378024
145.262,1735340,1625136,0,3360476,3378024
145.312,1735340,1625136,0,3360476,3378024
145.362,1735340,1625136,0,3360476,3378024
145.412,1735340,1625136,0,3360476,3378024
145.463,1735340,1624912,0,3360252,3378024
145.513,1735340,1624576,0,3359916,3378024
145.563,1735340,1623920,0,3359260,3378024
145.613,1735340,1623568,0,3358908,3378024
145.663,1735340,1622560,0,3357900,3378024
145.714,1735340,1622528,0,3357868,3378024
145.764,1735340,1622336,0,3357676,3378024
145.814,1735340,1622272,0,3357612,3378024
145.864,1735340,1621952,0,3357292,3378024
145.914,1735340,1621728,0,3357068,3378024
145.965,1735340,1621728,0,3357068,3378024
146.015,1735340,1621456,0,3356796,3378024
146.065,1735340,1621456,0,3356796,3378024
146.115,1735340,1621456,0,3356796,3378024
146.165,1735340,1620672,0,3356012,3378024
146.216,1735340,1620544,0,3355884,3378024
146.266,1735340,1614304,0,3349644,3378024
146.316,1735340,1613168,0,3348508,3378024
146.366,1735340,1613168,0,3348508,3378024
146.417,1735340,1613168,0,3348508,3378024
146.467,1735340,1613040,0,3348380,3378024
146.517,1735340,1612368,0,3347708,3378024
146.567,1735340,1612056,0,3347396,3378024
146.617,1735340,1611880,0,3347220,3378024
146.668,1735340,1611304,0,3346644,3378024
146.718,1735340,1610824,0,3346164,3378024
146.768,1735340,1610792,0,3346132,3378024
146.818,1735340,1610440,0,3345780,3378024
146.868,1735340,1610376,0,3345716,3378024
146.919,1735340,1610376,0,3345716,3378024
146.969,1735340,1610376,0,3345716,3378024
147.019,1735340,1610376,0,3345716,3378024
147.069,1735340,1610376,0,3345716,3378024
147.122,1735340,1610376,0,3345716,3378024
147.172,1735340,1610376,0,3345716,3378024
147.222,1735340,1610376,0,3345716,3378024
147.272,1735340,1610376,0,3345716,3378024
147.322,1735340,1610376,0,3345716,3378024
147.373,1735340,1610376,0,3345716,3378024
147.423,1735340,1610376,0,3345716,3378024
147.473,1735340,1610376,0,3345716,3378024
147.523,1735340,1610376,0,3345716,3378024
147.573,1735340,1610376,0,3345716,3378024
147.624,1735340,1610376,0,3345716,3378024
147.674,1735340,1610376,0,3345716,3378024
147.724,1735340,1610376,0,3345716,3378024
147.774,1735340,1610376,0,3345716,3378024
147.825,1735340,1610376,0,3345716,3378024
147.875,1735340,1610376,0,3345716,3378024
147.925,1735340,1610376,0,3345716,3378024
147.975,1735340,1610376,0,3345716,3378024
148.026,1735340,1607864,0,3343204,3378024
148.076,1735340,1607864,0,3343204,3378024
148.126,1735340,1607864,0,3343204,3378024
148.176,1735340,1607864,0,3343204,3378024
148.227,1735340,1607864,0,3343204,3378024
148.277,1735340,1607864,0,3343204,3378024
148.327,1735340,1607864,0,3343204,3378024
148.377,1735340,1607864,0,3343204,3378024
148.427,1735340,1607864,0,3343204,3378024
148.478,1735340,1607864,0,3343204,3378024
148.528,1735340,1607864,0,3343204,3378024
148.578,1735340,1607864,0,3343204,3378024
148.628,1735340,1607864,0,3343204,3378024
148.678,1735340,1607864,0,3343204,3378024
148.729,1735340,1607864,0,3343204,3378024
148.779,1735340,1607864,0,3343204,3378024
148.829,1735340,1607864,0,3343204,3378024
148.879,1735340,1667368,0,3402708,3402708
148.929,1735340,1766184,0,3501524,3501524
148.980,1735340,1608104,0,3343444,3575512
149.030,1735340,1608104,0,3343444,3575512
149.080,1735340,1608104,0,3343444,3575512
149.130,1735340,1608104,0,3343444,3575512
149.181,1735340,1609720,0,3345060,3575512
149.231,1735340,1611796,0,3347136,3575512
149.281,1735340,1621204,0,3356544,3575512
149.331,1735340,2077288,0,3812628,3812628
149.382,1735340,2148304,0,3883644,3883644
149.432,1735340,2150004,0,3885344,3885344
149.484,1735340,2151672,0,3887012,3887012
149.540,1735340,2153664,0,3889004,3889004
149.595,1735340,2155964,0,3891304,3891304
149.652,1735340,2157568,0,3892908,3892908
149.702,1735340,2159552,0,3894892,3894892
149.752,1735340,2161532,0,3896872,3896872
149.802,1735340,2163732,0,3899072,3899072
149.852,1735340,2165652,0,3900992,3900992
149.906,1735340,2167316,0,3902656,3902656
149.958,1735340,2169428,0,3904768,3904768
150.008,1735340,2171368,0,3906708,3906708
150.062,1735340,2173348,0,3908688,3908688
150.112,1735340,2175336,0,3910676,3910676
150.162,1735340,2177064,0,3912404,3912404
150.212,1735340,2178664,0,3914004,3914004
150.266,1735340,2180776,0,3916116,3916116
150.316,1735340,2182248,0,3917588,3917588
150.366,1735340,2184040,0,3919380,3919380
150.416,1735340,2185768,0,3921108,3921108
150.466,1735340,2187560,0,3922900,3922900
150.517,1735340,2189416,0,3924756,3924756
150.567,1735340,2191400,0,3926740,3926740
150.617,1735340,2193384,0,3928724,3928724
150.667,1735340,2195176,0,3930516,3930516
150.717,1735340,2196968,0,3932308,3932308
150.770,1735340,2198504,0,3933844,3933844
150.820,1735340,2200168,0,3935508,3935508
150.870,1735340,2202280,0,3937620,3937620
150.920,1735340,2203816,0,3939156,3939156
150.971,1735340,2205544,0,3940884,3940884
151.021,1735340,2207272,0,3942612,3942612
151.071,1735340,2208872,0,3944212,3944212
151.121,1735340,2210536,0,3945876,3945876
151.171,1735340,2212072,0,3947412,3947412
151.222,1735340,2212904,0,3948244,3948244
151.272,1735340,2213480,0,3948820,3948820
151.325,1735340,2213480,0,3948820,3948820
151.375,1735340,2213480,0,3948820,3948820
151.426,1735340,2213480,0,3948820,3948820
151.476,1735340,2213480,0,3948820,3948820
151.526,1735340,2213480,0,3948820,3948820
151.576,1735340,2213480,0,3948820,3948820
151.627,1735340,2213480,0,3948820,3948820
151.677,1735340,2213480,0,3948820,3948820
151.727,1735340,2213480,0,3948820,3948820
151.777,1735340,2213480,0,3948820,3948820
151.827,1735340,2213480,0,3948820,3948820
151.878,1735340,2213480,0,3948820,3948820
151.928,1735340,2213480,0,3948820,3948820
151.978,1735340,2213480,0,3948820,3948820
152.028,1735340,2213480,0,3948820,3948820
152.079,1735340,2213480,0,3948820,3948820
152.129,1735340,2213480,0,3948820,3948820
152.179,1735340,2213480,0,3948820,3948820
152.229,1735340,2213480,0,3948820,3948820
152.279,1735340,2213480,0,3948820,3948820
152.330,1735340,2213480,0,3948820,3948820
152.380,1735340,2213480,0,3948820,3948820
152.430,1735340,2213480,0,3948820,3948820
152.480,1735340,2213480,0,3948820,3948820
152.530,1735340,2213480,0,3948820,3948820
152.580,1735340,2213480,0,3948820,3948820
152.631,1735340,2213480,0,3948820,3948820
152.681,1735340,2213480,0,3948820,3948820
152.731,1735340,2213480,0,3948820,3948820
152.781,1735340,2213480,0,3948820,3948820
152.831,1735340,2213480,0,3948820,3948820
152.882,1735340,2213480,0,3948820,3948820
152.932,1735340,2213480,0,3948820,3948820
152.982,1735340,2213480,0,3948820,3948820
153.032,1735340,2261096,0,3996436,3996436
153.083,1735340,2302632,0,4037972,4037972
153.133,1735340,2213480,0,3948820,4054668
153.183,1735340,2213608,0,3948948,4054668
153.233,1735340,2221540,0,3956880,4054668
153.284,1735340,2331788,0,4067128,4067128
153.334,1735340,2338124,0,4073464,4073464
153.384,1735340,2345292,0,4080632,4080632
153.434,1735340,2352780,0,4088120,4088120
153.484,1735340,2359820,0,4095160,4095160
153.535,1735340,2367052,0,4102392,4102392
153.585,1735340,2375372,0,4110712,4110712
153.635,1735340,2381644,0,4116984,4116984
153.685,1735340,2389964,0,4125304,4125304
153.736,1735340,2398476,0,4133816,4133816
153.786,1735340,2407064,0,4142404,4142404
153.836,1735340,2407064,0,4142404,4142404
153.886,1735340,2407064,0,4142404,4142404
153.936,1735340,2407064,0,4142404,4142404
153.987,1735340,2407064,0,4142404,4142404
154.037,1735340,2407064,0,4142404,4142404
154.087,1735340,2407064,0,4142404,4142404
154.137,1735340,2407064,0,4142404,4142404
154.188,1735340,2407064,0,4142404,4142404
154.238,1735340,2407064,0,4142404,4142404
154.288,1735340,2407064,0,4142404,4142404
154.338,1735340,2407064,0,4142404,4142404
154.388,1735340,2407064,0,4142404,4142404
154.439,1735340,2407064,0,4142404,4142404
154.489,1735340,2407064,0,4142404,4142404
154.539,1735340,2407064,0,4142404,4142404
154.589,1735340,2407064,0,4142404,4142404
154.640,1735340,2407064,0,4142404,4142404
154.690,1735340,2407064,0,4142404,4142404
154.740,1735340,2407064,0,4142404,4142404
154.790,1735340,2407064,0,4142404,4142404
154.841,1735340,2407064,0,4142404,4142404
154.891,1735340,2407064,0,4142404,4142404
154.941,1735340,2407064,0,4142404,4142404
154.991,1735340,2407064,0,4142404,4142404
155.042,1735340,2407064,0,4142404,4142404
155.092,1735340,2407064,0,4142404,4142404
155.142,1735340,2407064,0,4142404,4142404
155.192,1735340,2407064,0,4142404,4142404
155.242,1735340,2407064,0,4142404,4142404
155.293,1735340,2407064,0,4142404,4142404
155.343,1735340,2407064,0,4142404,4142404
155.393,1735340,2407064,0,4142404,4142404
155.443,1735340,2407064,0,4142404,4142404
155.494,1735340,2407064,0,4142404,4142404
155.544,1735340,2407064,0,4142404,4142404
155.594,1735340,2407064,0,4142404,4142404
155.644,1735340,2407064,0,4142404,4142404
155.695,1735340,2407064,0,4142404,4142404
155.745,1735340,2407064,0,4142404,4142404
155.795,1735340,2407064,0,4142404,4142404
155.845,1735340,2407064,0,4142404,4142404
155.895,1735340,2407064,0,4142404,4142404
155.946,1735340,2407064,0,4142404,4142404
155.996,1735340,2407064,0,4142404,4142404
156.046,1735340,2407064,0,4142404,4142404
156.096,1735340,2407064,0,4142404,4142404
156.147,1735340,2407064,0,4142404,4142404
156.197,1735340,2407064,0,4142404,4142404
156.247,1735340,2407064,0,4142404,4142404
156.297,1735340,2407064,0,4142404,4142404
156.347,1735340,2407064,0,4142404,4142404
156.398,1735340,2407064,0,4142404,4142404
156.448,1735340,2407064,0,4142404,4142404
156.498,1735340,2407064,0,4142404,4142404
156.548,1735340,2407064,0,4142404,4142404
156.598,1735340,2407064,0,4142404,4142404
156.649,1735340,2407064,0,4142404,4142404
156.699,1735340,2407064,0,4142404,4142404
156.749,1735340,2407064,0,4142404,4142404
156.799,1735340,2407064,0,4142404,4142404
156.850,1735340,2407064,0,4142404,4142404
156.900,1735340,2407064,0,4142404,4142404
156.950,1735340,2407064,0,4142404,4142404
157.000,1735340,2407064,0,4142404,4142404
157.051,1735340,2407064,0,4142404,4142404
157.101,1735340,2407064,0,4142404,4142404
157.151,1735340,2407064,0,4142404,4142404
157.201,1735340,2407064,0,4142404,4142404
157.252,1735340,2407064,0,4142404,4142404
157.302,1735340,2407064,0,4142404,4142404
157.352,1735340,2407064,0,4142404,4142404
157.402,1735340,2407064,0,4142404,4142404
157.453,1735340,2407064,0,4142404,4142404
157.503,1735340,2407064,0,4142404,4142404
157.553,1735340,2407064,0,4142404,4142404
157.603,1735340,2407064,0,4142404,4142404
157.653,1735340,2407064,0,4142404,4142404
157.704,1735340,2407064,0,4142404,4142404
157.754,1735340,2407064,0,4142404,4142404
157.804,1735340,2406872,0,4142212,4142212
157.854,1735340,2406872,0,4142212,4142212
157.905,1735340,2406872,0,4142212,4142212
157.955,1735340,2406872,0,4142212,4142212
158.005,1735340,2406872,0,4142212,4142212
158.055,1735340,2406872,0,4142212,4142212
158.105,1735340,2406872,0,4142212,4142212
158.156,1735340,2406872,0,4142212,4142212
158.206,1735340,2406872,0,4142212,4142212
158.256,1735340,2406872,0,4142212,4142212
158.306,1735340,2406872,0,4142212,4142212
158.356,1735340,2406872,0,4142212,4142212
158.407,1735340,2406872,0,4142212,4142212
158.457,1735340,2406872,0,4142212,4142212
158.507,1735340,2406872,0,4142212,4142212
158.557,1735340,2406872,0,4142212,4142212
158.607,1735340,2406872,0,4142212,4142212
158.658,1735340,2406872,0,4142212,4142212
158.708,1735340,2406872,0,4142212,4142212
158.758,1735340,2406872,0,4142212,4142212
158.808,1735340,2406872,0,4142212,4142212
158.859,1735340,2406872,0,4142212,4142212
158.909,1735340,2406872,0,4142212,4142212
158.959,1735340,2406872,0,4142212,4142212
159.009,1735340,2406872,0,4142212,4142212
159.059,1735340,2406872,0,4142212,4142212
159.110,1735340,2406488,0,4141828,4141828
159.160,1735340,2406488,0,4141828,4141828
159.210,1735340,2406488,0,4141828,4141828
159.260,1735340,2406488,0,4141828,4141828
159.311,1735340,2406488,0,4141828,4141828
159.361,1735340,2406488,0,4141828,4141828
159.411,1735340,2406488,0,4141828,4141828
159.461,1735340,2406488,0,4141828,4141828
159.514,1735340,2406488,0,4141828,4141828
159.565,1735340,2406488,0,4141828,4141828
159.618,1735340,2406488,0,4141828,4141828
159.668,1735340,2406488,0,4141828,4141828
159.718,1735340,2406488,0,4141828,4141828
159.769,1735340,2406488,0,4141828,4141828
159.819,1735340,2406488,0,4141828,4141828
159.869,1735340,2406488,0,4141828,4141828
159.919,1735340,2406488,0,4141828,4141828
159.970,1735340,2406488,0,4141828,4141828
160.020,1735340,2406488,0,4141828,4141828
160.070,1735340,2406488,0,4141828,4141828
160.122,1735340,2406488,0,4141828,4141828
160.172,1735340,2406488,0,4141828,4141828
160.222,1735340,2406488,0,4141828,4141828
160.273,1735340,2406488,0,4141828,4141828
160.323,1735340,2406488,0,4141828,4141828
160.378,1735340,2406328,0,4141668,4141668
160.428,1735340,2406328,0,4141668,4141668
160.482,1735340,2406328,0,4141668,4141668
160.532,1735340,2406328,0,4141668,4141668
160.582,1735340,2406328,0,4141668,4141668
160.632,1735340,2406328,0,4141668,4141668
160.683,1735340,2406328,0,4141668,4141668
160.733,1735340,2406328,0,4141668,4141668
160.783,1735340,2406328,0,4141668,4141668
160.834,1735340,2406328,0,4141668,4141668
160.884,1735340,2406328,0,4141668,4141668
160.934,1735340,2406328,0,4141668,4141668
160.985,1735340,2406328,0,4141668,4141668
161.035,1735340,2406328,0,4141668,4141668
161.085,1735340,2406328,0,4141668,4141668
161.135,1735340,2406328,0,4141668,4141668
161.186,1735340,2406328,0,4141668,4141668
161.236,1735340,2406328,0,4141668,4141668
161.286,1735340,2406328,0,4141668,4141668
161.336,1735340,2406328,0,4141668,4141668
161.387,1735340,2406328,0,4141668,4141668
161.437,1735340,2406328,0,4141668,4141668
161.487,1735340,2406328,0,4141668,4141668
161.537,1735340,2406328,0,4141668,4141668
161.588,1735340,2406328,0,4141668,4141668
161.638,1735340,2406328,0,4141668,4141668
161.688,1735340,2406072,0,4141412,4141412
161.738,1735340,2406072,0,4141412,4141412
161.789,1735340,2406072,0,4141412,4141412
161.839,1735340,2406072,0,4141412,4141412
161.889,1735340,2406072,0,4141412,4141412
161.939,1735340,2406072,0,4141412,4141412
161.990,1735340,2406072,0,4141412,4141412
162.040,1735340,2406072,0,4141412,4141412
162.090,1735340,2406072,0,4141412,4141412
162.140,1735340,2406072,0,4141412,4141412
162.191,1735340,2406072,0,4141412,4141412
162.241,1735340,2406072,0,4141412,4141412
162.291,1735340,2406072,0,4141412,4141412
162.341,1735340,2406072,0,4141412,4141412
162.392,1735340,2405880,0,4141220,4141328
162.442,1735340,2405880,0,4141220,4141328
162.492,1735340,2405880,0,4141220,4141328
162.542,1735340,2405880,0,4141220,4141328
162.592,1735340,2405880,0,4141220,4141328
162.643,1735340,2405816,0,4141156,4141328
162.693,1735340,2405816,0,4141156,4141328
162.743,1735340,2405816,0,4141156,4141328
162.793,1735340,2405816,0,4141156,4141328
162.844,1735340,2405816,0,4141156,4141328
162.894,1735340,2405816,0,4141156,4141328
162.944,1735340,2405816,0,4141156,4141328
162.994,1735340,2405816,0,4141156,4141328
163.045,1735340,2405816,0,4141156,4141328
163.095,1735340,2405816,0,4141156,4141328
163.145,1735340,2405816,0,4141156,4141328
163.195,1735340,2405816,0,4141156,4141328
163.246,1735340,2405816,0,4141156,4141328
163.296,1735340,2405816,0,4141156,4141328
163.346,1735340,2405816,0,4141156,4141328
163.396,1735340,2405816,0,4141156,4141328
163.446,1735340,2405816,0,4141156,4141328
163.497,1735340,2405816,0,4141156,4141328
163.547,1735340,2405816,0,4141156,4141328
163.597,1735340,2405816,0,4141156,4141328
163.647,1735340,2405816,0,4141156,4141328
163.698,1735340,2405816,0,4141156,4141328
163.748,1735340,2405816,0,4141156,4141328
163.798,1735340,2405816,0,4141156,4141328
163.848,1735340,2405816,0,4141156,4141328
163.899,1735340,2405816,0,4141156,4141328
163.949,1735340,2405816,0,4141156,4141328
163.999,1735340,2405816,0,4141156,4141328
164.049,1735340,2405816,0,4141156,4141328
164.099,1735340,2405816,0,4141156,4141328
164.150,1735340,2405816,0,4141156,4141328
164.200,1735340,2405816,0,4141156,4141328
164.250,1735340,2405816,0,4141156,4141328
164.300,1735340,2405816,0,4141156,4141328
164.351,1735340,2405816,0,4141156,4141328
164.401,1735340,2405816,0,4141156,4141328
164.451,1735340,2405816,0,4141156,4141328
164.501,1735340,2405816,0,4141156,4141328
164.551,1735340,2405816,0,4141156,4141328
164.602,1735340,2405816,0,4141156,4141328
164.652,1735340,2405816,0,4141156,4141328
164.702,1735340,2405816,0,4141156,4141328
164.752,1735340,2405816,0,4141156,4141328
164.803,1735340,2405816,0,4141156,4141328
164.853,1735340,2405816,0,4141156,4141328
164.903,1735340,2405816,0,4141156,4141328
164.953,1735340,2405816,0,4141156,4141328
165.003,1735340,2405816,0,4141156,4141328
165.054,1735340,2405816,0,4141156,4141328
165.104,1735340,2405816,0,4141156,4141328
165.154,1735340,2405816,0,4141156,4141328
165.204,1735340,2405816,0,4141156,4141328
165.254,1735340,2405816,0,4141156,4141328
165.305,1735340,2405816,0,4141156,4141328
165.355,1735340,2405816,0,4141156,4141328
165.405,1735340,2405816,0,4141156,4141328
165.455,1735340,2405816,0,4141156,4141328
165.506,1735340,2405816,0,4141156,4141328
165.556,1735340,2405816,0,4141156,4141328
165.606,1735340,2405816,0,4141156,4141328
165.656,1735340,2405816,0,4141156,4141328
165.707,1735340,2405816,0,4141156,4141328
165.757,1735340,2405816,0,4141156,4141328
165.807,1735340,2405816,0,4141156,4141328
165.857,1735340,2405816,0,4141156,4141328
165.907,1735340,2405816,0,4141156,4141328
165.958,1735340,2405816,0,4141156,4141328
166.008,1735340,2405816,0,4141156,4141328
166.058,1735340,2405816,0,4141156,4141328
166.108,1735340,2405816,0,4141156,4141328
166.159,1735340,2405816,0,4141156,4141328
166.209,1735340,2405816,0,4141156,4141328
166.259,1735340,2405816,0,4141156,4141328
166.309,1735340,2405816,0,4141156,4141328
166.359,1735340,2405816,0,4141156,4141328
166.410,1735340,2405816,0,4141156,4141328
166.460,1735340,2405816,0,4141156,4141328
166.510,1735340,2405816,0,4141156,4141328
166.560,1735340,2405816,0,4141156,4141328
166.610,1735340,2405816,0,4141156,4141328
166.661,1735340,2405816,0,4141156,4141328
166.711,1735340,2405816,0,4141156,4141328
166.761,1735340,2405816,0,4141156,4141328
166.811,1735340,2405816,0,4141156,4141328
166.862,1735340,2405816,0,4141156,4141328
166.912,1735340,2405816,0,4141156,4141328
166.962,1735340,2405816,0,4141156,4141328
167.012,1735340,2405816,0,4141156,4141328
167.063,1735340,2405816,0,4141156,4141328
167.113,1735340,2405816,0,4141156,4141328
167.163,1735340,2405816,0,4141156,4141328
167.213,1735340,2405816,0,4141156,4141328
167.263,1735340,2405816,0,4141156,4141328
167.314,1735340,2405816,0,4141156,4141328
167.364,1735340,2405816,0,4141156,4141328
167.414,1735340,2405816,0,4141156,4141328
167.464,1735340,2405816,0,4141156,4141328
167.514,1735340,2405816,0,4141156,4141328
167.565,1735340,2405816,0,4141156,4141328
167.615,1735340,2405816,0,4141156,4141328
167.665,1735340,2405816,0,4141156,4141328
167.715,1735340,2405816,0,4141156,4141328
167.765,1735340,2405816,0,4141156,4141328
167.816,1735340,2405816,0,4141156,4141328
167.866,1735340,2405816,0,4141156,4141328
167.916,1735340,2405816,0,4141156,4141328
167.966,1735340,2405816,0,4141156,4141328
168.017,1735340,2405816,0,4141156,4141328
168.067,1735340,2405816,0,4141156,4141328
168.117,1735340,2405816,0,4141156,4141328
168.167,1735340,2405816,0,4141156,4141328
168.217,1735340,2405816,0,4141156,4141328
168.268,1735340,2405816,0,4141156,4141328
168.318,1735340,2405816,0,4141156,4141328
168.368,1735340,2405816,0,4141156,4141328
168.418,1735340,2405816,0,4141156,4141328
168.469,1735340,2405816,0,4141156,4141328
168.519,1735340,2405816,0,4141156,4141328
168.569,1735340,2405816,0,4141156,4141328
168.619,1735340,2405176,0,4140516,4141328
168.669,1735340,2403192,0,4138532,4141328
168.720,1735340,2401720,0,4137060,4141328
168.770,1735340,2400888,0,4136228,4141328
168.820,1735340,2400632,0,4135972,4141328
168.870,1735340,2400168,0,4135508,4141328
168.921,1735340,2400040,0,4135380,4141328
168.971,1735340,2400008,0,4135348,4141328
169.021,1735340,2395592,0,4130932,4141328
169.071,1735340,2395560,0,4130900,4141328
169.122,1735340,2391896,0,4127236,4141328
169.172,1735340,2388208,0,4123548,4141328
169.222,1735340,2388088,0,4123428,4141328
169.272,1735340,2387912,0,4123252,4141328
169.323,1735340,2387912,0,4123252,4141328
169.373,1735340,2387912,0,4123252,4141328
169.423,1735340,2387912,0,4123252,4141328
169.473,1735340,2387912,0,4123252,4141328
169.523,1735340,2386504,0,4121844,4141328
169.574,1735340,2384856,0,4120196,4141328
169.624,1735340,2384320,0,4119660,4141328
169.674,1735340,2383928,0,4119268,4141328
169.724,1735340,2381976,0,4117316,4141328
169.775,1735340,2381848,0,4117188,4141328
169.825,1735340,2381848,0,4117188,4141328
169.875,1735340,2381848,0,4117188,4141328
169.925,1735340,2381848,0,4117188,4141328
169.976,1735340,2381848,0,4117188,4141328
170.026,1735340,2379896,0,4115236,4141328
170.076,1735340,2378232,0,4113572,4141328
170.126,1735340,2378232,0,4113572,4141328
170.177,1735340,2376888,0,4112228,4141328
170.227,1735340,2376632,0,4111972,4141328
170.277,1735340,2372360,0,4107700,4141328
170.327,1735340,2371816,0,4107156,4141328
170.378,1735340,2370536,0,4105876,4141328
170.428,1735340,2369416,0,4104756,4141328
170.478,1735340,2369416,0,4104756,4141328
170.528,1735340,2367752,0,4103092,4141328
170.579,1735340,2367416,0,4102756,4141328
170.629,1735340,2366648,0,4101988,4141328
170.679,1735340,2365560,0,4100900,4141328
170.729,1735340,2365560,0,4100900,4141328
170.779,1735340,2365496,0,4100836,4141328
170.830,1735340,2365496,0,4100836,4141328
170.880,1735340,2365496,0,4100836,4141328
170.930,1735340,2365496,0,4100836,4141328
170.980,1735340,2365496,0,4100836,4141328
171.031,1735340,2365496,0,4100836,4141328
171.081,1735340,2365496,0,4100836,4141328
171.131,1735340,2365496,0,4100836,4141328
171.181,1735340,2365496,0,4100836,4141328
171.232,1735340,2365496,0,4100836,4141328
171.282,1735340,2365496,0,4100836,4141328
171.332,1735340,2365496,0,4100836,4141328
171.382,1735340,2365496,0,4100836,4141328
171.433,1735340,2365496,0,4100836,4141328
171.483,1735340,2365496,0,4100836,4141328
171.533,1735340,2365496,0,4100836,4141328
171.583,1735340,2365496,0,4100836,4141328
171.633,1735340,2365496,0,4100836,4141328
171.684,1735340,2365496,0,4100836,4141328
171.734,1735340,2365496,0,4100836,4141328
171.784,1735340,2365496,0,4100836,4141328
171.834,1735340,2365336,0,4100676,4141328
171.885,1735340,2365256,0,4100596,4141328
171.935,1735340,2365248,0,4100588,4141328
171.985,1735340,2365248,0,4100588,4141328
172.035,1735340,2365248,0,4100588,4141328
172.086,1735340,2365248,0,4100588,4141328
172.136,1735340,2365248,0,4100588,4141328
172.186,1735340,2365248,0,4100588,4141328
172.236,1735340,2365248,0,4100588,4141328
172.286,1735340,2365248,0,4100588,4141328
172.337,1735340,2365248,0,4100588,4141328
172.387,1735340,2365248,0,4100588,4141328
172.437,1735340,2365248,0,4100588,4141328
172.487,1735340,2365248,0,4100588,4141328
172.538,1735340,2365248,0,4100588,4141328
172.588,1735340,2365248,0,4100588,4141328
172.638,1735340,2365248,0,4100588,4141328
172.688,1735340,2365248,0,4100588,4141328
172.738,1735340,2365248,0,4100588,4141328
172.789,1735340,2365248,0,4100588,4141328
172.839,1735340,2365248,0,4100588,4141328
172.889,1735340,2365248,0,4100588,4141328
172.939,1735340,2365248,0,4100588,4141328
172.989,1735340,2365248,0,4100588,4141328
173.040,1735340,2365248,0,4100588,4141328
173.090,1735340,2365248,0,4100588,4141328
173.140,1735340,2365248,0,4100588,4141328
173.190,1735340,2365248,0,4100588,4141328
173.241,1735340,2365248,0,4100588,4141328
173.291,1735340,2365248,0,4100588,4141328
173.341,1735340,2365248,0,4100588,4141328
173.391,1735340,2365248,0,4100588,4141328
173.442,1735340,2365248,0,4100588,4141328
173.492,1735340,2365248,0,4100588,4141328
173.542,1735340,2365248,0,4100588,4141328
173.592,1735340,2365248,0,4100588,4141328
173.643,1735340,2365248,0,4100588,4141328
173.693,1735340,2365248,0,4100588,4141328
173.743,1735340,2365248,0,4100588,4141328
173.794,1735340,2365248,0,4100588,4141328
173.844,1735340,2365248,0,4100588,4141328
173.894,1735340,2365248,0,4100588,4141328
173.944,1735340,2365248,0,4100588,4141328
173.995,1735340,2365248,0,4100588,4141328
174.045,1735340,2365248,0,4100588,4141328
174.095,1735340,2365248,0,4100588,4141328
174.145,1735340,2365248,0,4100588,4141328
174.196,1735340,2365248,0,4100588,4141328
174.246,1735340,2365248,0,4100588,4141328
174.296,1735340,2365248,0,4100588,4141328
174.346,1735340,2365248,0,4100588,4141328
174.397,1735340,2365248,0,4100588,4141328
174.447,1735340,2365248,0,4100588,4141328
174.497,1735340,2365248,0,4100588,4141328
174.547,1735340,2365248,0,4100588,4141328
174.598,1735340,2365248,0,4100588,4141328
174.648,1735340,2365248,0,4100588,4141328
174.698,1735340,2379712,0,4115052,4141328
174.748,1735340,2365312,0,4100652,4141328
174.799,1735340,2365312,0,4100652,4141328
174.849,1735340,2365312,0,4100652,4141328
174.899,1735340,2365312,0,4100652,4141328
174.949,1735340,2365312,0,4100652,4141328
175.000,1735340,2365312,0,4100652,4141328
175.050,1735340,2365312,0,4100652,4141328
175.100,1735340,2365312,0,4100652,4141328
175.151,1735340,2365312,0,4100652,4141328
175.201,1735340,2365312,0,4100652,4141328
175.251,1735340,2365312,0,4100652,4141328
175.302,1735340,2365312,0,4100652,4141328
175.352,1735340,2365312,0,4100652,4141328
175.402,1735340,2365312,0,4100652,4141328
175.452,1735340,2365312,0,4100652,4141328
175.503,1735340,2365312,0,4100652,4141328
175.553,1735340,2365312,0,4100652,4141328
175.603,1735340,2365312,0,4100652,4141328
175.654,1735340,2365312,0,4100652,4141328
175.704,1735340,2365312,0,4100652,4141328
175.754,1735340,2365312,0,4100652,4141328
175.804,1735340,2365312,0,4100652,4141328
175.855,1735340,2365312,0,4100652,4141328
175.905,1735340,2365312,0,4100652,4141328
175.955,1735340,2365312,0,4100652,4141328
176.005,1735340,2365312,0,4100652,4141328
176.056,1735340,2365312,0,4100652,4141328
176.106,1735340,2365312,0,4100652,4141328
176.156,1735340,2365312,0,4100652,4141328
176.207,1735340,2365312,0,4100652,4141328
176.257,1735340,2365312,0,4100652,4141328
176.307,1735340,2365312,0,4100652,4141328
176.357,1735340,2365312,0,4100652,4141328
176.408,1735340,2365312,0,4100652,4141328
176.458,1735340,2365312,0,4100652,4141328
176.508,1735340,2365312,0,4100652,4141328
176.558,1735340,2365312,0,4100652,4141328
176.608,1735340,2365312,0,4100652,4141328
176.659,1735340,2365312,0,4100652,4141328
176.709,1735340,2365312,0,4100652,4141328
176.759,1735340,2365312,0,4100652,4141328
176.809,1735340,2365312,0,4100652,4141328
176.859,1735340,2365312,0,4100652,4141328
176.910,1735340,2365312,0,4100652,4141328
176.960,1735340,2365312,0,4100652,4141328
177.010,1735340,2365312,0,4100652,4141328
177.060,1735340,2365312,0,4100652,4141328
177.110,1735340,2365312,0,4100652,4141328
177.161,1735340,2365312,0,4100652,4141328
177.211,1735340,2365312,0,4100652,4141328
177.261,1735340,2365312,0,4100652,4141328
177.311,1735340,2365312,0,4100652,4141328
177.362,1735340,2365312,0,4100652,4141328
177.412,1735340,2365312,0,4100652,4141328
177.462,1735340,2365312,0,4100652,4141328
177.512,1735340,2365312,0,4100652,4141328
177.562,1735340,2365312,0,4100652,4141328
177.613,1735340,2365312,0,4100652,4141328
177.663,1735340,2365312,0,4100652,4141328
177.713,1735340,2365312,0,4100652,4141328
177.763,1735340,2365312,0,4100652,4141328
177.813,1735340,2365312,0,4100652,4141328
177.864,1735340,2365312,0,4100652,4141328
177.914,1735340,2365312,0,4100652,4141328
177.964,1735340,2365312,0,4100652,4141328
178.014,1735340,2365312,0,4100652,4141328
178.065,1735340,2365312,0,4100652,4141328
178.115,1735340,2365312,0,4100652,4141328
178.165,1735340,2365312,0,4100652,4141328
178.215,1735340,2365312,0,4100652,4141328
178.266,1735340,2365312,0,4100652,4141328
178.316,1735340,2365312,0,4100652,4141328
178.366,1735340,2365312,0,4100652,4141328
178.416,1735340,2365312,0,4100652,4141328
178.466,1735340,2365312,0,4100652,4141328
178.517,1735340,2365312,0,4100652,4141328
178.567,1735340,2365312,0,4100652,4141328
178.617,1735340,2365312,0,4100652,4141328
178.667,1735340,2365312,0,4100652,4141328
178.717,1735340,2365312,0,4100652,4141328
178.768,1735340,2365312,0,4100652,4141328
178.818,1735340,2365312,0,4100652,4141328
178.868,1735340,2365312,0,4100652,4141328
178.918,1735340,2365312,0,4100652,4141328
178.969,1735340,2365312,0,4100652,4141328
179.019,1735340,2365312,0,4100652,4141328
179.069,1735340,2365312,0,4100652,4141328
179.119,1735340,2365312,0,4100652,4141328
179.169,1735340,2365312,0,4100652,4141328
179.220,1735340,2365312,0,4100652,4141328
179.270,1735340,2365312,0,4100652,4141328
179.320,1735340,2365312,0,4100652,4141328
179.370,1735340,2365312,0,4100652,4141328
179.420,1735340,2365504,0,4100844,4141328
179.470,1735340,2365824,0,4101164,4141328
179.521,1735340,2365888,0,4101228,4141328
179.571,1735340,2366016,0,4101356,4141328
179.621,1735340,2366080,0,4101420,4141328
179.671,1735340,2366080,0,4101420,4141328
179.722,1735340,2366080,0,4101420,4141328
179.772,1735340,2366080,0,4101420,4141328
179.822,1735340,2366080,0,4101420,4141328
179.872,1735340,2366080,0,4101420,4141328
179.923,1735340,2366080,0,4101420,4141328
179.973,1735340,2366080,0,4101420,4141328
180.023,1735340,2366080,0,4101420,4141328
180.073,1735340,2366080,0,4101420,4141328
180.123,1735340,2366080,0,4101420,4141328
180.174,1735340,2366080,0,4101420,4141328
180.224,1735340,2366080,0,4101420,4141328
180.274,1735340,2366080,0,4101420,4141328
180.324,1735340,2366080,0,4101420,4141328
180.374,1735340,2366080,0,4101420,4141328
180.425,1735340,2366080,0,4101420,4141328
180.475,1735340,2366080,0,4101420,4141328
180.525,1735340,2366080,0,4101420,4141328
180.575,1735340,2366080,0,4101420,4141328
180.625,1735340,2366080,0,4101420,4141328
180.676,1735340,2366080,0,4101420,4141328
180.726,1735340,2366080,0,4101420,4141328
180.776,1735340,2366080,0,4101420,4141328
180.826,1735340,2366080,0,4101420,4141328
180.877,1735340,2366080,0,4101420,4141328
180.927,1735340,2366080,0,4101420,4141328
180.977,1735340,2366080,0,4101420,4141328
181.027,1735340,2366080,0,4101420,4141328
181.077,1735340,2366080,0,4101420,4141328
181.128,1735340,2366080,0,4101420,4141328
181.178,1735340,2366080,0,4101420,4141328
181.228,1735340,2366080,0,4101420,4141328
181.278,1735340,2366080,0,4101420,4141328
181.328,1735340,2366080,0,4101420,4141328
181.379,1735340,2366080,0,4101420,4141328
181.429,1735340,2366080,0,4101420,4141328
181.479,1735340,2366080,0,4101420,4141328
181.529,1735340,2366080,0,4101420,4141328
181.579,1735340,2366080,0,4101420,4141328
181.630,1735340,2366080,0,4101420,4141328
181.680,1735340,2366080,0,4101420,4141328
181.730,1735340,2366080,0,4101420,4141328
181.780,1735340,2366080,0,4101420,4141328
181.830,1735340,2366080,0,4101420,4141328
181.881,1735340,2366080,0,4101420,4141328
181.931,1735340,2366080,0,4101420,4141328
181.981,1735340,2366080,0,4101420,4141328
182.031,1735340,2366080,0,4101420,4141328
182.081,1735340,2366080,0,4101420,4141328
182.132,1735340,2366080,0,4101420,4141328
182.182,1735340,2366080,0,4101420,4141328
182.232,1735340,2366080,0,4101420,4141328
182.282,1735340,2366080,0,4101420,4141328
182.332,1735340,2366080,0,4101420,4141328
182.382,1735340,2366080,0,4101420,4141328
182.433,1735340,2366080,0,4101420,4141328
182.483,1735340,2366080,0,4101420,4141328
182.533,1735340,2366080,0,4101420,4141328
182.583,1735340,2366080,0,4101420,4141328
182.634,1735340,2366080,0,4101420,4141328
182.684,1735340,2366080,0,4101420,4141328
182.734,1735340,2366080,0,4101420,4141328
182.784,1735340,2366080,0,4101420,4141328
182.834,1735340,2366080,0,4101420,4141328
182.885,1735340,2366080,0,4101420,4141328
182.935,1735340,2366272,0,4101612,4141328
182.985,1735340,2366352,0,4101692,4141328
183.035,1735340,2366368,0,4101708,4141328
183.085,1735340,2366368,0,4101708,4141328
183.136,1735340,2366368,0,4101708,4141328
183.186,1735340,2366368,0,4101708,4141328
183.236,1735340,2366368,0,4101708,4141328
183.286,1735340,2366384,0,4101724,4141328
183.337,1735340,2366384,0,4101724,4141328
183.387,1735340,2366384,0,4101724,4141328
183.437,1735340,2366384,0,4101724,4141328
183.487,1735340,2366384,0,4101724,4141328
183.537,1735340,2366400,0,4101740,4141328
183.588,1735340,2366400,0,4101740,4141328
183.638,1735340,2366400,0,4101740,4141328
183.688,1735340,2366400,0,4101740,4141328
183.738,1735340,2366400,0,4101740,4141328
183.788,1735340,2366416,0,4101756,4141328
183.839,1735340,2366416,0,4101756,4141328
183.889,1735340,2366432,0,4101772,4141328
183.939,1735340,2366432,0,4101772,4141328
183.989,1735340,2366432,0,4101772,4141328
184.039,1735340,2366432,0,4101772,4141328
184.090,1735340,2366432,0,4101772,4141328
184.140,1735340,2366432,0,4101772,4141328
184.190,1735340,2366432,0,4101772,4141328
184.240,1735340,2366432,0,4101772,4141328
184.290,1735340,2366432,0,4101772,4141328
184.341,1735340,2366432,0,4101772,4141328
184.391,1735340,2366432,0,4101772,4141328
184.441,1735340,2366432,0,4101772,4141328
184.491,1735340,2366432,0,4101772,4141328
184.541,1735340,2366432,0,4101772,4141328
184.592,1735340,2366432,0,4101772,4141328
184.642,1735340,2366432,0,4101772,4141328
184.692,1735340,2366432,0,4101772,4141328
184.742,1735340,2366432,0,4101772,4141328
184.793,1735340,2366432,0,4101772,4141328
184.843,1735340,2366432,0,4101772,4141328
184.893,1735340,2366432,0,4101772,4141328
184.943,1735340,2366432,0,4101772,4141328
184.993,1735340,2366432,0,4101772,4141328
185.044,1735340,2366432,0,4101772,4141328
185.094,1735340,2366432,0,4101772,4141328
185.144,1735340,2366432,0,4101772,4141328
185.194,1735340,2366432,0,4101772,4141328
185.245,1735340,2366432,0,4101772,4141328
185.295,1735340,2366432,0,4101772,4141328
185.345,1735340,2366432,0,4101772,4141328
185.395,1735340,2366432,0,4101772,4141328
185.445,1735340,2366432,0,4101772,4141328
185.496,1735340,2366432,0,4101772,4141328
185.546,1735340,2366432,0,4101772,4141328
185.596,1735340,2366432,0,4101772,4141328
185.646,1735340,2366432,0,4101772,4141328
185.696,1735340,2366432,0,4101772,4141328
185.747,1735340,2366432,0,4101772,4141328
185.797,1735340,2366432,0,4101772,4141328
185.847,1735340,2366432,0,4101772,4141328
185.897,1735340,2366432,0,4101772,4141328
185.948,1735340,2366432,0,4101772,4141328
185.998,1735340,2366432,0,4101772,4141328
186.048,1735340,2366432,0,4101772,4141328
186.098,1735340,2366432,0,4101772,4141328
186.148,1735340,2366432,0,4101772,4141328
186.199,1735340,2366432,0,4101772,4141328
186.249,1735340,2366432,0,4101772,4141328
186.299,1735340,2366432,0,4101772,4141328
186.349,1735340,2366432,0,4101772,4141328
186.399,1735340,2366432,0,4101772,4141328
186.450,1735340,2366432,0,4101772,4141328
186.500,1735340,2366432,0,4101772,4141328
186.550,1735340,2366432,0,4101772,4141328
186.600,1735340,2366432,0,4101772,4141328
186.650,1735340,2366432,0,4101772,4141328
186.701,1735340,2366432,0,4101772,4141328
186.751,1735340,2366432,0,4101772,4141328
186.801,1735340,2366432,0,4101772,4141328
186.851,1735340,2366432,0,4101772,4141328
186.901,1735340,2366432,0,4101772,4141328
186.952,1735340,2366432,0,4101772,4141328
187.002,1735340,2366432,0,4101772,4141328
187.052,1735340,2366432,0,4101772,4141328
187.102,1735340,2366432,0,4101772,4141328
187.153,1735340,2366432,0,4101772,4141328
187.203,1735340,2366432,0,4101772,4141328
187.253,1735340,2366432,0,4101772,4141328
187.303,1735340,2366432,0,4101772,4141328
187.353,1735340,2366432,0,4101772,4141328
187.404,1735340,2366432,0,4101772,4141328
187.454,1735340,2366432,0,4101772,4141328
187.504,1735340,2366432,0,4101772,4141328
187.554,1735340,2366432,0,4101772,4141328
187.605,1735340,2366432,0,4101772,4141328
187.655,1735340,2366432,0,4101772,4141328
187.705,1735340,2366448,0,4101788,4141328
187.755,1735340,2366448,0,4101788,4141328
187.806,1735340,2366448,0,4101788,4141328
187.856,1735340,2366448,0,4101788,4141328
187.906,1735340,2366536,0,4101876,4141328
187.956,1735340,2257688,0,3993028,4141328
188.007,1735340,1346904,0,3082244,4141328
188.057,1735340,1346904,0,3082244,4141328
188.107,1735340,741516,0,2476856,4141328
188.157,1735340,555108,0,2290448,4141328
188.207,1735340,576488,0,2311828,4141328
188.258,1735340,638960,0,2374300,4141328
188.308,1735340,677004,0,2412344,4141328
188.358,1735340,710196,0,2445536,4141328
188.408,1738144,710324,0,2448468,4141328
188.462,1738144,710380,0,2448524,4141328
188.512,1738144,710380,0,2448524,4141328
188.562,1738144,747244,0,2485388,4141328
188.612,1738144,749552,0,2487696,4141328
188.663,1738144,710444,0,2448588,4141328
188.713,1738144,710444,0,2448588,4141328
188.763,1738144,728068,0,2466212,4141328
188.813,1738144,752644,0,2490788,4141328
188.864,1738144,780764,0,2518908,4141328
188.914,1738144,804508,0,2542652,4141328
188.964,1738144,803404,0,2541548,4141328
189.014,1738144,803404,0,2541548,4141328
189.065,1738144,803404,0,2541548,4141328
189.115,1738144,803404,0,2541548,4141328
189.165,1738144,725244,0,2463388,4141328
189.215,1738144,725244,0,2463388,4141328
189.266,1738144,725244,0,2463388,4141328
189.316,1738144,725244,0,2463388,4141328
189.366,1738144,725244,0,2463388,4141328
189.416,1738144,725928,0,2464072,4141328
189.467,1738144,726904,0,2465048,4141328
189.517,1738144,726936,0,2465080,4141328
189.567,1738144,727336,0,2465480,4141328
189.617,1738144,727608,0,2465752,4141328
189.667,1738452,727912,0,2466364,4141328
189.718,1738452,727976,0,2466428,4141328
189.768,1738452,728616,0,2467068,4141328
189.818,1738452,728936,0,2467388,4141328
189.868,1738452,728696,0,2467148,4141328
189.919,1738452,729928,0,2468380,4141328
189.969,1738452,730248,0,2468700,4141328
190.019,1738452,730408,0,2468860,4141328
190.069,1738452,730472,0,2468924,4141328
190.120,1738452,731048,0,2469500,4141328
190.170,1738452,731240,0,2469692,4141328
190.220,1738452,731240,0,2469692,4141328
190.270,1738452,732584,0,2471036,4141328
190.320,1738452,734072,0,2472524,4141328
190.371,1738452,735520,0,2473972,4141328
190.421,1738452,736544,0,2474996,4141328
190.471,1738452,737632,0,2476084,4141328
190.521,1738452,737792,0,2476244,4141328
190.572,1738452,737792,0,2476244,4141328
190.622,1738452,738688,0,2477140,4141328
190.672,1738452,738944,0,2477396,4141328
190.722,1738452,738944,0,2477396,4141328
190.773,1738452,738960,0,2477412,4141328
190.823,1738452,738976,0,2477428,4141328
190.873,1738452,739072,0,2477524,4141328
190.923,1738452,739072,0,2477524,4141328
190.974,1738452,739080,0,2477532,4141328
191.024,1738452,739096,0,2477548,4141328
191.074,1738452,739384,0,2477836,4141328
191.124,1738452,739384,0,2477836,4141328
191.175,1738452,739400,0,2477852,4141328
191.225,1738452,739528,0,2477980,4141328
191.275,1738452,739576,0,2478028,4141328
191.325,1738452,739704,0,2478156,4141328
191.376,1738452,739960,0,2478412,4141328
191.426,1738452,739960,0,2478412,4141328
191.476,1738452,739960,0,2478412,4141328
191.526,1738452,740248,0,2478700,4141328
191.576,1738452,740280,0,2478732,4141328
191.627,1738452,740984,0,2479436,4141328
191.677,1738452,741448,0,2479900,4141328
191.727,1738452,742304,0,2480756,4141328
191.777,1738452,743344,0,2481796,4141328
191.828,1738452,743888,0,2482340,4141328
191.878,1738452,744160,0,2482612,4141328
191.928,1738452,745504,0,2483956,4141328
191.978,1738452,745888,0,2484340,4141328
192.029,1738452,745984,0,2484436,4141328
192.079,1738452,746144,0,2484596,4141328
192.129,1738452,746240,0,2484692,4141328
192.179,1738452,746752,0,2485204,4141328
192.229,1738452,746864,0,2485316,4141328
192.280,1738452,746928,0,2485380,4141328
192.330,1738452,748048,0,2486500,4141328
192.380,1738452,748272,0,2486724,4141328
192.430,1738452,748344,0,2486796,4141328
192.481,1738452,748920,0,2487372,4141328
192.531,1738452,749336,0,2487788,4141328
192.581,1738452,751000,0,2489452,4141328
192.631,1738452,751448,0,2489900,4141328
192.681,1738452,751600,0,2490052,4141328
192.732,1738452,751728,0,2490180,4141328
192.782,1738452,751728,0,2490180,4141328
192.832,1738452,751736,0,2490188,4141328
192.882,1738452,751800,0,2490252,4141328
192.933,1738452,752344,0,2490796,4141328
192.983,1738452,752728,0,2491180,4141328
193.033,1738452,752984,0,2491436,4141328
193.083,1738452,753176,0,2491628,4141328
193.133,1738452,750904,0,2489356,4141328
193.184,1738452,750824,0,2489276,4141328
193.234,1738452,748776,0,2487228,4141328
193.284,1738452,746664,0,2485116,4141328
193.334,1738452,744680,0,2483132,4141328
193.385,1738452,744680,0,2483132,4141328
193.435,1738452,744912,0,2483364,4141328
193.485,1738452,745200,0,2483652,4141328
193.536,1738452,746816,0,2485268,4141328
193.586,1738452,748224,0,2486676,4141328
193.636,1738452,748144,0,2486596,4141328
193.687,1738452,748160,0,2486612,4141328
193.737,1738452,747744,0,2486196,4141328
193.787,1738452,747296,0,2485748,4141328
193.837,1738452,746912,0,2485364,4141328
193.888,1738452,746464,0,2484916,4141328
193.938,1738452,746464,0,2484916,4141328
193.988,1738452,746432,0,2484884,4141328
194.038,1738452,745664,0,2484116,4141328
194.089,1738452,744816,0,2483268,4141328
194.139,1738452,743744,0,2482196,4141328
194.189,1738452,742560,0,2481012,4141328
194.239,1738452,741296,0,2479748,4141328
194.290,1738452,741056,0,2479508,4141328
194.340,1738452,741184,0,2479636,4141328
194.390,1738452,741184,0,2479636,4141328
194.440,1738452,741344,0,2479796,4141328
194.491,1738452,741856,0,2480308,4141328
194.541,1738452,741888,0,2480340,4141328
194.591,1738452,742160,0,2480612,4141328
194.641,1738452,742544,0,2480996,4141328
194.692,1738452,742736,0,2481188,4141328
194.742,1738452,741744,0,2480196,4141328
194.792,1738452,741744,0,2480196,4141328
194.843,1738452,741488,0,2479940,4141328
194.893,1738452,741872,0,2480324,4141328
194.943,1738452,741664,0,2480116,4141328
194.993,1738452,741312,0,2479764,4141328
195.044,1738452,740480,0,2478932,4141328
195.094,1738452,737584,0,2476036,4141328
195.144,1738452,738016,0,2476468,4141328
195.194,1738452,738736,0,2477188,4141328
195.245,1738452,738848,0,2477300,4141328
195.295,1738452,738464,0,2476916,4141328
195.345,1738452,737120,0,2475572,4141328
195.396,1738452,737568,0,2476020,4141328
195.446,1738452,737264,0,2475716,4141328
195.496,1738452,736064,0,2474516,4141328
195.546,1738452,736328,0,2474780,4141328
195.596,1738452,736200,0,2474652,4141328
195.647,1738452,736912,0,2475364,4141328
195.697,1738452,737328,0,2475780,4141328
195.747,1738452,736704,0,2475156,4141328
195.797,1738452,735952,0,2474404,4141328
195.848,1738452,735616,0,2474068,4141328
195.898,1738452,735424,0,2473876,4141328
195.948,1738452,734856,0,2473308,4141328
195.998,1738452,734920,0,2473372,4141328
196.049,1738452,732008,0,2470460,4141328
196.099,1738452,732376,0,2470828,4141328
196.149,1738452,732192,0,2470644,4141328
196.199,1738452,732768,0,2471220,4141328
196.250,1738452,733088,0,2471540,4141328
196.300,1738452,733408,0,2471860,4141328
196.350,1738452,733872,0,2472324,4141328
196.400,1738452,734224,0,2472676,4141328
196.451,1738452,734528,0,2472980,4141328
196.501,1738452,735504,0,2473956,4141328
196.551,1738452,736032,0,2474484,4141328
196.601,1738452,737200,0,2475652,4141328
196.651,1738452,737504,0,2475956,4141328
196.702,1738452,737760,0,2476212,4141328
196.752,1738452,738080,0,2476532,4141328
196.802,1738452,738176,0,2476628,4141328
196.852,1738452,738368,0,2476820,4141328
196.903,1738452,738528,0,2476980,4141328
196.953,1738452,738688,0,2477140,4141328
197.003,1738452,739016,0,2477468,4141328
197.053,1738452,739432,0,2477884,4141328
197.104,1738452,740088,0,2478540,4141328
197.154,1738452,740728,0,2479180,4141328
197.204,1738452,741016,0,2479468,4141328
197.254,1738452,741496,0,2479948,4141328
197.305,1738452,741752,0,2480204,4141328
197.355,1738452,742752,0,2481204,4141328
197.405,1738452,743216,0,2481668,4141328
197.455,1738452,743840,0,2482292,4141328
197.506,1738452,742296,0,2480748,4141328
197.556,1738452,741096,0,2479548,4141328
197.606,1738452,741608,0,2480060,4141328
197.656,1738452,741496,0,2479948,4141328
197.706,1738452,741752,0,2480204,4141328
197.757,1738452,742520,0,2480972,4141328
197.807,1738452,742584,0,2481036,4141328
197.857,1738452,742712,0,2481164,4141328
197.907,1738452,742744,0,2481196,4141328
197.958,1738452,743736,0,2482188,4141328
198.008,1738452,743768,0,2482220,4141328
198.058,1738452,743768,0,2482220,4141328
198.108,1738452,743832,0,2482284,4141328
198.159,1738452,743864,0,2482316,4141328
198.209,1738452,744152,0,2482604,4141328
198.259,1738452,744536,0,2482988,4141328
198.309,1738452,744664,0,2483116,4141328
198.360,1738452,744680,0,2483132,4141328
198.410,1738452,744840,0,2483292,4141328
198.460,1738452,745224,0,2483676,4141328
198.510,1738452,745320,0,2483772,4141328
198.560,1738452,745624,0,2484076,4141328
198.611,1738452,745832,0,2484284,4141328
198.661,1738452,745832,0,2484284,4141328
198.711,1738452,745864,0,2484316,4141328
198.761,1738452,746056,0,2484508,4141328
198.812,1738452,746120,0,2484572,4141328
198.862,1738452,746184,0,2484636,4141328
198.912,1738452,746272,0,2484724,4141328
198.962,1738452,746272,0,2484724,4141328
199.013,1738452,746464,0,2484916,4141328
199.063,1738452,746848,0,2485300,4141328
199.113,1738452,747840,0,2486292,4141328
199.163,1738452,747968,0,2486420,4141328
199.214,1738452,748080,0,2486532,4141328
199.264,1738452,748304,0,2486756,4141328
199.314,1738452,749488,0,2487940,4141328
199.364,1738452,750480,0,2488932,4141328
199.414,1738452,750544,0,2488996,4141328
199.465,1738452,750544,0,2488996,4141328
199.515,1738452,750736,0,2489188,4141328
199.565,1738452,750768,0,2489220,4141328
199.615,1738452,750768,0,2489220,4141328
199.666,1738452,750768,0,2489220,4141328
199.716,1738452,750768,0,2489220,4141328
199.766,1738452,750768,0,2489220,4141328
199.816,1738452,750768,0,2489220,4141328
199.867,1738452,750768,0,2489220,4141328
199.917,1738452,750768,0,2489220,4141328
199.967,1738452,750768,0,2489220,4141328
200.017,1738452,750768,0,2489220,4141328
200.067,1738452,750768,0,2489220,4141328
200.118,1738452,750832,0,2489284,4141328
200.168,1738452,750928,0,2489380,4141328
200.218,1738452,750944,0,2489396,4141328
200.268,1738452,750944,0,2489396,4141328
200.319,1738452,750944,0,2489396,4141328
200.369,1738452,750944,0,2489396,4141328
200.419,1738452,751200,0,2489652,4141328
200.469,1738452,751200,0,2489652,4141328
200.520,1738452,751200,0,2489652,4141328
200.570,1738452,751200,0,2489652,4141328
200.620,1738452,751200,0,2489652,4141328
200.670,1738452,751200,0,2489652,4141328
200.720,1738452,751200,0,2489652,4141328
200.771,1738452,751328,0,2489780,4141328
200.821,1738452,751440,0,2489892,4141328
200.871,1738452,751536,0,2489988,4141328
200.921,1738452,751536,0,2489988,4141328
200.972,1738452,751536,0,2489988,4141328
201.022,1738452,751536,0,2489988,4141328
201.072,1738452,751536,0,2489988,4141328
201.122,1738452,751536,0,2489988,4141328
201.172,1738452,751536,0,2489988,4141328
201.223,1738452,751600,0,2490052,4141328
201.273,1738452,751760,0,2490212,4141328
201.323,1738452,752464,0,2490916,4141328
201.373,1738452,752880,0,2491332,4141328
201.424,1738452,753008,0,2491460,4141328
201.474,1738452,753208,0,2491660,4141328
201.524,1738452,753368,0,2491820,4141328
201.574,1738452,753504,0,2491956,4141328
201.624,1738452,753696,0,2492148,4141328
201.675,1738452,753728,0,2492180,4141328
201.725,1738452,753888,0,2492340,4141328
201.775,1738452,754400,0,2492852,4141328
201.825,1738452,754672,0,2493124,4141328
201.876,1738452,754704,0,2493156,4141328
201.926,1738452,754704,0,2493156,4141328
201.976,1738452,755248,0,2493700,4141328
202.026,1738452,756672,0,2495124,4141328
202.077,1738452,756816,0,2495268,4141328
202.127,1738452,756832,0,2495284,4141328
202.177,1738452,756880,0,2495332,4141328
202.227,1738452,757008,0,2495460,4141328
202.278,1738452,757008,0,2495460,4141328
202.328,1738452,757008,0,2495460,4141328
202.378,1738452,757008,0,2495460,4141328
202.428,1738452,757008,0,2495460,4141328
202.479,1738452,757072,0,2495524,4141328
202.529,1738452,757072,0,2495524,4141328
202.579,1738452,757072,0,2495524,4141328
202.629,1738452,757200,0,2495652,4141328
202.679,1738452,757328,0,2495780,4141328
202.730,1738452,757552,0,2496004,4141328
202.780,1738452,757552,0,2496004,4141328
202.830,1738452,758192,0,2496644,4141328
202.880,1738452,758192,0,2496644,4141328
202.931,1738452,758192,0,2496644,4141328
202.981,1738452,758704,0,2497156,4141328
203.031,1738452,759216,0,2497668,4141328
203.081,1738452,759216,0,2497668,4141328
203.131,1738452,759216,0,2497668,4141328
203.182,1738452,759216,0,2497668,4141328
203.232,1738452,759216,0,2497668,4141328
203.282,1738452,759216,0,2497668,4141328
203.332,1738452,759216,0,2497668,4141328
203.383,1738452,759216,0,2497668,4141328
203.433,1738452,759792,0,2498244,4141328
203.483,1738452,760048,0,2498500,4141328
203.533,1738452,760048,0,2498500,4141328
203.583,1738452,760048,0,2498500,4141328
203.634,1738452,760112,0,2498564,4141328
203.684,1738452,760112,0,2498564,4141328
203.734,1738452,760112,0,2498564,4141328
203.784,1738452,760112,0,2498564,4141328
203.835,1738452,760112,0,2498564,4141328
203.885,1738452,760112,0,2498564,4141328
203.935,1738452,760112,0,2498564,4141328
203.985,1738452,760112,0,2498564,4141328
204.036,1738452,760112,0,2498564,4141328
204.086,1738452,760112,0,2498564,4141328
204.136,1738452,760120,0,2498572,4141328
204.186,1738452,760120,0,2498572,4141328
204.237,1738452,760120,0,2498572,4141328
204.287,1738452,760504,0,2498956,4141328
204.337,1738452,760504,0,2498956,4141328
204.387,1738452,760504,0,2498956,4141328
204.437,1738452,760504,0,2498956,4141328
204.488,1738452,760512,0,2498964,4141328
204.538,1738452,760512,0,2498964,4141328
204.588,1738452,760520,0,2498972,4141328
204.638,1738452,760520,0,2498972,4141328
204.689,1738452,760776,0,2499228,4141328
204.739,1738452,760776,0,2499228,4141328
204.789,1738452,760840,0,2499292,4141328
204.839,1738452,760840,0,2499292,4141328
204.890,1738452,761096,0,2499548,4141328
204.940,1738452,761112,0,2499564,4141328
204.990,1738452,761112,0,2499564,4141328
205.040,1738452,761112,0,2499564,4141328
205.091,1738452,761112,0,2499564,4141328
205.141,1738452,761112,0,2499564,4141328
205.192,1738452,761128,0,2499580,4141328
205.242,1738452,761128,0,2499580,4141328
205.292,1738452,761128,0,2499580,4141328
205.342,1738452,761128,0,2499580,4141328
205.393,1738452,761128,0,2499580,4141328
205.443,1738452,761128,0,2499580,4141328
205.493,1738452,761128,0,2499580,4141328
205.544,1738452,761128,0,2499580,4141328
205.594,1738452,761160,0,2499612,4141328
205.644,1738452,761208,0,2499660,4141328
205.694,1738452,761208,0,2499660,4141328
205.745,1738452,761224,0,2499676,4141328
205.795,1738452,761232,0,2499684,4141328
205.845,1738452,761232,0,2499684,4141328
205.896,1738452,760912,0,2499364,4141328
205.946,1738452,760912,0,2499364,4141328
205.996,1738452,760912,0,2499364,4141328
206.047,1738452,760912,0,2499364,4141328
206.097,1738452,761232,0,2499684,4141328
206.147,1738452,761232,0,2499684,4141328
206.198,1738452,761232,0,2499684,4141328
206.248,1738452,761232,0,2499684,4141328
206.298,1738452,761232,0,2499684,4141328
206.349,1738452,761232,0,2499684,4141328
206.399,1738452,761248,0,2499700,4141328
206.449,1738452,761312,0,2499764,4141328
206.500,1738452,761376,0,2499828,4141328
206.550,1738452,761120,0,2499572,4141328
206.600,1738452,761056,0,2499508,4141328
206.650,1738452,761056,0,2499508,4141328
206.701,1738452,759832,0,2498284,4141328
206.751,1738452,759832,0,2498284,4141328
206.802,1738452,759832,0,2498284,4141328
206.852,1738452,759832,0,2498284,4141328
206.902,1738452,759960,0,2498412,4141328
206.953,1738452,759992,0,2498444,4141328
207.003,1738452,759992,0,2498444,4141328
207.054,1738452,760056,0,2498508,4141328
207.104,1738452,760056,0,2498508,4141328
207.154,1738452,760056,0,2498508,4141328
207.205,1738452,759032,0,2497484,4141328
207.255,1738452,759160,0,2497612,4141328
207.305,1738452,759288,0,2497740,4141328
207.356,1738452,757240,0,2495692,4141328
207.406,1738452,757368,0,2495820,4141328
207.456,1738452,757376,0,2495828,4141328
207.507,1738452,757328,0,2495780,4141328
207.557,1738452,757360,0,2495812,4141328
207.608,1738452,757360,0,2495812,4141328
207.659,1738452,757360,0,2495812,4141328
207.709,1738452,757360,0,2495812,4141328
207.760,1738452,757424,0,2495876,4141328
207.810,1738452,757424,0,2495876,4141328
207.860,1738452,757424,0,2495876,4141328
207.911,1738452,757424,0,2495876,4141328
207.961,1738452,757424,0,2495876,4141328
208.012,1738452,757424,0,2495876,4141328
208.062,1738452,757680,0,2496132,4141328
208.112,1738452,757984,0,2496436,4141328
208.162,1738452,757984,0,2496436,4141328
208.213,1738452,757976,0,2496428,4141328
208.263,1738452,757704,0,2496156,4141328
208.313,1738452,757704,0,2496156,4141328
208.363,1738452,757704,0,2496156,4141328
208.414,1738452,757704,0,2496156,4141328
208.464,1738452,757704,0,2496156,4141328
208.514,1738452,757736,0,2496188,4141328
208.564,1738452,757736,0,2496188,4141328
208.614,1738452,757736,0,2496188,4141328
208.665,1738452,757736,0,2496188,4141328
208.715,1738452,757736,0,2496188,4141328
208.765,1738452,757736,0,2496188,4141328
208.815,1738452,757736,0,2496188,4141328
208.865,1738452,757736,0,2496188,4141328
208.916,1738452,757736,0,2496188,4141328
208.966,1738452,757736,0,2496188,4141328
209.016,1738452,757560,0,2496012,4141328
209.066,1738452,758208,0,2496660,4141328
209.117,1738452,758464,0,2496916,4141328
209.167,1738452,758464,0,2496916,4141328
209.217,1738452,758336,0,2496788,4141328
209.267,1738452,758336,0,2496788,4141328
209.317,1738452,758336,0,2496788,4141328
209.368,1738452,758336,0,2496788,4141328
209.418,1738452,758336,0,2496788,4141328
209.468,1738452,758336,0,2496788,4141328
209.518,1738452,758720,0,2497172,4141328
209.569,1738452,758720,0,2497172,4141328
209.619,1738452,758976,0,2497428,4141328
209.669,1738452,758936,0,2497388,4141328
209.719,1738452,759192,0,2497644,4141328
209.770,1738452,759192,0,2497644,4141328
209.820,1738452,759192,0,2497644,4141328
209.870,1738452,759192,0,2497644,4141328
209.920,1738452,759048,0,2497500,4141328
209.971,1738452,758312,0,2496764,4141328
210.021,1738452,758312,0,2496764,4141328
210.071,1738452,758312,0,2496764,4141328
210.121,1738452,758312,0,2496764,4141328
210.172,1738452,758312,0,2496764,4141328
210.222,1738452,758312,0,2496764,4141328
210.272,1738452,758312,0,2496764,4141328
210.322,1738452,758312,0,2496764,4141328
210.373,1738452,758288,0,2496740,4141328
210.423,1738452,758296,0,2496748,4141328
210.473,1738452,758296,0,2496748,4141328
210.523,1738452,758296,0,2496748,4141328
210.574,1821268,758296,0,2579564,4141328
210.624,1918436,758296,0,2676732,4141328
210.674,2015200,758296,0,2773496,4141328
210.724,2108588,758296,0,2866884,4141328
210.774,2180636,758296,0,2938932,4141328
210.825,2237176,758296,0,2995472,4141328
210.875,2316556,758296,0,3074852,4141328
210.925,2403324,758040,0,3161364,4141328
210.975,2487112,757976,0,3245088,4141328
211.026,2575376,757976,0,3333352,4141328
211.076,2649096,757976,0,3407072,4141328
211.126,2679360,758232,0,3437592,4141328
211.176,2679360,758232,0,3437592,4141328
211.226,2679360,758232,0,3437592,4141328
211.277,2679360,758360,0,3437720,4141328
211.327,2679360,758360,0,3437720,4141328
211.377,2679360,758360,0,3437720,4141328
211.427,2679360,758360,0,3437720,4141328
211.478,2679360,758360,0,3437720,4141328
211.528,2679360,758360,0,3437720,4141328
211.578,2679360,758360,0,3437720,4141328
211.628,2679360,757976,0,3437336,4141328
211.679,2679360,757848,0,3437208,4141328
211.729,2679360,757848,0,3437208,4141328
211.779,2679360,757848,0,3437208,4141328
211.829,2679360,757848,0,3437208,4141328
211.880,2679360,757848,0,3437208,4141328
211.930,2679360,757848,0,3437208,4141328
211.980,2679360,757848,0,3437208,4141328
212.030,2679360,757848,0,3437208,4141328
212.081,2679360,757848,0,3437208,4141328
212.131,2679360,757848,0,3437208,4141328
212.181,2679360,757848,0,3437208,4141328
212.231,2679360,757848,0,3437208,4141328
212.282,2679360,757848,0,3437208,4141328
212.332,2679360,757912,0,3437272,4141328
212.382,2679360,757912,0,3437272,4141328
212.432,2679360,757912,0,3437272,4141328
212.483,2679360,757912,0,3437272,4141328
212.533,2679360,757912,0,3437272,4141328
212.583,2679360,757208,0,3436568,4141328
212.633,2679360,757208,0,3436568,4141328
212.684,2679360,757208,0,3436568,4141328
212.734,2679360,757208,0,3436568,4141328
212.784,2679360,757208,0,3436568,4141328
212.834,2679360,757272,0,3436632,4141328
212.885,2679360,757272,0,3436632,4141328
212.935,2679360,757272,0,3436632,4141328
212.985,2679360,757272,0,3436632,4141328
213.035,2679360,757272,0,3436632,4141328
213.085,2679360,757272,0,3436632,4141328
213.136,2679360,757272,0,3436632,4141328
213.186,2679360,757272,0,3436632,4141328
213.236,2679360,757272,0,3436632,4141328
213.286,2679360,757272,0,3436632,4141328
213.337,2679360,757272,0,3436632,4141328
213.387,2679360,757272,0,3436632,4141328
213.437,2679360,757272,0,3436632,4141328
213.487,2679360,757272,0,3436632,4141328
213.538,2679360,757272,0,3436632,4141328
213.588,2679360,757272,0,3436632,4141328
213.638,2679360,757272,0,3436632,4141328
213.688,2679360,757272,0,3436632,4141328
213.738,2679360,757272,0,3436632,4141328
213.789,2679360,757272,0,3436632,4141328
213.839,2679360,757272,0,3436632,4141328
213.889,2679360,757320,0,3436680,4141328
213.939,2679360,757320,0,3436680,4141328
213.989,2679360,757320,0,3436680,4141328
214.040,2679360,757320,0,3436680,4141328
214.090,2679360,757320,0,3436680,4141328
214.140,2679360,757320,0,3436680,4141328
214.190,2679360,757320,0,3436680,4141328
214.241,2679360,756140,0,3435500,4141328
214.291,2679360,755904,0,3435264,4141328
214.341,2679360,755904,0,3435264,4141328
214.391,2679360,755904,0,3435264,4141328
214.442,2679360,755904,0,3435264,4141328
214.492,2679360,755904,0,3435264,4141328
214.542,2679360,755904,0,3435264,4141328
214.592,2679360,755896,0,3435256,4141328
214.642,2679360,755896,0,3435256,4141328
214.693,2679360,755892,0,3435252,4141328
214.743,2679360,755852,0,3435212,4141328
214.793,2679360,755844,0,3435204,4141328
214.843,2679360,755836,0,3435196,4141328
214.894,2679360,755836,0,3435196,4141328
214.944,2679360,755844,0,3435204,4141328
214.994,2679360,755844,0,3435204,4141328
215.044,2679360,755844,0,3435204,4141328
215.095,2679360,755844,0,3435204,4141328
215.145,2679360,755828,0,3435188,4141328
215.195,2679360,755812,0,3435172,4141328
215.245,2679360,755812,0,3435172,4141328
215.296,2679360,755804,0,3435164,4141328
215.346,2679360,755788,0,3435148,4141328
215.396,2679360,755788,0,3435148,4141328
215.446,2679360,755788,0,3435148,4141328
215.497,2679360,755788,0,3435148,4141328
215.547,2679360,755852,0,3435212,4141328
215.597,2679360,755852,0,3435212,4141328
215.647,2679360,755852,0,3435212,4141328
215.698,2679360,756076,0,3435436,4141328
215.748,2679360,756204,0,3435564,4141328
215.798,2679360,756204,0,3435564,4141328
215.848,2679360,756204,0,3435564,4141328
215.898,2679360,756508,0,3435868,4141328
215.949,2679360,756508,0,3435868,4141328
215.999,2679360,756508,0,3435868,4141328
216.049,2679360,756508,0,3435868,4141328
216.099,2679360,756508,0,3435868,4141328
216.150,2679360,756508,0,3435868,4141328
216.200,2679360,756508,0,3435868,4141328
216.250,2679360,756508,0,3435868,4141328
216.300,2679360,756508,0,3435868,4141328
216.351,2679360,756508,0,3435868,4141328
216.401,2679360,756508,0,3435868,4141328
216.451,2679360,756508,0,3435868,4141328
216.501,2679360,756508,0,3435868,4141328
216.551,2679360,756508,0,3435868,4141328
216.602,2679360,756508,0,3435868,4141328
216.652,2679360,756508,0,3435868,4141328
216.702,2679360,756508,0,3435868,4141328
216.752,2679360,756508,0,3435868,4141328
216.803,2679360,756508,0,3435868,4141328
216.853,2679360,756508,0,3435868,4141328
216.903,2679360,756572,0,3435932,4141328
216.954,2679360,756572,0,3435932,4141328
217.004,2679360,756572,0,3435932,4141328
217.054,2679360,756572,0,3435932,4141328
217.104,2679360,756572,0,3435932,4141328
217.154,2679360,756572,0,3435932,4141328
217.205,2679360,756604,0,3435964,4141328
217.255,2679360,756604,0,3435964,4141328
217.305,2679360,750164,0,3429524,4141328
217.355,2679360,750164,0,3429524,4141328
217.405,2679360,750164,0,3429524,4141328
217.459,2679360,750164,0,3429524,4141328
217.509,2679360,750172,0,3429532,4141328
217.559,2679360,750172,0,3429532,4141328
217.609,2679360,750172,0,3429532,4141328
217.660,2679360,750172,0,3429532,4141328
217.710,2679360,750236,0,3429596,4141328
217.760,2679360,750236,0,3429596,4141328
217.810,2679360,750236,0,3429596,4141328
217.861,2679360,750236,0,3429596,4141328
217.911,2679360,750236,0,3429596,4141328
217.961,2679360,750236,0,3429596,4141328
218.011,2679360,750236,0,3429596,4141328
218.061,2679360,750236,0,3429596,4141328
218.112,2679360,750236,0,3429596,4141328
218.162,2679360,750236,0,3429596,4141328
218.212,2679360,750236,0,3429596,4141328
218.262,2679360,750236,0,3429596,4141328
218.313,2679360,750236,0,3429596,4141328
218.363,2679360,750236,0,3429596,4141328
218.413,2679360,750236,0,3429596,4141328
218.463,2679360,750236,0,3429596,4141328
218.514,2679360,750236,0,3429596,4141328
218.564,2679360,750236,0,3429596,4141328
218.614,2679360,750236,0,3429596,4141328
218.665,2679360,750236,0,3429596,4141328
218.715,2679360,750236,0,3429596,4141328
218.765,2679360,750364,0,3429724,4141328
218.815,2679360,750428,0,3429788,4141328
218.865,2679360,750436,0,3429796,4141328
218.916,2679360,750628,0,3429988,4141328
218.966,2679360,750692,0,3430052,4141328
219.016,2679360,750004,0,3429364,4141328
219.067,2679360,749572,0,3428932,4141328
219.117,2679360,748740,0,3428100,4141328
219.167,2679360,748004,0,3427364,4141328
219.217,2679360,748004,0,3427364,4141328
219.268,2679360,748004,0,3427364,4141328
219.318,2679360,748004,0,3427364,4141328
219.368,2679360,747940,0,3427300,4141328
219.419,2679360,748004,0,3427364,4141328
219.469,2679360,748004,0,3427364,4141328
219.519,2679360,748004,0,3427364,4141328
219.569,2679360,748004,0,3427364,4141328
219.620,2679360,747060,0,3426420,4141328
219.670,2679360,747044,0,3426404,4141328
219.720,2679360,747044,0,3426404,4141328
219.770,2679360,746460,0,3425820,4141328
219.821,2679360,745916,0,3425276,4141328
219.871,2679360,745788,0,3425148,4141328
219.921,2679360,745516,0,3424876,4141328
219.971,2679360,744716,0,3424076,4141328
220.022,2679360,744396,0,3423756,4141328
220.072,2679360,744396,0,3423756,4141328
220.122,2679360,744004,0,3423364,4141328
220.172,2679360,744228,0,3423588,4141328
220.223,2679360,744228,0,3423588,4141328
220.273,2679360,744036,0,3423396,4141328
220.323,2679360,744036,0,3423396,4141328
220.373,2679360,743908,0,3423268,4141328
220.424,2679360,744164,0,3423524,4141328
220.474,2679360,744164,0,3423524,4141328
220.524,2679360,744164,0,3423524,4141328
220.574,2679360,744420,0,3423780,4141328
220.625,2679360,744420,0,3423780,4141328
220.675,2679360,745188,0,3424548,4141328
220.725,2679360,745188,0,3424548,4141328
220.776,2679360,745292,0,3424652,4141328
220.826,2679360,745292,0,3424652,4141328
220.876,2679360,745292,0,3424652,4141328
220.927,2679360,744556,0,3423916,4141328
220.977,2679360,743308,0,3422668,4141328
221.027,2679360,742860,0,3422220,4141328
221.077,2679360,742652,0,3422012,4141328
221.128,2679360,742396,0,3421756,4141328
221.178,2679360,742396,0,3421756,4141328
221.228,2679360,742396,0,3421756,4141328
221.279,2679360,741116,0,3420476,4141328
221.329,2679360,740668,0,3420028,4141328
221.379,2679360,739644,0,3419004,4141328
221.429,2679360,739004,0,3418364,4141328
221.480,2679360,739028,0,3418388,4141328
221.530,2679360,737748,0,3417108,4141328
221.580,2679360,737372,0,3416732,4141328
221.630,2679360,736428,0,3415788,4141328
221.681,2679360,735964,0,3415324,4141328
221.731,2679360,736028,0,3415388,4141328
221.781,2679360,735756,0,3415116,4141328
221.832,2679360,735228,0,3414588,4141328
221.882,2679360,735108,0,3414468,4141328
221.932,2679360,735108,0,3414468,4141328
221.982,2679360,735108,0,3414468,4141328
222.032,2679360,734972,0,3414332,4141328
222.083,2679360,734124,0,3413484,4141328
222.133,2679360,733988,0,3413348,4141328
222.183,2679360,733956,0,3413316,4141328
222.233,2679360,733444,0,3412804,4141328
222.284,2679360,733092,0,3412452,4141328
222.334,2679360,732644,0,3412004,4141328
222.384,2679360,732388,0,3411748,4141328
222.434,2679360,732388,0,3411748,4141328
222.485,2679360,732388,0,3411748,4141328
222.535,2679360,732388,0,3411748,4141328
222.585,2679360,732196,0,3411556,4141328
222.636,2679360,731820,0,3411180,4141328
222.686,2679360,731820,0,3411180,4141328
222.736,2679360,730652,0,3410012,4141328
222.787,2679360,730660,0,3410020,4141328
222.837,2679360,729828,0,3409188,4141328
222.887,2679360,729828,0,3409188,4141328
222.937,2679360,729764,0,3409124,4141328
222.988,2679360,729764,0,3409124,4141328
223.038,2679360,729764,0,3409124,4141328
223.088,2679360,729764,0,3409124,4141328
223.138,2679360,729764,0,3409124,4141328
223.189,2679360,729828,0,3409188,4141328
223.239,2679360,729828,0,3409188,4141328
223.289,2679360,729956,0,3409316,4141328
223.339,2679360,730468,0,3409828,4141328
223.390,2679360,730532,0,3409892,4141328
223.440,2679360,730532,0,3409892,4141328
223.490,2679360,730596,0,3409956,4141328
223.540,2679360,730660,0,3410020,4141328
223.590,2679360,730788,0,3410148,4141328
223.641,2679360,730916,0,3410276,4141328
223.691,2679360,730916,0,3410276,4141328
223.741,2679360,731252,0,3410612,4141328
223.791,2679360,731268,0,3410628,4141328
223.842,2679360,731300,0,3410660,4141328
223.892,2679360,731300,0,3410660,4141328
223.942,2679360,731364,0,3410724,4141328
223.992,2679360,731364,0,3410724,4141328
224.043,2679360,731364,0,3410724,4141328
224.093,2679360,731364,0,3410724,4141328
224.143,2679360,731364,0,3410724,4141328
224.194,2679360,731364,0,3410724,4141328
224.244,2679360,731364,0,3410724,4141328
224.294,2679360,731364,0,3410724,4141328
224.344,2679360,731188,0,3410548,4141328
224.394,2679360,731412,0,3410772,4141328
224.445,2679360,731444,0,3410804,4141328
224.495,2679360,731700,0,3411060,4141328
224.545,2679360,731636,0,3410996,4141328
224.595,2679360,731668,0,3411028,4141328
224.646,2679360,731668,0,3411028,4141328
224.696,2679360,731732,0,3411092,4141328
224.746,2679360,731988,0,3411348,4141328
224.797,2679360,732244,0,3411604,4141328
224.847,2679360,732244,0,3411604,4141328
224.898,2679360,732244,0,3411604,4141328
224.948,2679360,732500,0,3411860,4141328
224.998,2679360,732500,0,3411860,4141328
225.048,2679360,732756,0,3412116,4141328
225.099,2679360,732756,0,3412116,4141328
225.149,2679360,732756,0,3412116,4141328
225.199,2679360,732756,0,3412116,4141328
225.249,2679360,732756,0,3412116,4141328
225.299,2679360,732756,0,3412116,4141328
225.350,2679360,732756,0,3412116,4141328
225.400,2679360,732948,0,3412308,4141328
225.450,2679360,733204,0,3412564,4141328
225.500,2679360,733204,0,3412564,4141328
225.551,2679360,733204,0,3412564,4141328
225.601,2679360,733204,0,3412564,4141328
225.651,2679360,733332,0,3412692,4141328
225.701,2679360,733356,0,3412716,4141328
225.752,2679360,733356,0,3412716,4141328
225.802,2679360,733356,0,3412716,4141328
225.852,2679360,733484,0,3412844,4141328
225.902,2679360,733484,0,3412844,4141328
225.952,2679360,733484,0,3412844,4141328
226.003,2679360,733484,0,3412844,4141328
226.053,2679360,733484,0,3412844,4141328
226.103,2679360,733612,0,3412972,4141328
226.153,2679360,733612,0,3412972,4141328
226.204,2679360,733612,0,3412972,4141328
226.254,2679360,733692,0,3413052,4141328
226.304,2679360,733692,0,3413052,4141328
226.354,2679360,733692,0,3413052,4141328
226.404,2679360,733692,0,3413052,4141328
226.455,2679360,733692,0,3413052,4141328
226.505,2679360,733708,0,3413068,4141328
226.555,2679360,733836,0,3413196,4141328
226.606,2679360,733916,0,3413276,4141328
226.656,2679360,733932,0,3413292,4141328
226.706,2679360,733932,0,3413292,4141328
226.756,2679360,733932,0,3413292,4141328
226.806,2679360,733996,0,3413356,4141328
226.857,2679360,733996,0,3413356,4141328
226.907,2679360,734012,0,3413372,4141328
226.957,2679360,734012,0,3413372,4141328
227.007,2679360,734012,0,3413372,4141328
227.058,2679360,734012,0,3413372,4141328
227.108,2679360,734028,0,3413388,4141328
227.158,2679360,734028,0,3413388,4141328
227.208,2679360,734028,0,3413388,4141328
227.259,2679360,734156,0,3413516,4141328
227.309,2679360,734156,0,3413516,4141328
227.359,2679360,734220,0,3413580,4141328
227.410,2679360,734220,0,3413580,4141328
227.460,2679360,734236,0,3413596,4141328
227.510,2679360,734252,0,3413612,4141328
227.561,2679360,734316,0,3413676,4141328
227.611,2679360,734380,0,3413740,4141328
227.661,2679360,734380,0,3413740,4141328
227.712,2679360,734380,0,3413740,4141328
227.762,2679360,734380,0,3413740,4141328
227.812,2679360,734380,0,3413740,4141328
227.862,2679360,734380,0,3413740,4141328
227.913,2679360,734572,0,3413932,4141328
227.963,2679360,734572,0,3413932,4141328
228.013,2679360,734572,0,3413932,4141328
228.063,2679360,734636,0,3413996,4141328
228.114,2679360,734636,0,3413996,4141328
228.164,2679360,734636,0,3413996,4141328
228.214,2679360,734636,0,3413996,4141328
228.264,2679360,734652,0,3414012,4141328
228.315,2679360,734652,0,3414012,4141328
228.365,2679360,734652,0,3414012,4141328
228.415,2679360,734908,0,3414268,4141328
228.466,2679360,734908,0,3414268,4141328
228.516,2679360,734908,0,3414268,4141328
228.566,2679360,734908,0,3414268,4141328
228.616,2679360,735292,0,3414652,4141328
228.667,2679360,735292,0,3414652,4141328
228.717,2679360,735308,0,3414668,4141328
228.767,2679360,735324,0,3414684,4141328
228.818,2679360,735324,0,3414684,4141328
228.868,2679360,735324,0,3414684,4141328
228.918,2679360,735324,0,3414684,4141328
228.968,2679360,735324,0,3414684,4141328
229.018,2679360,735708,0,3415068,4141328
229.069,2679360,735708,0,3415068,4141328
229.119,2679360,735708,0,3415068,4141328
229.169,2679360,735724,0,3415084,4141328
229.219,2679360,735788,0,3415148,4141328
229.270,2679360,735788,0,3415148,4141328
229.320,2679360,735788,0,3415148,4141328
229.370,2679360,736012,0,3415372,4141328
229.420,2679360,736012,0,3415372,4141328
229.470,2679360,736012,0,3415372,4141328
229.521,2679360,736204,0,3415564,4141328
229.571,2679360,736268,0,3415628,4141328
229.621,2679360,736396,0,3415756,4141328
229.671,2679360,736396,0,3415756,4141328
229.722,2679360,736460,0,3415820,4141328
229.772,2679360,736460,0,3415820,4141328
229.822,2679360,736460,0,3415820,4141328
229.872,2679360,736492,0,3415852,4141328
229.922,2679360,736524,0,3415884,4141328
229.973,2679360,736908,0,3416268,4141328
230.023,2679360,736972,0,3416332,4141328
230.073,2679360,736972,0,3416332,4141328
230.123,2679360,736972,0,3416332,4141328
230.174,2679360,736972,0,3416332,4141328
230.224,2679360,736972,0,3416332,4141328
230.274,2679360,736972,0,3416332,4141328
230.324,2679360,736972,0,3416332,4141328
230.375,2679360,736972,0,3416332,4141328
230.425,2679360,737740,0,3417100,4141328
230.475,2679360,737740,0,3417100,4141328
230.525,2679360,737740,0,3417100,4141328
230.576,2679360,737740,0,3417100,4141328
230.626,2679360,737740,0,3417100,4141328
230.676,2679360,737740,0,3417100,4141328
230.726,2679360,738060,0,3417420,4141328
230.776,2679360,738124,0,3417484,4141328
230.827,2679360,738380,0,3417740,4141328
230.877,2679360,738508,0,3417868,4141328
230.927,2679360,738700,0,3418060,4141328
230.977,2679360,739212,0,3418572,4141328
231.028,2679360,739468,0,3418828,4141328
231.078,2679360,739532,0,3418892,4141328
231.128,2679360,739532,0,3418892,4141328
231.178,2679360,739660,0,3419020,4141328
231.228,2679360,739660,0,3419020,4141328
231.279,2679360,739660,0,3419020,4141328
231.329,2679360,739660,0,3419020,4141328
231.379,2679360,739692,0,3419052,4141328
231.430,2679360,739692,0,3419052,4141328
231.480,2679360,739692,0,3419052,4141328
231.530,2679360,739788,0,3419148,4141328
231.580,2679360,739788,0,3419148,4141328
231.631,2679360,739916,0,3419276,4141328
231.681,2679360,739916,0,3419276,4141328
231.731,2679360,739916,0,3419276,4141328
231.781,2679360,739948,0,3419308,4141328
231.831,2679360,739980,0,3419340,4141328
231.882,2679360,739980,0,3419340,4141328
231.932,2679360,740748,0,3420108,4141328
231.982,2679360,740748,0,3420108,4141328
232.032,2679360,740780,0,3420140,4141328
232.082,2679360,741292,0,3420652,4141328
232.133,2679360,741548,0,3420908,4141328
232.183,2679360,741580,0,3420940,4141328
232.233,2679360,741964,0,3421324,4141328
232.283,2679360,741964,0,3421324,4141328
232.333,2679360,741964,0,3421324,4141328
232.384,2679360,742220,0,3421580,4141328
232.434,2679360,742220,0,3421580,4141328
232.484,2679360,742284,0,3421644,4141328
232.535,2679360,742284,0,3421644,4141328
232.585,2679360,742412,0,3421772,4141328
232.635,2679360,742412,0,3421772,4141328
232.686,2679360,742412,0,3421772,4141328
232.736,2679360,742412,0,3421772,4141328
232.786,2679360,742412,0,3421772,4141328
232.837,2679360,742412,0,3421772,4141328
232.887,2679360,742412,0,3421772,4141328
232.937,2679360,742548,0,3421908,4141328
232.987,2679360,742548,0,3421908,4141328
233.038,2679360,742612,0,3421972,4141328
233.088,2679360,742612,0,3421972,4141328
233.138,2679360,742644,0,3422004,4141328
233.188,2679360,742644,0,3422004,4141328
233.239,2679360,742644,0,3422004,4141328
233.289,2679360,742644,0,3422004,4141328
233.339,2679360,742644,0,3422004,4141328
233.389,2679360,742900,0,3422260,4141328
233.440,2679360,742900,0,3422260,4141328
233.490,2679360,742900,0,3422260,4141328
233.540,2679360,742900,0,3422260,4141328
233.590,2679360,743028,0,3422388,4141328
233.640,2679360,743092,0,3422452,4141328
233.691,2679360,743348,0,3422708,4141328
233.741,2679360,743412,0,3422772,4141328
233.791,2679360,743412,0,3422772,4141328
233.841,2679360,743444,0,3422804,4141328
233.892,2679360,743332,0,3422692,4141328
233.942,2679360,743460,0,3422820,4141328
233.992,2679360,743460,0,3422820,4141328
234.042,2679360,743972,0,3423332,4141328
234.093,2679360,744612,0,3423972,4141328
234.143,2679360,744612,0,3423972,4141328
234.193,2679360,744620,0,3423980,4141328
234.243,2679360,745020,0,3424380,4141328
234.294,2679360,745340,0,3424700,4141328
234.344,2679360,745276,0,3424636,4141328
234.394,2679360,744944,0,3424304,4141328
234.444,2679360,744688,0,3424048,4141328
234.495,2679360,744176,0,3423536,4141328
234.545,2679360,743720,0,3423080,4141328
234.595,2679360,743280,0,3422640,4141328
234.646,2679360,742792,0,3422152,4141328
234.696,2679360,742072,0,3421432,4141328
234.746,2679360,740480,0,3419840,4141328
234.796,2679360,740480,0,3419840,4141328
234.847,2679360,739908,0,3419268,4141328
234.897,2679360,739236,0,3418596,4141328
234.947,2679360,739108,0,3418468,4141328
234.997,2679360,739108,0,3418468,4141328
235.048,2679360,739108,0,3418468,4141328
235.098,2679360,739108,0,3418468,4141328
235.148,2679360,739044,0,3418404,4141328
235.199,2679360,739044,0,3418404,4141328
235.249,2679360,739044,0,3418404,4141328
235.299,2679360,739044,0,3418404,4141328
235.350,2679360,739044,0,3418404,4141328
235.400,2679360,739044,0,3418404,4141328
235.450,2679360,739044,0,3418404,4141328
235.500,2679360,739044,0,3418404,4141328
235.551,2679360,739044,0,3418404,4141328
235.601,2679360,739044,0,3418404,4141328
235.651,2679360,739044,0,3418404,4141328
235.702,2679360,739044,0,3418404,4141328
235.752,2679360,739044,0,3418404,4141328
235.802,2679360,739044,0,3418404,4141328
235.852,2679360,739044,0,3418404,4141328
235.903,2679360,739044,0,3418404,4141328
235.953,2679360,739044,0,3418404,4141328
236.003,2679360,739044,0,3418404,4141328
236.053,2679360,739044,0,3418404,4141328
236.103,2679360,738780,0,3418140,4141328
236.154,2679360,738780,0,3418140,4141328
236.204,2679360,738780,0,3418140,4141328
236.254,2679360,738780,0,3418140,4141328
236.304,2679360,738780,0,3418140,4141328
236.355,2679360,738780,0,3418140,4141328
236.405,2679360,738780,0,3418140,4141328
236.455,2679360,738780,0,3418140,4141328
236.505,2679360,738780,0,3418140,4141328
236.555,2679360,738780,0,3418140,4141328
236.606,2679360,738780,0,3418140,4141328
236.656,2679360,738780,0,3418140,4141328
236.706,2679360,738780,0,3418140,4141328
236.756,2679360,738780,0,3418140,4141328
236.806,2679360,738780,0,3418140,4141328
236.857,2679360,738780,0,3418140,4141328
236.907,2679360,738780,0,3418140,4141328
236.957,2679360,738780,0,3418140,4141328
237.007,2679360,738780,0,3418140,4141328
237.058,2679360,738780,0,3418140,4141328
237.108,2679360,738780,0,3418140,4141328
237.158,2679360,738780,0,3418140,4141328
237.209,2485800,738780,0,3224580,4141328
237.259,1738452,738832,0,2477284,4141328
237.309,1699388,604008,0,2303396,4141328
237.359,1699388,604008,0,2303396,4141328
237.413,1699388,604008,0,2303396,4141328
237.464,1699388,604008,0,2303396,4141328
237.514,1699388,604008,0,2303396,4141328
237.564,1699388,604008,0,2303396,4141328
237.615,1699388,604008,0,2303396,4141328
237.667,1699388,604008,0,2303396,4141328
237.717,1699388,604008,0,2303396,4141328
237.767,1699388,604008,0,2303396,4141328
237.818,1699388,604008,0,2303396,4141328
237.869,1699388,604008,0,2303396,4141328
237.919,1699388,604008,0,2303396,4141328
237.969,1699388,604008,0,2303396,4141328
238.020,1544540,530904,0,2075444,4141328
238.070,1200736,505856,0,1706592,4141328
