t,RssAnon,RssFile,RssShmem,VmRSS,VmHWM
0.001,104,672,0,776,776
0.051,8564,13512,0,22076,22076
0.101,8316,13512,0,21828,22128
0.152,9072,13512,0,22584,22584
0.202,10104,13512,0,23616,23616
0.252,8556,13512,0,22068,23528
0.302,10100,13512,0,23612,23612
0.352,8544,13512,0,22056,23528
0.403,35260,13996,0,49256,49256
0.453,125244,13996,0,139240,139240
0.505,92472,14344,0,106816,150316
0.555,136260,14344,0,150604,150604
0.605,98028,14344,0,112372,184324
0.655,108596,14344,0,122940,184324
0.705,110772,14344,0,125116,184324
0.756,110772,14344,0,125116,184324
0.806,118376,14344,0,132720,184324
0.856,119052,14344,0,133396,184324
0.906,119052,14344,0,133396,184324
0.956,119052,14344,0,133396,184324
1.007,119052,14344,0,133396,184324
1.057,119052,14344,0,133396,184324
1.107,119052,14344,0,133396,184324
1.157,119052,14344,0,133396,184324
1.208,119052,14344,0,133396,184324
1.258,119052,14344,0,133396,184324
1.308,119052,14344,0,133396,184324
1.359,119376,14344,0,133720,184324
1.409,119548,14344,0,133892,184324
1.459,120376,14344,0,134720,184324
1.509,120444,14344,0,134788,184324
1.560,122732,14344,0,137076,184324
1.610,122732,14344,0,137076,184324
1.660,123744,14344,0,138088,184324
1.710,123744,14344,0,138088,184324
1.761,123744,14344,0,138088,184324
1.811,123744,14344,0,138088,184324
1.861,123744,14344,0,138088,184324
1.911,123744,14344,0,138088,184324
1.962,123744,14344,0,138088,184324
2.012,123744,14344,0,138088,184324
2.062,123744,14344,0,138088,184324
2.113,123744,14344,0,138088,184324
2.163,123744,14344,0,138088,184324
2.213,123744,14344,0,138088,184324
2.263,123744,14344,0,138088,184324
2.314,123744,14344,0,138088,184324
2.364,123744,14344,0,138088,184324
2.414,123744,14344,0,138088,184324
2.464,123744,14344,0,138088,184324
2.515,123744,14344,0,138088,184324
2.565,123744,14344,0,138088,184324
2.615,123744,14344,0,138088,184324
2.665,123744,14344,0,138088,184324
2.716,123744,14344,0,138088,184324
2.766,123744,14344,0,138088,184324
2.816,123744,14344,0,138088,184324
2.866,123744,14344,0,138088,184324
2.917,123744,14344,0,138088,184324
2.967,123744,14344,0,138088,184324
3.017,123744,14344,0,138088,184324
3.068,123744,14344,0,138088,184324
3.118,123744,14344,0,138088,184324
3.168,123744,14344,0,138088,184324
3.218,123744,14344,0,138088,184324
3.269,123744,14344,0,138088,184324
3.319,123744,14344,0,138088,184324
3.369,123744,14344,0,138088,184324
3.419,123744,14344,0,138088,184324
3.470,123744,14344,0,138088,184324
3.520,123744,14344,0,138088,184324
3.570,123744,14344,0,138088,184324
3.621,123744,14344,0,138088,184324
3.671,123744,14344,0,138088,184324
3.721,123744,14344,0,138088,184324
3.771,123744,14344,0,138088,184324
3.821,123744,14344,0,138088,184324
3.872,123744,14344,0,138088,184324
3.922,123744,14344,0,138088,184324
3.972,140292,14344,0,154636,184324
4.022,148740,14344,0,163084,184324
4.073,156948,14344,0,171292,184324
4.123,166580,14344,0,180924,184324
4.173,177132,14344,0,191476,191476
4.223,187512,14344,0,201856,201856
4.274,197600,14344,0,211944,211944
4.324,207616,14344,0,221960,221960
4.374,217724,14344,0,232068,232068
4.424,227796,14344,0,242140,242140
4.475,239848,14344,0,254192,254192
4.525,251716,14344,0,266060,266060
4.575,260704,14344,0,275048,275048
4.625,270748,14344,0,285092,285092
4.676,280664,14344,0,295008,295008
4.726,290716,14344,0,305060,305060
4.776,301708,14344,0,316052,316052
4.826,309768,14344,0,324112,324112
4.877,319332,14344,0,333676,333676
4.927,329204,14344,0,343548,343548
4.977,340296,14344,0,354640,354640
5.027,350580,14344,0,364924,364924
5.078,360484,14344,0,374828,374828
5.128,370092,14344,0,384436,384436
5.178,380868,14344,0,395212,395212
5.228,391788,14344,0,406132,406132
5.279,402784,14344,0,417128,417128
5.329,413332,14344,0,427676,427676
5.379,421632,14344,0,435976,435976
5.429,430400,14344,0,444744,444744
5.479,440728,14344,0,455072,455072
5.530,449096,14344,0,463440,463440
5.580,459748,14344,0,474092,474092
5.630,470588,14344,0,484932,484932
5.680,480120,14344,0,494464,494464
5.731,488424,14344,0,502768,502768
5.781,496684,14344,0,511028,511028
5.831,504900,14344,0,519244,519244
5.881,515432,14344,0,529776,529776
5.932,524936,14344,0,539280,539280
5.982,535532,14344,0,549876,549876
6.032,545616,14344,0,559960,559960
6.082,555652,14344,0,569996,569996
6.132,564108,14344,0,578452,578452
6.183,575704,14344,0,590048,590048
6.233,588260,14344,0,602604,602604
6.283,599988,14344,0,614332,614332
6.333,607356,14344,0,621700,621700
6.384,619060,14344,0,633404,633404
6.434,630172,14344,0,644516,644516
6.484,640164,14344,0,654508,654508
6.534,650160,14344,0,664504,664504
6.585,660052,14344,0,674396,674396
6.635,669808,14344,0,684152,684152
6.685,679396,14344,0,693740,693740
6.735,688648,14344,0,702992,702992
6.786,697780,14344,0,712124,712124
6.836,706912,14344,0,721256,721256
6.886,719704,14344,0,734048,734048
6.936,728824,14344,0,743168,743168
6.986,740976,14344,0,755320,755320
7.037,751100,14344,0,765444,765444
7.087,760196,14344,0,774540,774540
7.137,773380,14344,0,787724,787724
7.187,782108,14344,0,796452,796452
7.237,794620,14344,0,808964,808964
7.288,805136,14344,0,819480,819480
7.338,814156,14344,0,828500,828500
7.388,824680,14344,0,839024,839024
7.438,834296,14344,0,848640,848640
7.489,844468,14344,0,858812,858812
7.539,850972,14344,0,865316,865316
7.589,850972,14344,0,865316,865316
7.639,850972,14344,0,865316,865316
7.689,850972,14344,0,865316,865316
7.740,850972,14344,0,865316,865316
7.790,850972,14344,0,865316,865316
7.840,618700,14344,0,633044,864400
7.890,134292,14472,0,148764,864400
7.941,146536,14472,0,161008,864400
7.991,156160,14472,0,170632,864400
8.041,166600,14472,0,181072,864400
8.091,177152,14472,0,191624,864400
8.141,187532,14472,0,202004,864400
8.192,196616,14472,0,211088,864400
8.242,207636,14472,0,222108,864400
8.292,217452,14472,0,231924,864400
8.342,227816,14472,0,242288,864400
8.393,237832,14472,0,252304,864400
8.443,247068,14472,0,261540,864400
8.493,256572,14472,0,271044,864400
8.543,269028,14472,0,283500,864400
8.594,280684,14472,0,295156,864400
8.644,290736,14472,0,305208,864400
8.694,301728,14472,0,316200,864400
8.744,312608,14472,0,327080,864400
8.795,323696,14472,0,338168,864400
8.845,333536,14472,0,348008,864400
8.895,344124,14472,0,358596,864400
8.946,353884,14472,0,368356,864400
8.996,364764,14472,0,379236,864400
9.046,375520,14472,0,389992,864400
9.096,386356,14472,0,400828,864400
9.147,396508,14472,0,410980,864400
9.197,407116,14472,0,421588,864400
9.247,414744,14472,0,429216,864400
9.297,425680,14472,0,440152,864400
9.348,434796,14472,0,449268,864400
9.398,445376,14472,0,459848,864400
9.448,456332,14472,0,470804,864400
9.498,465228,14440,0,479668,864400
9.549,477432,14440,0,491872,864400
9.599,488736,14184,0,502920,864400
9.649,500272,14092,0,514364,864400
9.699,510124,14092,0,524216,864400
9.750,519752,14092,0,533844,864400
9.800,530248,14092,0,544340,864400
9.850,540712,14092,0,554804,864400
9.900,549956,14092,0,564048,864400
9.950,559320,14056,0,573376,864400
10.001,569168,14056,0,583224,864400
10.051,579264,14056,0,593320,864400
10.101,589608,14056,0,603664,864400
10.151,599996,14056,0,614052,864400
10.202,610388,14056,0,624444,864400
10.252,620688,14056,0,634744,864400
10.302,631496,14056,0,645552,864400
10.352,643016,14056,0,657072,864400
10.403,651732,14056,0,665788,864400
10.453,664152,14056,0,678208,864400
10.503,674592,14056,0,688648,864400
10.553,684092,14056,0,698148,864400
10.604,693112,14056,0,707168,864400
10.654,702340,14056,0,716396,864400
10.704,709384,14056,0,723440,864400
10.755,720256,14056,0,734312,864400
10.805,728832,14056,0,742888,864400
10.855,740824,14056,0,754880,864400
10.905,751108,14056,0,765164,864400
10.955,760204,14056,0,774260,864400
11.006,771460,14056,0,785516,864400
11.056,782116,14056,0,796172,864400
11.106,790900,14056,0,804956,864400
11.156,802492,14056,0,816548,864400
11.207,813952,14056,0,828008,864400
11.257,824688,14056,0,838744,864400
11.307,831144,14056,0,845200,864400
11.357,837688,14056,0,851744,864400
11.408,844152,14056,0,858208,864400
11.458,850980,14156,0,865136,865136
11.508,876928,14156,0,891084,891084
11.558,963288,14156,0,977444,977444
11.609,1049212,14156,0,1063368,1063368
11.659,1138904,14156,0,1153060,1153060
11.709,1223032,14156,0,1237188,1237188
11.760,1312948,14156,0,1327104,1327104
11.810,1399728,14156,0,1413884,1413884
11.860,1486392,14156,0,1500548,1500548
11.910,1562572,14156,0,1576728,1576728
11.961,1573932,14156,0,1588088,1588088
12.013,1573940,14156,0,1588096,1588096
12.064,1573940,14156,0,1588096,1588096
12.114,1573952,14156,0,1588108,1588108
12.164,1573968,14156,0,1588124,1588124
12.217,1574004,14156,0,1588160,1588160
12.267,1574052,14156,0,1588208,1588208
12.317,1612820,14156,0,1626976,1626976
12.367,1613400,14156,0,1627556,1627556
12.418,1692008,14156,0,1706164,1706164
12.468,1771720,14156,0,1785876,1785876
12.518,1831600,14156,0,1845756,1845756
12.568,1904280,14156,0,1918436,1918436
12.619,1856488,14156,0,1870644,1986092
12.669,1060040,14156,0,1074196,1986092
12.719,590100,14192,0,604292,1986092
12.769,657500,14192,0,671692,1986092
12.820,705288,14192,0,719480,1986092
12.870,757092,14192,0,771284,1986092
12.920,766720,14192,0,780912,1986092
12.971,775496,31728,0,807224,1986092
13.021,767080,92320,0,859400,1986092
13.071,649540,128032,0,777572,1986092
13.121,649544,170448,0,819992,1986092
13.172,649544,170448,0,819992,1986092
13.225,649544,170448,0,819992,1986092
13.275,649544,170448,0,819992,1986092
13.326,659040,170448,0,829488,1986092
13.376,703232,170448,0,873680,1986092
13.426,747440,170448,0,917888,1986092
13.476,787364,170448,0,957812,1986092
13.527,828700,170448,0,999148,1986092
13.577,844860,170448,0,1015308,1986092
13.629,844860,170448,0,1015308,1986092
13.679,845004,170448,0,1015452,1986092
13.729,910272,170448,0,1080720,1986092
13.779,978192,170448,0,1148640,1986092
13.830,1033568,170448,0,1204016,1986092
13.880,1076524,170448,0,1246972,1986092
13.930,1126796,170448,0,1297244,1986092
13.980,1147548,170448,0,1317996,1986092
14.031,1166128,170448,0,1336576,1986092
14.081,1183872,170448,0,1354320,1986092
14.131,1193856,170448,0,1364304,1986092
14.181,1121996,170448,0,1292444,1986092
14.232,1121996,170448,0,1292444,1986092
14.282,1032660,170448,0,1203108,1986092
14.332,1032660,170448,0,1203108,1986092
14.382,1032660,170448,0,1203108,1986092
14.433,1032660,170448,0,1203108,1986092
14.483,1032660,170448,0,1203108,1986092
14.533,1032660,170448,0,1203108,1986092
14.583,1032660,170448,0,1203108,1986092
14.633,893232,170512,0,1063744,1986092
14.684,921940,170512,0,1092452,1986092
14.734,922344,170512,0,1092856,1986092
14.784,922380,170512,0,1092892,1986092
14.834,922436,170512,0,1092948,1986092
14.884,922448,170512,0,1092960,1986092
14.935,922456,170512,0,1092968,1986092
14.985,922460,170512,0,1092972,1986092
15.035,922480,170512,0,1092992,1986092
15.085,922480,170512,0,1092992,1986092
15.136,922484,170512,0,1092996,1986092
15.186,922488,170512,0,1093000,1986092
15.236,922488,170512,0,1093000,1986092
15.286,922524,170512,0,1093036,1986092
15.336,922536,170512,0,1093048,1986092
15.387,922540,170512,0,1093052,1986092
15.437,922544,170512,0,1093056,1986092
15.487,922568,170512,0,1093080,1986092
15.537,922588,170512,0,1093100,1986092
15.587,922600,170512,0,1093112,1986092
15.638,922604,170512,0,1093116,1986092
15.688,922604,170512,0,1093116,1986092
15.738,922624,170512,0,1093136,1986092
15.788,922632,170512,0,1093144,1986092
15.838,922632,170512,0,1093144,1986092
15.889,922680,170512,0,1093192,1986092
15.939,922684,170512,0,1093196,1986092
15.989,922696,170512,0,1093208,1986092
16.039,922700,170512,0,1093212,1986092
16.089,922700,170512,0,1093212,1986092
16.140,922700,170512,0,1093212,1986092
16.190,922704,170512,0,1093216,1986092
16.240,922704,170512,0,1093216,1986092
16.290,922708,170512,0,1093220,1986092
16.340,922712,170512,0,1093224,1986092
16.391,922712,170512,0,1093224,1986092
16.441,922712,170512,0,1093224,1986092
16.491,922712,170512,0,1093224,1986092
16.541,922712,170512,0,1093224,1986092
16.592,922712,170512,0,1093224,1986092
16.642,922712,170512,0,1093224,1986092
16.692,922712,170512,0,1093224,1986092
16.742,922712,170512,0,1093224,1986092
16.792,922712,170512,0,1093224,1986092
16.842,922712,170512,0,1093224,1986092
16.893,922712,170512,0,1093224,1986092
16.943,922712,170512,0,1093224,1986092
16.993,922712,170512,0,1093224,1986092
17.043,922712,170512,0,1093224,1986092
17.093,922712,170512,0,1093224,1986092
17.144,922712,170512,0,1093224,1986092
17.194,922712,170512,0,1093224,1986092
17.244,922712,170512,0,1093224,1986092
17.294,922712,170512,0,1093224,1986092
17.344,922712,170512,0,1093224,1986092
17.395,922712,170512,0,1093224,1986092
17.445,922712,170512,0,1093224,1986092
17.495,922712,170512,0,1093224,1986092
17.545,922712,170512,0,1093224,1986092
17.596,922712,170512,0,1093224,1986092
17.646,922712,170512,0,1093224,1986092
17.696,922712,170512,0,1093224,1986092
17.746,922712,170512,0,1093224,1986092
17.796,922720,170512,0,1093232,1986092
17.847,922724,170512,0,1093236,1986092
17.897,922728,170512,0,1093240,1986092
17.947,922732,170512,0,1093244,1986092
17.997,922816,170512,0,1093328,1986092
18.047,922940,170512,0,1093452,1986092
18.098,922992,170512,0,1093504,1986092
18.148,922996,170512,0,1093508,1986092
18.198,922996,170512,0,1093508,1986092
18.248,922996,170512,0,1093508,1986092
18.299,922996,170512,0,1093508,1986092
18.349,768148,170512,0,938660,1986092
18.399,368168,92384,0,460552,1986092
18.449,368168,92384,0,460552,1986092
18.499,372544,92768,0,465312,1986092
18.550,385884,92768,0,478652,1986092
18.600,399464,92768,0,492232,1986092
18.650,412756,92768,0,505524,1986092
18.700,426416,92768,0,519184,1986092
18.751,439988,92768,0,532756,1986092
18.801,453600,92768,0,546368,1986092
18.851,467260,92768,0,560028,1986092
18.901,481064,92768,0,573832,1986092
18.951,494872,92768,0,587640,1986092
19.002,508384,92768,0,601152,1986092
19.052,522236,92768,0,615004,1986092
19.102,535808,92768,0,628576,1986092
19.157,549636,92768,0,642404,1986092
19.207,551120,93316,0,644436,1986092
19.257,551120,93316,0,644436,1986092
19.307,551120,93316,0,644436,1986092
19.357,551120,93316,0,644436,1986092
19.408,551120,93316,0,644436,1986092
19.458,551120,93316,0,644436,1986092
19.508,551120,93316,0,644436,1986092
19.558,551120,93316,0,644436,1986092
19.608,551120,93316,0,644436,1986092
19.659,551120,93316,0,644436,1986092
19.709,371372,93316,0,464688,1986092
19.759,373420,102772,0,476192,1986092
19.809,376284,111456,0,487740,1986092
19.859,378540,116980,0,495520,1986092
19.910,380588,145172,0,525760,1986092
19.960,382636,153796,0,536432,1986092
20.010,384684,142564,0,527248,1986092
20.060,387756,177828,0,565584,1986092
20.111,389804,200552,0,590356,1986092
20.161,392876,202056,0,594932,1986092
20.211,395948,224132,0,620080,1986092
20.261,397996,180880,0,578876,1986092
20.312,400044,205040,0,605084,1986092
20.362,403116,239764,0,642880,1986092
20.412,405164,265812,0,670976,1986092
20.462,407212,285328,0,692540,1986092
20.512,408236,304884,0,713120,1986092
20.563,410284,330932,0,741216,1986092
20.613,428292,278404,0,706696,1986092
20.663,431276,343340,0,774616,1986092
20.713,431276,519256,0,950532,1986092
20.764,431276,592268,0,1023544,1986092
20.814,431276,634256,0,1065532,1986092
20.864,431276,701552,0,1132828,1986092
20.914,431276,758500,0,1189776,1986092
20.965,431276,847432,0,1278708,1986092
21.015,431276,857752,0,1289028,1986092
21.065,431276,911128,0,1342404,1986092
21.115,431276,896860,0,1328136,1986092
21.166,431276,915416,0,1346692,1986092
21.216,431276,939608,0,1370884,1986092
21.266,431276,946328,0,1377604,1986092
21.316,431276,946328,0,1377604,1986092
21.367,431276,946328,0,1377604,1986092
21.417,431276,946328,0,1377604,1986092
21.467,431276,946328,0,1377604,1986092
21.517,431276,946328,0,1377604,1986092
21.568,431276,946328,0,1377604,1986092
21.618,431276,946328,0,1377604,1986092
21.668,431276,946328,0,1377604,1986092
21.718,431276,946328,0,1377604,1986092
21.768,431276,946328,0,1377604,1986092
21.819,431276,946328,0,1377604,1986092
21.869,431276,946328,0,1377604,1986092
21.919,431276,946328,0,1377604,1986092
21.969,431276,949640,0,1380916,1986092
22.020,431276,960648,0,1391924,1986092
22.070,431276,972744,0,1404020,1986092
22.120,431276,996768,0,1428044,1986092
22.170,431276,1032352,0,1463628,1986092
22.220,431276,953144,0,1384420,1986092
22.271,431276,1001820,0,1433096,1986092
22.321,431276,1048152,0,1479428,1986092
22.371,431276,1091928,0,1523204,1986092
22.421,431276,1143168,0,1574444,1986092
22.472,431276,1049620,0,1480896,1986092
22.522,431276,1098140,0,1529416,1986092
22.572,431276,1126824,0,1558100,1986092
22.622,431276,1132968,0,1564244,1986092
22.673,431276,1132968,0,1564244,1986092
22.723,431276,1132968,0,1564244,1986092
22.773,431276,1132968,0,1564244,1986092
22.823,431276,1132968,0,1564244,1986092
22.873,431276,1132968,0,1564244,1986092
22.924,431276,1132968,0,1564244,1986092
22.974,431276,1132968,0,1564244,1986092
23.024,431276,1132968,0,1564244,1986092
23.075,431276,1132968,0,1564244,1986092
23.125,431276,1132968,0,1564244,1986092
23.175,431276,1132968,0,1564244,1986092
23.225,431276,1132968,0,1564244,1986092
23.276,431276,1143208,0,1574484,1986092
23.326,431276,1157544,0,1588820,1986092
23.376,431276,1188984,0,1620260,1986092
23.426,431276,1208864,0,1640140,1986092
23.477,431276,1254136,0,1685412,1986092
23.527,431276,1296204,0,1727480,1986092
23.577,431276,1075440,0,1506716,1986092
23.627,431276,1119060,0,1550336,1986092
23.678,431276,1155924,0,1587200,1986092
23.728,431276,1188692,0,1619968,1986092
23.778,431276,1227604,0,1658880,1986092
23.828,431276,1246036,0,1677312,1986092
23.878,431276,1268568,0,1699844,1986092
23.929,431276,1293144,0,1724420,1986092
23.979,431276,1305432,0,1736708,1986092
24.029,431276,1305432,0,1736708,1986092
24.079,431276,1305432,0,1736708,1986092
24.130,431276,1305432,0,1736708,1986092
24.180,431276,1305432,0,1736708,1986092
24.230,431276,1305432,0,1736708,1986092
24.280,431276,1305432,0,1736708,1986092
24.331,431276,1305432,0,1736708,1986092
24.381,431276,1305432,0,1736708,1986092
24.431,431276,1305432,0,1736708,1986092
24.481,431276,1305432,0,1736708,1986092
24.532,431276,1305432,0,1736708,1986092
24.582,431276,1305432,0,1736708,1986092
24.632,431276,1305432,0,1736708,1986092
24.682,431276,1313384,0,1744660,1986092
24.732,431276,1355640,0,1786916,1986092
24.783,431276,1401728,0,1833004,1986092
24.833,431276,1445760,0,1877036,1986092
24.883,431276,1494912,0,1926188,1986092
24.933,431276,1267136,0,1698412,1986092
24.984,431276,1289280,0,1720556,1986092
25.034,431276,1320000,0,1751276,1986092
25.084,431276,1358756,0,1790032,1986092
25.134,431276,1381440,0,1812716,1986092
25.185,431276,1095632,0,1526908,1986092
25.235,371372,884480,0,1255852,1986092
25.285,371372,884480,0,1255852,1986092
25.335,371372,884480,0,1255852,1986092
25.385,375508,884480,0,1259988,1986092
25.436,384748,884480,0,1269228,1986092
25.486,390712,884480,0,1275192,1986092
25.536,398320,884480,0,1282800,1986092
25.586,405480,884480,0,1289960,1986092
25.636,413212,884480,0,1297692,1986092
25.687,420080,884480,0,1304560,1986092
25.737,428308,884480,0,1312788,1986092
25.787,456112,884508,0,1340620,1986092
25.837,463856,884900,0,1348756,1986092
25.888,468156,884900,0,1353056,1986092
25.938,472520,884900,0,1357420,1986092
25.988,476828,884900,0,1361728,1986092
26.038,480700,884900,0,1365600,1986092
26.088,484912,884900,0,1369812,1986092
26.139,488908,884900,0,1373808,1986092
26.189,492448,884900,0,1377348,1986092
26.239,497612,884900,0,1382512,1986092
26.289,500964,884900,0,1385864,1986092
26.340,504912,884900,0,1389812,1986092
26.390,508360,884900,0,1393260,1986092
26.440,511772,884900,0,1396672,1986092
26.490,514624,884900,0,1399524,1986092
26.541,517844,884900,0,1402744,1986092
26.591,521248,884900,0,1406148,1986092
26.641,523204,884900,0,1408104,1986092
26.691,525364,884900,0,1410264,1986092
26.742,528144,884900,0,1413044,1986092
26.792,531320,884900,0,1416220,1986092
26.842,533560,884900,0,1418460,1986092
26.892,536804,884900,0,1421704,1986092
26.942,538940,884900,0,1423840,1986092
26.993,543676,884900,0,1428576,1986092
27.043,544552,884900,0,1429452,1986092
27.093,546304,884900,0,1431204,1986092
27.143,548784,884900,0,1433684,1986092
27.194,551184,884900,0,1436084,1986092
27.244,554140,884900,0,1439040,1986092
27.294,558116,884900,0,1443016,1986092
27.344,561648,884900,0,1446548,1986092
27.394,566476,884900,0,1451376,1986092
27.445,569396,884900,0,1454296,1986092
27.495,572892,884900,0,1457792,1986092
27.545,576284,884900,0,1461184,1986092
27.595,579392,884900,0,1464292,1986092
27.645,581976,884900,0,1466876,1986092
27.696,585264,884900,0,1470164,1986092
27.746,588196,884900,0,1473096,1986092
27.796,590648,884900,0,1475548,1986092
27.846,593296,884900,0,1478196,1986092
27.897,595404,884900,0,1480304,1986092
27.947,597216,884900,0,1482116,1986092
27.997,600172,884900,0,1485072,1986092
28.047,602752,884900,0,1487652,1986092
28.098,603324,884900,0,1488224,1986092
28.148,608296,884900,0,1493196,1986092
28.198,609460,884900,0,1494360,1986092
28.249,614076,884900,0,1498976,1986092
28.299,614868,884900,0,1499768,1986092
28.349,617324,884900,0,1502224,1986092
28.399,620284,884900,0,1505184,1986092
28.449,622472,884900,0,1507372,1986092
28.500,625024,884900,0,1509924,1986092
28.550,627432,884900,0,1512332,1986092
28.600,630256,884900,0,1515156,1986092
28.650,633004,884900,0,1517904,1986092
28.700,636172,884900,0,1521072,1986092
28.751,639724,884900,0,1524624,1986092
28.801,643432,884900,0,1528332,1986092
28.851,644656,884900,0,1529556,1986092
28.901,646752,884900,0,1531652,1986092
28.952,648916,884900,0,1533816,1986092
29.002,649524,884900,0,1534424,1986092
29.052,651504,884900,0,1536404,1986092
29.103,653816,884900,0,1538716,1986092
29.153,655668,884900,0,1540568,1986092
29.203,662624,884900,0,1547524,1986092
29.253,665392,884900,0,1550292,1986092
29.304,666100,884900,0,1551000,1986092
29.354,668364,884900,0,1553264,1986092
29.404,670116,884900,0,1555016,1986092
29.454,673048,884900,0,1557948,1986092
29.505,674712,884900,0,1559612,1986092
29.555,675812,884900,0,1560712,1986092
29.605,677524,884900,0,1562424,1986092
29.655,679688,884900,0,1564588,1986092
29.706,681676,884900,0,1566576,1986092
29.756,683544,884900,0,1568444,1986092
29.806,685456,884900,0,1570356,1986092
29.857,688764,884900,0,1573664,1986092
29.907,690300,884900,0,1575200,1986092
29.957,691536,884900,0,1576436,1986092
30.007,693712,884900,0,1578612,1986092
30.058,696588,884900,0,1581488,1986092
30.108,698356,884900,0,1583256,1986092
30.158,701232,884900,0,1586132,1986092
30.208,703972,884900,0,1588872,1986092
30.259,706584,884900,0,1591484,1986092
30.309,709356,884900,0,1594256,1986092
30.359,712524,884900,0,1597424,1986092
30.409,715308,884900,0,1600208,1986092
30.460,718416,884900,0,1603316,1986092
30.510,721832,884900,0,1606732,1986092
30.560,724224,884900,0,1609124,1986092
30.610,726892,884900,0,1611792,1986092
30.660,730648,884900,0,1615548,1986092
30.710,734736,884900,0,1619636,1986092
30.761,736756,884900,0,1621656,1986092
30.811,742892,884900,0,1627792,1986092
30.861,745008,884900,0,1629908,1986092
30.911,750944,884900,0,1635844,1986092
30.961,752048,884900,0,1636948,1986092
31.012,753752,884900,0,1638652,1986092
31.062,763252,884900,0,1648152,1986092
31.112,764464,884900,0,1649364,1986092
31.162,773640,884900,0,1658540,1986092
31.213,774920,884900,0,1659820,1986092
31.263,776164,884900,0,1661064,1986092
31.313,777792,884900,0,1662692,1986092
31.363,782312,884900,0,1667212,1986092
31.414,785600,884900,0,1670500,1986092
31.464,789968,884900,0,1674868,1986092
31.514,791840,884900,0,1676740,1986092
31.564,793812,884900,0,1678712,1986092
31.614,796688,884900,0,1681588,1986092
31.665,798684,884900,0,1683584,1986092
31.715,801844,884900,0,1686744,1986092
31.765,803748,884900,0,1688648,1986092
31.815,806712,884900,0,1691612,1986092
31.865,809892,884900,0,1694792,1986092
31.916,812464,884900,0,1697364,1986092
31.966,814920,884900,0,1699820,1986092
32.016,817020,884900,0,1701920,1986092
32.066,821092,884900,0,1705992,1986092
32.117,824308,884900,0,1709208,1986092
32.167,827752,884900,0,1712652,1986092
32.217,829600,884900,0,1714500,1986092
32.267,832040,884900,0,1716940,1986092
32.317,836404,884900,0,1721304,1986092
32.368,838992,884900,0,1723892,1986092
32.418,841844,884900,0,1726744,1986092
32.468,844428,884900,0,1729328,1986092
32.518,847624,884900,0,1732524,1986092
32.569,850456,884900,0,1735356,1986092
32.619,863848,884900,0,1748748,1986092
32.669,868892,884900,0,1753792,1986092
32.719,869812,884900,0,1754712,1986092
32.770,870856,884900,0,1755756,1986092
32.820,871956,884900,0,1756856,1986092
32.870,877352,884900,0,1762252,1986092
32.920,879844,884900,0,1764744,1986092
32.971,883044,884900,0,1767944,1986092
33.021,885780,884900,0,1770680,1986092
33.071,887832,884900,0,1772732,1986092
33.121,889500,884900,0,1774400,1986092
33.171,892332,884900,0,1777232,1986092
33.222,896052,884900,0,1780952,1986092
33.272,898384,884900,0,1783284,1986092
33.322,901984,884900,0,1786884,1986092
33.372,904120,884900,0,1789020,1986092
33.422,906100,884900,0,1791000,1986092
33.473,911136,884900,0,1796036,1986092
33.523,913088,884900,0,1797988,1986092
33.573,914108,884900,0,1799008,1986092
33.623,915612,884900,0,1800512,1986092
33.673,917448,884900,0,1802348,1986092
33.724,919688,884900,0,1804588,1986092
33.774,921440,884900,0,1806340,1986092
33.824,923996,884900,0,1808896,1986092
33.874,926436,884900,0,1811336,1986092
33.924,929028,884900,0,1813928,1986092
33.975,931708,884900,0,1816608,1986092
34.025,934488,884900,0,1819388,1986092
34.075,936416,884900,0,1821316,1986092
34.125,938440,884900,0,1823340,1986092
34.175,942932,884900,0,1827832,1986092
34.226,945364,884900,0,1830264,1986092
34.276,947144,884900,0,1832044,1986092
34.326,949424,884900,0,1834324,1986092
34.376,952192,884900,0,1837092,1986092
34.427,953832,884900,0,1838732,1986092
34.477,957804,884900,0,1842704,1986092
34.527,959416,884900,0,1844316,1986092
34.577,961108,884900,0,1846008,1986092
34.628,963676,884900,0,1848576,1986092
34.678,965640,884900,0,1850540,1986092
34.728,969200,884900,0,1854100,1986092
34.778,972268,884900,0,1857168,1986092
34.829,975084,884900,0,1859984,1986092
34.879,977844,884900,0,1862744,1986092
34.929,983028,884900,0,1867928,1986092
34.979,983992,884900,0,1868892,1986092
35.029,989412,884900,0,1874312,1986092
35.080,990696,884900,0,1875596,1986092
35.130,992000,884900,0,1876900,1986092
35.180,993780,884900,0,1878680,1986092
35.230,996256,884900,0,1881156,1986092
35.280,998124,884900,0,1883024,1986092
35.331,999952,884900,0,1884852,1986092
35.381,1002832,884900,0,1887732,1986092
35.431,1012240,885156,0,1897396,1986092
35.481,1012240,885156,0,1897396,1986092
35.532,1012240,885156,0,1897396,1986092
35.582,1012240,885156,0,1897396,1986092
35.632,1012240,885156,0,1897396,1986092
35.682,1012240,885156,0,1897396,1986092
35.732,1012240,885156,0,1897396,1986092
35.783,1012240,885156,0,1897396,1986092
35.833,1012240,885156,0,1897396,1986092
35.883,1012240,885156,0,1897396,1986092
35.933,1012240,885156,0,1897396,1986092
35.984,1012240,885156,0,1897396,1986092
36.034,1012240,885156,0,1897396,1986092
36.084,1012240,885156,0,1897396,1986092
36.134,1012240,885156,0,1897396,1986092
36.185,596736,885156,0,1481892,1986092
36.235,596736,885156,0,1481892,1986092
36.285,596736,885156,0,1481892,1986092
36.335,596736,885156,0,1481892,1986092
36.386,515368,885156,0,1400524,1986092
36.436,515408,885156,0,1400564,1986092
36.486,515444,885156,0,1400600,1986092
36.536,515480,885156,0,1400636,1986092
36.587,516300,885156,0,1401456,1986092
36.637,516880,885156,0,1402036,1986092
36.687,517488,885156,0,1402644,1986092
36.737,517536,885156,0,1402692,1986092
36.788,517612,885156,0,1402768,1986092
36.838,518656,885156,0,1403812,1986092
36.888,519504,885156,0,1404660,1986092
36.938,520396,885156,0,1405552,1986092
36.989,520880,885156,0,1406036,1986092
37.039,521232,885156,0,1406388,1986092
37.089,522816,885156,0,1407972,1986092
37.139,523556,885156,0,1408712,1986092
37.190,524468,885156,0,1409624,1986092
37.240,525368,885156,0,1410524,1986092
37.290,525476,885156,0,1410632,1986092
37.340,525580,885156,0,1410736,1986092
37.390,526704,885156,0,1411860,1986092
37.441,527116,885156,0,1412272,1986092
37.491,527908,885156,0,1413064,1986092
37.541,528248,885156,0,1413404,1986092
37.591,529304,885156,0,1414460,1986092
37.642,530380,885156,0,1415536,1986092
37.692,531344,885156,0,1416500,1986092
37.742,532164,885156,0,1417320,1986092
37.792,532428,885156,0,1417584,1986092
37.842,532684,885156,0,1417840,1986092
37.893,532956,885156,0,1418112,1986092
37.943,533208,885156,0,1418364,1986092
37.993,533456,885156,0,1418612,1986092
38.043,533660,885156,0,1418816,1986092
38.093,533884,885156,0,1419040,1986092
38.144,534148,885156,0,1419304,1986092
38.194,534400,885156,0,1419556,1986092
38.244,534628,885156,0,1419784,1986092
38.294,534892,885156,0,1420048,1986092
38.345,535160,885156,0,1420316,1986092
38.395,536668,885156,0,1421824,1986092
38.445,539260,885156,0,1424416,1986092
38.495,541936,885156,0,1427092,1986092
38.545,546672,885156,0,1431828,1986092
38.596,551088,885156,0,1436244,1986092
38.646,551728,885156,0,1436884,1986092
38.696,553604,885156,0,1438760,1986092
38.746,555924,885156,0,1441080,1986092
38.796,559448,885156,0,1444604,1986092
38.847,561216,885156,0,1446372,1986092
38.897,564424,885156,0,1449580,1986092
38.947,568656,885156,0,1453812,1986092
38.997,570464,885156,0,1455620,1986092
39.048,573428,885156,0,1458584,1986092
39.098,575672,885156,0,1460828,1986092
39.148,578628,885156,0,1463784,1986092
39.198,586284,885156,0,1471440,1986092
39.248,589384,885156,0,1474540,1986092
39.299,590904,885156,0,1476060,1986092
39.349,593384,885156,0,1478540,1986092
39.399,596936,885156,0,1482092,1986092
39.449,599604,885156,0,1484760,1986092
39.499,601756,885156,0,1486912,1986092
39.549,605524,885156,0,1490680,1986092
39.600,607616,885156,0,1492772,1986092
39.650,609248,885156,0,1494404,1986092
39.700,611504,885156,0,1496660,1986092
39.751,613544,885156,0,1498700,1986092
39.801,615848,885156,0,1501004,1986092
39.851,618620,885156,0,1503776,1986092
39.901,620884,885156,0,1506040,1986092
39.952,623532,885156,0,1508688,1986092
40.002,626908,885156,0,1512064,1986092
40.052,628524,885156,0,1513680,1986092
40.102,630356,885156,0,1515512,1986092
40.152,634256,885156,0,1519412,1986092
40.203,635624,885156,0,1520780,1986092
40.253,638176,885156,0,1523332,1986092
40.303,640936,885156,0,1526092,1986092
40.353,642572,885156,0,1527728,1986092
40.404,646612,885156,0,1531768,1986092
40.454,650608,885156,0,1535764,1986092
40.504,652020,885156,0,1537176,1986092
40.554,657320,885156,0,1542476,1986092
40.604,659444,885156,0,1544600,1986092
40.655,660684,885156,0,1545840,1986092
40.705,669808,885156,0,1554964,1986092
40.755,674940,885156,0,1560096,1986092
40.805,679612,885156,0,1564768,1986092
40.856,680388,885156,0,1565544,1986092
40.906,681528,885156,0,1566684,1986092
40.956,682620,885156,0,1567776,1986092
41.006,684648,885156,0,1569804,1986092
41.056,687984,885156,0,1573140,1986092
41.107,690020,885156,0,1575176,1986092
41.157,692696,885156,0,1577852,1986092
41.207,694916,885156,0,1580072,1986092
41.257,696856,885156,0,1582012,1986092
41.307,699872,885156,0,1585028,1986092
41.358,702900,885156,0,1588056,1986092
41.408,705060,885156,0,1590216,1986092
41.458,707808,885156,0,1592964,1986092
41.508,712760,885156,0,1597916,1986092
41.558,714728,885156,0,1599884,1986092
41.609,717612,885156,0,1602768,1986092
41.659,720156,885156,0,1605312,1986092
41.709,721996,885156,0,1607152,1986092
41.759,724812,885156,0,1609968,1986092
41.810,727252,885156,0,1612408,1986092
41.860,730556,885156,0,1615712,1986092
41.910,732420,885156,0,1617576,1986092
41.960,734680,885156,0,1619836,1986092
42.010,737924,885156,0,1623080,1986092
42.061,740276,885156,0,1625432,1986092
42.111,742320,885156,0,1627476,1986092
42.161,745152,885156,0,1630308,1986092
42.211,747396,885156,0,1632552,1986092
42.262,753616,885156,0,1638772,1986092
42.312,762932,885156,0,1648088,1986092
42.362,768092,885156,0,1653248,1986092
42.412,769232,885156,0,1654388,1986092
42.462,770276,885156,0,1655432,1986092
42.513,770996,885156,0,1656152,1986092
42.563,773536,885156,0,1658692,1986092
42.613,775292,885156,0,1660448,1986092
42.663,779252,885156,0,1664408,1986092
42.714,781368,885156,0,1666524,1986092
42.764,784236,885156,0,1669392,1986092
42.814,786632,885156,0,1671788,1986092
42.864,790600,885156,0,1675756,1986092
42.915,791584,885156,0,1676740,1986092
42.965,793452,885156,0,1678608,1986092
43.015,796108,885156,0,1681264,1986092
43.065,800224,885156,0,1685380,1986092
43.116,801540,885156,0,1686696,1986092
43.166,804620,885156,0,1689776,1986092
43.216,807264,885156,0,1692420,1986092
43.266,809564,885156,0,1694720,1986092
43.316,812220,885156,0,1697376,1986092
43.369,813836,885156,0,1698992,1986092
43.429,815284,885156,0,1700440,1986092
43.479,817452,885156,0,1702608,1986092
43.529,818324,885156,0,1703480,1986092
43.579,819756,885156,0,1704912,1986092
43.629,821056,885156,0,1706212,1986092
43.680,822528,885156,0,1707684,1986092
43.730,825800,885156,0,1710956,1986092
43.780,827544,885156,0,1712700,1986092
43.830,829728,885156,0,1714884,1986092
43.881,831824,885156,0,1716980,1986092
43.931,834500,885156,0,1719656,1986092
43.981,838044,885156,0,1723200,1986092
44.031,840104,885156,0,1725260,1986092
44.081,842088,885156,0,1727244,1986092
44.132,844748,885156,0,1729904,1986092
44.182,847244,885156,0,1732400,1986092
44.232,849612,885156,0,1734768,1986092
44.282,851252,885156,0,1736408,1986092
44.332,853288,885156,0,1738444,1986092
44.383,855476,885156,0,1740632,1986092
44.433,857784,885156,0,1742940,1986092
44.483,860328,885156,0,1745484,1986092
44.533,863384,885156,0,1748540,1986092
44.584,864996,885156,0,1750152,1986092
44.634,866688,885156,0,1751844,1986092
44.684,868404,885156,0,1753560,1986092
44.734,870304,885156,0,1755460,1986092
44.784,873704,885156,0,1758860,1986092
44.835,878280,885156,0,1763436,1986092
44.885,879160,885156,0,1764316,1986092
44.935,880096,885156,0,1765252,1986092
44.985,884608,885156,0,1769764,1986092
45.035,887100,885156,0,1772256,1986092
45.086,892940,885156,0,1778096,1986092
45.136,893608,885156,0,1778764,1986092
45.186,894572,885156,0,1779728,1986092
45.236,895544,885156,0,1780700,1986092
45.287,897188,885156,0,1782344,1986092
45.337,899240,885156,0,1784396,1986092
45.387,901556,885156,0,1786712,1986092
45.437,903576,885156,0,1788732,1986092
45.487,907448,885156,0,1792604,1986092
45.538,910164,885156,0,1795320,1986092
45.588,912472,885156,0,1797628,1986092
45.638,914284,885156,0,1799440,1986092
45.688,923336,885156,0,1808492,1986092
45.738,924380,885156,0,1809536,1986092
45.790,925416,885156,0,1810572,1986092
45.840,926144,885156,0,1811300,1986092
45.890,927156,885156,0,1812312,1986092
45.940,936076,885156,0,1821232,1986092
45.991,937016,885156,0,1822172,1986092
46.041,937992,885156,0,1823148,1986092
46.091,939004,885156,0,1824160,1986092
46.141,941296,885156,0,1826452,1986092
46.192,945308,885156,0,1830464,1986092
46.242,948484,885156,0,1833640,1986092
46.292,967784,885156,0,1852940,1986092
46.342,968972,885156,0,1854128,1986092
46.393,970208,885156,0,1855364,1986092
46.443,971408,885156,0,1856564,1986092
46.493,972540,885156,0,1857696,1986092
46.543,981700,885156,0,1866856,1986092
46.593,983192,885156,0,1868348,1986092
46.644,985228,885156,0,1870384,1986092
46.694,989636,885156,0,1874792,1986092
46.744,990928,885156,0,1876084,1986092
46.794,993832,885156,0,1878988,1986092
46.844,997204,885156,0,1882360,1986092
46.895,1002380,885156,0,1887536,1986092
46.945,1003580,885156,0,1888736,1986092
46.995,1007748,885156,0,1892904,1986092
47.045,1010436,885156,0,1895592,1986092
47.095,1013676,885156,0,1898832,1986092
47.146,1015940,885156,0,1901096,1986092
47.196,1017592,885156,0,1902748,1986092
47.246,1023396,885156,0,1908552,1986092
47.296,1023696,885156,0,1908852,1986092
47.346,1023696,885156,0,1908852,1986092
47.397,1023696,885156,0,1908852,1986092
47.447,1023696,885156,0,1908852,1986092
47.497,1023696,885156,0,1908852,1986092
47.547,1023696,885156,0,1908852,1986092
47.598,1023696,885156,0,1908852,1986092
47.648,1023696,885156,0,1908852,1986092
47.698,881340,885156,0,1766496,1986092
47.748,619480,885156,0,1504636,1986092
47.798,619480,885156,0,1504636,1986092
47.849,619480,885156,0,1504636,1986092
47.899,619480,885156,0,1504636,1986092
47.949,619480,885156,0,1504636,1986092
47.999,619480,885156,0,1504636,1986092
48.049,619480,885156,0,1504636,1986092
48.100,619480,885156,0,1504636,1986092
48.150,619480,885156,0,1504636,1986092
48.200,619480,885156,0,1504636,1986092
48.250,619480,885156,0,1504636,1986092
48.301,619480,885156,0,1504636,1986092
48.351,526212,885156,0,1411368,1986092
48.401,526212,885156,0,1411368,1986092
48.451,526212,885156,0,1411368,1986092
48.501,526212,885156,0,1411368,1986092
48.552,526212,885156,0,1411368,1986092
48.602,526212,885156,0,1411368,1986092
48.652,526212,885156,0,1411368,1986092
48.702,526212,885156,0,1411368,1986092
48.753,526212,885156,0,1411368,1986092
48.803,526212,885156,0,1411368,1986092
48.853,526212,885156,0,1411368,1986092
48.903,526212,885156,0,1411368,1986092
48.954,526212,885156,0,1411368,1986092
49.004,526212,885156,0,1411368,1986092
49.054,526212,885156,0,1411368,1986092
49.104,526212,885156,0,1411368,1986092
49.154,526212,885156,0,1411368,1986092
49.205,526212,885156,0,1411368,1986092
49.255,526212,885156,0,1411368,1986092
49.305,526212,885156,0,1411368,1986092
49.355,526212,885156,0,1411368,1986092
49.405,526212,885156,0,1411368,1986092
49.456,526212,885156,0,1411368,1986092
49.506,526212,885156,0,1411368,1986092
49.556,526872,885156,0,1412028,1986092
49.606,528968,885156,0,1414124,1986092
49.657,531160,885156,0,1416316,1986092
49.707,534024,885156,0,1419180,1986092
49.757,536784,885156,0,1421940,1986092
49.807,540760,885156,0,1425916,1986092
49.857,541808,885156,0,1426964,1986092
49.908,544136,885156,0,1429292,1986092
49.958,547208,885156,0,1432364,1986092
50.008,552280,885156,0,1437436,1986092
50.058,554736,885156,0,1439892,1986092
50.108,559324,885156,0,1444480,1986092
50.159,563820,885156,0,1448976,1986092
50.209,564300,885156,0,1449456,1986092
50.259,565832,885156,0,1450988,1986092
50.309,568384,885156,0,1453540,1986092
50.360,571508,885156,0,1456664,1986092
50.410,574616,885156,0,1459772,1986092
50.460,576672,885156,0,1461828,1986092
50.510,578936,885156,0,1464092,1986092
50.560,582356,885156,0,1467512,1986092
50.611,585284,885156,0,1470440,1986092
50.661,593728,885156,0,1478884,1986092
50.711,596524,885156,0,1481680,1986092
50.761,599744,885156,0,1484900,1986092
50.811,601572,885156,0,1486728,1986092
50.862,604172,885156,0,1489328,1986092
50.912,607816,885156,0,1492972,1986092
50.962,610928,885156,0,1496084,1986092
51.012,614352,885156,0,1499508,1986092
51.063,617072,885156,0,1502228,1986092
51.113,619504,885156,0,1504660,1986092
51.163,623048,885156,0,1508204,1986092
51.213,626000,885156,0,1511156,1986092
51.263,630488,885156,0,1515644,1986092
51.314,633648,885156,0,1518804,1986092
51.364,634848,885156,0,1520004,1986092
51.414,638860,885156,0,1524016,1986092
51.464,642276,885156,0,1527432,1986092
51.514,645936,885156,0,1531092,1986092
51.565,648208,885156,0,1533364,1986092
51.615,651568,885156,0,1536724,1986092
51.665,654000,885156,0,1539156,1986092
51.715,658176,885156,0,1543332,1986092
51.766,660644,885156,0,1545800,1986092
51.816,662860,885156,0,1548016,1986092
51.866,664876,885156,0,1550032,1986092
51.916,667724,885156,0,1552880,1986092
51.966,670828,885156,0,1555984,1986092
52.017,674280,885156,0,1559436,1986092
52.067,676732,885156,0,1561888,1986092
52.117,679784,885156,0,1564940,1986092
52.167,681108,885156,0,1566264,1986092
52.217,683928,885156,0,1569084,1986092
52.268,686164,885156,0,1571320,1986092
52.318,689264,885156,0,1574420,1986092
52.368,691240,885156,0,1576396,1986092
52.418,693840,885156,0,1578996,1986092
52.469,696964,885156,0,1582120,1986092
52.519,699952,885156,0,1585108,1986092
52.569,705848,885156,0,1591004,1986092
52.619,706844,885156,0,1592000,1986092
52.669,709484,885156,0,1594640,1986092
52.720,714860,885156,0,1600016,1986092
52.770,716088,885156,0,1601244,1986092
52.820,717928,885156,0,1603084,1986092
52.870,726836,885156,0,1611992,1986092
52.921,727960,885156,0,1613116,1986092
52.971,736840,885156,0,1621996,1986092
53.021,737852,885156,0,1623008,1986092
53.071,738888,885156,0,1624044,1986092
53.122,741468,885156,0,1626624,1986092
53.172,744500,885156,0,1629656,1986092
53.222,746612,885156,0,1631768,1986092
53.272,749164,885156,0,1634320,1986092
53.322,751444,885156,0,1636600,1986092
53.373,753228,885156,0,1638384,1986092
53.423,756956,885156,0,1642112,1986092
53.473,759224,885156,0,1644380,1986092
53.524,761952,885156,0,1647108,1986092
53.574,764592,885156,0,1649748,1986092
53.624,768028,885156,0,1653184,1986092
53.674,768944,885156,0,1654100,1986092
53.724,772996,885156,0,1658152,1986092
53.775,775224,885156,0,1660380,1986092
53.825,777708,885156,0,1662864,1986092
53.875,780136,885156,0,1665292,1986092
53.925,782736,885156,0,1667892,1986092
53.975,786028,885156,0,1671184,1986092
54.026,788664,885156,0,1673820,1986092
54.076,791492,885156,0,1676648,1986092
54.126,794664,885156,0,1679820,1986092
54.176,797328,885156,0,1682484,1986092
54.227,806256,885156,0,1691412,1986092
54.277,815164,885156,0,1700320,1986092
54.327,815992,885156,0,1701148,1986092
54.377,817244,885156,0,1702400,1986092
54.428,822316,885156,0,1707472,1986092
54.478,824584,885156,0,1709740,1986092
54.528,827028,885156,0,1712184,1986092
54.578,830616,885156,0,1715772,1986092
54.628,833704,885156,0,1718860,1986092
54.679,836024,885156,0,1721180,1986092
54.729,837260,885156,0,1722416,1986092
54.779,839292,885156,0,1724448,1986092
54.829,840980,885156,0,1726136,1986092
54.880,842028,885156,0,1727184,1986092
54.930,843808,885156,0,1728964,1986092
54.980,846836,885156,0,1731992,1986092
55.030,848496,885156,0,1733652,1986092
55.081,849912,885156,0,1735068,1986092
55.131,851268,885156,0,1736424,1986092
55.181,852860,885156,0,1738016,1986092
55.231,856760,885156,0,1741916,1986092
55.282,859928,885156,0,1745084,1986092
55.332,862488,885156,0,1747644,1986092
55.382,864664,885156,0,1749820,1986092
55.432,866220,885156,0,1751376,1986092
55.483,868208,885156,0,1753364,1986092
55.533,870264,885156,0,1755420,1986092
55.583,872420,885156,0,1757576,1986092
55.633,875304,885156,0,1760460,1986092
55.683,880464,885156,0,1765620,1986092
55.734,881292,885156,0,1766448,1986092
55.784,883028,885156,0,1768184,1986092
55.834,887424,885156,0,1772580,1986092
55.884,891048,885156,0,1776204,1986092
55.934,892068,885156,0,1777224,1986092
55.985,894392,885156,0,1779548,1986092
56.035,898456,885156,0,1783612,1986092
56.085,901540,885156,0,1786696,1986092
56.135,905540,885156,0,1790696,1986092
56.186,906700,885156,0,1791856,1986092
56.236,908196,885156,0,1793352,1986092
56.286,910024,885156,0,1795180,1986092
56.336,911780,885156,0,1796936,1986092
56.386,913944,885156,0,1799100,1986092
56.437,915708,885156,0,1800864,1986092
56.487,917048,885156,0,1802204,1986092
56.537,919876,885156,0,1805032,1986092
56.587,922616,885156,0,1807772,1986092
56.638,927348,885156,0,1812504,1986092
56.688,928784,885156,0,1813940,1986092
56.738,930396,885156,0,1815552,1986092
56.789,933020,885156,0,1818176,1986092
56.839,934488,885156,0,1819644,1986092
56.889,936640,885156,0,1821796,1986092
56.939,938224,885156,0,1823380,1986092
56.989,940008,885156,0,1825164,1986092
57.040,943088,885156,0,1828244,1986092
57.090,945864,885156,0,1831020,1986092
57.140,947884,885156,0,1833040,1986092
57.190,953008,885156,0,1838164,1986092
57.241,955032,885156,0,1840188,1986092
57.291,957660,885156,0,1842816,1986092
57.341,959192,885156,0,1844348,1986092
57.391,961884,885156,0,1847040,1986092
57.441,965352,885156,0,1850508,1986092
57.492,967452,885156,0,1852608,1986092
57.542,970604,885156,0,1855760,1986092
57.592,972176,885156,0,1857332,1986092
57.642,974076,885156,0,1859232,1986092
57.693,976604,885156,0,1861760,1986092
57.743,986388,885156,0,1871544,1986092
57.793,990972,885156,0,1876128,1986092
57.843,991972,885156,0,1877128,1986092
57.893,993100,885156,0,1878256,1986092
57.944,1002160,885156,0,1887316,1986092
57.994,1003436,885156,0,1888592,1986092
58.044,1004436,885156,0,1889592,1986092
58.094,1006608,885156,0,1891764,1986092
58.145,1007664,885156,0,1892820,1986092
58.195,1024652,885156,0,1909808,1986092
58.245,1025832,885156,0,1910988,1986092
58.295,1026544,885156,0,1911700,1986092
58.345,1026544,885156,0,1911700,1986092
58.396,1026544,885156,0,1911700,1986092
58.446,1026544,885156,0,1911700,1986092
58.496,1026544,885156,0,1911700,1986092
58.546,1026544,885156,0,1911700,1986092
58.597,1026544,885156,0,1911700,1986092
58.647,1026544,885156,0,1911700,1986092
58.697,1026544,885156,0,1911700,1986092
58.747,1026544,885156,0,1911700,1986092
58.797,985312,885156,0,1870468,1986092
58.848,767604,885156,0,1652760,1986092
58.898,767604,885156,0,1652760,1986092
58.948,767604,885156,0,1652760,1986092
58.998,767604,885156,0,1652760,1986092
59.049,767604,885156,0,1652760,1986092
59.099,767604,885156,0,1652760,1986092
59.149,767604,885156,0,1652760,1986092
59.199,767604,885156,0,1652760,1986092
59.250,767604,885156,0,1652760,1986092
59.300,767604,885156,0,1652760,1986092
59.350,767604,885156,0,1652760,1986092
59.400,767604,885156,0,1652760,1986092
59.451,767604,885156,0,1652760,1986092
59.501,767604,885156,0,1652760,1986092
59.551,767604,885156,0,1652760,1986092
59.601,767604,885156,0,1652760,1986092
59.651,767604,885156,0,1652760,1986092
59.702,767604,885156,0,1652760,1986092
59.752,767604,885156,0,1652760,1986092
59.802,767604,885156,0,1652760,1986092
59.852,767604,885156,0,1652760,1986092
59.902,767604,885156,0,1652760,1986092
59.953,767604,885156,0,1652760,1986092
60.003,767604,885156,0,1652760,1986092
60.053,767604,885156,0,1652760,1986092
60.103,767604,885156,0,1652760,1986092
60.154,767604,885156,0,1652760,1986092
60.204,767604,885156,0,1652760,1986092
60.254,767604,885156,0,1652760,1986092
60.304,767604,885156,0,1652760,1986092
60.354,767604,885156,0,1652760,1986092
60.405,767604,885156,0,1652760,1986092
60.455,767604,885156,0,1652760,1986092
60.505,767604,885156,0,1652760,1986092
60.555,767604,885156,0,1652760,1986092
60.606,767604,885156,0,1652760,1986092
60.656,767604,885156,0,1652760,1986092
60.706,767604,885156,0,1652760,1986092
60.756,767604,885156,0,1652760,1986092
60.806,767604,885156,0,1652760,1986092
60.856,767604,885156,0,1652760,1986092
60.907,767604,885156,0,1652760,1986092
60.957,767604,885156,0,1652760,1986092
61.007,767604,885156,0,1652760,1986092
61.057,767604,885156,0,1652760,1986092
61.107,767604,885156,0,1652760,1986092
61.158,767616,885156,0,1652772,1986092
61.208,767616,885156,0,1652772,1986092
61.258,767616,885156,0,1652772,1986092
61.308,767616,885156,0,1652772,1986092
61.359,767668,885156,0,1652824,1986092
61.409,767700,885156,0,1652856,1986092
61.459,767720,885156,0,1652876,1986092
61.509,767724,885156,0,1652880,1986092
61.559,767764,885156,0,1652920,1986092
61.610,767776,885156,0,1652932,1986092
61.660,767888,885156,0,1653044,1986092
61.710,768056,885156,0,1653212,1986092
61.760,768120,885156,0,1653276,1986092
61.811,768156,885156,0,1653312,1986092
61.861,768164,885156,0,1653320,1986092
61.911,768352,885156,0,1653508,1986092
61.961,768376,885156,0,1653532,1986092
62.012,768380,885156,0,1653536,1986092
62.062,768388,885156,0,1653544,1986092
62.112,768396,885156,0,1653552,1986092
62.162,768404,885156,0,1653560,1986092
62.212,768412,885156,0,1653568,1986092
62.262,768416,885156,0,1653572,1986092
62.313,768416,885156,0,1653572,1986092
62.363,768436,885156,0,1653592,1986092
62.413,768464,885156,0,1653620,1986092
62.463,768484,885156,0,1653640,1986092
62.514,768484,885156,0,1653640,1986092
62.564,768484,885156,0,1653640,1986092
62.614,768484,885156,0,1653640,1986092
62.664,768484,885156,0,1653640,1986092
62.714,768484,885156,0,1653640,1986092
62.765,768484,885156,0,1653640,1986092
62.815,768484,885156,0,1653640,1986092
62.865,768484,885140,0,1653624,1986092
62.915,768484,885076,0,1653560,1986092
62.966,768484,885076,0,1653560,1986092
63.016,768484,884052,0,1652536,1986092
63.066,768484,882772,0,1651256,1986092
63.116,768484,880084,0,1648568,1986092
63.166,768492,877396,0,1645888,1986092
63.217,768516,877012,0,1645528,1986092
63.267,768520,876116,0,1644636,1986092
63.317,768520,875668,0,1644188,1986092
63.367,768520,875348,0,1643868,1986092
63.418,768520,875348,0,1643868,1986092
63.468,768520,874932,0,1643452,1986092
63.520,768520,874724,0,1643244,1986092
63.570,768520,873828,0,1642348,1986092
63.620,768520,873716,0,1642236,1986092
63.671,768520,873136,0,1641656,1986092
63.721,768520,872180,0,1640700,1986092
63.771,768520,871508,0,1640028,1986092
63.821,768520,871508,0,1640028,1986092
63.872,768532,871508,0,1640040,1986092
63.922,768572,871508,0,1640080,1986092
63.972,768600,871508,0,1640108,1986092
64.022,768608,871508,0,1640116,1986092
64.073,768608,871508,0,1640116,1986092
64.123,768608,871508,0,1640116,1986092
64.173,768612,871508,0,1640120,1986092
64.223,768612,871508,0,1640120,1986092
64.274,768616,871508,0,1640124,1986092
64.324,768720,871508,0,1640228,1986092
64.374,768728,871508,0,1640236,1986092
64.424,768728,871508,0,1640236,1986092
64.474,776984,871508,0,1648492,1986092
64.525,777048,871508,0,1648556,1986092
64.575,777108,871508,0,1648616,1986092
64.625,777180,871508,0,1648688,1986092
64.675,777912,871508,0,1649420,1986092
64.726,779076,871508,0,1650584,1986092
64.776,781680,871508,0,1653188,1986092
64.826,781772,871508,0,1653280,1986092
64.876,783248,871508,0,1654756,1986092
64.926,785908,871508,0,1657416,1986092
64.977,786288,871508,0,1657796,1986092
65.027,787868,871508,0,1659376,1986092
65.077,789108,871508,0,1660616,1986092
65.127,790900,871508,0,1662408,1986092
65.177,792272,871508,0,1663780,1986092
65.228,793124,871508,0,1664632,1986092
65.278,794896,871508,0,1666404,1986092
65.328,796320,871508,0,1667828,1986092
65.378,798896,871508,0,1670404,1986092
65.429,801112,871508,0,1672620,1986092
65.479,803784,871508,0,1675292,1986092
65.529,804536,871508,0,1676044,1986092
65.579,812952,871508,0,1684460,1986092
65.629,821396,871508,0,1692904,1986092
65.680,821744,871508,0,1693252,1986092
65.730,822092,871508,0,1693600,1986092
65.780,826572,871508,0,1698080,1986092
65.830,831096,871508,0,1702604,1986092
65.880,831580,871508,0,1703088,1986092
65.931,834080,871508,0,1705588,1986092
65.981,835024,871508,0,1706532,1986092
66.031,836680,871508,0,1708188,1986092
66.081,841364,871508,0,1712872,1986092
66.131,842884,871508,0,1714392,1986092
66.182,845452,871508,0,1716960,1986092
66.232,845976,871508,0,1717484,1986092
66.282,848312,871508,0,1719820,1986092
66.332,851396,871508,0,1722904,1986092
66.382,853404,871508,0,1724912,1986092
66.433,855368,871508,0,1726876,1986092
66.483,857696,871508,0,1729204,1986092
66.533,860556,871508,0,1732064,1986092
66.583,863228,871508,0,1734736,1986092
66.633,863996,871508,0,1735504,1986092
66.684,866016,871508,0,1737524,1986092
66.734,868136,871508,0,1739644,1986092
66.784,869276,871508,0,1740784,1986092
66.834,871224,871508,0,1742732,1986092
66.885,872756,871508,0,1744264,1986092
66.935,874256,871508,0,1745764,1986092
66.985,876328,871508,0,1747836,1986092
67.035,877488,871508,0,1748996,1986092
67.085,878864,871508,0,1750372,1986092
67.136,880596,871508,0,1752104,1986092
67.186,882880,871508,0,1754388,1986092
67.236,886804,871508,0,1758312,1986092
67.286,887996,871508,0,1759504,1986092
67.337,896788,871508,0,1768296,1986092
67.387,897416,871508,0,1768924,1986092
67.437,898128,871508,0,1769636,1986092
67.487,899628,871508,0,1771136,1986092
67.537,901268,871508,0,1772776,1986092
67.588,903484,871508,0,1774992,1986092
67.638,905528,871508,0,1777036,1986092
67.688,909844,871508,0,1781352,1986092
67.738,911628,871508,0,1783136,1986092
67.788,913004,871508,0,1784512,1986092
67.839,915380,871508,0,1786888,1986092
67.889,918256,871508,0,1789764,1986092
67.939,919624,871508,0,1791132,1986092
67.989,921176,871508,0,1792684,1986092
68.040,925348,871508,0,1796856,1986092
68.090,927120,871508,0,1798628,1986092
68.140,928012,871508,0,1799520,1986092
68.190,930464,871508,0,1801972,1986092
68.240,931576,871508,0,1803084,1986092
68.291,932792,871508,0,1804300,1986092
68.341,934852,871508,0,1806360,1986092
68.391,936820,871508,0,1808328,1986092
68.441,938960,871508,0,1810468,1986092
68.492,942136,871508,0,1813644,1986092
68.542,944800,871508,0,1816308,1986092
68.592,947972,871508,0,1819480,1986092
68.642,949188,871508,0,1820696,1986092
68.693,951252,871508,0,1822760,1986092
68.743,953060,871508,0,1824568,1986092
68.793,956160,871508,0,1827668,1986092
68.843,956956,871508,0,1828464,1986092
68.893,959020,871508,0,1830528,1986092
68.944,963900,871508,0,1835408,1986092
68.994,964796,871508,0,1836304,1986092
69.044,969736,871508,0,1841244,1986092
69.094,971640,871508,0,1843148,1986092
69.144,972552,871508,0,1844060,1986092
69.195,974740,871508,0,1846248,1986092
69.245,976624,871508,0,1848132,1986092
69.295,981024,871508,0,1852532,1986092
69.345,981968,871508,0,1853476,1986092
69.396,982592,871508,0,1854100,1986092
69.446,985952,871508,0,1857460,1986092
69.496,987788,871508,0,1859296,1986092
69.546,989976,871508,0,1861484,1986092
69.596,991884,871508,0,1863392,1986092
69.647,993484,871508,0,1864992,1986092
69.697,995916,871508,0,1867424,1986092
69.747,999176,871508,0,1870684,1986092
69.797,1002352,871508,0,1873860,1986092
69.848,1007444,871508,0,1878952,1986092
69.898,1007444,871508,0,1878952,1986092
69.948,1007444,871508,0,1878952,1986092
69.998,1007444,871508,0,1878952,1986092
70.049,1007444,871508,0,1878952,1986092
70.099,1007444,871508,0,1878952,1986092
70.149,1007444,871508,0,1878952,1986092
70.199,1007444,871508,0,1878952,1986092
70.249,1007444,871508,0,1878952,1986092
70.300,1007444,871508,0,1878952,1986092
70.350,714012,871508,0,1585520,1986092
70.400,714012,871508,0,1585520,1986092
70.450,714012,871508,0,1585520,1986092
70.500,714012,871508,0,1585520,1986092
70.551,714012,871508,0,1585520,1986092
70.601,714012,871508,0,1585520,1986092
70.651,714012,871508,0,1585520,1986092
70.701,714012,871508,0,1585520,1986092
70.752,714012,871508,0,1585520,1986092
70.802,714012,871508,0,1585520,1986092
70.852,714012,871508,0,1585520,1986092
70.902,714012,871508,0,1585520,1986092
70.952,714012,871508,0,1585520,1986092
71.003,714012,871508,0,1585520,1986092
71.053,714012,871508,0,1585520,1986092
71.103,714012,871508,0,1585520,1986092
71.153,714012,871508,0,1585520,1986092
71.204,714012,871508,0,1585520,1986092
71.254,714012,871508,0,1585520,1986092
71.304,714012,871508,0,1585520,1986092
71.354,714012,871508,0,1585520,1986092
71.404,714012,871508,0,1585520,1986092
71.455,714012,871508,0,1585520,1986092
71.505,714012,871508,0,1585520,1986092
71.555,714012,871508,0,1585520,1986092
71.605,714012,871508,0,1585520,1986092
71.656,714012,871508,0,1585520,1986092
71.706,714012,871508,0,1585520,1986092
71.756,714012,871508,0,1585520,1986092
71.806,714012,871508,0,1585520,1986092
71.856,714012,871508,0,1585520,1986092
71.907,714012,871508,0,1585520,1986092
71.957,714012,871508,0,1585520,1986092
72.007,714012,871508,0,1585520,1986092
72.057,714012,871508,0,1585520,1986092
72.108,714012,871508,0,1585520,1986092
72.158,714012,871508,0,1585520,1986092
72.208,714012,871508,0,1585520,1986092
72.258,714012,871508,0,1585520,1986092
72.309,714012,871508,0,1585520,1986092
72.359,714012,871508,0,1585520,1986092
72.409,714012,871508,0,1585520,1986092
72.459,714012,871508,0,1585520,1986092
72.509,714012,871508,0,1585520,1986092
72.560,714012,871508,0,1585520,1986092
72.610,714012,871508,0,1585520,1986092
72.660,714012,871508,0,1585520,1986092
72.710,714012,871508,0,1585520,1986092
72.761,714012,871508,0,1585520,1986092
72.811,714012,871508,0,1585520,1986092
72.861,714012,871508,0,1585520,1986092
72.911,714012,871508,0,1585520,1986092
72.961,714012,871508,0,1585520,1986092
73.012,714012,871508,0,1585520,1986092
73.062,714012,871508,0,1585520,1986092
73.112,714012,871508,0,1585520,1986092
73.162,714012,871508,0,1585520,1986092
73.212,714012,871508,0,1585520,1986092
73.263,714012,871508,0,1585520,1986092
73.313,714012,871508,0,1585520,1986092
73.363,714012,871508,0,1585520,1986092
73.414,714012,871508,0,1585520,1986092
73.464,714012,871508,0,1585520,1986092
73.514,714012,871508,0,1585520,1986092
73.564,714012,871508,0,1585520,1986092
73.614,714012,871508,0,1585520,1986092
73.665,714012,871508,0,1585520,1986092
73.715,714012,871508,0,1585520,1986092
73.765,714012,871508,0,1585520,1986092
73.815,714012,871508,0,1585520,1986092
73.865,714012,871508,0,1585520,1986092
73.916,714012,871508,0,1585520,1986092
73.966,714012,871508,0,1585520,1986092
74.016,714012,871508,0,1585520,1986092
74.066,714012,871508,0,1585520,1986092
74.116,714012,871508,0,1585520,1986092
74.167,714012,871508,0,1585520,1986092
74.217,714012,871508,0,1585520,1986092
74.267,714012,871508,0,1585520,1986092
74.317,714012,871508,0,1585520,1986092
74.367,714012,871508,0,1585520,1986092
74.418,714012,871508,0,1585520,1986092
74.468,714012,871508,0,1585520,1986092
74.518,714012,871508,0,1585520,1986092
74.568,714012,871508,0,1585520,1986092
74.619,714012,871508,0,1585520,1986092
74.669,714012,871508,0,1585520,1986092
74.719,714012,871508,0,1585520,1986092
74.769,714012,871508,0,1585520,1986092
74.819,714012,871508,0,1585520,1986092
74.870,714012,871508,0,1585520,1986092
74.920,715720,871508,0,1587228,1986092
74.970,717696,871508,0,1589204,1986092
75.020,719272,871508,0,1590780,1986092
75.070,720544,871508,0,1592052,1986092
75.121,722328,871508,0,1593836,1986092
75.171,724660,871508,0,1596168,1986092
75.221,726552,871508,0,1598060,1986092
75.271,728460,871508,0,1599968,1986092
75.321,730188,871508,0,1601696,1986092
75.372,731460,871508,0,1602968,1986092
75.422,733356,871508,0,1604864,1986092
75.472,736724,871508,0,1608232,1986092
75.522,740992,871508,0,1612500,1986092
75.572,741628,871508,0,1613136,1986092
75.623,745788,871508,0,1617296,1986092
75.673,746660,871508,0,1618168,1986092
75.723,751668,871508,0,1623176,1986092
75.773,753252,871508,0,1624760,1986092
75.824,754608,871508,0,1626116,1986092
75.874,758352,871508,0,1629860,1986092
75.924,766912,871508,0,1638420,1986092
75.974,767312,871508,0,1638820,1986092
76.024,777984,871508,0,1649492,1986092
76.075,778452,871508,0,1649960,1986092
76.125,778912,871508,0,1650420,1986092
76.175,779424,871508,0,1650932,1986092
76.225,782484,871508,0,1653992,1986092
76.275,785020,871508,0,1656528,1986092
76.326,786584,871508,0,1658092,1986092
76.376,789152,871508,0,1660660,1986092
76.426,790288,871508,0,1661796,1986092
76.476,794052,871508,0,1665560,1986092
76.526,796604,871508,0,1668112,1986092
76.577,797952,871508,0,1669460,1986092
76.627,800304,871508,0,1671812,1986092
76.677,801760,871508,0,1673268,1986092
76.727,805368,871508,0,1676876,1986092
76.777,806972,871508,0,1678480,1986092
76.828,809604,871508,0,1681112,1986092
76.878,811468,871508,0,1682976,1986092
76.928,820472,871508,0,1691980,1986092
76.978,829332,871508,0,1700840,1986092
77.029,830112,871508,0,1701620,1986092
77.079,830868,871508,0,1702376,1986092
77.129,831688,871508,0,1703196,1986092
77.179,833840,871508,0,1705348,1986092
77.229,835992,871508,0,1707500,1986092
77.280,838664,871508,0,1710172,1986092
77.330,840672,871508,0,1712180,1986092
77.380,841884,871508,0,1713392,1986092
77.431,844176,871508,0,1715684,1986092
77.481,845212,871508,0,1716720,1986092
77.531,847408,871508,0,1718916,1986092
77.581,849068,871508,0,1720576,1986092
77.631,852048,871508,0,1723556,1986092
77.682,854428,871508,0,1725936,1986092
77.732,856700,871508,0,1728208,1986092
77.782,858272,871508,0,1729780,1986092
77.832,860288,871508,0,1731796,1986092
77.883,862800,871508,0,1734308,1986092
77.933,867832,871508,0,1739340,1986092
77.983,870836,871508,0,1742344,1986092
78.033,872812,871508,0,1744320,1986092
78.083,874792,871508,0,1746300,1986092
78.134,877916,871508,0,1749424,1986092
78.184,879820,871508,0,1751328,1986092
78.234,881280,871508,0,1752788,1986092
78.285,883876,871508,0,1755384,1986092
78.335,886048,871508,0,1757556,1986092
78.385,888228,871508,0,1759736,1986092
78.435,890552,871508,0,1762060,1986092
78.486,894760,871508,0,1766268,1986092
78.536,897768,871508,0,1769276,1986092
78.586,899124,871508,0,1770632,1986092
78.636,901664,871508,0,1773172,1986092
78.686,904204,871508,0,1775712,1986092
78.736,907224,871508,0,1778732,1986092
78.787,910324,871508,0,1781832,1986092
78.837,911888,871508,0,1783396,1986092
78.887,913444,871508,0,1784952,1986092
78.937,915560,871508,0,1787068,1986092
78.987,919360,871508,0,1790868,1986092
79.038,921544,871508,0,1793052,1986092
79.088,925084,871508,0,1796592,1986092
79.138,927164,871508,0,1798672,1986092
79.188,930504,871508,0,1802012,1986092
79.238,933400,871508,0,1804908,1986092
79.289,934808,871508,0,1806316,1986092
79.339,937172,871508,0,1808680,1986092
79.389,940040,871508,0,1811548,1986092
79.439,942160,871508,0,1813668,1986092
79.490,944164,871508,0,1815672,1986092
79.540,945900,871508,0,1817408,1986092
79.590,950816,871508,0,1822324,1986092
79.640,952656,871508,0,1824164,1986092
79.690,955968,871508,0,1827476,1986092
79.741,958080,871508,0,1829588,1986092
79.791,960336,871508,0,1831844,1986092
79.841,962448,871508,0,1833956,1986092
79.891,967520,871508,0,1839028,1986092
79.942,968980,871508,0,1840488,1986092
79.992,971012,871508,0,1842520,1986092
80.042,973468,871508,0,1844976,1986092
80.092,975532,871508,0,1847040,1986092
80.142,978656,871508,0,1850164,1986092
80.193,981924,871508,0,1853432,1986092
80.243,984696,871508,0,1856204,1986092
80.293,987256,871508,0,1858764,1986092
80.343,990400,871508,0,1861908,1986092
80.393,991524,871508,0,1863032,1986092
80.444,993372,871508,0,1864880,1986092
80.494,996020,871508,0,1867528,1986092
80.544,999912,871508,0,1871420,1986092
80.594,1001948,871508,0,1873456,1986092
80.645,1005596,871508,0,1877104,1986092
80.695,1007656,871508,0,1879164,1986092
80.745,1007656,871508,0,1879164,1986092
80.795,1007656,871508,0,1879164,1986092
80.846,1007656,871508,0,1879164,1986092
80.896,1007656,871508,0,1879164,1986092
80.946,1007656,871508,0,1879164,1986092
80.996,1007656,871508,0,1879164,1986092
81.047,1007656,871508,0,1879164,1986092
81.097,1007656,871508,0,1879164,1986092
81.147,1007656,871508,0,1879164,1986092
81.197,731148,871508,0,1602656,1986092
81.247,731148,871508,0,1602656,1986092
81.298,731148,871508,0,1602656,1986092
81.348,731148,871508,0,1602656,1986092
81.398,731148,871508,0,1602656,1986092
81.448,731148,871508,0,1602656,1986092
81.498,731148,871508,0,1602656,1986092
81.549,731148,871508,0,1602656,1986092
81.599,731148,871508,0,1602656,1986092
81.649,731148,871508,0,1602656,1986092
81.699,662380,871508,0,1533888,1986092
81.750,605820,871508,0,1477328,1986092
81.800,605820,871508,0,1477328,1986092
81.850,605820,871508,0,1477328,1986092
81.900,605820,871508,0,1477328,1986092
81.951,605820,871508,0,1477328,1986092
82.001,605820,871508,0,1477328,1986092
82.051,605820,871508,0,1477328,1986092
82.101,605820,871508,0,1477328,1986092
82.151,605820,871508,0,1477328,1986092
82.202,605820,871508,0,1477328,1986092
82.252,605820,871508,0,1477328,1986092
82.302,605820,871508,0,1477328,1986092
82.352,605820,871508,0,1477328,1986092
82.402,605820,871508,0,1477328,1986092
82.453,605820,871508,0,1477328,1986092
82.503,605820,871508,0,1477328,1986092
82.553,605820,871508,0,1477328,1986092
82.603,605820,871508,0,1477328,1986092
82.653,605820,871508,0,1477328,1986092
82.704,605820,871508,0,1477328,1986092
82.754,605820,871508,0,1477328,1986092
82.804,605820,871508,0,1477328,1986092
82.854,605820,871508,0,1477328,1986092
82.904,605820,871508,0,1477328,1986092
82.955,605820,871508,0,1477328,1986092
83.005,504904,871508,0,1376412,1986092
83.055,506564,871508,0,1378072,1986092
83.105,508416,871508,0,1379924,1986092
83.156,510236,871508,0,1381744,1986092
83.206,512476,871508,0,1383984,1986092
83.256,514452,871508,0,1385960,1986092
83.306,516956,871508,0,1388464,1986092
83.356,518932,871508,0,1390440,1986092
83.407,520280,871508,0,1391788,1986092
83.457,521768,871508,0,1393276,1986092
83.507,523580,871508,0,1395088,1986092
83.557,525828,871508,0,1397336,1986092
83.608,527136,871508,0,1398644,1986092
83.658,528992,871508,0,1400500,1986092
83.708,530484,871508,0,1401992,1986092
83.758,533076,871508,0,1404584,1986092
83.808,534660,871508,0,1406168,1986092
83.859,536320,871508,0,1407828,1986092
83.909,538148,871508,0,1409656,1986092
83.959,540252,871508,0,1411760,1986092
84.009,545008,871508,0,1416516,1986092
84.060,546384,871508,0,1417892,1986092
84.110,547576,871508,0,1419084,1986092
84.160,551620,871508,0,1423128,1986092
84.210,553720,871508,0,1425228,1986092
84.260,559608,871508,0,1431116,1986092
84.311,564428,871508,0,1435936,1986092
84.361,566168,871508,0,1437676,1986092
84.411,569660,871508,0,1441168,1986092
84.461,572080,871508,0,1443588,1986092
84.511,573752,871508,0,1445260,1986092
84.562,576792,871508,0,1448300,1986092
84.612,579080,871508,0,1450588,1986092
84.662,582808,871508,0,1454316,1986092
84.712,591756,871508,0,1463264,1986092
84.763,592540,871508,0,1464048,1986092
84.813,593324,871508,0,1464832,1986092
84.863,594544,871508,0,1466052,1986092
84.913,597124,871508,0,1468632,1986092
84.963,600156,871508,0,1471664,1986092
85.014,602788,871508,0,1474296,1986092
85.064,604784,871508,0,1476292,1986092
85.114,607444,871508,0,1478952,1986092
85.164,609968,871508,0,1481476,1986092
85.214,612440,871508,0,1483948,1986092
85.265,615028,871508,0,1486536,1986092
85.315,618212,871508,0,1489720,1986092
85.365,621032,871508,0,1492540,1986092
85.415,623504,871508,0,1495012,1986092
85.466,627004,871508,0,1498512,1986092
85.516,628968,871508,0,1500476,1986092
85.566,632364,871508,0,1503872,1986092
85.616,635664,871508,0,1507172,1986092
85.666,638132,871508,0,1509640,1986092
85.717,641892,871508,0,1513400,1986092
85.767,643744,871508,0,1515252,1986092
85.817,645040,871508,0,1516548,1986092
85.867,646968,871508,0,1518476,1986092
85.917,648632,871508,0,1520140,1986092
85.968,650748,871508,0,1522256,1986092
86.018,653400,871508,0,1524908,1986092
86.068,656840,871508,0,1528348,1986092
86.118,659908,871508,0,1531416,1986092
86.169,661988,871508,0,1533496,1986092
86.219,665224,871508,0,1536732,1986092
86.269,668100,871508,0,1539608,1986092
86.319,670104,871508,0,1541612,1986092
86.369,672948,871508,0,1544456,1986092
86.420,676404,871508,0,1547912,1986092
86.470,679876,871508,0,1551384,1986092
86.520,682948,871508,0,1554456,1986092
86.570,684844,871508,0,1556352,1986092
86.620,687340,871508,0,1558848,1986092
86.671,690536,871508,0,1562044,1986092
86.721,692964,871508,0,1564472,1986092
86.771,694876,871508,0,1566384,1986092
86.821,696492,871508,0,1568000,1986092
86.872,703364,871508,0,1574872,1986092
86.922,704292,871508,0,1575800,1986092
86.972,709460,871508,0,1580968,1986092
87.022,710612,871508,0,1582120,1986092
87.072,711740,871508,0,1583248,1986092
87.123,717064,871508,0,1588572,1986092
87.173,718252,871508,0,1589760,1986092
87.223,723384,871508,0,1594892,1986092
87.273,726544,871508,0,1598052,1986092
87.324,730136,871508,0,1601644,1986092
87.374,739316,871508,0,1610824,1986092
87.424,740544,871508,0,1612052,1986092
87.474,743792,871508,0,1615300,1986092
87.525,753088,871508,0,1624596,1986092
87.575,754388,871508,0,1625896,1986092
87.625,755364,871508,0,1626872,1986092
87.675,757204,871508,0,1628712,1986092
87.725,758164,871508,0,1629672,1986092
87.776,764488,871508,0,1635996,1986092
87.826,765336,871508,0,1636844,1986092
87.876,766720,871508,0,1638228,1986092
87.926,769336,871508,0,1640844,1986092
87.977,772256,871508,0,1643764,1986092
88.027,774284,871508,0,1645792,1986092
88.077,776664,871508,0,1648172,1986092
88.134,781404,871508,0,1652912,1986092
88.184,783032,871508,0,1654540,1986092
88.234,787372,871508,0,1658880,1986092
88.285,789620,871508,0,1661128,1986092
88.335,799748,871508,0,1671256,1986092
88.385,810984,871508,0,1682492,1986092
88.435,812092,871508,0,1683600,1986092
88.486,813252,871508,0,1684760,1986092
88.536,814336,871508,0,1685844,1986092
88.586,815424,871508,0,1686932,1986092
88.636,816720,871508,0,1688228,1986092
88.686,818044,871508,0,1689552,1986092
88.737,819512,871508,0,1691020,1986092
88.787,821132,871508,0,1692640,1986092
88.837,822840,871508,0,1694348,1986092
88.887,824560,871508,0,1696068,1986092
88.938,828500,871508,0,1700008,1986092
88.988,830816,871508,0,1702324,1986092
89.038,832228,871508,0,1703736,1986092
89.088,835272,871508,0,1706780,1986092
89.138,838644,871508,0,1710152,1986092
89.189,840356,871508,0,1711864,1986092
89.239,842300,871508,0,1713808,1986092
89.289,844356,871508,0,1715864,1986092
89.339,846880,871508,0,1718388,1986092
89.389,849176,871508,0,1720684,1986092
89.440,852640,871508,0,1724148,1986092
89.490,855292,871508,0,1726800,1986092
89.540,857024,871508,0,1728532,1986092
89.590,859448,871508,0,1730956,1986092
89.641,866608,871508,0,1738116,1986092
89.691,867580,871508,0,1739088,1986092
89.741,868768,871508,0,1740276,1986092
89.791,872104,871508,0,1743612,1986092
89.841,874592,871508,0,1746100,1986092
89.892,876212,871508,0,1747720,1986092
89.942,877924,871508,0,1749432,1986092
89.992,880224,871508,0,1751732,1986092
90.042,884440,871508,0,1755948,1986092
90.093,885712,871508,0,1757220,1986092
90.143,888124,871508,0,1759632,1986092
90.193,889648,871508,0,1761156,1986092
90.243,892080,871508,0,1763588,1986092
90.293,893948,871508,0,1765456,1986092
90.344,895892,871252,0,1767144,1986092
90.394,900040,871252,0,1771292,1986092
90.444,902116,871252,0,1773368,1986092
90.494,903784,871252,0,1775036,1986092
90.545,907208,871252,0,1778460,1986092
90.595,910376,871252,0,1781628,1986092
90.645,914388,870996,0,1785384,1986092
90.695,915568,869972,0,1785540,1986092
90.745,917776,869972,0,1787748,1986092
90.796,918444,868628,0,1787072,1986092
90.846,919496,868628,0,1788124,1986092
90.896,920644,866068,0,1786712,1986092
90.946,921952,865492,0,1787444,1986092
90.996,923492,865492,0,1788984,1986092
91.047,925028,865492,0,1790520,1986092
91.097,926540,865044,0,1791584,1986092
91.147,928736,863668,0,1792404,1986092
91.197,934372,863652,0,1798024,1986092
91.248,937572,863652,0,1801224,1986092
91.298,940664,863652,0,1804316,1986092
91.348,941712,863652,0,1805364,1986092
91.398,944028,863396,0,1807424,1986092
91.448,947008,862308,0,1809316,1986092
91.499,948060,862308,0,1810368,1986092
91.549,950144,862148,0,1812292,1986092
91.599,951672,861396,0,1813068,1986092
91.649,954056,860388,0,1814444,1986092
91.700,956800,860292,0,1817092,1986092
91.750,958036,860212,0,1818248,1986092
91.800,960316,860084,0,1820400,1986092
91.850,962596,859508,0,1822104,1986092
91.901,964660,859444,0,1824104,1986092
91.951,966088,859444,0,1825532,1986092
92.001,967420,857844,0,1825264,1986092
92.051,968960,856788,0,1825748,1986092
92.102,971088,854900,0,1825988,1986092
92.152,975024,853268,0,1828292,1986092
92.202,975708,852756,0,1828464,1986092
92.252,979732,851816,0,1831548,1986092
92.302,980668,851496,0,1832164,1986092
92.353,982368,851560,0,1833928,1986092
92.403,984432,851560,0,1835992,1986092
92.453,987628,851560,0,1839188,1986092
92.503,988940,851560,0,1840500,1986092
92.553,990904,851560,0,1842464,1986092
92.604,992780,851560,0,1844340,1986092
92.654,994452,851560,0,1846012,1986092
92.704,996580,851560,0,1848140,1986092
92.754,1001008,851560,0,1852568,1986092
92.805,1001776,851560,0,1853336,1986092
92.855,1002476,851560,0,1854036,1986092
92.905,1006584,851560,0,1858144,1986092
92.955,1006584,851560,0,1858144,1986092
93.005,1006584,851560,0,1858144,1986092
93.056,1006584,851560,0,1858144,1986092
93.106,1006584,851560,0,1858144,1986092
93.156,1006584,851560,0,1858144,1986092
93.206,1006584,851560,0,1858144,1986092
93.256,1006584,851560,0,1858144,1986092
93.307,1006584,851560,0,1858144,1986092
93.357,822688,851560,0,1674248,1986092
93.407,739220,851560,0,1590780,1986092
93.457,739220,851560,0,1590780,1986092
93.507,739220,851560,0,1590780,1986092
93.558,739220,851560,0,1590780,1986092
93.608,739220,851560,0,1590780,1986092
93.658,739220,851560,0,1590780,1986092
93.709,739220,851560,0,1590780,1986092
93.759,739220,851560,0,1590780,1986092
93.809,739220,851560,0,1590780,1986092
93.859,739220,851560,0,1590780,1986092
93.909,739220,851560,0,1590780,1986092
93.960,739220,851560,0,1590780,1986092
94.010,739220,851560,0,1590780,1986092
94.060,739220,851560,0,1590780,1986092
94.110,739220,851560,0,1590780,1986092
94.160,739220,851560,0,1590780,1986092
94.211,739220,851560,0,1590780,1986092
94.261,739220,851560,0,1590780,1986092
94.311,739220,851560,0,1590780,1986092
94.361,739220,851560,0,1590780,1986092
94.412,739220,851560,0,1590780,1986092
94.462,739220,851560,0,1590780,1986092
94.512,739220,851560,0,1590780,1986092
94.562,739220,851560,0,1590780,1986092
94.612,739220,851560,0,1590780,1986092
94.663,739220,851560,0,1590780,1986092
94.713,739220,851560,0,1590780,1986092
94.763,739220,851560,0,1590780,1986092
94.813,739220,851560,0,1590780,1986092
94.863,739220,851560,0,1590780,1986092
94.914,739220,851560,0,1590780,1986092
94.964,739220,851560,0,1590780,1986092
95.014,739220,851560,0,1590780,1986092
95.064,739220,851560,0,1590780,1986092
95.114,739220,851560,0,1590780,1986092
95.165,739220,851560,0,1590780,1986092
95.215,739220,851560,0,1590780,1986092
95.265,739220,851560,0,1590780,1986092
95.315,739220,851560,0,1590780,1986092
95.366,739220,851560,0,1590780,1986092
95.416,739220,851560,0,1590780,1986092
95.466,739220,851560,0,1590780,1986092
95.516,739220,851560,0,1590780,1986092
95.566,739220,851560,0,1590780,1986092
95.617,739220,851560,0,1590780,1986092
95.667,739220,851560,0,1590780,1986092
95.717,739220,851560,0,1590780,1986092
95.767,739220,851560,0,1590780,1986092
95.817,739220,851560,0,1590780,1986092
95.868,739220,851560,0,1590780,1986092
95.918,739220,851560,0,1590780,1986092
95.968,739220,851560,0,1590780,1986092
96.018,739220,851560,0,1590780,1986092
96.069,739220,851560,0,1590780,1986092
96.119,739220,851560,0,1590780,1986092
96.169,739220,851560,0,1590780,1986092
96.219,739220,851560,0,1590780,1986092
96.269,739220,851560,0,1590780,1986092
96.320,739220,851560,0,1590780,1986092
96.370,739220,851560,0,1590780,1986092
96.420,739220,851560,0,1590780,1986092
96.470,739220,851560,0,1590780,1986092
96.521,739220,851560,0,1590780,1986092
96.571,739220,851560,0,1590780,1986092
96.621,739220,851560,0,1590780,1986092
96.671,739220,851560,0,1590780,1986092
96.721,739220,851560,0,1590780,1986092
96.772,739220,851560,0,1590780,1986092
96.822,739220,851560,0,1590780,1986092
96.872,739220,851560,0,1590780,1986092
96.922,739220,851560,0,1590780,1986092
96.972,739220,851560,0,1590780,1986092
97.023,739220,851560,0,1590780,1986092
97.073,739220,851560,0,1590780,1986092
97.123,739220,851560,0,1590780,1986092
97.173,739220,851560,0,1590780,1986092
97.224,739220,851560,0,1590780,1986092
97.274,739220,851560,0,1590780,1986092
97.324,739220,851560,0,1590780,1986092
97.374,739220,851560,0,1590780,1986092
97.425,739220,851560,0,1590780,1986092
97.475,739220,851560,0,1590780,1986092
97.525,739220,851560,0,1590780,1986092
97.575,739220,851560,0,1590780,1986092
97.625,739220,851560,0,1590780,1986092
97.676,739220,851560,0,1590780,1986092
97.726,739220,851560,0,1590780,1986092
97.776,739220,851560,0,1590780,1986092
97.826,739220,851560,0,1590780,1986092
97.876,739220,851560,0,1590780,1986092
97.927,739220,851560,0,1590780,1986092
97.977,739220,851560,0,1590780,1986092
98.027,739220,851560,0,1590780,1986092
98.077,739220,851560,0,1590780,1986092
98.128,739220,851560,0,1590780,1986092
98.178,739220,851560,0,1590780,1986092
98.228,739220,851560,0,1590780,1986092
98.278,739220,851560,0,1590780,1986092
98.328,739248,851560,0,1590808,1986092
98.379,739276,851560,0,1590836,1986092
98.429,739276,851560,0,1590836,1986092
98.479,741600,851560,0,1593160,1986092
98.529,743688,851560,0,1595248,1986092
98.580,751320,851560,0,1602880,1986092
98.630,751436,851560,0,1602996,1986092
98.680,752128,851560,0,1603688,1986092
98.730,761128,851560,0,1612688,1986092
98.780,761348,851560,0,1612908,1986092
98.831,769784,851560,0,1621344,1986092
98.881,770076,851560,0,1621636,1986092
98.931,770384,851560,0,1621944,1986092
98.981,772280,851560,0,1623840,1986092
99.032,773684,851560,0,1625244,1986092
99.082,779612,851560,0,1631172,1986092
99.132,779976,851560,0,1631536,1986092
99.182,780308,851560,0,1631868,1986092
99.232,782716,851560,0,1634276,1986092
99.283,784328,851560,0,1635888,1986092
99.333,786520,851560,0,1638080,1986092
99.383,799796,851560,0,1651356,1986092
99.433,803664,851560,0,1655224,1986092
99.483,804204,851560,0,1655764,1986092
99.534,804732,851560,0,1656292,1986092
99.584,805236,851560,0,1656796,1986092
99.634,806940,851560,0,1658500,1986092
99.684,811672,851560,0,1663232,1986092
99.734,813268,851560,0,1664828,1986092
99.785,814884,851560,0,1666444,1986092
99.835,816336,851560,0,1667896,1986092
99.885,818688,851560,0,1670248,1986092
99.935,820436,851560,0,1671996,1986092
99.985,823436,851560,0,1674996,1986092
100.036,825264,851560,0,1676824,1986092
100.086,826544,851560,0,1678104,1986092
100.136,829476,851560,0,1681036,1986092
100.186,831648,851560,0,1683208,1986092
100.236,834216,851560,0,1685776,1986092
100.286,837004,851560,0,1688564,1986092
100.337,838752,851560,0,1690312,1986092
100.387,841656,851560,0,1693216,1986092
100.437,842752,851560,0,1694312,1986092
100.487,844700,851560,0,1696260,1986092
100.537,846680,851560,0,1698240,1986092
100.588,849000,851560,0,1700560,1986092
100.638,851380,851560,0,1702940,1986092
100.688,852668,851560,0,1704228,1986092
100.738,854344,851560,0,1705904,1986092
100.789,856220,851560,0,1707780,1986092
100.839,858724,851560,0,1710284,1986092
100.889,860660,851560,0,1712220,1986092
100.939,863308,851560,0,1714868,1986092
100.989,865016,851560,0,1716576,1986092
101.039,866800,851560,0,1718360,1986092
101.090,868812,851560,0,1720372,1986092
101.140,871680,851560,0,1723240,1986092
101.190,878632,851560,0,1730192,1986092
101.240,880448,851560,0,1732008,1986092
101.290,881228,851560,0,1732788,1986092
101.341,883308,851560,0,1734868,1986092
101.391,885692,851560,0,1737252,1986092
101.441,887752,851560,0,1739312,1986092
101.491,890996,851560,0,1742556,1986092
101.541,894688,851560,0,1746248,1986092
101.592,897912,851560,0,1749472,1986092
101.642,902872,851560,0,1754432,1986092
101.692,906028,851560,0,1757588,1986092
101.742,906892,851560,0,1758452,1986092
101.792,907856,851560,0,1759416,1986092
101.843,913100,851560,0,1764660,1986092
101.893,914068,851560,0,1765628,1986092
101.943,917116,851560,0,1768676,1986092
101.993,918932,851560,0,1770492,1986092
102.044,921324,851560,0,1772884,1986092
102.094,923608,851560,0,1775168,1986092
102.144,926612,851560,0,1778172,1986092
102.194,929572,851560,0,1781132,1986092
102.244,931084,851560,0,1782644,1986092
102.295,934624,851560,0,1786184,1986092
102.345,937696,851560,0,1789256,1986092
102.395,938604,851560,0,1790164,1986092
102.445,940012,851560,0,1791572,1986092
102.495,943116,851560,0,1794676,1986092
102.546,944644,851560,0,1796204,1986092
102.596,946144,851560,0,1797704,1986092
102.646,950440,851560,0,1802000,1986092
102.696,953944,851560,0,1805504,1986092
102.746,955216,851560,0,1806776,1986092
102.797,960740,851560,0,1812300,1986092
102.847,961744,851560,0,1813304,1986092
102.897,964852,851560,0,1816412,1986092
102.947,966424,851560,0,1817984,1986092
102.998,970596,851560,0,1822156,1986092
103.048,979812,851560,0,1831372,1986092
103.098,985012,851560,0,1836572,1986092
103.148,986180,851560,0,1837740,1986092
103.198,987356,851560,0,1838916,1986092
103.249,989056,851560,0,1840616,1986092
103.299,991276,851560,0,1842836,1986092
103.349,992932,851560,0,1844492,1986092
103.399,1002076,851560,0,1853636,1986092
103.449,1003188,851560,0,1854748,1986092
103.500,1004368,851560,0,1855928,1986092
103.550,1005544,851560,0,1857104,1986092
103.600,1011168,851560,0,1862728,1986092
103.650,1032560,851560,0,1884120,1986092
103.700,1032620,851560,0,1884180,1986092
103.751,1032620,851560,0,1884180,1986092
103.801,1032620,851560,0,1884180,1986092
103.851,1032620,851560,0,1884180,1986092
103.901,1032620,851560,0,1884180,1986092
103.952,1032620,851560,0,1884180,1986092
104.002,1032620,851560,0,1884180,1986092
104.052,1032620,851560,0,1884180,1986092
104.102,799020,851560,0,1650580,1986092
104.153,799020,851560,0,1650580,1986092
104.203,799020,851560,0,1650580,1986092
104.253,725372,851560,0,1576932,1986092
104.303,725372,851560,0,1576932,1986092
104.354,725372,851560,0,1576932,1986092
104.404,725372,851560,0,1576932,1986092
104.454,725372,851560,0,1576932,1986092
104.504,482132,851620,0,1333752,1986092
104.554,482132,851620,0,1333752,1986092
104.605,482132,851620,0,1333752,1986092
104.655,482132,851620,0,1333752,1986092
104.705,482132,851620,0,1333752,1986092
104.755,482132,851620,0,1333752,1986092
104.806,482132,851620,0,1333752,1986092
104.856,482132,851620,0,1333752,1986092
104.906,482132,851620,0,1333752,1986092
104.956,482132,851620,0,1333752,1986092
105.006,482132,851620,0,1333752,1986092
105.057,482132,851620,0,1333752,1986092
105.107,506800,851620,0,1358420,1986092
105.157,515636,851620,0,1367256,1986092
105.207,520272,851620,0,1371892,1986092
105.257,520272,851620,0,1371892,1986092
105.308,520272,851620,0,1371892,1986092
105.358,520272,851620,0,1371892,1986092
105.408,520272,851620,0,1371892,1986092
105.458,520272,851620,0,1371892,1986092
105.509,520272,851620,0,1371892,1986092
105.559,520272,851620,0,1371892,1986092
105.609,520272,851620,0,1371892,1986092
105.659,533900,851620,0,1385520,1986092
105.710,555808,851620,0,1407428,1986092
105.760,555808,851620,0,1407428,1986092
105.810,555808,851620,0,1407428,1986092
105.860,555808,851620,0,1407428,1986092
105.911,555808,851620,0,1407428,1986092
105.961,555808,851620,0,1407428,1986092
106.011,555808,851620,0,1407428,1986092
106.061,555808,851620,0,1407428,1986092
106.112,555808,851620,0,1407428,1986092
106.162,555808,851620,0,1407428,1986092
106.212,555808,851620,0,1407428,1986092
106.262,555808,851620,0,1407428,1986092
106.313,555808,851620,0,1407428,1986092
106.363,555808,851620,0,1407428,1986092
106.413,555808,851620,0,1407428,1986092
106.463,555808,851620,0,1407428,1986092
106.514,555808,851620,0,1407428,1986092
106.564,555808,851620,0,1407428,1986092
106.614,555808,851620,0,1407428,1986092
106.664,555808,851620,0,1407428,1986092
106.714,555808,851620,0,1407428,1986092
106.765,555808,851620,0,1407428,1986092
106.815,555808,851620,0,1407428,1986092
106.865,555808,851620,0,1407428,1986092
106.915,555808,851620,0,1407428,1986092
106.965,555808,851620,0,1407428,1986092
107.016,555808,851620,0,1407428,1986092
107.066,555808,851620,0,1407428,1986092
107.116,555808,851620,0,1407428,1986092
107.166,555808,851620,0,1407428,1986092
107.217,555808,851620,0,1407428,1986092
107.267,555808,851620,0,1407428,1986092
107.317,555808,851620,0,1407428,1986092
107.367,555808,851620,0,1407428,1986092
107.418,555808,851620,0,1407428,1986092
107.468,555808,851620,0,1407428,1986092
107.518,555808,851620,0,1407428,1986092
107.568,555808,851620,0,1407428,1986092
107.619,555808,851620,0,1407428,1986092
107.669,555808,851620,0,1407428,1986092
107.719,555808,851620,0,1407428,1986092
107.769,555808,851620,0,1407428,1986092
107.819,555808,851620,0,1407428,1986092
107.870,555808,851620,0,1407428,1986092
107.920,555808,851620,0,1407428,1986092
107.970,555808,851620,0,1407428,1986092
108.020,555808,851620,0,1407428,1986092
108.071,555808,851620,0,1407428,1986092
108.121,555808,851620,0,1407428,1986092
108.171,555808,851620,0,1407428,1986092
108.221,555808,851620,0,1407428,1986092
108.272,555808,851620,0,1407428,1986092
108.322,555808,851620,0,1407428,1986092
108.372,555808,851620,0,1407428,1986092
108.422,555808,851620,0,1407428,1986092
108.473,555808,851620,0,1407428,1986092
108.523,555808,851620,0,1407428,1986092
108.573,555808,851620,0,1407428,1986092
108.623,555808,851620,0,1407428,1986092
108.674,555808,851620,0,1407428,1986092
108.724,555808,851620,0,1407428,1986092
108.774,555808,851620,0,1407428,1986092
108.824,555808,851620,0,1407428,1986092
108.874,555808,851620,0,1407428,1986092
108.925,555808,851620,0,1407428,1986092
108.975,555808,851620,0,1407428,1986092
109.025,555808,851620,0,1407428,1986092
109.075,555808,851620,0,1407428,1986092
109.125,555808,851620,0,1407428,1986092
109.176,555808,851620,0,1407428,1986092
109.226,555808,851620,0,1407428,1986092
109.276,555808,851620,0,1407428,1986092
109.326,555808,851620,0,1407428,1986092
109.377,555808,851620,0,1407428,1986092
109.427,555808,851620,0,1407428,1986092
109.477,555808,851620,0,1407428,1986092
109.527,555808,851620,0,1407428,1986092
109.577,555808,851620,0,1407428,1986092
109.627,555808,851620,0,1407428,1986092
109.678,555808,851620,0,1407428,1986092
109.728,555808,851620,0,1407428,1986092
109.778,555808,851620,0,1407428,1986092
109.828,555808,851620,0,1407428,1986092
109.878,555808,851620,0,1407428,1986092
109.929,555808,851620,0,1407428,1986092
109.979,555808,851620,0,1407428,1986092
110.029,555808,851620,0,1407428,1986092
110.079,555808,851620,0,1407428,1986092
110.130,555808,851620,0,1407428,1986092
110.180,555808,851620,0,1407428,1986092
110.230,555808,851620,0,1407428,1986092
110.280,557488,851620,0,1409108,1986092
110.331,557488,851620,0,1409108,1986092
110.381,557488,851620,0,1409108,1986092
110.431,557488,851620,0,1409108,1986092
110.481,557488,851620,0,1409108,1986092
110.532,557488,851620,0,1409108,1986092
110.582,557488,851620,0,1409108,1986092
110.632,557488,851620,0,1409108,1986092
110.682,557488,851620,0,1409108,1986092
110.732,557488,851620,0,1409108,1986092
110.783,557488,851620,0,1409108,1986092
110.833,557488,851620,0,1409108,1986092
110.883,557488,851620,0,1409108,1986092
110.933,557488,851620,0,1409108,1986092
110.984,557488,851620,0,1409108,1986092
111.034,557488,851620,0,1409108,1986092
111.084,557488,851620,0,1409108,1986092
111.134,557488,851620,0,1409108,1986092
111.184,557488,851620,0,1409108,1986092
111.235,557488,851620,0,1409108,1986092
111.285,557488,851620,0,1409108,1986092
111.335,557488,851620,0,1409108,1986092
111.385,557488,851620,0,1409108,1986092
111.436,557488,851620,0,1409108,1986092
111.486,557488,851620,0,1409108,1986092
111.536,557488,851620,0,1409108,1986092
111.586,557488,851620,0,1409108,1986092
111.636,557488,851620,0,1409108,1986092
111.687,557488,851620,0,1409108,1986092
111.737,557488,851620,0,1409108,1986092
111.787,557488,851620,0,1409108,1986092
111.837,557488,851620,0,1409108,1986092
111.888,557488,851620,0,1409108,1986092
111.938,557488,851620,0,1409108,1986092
111.988,557488,851620,0,1409108,1986092
112.038,557488,851620,0,1409108,1986092
112.089,557488,851620,0,1409108,1986092
112.139,557488,851620,0,1409108,1986092
112.189,557488,851620,0,1409108,1986092
112.239,557488,851620,0,1409108,1986092
112.290,557488,851620,0,1409108,1986092
112.340,557488,851620,0,1409108,1986092
112.390,557488,851620,0,1409108,1986092
112.440,557488,851620,0,1409108,1986092
112.490,557488,851620,0,1409108,1986092
112.541,557488,851620,0,1409108,1986092
112.591,557488,851620,0,1409108,1986092
112.641,557488,851620,0,1409108,1986092
112.691,557488,851620,0,1409108,1986092
112.742,557488,851620,0,1409108,1986092
112.792,557488,851620,0,1409108,1986092
112.842,557488,851620,0,1409108,1986092
112.892,557488,851620,0,1409108,1986092
112.943,557488,851620,0,1409108,1986092
112.993,557488,851620,0,1409108,1986092
113.043,557488,851620,0,1409108,1986092
113.093,557488,851620,0,1409108,1986092
113.143,557488,851620,0,1409108,1986092
113.194,557488,851620,0,1409108,1986092
113.244,557488,851620,0,1409108,1986092
113.294,557488,851620,0,1409108,1986092
113.344,557488,851620,0,1409108,1986092
113.394,557488,851620,0,1409108,1986092
113.445,557488,851620,0,1409108,1986092
113.495,557488,851620,0,1409108,1986092
113.545,557488,851620,0,1409108,1986092
113.595,557488,851620,0,1409108,1986092
113.646,557488,851620,0,1409108,1986092
113.696,557488,851620,0,1409108,1986092
113.746,557488,851620,0,1409108,1986092
113.796,557488,851620,0,1409108,1986092
113.846,557488,851620,0,1409108,1986092
113.897,557488,851620,0,1409108,1986092
113.947,557488,851620,0,1409108,1986092
113.997,557488,851620,0,1409108,1986092
114.047,557488,851620,0,1409108,1986092
114.098,557488,851620,0,1409108,1986092
114.148,557488,851620,0,1409108,1986092
114.198,557488,851620,0,1409108,1986092
114.248,557488,851620,0,1409108,1986092
114.299,557488,851620,0,1409108,1986092
114.349,557488,851620,0,1409108,1986092
114.399,557488,851620,0,1409108,1986092
114.449,557488,851620,0,1409108,1986092
114.500,557488,851620,0,1409108,1986092
114.550,557488,851620,0,1409108,1986092
114.600,557488,851620,0,1409108,1986092
114.650,557488,851620,0,1409108,1986092
114.701,557488,851620,0,1409108,1986092
114.751,557488,851620,0,1409108,1986092
114.801,557488,851620,0,1409108,1986092
114.851,557488,851620,0,1409108,1986092
114.902,557488,851620,0,1409108,1986092
114.952,557488,851620,0,1409108,1986092
115.002,557488,851620,0,1409108,1986092
115.052,557488,851620,0,1409108,1986092
115.102,557488,851620,0,1409108,1986092
115.153,557488,851620,0,1409108,1986092
115.203,557488,851620,0,1409108,1986092
115.253,557488,851620,0,1409108,1986092
115.303,557488,851620,0,1409108,1986092
115.354,557488,851620,0,1409108,1986092
115.404,557488,851620,0,1409108,1986092
115.454,557488,851620,0,1409108,1986092
115.504,557488,851620,0,1409108,1986092
115.554,557488,851620,0,1409108,1986092
115.605,557488,851620,0,1409108,1986092
115.655,557488,851620,0,1409108,1986092
115.705,557488,851620,0,1409108,1986092
115.755,557488,851620,0,1409108,1986092
115.805,557488,851620,0,1409108,1986092
115.856,557488,851620,0,1409108,1986092
115.906,557488,851620,0,1409108,1986092
115.956,557488,851620,0,1409108,1986092
116.006,557488,851620,0,1409108,1986092
116.056,557488,851620,0,1409108,1986092
116.107,557488,851620,0,1409108,1986092
116.157,557488,851620,0,1409108,1986092
116.207,557488,851620,0,1409108,1986092
116.257,557488,851620,0,1409108,1986092
116.307,557488,851620,0,1409108,1986092
116.358,557488,851620,0,1409108,1986092
116.408,557488,851620,0,1409108,1986092
116.458,557488,851620,0,1409108,1986092
116.508,557488,851620,0,1409108,1986092
116.559,557488,851620,0,1409108,1986092
116.609,557488,851620,0,1409108,1986092
116.659,557488,851620,0,1409108,1986092
116.709,557488,851620,0,1409108,1986092
116.760,557488,851620,0,1409108,1986092
116.810,557488,851620,0,1409108,1986092
116.860,557488,851620,0,1409108,1986092
116.910,557488,851620,0,1409108,1986092
116.961,557488,851620,0,1409108,1986092
117.011,557488,851620,0,1409108,1986092
117.061,557488,851620,0,1409108,1986092
117.112,557488,851620,0,1409108,1986092
117.162,557488,851620,0,1409108,1986092
117.212,557488,851620,0,1409108,1986092
117.263,557488,851620,0,1409108,1986092
117.313,557488,851620,0,1409108,1986092
117.363,557488,851620,0,1409108,1986092
117.413,557488,851620,0,1409108,1986092
117.464,557488,851620,0,1409108,1986092
117.514,557488,851620,0,1409108,1986092
117.564,557488,851620,0,1409108,1986092
117.614,557488,851620,0,1409108,1986092
117.665,557488,851620,0,1409108,1986092
117.715,557488,851620,0,1409108,1986092
117.765,557488,851620,0,1409108,1986092
117.816,557488,851492,0,1408980,1986092
117.866,557488,851364,0,1408852,1986092
117.916,557488,851364,0,1408852,1986092
117.966,557488,851364,0,1408852,1986092
118.017,557488,851236,0,1408724,1986092
118.067,557488,851092,0,1408580,1986092
118.117,557488,851092,0,1408580,1986092
118.168,557488,851076,0,1408564,1986092
118.218,557488,850324,0,1407812,1986092
118.268,557488,848708,0,1406196,1986092
118.318,557488,847444,0,1404932,1986092
118.369,557488,846516,0,1404004,1986092
118.419,557488,845364,0,1402852,1986092
118.469,557488,844964,0,1402452,1986092
118.519,557488,843812,0,1401300,1986092
118.570,557488,842868,0,1400356,1986092
118.620,557488,842356,0,1399844,1986092
118.670,557488,842036,0,1399524,1986092
118.720,557488,841492,0,1398980,1986092
118.770,557488,840420,0,1397908,1986092
118.821,557488,840356,0,1397844,1986092
118.871,557488,839844,0,1397332,1986092
118.921,557488,839828,0,1397316,1986092
118.971,557488,839300,0,1396788,1986092
119.022,557488,839044,0,1396532,1986092
119.072,557488,838628,0,1396116,1986092
119.122,557488,838612,0,1396100,1986092
119.172,557488,838608,0,1396096,1986092
119.222,557488,838608,0,1396096,1986092
119.273,557488,836240,0,1393728,1986092
119.323,557488,835728,0,1393216,1986092
119.373,557488,835472,0,1392960,1986092
119.423,557488,834448,0,1391936,1986092
119.474,557488,832256,0,1389744,1986092
119.524,557488,832064,0,1389552,1986092
119.574,557488,832000,0,1389488,1986092
119.624,557488,832000,0,1389488,1986092
119.675,557488,831984,0,1389472,1986092
119.725,557488,831920,0,1389408,1986092
119.775,557488,831664,0,1389152,1986092
119.825,557488,831664,0,1389152,1986092
119.876,557488,831664,0,1389152,1986092
119.926,557488,831664,0,1389152,1986092
119.976,557488,831664,0,1389152,1986092
120.026,557488,831664,0,1389152,1986092
120.077,557488,831664,0,1389152,1986092
120.127,557488,831664,0,1389152,1986092
120.177,557488,831664,0,1389152,1986092
120.228,557488,831664,0,1389152,1986092
120.278,557488,831664,0,1389152,1986092
120.328,557488,831664,0,1389152,1986092
120.378,557488,831664,0,1389152,1986092
120.428,557488,831664,0,1389152,1986092
120.479,557488,831664,0,1389152,1986092
120.529,557488,831664,0,1389152,1986092
120.579,557488,831664,0,1389152,1986092
120.630,557488,831664,0,1389152,1986092
120.680,557488,831552,0,1389040,1986092
120.730,557488,830288,0,1387776,1986092
120.780,557488,829600,0,1387088,1986092
120.830,557488,829296,0,1386784,1986092
120.881,557488,828880,0,1386368,1986092
120.931,557488,827712,0,1385200,1986092
120.981,557488,827120,0,1384608,1986092
121.032,557488,826772,0,1384260,1986092
121.083,557488,826676,0,1384164,1986092
121.133,557488,826676,0,1384164,1986092
121.183,557488,826676,0,1384164,1986092
121.234,557488,826676,0,1384164,1986092
121.284,498388,826712,0,1325100,1986092
121.334,498388,826776,0,1325164,1986092
121.384,498388,826776,0,1325164,1986092
121.435,498388,826776,0,1325164,1986092
121.485,498388,826712,0,1325100,1986092
121.535,498768,826932,0,1325700,1986092
121.585,498768,826932,0,1325700,1986092
121.636,502556,826932,0,1329488,1986092
121.686,520012,826932,0,1346944,1986092
121.736,537900,826932,0,1364832,1986092
121.786,537900,826932,0,1364832,1986092
121.837,537900,826932,0,1364832,1986092
121.887,537900,826932,0,1364832,1986092
121.937,548272,826932,0,1375204,1986092
121.987,573436,826932,0,1400368,1986092
122.038,611992,826932,0,1438924,1986092
122.088,611992,826932,0,1438924,1986092
122.138,611992,826932,0,1438924,1986092
122.189,611992,826932,0,1438924,1986092
122.239,611992,826932,0,1438924,1986092
122.289,611992,826932,0,1438924,1986092
122.339,611992,826932,0,1438924,1986092
122.389,611992,826932,0,1438924,1986092
122.440,611992,826932,0,1438924,1986092
122.490,611992,826932,0,1438924,1986092
122.540,611992,826932,0,1438924,1986092
122.590,611992,826932,0,1438924,1986092
122.640,611992,826932,0,1438924,1986092
122.691,611992,826932,0,1438924,1986092
122.741,611992,826932,0,1438924,1986092
122.791,611992,826932,0,1438924,1986092
122.841,611992,826932,0,1438924,1986092
122.892,611992,826932,0,1438924,1986092
122.942,611992,826932,0,1438924,1986092
122.992,611992,826932,0,1438924,1986092
123.042,611992,826932,0,1438924,1986092
123.093,611992,826932,0,1438924,1986092
123.143,611992,826932,0,1438924,1986092
123.193,611992,826932,0,1438924,1986092
123.243,611992,826932,0,1438924,1986092
123.293,611992,826932,0,1438924,1986092
123.344,611992,826932,0,1438924,1986092
123.394,611992,826932,0,1438924,1986092
123.444,611992,826932,0,1438924,1986092
123.494,611992,826932,0,1438924,1986092
123.545,611992,826932,0,1438924,1986092
123.595,611992,826932,0,1438924,1986092
123.645,611992,826932,0,1438924,1986092
123.695,611992,826932,0,1438924,1986092
123.745,611992,826932,0,1438924,1986092
123.796,611992,826932,0,1438924,1986092
123.846,611992,826932,0,1438924,1986092
123.896,611992,826932,0,1438924,1986092
123.946,613672,826932,0,1440604,1986092
123.997,615288,826932,0,1442220,1986092
124.047,615288,826932,0,1442220,1986092
124.097,615288,826932,0,1442220,1986092
124.147,615288,826932,0,1442220,1986092
124.198,615288,826932,0,1442220,1986092
124.248,615288,826932,0,1442220,1986092
124.301,615288,826932,0,1442220,1986092
124.351,615288,826932,0,1442220,1986092
124.401,615288,826932,0,1442220,1986092
124.452,615288,826932,0,1442220,1986092
124.502,615288,826932,0,1442220,1986092
124.552,615288,826932,0,1442220,1986092
124.602,615288,826932,0,1442220,1986092
124.657,615288,826932,0,1442220,1986092
124.707,615288,826932,0,1442220,1986092
124.757,615288,826932,0,1442220,1986092
124.807,615288,826932,0,1442220,1986092
124.858,615288,826932,0,1442220,1986092
124.908,615288,826932,0,1442220,1986092
124.961,615288,826932,0,1442220,1986092
125.011,615288,826932,0,1442220,1986092
125.061,615288,826932,0,1442220,1986092
125.117,615288,826932,0,1442220,1986092
125.168,615288,826932,0,1442220,1986092
125.218,615288,826932,0,1442220,1986092
125.268,615288,826932,0,1442220,1986092
125.319,615288,826932,0,1442220,1986092
125.373,615288,826932,0,1442220,1986092
125.425,615288,826932,0,1442220,1986092
125.475,615288,826932,0,1442220,1986092
125.525,615288,826932,0,1442220,1986092
125.575,615288,826932,0,1442220,1986092
125.627,615288,826932,0,1442220,1986092
125.681,615288,826932,0,1442220,1986092
125.731,615288,826932,0,1442220,1986092
125.781,615288,826932,0,1442220,1986092
125.832,615288,826932,0,1442220,1986092
125.882,615288,826932,0,1442220,1986092
125.932,615288,826932,0,1442220,1986092
125.982,615288,826932,0,1442220,1986092
126.032,615288,826932,0,1442220,1986092
126.084,615288,826932,0,1442220,1986092
126.135,615288,826932,0,1442220,1986092
126.189,615288,826932,0,1442220,1986092
126.239,615288,826932,0,1442220,1986092
126.289,615288,826932,0,1442220,1986092
126.339,615288,826932,0,1442220,1986092
126.389,615288,826932,0,1442220,1986092
126.440,615288,826932,0,1442220,1986092
126.490,615288,826932,0,1442220,1986092
126.540,615288,826932,0,1442220,1986092
126.590,615288,826932,0,1442220,1986092
126.641,615288,826932,0,1442220,1986092
126.691,615288,826932,0,1442220,1986092
126.741,615288,826932,0,1442220,1986092
126.791,615288,826932,0,1442220,1986092
126.841,615288,826932,0,1442220,1986092
126.897,615288,826932,0,1442220,1986092
126.947,615288,826932,0,1442220,1986092
126.997,615288,826932,0,1442220,1986092
127.047,615288,826932,0,1442220,1986092
127.097,615288,826932,0,1442220,1986092
127.148,615288,826932,0,1442220,1986092
127.201,615288,826932,0,1442220,1986092
127.251,615288,826932,0,1442220,1986092
127.301,615288,826932,0,1442220,1986092
127.351,615288,826932,0,1442220,1986092
127.405,615288,826932,0,1442220,1986092
127.455,615288,826932,0,1442220,1986092
127.505,615288,826932,0,1442220,1986092
127.555,615288,826932,0,1442220,1986092
127.605,615288,826932,0,1442220,1986092
127.656,615288,826932,0,1442220,1986092
127.706,615288,826932,0,1442220,1986092
127.756,615288,826932,0,1442220,1986092
127.806,615288,826932,0,1442220,1986092
127.857,615288,826932,0,1442220,1986092
127.908,615288,826932,0,1442220,1986092
127.959,615288,826932,0,1442220,1986092
128.010,615288,826932,0,1442220,1986092
128.061,615288,826932,0,1442220,1986092
128.111,615288,826932,0,1442220,1986092
128.161,615288,826932,0,1442220,1986092
128.211,615288,826932,0,1442220,1986092
128.262,615288,826932,0,1442220,1986092
128.312,615288,826932,0,1442220,1986092
128.362,615288,826932,0,1442220,1986092
128.413,615288,826932,0,1442220,1986092
128.463,615288,826932,0,1442220,1986092
128.513,615288,826932,0,1442220,1986092
128.563,615288,826932,0,1442220,1986092
128.613,615288,826932,0,1442220,1986092
128.664,615288,826932,0,1442220,1986092
128.717,615288,826932,0,1442220,1986092
128.767,615288,826932,0,1442220,1986092
128.817,615288,826932,0,1442220,1986092
128.867,615288,826932,0,1442220,1986092
128.917,615288,826932,0,1442220,1986092
128.973,615288,826932,0,1442220,1986092
129.023,615288,826932,0,1442220,1986092
129.073,615288,826932,0,1442220,1986092
129.123,615288,826932,0,1442220,1986092
129.176,615288,826932,0,1442220,1986092
129.226,615288,826932,0,1442220,1986092
129.277,615288,826932,0,1442220,1986092
129.327,615288,826932,0,1442220,1986092
129.398,615288,826932,0,1442220,1986092
129.448,615288,826932,0,1442220,1986092
129.498,615288,826932,0,1442220,1986092
129.549,615288,826932,0,1442220,1986092
129.599,615288,826932,0,1442220,1986092
129.649,615288,826932,0,1442220,1986092
129.699,615288,826932,0,1442220,1986092
129.750,615288,826932,0,1442220,1986092
129.800,615288,826932,0,1442220,1986092
129.853,615288,826932,0,1442220,1986092
129.903,615288,826932,0,1442220,1986092
129.957,615288,826932,0,1442220,1986092
130.007,615288,826932,0,1442220,1986092
130.057,615288,826932,0,1442220,1986092
130.107,615288,826932,0,1442220,1986092
130.158,615288,826932,0,1442220,1986092
130.208,615288,826932,0,1442220,1986092
130.258,615288,826932,0,1442220,1986092
130.308,615288,826932,0,1442220,1986092
130.358,615288,826932,0,1442220,1986092
130.409,498768,826932,0,1325700,1986092
130.460,498768,826932,0,1325700,1986092
130.514,498768,827088,0,1325856,1986092
130.564,506936,827088,0,1334024,1986092
130.615,520652,827088,0,1347740,1986092
130.665,520652,827088,0,1347740,1986092
130.715,548700,827088,0,1375788,1986092
130.765,584900,827088,0,1411988,1986092
130.815,556188,827088,0,1383276,1986092
130.869,556188,827088,0,1383276,1986092
130.926,556188,827088,0,1383276,1986092
130.976,556188,827088,0,1383276,1986092
131.026,556188,827088,0,1383276,1986092
131.077,556188,827088,0,1383276,1986092
131.127,563788,827088,0,1390876,1986092
131.177,587100,827088,0,1414188,1986092
131.227,587100,827088,0,1414188,1986092
131.278,587100,827088,0,1414188,1986092
131.329,588928,827088,0,1416016,1986092
131.379,613980,827088,0,1441068,1986092
131.429,614128,827088,0,1441216,1986092
131.479,614128,827088,0,1441216,1986092
131.533,623264,827088,0,1450352,1986092
131.583,639016,827088,0,1466104,1986092
131.633,648312,827088,0,1475400,1986092
131.683,648312,827088,0,1475400,1986092
131.733,654688,827088,0,1481776,1986092
131.784,664408,827088,0,1491496,1986092
131.834,683436,827088,0,1510524,1986092
131.884,683436,827088,0,1510524,1986092
131.934,684912,827088,0,1512000,1986092
131.985,702256,827088,0,1529344,1986092
132.035,716144,827088,0,1543232,1986092
132.085,716080,827088,0,1543168,1986092
132.135,716080,827088,0,1543168,1986092
132.186,716080,827088,0,1543168,1986092
132.236,722740,827088,0,1549828,1986092
132.289,730360,827088,0,1557448,1986092
132.339,741092,827088,0,1568180,1986092
132.389,764452,827088,0,1591540,1986092
132.441,764688,827088,0,1591776,1986092
132.491,775544,827088,0,1602632,1986092
132.541,779332,827088,0,1606420,1986092
132.591,779332,827088,0,1606420,1986092
132.642,779332,827088,0,1606420,1986092
132.692,793928,827088,0,1621016,1986092
132.742,801680,827088,0,1628768,1986092
132.797,817060,827088,0,1644148,1986092
132.847,817060,827088,0,1644148,1986092
132.897,817060,827088,0,1644148,1986092
132.947,817060,827088,0,1644148,1986092
132.998,817060,827088,0,1644148,1986092
133.048,832100,827088,0,1659188,1986092
133.098,832260,827088,0,1659348,1986092
133.148,837892,827088,0,1664980,1986092
133.198,845944,827088,0,1673032,1986092
133.249,873348,827088,0,1700436,1986092
133.299,873348,827088,0,1700436,1986092
133.349,873348,827088,0,1700436,1986092
133.399,873348,827088,0,1700436,1986092
133.450,877380,827088,0,1704468,1986092
133.505,887600,827088,0,1714688,1986092
133.555,892816,827088,0,1719904,1986092
133.605,905224,827088,0,1732312,1986092
133.655,908828,827088,0,1735916,1986092
133.705,918508,827088,0,1745596,1986092
133.756,927048,827088,0,1754136,1986092
133.806,934328,827088,0,1761416,1986092
133.856,947252,827088,0,1774340,1986092
133.906,955988,827088,0,1783076,1986092
133.957,965044,827088,0,1792132,1986092
134.007,968424,827088,0,1795512,1986092
134.057,973956,827088,0,1801044,1986092
134.107,977736,827088,0,1804824,1986092
134.158,990220,827088,0,1817308,1986092
134.208,990388,827088,0,1817476,1986092
134.258,1013656,827088,0,1840744,1986092
134.313,1013656,827088,0,1840744,1986092
134.363,1013656,827088,0,1840744,1986092
134.413,1013656,827088,0,1840744,1986092
134.463,1015512,827088,0,1842600,1986092
134.514,1019228,827088,0,1846316,1986092
134.564,1025336,827088,0,1852424,1986092
134.614,1034864,827088,0,1861952,1986092
134.664,1045152,827088,0,1872240,1986092
134.714,1059528,827088,0,1886616,1986092
134.765,1068796,827088,0,1895884,1986092
134.815,1079244,827088,0,1906332,1986092
134.865,1093820,827088,0,1920908,1986092
134.916,1102884,827088,0,1929972,1986092
134.966,1106212,827088,0,1933300,1986092
135.016,1120508,827088,0,1947596,1986092
135.066,1152528,827088,0,1979616,1986092
135.116,1153432,827088,0,1980520,1986092
135.167,1156288,827088,0,1983376,1986092
135.217,1232892,827088,0,2059980,2059980
135.267,1256140,827088,0,2083228,2083228
135.317,1278876,827088,0,2105964,2105964
135.368,1301876,827088,0,2128964,2128964
135.418,1324860,827088,0,2151948,2151948
135.468,1350528,827088,0,2177616,2177616
135.518,1376940,827088,0,2204028,2204028
135.568,1421724,827088,0,2248812,2248812
135.621,1478084,827088,0,2305172,2305172
135.671,1548144,827088,0,2375232,2375232
135.721,1617604,827088,0,2444692,2444692
135.771,1669344,827088,0,2496432,2496432
135.822,1669344,827088,0,2496432,2496432
135.872,1669344,827088,0,2496432,2496432
135.922,1669344,827116,0,2496460,2496460
135.973,1669344,827116,0,2496460,2496460
136.023,1669344,827116,0,2496460,2496460
136.073,1669344,827116,0,2496460,2496460
136.124,1669344,827116,0,2496460,2496460
136.178,1669344,827180,0,2496524,2496524
136.228,1669344,827180,0,2496524,2496524
136.279,1669344,827180,0,2496524,2496524
136.329,1669344,827180,0,2496524,2496524
136.379,1669344,827180,0,2496524,2496524
136.429,1669344,827180,0,2496524,2496524
136.485,1669344,827180,0,2496524,2496524
136.535,1669344,827180,0,2496524,2496524
136.589,1669344,827180,0,2496524,2496524
136.639,1669344,827180,0,2496524,2496524
136.689,1669344,827180,0,2496524,2496524
136.739,1669344,827180,0,2496524,2496524
136.790,1669344,827180,0,2496524,2496524
136.840,1669344,827180,0,2496524,2496524
136.890,1669344,827180,0,2496524,2496524
136.940,1669344,827180,0,2496524,2496524
136.991,1669344,827180,0,2496524,2496524
137.041,1669344,827180,0,2496524,2496524
137.091,1669344,827180,0,2496524,2496524
137.141,1669344,827180,0,2496524,2496524
137.192,1669344,827180,0,2496524,2496524
137.248,1669344,827564,0,2496908,2496908
137.299,1610244,827692,0,2437936,2495996
137.349,1532116,827876,0,2359992,2495996
137.400,1532116,827876,0,2359992,2495996
137.450,1532116,827876,0,2359992,2495996
137.500,1532116,827620,0,2359736,2495996
137.550,1532116,827620,0,2359736,2495996
137.601,1532116,827620,0,2359736,2495996
137.651,1532116,831300,0,2363416,2495996
137.701,1532116,889860,0,2421976,2495996
137.751,1532116,828804,0,2360920,2495996
137.803,1536284,1361192,0,2897476,2897476
137.853,1543128,1367816,0,2910944,2910944
137.903,1548680,1368152,0,2916832,2916832
137.953,1556000,1368152,0,2924152,2924152
138.003,1558808,1368216,0,2927024,2927024
138.054,1565728,1368216,0,2933944,2933944
138.109,1571180,1368216,0,2939396,2939396
138.159,1584924,1368216,0,2953140,2953140
138.209,1591844,1368216,0,2960060,2960060
138.259,1601356,1368216,0,2969572,2969572
138.310,1607780,1368280,0,2976060,2976060
138.360,1613744,1368280,0,2982024,2982024
138.410,1617548,1368344,0,2985892,2985892
138.460,1625288,1369016,0,2994304,2994304
138.510,1632724,1369016,0,3001740,3001740
138.565,1641968,1369080,0,3011048,3011048
138.615,1647716,1369144,0,3016860,3016860
138.665,1661196,1369144,0,3030340,3030340
138.715,1669120,1369144,0,3038264,3038264
138.765,1677008,1369144,0,3046152,3046152
138.816,1683200,1369144,0,3052344,3052344
138.866,1688052,1369144,0,3057196,3057196
138.916,1690852,1369144,0,3059996,3059996
138.966,1692384,1369144,0,3061528,3061528
139.018,1692480,1369400,0,3061880,3061880
139.069,1692556,1369464,0,3062020,3062020
139.120,1694108,1369528,0,3063636,3063636
139.171,1695940,1369592,0,3065532,3065532
139.225,1696880,1369656,0,3066536,3066536
139.275,1696924,1369656,0,3066580,3066580
139.325,1696960,1369656,0,3066616,3066616
139.375,1697048,1369784,0,3066832,3066832
139.425,1698376,1369784,0,3068160,3068160
139.476,1699760,1369784,0,3069544,3069544
139.529,1701228,1369784,0,3071012,3071012
139.579,1703716,1369784,0,3073500,3073500
139.629,1704304,1369784,0,3074088,3074088
139.685,1706156,1369784,0,3075940,3075940
139.735,1706348,1369784,0,3076132,3076132
139.785,1706876,1369784,0,3076660,3076660
139.835,1708720,1369784,0,3078504,3078504
139.885,1712084,1369784,0,3081868,3081868
139.936,1712868,1369784,0,3082652,3082652
139.986,1713000,1369784,0,3082784,3082784
140.036,1714020,1369784,0,3083804,3083804
140.089,1714096,1369784,0,3083880,3083880
140.139,1714120,1369912,0,3084032,3084032
140.189,1714132,1369976,0,3084108,3084108
140.239,1715700,1369976,0,3085676,3085676
140.289,1717096,1369976,0,3087072,3087072
140.340,1718596,1370040,0,3088636,3088636
140.390,1718608,1370040,0,3088648,3088648
140.440,1718620,1370040,0,3088660,3088660
140.490,1718640,1370040,0,3088680,3088680
140.540,1718640,1370040,0,3088680,3088680
140.591,1718644,1370040,0,3088684,3088684
140.641,1721008,1370040,0,3091048,3091048
140.691,1721068,1370040,0,3091108,3091108
140.741,1721068,1370040,0,3091108,3091108
140.801,1721084,1370040,0,3091124,3091124
140.851,1721084,1370040,0,3091124,3091124
140.901,1721084,1370072,0,3091156,3091156
140.951,1721084,1370072,0,3091156,3091156
141.002,1721088,1370072,0,3091160,3091160
141.052,1721348,1370072,0,3091420,3091420
141.102,1722812,1370072,0,3092884,3092884
141.152,1724840,1370072,0,3094912,3094912
141.203,1725580,1370072,0,3095652,3095652
141.253,1725584,1370072,0,3095656,3095656
141.303,1725748,1370072,0,3095820,3095820
141.353,1725752,1370072,0,3095824,3095824
141.403,1725752,1370072,0,3095824,3095824
141.454,1726812,1370072,0,3096884,3096884
141.504,1728532,1370072,0,3098604,3098604
141.554,1728624,1370072,0,3098696,3098696
141.604,1728624,1370152,0,3098776,3098776
141.657,1728624,1370200,0,3098824,3098824
141.707,1728624,1370200,0,3098824,3098824
141.759,1728624,1370200,0,3098824,3098824
141.810,1728624,1370200,0,3098824,3098824
141.860,1728624,1370280,0,3098904,3098904
141.910,1728624,1370280,0,3098904,3098904
141.960,1728624,1370280,0,3098904,3098904
142.011,1729588,1370328,0,3099916,3099916
142.061,1730692,1370392,0,3101084,3101084
142.111,1731244,1370456,0,3101700,3101700
142.161,1731244,1370456,0,3101700,3101700
142.212,1731244,1370520,0,3101764,3101764
142.262,1731244,1370536,0,3101780,3101780
142.312,1731244,1370536,0,3101780,3101780
142.362,1731244,1370536,0,3101780,3101780
142.412,1731640,1370536,0,3102176,3102176
142.463,1731640,1370536,0,3102176,3102176
142.513,1732016,1370536,0,3102552,3102552
142.563,1732172,1370536,0,3102708,3102708
142.613,1732636,1370536,0,3103172,3103172
142.664,1732636,1370584,0,3103220,3103220
142.714,1732636,1370648,0,3103284,3103284
142.764,1732832,1370744,0,3103576,3103576
142.814,1732832,1370792,0,3103624,3103624
142.866,1732836,1370792,0,3103628,3103628
142.916,1732848,1370824,0,3103672,3103672
142.967,1732848,1370824,0,3103672,3103672
143.017,1732848,1370824,0,3103672,3103672
143.069,1732848,1370840,0,3103688,3103688
143.119,1732848,1370888,0,3103736,3103736
143.169,1732848,1370888,0,3103736,3103736
143.221,1732848,1371016,0,3103864,3103864
143.271,1732848,1371016,0,3103864,3103864
143.322,1732848,1371016,0,3103864,3103864
143.372,1732848,1371016,0,3103864,3103864
143.433,1732928,1371016,0,3103944,3103944
143.483,1732928,1371016,0,3103944,3103944
143.533,1733516,1371032,0,3104548,3104548
143.583,1734652,1371032,0,3105684,3105684
143.633,1734652,1371032,0,3105684,3105684
143.684,1734652,1371080,0,3105732,3105732
143.734,1735936,1371096,0,3107032,3107032
143.785,1736152,1371096,0,3107248,3107248
143.835,1736152,1371128,0,3107280,3107280
143.889,1736204,1371160,0,3107364,3107364
143.939,1736204,1371160,0,3107364,3107364
143.989,1736204,1371176,0,3107380,3107380
144.039,1736216,1371240,0,3107456,3107456
144.089,1736216,1371304,0,3107520,3107520
144.140,1736216,1371368,0,3107584,3107584
144.190,1736216,1371464,0,3107680,3107680
144.240,1736216,1371496,0,3107712,3107712
144.290,1736216,1371496,0,3107712,3107712
144.341,1736216,1371496,0,3107712,3107712
144.391,1736216,1371496,0,3107712,3107712
144.441,1736216,1371496,0,3107712,3107712
144.491,1736216,1371496,0,3107712,3107712
144.541,1736216,1371496,0,3107712,3107712
144.592,1736216,1371496,0,3107712,3107712
144.642,1736216,1371496,0,3107712,3107712
144.692,1736216,1371496,0,3107712,3107712
144.742,1736216,1371496,0,3107712,3107712
144.793,1736216,1371560,0,3107776,3107776
144.843,1736216,1371560,0,3107776,3107776
144.893,1736216,1371560,0,3107776,3107776
144.943,1736216,1371560,0,3107776,3107776
144.994,1736216,1371560,0,3107776,3107776
145.044,1736216,1371560,0,3107776,3107776
145.094,1736216,1371560,0,3107776,3107776
145.144,1736216,1371560,0,3107776,3107776
145.195,1736216,1371560,0,3107776,3107776
145.245,1736216,1371560,0,3107776,3107776
145.295,1736216,1371560,0,3107776,3107776
145.345,1736216,1371560,0,3107776,3107776
145.395,1736216,1371560,0,3107776,3107776
145.446,1736216,1371560,0,3107776,3107776
145.496,1736216,1371560,0,3107776,3107776
145.546,1736216,1371560,0,3107776,3107776
145.596,1736216,1371560,0,3107776,3107776
145.646,1736216,1371560,0,3107776,3107776
145.697,1736216,1371560,0,3107776,3107776
145.747,1736216,1371560,0,3107776,3107776
145.797,1736216,1371560,0,3107776,3107776
145.847,1736216,1371560,0,3107776,3107776
145.898,1736216,1371560,0,3107776,3107776
145.948,1736216,1371560,0,3107776,3107776
145.998,1736216,1371560,0,3107776,3107776
146.048,1736216,1371560,0,3107776,3107776
146.099,1736216,1371560,0,3107776,3107776
146.149,1736216,1371560,0,3107776,3107776
146.199,1736216,1371560,0,3107776,3107776
146.249,1736216,1371560,0,3107776,3107776
146.299,1736216,1371560,0,3107776,3107776
146.350,1736216,1371560,0,3107776,3107776
146.400,1736216,1371560,0,3107776,3107776
146.450,1736216,1371560,0,3107776,3107776
146.500,1736216,1371560,0,3107776,3107776
146.550,1736216,1371560,0,3107776,3107776
146.601,1736216,1371560,0,3107776,3107776
146.651,1736216,1371560,0,3107776,3107776
146.701,1736216,1371560,0,3107776,3107776
146.752,1736216,1371560,0,3107776,3107776
146.802,1736216,1371560,0,3107776,3107776
146.852,1736216,1371560,0,3107776,3107776
146.902,1736216,1371560,0,3107776,3107776
146.952,1736216,1371560,0,3107776,3107776
147.003,1736216,1371560,0,3107776,3107776
147.053,1736216,1371560,0,3107776,3107776
147.103,1736216,1371560,0,3107776,3107776
147.153,1736216,1371560,0,3107776,3107776
147.203,1736216,1371560,0,3107776,3107776
147.254,1736216,1371560,0,3107776,3107776
147.304,1736216,1371560,0,3107776,3107776
147.354,1736216,1371560,0,3107776,3107776
147.404,1736216,1371560,0,3107776,3107776
147.454,1736216,1371560,0,3107776,3107776
147.505,1736216,1371560,0,3107776,3107776
147.555,1736216,1371560,0,3107776,3107776
147.605,1736216,1371560,0,3107776,3107776
147.655,1736216,1371560,0,3107776,3107776
147.705,1736216,1371560,0,3107776,3107776
147.756,1736216,1371560,0,3107776,3107776
147.806,1736216,1371560,0,3107776,3107776
147.856,1736216,1371560,0,3107776,3107776
147.906,1736216,1371560,0,3107776,3107776
147.957,1736216,1371560,0,3107776,3107776
148.007,1736216,1371560,0,3107776,3107776
148.057,1736216,1371496,0,3107712,3107712
148.107,1736216,1371192,0,3107408,3107408
148.157,1736216,1370968,0,3107184,3107184
148.208,1736216,1370696,0,3106912,3106912
148.258,1736216,1370696,0,3106912,3106912
148.308,1736216,1370440,0,3106656,3106656
148.358,1736216,1370184,0,3106400,3106636
148.408,1736216,1369928,0,3106144,3106636
148.459,1736216,1369928,0,3106144,3106636
148.509,1736216,1369928,0,3106144,3106636
148.559,1736216,1369928,0,3106144,3106636
148.609,1736216,1369912,0,3106128,3106636
148.660,1736216,1369912,0,3106128,3106636
148.710,1736216,1369784,0,3106000,3106636
148.760,1736216,1369784,0,3106000,3106636
148.810,1736216,1369784,0,3106000,3106636
148.861,1736216,1369784,0,3106000,3106636
148.911,1736216,1369784,0,3106000,3106636
148.961,1736216,1369784,0,3106000,3106636
149.011,1736216,1369784,0,3106000,3106636
149.061,1736216,1369768,0,3105984,3106636
149.112,1736216,1369400,0,3105616,3106636
149.162,1736216,1369320,0,3105536,3106636
149.212,1736216,1369080,0,3105296,3106636
149.262,1736216,1373496,0,3109712,3109712
149.313,1736216,1455016,0,3191232,3191232
149.363,1736216,1536360,0,3272576,3272576
149.413,1736216,1367720,0,3103936,3334444
149.463,1736216,1367512,0,3103728,3334444
149.514,1736216,1367512,0,3103728,3334444
149.564,1736216,1368536,0,3104752,3334444
149.614,1736216,1376648,0,3112864,3334444
149.664,1736216,1753156,0,3489372,3489372
149.717,1736216,1889424,0,3625640,3625640
149.767,1736216,1889460,0,3625676,3625676
149.817,1736216,1889596,0,3625812,3625812
149.867,1736216,1889668,0,3625884,3625884
149.917,1736216,1889732,0,3625948,3625948
149.968,1736216,1889800,0,3626016,3626016
150.021,1736216,1889864,0,3626080,3626080
150.071,1736216,1889864,0,3626080,3626080
150.121,1736216,1889864,0,3626080,3626080
150.171,1736216,1889992,0,3626208,3626208
150.221,1736216,1890056,0,3626272,3626272
150.272,1736216,1890308,0,3626524,3626524
150.322,1736216,1890308,0,3626524,3626524
150.372,1736216,1890308,0,3626524,3626524
150.422,1736216,1890308,0,3626524,3626524
150.472,1736216,1890308,0,3626524,3626524
150.529,1736216,1890308,0,3626524,3626524
150.579,1736216,1890308,0,3626524,3626524
150.629,1736216,1890308,0,3626524,3626524
150.679,1736216,1890308,0,3626524,3626524
150.730,1736216,1890372,0,3626588,3626588
150.780,1736216,1890372,0,3626588,3626588
150.830,1736216,1890552,0,3626768,3626768
150.880,1736216,1890552,0,3626768,3626768
150.931,1736216,1890552,0,3626768,3626768
150.981,1736216,1890552,0,3626768,3626768
151.031,1736216,1890552,0,3626768,3626768
151.081,1736216,1890552,0,3626768,3626768
151.131,1736216,1890552,0,3626768,3626768
151.185,1736216,1890556,0,3626772,3626772
151.235,1736216,1890556,0,3626772,3626772
151.285,1736216,1890556,0,3626772,3626772
151.335,1736216,1890556,0,3626772,3626772
151.385,1736216,1890556,0,3626772,3626772
151.436,1736216,1890556,0,3626772,3626772
151.486,1736216,1890556,0,3626772,3626772
151.536,1736216,1890556,0,3626772,3626772
151.586,1736216,1890556,0,3626772,3626772
151.641,1736216,1890556,0,3626772,3626772
151.691,1736216,1890556,0,3626772,3626772
151.741,1736216,1890556,0,3626772,3626772
151.791,1736216,1890556,0,3626772,3626772
151.845,1736216,1890556,0,3626772,3626772
151.895,1736216,1890556,0,3626772,3626772
151.945,1736216,1890556,0,3626772,3626772
151.995,1736216,1890556,0,3626772,3626772
152.046,1736216,1890556,0,3626772,3626772
152.096,1736216,1890556,0,3626772,3626772
152.146,1736216,1890556,0,3626772,3626772
152.196,1736216,1890556,0,3626772,3626772
152.246,1736216,1890556,0,3626772,3626772
152.296,1736216,1890556,0,3626772,3626772
152.347,1736216,1890556,0,3626772,3626772
152.397,1736216,1890556,0,3626772,3626772
152.447,1736216,1890556,0,3626772,3626772
152.497,1736216,1890556,0,3626772,3626772
152.548,1736724,1890556,0,3627280,3627280
152.598,1736724,1890556,0,3627280,3627280
152.648,1736724,1890556,0,3627280,3627280
152.698,1736724,1890556,0,3627280,3627280
152.749,1736724,1890556,0,3627280,3627280
152.799,1736724,1890556,0,3627280,3627280
152.849,1736724,1890556,0,3627280,3627280
152.899,1736724,1890556,0,3627280,3627280
152.949,1736724,1890556,0,3627280,3627280
153.000,1736724,1890556,0,3627280,3627280
153.050,1736724,1890556,0,3627280,3627280
153.100,1736724,1890556,0,3627280,3627280
153.150,1736724,1890556,0,3627280,3627280
153.201,1736724,1890556,0,3627280,3627280
153.251,1736724,1890556,0,3627280,3627280
153.301,1736724,1890556,0,3627280,3627280
153.351,1736724,1890556,0,3627280,3627280
153.401,1736724,1890556,0,3627280,3627280
153.452,1736724,1890556,0,3627280,3627280
153.502,1736724,1890556,0,3627280,3627280
153.552,1736724,1890556,0,3627280,3627280
153.602,1736724,1890556,0,3627280,3627280
153.653,1736724,1890556,0,3627280,3627280
153.703,1736724,1890556,0,3627280,3627280
153.753,1736724,1973308,0,3710032,3710032
153.803,1736724,1890556,0,3627280,3733124
153.853,1736724,1890556,0,3627280,3733124
153.904,1736724,1895836,0,3632560,3733124
153.954,1736724,1967036,0,3703760,3733124
154.004,1736724,1967036,0,3703760,3733124
154.054,1736724,1967228,0,3703952,3733124
154.105,1736724,1967356,0,3704080,3733124
154.155,1736724,1967356,0,3704080,3733124
154.205,1736724,1967356,0,3704080,3733124
154.255,1736724,1967356,0,3704080,3733124
154.305,1736724,1967356,0,3704080,3733124
154.356,1736724,1967356,0,3704080,3733124
154.406,1736724,1967356,0,3704080,3733124
154.456,1736724,1967356,0,3704080,3733124
154.506,1736724,1967788,0,3704512,3733124
154.557,1736724,1968684,0,3705408,3733124
154.607,1736724,1968744,0,3705468,3733124
154.657,1736724,1968744,0,3705468,3733124
154.707,1736724,1968744,0,3705468,3733124
154.757,1736724,1968744,0,3705468,3733124
154.808,1736724,1968744,0,3705468,3733124
154.858,1736724,1968744,0,3705468,3733124
154.908,1736724,1968744,0,3705468,3733124
154.958,1736724,1968744,0,3705468,3733124
155.009,1736724,1968744,0,3705468,3733124
155.059,1736724,1968744,0,3705468,3733124
155.109,1736724,1968744,0,3705468,3733124
155.159,1736724,1968744,0,3705468,3733124
155.209,1736724,1968744,0,3705468,3733124
155.260,1736724,1968744,0,3705468,3733124
155.310,1736724,1968744,0,3705468,3733124
155.360,1736724,1968744,0,3705468,3733124
155.410,1736724,1968744,0,3705468,3733124
155.460,1736724,1968744,0,3705468,3733124
155.511,1736724,1968744,0,3705468,3733124
155.561,1736724,1968744,0,3705468,3733124
155.611,1736724,1968744,0,3705468,3733124
155.661,1736724,1968744,0,3705468,3733124
155.712,1736724,1968744,0,3705468,3733124
155.762,1736724,1968744,0,3705468,3733124
155.812,1736724,1968744,0,3705468,3733124
155.862,1736724,1968744,0,3705468,3733124
155.912,1736724,1968744,0,3705468,3733124
155.963,1736724,1968744,0,3705468,3733124
156.013,1736724,1968744,0,3705468,3733124
156.063,1736724,1968744,0,3705468,3733124
156.113,1736724,1968744,0,3705468,3733124
156.164,1736724,1968744,0,3705468,3733124
156.214,1736724,1968744,0,3705468,3733124
156.264,1736724,1968744,0,3705468,3733124
156.314,1736724,1968744,0,3705468,3733124
156.365,1736724,1968744,0,3705468,3733124
156.415,1736724,1968744,0,3705468,3733124
156.465,1736724,1968744,0,3705468,3733124
156.515,1736724,1968744,0,3705468,3733124
156.565,1736724,1968744,0,3705468,3733124
156.616,1736724,1968744,0,3705468,3733124
156.666,1736724,1968744,0,3705468,3733124
156.716,1736724,1968744,0,3705468,3733124
156.766,1736724,1968744,0,3705468,3733124
156.817,1736724,1968744,0,3705468,3733124
156.867,1736724,1968744,0,3705468,3733124
156.917,1736724,1968744,0,3705468,3733124
156.967,1736724,1968744,0,3705468,3733124
157.017,1736724,1968744,0,3705468,3733124
157.067,1736724,1968744,0,3705468,3733124
157.118,1736724,1968744,0,3705468,3733124
157.168,1736724,1968744,0,3705468,3733124
157.218,1736724,1968744,0,3705468,3733124
157.268,1736724,1968744,0,3705468,3733124
157.318,1736724,1968744,0,3705468,3733124
157.369,1736724,1968744,0,3705468,3733124
157.419,1736724,1968744,0,3705468,3733124
157.469,1736724,1968744,0,3705468,3733124
157.519,1736724,1968744,0,3705468,3733124
157.569,1736724,1968744,0,3705468,3733124
157.620,1736724,1968744,0,3705468,3733124
157.670,1736724,1968744,0,3705468,3733124
157.720,1736724,1968744,0,3705468,3733124
157.770,1736724,1968744,0,3705468,3733124
157.820,1736724,1968744,0,3705468,3733124
157.871,1736724,1968744,0,3705468,3733124
157.921,1736724,1968744,0,3705468,3733124
157.971,1736724,1968744,0,3705468,3733124
158.021,1736724,1968744,0,3705468,3733124
158.071,1736724,1968744,0,3705468,3733124
158.122,1736724,1968744,0,3705468,3733124
158.173,1736724,1968744,0,3705468,3733124
158.223,1736724,1968744,0,3705468,3733124
158.273,1736724,1968744,0,3705468,3733124
158.323,1736724,1968744,0,3705468,3733124
158.374,1736724,1968744,0,3705468,3733124
158.424,1736724,1968744,0,3705468,3733124
158.474,1736724,1968744,0,3705468,3733124
158.524,1736724,1968744,0,3705468,3733124
158.575,1736724,1968744,0,3705468,3733124
158.625,1736724,1968744,0,3705468,3733124
158.675,1736724,1968744,0,3705468,3733124
158.725,1736724,1968744,0,3705468,3733124
158.775,1736724,1968744,0,3705468,3733124
158.826,1736724,1968744,0,3705468,3733124
158.876,1736724,1968744,0,3705468,3733124
158.926,1736724,1968744,0,3705468,3733124
158.976,1736724,1968744,0,3705468,3733124
159.026,1736724,1968744,0,3705468,3733124
159.077,1736724,1968744,0,3705468,3733124
159.127,1736724,1968744,0,3705468,3733124
159.177,1736724,1968744,0,3705468,3733124
159.227,1736724,1968744,0,3705468,3733124
159.278,1736724,1968744,0,3705468,3733124
159.328,1736724,1968744,0,3705468,3733124
159.378,1736724,1968744,0,3705468,3733124
159.428,1736724,1968744,0,3705468,3733124
159.479,1736724,1968744,0,3705468,3733124
159.529,1736724,1968744,0,3705468,3733124
159.579,1736724,1968744,0,3705468,3733124
159.629,1736724,1968744,0,3705468,3733124
159.679,1736724,1968744,0,3705468,3733124
159.730,1736724,1968744,0,3705468,3733124
159.780,1736724,1968744,0,3705468,3733124
159.830,1736724,1968744,0,3705468,3733124
159.880,1736724,1968744,0,3705468,3733124
159.930,1736724,1968744,0,3705468,3733124
159.981,1736724,1968744,0,3705468,3733124
160.031,1736724,1968744,0,3705468,3733124
160.081,1736724,1968744,0,3705468,3733124
160.131,1736724,1968744,0,3705468,3733124
160.181,1736724,1968744,0,3705468,3733124
160.232,1736724,1968744,0,3705468,3733124
160.282,1736724,1968744,0,3705468,3733124
160.332,1736724,1968744,0,3705468,3733124
160.382,1736724,1968744,0,3705468,3733124
160.433,1736724,1968744,0,3705468,3733124
160.483,1736724,1968744,0,3705468,3733124
160.533,1736724,1968744,0,3705468,3733124
160.583,1736724,1968744,0,3705468,3733124
160.633,1736724,1968744,0,3705468,3733124
160.684,1736724,1968744,0,3705468,3733124
160.734,1736724,1968744,0,3705468,3733124
160.784,1736724,1968744,0,3705468,3733124
160.834,1736724,1968744,0,3705468,3733124
160.884,1736724,1968744,0,3705468,3733124
160.935,1736724,1968744,0,3705468,3733124
160.985,1736724,1968744,0,3705468,3733124
161.035,1736724,1968744,0,3705468,3733124
161.085,1736724,1968744,0,3705468,3733124
161.136,1736724,1968744,0,3705468,3733124
161.186,1736724,1968744,0,3705468,3733124
161.236,1736724,1968744,0,3705468,3733124
161.286,1736724,1968744,0,3705468,3733124
161.337,1736724,1968744,0,3705468,3733124
161.387,1736724,1968744,0,3705468,3733124
161.437,1736724,1968744,0,3705468,3733124
161.487,1736724,1968744,0,3705468,3733124
161.538,1736724,1968744,0,3705468,3733124
161.588,1736724,1968744,0,3705468,3733124
161.638,1736724,1968744,0,3705468,3733124
161.688,1736724,1968744,0,3705468,3733124
161.739,1736724,1968744,0,3705468,3733124
161.789,1736724,1968744,0,3705468,3733124
161.839,1736724,1968744,0,3705468,3733124
161.889,1736724,1968744,0,3705468,3733124
161.940,1736724,1968744,0,3705468,3733124
161.990,1736724,1968744,0,3705468,3733124
162.040,1736724,1968744,0,3705468,3733124
162.090,1736724,1968744,0,3705468,3733124
162.140,1736724,1968744,0,3705468,3733124
162.191,1736724,1968744,0,3705468,3733124
162.241,1736724,1968744,0,3705468,3733124
162.291,1736724,1968744,0,3705468,3733124
162.341,1736724,1968744,0,3705468,3733124
162.391,1736724,1968744,0,3705468,3733124
162.442,1736724,1968744,0,3705468,3733124
162.492,1736724,1968744,0,3705468,3733124
162.542,1736724,1968744,0,3705468,3733124
162.592,1736724,1968744,0,3705468,3733124
162.642,1736724,1968744,0,3705468,3733124
162.693,1736724,1968744,0,3705468,3733124
162.743,1736724,1968744,0,3705468,3733124
162.793,1736724,1968744,0,3705468,3733124
162.843,1736724,1968744,0,3705468,3733124
162.894,1736724,1968744,0,3705468,3733124
162.944,1736724,1968744,0,3705468,3733124
162.994,1736724,1968744,0,3705468,3733124
163.044,1736724,1968744,0,3705468,3733124
163.094,1736724,1968744,0,3705468,3733124
163.145,1736724,1968744,0,3705468,3733124
163.195,1736724,1968744,0,3705468,3733124
163.245,1736724,1968744,0,3705468,3733124
163.295,1736724,1968744,0,3705468,3733124
163.345,1736724,1968744,0,3705468,3733124
163.396,1736724,1968744,0,3705468,3733124
163.446,1736724,1968744,0,3705468,3733124
163.496,1736724,1968744,0,3705468,3733124
163.546,1736724,1968744,0,3705468,3733124
163.597,1736724,1968744,0,3705468,3733124
163.647,1736724,1968744,0,3705468,3733124
163.697,1736724,1968744,0,3705468,3733124
163.747,1736724,1968744,0,3705468,3733124
163.797,1736724,1968744,0,3705468,3733124
163.848,1736724,1968744,0,3705468,3733124
163.898,1736724,1968744,0,3705468,3733124
163.948,1736724,1968744,0,3705468,3733124
163.998,1736724,1968744,0,3705468,3733124
164.049,1736724,1968744,0,3705468,3733124
164.100,1736724,1968744,0,3705468,3733124
164.150,1736724,1968744,0,3705468,3733124
164.200,1736724,1968744,0,3705468,3733124
164.250,1736724,1968744,0,3705468,3733124
164.301,1736724,1968744,0,3705468,3733124
164.351,1736724,1968744,0,3705468,3733124
164.401,1736724,1968744,0,3705468,3733124
164.451,1736724,1968744,0,3705468,3733124
164.502,1736724,1968744,0,3705468,3733124
164.552,1736724,1968744,0,3705468,3733124
164.602,1736724,1968744,0,3705468,3733124
164.652,1736724,1968744,0,3705468,3733124
164.702,1736724,1968744,0,3705468,3733124
164.753,1736724,1968744,0,3705468,3733124
164.803,1736724,1968744,0,3705468,3733124
164.853,1736724,1968744,0,3705468,3733124
164.903,1736724,1968744,0,3705468,3733124
164.953,1736724,1968744,0,3705468,3733124
165.004,1736724,1968744,0,3705468,3733124
165.054,1736724,1968744,0,3705468,3733124
165.104,1736724,1968744,0,3705468,3733124
165.154,1736724,1968744,0,3705468,3733124
165.205,1736724,1968744,0,3705468,3733124
165.255,1736724,1968744,0,3705468,3733124
165.305,1736724,1968744,0,3705468,3733124
165.355,1736724,1968744,0,3705468,3733124
165.406,1736724,1968744,0,3705468,3733124
165.456,1736724,1968744,0,3705468,3733124
165.506,1736724,1968744,0,3705468,3733124
165.556,1736724,1968744,0,3705468,3733124
165.606,1736724,1968744,0,3705468,3733124
165.657,1736724,1968744,0,3705468,3733124
165.707,1736724,1968744,0,3705468,3733124
165.757,1736724,1968744,0,3705468,3733124
165.807,1736724,1968744,0,3705468,3733124
165.858,1736724,1968744,0,3705468,3733124
165.908,1736724,1968744,0,3705468,3733124
165.958,1736724,1968744,0,3705468,3733124
166.008,1736724,1968744,0,3705468,3733124
166.059,1736724,1968744,0,3705468,3733124
166.109,1736724,1968744,0,3705468,3733124
166.159,1736724,1968744,0,3705468,3733124
166.209,1736724,1968744,0,3705468,3733124
166.260,1736724,1968744,0,3705468,3733124
166.310,1736724,1968744,0,3705468,3733124
166.360,1736724,1968744,0,3705468,3733124
166.410,1736724,1968744,0,3705468,3733124
166.460,1736724,1968744,0,3705468,3733124
166.511,1736724,1968744,0,3705468,3733124
166.561,1736724,1968744,0,3705468,3733124
166.611,1736724,1968616,0,3705340,3733124
166.662,1736724,1968616,0,3705340,3733124
166.712,1736724,1968616,0,3705340,3733124
166.762,1736724,1968616,0,3705340,3733124
166.812,1736724,1968616,0,3705340,3733124
166.862,1736724,1968616,0,3705340,3733124
166.913,1736724,1968616,0,3705340,3733124
166.963,1736724,1968616,0,3705340,3733124
167.013,1736724,1968616,0,3705340,3733124
167.063,1736724,1968616,0,3705340,3733124
167.114,1736724,1968616,0,3705340,3733124
167.164,1736724,1968616,0,3705340,3733124
167.214,1736724,1968616,0,3705340,3733124
167.264,1736724,1968616,0,3705340,3733124
167.314,1736724,1968616,0,3705340,3733124
167.365,1736724,1968616,0,3705340,3733124
167.415,1736724,1968616,0,3705340,3733124
167.465,1736724,1968616,0,3705340,3733124
167.515,1736724,1968616,0,3705340,3733124
167.566,1736724,1968616,0,3705340,3733124
167.616,1736724,1968616,0,3705340,3733124
167.666,1736724,1968616,0,3705340,3733124
167.716,1736724,1968616,0,3705340,3733124
167.766,1736724,1968616,0,3705340,3733124
167.817,1736724,1968616,0,3705340,3733124
167.867,1736724,1968616,0,3705340,3733124
167.917,1736724,1968616,0,3705340,3733124
167.967,1736724,1968616,0,3705340,3733124
168.018,1736724,1968612,0,3705336,3733124
168.068,1736724,1968612,0,3705336,3733124
168.118,1736724,1968612,0,3705336,3733124
168.168,1736724,1968612,0,3705336,3733124
168.218,1736724,1968612,0,3705336,3733124
168.269,1736724,1968612,0,3705336,3733124
168.319,1736724,1968612,0,3705336,3733124
168.369,1736724,1968612,0,3705336,3733124
168.419,1736724,1968612,0,3705336,3733124
168.470,1736724,1968612,0,3705336,3733124
168.520,1736724,1968612,0,3705336,3733124
168.570,1736724,1968612,0,3705336,3733124
168.620,1736724,1968612,0,3705336,3733124
168.670,1736724,1968612,0,3705336,3733124
168.721,1736724,1968612,0,3705336,3733124
168.771,1736724,1968612,0,3705336,3733124
168.821,1736724,1968612,0,3705336,3733124
168.871,1736724,1968612,0,3705336,3733124
168.922,1736724,1968612,0,3705336,3733124
168.972,1736724,1968612,0,3705336,3733124
169.022,1736724,1968612,0,3705336,3733124
169.072,1736724,1968612,0,3705336,3733124
169.123,1736724,1968612,0,3705336,3733124
169.173,1736724,1968612,0,3705336,3733124
169.223,1736724,1968612,0,3705336,3733124
169.273,1736724,1968612,0,3705336,3733124
169.324,1736724,1968612,0,3705336,3733124
169.374,1736724,1968612,0,3705336,3733124
169.424,1736724,1968612,0,3705336,3733124
169.474,1736724,1968612,0,3705336,3733124
169.524,1736724,1968612,0,3705336,3733124
169.575,1736724,1968612,0,3705336,3733124
169.625,1736724,1968612,0,3705336,3733124
169.675,1736724,1968612,0,3705336,3733124
169.725,1736724,1968612,0,3705336,3733124
169.775,1736724,1968612,0,3705336,3733124
169.826,1736724,1968612,0,3705336,3733124
169.876,1736724,1968612,0,3705336,3733124
169.926,1736724,1968612,0,3705336,3733124
169.976,1736724,1968612,0,3705336,3733124
170.027,1736724,1968612,0,3705336,3733124
170.077,1736724,1968612,0,3705336,3733124
170.127,1736724,1968612,0,3705336,3733124
170.177,1736724,1968612,0,3705336,3733124
170.227,1736724,1968612,0,3705336,3733124
170.278,1736724,1968612,0,3705336,3733124
170.328,1736724,1968612,0,3705336,3733124
170.378,1736724,1968612,0,3705336,3733124
170.428,1736724,1968612,0,3705336,3733124
170.479,1736724,1968612,0,3705336,3733124
170.529,1736724,1968612,0,3705336,3733124
170.579,1736724,1968612,0,3705336,3733124
170.629,1736724,1968612,0,3705336,3733124
170.680,1736724,1968612,0,3705336,3733124
170.730,1736724,1968612,0,3705336,3733124
170.780,1736724,1968612,0,3705336,3733124
170.830,1736724,1968612,0,3705336,3733124
170.880,1736724,1968612,0,3705336,3733124
170.931,1736724,1968612,0,3705336,3733124
170.981,1736724,1968612,0,3705336,3733124
171.031,1736724,1968612,0,3705336,3733124
171.081,1736724,1968612,0,3705336,3733124
171.132,1736724,1968612,0,3705336,3733124
171.182,1736724,1968612,0,3705336,3733124
171.232,1736724,1968612,0,3705336,3733124
171.282,1736724,1968612,0,3705336,3733124
171.333,1736724,1968612,0,3705336,3733124
171.383,1736724,1968612,0,3705336,3733124
171.433,1736724,1968612,0,3705336,3733124
171.483,1736724,1968612,0,3705336,3733124
171.534,1736724,1968612,0,3705336,3733124
171.584,1736724,1968612,0,3705336,3733124
171.634,1736724,1968612,0,3705336,3733124
171.684,1736724,1968612,0,3705336,3733124
171.734,1736724,1968612,0,3705336,3733124
171.785,1736724,1968612,0,3705336,3733124
171.835,1736724,1968612,0,3705336,3733124
171.885,1736724,1968612,0,3705336,3733124
171.935,1736724,1968612,0,3705336,3733124
171.985,1736724,1968612,0,3705336,3733124
172.036,1736724,1968612,0,3705336,3733124
172.086,1736724,1968548,0,3705272,3733124
172.136,1736724,1968228,0,3704952,3733124
172.186,1736724,1968228,0,3704952,3733124
172.237,1736724,1967076,0,3703800,3733124
172.287,1736724,1966548,0,3703272,3733124
172.337,1736724,1964884,0,3701608,3733124
172.387,1736724,1964372,0,3701096,3733124
172.437,1736724,1963092,0,3699816,3733124
172.488,1736724,1961332,0,3698056,3733124
172.538,1736724,1961332,0,3698056,3733124
172.588,1736724,1961332,0,3698056,3733124
172.638,1736724,1960948,0,3697672,3733124
172.689,1736724,1960948,0,3697672,3733124
172.739,1736724,1960692,0,3697416,3733124
172.789,1736724,1960692,0,3697416,3733124
172.839,1736724,1960692,0,3697416,3733124
172.890,1736724,1960692,0,3697416,3733124
172.940,1736724,1960692,0,3697416,3733124
172.990,1736724,1960692,0,3697416,3733124
173.041,1736724,1960692,0,3697416,3733124
173.091,1736724,1960692,0,3697416,3733124
173.141,1736724,1960692,0,3697416,3733124
173.191,1736724,1960692,0,3697416,3733124
173.241,1736724,1960692,0,3697416,3733124
173.292,1736724,1960692,0,3697416,3733124
173.342,1736724,1960692,0,3697416,3733124
173.392,1736724,1960692,0,3697416,3733124
173.442,1736724,1960692,0,3697416,3733124
173.493,1736724,1960692,0,3697416,3733124
173.543,1736724,1960692,0,3697416,3733124
173.593,1736724,1960692,0,3697416,3733124
173.643,1736724,1959908,0,3696632,3733124
173.694,1736724,1959512,0,3696236,3733124
173.744,1736724,1958632,0,3695356,3733124
173.794,1736724,1958296,0,3695020,3733124
173.844,1736724,1958200,0,3694924,3733124
173.894,1736724,1958200,0,3694924,3733124
173.945,1736724,1958200,0,3694924,3733124
173.995,1736724,1958200,0,3694924,3733124
174.045,1736724,1958200,0,3694924,3733124
174.095,1736724,1958200,0,3694924,3733124
174.146,1736724,1958200,0,3694924,3733124
174.196,1736724,1958200,0,3694924,3733124
174.246,1736724,1958200,0,3694924,3733124
174.296,1736724,1958200,0,3694924,3733124
174.346,1736724,1958200,0,3694924,3733124
174.397,1736724,1958200,0,3694924,3733124
174.447,1736724,1958200,0,3694924,3733124
174.497,1736724,1958200,0,3694924,3733124
174.547,1736724,1958200,0,3694924,3733124
174.598,1736724,1958200,0,3694924,3733124
174.648,1736724,1958200,0,3694924,3733124
174.698,1736724,1958200,0,3694924,3733124
174.748,1736724,1958200,0,3694924,3733124
174.799,1736724,1958200,0,3694924,3733124
174.849,1736724,1958200,0,3694924,3733124
174.899,1736724,1958200,0,3694924,3733124
174.949,1736724,1958200,0,3694924,3733124
175.000,1736724,1958200,0,3694924,3733124
175.050,1736724,1958200,0,3694924,3733124
175.100,1736724,1958200,0,3694924,3733124
175.150,1736724,1958200,0,3694924,3733124
175.201,1736724,1958200,0,3694924,3733124
175.251,1736724,1958200,0,3694924,3733124
175.301,1736724,1958200,0,3694924,3733124
175.352,1736724,1958200,0,3694924,3733124
175.402,1736724,1958200,0,3694924,3733124
175.452,1736724,1958200,0,3694924,3733124
175.502,1736724,1958200,0,3694924,3733124
175.552,1736724,1958200,0,3694924,3733124
175.603,1736724,1958200,0,3694924,3733124
175.653,1736724,1958200,0,3694924,3733124
175.703,1736724,1958200,0,3694924,3733124
175.753,1736724,1958200,0,3694924,3733124
175.804,1736724,1958200,0,3694924,3733124
175.854,1736724,1958200,0,3694924,3733124
175.904,1736724,1958200,0,3694924,3733124
175.954,1736724,1958200,0,3694924,3733124
176.005,1736724,1958200,0,3694924,3733124
176.055,1736724,1958200,0,3694924,3733124
176.105,1736724,1958200,0,3694924,3733124
176.155,1736724,1958200,0,3694924,3733124
176.205,1736724,1958200,0,3694924,3733124
176.256,1736724,1958200,0,3694924,3733124
176.306,1736724,1958200,0,3694924,3733124
176.356,1736724,1958200,0,3694924,3733124
176.406,1736724,1958200,0,3694924,3733124
176.457,1736724,1958200,0,3694924,3733124
176.507,1736724,1958200,0,3694924,3733124
176.557,1736724,1958200,0,3694924,3733124
176.607,1736724,1965096,0,3701820,3733124
176.657,1736724,1967688,0,3704412,3733124
176.708,1736724,1968200,0,3704924,3733124
176.758,1736724,1968280,0,3705004,3733124
176.808,1736724,1968296,0,3705020,3733124
176.858,1736724,1968360,0,3705084,3733124
176.909,1736724,1968360,0,3705084,3733124
176.959,1736724,1968360,0,3705084,3733124
177.009,1736724,1968360,0,3705084,3733124
177.059,1736724,1968360,0,3705084,3733124
177.109,1736724,1968360,0,3705084,3733124
177.160,1736724,1968360,0,3705084,3733124
177.210,1736724,1968360,0,3705084,3733124
177.260,1736724,1968360,0,3705084,3733124
177.310,1736724,1968360,0,3705084,3733124
177.360,1736724,1968360,0,3705084,3733124
177.411,1736724,1968360,0,3705084,3733124
177.461,1736724,1968360,0,3705084,3733124
177.511,1736724,1968360,0,3705084,3733124
177.561,1736724,1968360,0,3705084,3733124
177.612,1736724,1968360,0,3705084,3733124
177.662,1736724,1968360,0,3705084,3733124
177.712,1736724,1968360,0,3705084,3733124
177.762,1736724,1968360,0,3705084,3733124
177.812,1736724,1968360,0,3705084,3733124
177.862,1736724,1968360,0,3705084,3733124
177.913,1736724,1968360,0,3705084,3733124
177.963,1736724,1968360,0,3705084,3733124
178.013,1736724,1968360,0,3705084,3733124
178.063,1736724,1968360,0,3705084,3733124
178.113,1736724,1968360,0,3705084,3733124
178.164,1736724,1968360,0,3705084,3733124
178.214,1736724,1968360,0,3705084,3733124
178.264,1736724,1968360,0,3705084,3733124
178.314,1736724,1968360,0,3705084,3733124
178.365,1736724,1968360,0,3705084,3733124
178.415,1736724,1968360,0,3705084,3733124
178.465,1736724,1968360,0,3705084,3733124
178.515,1736724,1968360,0,3705084,3733124
178.565,1736724,1968360,0,3705084,3733124
178.616,1736724,1968360,0,3705084,3733124
178.666,1736724,1968360,0,3705084,3733124
178.716,1736724,1968360,0,3705084,3733124
178.766,1736724,1968360,0,3705084,3733124
178.816,1736724,1968360,0,3705084,3733124
178.867,1736724,1968360,0,3705084,3733124
178.917,1736724,1968360,0,3705084,3733124
178.967,1736724,1968360,0,3705084,3733124
179.017,1736724,1968360,0,3705084,3733124
179.067,1736724,1968360,0,3705084,3733124
179.118,1736724,1968360,0,3705084,3733124
179.168,1736724,1968360,0,3705084,3733124
179.218,1736724,1968360,0,3705084,3733124
179.268,1736724,1968360,0,3705084,3733124
179.318,1736724,1968360,0,3705084,3733124
179.369,1736724,1968360,0,3705084,3733124
179.419,1736724,1968360,0,3705084,3733124
179.469,1736724,1968360,0,3705084,3733124
179.519,1736724,1968360,0,3705084,3733124
179.570,1736724,1968360,0,3705084,3733124
179.620,1736724,1968360,0,3705084,3733124
179.670,1736724,1968360,0,3705084,3733124
179.720,1736724,1968360,0,3705084,3733124
179.770,1736724,1968360,0,3705084,3733124
179.821,1736724,1968360,0,3705084,3733124
179.871,1736724,1968360,0,3705084,3733124
179.921,1736724,1968360,0,3705084,3733124
179.972,1736724,1968360,0,3705084,3733124
180.022,1736724,1968360,0,3705084,3733124
180.072,1736724,1968360,0,3705084,3733124
180.122,1736724,1968360,0,3705084,3733124
180.173,1736724,1968360,0,3705084,3733124
180.223,1736724,1968360,0,3705084,3733124
180.273,1736724,1968360,0,3705084,3733124
180.323,1736724,1968360,0,3705084,3733124
180.374,1736724,1968360,0,3705084,3733124
180.424,1736724,1968360,0,3705084,3733124
180.474,1736724,1968360,0,3705084,3733124
180.525,1736724,1968360,0,3705084,3733124
180.575,1736724,1968360,0,3705084,3733124
180.625,1736724,1968360,0,3705084,3733124
180.675,1736724,1968360,0,3705084,3733124
180.726,1736724,1968360,0,3705084,3733124
180.776,1736724,1968360,0,3705084,3733124
180.826,1736724,1968360,0,3705084,3733124
180.877,1736724,1968360,0,3705084,3733124
180.927,1736724,1968360,0,3705084,3733124
180.977,1736724,1968360,0,3705084,3733124
181.027,1736724,1968360,0,3705084,3733124
181.077,1736724,1968360,0,3705084,3733124
181.128,1736724,1968360,0,3705084,3733124
181.178,1736724,1968360,0,3705084,3733124
181.228,1736724,1968360,0,3705084,3733124
181.279,1736724,1968360,0,3705084,3733124
181.329,1736724,1968360,0,3705084,3733124
181.379,1736724,1968360,0,3705084,3733124
181.429,1736724,1968360,0,3705084,3733124
181.479,1736724,1968360,0,3705084,3733124
181.530,1736724,1968360,0,3705084,3733124
181.580,1736724,1968360,0,3705084,3733124
181.630,1736724,1968360,0,3705084,3733124
181.680,1736724,1968360,0,3705084,3733124
181.730,1736724,1968360,0,3705084,3733124
181.781,1736724,1968360,0,3705084,3733124
181.831,1736724,1968360,0,3705084,3733124
181.881,1736724,1968360,0,3705084,3733124
181.931,1736724,1968360,0,3705084,3733124
181.981,1736724,1968360,0,3705084,3733124
182.031,1736724,1968360,0,3705084,3733124
182.082,1736724,1968360,0,3705084,3733124
182.132,1736724,1968360,0,3705084,3733124
182.182,1736724,1968360,0,3705084,3733124
182.232,1736724,1968360,0,3705084,3733124
182.282,1736724,1968360,0,3705084,3733124
182.333,1736724,1968360,0,3705084,3733124
182.383,1736724,1968360,0,3705084,3733124
182.433,1736724,1968360,0,3705084,3733124
182.483,1736724,1968360,0,3705084,3733124
182.533,1736724,1968360,0,3705084,3733124
182.584,1736724,1968360,0,3705084,3733124
182.634,1736724,1968360,0,3705084,3733124
182.684,1736724,1968360,0,3705084,3733124
182.734,1736724,1968360,0,3705084,3733124
182.784,1736724,1968360,0,3705084,3733124
182.835,1736724,1968360,0,3705084,3733124
182.885,1736724,1968360,0,3705084,3733124
182.935,1736724,1968360,0,3705084,3733124
182.985,1736724,1968360,0,3705084,3733124
183.035,1736724,1968360,0,3705084,3733124
183.086,1736724,1968360,0,3705084,3733124
183.136,1736724,1968360,0,3705084,3733124
183.186,1736724,1968360,0,3705084,3733124
183.236,1736724,1968360,0,3705084,3733124
183.286,1736724,1968360,0,3705084,3733124
183.337,1736724,1968360,0,3705084,3733124
183.387,1736724,1968360,0,3705084,3733124
183.437,1736724,1968360,0,3705084,3733124
183.487,1736724,1968360,0,3705084,3733124
183.537,1736724,1968360,0,3705084,3733124
183.588,1736724,1968360,0,3705084,3733124
183.638,1736724,1968360,0,3705084,3733124
183.688,1736724,1968360,0,3705084,3733124
183.738,1736724,1968360,0,3705084,3733124
183.788,1736724,1968360,0,3705084,3733124
183.839,1736724,1968360,0,3705084,3733124
183.889,1736724,1968360,0,3705084,3733124
183.939,1736724,1968360,0,3705084,3733124
183.989,1736724,1968360,0,3705084,3733124
184.039,1736724,1968360,0,3705084,3733124
184.090,1736724,1968360,0,3705084,3733124
184.140,1736724,1968360,0,3705084,3733124
184.190,1736724,1968360,0,3705084,3733124
184.240,1736724,1968360,0,3705084,3733124
184.290,1736724,1968360,0,3705084,3733124
184.341,1736724,1968360,0,3705084,3733124
184.391,1736724,1968360,0,3705084,3733124
184.441,1736724,1968360,0,3705084,3733124
184.491,1736724,1968360,0,3705084,3733124
184.542,1736724,1968360,0,3705084,3733124
184.592,1736724,1968360,0,3705084,3733124
184.642,1736724,1968360,0,3705084,3733124
184.692,1736724,1968360,0,3705084,3733124
184.742,1736724,1968360,0,3705084,3733124
184.793,1736724,1968360,0,3705084,3733124
184.843,1736724,1968360,0,3705084,3733124
184.893,1736724,1968360,0,3705084,3733124
184.943,1736724,1968360,0,3705084,3733124
184.994,1736724,1968360,0,3705084,3733124
185.044,1736724,1968360,0,3705084,3733124
185.094,1736724,1968360,0,3705084,3733124
185.144,1736724,1968360,0,3705084,3733124
185.194,1736724,1968360,0,3705084,3733124
185.245,1736724,1968360,0,3705084,3733124
185.295,1736724,1968360,0,3705084,3733124
185.345,1736724,1968360,0,3705084,3733124
185.395,1736724,1968360,0,3705084,3733124
185.445,1736724,1968360,0,3705084,3733124
185.496,1736724,1968360,0,3705084,3733124
185.546,1736724,1968360,0,3705084,3733124
185.596,1736724,1968360,0,3705084,3733124
185.646,1736724,1968360,0,3705084,3733124
185.696,1736724,1968360,0,3705084,3733124
185.747,1736724,1968360,0,3705084,3733124
185.797,1736724,1968360,0,3705084,3733124
185.847,1736724,1968360,0,3705084,3733124
185.897,1736724,1968360,0,3705084,3733124
185.948,1736724,1968360,0,3705084,3733124
185.998,1736724,1968360,0,3705084,3733124
186.048,1736724,1968360,0,3705084,3733124
186.098,1736724,1968360,0,3705084,3733124
186.148,1736724,1968360,0,3705084,3733124
186.199,1736724,1968360,0,3705084,3733124
186.249,1736724,1968360,0,3705084,3733124
186.299,1736724,1968360,0,3705084,3733124
186.349,1736724,1968360,0,3705084,3733124
186.399,1736724,1968360,0,3705084,3733124
186.450,1736724,1968360,0,3705084,3733124
186.500,1736724,1968360,0,3705084,3733124
186.550,1736724,1968360,0,3705084,3733124
186.600,1736724,1968360,0,3705084,3733124
186.651,1736724,1968360,0,3705084,3733124
186.701,1736724,1968360,0,3705084,3733124
186.751,1736724,1968360,0,3705084,3733124
186.801,1736724,1968360,0,3705084,3733124
186.851,1736724,1968360,0,3705084,3733124
186.902,1736724,1968360,0,3705084,3733124
186.952,1736724,1968360,0,3705084,3733124
187.002,1736724,1968360,0,3705084,3733124
187.052,1736724,1968360,0,3705084,3733124
187.102,1736724,1968360,0,3705084,3733124
187.153,1736724,1968360,0,3705084,3733124
187.203,1736724,1968360,0,3705084,3733124
187.253,1736724,1968360,0,3705084,3733124
187.303,1736724,1968360,0,3705084,3733124
187.354,1736724,1968360,0,3705084,3733124
187.404,1736724,1968360,0,3705084,3733124
187.454,1736724,1968360,0,3705084,3733124
187.504,1736724,1968360,0,3705084,3733124
187.554,1736724,1968360,0,3705084,3733124
187.605,1736724,1968360,0,3705084,3733124
187.655,1736724,1968360,0,3705084,3733124
187.705,1736724,1968360,0,3705084,3733124
187.755,1736724,1968360,0,3705084,3733124
187.806,1736724,1968408,0,3705132,3733124
187.856,1736724,1968408,0,3705132,3733124
187.906,1736724,1968408,0,3705132,3733124
187.956,1736724,1968408,0,3705132,3733124
188.007,1736724,1968408,0,3705132,3733124
188.057,1736724,1968408,0,3705132,3733124
188.107,1736724,1968408,0,3705132,3733124
188.157,1736724,1968408,0,3705132,3733124
188.207,1736724,1968408,0,3705132,3733124
188.258,1736724,1968408,0,3705132,3733124
188.308,1736724,1968408,0,3705132,3733124
188.358,1736724,1890296,0,3627020,3733124
188.408,1736724,948216,0,2684940,3733124
188.459,1736724,489472,0,2226196,3733124
188.509,1736724,342848,0,2079572,3733124
188.559,1736724,147644,0,1884368,3733124
188.609,1736724,206048,0,1942772,3733124
188.660,1736724,226392,0,1963116,3733124
188.710,1736724,235008,0,1971732,3733124
188.760,1736724,251776,0,1988500,3733124
188.810,1739428,251784,0,1991212,3733124
188.861,1739428,251784,0,1991212,3733124
188.913,1739428,251796,0,1991224,3733124
188.963,1739428,251832,0,1991260,3733124
189.013,1739428,291004,0,2030432,3733124
189.063,1739428,291004,0,2030432,3733124
189.114,1739428,251860,0,1991288,3733124
189.164,1739428,251860,0,1991288,3733124
189.214,1739428,267740,0,2007168,3733124
189.264,1739428,293456,0,2032884,3733124
189.315,1739428,322568,0,2061996,3733124
189.365,1739428,331212,0,2070640,3733124
189.415,1739428,329988,0,2069416,3733124
189.465,1739428,251860,0,1991288,3733124
189.516,1739428,251860,0,1991288,3733124
189.566,1739428,251860,0,1991288,3733124
189.616,1739428,251860,0,1991288,3733124
189.666,1739428,252060,0,1991488,3733124
189.717,1739428,252252,0,1991680,3733124
189.767,1739428,252252,0,1991680,3733124
189.817,1739428,252252,0,1991680,3733124
189.867,1739428,252252,0,1991680,3733124
189.917,1739428,252252,0,1991680,3733124
189.968,1739428,252252,0,1991680,3733124
190.018,1739428,252252,0,1991680,3733124
190.068,1739428,252252,0,1991680,3733124
190.118,1739428,252252,0,1991680,3733124
190.169,1739428,252252,0,1991680,3733124
190.219,1739428,252252,0,1991680,3733124
190.269,1739428,252252,0,1991680,3733124
190.319,1739428,252252,0,1991680,3733124
190.369,1739428,252252,0,1991680,3733124
190.420,1739428,252252,0,1991680,3733124
190.470,1739428,252252,0,1991680,3733124
190.520,1739428,252252,0,1991680,3733124
190.570,1739428,252252,0,1991680,3733124
190.620,1739428,252252,0,1991680,3733124
190.671,1739428,252252,0,1991680,3733124
190.721,1739428,252252,0,1991680,3733124
190.771,1739428,252252,0,1991680,3733124
190.821,1739428,252252,0,1991680,3733124
190.871,1739428,252252,0,1991680,3733124
190.922,1739428,252252,0,1991680,3733124
190.972,1739428,252252,0,1991680,3733124
191.022,1739428,252252,0,1991680,3733124
191.072,1739428,252252,0,1991680,3733124
191.123,1739428,252252,0,1991680,3733124
191.173,1739428,252252,0,1991680,3733124
191.223,1739428,252252,0,1991680,3733124
191.273,1739428,252252,0,1991680,3733124
191.323,1739428,252252,0,1991680,3733124
191.374,1739428,252252,0,1991680,3733124
191.424,1739428,252252,0,1991680,3733124
191.474,1739428,252252,0,1991680,3733124
191.524,1739428,252252,0,1991680,3733124
191.575,1739428,252252,0,1991680,3733124
191.625,1739428,252252,0,1991680,3733124
191.675,1739428,252252,0,1991680,3733124
191.725,1739428,252252,0,1991680,3733124
191.776,1739428,252252,0,1991680,3733124
191.826,1739428,252252,0,1991680,3733124
191.876,1739428,252252,0,1991680,3733124
191.926,1739428,252252,0,1991680,3733124
191.976,1739428,252252,0,1991680,3733124
192.027,1739428,252252,0,1991680,3733124
192.077,1739428,252252,0,1991680,3733124
192.127,1739428,252252,0,1991680,3733124
192.177,1739428,252252,0,1991680,3733124
192.228,1739428,252252,0,1991680,3733124
192.278,1739428,252252,0,1991680,3733124
192.328,1739428,252252,0,1991680,3733124
192.378,1739428,252252,0,1991680,3733124
192.429,1739428,252252,0,1991680,3733124
192.479,1739428,252252,0,1991680,3733124
192.529,1739428,252252,0,1991680,3733124
192.579,1739428,252252,0,1991680,3733124
192.630,1739428,252252,0,1991680,3733124
192.680,1739428,252252,0,1991680,3733124
192.730,1739428,252252,0,1991680,3733124
192.780,1739428,252252,0,1991680,3733124
192.830,1739428,252252,0,1991680,3733124
192.881,1739428,252252,0,1991680,3733124
192.931,1739428,252252,0,1991680,3733124
192.981,1739428,252252,0,1991680,3733124
193.031,1739428,252252,0,1991680,3733124
193.081,1739428,252252,0,1991680,3733124
193.132,1739428,252252,0,1991680,3733124
193.182,1739428,252252,0,1991680,3733124
193.232,1739428,252252,0,1991680,3733124
193.282,1739428,252252,0,1991680,3733124
193.333,1739428,252252,0,1991680,3733124
193.383,1739428,252252,0,1991680,3733124
193.433,1739428,252252,0,1991680,3733124
193.483,1739428,252252,0,1991680,3733124
193.533,1739428,252252,0,1991680,3733124
193.584,1739428,252252,0,1991680,3733124
193.634,1739428,252252,0,1991680,3733124
193.684,1739428,252252,0,1991680,3733124
193.734,1739428,252252,0,1991680,3733124
193.784,1739428,252252,0,1991680,3733124
193.835,1739428,252252,0,1991680,3733124
193.885,1739428,252252,0,1991680,3733124
193.935,1739428,252252,0,1991680,3733124
193.985,1739428,252252,0,1991680,3733124
194.036,1739428,252252,0,1991680,3733124
194.086,1739428,252252,0,1991680,3733124
194.136,1739428,252252,0,1991680,3733124
194.186,1739428,252252,0,1991680,3733124
194.237,1739428,252252,0,1991680,3733124
194.287,1739428,252252,0,1991680,3733124
194.337,1739428,252252,0,1991680,3733124
194.387,1739428,252252,0,1991680,3733124
194.438,1739428,252252,0,1991680,3733124
194.488,1739428,252252,0,1991680,3733124
194.538,1739428,252252,0,1991680,3733124
194.588,1739428,252252,0,1991680,3733124
194.639,1739428,252252,0,1991680,3733124
194.689,1739428,252252,0,1991680,3733124
194.739,1739428,252252,0,1991680,3733124
194.789,1739428,252252,0,1991680,3733124
194.840,1739428,252252,0,1991680,3733124
194.890,1739428,252252,0,1991680,3733124
194.940,1739428,252252,0,1991680,3733124
194.991,1739428,252252,0,1991680,3733124
195.041,1739428,252252,0,1991680,3733124
195.091,1739428,252252,0,1991680,3733124
195.141,1739428,252252,0,1991680,3733124
195.192,1739428,252252,0,1991680,3733124
195.242,1739428,252252,0,1991680,3733124
195.292,1739428,252236,0,1991664,3733124
195.342,1739428,251948,0,1991376,3733124
195.393,1739428,251660,0,1991088,3733124
195.443,1739428,251524,0,1990952,3733124
195.493,1739428,251428,0,1990856,3733124
195.543,1739428,251268,0,1990696,3733124
195.594,1739428,251172,0,1990600,3733124
195.644,1739428,251172,0,1990600,3733124
195.694,1739428,250724,0,1990152,3733124
195.745,1739428,250628,0,1990056,3733124
195.795,1739428,250476,0,1989904,3733124
195.845,1739428,250204,0,1989632,3733124
195.895,1739428,250292,0,1989720,3733124
195.946,1739428,250180,0,1989608,3733124
195.996,1739428,250036,0,1989464,3733124
196.046,1739428,250100,0,1989528,3733124
196.097,1739428,250100,0,1989528,3733124
196.147,1739428,250100,0,1989528,3733124
196.197,1739428,250100,0,1989528,3733124
196.248,1739428,250100,0,1989528,3733124
196.298,1739428,250100,0,1989528,3733124
196.348,1739428,250100,0,1989528,3733124
196.398,1739428,250100,0,1989528,3733124
196.449,1739428,250100,0,1989528,3733124
196.499,1739428,250100,0,1989528,3733124
196.549,1739428,250100,0,1989528,3733124
196.599,1739428,250100,0,1989528,3733124
196.649,1739428,250100,0,1989528,3733124
196.700,1739428,250100,0,1989528,3733124
196.750,1739428,250100,0,1989528,3733124
196.800,1739428,250164,0,1989592,3733124
196.850,1739428,250164,0,1989592,3733124
196.901,1739428,250164,0,1989592,3733124
196.951,1739428,250164,0,1989592,3733124
197.001,1739428,250164,0,1989592,3733124
197.051,1739428,250164,0,1989592,3733124
197.101,1739428,250164,0,1989592,3733124
197.152,1739428,250164,0,1989592,3733124
197.202,1739428,250164,0,1989592,3733124
197.252,1739428,250164,0,1989592,3733124
197.302,1739428,250164,0,1989592,3733124
197.353,1739428,250164,0,1989592,3733124
197.403,1739428,250164,0,1989592,3733124
197.453,1739428,250164,0,1989592,3733124
197.503,1739428,250164,0,1989592,3733124
197.554,1739428,250164,0,1989592,3733124
197.604,1739428,250164,0,1989592,3733124
197.654,1739428,250164,0,1989592,3733124
197.704,1739428,250164,0,1989592,3733124
197.755,1739428,250164,0,1989592,3733124
197.809,1739428,250164,0,1989592,3733124
197.859,1739428,250164,0,1989592,3733124
197.909,1739428,250164,0,1989592,3733124
197.959,1739428,250164,0,1989592,3733124
198.010,1739428,250164,0,1989592,3733124
198.060,1739428,250164,0,1989592,3733124
198.110,1739428,250164,0,1989592,3733124
198.160,1739428,250164,0,1989592,3733124
198.211,1739428,250164,0,1989592,3733124
198.261,1739428,250164,0,1989592,3733124
198.311,1739428,250164,0,1989592,3733124
198.361,1739428,250164,0,1989592,3733124
198.412,1739428,250164,0,1989592,3733124
198.462,1739428,250164,0,1989592,3733124
198.512,1739428,250164,0,1989592,3733124
198.562,1739428,250164,0,1989592,3733124
198.613,1739428,250164,0,1989592,3733124
198.663,1739428,250164,0,1989592,3733124
198.713,1739428,250164,0,1989592,3733124
198.763,1739428,250164,0,1989592,3733124
198.814,1739428,250164,0,1989592,3733124
198.864,1739428,250164,0,1989592,3733124
198.914,1739428,250164,0,1989592,3733124
198.964,1739428,250164,0,1989592,3733124
199.014,1739428,250164,0,1989592,3733124
199.065,1739428,250164,0,1989592,3733124
199.115,1739428,250164,0,1989592,3733124
199.165,1739428,250164,0,1989592,3733124
199.215,1739428,250164,0,1989592,3733124
199.265,1739428,250164,0,1989592,3733124
199.316,1739428,250164,0,1989592,3733124
199.366,1739428,250164,0,1989592,3733124
199.416,1739428,250164,0,1989592,3733124
199.466,1739428,250164,0,1989592,3733124
199.517,1739428,250164,0,1989592,3733124
199.567,1739428,250164,0,1989592,3733124
199.617,1739428,250164,0,1989592,3733124
199.667,1739428,250164,0,1989592,3733124
199.717,1739428,250164,0,1989592,3733124
199.768,1739428,250164,0,1989592,3733124
199.818,1739428,250164,0,1989592,3733124
199.868,1739428,250164,0,1989592,3733124
199.918,1739428,250164,0,1989592,3733124
199.969,1739428,250164,0,1989592,3733124
200.019,1739428,250164,0,1989592,3733124
200.069,1739428,250164,0,1989592,3733124
200.119,1739428,250164,0,1989592,3733124
200.170,1739428,250164,0,1989592,3733124
200.220,1739428,250164,0,1989592,3733124
200.270,1739428,250164,0,1989592,3733124
200.320,1739428,250164,0,1989592,3733124
200.371,1739428,250164,0,1989592,3733124
200.421,1739428,250164,0,1989592,3733124
200.471,1739428,250164,0,1989592,3733124
200.521,1739428,250164,0,1989592,3733124
200.571,1739428,250164,0,1989592,3733124
200.622,1739428,250164,0,1989592,3733124
200.672,1739428,250164,0,1989592,3733124
200.722,1739428,250164,0,1989592,3733124
200.772,1739428,250164,0,1989592,3733124
200.823,1739428,250164,0,1989592,3733124
200.873,1739428,250164,0,1989592,3733124
200.923,1739428,250164,0,1989592,3733124
200.973,1739428,250164,0,1989592,3733124
201.024,1739428,250164,0,1989592,3733124
201.074,1739428,250164,0,1989592,3733124
201.124,1739428,250164,0,1989592,3733124
201.174,1739428,250164,0,1989592,3733124
201.225,1739428,250164,0,1989592,3733124
201.275,1739428,250164,0,1989592,3733124
201.325,1739428,250164,0,1989592,3733124
201.375,1739428,250164,0,1989592,3733124
201.426,1739428,250164,0,1989592,3733124
201.476,1739428,250164,0,1989592,3733124
201.526,1739428,250164,0,1989592,3733124
201.577,1739428,250164,0,1989592,3733124
201.629,1739428,250164,0,1989592,3733124
201.679,1739428,250164,0,1989592,3733124
201.729,1739428,250164,0,1989592,3733124
201.779,1739428,250164,0,1989592,3733124
201.830,1739428,250164,0,1989592,3733124
201.880,1739428,250164,0,1989592,3733124
201.930,1739428,250164,0,1989592,3733124
201.980,1739428,250164,0,1989592,3733124
202.031,1739428,250164,0,1989592,3733124
202.081,1739428,250164,0,1989592,3733124
202.131,1739428,250164,0,1989592,3733124
202.181,1739428,250164,0,1989592,3733124
202.232,1739428,250164,0,1989592,3733124
202.282,1739428,250164,0,1989592,3733124
202.332,1739428,250164,0,1989592,3733124
202.382,1739428,250164,0,1989592,3733124
202.433,1739428,250164,0,1989592,3733124
202.483,1739428,250164,0,1989592,3733124
202.533,1739428,250164,0,1989592,3733124
202.583,1739428,250164,0,1989592,3733124
202.634,1739428,250164,0,1989592,3733124
202.684,1739428,250164,0,1989592,3733124
202.734,1739428,250164,0,1989592,3733124
202.784,1739428,250164,0,1989592,3733124
202.835,1739428,250164,0,1989592,3733124
202.885,1739428,250164,0,1989592,3733124
202.935,1739428,250164,0,1989592,3733124
202.985,1739428,250164,0,1989592,3733124
203.035,1739428,250164,0,1989592,3733124
203.086,1739428,250164,0,1989592,3733124
203.136,1739428,250164,0,1989592,3733124
203.186,1739428,250164,0,1989592,3733124
203.236,1739428,250164,0,1989592,3733124
203.287,1739428,250164,0,1989592,3733124
203.337,1739428,250164,0,1989592,3733124
203.387,1739428,250164,0,1989592,3733124
203.437,1739428,250164,0,1989592,3733124
203.488,1739428,250164,0,1989592,3733124
203.538,1739428,250164,0,1989592,3733124
203.588,1739428,250164,0,1989592,3733124
203.638,1739428,250164,0,1989592,3733124
203.688,1739428,250164,0,1989592,3733124
203.739,1739428,250164,0,1989592,3733124
203.789,1739428,250164,0,1989592,3733124
203.839,1739428,250164,0,1989592,3733124
203.893,1739428,250164,0,1989592,3733124
203.943,1739428,250164,0,1989592,3733124
203.993,1739428,250164,0,1989592,3733124
204.043,1739428,250164,0,1989592,3733124
204.097,1739428,250164,0,1989592,3733124
204.147,1739428,250164,0,1989592,3733124
204.197,1739428,250164,0,1989592,3733124
204.247,1739428,250164,0,1989592,3733124
204.298,1739428,250164,0,1989592,3733124
204.348,1739428,250164,0,1989592,3733124
204.398,1739428,250164,0,1989592,3733124
204.448,1739428,250164,0,1989592,3733124
204.499,1739428,250164,0,1989592,3733124
204.549,1739428,250164,0,1989592,3733124
204.599,1739428,250164,0,1989592,3733124
204.649,1739428,250164,0,1989592,3733124
204.700,1739428,250164,0,1989592,3733124
204.750,1739428,250164,0,1989592,3733124
204.800,1739428,250164,0,1989592,3733124
204.850,1739428,250164,0,1989592,3733124
204.905,1739428,250164,0,1989592,3733124
204.955,1739428,250164,0,1989592,3733124
205.005,1739428,250164,0,1989592,3733124
205.055,1739428,250164,0,1989592,3733124
205.106,1739428,250164,0,1989592,3733124
205.156,1739428,250164,0,1989592,3733124
205.206,1739428,250164,0,1989592,3733124
205.256,1739428,250164,0,1989592,3733124
205.307,1739428,250164,0,1989592,3733124
205.357,1739428,250164,0,1989592,3733124
205.407,1739428,250164,0,1989592,3733124
205.457,1739428,250164,0,1989592,3733124
205.508,1739428,250164,0,1989592,3733124
205.558,1739428,250164,0,1989592,3733124
205.608,1739428,250164,0,1989592,3733124
205.658,1739428,250164,0,1989592,3733124
205.709,1739428,250164,0,1989592,3733124
205.759,1739428,250164,0,1989592,3733124
205.809,1739428,250164,0,1989592,3733124
205.859,1739428,250164,0,1989592,3733124
205.909,1739428,250164,0,1989592,3733124
205.960,1739428,250164,0,1989592,3733124
206.010,1739428,250164,0,1989592,3733124
206.060,1739428,250164,0,1989592,3733124
206.110,1739428,250164,0,1989592,3733124
206.161,1739428,250164,0,1989592,3733124
206.211,1739428,250164,0,1989592,3733124
206.261,1739428,250164,0,1989592,3733124
206.311,1739428,250164,0,1989592,3733124
206.361,1739428,250164,0,1989592,3733124
206.412,1739428,250164,0,1989592,3733124
206.462,1739428,250164,0,1989592,3733124
206.512,1739428,250164,0,1989592,3733124
206.562,1739428,250164,0,1989592,3733124
206.613,1739428,250164,0,1989592,3733124
206.663,1739428,250164,0,1989592,3733124
206.713,1739428,250164,0,1989592,3733124
206.763,1739428,250164,0,1989592,3733124
206.814,1739428,250164,0,1989592,3733124
206.864,1739428,250164,0,1989592,3733124
206.914,1739428,250164,0,1989592,3733124
206.964,1739428,250164,0,1989592,3733124
207.014,1739428,250164,0,1989592,3733124
207.065,1739428,250164,0,1989592,3733124
207.115,1739428,250164,0,1989592,3733124
207.165,1739428,250164,0,1989592,3733124
207.215,1739428,250164,0,1989592,3733124
207.266,1739428,250164,0,1989592,3733124
207.316,1739428,250164,0,1989592,3733124
207.366,1739428,250164,0,1989592,3733124
207.416,1739428,250164,0,1989592,3733124
207.466,1739428,250164,0,1989592,3733124
207.517,1739428,250164,0,1989592,3733124
207.567,1739428,250164,0,1989592,3733124
207.617,1739428,250164,0,1989592,3733124
207.667,1739428,250164,0,1989592,3733124
207.717,1739428,250164,0,1989592,3733124
207.768,1739428,250164,0,1989592,3733124
207.818,1739428,250164,0,1989592,3733124
207.868,1739428,250164,0,1989592,3733124
207.918,1739428,250164,0,1989592,3733124
207.968,1739428,250164,0,1989592,3733124
208.019,1739428,250164,0,1989592,3733124
208.069,1739428,250164,0,1989592,3733124
208.119,1739428,250164,0,1989592,3733124
208.169,1739428,250164,0,1989592,3733124
208.220,1739428,250164,0,1989592,3733124
208.270,1739428,250164,0,1989592,3733124
208.320,1739428,250164,0,1989592,3733124
208.370,1739428,250164,0,1989592,3733124
208.420,1739428,250164,0,1989592,3733124
208.471,1739428,250164,0,1989592,3733124
208.521,1739428,250164,0,1989592,3733124
208.571,1739428,250164,0,1989592,3733124
208.621,1739428,250164,0,1989592,3733124
208.672,1739428,250164,0,1989592,3733124
208.722,1739428,250164,0,1989592,3733124
208.772,1739428,250164,0,1989592,3733124
208.822,1739428,250164,0,1989592,3733124
208.872,1739428,250164,0,1989592,3733124
208.923,1739428,250164,0,1989592,3733124
208.973,1739428,250164,0,1989592,3733124
209.023,1739428,250164,0,1989592,3733124
209.074,1739432,250164,0,1989596,3733124
209.124,1830704,250164,0,2080868,3733124
209.174,1936376,250164,0,2186540,3733124
209.225,2029128,250164,0,2279292,3733124
209.275,2084096,250164,0,2334260,3733124
209.325,2137816,250164,0,2387980,3733124
209.375,2198432,250164,0,2448596,3733124
209.426,2300364,250164,0,2550528,3733124
209.476,2370328,250164,0,2620492,3733124
209.526,2449120,250164,0,2699284,3733124
209.576,2515956,250164,0,2766120,3733124
209.627,2600264,250164,0,2850428,3733124
209.677,2670140,250164,0,2920304,3733124
209.727,2730240,250164,0,2980404,3733124
209.777,2776936,250164,0,3027100,3733124
209.827,2818984,250164,0,3069148,3733124
209.878,2861384,250164,0,3111548,3733124
209.928,2899720,250164,0,3149884,3733124
209.978,2935292,250164,0,3185456,3733124
210.028,2971196,250164,0,3221360,3733124
210.079,3009200,250164,0,3259364,3733124
210.129,3045396,250164,0,3295560,3733124
210.179,3088236,250164,0,3338400,3733124
210.229,3120532,250164,0,3370696,3733124
210.280,3152780,250164,0,3402944,3733124
210.330,3187512,250164,0,3437676,3733124
210.380,3220660,250164,0,3470824,3733124
210.430,3246048,250164,0,3496212,3733124
210.481,3273364,250164,0,3523528,3733124
210.531,3289260,250164,0,3539424,3733124
210.581,3315456,250164,0,3565620,3733124
210.631,3338972,250164,0,3589136,3733124
210.682,3357772,250164,0,3607936,3733124
210.732,3388864,250164,0,3639028,3733124
210.782,3413948,250164,0,3664112,3733124
210.833,3427736,250164,0,3677900,3733124
210.883,3446992,250164,0,3697156,3733124
210.933,3460660,250164,0,3710824,3733124
210.983,3481140,250164,0,3731304,3733124
211.034,3490584,250164,0,3740748,3740748
211.084,3500408,250164,0,3750572,3750572
211.134,3506676,250164,0,3756840,3756840
211.185,3521264,250164,0,3771428,3771428
211.235,3532868,250164,0,3783032,3783032
211.285,3534404,250164,0,3784568,3784568
211.336,3537548,250164,0,3787712,3787712
211.386,3540024,250164,0,3790188,3790188
211.436,3542044,250164,0,3792208,3792208
211.486,3542144,250164,0,3792308,3792308
211.537,3542312,250164,0,3792476,3792476
211.587,3542316,250164,0,3792480,3792480
211.637,3542368,250164,0,3792532,3792532
211.688,3542612,250164,0,3792776,3792776
211.738,3542884,250164,0,3793048,3793048
211.788,3543004,250164,0,3793168,3793168
211.838,3543072,250164,0,3793236,3793236
211.889,3543088,250036,0,3793124,3793124
211.939,3543108,250036,0,3793144,3793144
211.989,3543108,250036,0,3793144,3793144
212.040,3543108,250036,0,3793144,3793144
212.090,3543112,250036,0,3793148,3793148
212.140,3543112,250036,0,3793148,3793148
212.190,3543112,250036,0,3793148,3793148
212.241,3543112,250036,0,3793148,3793148
212.291,3543112,250036,0,3793148,3793148
212.341,3543112,250036,0,3793148,3793148
212.391,3543116,250036,0,3793152,3793152
212.442,3543116,250036,0,3793152,3793152
212.492,3543116,250036,0,3793152,3793152
212.542,3543116,250036,0,3793152,3793152
212.592,3543116,250036,0,3793152,3793152
212.643,3543116,250036,0,3793152,3793152
212.693,3543116,250036,0,3793152,3793152
212.743,3543116,250036,0,3793152,3793152
212.793,3543116,250036,0,3793152,3793152
212.844,3543116,250036,0,3793152,3793152
212.894,3543116,250036,0,3793152,3793152
212.944,3543116,250036,0,3793152,3793152
212.994,3543116,250036,0,3793152,3793152
213.045,3543116,250036,0,3793152,3793152
213.095,3543116,250036,0,3793152,3793152
213.145,3543116,250036,0,3793152,3793152
213.195,3543116,250036,0,3793152,3793152
213.245,3543116,250036,0,3793152,3793152
213.296,3543116,250036,0,3793152,3793152
213.346,3543116,250036,0,3793152,3793152
213.396,3543116,250036,0,3793152,3793152
213.446,3543116,250036,0,3793152,3793152
213.497,3543116,250036,0,3793152,3793152
213.547,3543116,250036,0,3793152,3793152
213.597,3543116,250036,0,3793152,3793152
213.647,3543116,250036,0,3793152,3793152
213.698,3543116,250036,0,3793152,3793152
213.748,3543116,250036,0,3793152,3793152
213.798,3543116,250036,0,3793152,3793152
213.848,3543116,250036,0,3793152,3793152
213.898,3543116,250036,0,3793152,3793152
213.949,3543116,250036,0,3793152,3793152
213.999,3543116,250036,0,3793152,3793152
214.049,3543116,250036,0,3793152,3793152
214.099,3543116,250036,0,3793152,3793152
214.150,3543116,250036,0,3793152,3793152
214.200,3543116,250036,0,3793152,3793152
214.250,3543116,250036,0,3793152,3793152
214.300,3543116,250036,0,3793152,3793152
214.350,3543116,250036,0,3793152,3793152
214.401,3543116,250036,0,3793152,3793152
214.451,3543116,249956,0,3793072,3793072
214.501,3543116,249956,0,3793072,3793072
214.551,3543116,249956,0,3793072,3793072
214.601,3543116,249956,0,3793072,3793072
214.652,3543116,249956,0,3793072,3793072
214.702,3543116,249956,0,3793072,3793072
214.752,3543116,249956,0,3793072,3793072
214.802,3543116,249956,0,3793072,3793072
214.853,3543116,249956,0,3793072,3793072
214.903,3543116,249956,0,3793072,3793072
214.953,3543116,249956,0,3793072,3793072
215.003,3543116,249956,0,3793072,3793072
215.054,3543116,249956,0,3793072,3793072
215.104,3543116,249956,0,3793072,3793072
215.154,3543116,249956,0,3793072,3793072
215.204,3543116,249956,0,3793072,3793072
215.254,3543116,249956,0,3793072,3793072
215.305,3543116,249956,0,3793072,3793072
215.355,3543116,249956,0,3793072,3793072
215.405,3543116,249956,0,3793072,3793072
215.455,3543116,249956,0,3793072,3793072
215.506,3543116,249956,0,3793072,3793072
215.556,3543116,249956,0,3793072,3793072
215.606,3543116,249956,0,3793072,3793072
215.656,3543116,249956,0,3793072,3793072
215.707,3543116,249956,0,3793072,3793072
215.757,3543116,249704,0,3792820,3792820
215.807,3543116,249704,0,3792820,3792820
215.857,3543116,249704,0,3792820,3792820
215.907,3543116,249704,0,3792820,3792820
215.958,3543116,249704,0,3792820,3792820
216.008,3543116,249704,0,3792820,3792820
216.058,3543116,249704,0,3792820,3792820
216.108,3543116,249704,0,3792820,3792820
216.158,3543116,249704,0,3792820,3792820
216.209,3543116,249704,0,3792820,3792820
216.259,3543116,249704,0,3792820,3792820
216.309,3543116,249704,0,3792820,3792820
216.359,3543116,249704,0,3792820,3792820
216.410,3543116,249704,0,3792820,3792820
216.460,3543116,249704,0,3792820,3792820
216.510,3543116,249704,0,3792820,3792820
216.560,3543116,249704,0,3792820,3792820
216.611,3543116,249704,0,3792820,3792820
216.661,3543116,249704,0,3792820,3792820
216.711,3543116,249704,0,3792820,3792820
216.761,3543116,249704,0,3792820,3792820
216.812,3543116,249704,0,3792820,3792820
216.862,3543116,249704,0,3792820,3792820
216.912,3543116,249704,0,3792820,3792820
216.963,3543116,249704,0,3792820,3792820
217.013,3543116,249704,0,3792820,3792820
217.063,3543116,249704,0,3792820,3792820
217.113,3543116,249704,0,3792820,3792820
217.164,3543116,249704,0,3792820,3792820
217.214,3543116,249704,0,3792820,3792820
217.264,3543116,249704,0,3792820,3792820
217.314,3543116,249704,0,3792820,3792820
217.364,3543116,249704,0,3792820,3792820
217.415,3543116,249704,0,3792820,3792820
217.465,3543116,249704,0,3792820,3792820
217.515,3543116,249704,0,3792820,3792820
217.565,3543116,249704,0,3792820,3792820
217.616,3543116,249704,0,3792820,3792820
217.666,3543116,249704,0,3792820,3792820
217.716,3543116,249704,0,3792820,3792820
217.766,3543116,249704,0,3792820,3792820
217.816,3543116,249704,0,3792820,3792820
217.867,3543116,249704,0,3792820,3792820
217.917,3543116,249704,0,3792820,3792820
217.967,3543116,249704,0,3792820,3792820
218.017,3543116,249704,0,3792820,3792820
218.068,3543116,249704,0,3792820,3792820
218.118,3543116,249704,0,3792820,3792820
218.168,3543116,249704,0,3792820,3792820
218.218,3543116,249704,0,3792820,3792820
218.268,3543116,249704,0,3792820,3792820
218.319,3543116,249704,0,3792820,3792820
218.369,3543116,249704,0,3792820,3792820
218.419,3543116,249704,0,3792820,3792820
218.469,3543116,249704,0,3792820,3792820
218.520,3543116,249704,0,3792820,3792820
218.570,3543116,249704,0,3792820,3792820
218.620,3543116,249704,0,3792820,3792820
218.670,3543116,249704,0,3792820,3792820
218.720,3543116,249704,0,3792820,3792820
218.771,3543116,249704,0,3792820,3792820
218.821,3543116,249704,0,3792820,3792820
218.871,3543116,249704,0,3792820,3792820
218.921,3543116,249704,0,3792820,3792820
218.972,3543116,249704,0,3792820,3792820
219.022,3543116,249704,0,3792820,3792820
219.072,3543116,249704,0,3792820,3792820
219.123,3543116,249704,0,3792820,3792820
219.173,3543116,249704,0,3792820,3792820
219.223,3543116,249704,0,3792820,3792820
219.273,3543116,249704,0,3792820,3792820
219.323,3543116,249704,0,3792820,3792820
219.374,3543116,249704,0,3792820,3792820
219.424,3543116,249704,0,3792820,3792820
219.474,3543116,249704,0,3792820,3792820
219.524,3543116,249704,0,3792820,3792820
219.575,3543116,249640,0,3792756,3792756
219.625,3543116,249704,0,3792820,3792820
219.675,3543116,249704,0,3792820,3792820
219.725,3543116,249704,0,3792820,3792820
219.776,3543116,249704,0,3792820,3792820
219.826,3543116,249704,0,3792820,3792820
219.876,3543116,249704,0,3792820,3792820
219.926,3543116,249704,0,3792820,3792820
219.977,3543116,249704,0,3792820,3792820
220.027,3543116,249704,0,3792820,3792820
220.077,3543116,249704,0,3792820,3792820
220.127,3543116,249704,0,3792820,3792820
220.177,3543116,249704,0,3792820,3792820
220.228,3543116,249704,0,3792820,3792820
220.278,3543116,249704,0,3792820,3792820
220.328,3543116,249704,0,3792820,3792820
220.378,3543116,249704,0,3792820,3792820
220.429,3543116,249704,0,3792820,3792820
220.479,3543116,249704,0,3792820,3792820
220.529,3543116,249704,0,3792820,3792820
220.579,3543116,249704,0,3792820,3792820
220.630,3543116,249704,0,3792820,3792820
220.680,3543116,249704,0,3792820,3792820
220.730,3543116,249704,0,3792820,3792820
220.780,3543116,249704,0,3792820,3792820
220.831,3543116,249704,0,3792820,3792820
220.881,3543116,249704,0,3792820,3792820
220.931,3543116,249704,0,3792820,3792820
220.982,3543116,249704,0,3792820,3792820
221.032,3543116,249704,0,3792820,3792820
221.082,3543116,249704,0,3792820,3792820
221.132,3543116,249704,0,3792820,3792820
221.183,3543116,249704,0,3792820,3792820
221.233,3543116,249704,0,3792820,3792820
221.283,3543116,249704,0,3792820,3792820
221.333,3543116,249704,0,3792820,3792820
221.383,3543116,249704,0,3792820,3792820
221.434,3543116,249704,0,3792820,3792820
221.484,3543116,249704,0,3792820,3792820
221.534,3543116,249704,0,3792820,3792820
221.584,3543116,249704,0,3792820,3792820
221.635,3543116,249704,0,3792820,3792820
221.685,3543116,249704,0,3792820,3792820
221.735,3543116,249704,0,3792820,3792820
221.785,3543116,249704,0,3792820,3792820
221.835,3543116,249704,0,3792820,3792820
221.886,3543116,249704,0,3792820,3792820
221.936,3543116,249704,0,3792820,3792820
221.986,3543116,249704,0,3792820,3792820
222.037,3543116,249704,0,3792820,3792820
222.087,3543116,249704,0,3792820,3792820
222.137,3543116,249704,0,3792820,3792820
222.187,3543116,249704,0,3792820,3792820
222.238,3543116,249704,0,3792820,3792820
222.288,3543116,249704,0,3792820,3792820
222.338,3543116,249704,0,3792820,3792820
222.388,3543116,249704,0,3792820,3792820
222.439,3543116,249704,0,3792820,3792820
222.489,3543116,249704,0,3792820,3792820
222.539,3543116,249704,0,3792820,3792820
222.589,3543116,249704,0,3792820,3792820
222.640,3543116,249704,0,3792820,3792820
222.690,3543116,249704,0,3792820,3792820
222.740,3543116,249704,0,3792820,3792820
222.790,3543116,249704,0,3792820,3792820
222.840,3543116,249704,0,3792820,3792820
222.891,3543116,249704,0,3792820,3792820
222.941,3543116,249704,0,3792820,3792820
222.991,3543116,249704,0,3792820,3792820
223.041,3543116,249704,0,3792820,3792820
223.092,3543116,249704,0,3792820,3792820
223.142,3543116,249704,0,3792820,3792820
223.192,3543116,249704,0,3792820,3792820
223.242,3543116,249704,0,3792820,3792820
223.293,3543116,249704,0,3792820,3792820
223.343,3543116,249704,0,3792820,3792820
223.393,3543116,249704,0,3792820,3792820
223.443,3543116,249704,0,3792820,3792820
223.494,3543116,249704,0,3792820,3792820
223.544,3543116,249704,0,3792820,3792820
223.594,3543116,249704,0,3792820,3792820
223.644,3543116,249704,0,3792820,3792820
223.695,3543116,249704,0,3792820,3792820
223.745,3543116,249704,0,3792820,3792820
223.795,3543116,249704,0,3792820,3792820
223.846,3543116,249704,0,3792820,3792820
223.896,3543116,249704,0,3792820,3792820
223.946,3543116,249704,0,3792820,3792820
223.996,3543116,249704,0,3792820,3792820
224.047,3543116,249704,0,3792820,3792820
224.097,3543116,249704,0,3792820,3792820
224.147,3543116,249704,0,3792820,3792820
224.197,3543116,249704,0,3792820,3792820
224.248,3543116,249704,0,3792820,3792820
224.298,3543116,249704,0,3792820,3792820
224.348,3543116,249704,0,3792820,3792820
224.398,3543116,249704,0,3792820,3792820
224.449,3543116,249704,0,3792820,3792820
224.499,3543116,249704,0,3792820,3792820
224.549,3543116,249704,0,3792820,3792820
224.599,3543116,249704,0,3792820,3792820
224.649,3543116,249704,0,3792820,3792820
224.700,3543116,249704,0,3792820,3792820
224.750,3543116,249704,0,3792820,3792820
224.800,3543116,249704,0,3792820,3792820
224.850,3543116,249704,0,3792820,3792820
224.901,3543116,249704,0,3792820,3792820
224.951,3543116,249704,0,3792820,3792820
225.001,3543116,249704,0,3792820,3792820
225.051,3543116,249704,0,3792820,3792820
225.102,3543116,249704,0,3792820,3792820
225.152,3543116,249704,0,3792820,3792820
225.202,3543116,249704,0,3792820,3792820
225.252,3543116,249704,0,3792820,3792820
225.302,3543116,249704,0,3792820,3792820
225.353,3543116,249704,0,3792820,3792820
225.403,3543116,249704,0,3792820,3792820
225.453,3543116,249704,0,3792820,3792820
225.503,3543116,249704,0,3792820,3792820
225.553,3543116,249704,0,3792820,3792820
225.604,3543116,249704,0,3792820,3792820
225.654,3543116,249704,0,3792820,3792820
225.704,3543116,249704,0,3792820,3792820
225.754,3543116,249704,0,3792820,3792820
225.805,3543116,249704,0,3792820,3792820
225.855,3543116,249704,0,3792820,3792820
225.905,3543116,249704,0,3792820,3792820
225.955,3543116,249704,0,3792820,3792820
226.005,3543116,249704,0,3792820,3792820
226.056,3543116,249704,0,3792820,3792820
226.106,3543116,249704,0,3792820,3792820
226.156,3543116,249704,0,3792820,3792820
226.206,3543116,249704,0,3792820,3792820
226.257,3543116,249704,0,3792820,3792820
226.307,3543116,249704,0,3792820,3792820
226.357,3543116,249704,0,3792820,3792820
226.407,3543116,249704,0,3792820,3792820
226.457,3543116,249704,0,3792820,3792820
226.508,3543116,249704,0,3792820,3792820
226.558,3543116,249704,0,3792820,3792820
226.608,3543116,249704,0,3792820,3792820
226.658,3543116,249704,0,3792820,3792820
226.709,3543116,249704,0,3792820,3792820
226.759,3543116,249704,0,3792820,3792820
226.809,3543116,249704,0,3792820,3792820
226.859,3543116,249704,0,3792820,3792820
226.909,3543116,249704,0,3792820,3792820
226.960,3543116,249704,0,3792820,3792820
227.010,3543116,249704,0,3792820,3792820
227.060,3543116,249704,0,3792820,3792820
227.111,3543116,249704,0,3792820,3792820
227.161,3543116,249704,0,3792820,3792820
227.211,3543116,249704,0,3792820,3792820
227.261,3543116,249704,0,3792820,3792820
227.312,3543116,249704,0,3792820,3792820
227.362,3543116,249704,0,3792820,3792820
227.412,3543116,249704,0,3792820,3792820
227.462,3543116,249704,0,3792820,3792820
227.513,3543116,249704,0,3792820,3792820
227.563,3543116,249704,0,3792820,3792820
227.613,3543116,249704,0,3792820,3792820
227.663,3543116,249704,0,3792820,3792820
227.713,3543116,249704,0,3792820,3792820
227.764,3543116,249704,0,3792820,3792820
227.814,3543116,249704,0,3792820,3792820
227.864,3543116,249704,0,3792820,3792820
227.914,3543116,249704,0,3792820,3792820
227.965,3543116,249704,0,3792820,3792820
228.015,3543116,249704,0,3792820,3792820
228.065,3543116,249704,0,3792820,3792820
228.115,3543116,249704,0,3792820,3792820
228.165,3543116,249704,0,3792820,3792820
228.216,3543116,249704,0,3792820,3792820
228.266,3543116,249704,0,3792820,3792820
228.316,3543116,249704,0,3792820,3792820
228.366,3543116,249704,0,3792820,3792820
228.417,3543116,249704,0,3792820,3792820
228.467,3543116,249704,0,3792820,3792820
228.517,3543116,249704,0,3792820,3792820
228.567,3543116,249704,0,3792820,3792820
228.617,3543116,249704,0,3792820,3792820
228.668,3543116,249704,0,3792820,3792820
228.718,3543116,249704,0,3792820,3792820
228.768,3543116,249704,0,3792820,3792820
228.818,3543116,249704,0,3792820,3792820
228.869,3543116,249704,0,3792820,3792820
228.919,3543116,249704,0,3792820,3792820
228.969,3543116,249704,0,3792820,3792820
229.019,3543116,249704,0,3792820,3792820
229.069,3543116,249704,0,3792820,3792820
229.120,3543116,249704,0,3792820,3792820
229.170,3543116,249704,0,3792820,3792820
229.220,3543116,249704,0,3792820,3792820
229.270,3543116,249704,0,3792820,3792820
229.321,3543116,249704,0,3792820,3792820
229.371,3543116,249704,0,3792820,3792820
229.421,3543116,249704,0,3792820,3792820
229.471,3543116,249704,0,3792820,3792820
229.521,3543116,249704,0,3792820,3792820
229.572,3543116,249704,0,3792820,3792820
229.622,3543116,249704,0,3792820,3792820
229.672,3543116,249704,0,3792820,3792820
229.722,3543116,249704,0,3792820,3792820
229.773,3543116,249704,0,3792820,3792820
229.823,3543116,249704,0,3792820,3792820
229.873,3543116,249704,0,3792820,3792820
229.923,3543116,249704,0,3792820,3792820
229.973,3543116,249704,0,3792820,3792820
230.024,3543116,249704,0,3792820,3792820
230.074,3543116,249704,0,3792820,3792820
230.124,3543116,249704,0,3792820,3792820
230.174,3543116,249704,0,3792820,3792820
230.225,3543116,249704,0,3792820,3792820
230.275,3543116,249704,0,3792820,3792820
230.325,3543116,249704,0,3792820,3792820
230.375,3543116,249704,0,3792820,3792820
230.426,3543116,249704,0,3792820,3792820
230.476,3543116,249704,0,3792820,3792820
230.526,3543116,249704,0,3792820,3792820
230.576,3543116,249704,0,3792820,3792820
230.626,3543116,249704,0,3792820,3792820
230.677,3543116,249704,0,3792820,3792820
230.727,3543116,249704,0,3792820,3792820
230.778,3543116,249704,0,3792820,3792820
230.828,3543116,249704,0,3792820,3792820
230.878,3543116,249704,0,3792820,3792820
230.928,3543116,249704,0,3792820,3792820
230.978,3543116,249704,0,3792820,3792820
231.029,3543116,249704,0,3792820,3792820
231.079,3543116,249704,0,3792820,3792820
231.129,3543116,249704,0,3792820,3792820
231.179,3543116,249704,0,3792820,3792820
231.230,3543116,249704,0,3792820,3792820
231.280,3543116,249704,0,3792820,3792820
231.330,3543116,249704,0,3792820,3792820
231.380,3543116,249704,0,3792820,3792820
231.431,3543116,249704,0,3792820,3792820
231.481,3543116,249704,0,3792820,3792820
231.531,3543116,249704,0,3792820,3792820
231.581,3543116,249704,0,3792820,3792820
231.632,3543116,249704,0,3792820,3792820
231.682,3543116,249704,0,3792820,3792820
231.732,3543116,249704,0,3792820,3792820
231.782,3576596,249704,0,3826300,3826300
231.833,3628588,249704,0,3878292,3878292
231.883,3681316,249704,0,3931020,3931020
231.933,3733420,249704,0,3983124,3983124
231.983,3785100,249704,0,4034804,4034804
232.033,3837076,249704,0,4086780,4086780
232.084,3889172,249704,0,4138876,4138876
232.134,3941204,249704,0,4190908,4190908
232.184,3991744,249704,0,4241448,4241448
232.234,4042980,249704,0,4292684,4292684
232.285,4096644,249704,0,4346348,4346348
232.335,4150000,249704,0,4399704,4399704
232.385,4202428,249704,0,4452132,4452132
232.435,4255772,249704,0,4505476,4505476
232.485,4309160,249704,0,4558864,4558864
232.536,4362764,249704,0,4612468,4612468
232.586,4417320,249704,0,4667024,4667024
232.636,4471912,249704,0,4721616,4721616
232.686,3806736,249704,0,4056440,4733056
232.736,3126800,249704,0,3376504,4733056
232.787,2680336,249704,0,2930040,4733056
232.837,2680336,249704,0,2930040,4733056
232.887,2680336,249704,0,2930040,4733056
232.937,2680336,249704,0,2930040,4733056
232.988,2680336,249704,0,2930040,4733056
233.038,2680336,249704,0,2930040,4733056
233.088,2680336,249704,0,2930040,4733056
233.138,2680336,249704,0,2930040,4733056
233.189,2680336,249704,0,2930040,4733056
233.239,2680336,249704,0,2930040,4733056
233.289,2680336,249704,0,2930040,4733056
233.339,2680336,249704,0,2930040,4733056
233.390,2680336,249704,0,2930040,4733056
233.440,2680336,249704,0,2930040,4733056
233.490,2680336,249704,0,2930040,4733056
233.540,2680336,249704,0,2930040,4733056
233.591,2680336,249704,0,2930040,4733056
233.641,2680336,249704,0,2930040,4733056
233.691,2680336,249704,0,2930040,4733056
233.741,2680336,249704,0,2930040,4733056
233.791,2680336,249704,0,2930040,4733056
233.842,2680336,249704,0,2930040,4733056
233.892,2215792,249704,0,2465496,4733056
233.942,1739428,249828,0,1989256,4733056
233.992,1700364,94652,0,1795016,4733056
234.045,1700364,94700,0,1795064,4733056
234.095,1700364,94700,0,1795064,4733056
234.145,1700364,94700,0,1795064,4733056
234.195,1700364,94700,0,1795064,4733056
234.246,1700364,94700,0,1795064,4733056
234.296,1700364,94700,0,1795064,4733056
234.346,1700364,94700,0,1795064,4733056
234.396,1700364,94700,0,1795064,4733056
234.446,1700364,94700,0,1795064,4733056
234.497,1700364,94700,0,1795064,4733056
234.547,1468092,15884,0,1483976,4733056
234.597,1201716,15884,0,1217600,4733056
234.647,1201716,15884,0,1217600,4733056
234.697,1131780,15884,0,1147664,4733056
